asset_a,asset_b,abs_return_corr,eg_coint_pvalue,spread_adf_pvalue,hedge_ratio,score
XOM,CVX,0.8360359547038159,0.00932272149825278,0.21834901638488857,0.6138084787876372,0.8123365087656764
