asset_a,asset_b,abs_return_corr,eg_coint_pvalue,po_proxy_pvalue,hedge_ratio,score
KO,PEP,0.9139210718506908,0.00795802579715873,0.0015896342488084115,1.0257184787909503,0.9119315654014012
