asset_a,asset_b,abs_return_corr,eg_coint_pvalue,spread_adf_pvalue,hedge_ratio,score
XOM,CVX,0.8360359547038161,0.009322721498256704,0.21834901638488824,0.6138084787876374,0.812336508765676
