date,asset_a_price,asset_b_price,alpha,hedge_ratio,spread,contemporaneous_zscore_for_outcomes,signal_zscore,abs_zscore,spread_change_lagged,spread_volatility,rolling_corr,spread_drawdown,half_life,deviation_persistence,regime_stress_proxy,asset_a,asset_b
2018-06-21,153.4988,104.8671,0.8832466681373552,0.8874740891498867,0.02130085868851861,2.319485864712409,2.305592335047438,2.305592335047438,0.011486083343942965,0.005194414425766303,0.6756793558526338,0.0,16.01589245146436,11.0,0.5765141007859454,CVX,XOM
2018-06-22,154.8643,105.5031,0.8832466681373552,0.8874740891498867,0.024791244844688975,2.2180304068712067,2.319485864712409,2.319485864712409,0.005525778881906085,0.005220924177051577,0.7076476085240682,0.0,18.48641011955479,12.0,0.35396634615384615,CVX,XOM
2018-06-25,155.5704,105.6325,0.8832466681373552,0.8874740891498867,0.02825253377814896,2.1312712528473416,2.2180304068712067,2.2180304068712067,0.0034903861561703664,0.004792764624598138,0.7029911245751412,0.0,21.602161201795976,13.0,0.289010989010989,CVX,XOM
2018-06-26,157.4675,106.4034,0.8832466681373552,0.8874740891498867,0.03392004270643145,2.1356906753992835,2.1312712528473416,2.1312712528473416,0.003461288933459983,0.004424772846848261,0.7039940026337128,0.0,24.040873877983223,14.0,0.1730989136649514,CVX,XOM
2018-06-27,157.8246,105.5125,0.8832466681373552,0.8874740891498867,0.043647217378970815,2.2567765776111335,2.1356906753992835,2.1356906753992835,0.005667508928282494,0.004437245933301036,0.7183211781469715,0.0,25.64603614409141,15.0,0.10085088575812526,CVX,XOM
2018-06-28,156.1142,105.4663,0.8832466681373552,0.8874740891498867,0.03313939529443122,1.6667611332933958,2.2567765776111335,2.2567765776111335,0.009727174672539363,0.004509029953536344,0.7067756689699674,0.0,37.711248546346575,16.0,0.16230936819172115,CVX,XOM
2018-06-29,155.7874,105.0876,0.8832466681373552,0.8874740891498867,0.034236268148595705,1.5724000515668093,1.6667611332933958,1.6667611332933958,-0.010507822084539598,0.005183611008450955,0.6912890887280558,-0.010507822084539598,25.28347620952727,17.0,0.5051854806541684,CVX,XOM
2018-07-02,152.7554,104.5406,0.8832466681373552,0.8874740891498867,0.019213488106204935,0.9324196747726547,1.5724000515668093,1.5724000515668093,0.0010968728541644879,0.005078006271196939,0.68823576119532,-0.00941094923037511,24.149708403601306,18.0,0.46818181818181814,CVX,XOM
2018-07-03,151.8802,103.5296,0.8832466681373552,0.8874740891498867,0.02209202029471502,0.9786581247100187,0.9324196747726547,0.9324196747726547,-0.015022780042390771,0.006028560744508679,0.6756530166563739,-0.02443372927276588,17.73533605113012,0.0,0.7859408704479127,CVX,XOM
2018-07-04,152.5119,103.7987,0.8832466681373552,0.8874740891498867,0.023938813738391573,0.9932459549067529,0.9786581247100187,0.9786581247100187,0.0028785321885100856,0.006027946599967795,0.6761949790581482,-0.021555197084255795,19.38968915470071,0.0,0.7703373015873016,CVX,XOM
2018-07-05,152.2532,104.0382,0.8832466681373552,0.8874740891498867,0.02019575721509348,0.7894319353975388,0.9932459549067529,0.9932459549067529,0.0018467934436765532,0.006027440510501993,0.6798703577990549,-0.019708403640579242,19.09682635297555,0.0,0.7482725178809553,CVX,XOM
2018-07-06,148.3988,102.8508,0.8832466681373552,0.8874740891498867,0.0047411659996274835,0.08803329642539692,0.7894319353975388,0.7894319353975388,-0.003743056523298094,0.006127808311366937,0.6770191474050263,-0.023451460163877336,18.831555768332503,0.0,0.7956377430061641,CVX,XOM
2018-07-09,148.0045,102.621,0.8832466681373552,0.8874740891498867,0.004065706057360785,-0.00014006590627598469,0.08803329642539692,0.08803329642539692,-0.015454591215465996,0.00716778615285231,0.6953725445175718,-0.03890605137934333,16.00546403256333,0.0,0.6933333333333334,CVX,XOM
2018-07-10,148.5257,102.912,0.8832466681373552,0.8874740891498867,0.0050680061975167945,-0.009739362506417586,-0.00014006590627598469,0.00014006590627598469,-0.0006754599422666985,0.007174501074506893,0.7005590585290513,-0.03958151132161003,15.511187872239704,0.0,0.6710526315789473,CVX,XOM
2018-07-11,149.02,103.3378,0.8832466681373552,0.8874740891498867,0.004726161700888021,-0.09164792799507657,-0.009739362506417586,0.009739362506417586,0.0010023001401560094,0.0071395811290914084,0.7021841953871686,-0.03857921118145402,16.0400713843022,0.0,0.6408036408036408,CVX,XOM
2018-07-12,150.3272,104.634,0.8832466681373552,0.8874740891498867,0.0023972461110997045,-0.3065721767612846,-0.09164792799507657,0.09164792799507657,-0.0003418444966287737,0.006891049507006455,0.6981241304654904,-0.038921055678082794,15.777478532058826,0.0,0.6795958279009127,CVX,XOM
2018-07-13,152.0924,106.3972,0.8832466681373552,0.8874740891498867,-0.0007591006000948752,-0.5781862887781908,-0.3065721767612846,0.3065721767612846,-0.0023289155897883163,0.0068991468291252946,0.7094945895664054,-0.04124997126787111,14.529057769122263,0.0,0.5506860972236995,CVX,XOM
2018-07-16,152.1899,106.4956,0.8832466681373552,0.8874740891498867,-0.000938637325799796,-0.642796983574847,-0.5781862887781908,0.5781862887781908,-0.0031563467111945798,0.006935661887826924,0.7194212827533597,-0.04440631797906569,15.024424339397578,0.0,0.525,CVX,XOM
2018-07-17,150.9525,106.0446,0.8832466681373552,0.8874740891498867,-0.005336143073765953,-0.9564270128833784,-0.642796983574847,0.642796983574847,-0.00017953672570492074,0.006929723983104443,0.7152213236542149,-0.04458585470477061,14.030963019312043,0.0,0.5328537904295481,CVX,XOM
2018-07-18,149.2156,104.3481,0.8832466681373552,0.8874740891498867,-0.002596529040026496,-0.8160872826180159,-0.9564270128833784,0.9564270128833784,-0.004397505747966157,0.0068808476258774105,0.7164160763155255,-0.04898336045273677,14.318813406625708,0.0,0.5200919632147142,CVX,XOM
2018-07-19,148.9543,104.2041,0.8832466681373552,0.8874740891498867,-0.00312366463936975,-0.8901498808509103,-0.8160872826180159,0.8160872826180159,0.002739614033739457,0.0063649549112888915,0.7240771266685557,-0.04624374641899731,12.838387742621203,0.0,0.4976001567244588,CVX,XOM
2018-07-20,146.716,103.512,0.8832466681373552,0.8874740891498867,-0.012350403427846324,-1.5070686206763881,-0.8901498808509103,0.8901498808509103,-0.0005271355993432536,0.0061929177038539535,0.7249086489558704,-0.046770882018340565,13.542080150441812,0.0,0.48540706605222733,CVX,XOM
2018-07-23,146.0113,102.8699,0.8832466681373552,0.8874740891498867,-0.011642856344045605,-1.4537997463404875,-1.5070686206763881,1.5070686206763881,-0.009226738788476574,0.006327903570912877,0.7196010050852655,-0.05599762080681714,13.804559633599862,1.0,0.5030588235294118,CVX,XOM
2018-07-24,145.5164,102.262,0.8832466681373552,0.8874740891498867,-0.009778075515582962,-1.3126543368318988,-1.4537997463404875,1.4537997463404875,0.0007075470838007192,0.0062400335256321835,0.7192972781446592,-0.05529007372301642,12.497247263499597,2.0,0.5105204872646734,CVX,XOM
2018-07-25,146.555,102.1356,0.8832466681373552,0.8874740891498867,-0.0015684532835074094,-0.7569420936546039,-1.3126543368318988,1.3126543368318988,0.0018647808284626421,0.006058972474558536,0.7218892096533639,-0.05342529289455378,11.020898523246617,3.0,0.46329984613992214,CVX,XOM
2018-07-26,148.2258,102.8505,0.8832466681373552,0.8874740891498867,0.003577296960980192,-0.4269881463322685,-0.7569420936546039,0.7569420936546039,0.008209622232075553,0.0059171629695607955,0.7161929130963673,-0.045215670662478225,9.970513204082803,0.0,0.45454545454545453,CVX,XOM
2018-07-27,148.2937,103.4077,0.8832466681373552,0.8874740891498867,-0.0007597010307787144,-0.7110476952479119,-0.4269881463322685,0.4269881463322685,0.005145750244487601,0.005808819731942927,0.7247966459908807,-0.04006992041799062,10.654683323755437,0.0,0.3902970124553611,CVX,XOM
2018-07-30,149.4302,103.4743,0.8832466681373552,0.8874740891498867,0.00630353032941855,-0.2618037231399345,-0.7110476952479119,0.7110476952479119,-0.004336997991758906,0.005809105546640347,0.7271883005609089,-0.04440691840974953,10.03815989931004,0.0,0.3854700854700855,CVX,XOM
2018-07-31,147.7344,103.0484,0.8832466681373552,0.8874740891498867,-0.0014494171765520036,-0.7607215920181747,-0.2618037231399345,0.2618037231399345,0.007063231360197264,0.0052536749258782585,0.724550705899042,-0.037343687049552265,9.92311813970514,0.0,0.2958644409026088,CVX,XOM
2018-08-01,145.6793,101.5825,0.8832466681373552,0.8874740891498867,-0.00274256471876555,-0.7985748299323319,-0.7607215920181747,0.7607215920181747,-0.007752947505970553,0.005405865511577801,0.7239438997820276,-0.04509663455552282,10.141201795099196,0.0,0.33843873517786566,CVX,XOM
2018-08-02,145.6268,101.1667,0.8832466681373552,0.8874740891498867,0.0005370755005804639,-0.5407551003619523,-0.7985748299323319,0.7985748299323319,-0.0012931475422135463,0.005361177059282919,0.7347818052507445,-0.046389782097736365,9.553993600217044,0.0,0.2975584121594308,CVX,XOM
2018-08-03,146.8283,101.2904,0.8832466681373552,0.8874740891498867,0.007669285455335739,-0.03276932045159302,-0.5407551003619523,0.5407551003619523,0.003279640219346014,0.005421538372696686,0.7336953362531613,-0.04311014187839035,9.82538809015665,0.0,0.31922832645284216,CVX,XOM
2018-08-06,149.387,102.1648,0.8832466681373552,0.8874740891498867,0.01731732863622426,0.6578733918096722,-0.03276932045159302,0.03276932045159302,0.007132209954755275,0.004575915700131972,0.7303287540024287,-0.035977931923635076,10.693991059035051,0.0,0.11832358674463939,CVX,XOM
2018-08-07,150.6612,102.4894,0.8832466681373552,0.8874740891498867,0.022995451679464374,1.1163403025046708,0.6578733918096722,0.6578733918096722,0.009648043180888521,0.005015261708573545,0.7475460718878528,-0.026329888742746554,12.514395910112862,0.0,0.18995098039215688,CVX,XOM
2018-08-08,151.4468,103.2363,0.8832466681373552,0.8874740891498867,0.021752164016129782,1.201262653961927,1.1163403025046708,1.1163403025046708,0.005678123043240113,0.005133245005871629,0.7439065206736414,-0.02065176569950644,12.82677012665873,1.0,0.23745202799307696,CVX,XOM
2018-08-09,151.083,102.7992,0.8832466681373552,0.8874740891498867,0.023112631579854437,1.4024914409026459,1.201262653961927,1.201262653961927,-0.0012432876633345913,0.005147855959977534,0.7432204898761479,-0.021895053362841033,13.221446180834956,2.0,0.24438036083998818,CVX,XOM
2018-08-10,149.9934,102.0534,0.8832466681373552,0.8874740891498867,0.02233659296894519,1.463730287077607,1.4024914409026459,1.4024914409026459,0.0013604675637246544,0.005096436607312448,0.7461448193493965,-0.02053458579911638,14.139690501232717,3.0,0.22309425187123028,CVX,XOM
2018-08-13,148.5724,101.5598,0.8832466681373552,0.8874740891498867,0.017120526839838668,1.0104949887868684,1.463730287077607,1.463730287077607,-0.0007760386109092465,0.005024434495023526,0.7464965859851651,-0.021310624410025625,14.860654651941983,4.0,0.19285714285714284,CVX,XOM
2018-08-14,147.4641,100.9497,0.8832466681373552,0.8874740891498867,0.014980300951257242,0.8605103124024095,1.0104949887868684,1.0104949887868684,-0.0052160661291065225,0.005207868253309878,0.7513965204824263,-0.026526690539132147,13.3165171501532,5.0,0.2595323362123446,CVX,XOM
2018-08-15,150.697,102.3637,0.8832466681373552,0.8874740891498867,0.024322169555730966,1.7183474109015209,0.8605103124024095,0.8605103124024095,-0.0021402258885814263,0.005115413573477687,0.756532005912459,-0.028666916427713574,13.957589373085835,0.0,0.21893123446561724,CVX,XOM
2018-08-16,150.6263,102.113,0.8832466681373552,0.8874740891498867,0.0260290940879786,1.8067017548567132,1.7183474109015209,1.7183474109015209,0.009341868604473724,0.005419968739349048,0.780588540969775,-0.01932504782323985,16.465104214338268,1.0,0.302057166134836,CVX,XOM
2018-08-17,152.7622,102.6528,0.8832466681373552,0.8874740891498867,0.0354305251000957,2.31052388629871,1.8067017548567132,1.8067017548567132,0.0017069245322476334,0.005403210118822072,0.7797141482477037,-0.017618123290992216,17.453922054212917,2.0,0.3012820512820513,CVX,XOM
2018-08-20,151.2057,102.3345,0.8832466681373552,0.8874740891498867,0.027945327309682355,1.5702586410929256,2.31052388629871,2.31052388629871,0.0094014310121171,0.005076864675608253,0.796056344648814,-0.008216692278875115,22.368092627297727,3.0,0.180623973727422,CVX,XOM
2018-08-21,152.1604,103.3485,0.8832466681373552,0.8874740891498867,0.02548897639944414,1.2894255651263193,1.5702586410929256,1.5702586410929256,-0.007485197790413345,0.005508213431204995,0.7943729999698074,-0.01570189006928846,18.274689140318376,4.0,0.32792711294908244,CVX,XOM
2018-08-22,152.5855,103.562,0.8832466681373552,0.8874740891498867,0.026447367684800938,1.2717514975368356,1.2894255651263193,1.2894255651263193,-0.002456350910238214,0.005592573303236053,0.795398991945278,-0.018158240979526674,17.901291755823436,5.0,0.3426791277258567,CVX,XOM
2018-08-23,152.3924,103.1786,0.8832466681373552,0.8874740891498867,0.028472687620396897,1.320535265768552,1.2717514975368356,1.2717514975368356,0.0009583912853567966,0.005394451204785693,0.7960399573929455,-0.017199849694169878,18.42100466976499,6.0,0.2964214214214214,CVX,XOM
2018-08-24,152.8898,103.7374,0.8832466681373552,0.8874740891498867,0.026937855380226416,1.1311122547639978,1.320535265768552,1.320535265768552,0.0020253199355959595,0.00532860459548896,0.8013206035747059,-0.015174529758573918,20.012700265299653,7.0,0.27304353180222896,CVX,XOM
2018-08-27,152.6668,103.3039,0.8832466681373552,0.8874740891498867,0.02919458932058916,1.2030005230244432,1.1311122547639978,1.1311122547639978,-0.0015348322401704806,0.0052156398906245205,0.8101842394483523,-0.0167093619987444,20.126905636449415,8.0,0.24454545454545454,CVX,XOM
2018-08-28,153.6839,103.7426,0.8832466681373552,0.8874740891498867,0.032073865567729065,1.309705812739961,1.2030005230244432,1.2030005230244432,0.002256733940362743,0.005056774182586979,0.816123627289451,-0.014452628058381656,21.54772749238379,9.0,0.16675616013364358,CVX,XOM
2018-08-29,151.796,103.3379,0.8832466681373552,0.8874740891498867,0.023182291920169185,0.6441279707724373,1.309705812739961,1.309705812739961,0.002879276247139906,0.004634710585030014,0.8168373449033955,-0.01157335181124175,23.12383180652773,10.0,0.09328007518796992,CVX,XOM
2018-08-30,151.6829,102.9898,0.8832466681373552,0.8874740891498867,0.02543149223472696,0.7467471181327681,0.6441279707724373,0.6441279707724373,-0.00889157364755988,0.005145795906436721,0.8146015289065937,-0.02046492545880163,18.534246858197474,0.0,0.2256926369367806,CVX,XOM
2018-08-31,150.3439,101.6417,0.8832466681373552,0.8874740891498867,0.028258092214904273,0.900360127214014,0.7467471181327681,0.7467471181327681,0.0022492003145577755,0.005130816127388855,0.8071522980692054,-0.018215725144243855,19.954324500386964,0.0,0.22647527910685805,CVX,XOM
2018-09-03,150.8069,101.9634,0.8832466681373552,0.8874740891498867,0.02852851127711542,0.8787400376335552,0.900360127214014,0.900360127214014,0.0028265999801773134,0.00496698289864292,0.807969729923982,-0.015389125164066542,20.45155953118187,0.0,0.16044880785413745,CVX,XOM
2018-09-04,149.9574,102.4905,0.8832466681373552,0.8874740891498867,0.01830357307395669,-0.023958296008025997,0.8787400376335552,0.8787400376335552,0.00027041906221114687,0.004556957257512483,0.8066617191932538,-0.015118706101855395,20.582723374584052,0.0,0.09427497789566755,CVX,XOM
2018-09-05,149.5643,102.4675,0.8832466681373552,0.8874740891498867,0.0158779013479311,-0.30693675944141596,-0.023958296008025997,0.023958296008025997,-0.010224938203158729,0.004963916364465079,0.7917256738303841,-0.025343644305014124,16.883246155191756,0.0,0.1956829440905874,CVX,XOM
2018-09-06,150.0722,102.6887,0.8832466681373552,0.8874740891498867,0.01735425734517726,-0.2197347277142711,-0.30693675944141596,0.30693675944141596,-0.002425671726025591,0.004982583520245373,0.7927779084361152,-0.027769316031039715,15.630023349780764,0.0,0.20381892297790172,CVX,XOM
2018-09-07,148.9627,102.4665,0.8832466681373552,0.8874740891498867,0.011856100757428933,-0.8443182523993072,-0.2197347277142711,0.2197347277142711,0.0014763559972461593,0.00498457084494991,0.7923416389589041,-0.026292960033793555,17.05389639525296,0.0,0.20976692563817978,CVX,XOM
2018-09-10,150.5241,103.1555,0.8832466681373552,0.8874740891498867,0.016335831807135825,-0.43026357059160353,-0.8443182523993072,0.8443182523993072,-0.005498156587748326,0.005112300499510072,0.7911541556263563,-0.03179111662154188,17.40328235875776,0.0,0.27291666666666664,CVX,XOM
2018-09-11,151.2478,103.3718,0.8832466681373552,0.8874740891498867,0.01927324096939209,-0.21124281875961623,-0.43026357059160353,0.43026357059160353,0.004479731049706892,0.005104087679964852,0.7917204265107125,-0.02731138557183499,18.582151560074333,0.0,0.2710846465787177,CVX,XOM
2018-09-12,150.9613,103.2095,0.8832466681373552,0.8874740891498867,0.018771685376924196,-0.41538250776234487,-0.21124281875961623,0.21124281875961623,0.002937409162256266,0.005119528040954971,0.7915079489653947,-0.024373976409578724,18.93450779812216,0.0,0.2826350941105039,CVX,XOM
2018-09-13,151.4786,103.6683,0.8832466681373552,0.8874740891498867,0.018256163678136872,-0.67242028054851,-0.41538250776234487,0.41538250776234487,-0.0005015555924678949,0.004672009574051485,0.8043678373602601,-0.02487553200204662,18.304411789294104,0.0,0.12761234974312935,CVX,XOM
2018-09-14,151.8662,103.9397,0.8832466681373552,0.8874740891498867,0.01849133255585933,-0.7664731904842605,-0.67242028054851,0.67242028054851,-0.0005155216987873246,0.004649866190745996,0.7940342043771874,-0.025391053700833943,20.127122927260128,0.0,0.14791502753737215,CVX,XOM
2018-09-17,152.8844,104.7567,0.8832466681373552,0.8874740891498867,0.018224979852403678,-0.8241842193643346,-0.7664731904842605,0.7664731904842605,0.0002351688777224581,0.004079017169108155,0.7910900833087265,-0.025155884823111485,20.19310098032617,0.0,0.0930909090909091,CVX,XOM
2018-09-18,152.2732,105.1151,0.8832466681373552,0.8874740891498867,0.011188077276085728,-1.9009286514605226,-0.8241842193643346,0.8241842193643346,-0.0002663527034556523,0.0037843951536978525,0.7935276584023928,-0.025422237526567137,19.75162126888868,0.0,0.0625358577165806,CVX,XOM
2018-09-19,150.4497,104.1221,0.8832466681373552,0.8874740891498867,0.0075642404868645485,-2.220415917734628,-1.9009286514605226,1.9009286514605226,-0.007036902576317949,0.004027503839903107,0.7817913755696799,-0.03245914010288509,19.189019506096642,1.0,0.09653920505445802,CVX,XOM
2018-09-20,148.8336,102.9924,0.8832466681373552,0.8874740891498867,0.00644583387817832,-2.1221981033485413,-2.220415917734628,2.220415917734628,-0.00362383678922118,0.00405602381634959,0.8057494606216974,-0.02786628461323115,18.8811494702552,2.0,0.046130952380952384,CVX,XOM
2018-09-21,150.9934,103.8134,0.8832466681373552,0.8874740891498867,0.01380663977691654,-1.01455465235844,-2.1221981033485413,2.1221981033485413,-0.0011184066086862288,0.003998405975050247,0.8183727711193618,-0.02898469122191738,19.02527353966163,3.0,0.00979312875556167,CVX,XOM
2018-09-24,153.9961,105.6295,0.8832466681373552,0.8874740891498867,0.01810665384314003,-0.41805846062188223,-1.01455465235844,1.01455465235844,0.007360805898738221,0.004400047916942536,0.823440988682733,-0.02162388532317916,19.09382813125865,4.0,0.04502262443438914,CVX,XOM
2018-09-25,154.8412,105.5214,0.8832466681373552,0.8874740891498867,0.02448814774013819,0.4370561852775871,-0.41805846062188223,0.41805846062188223,0.00430001406622349,0.004489320838519833,0.8470424131331721,-0.01732387125695567,19.37373983346382,0.0,0.06814427927324673,CVX,XOM
2018-09-26,153.3712,105.3776,0.8832466681373552,0.8874740891498867,0.016159435093908492,-0.7003382339813787,0.4370561852775871,0.4370561852775871,0.006381493896998158,0.004683925834079044,0.8442847394633556,-0.010942377359957511,21.44448641518319,0.0,0.12385482734319944,CVX,XOM
2018-09-27,154.9334,106.7547,0.8832466681373552,0.8874740891498867,0.014771056195074905,-0.8396695002500414,-0.7003382339813787,0.7003382339813787,-0.008328712646229697,0.0046341219591440955,0.8397495791490704,-0.019271090006187208,18.87625759001084,0.0,0.11243426485288366,CVX,XOM
2018-09-28,155.2269,105.91,0.8832466681373552,0.8874740891498867,0.02371372278796624,0.5062345222114492,-0.8396695002500414,0.8396695002500414,-0.0013883788988335866,0.004599751089072549,0.8432354587013148,-0.020659468905020795,19.69642183746427,0.0,0.10602161605764282,CVX,XOM
2018-10-01,153.4654,105.2022,0.8832466681373552,0.8874740891498867,0.018251865522417532,-0.27657835907486517,0.5062345222114492,0.5062345222114492,0.008942666592891335,0.0049989273855773775,0.8284599198119117,-0.01171680231212946,20.38356563609734,0.0,0.1928042328042328,CVX,XOM
2018-10-02,153.4075,105.6699,0.8832466681373552,0.8874740891498867,0.013937789594277383,-0.8825575753384485,-0.27657835907486517,0.27657835907486517,-0.0054618572655487085,0.005124921222426627,0.8309179402344801,-0.017178659577678168,19.07177003094354,0.0,0.2570187165775401,CVX,XOM
2018-10-03,152.8757,105.5173,0.8832466681373552,0.8874740891498867,0.011747728216217723,-1.140734920006024,-0.8825575753384485,0.8825575753384485,-0.004314075928140149,0.004710019690541248,0.8273629882236081,-0.021492735505818317,19.790967477584825,0.0,0.14984123056620893,CVX,XOM
2018-10-04,154.1178,105.3672,0.8832466681373552,0.8874740891498867,0.021103144848308553,0.347270397384475,-1.140734920006024,1.140734920006024,-0.00219006137805966,0.004704775669400347,0.8271984985273687,-0.023682796883877977,19.250377644784542,1.0,0.1497720241003094,CVX,XOM
2018-10-05,153.9746,105.7399,0.8832466681373552,0.8874740891498867,0.017039959853724973,-0.2538553736455587,0.347270397384475,0.347270397384475,0.00935541663209083,0.00513903047250338,0.8173007975546289,-0.014327380251787147,20.224839995658787,0.0,0.29096499336843373,CVX,XOM
2018-10-08,154.7197,106.0504,0.8832466681373552,0.8874740891498867,0.019265193699239624,0.17361406744397578,-0.2538553736455587,0.2538553736455587,-0.00406318499458358,0.005068685818346899,0.8128585016028127,-0.018390565246370727,19.834044689716745,0.0,0.2563492063492063,CVX,XOM
2018-10-09,155.9257,106.7807,0.8832466681373552,0.8874740891498867,0.02093920366603097,0.5843576517799622,0.17361406744397578,0.17361406744397578,0.0022252338455146514,0.004998148435138268,0.8136117799789059,-0.016165331400856076,20.243675317303005,0.0,0.22722463853297284,CVX,XOM
2018-10-10,154.5315,106.9584,0.8832466681373552,0.8874740891498867,0.010481881041925156,-1.320798844254943,0.5843576517799622,0.5843576517799622,0.0016740099667913455,0.004970382172656988,0.8150532215140258,-0.01449132143406473,20.52462460454885,0.0,0.21687819223030488,CVX,XOM
2018-10-11,154.8225,107.2262,0.8832466681373552,0.8874740891498867,0.010143961166895643,-1.3020932113202723,-1.320798844254943,1.320798844254943,-0.010457322624105814,0.00547677252625727,0.7989166498415785,-0.024948644058170544,18.369840451911053,1.0,0.4316748824945546,CVX,XOM
2018-10-12,152.0056,105.5832,0.8832466681373552,0.8874740891498867,0.005485825632901786,-2.064334736344303,-1.3020932113202723,1.3020932113202723,-0.00033791987502951315,0.005476745496295255,0.7986133997322964,-0.025286563933200057,18.32766411833939,2.0,0.4326690821256039,CVX,XOM
2018-10-15,152.8745,105.867,0.8832466681373552,0.8874740891498867,0.00880352084222391,-1.3971791034214294,-2.064334736344303,2.064334736344303,-0.004658135533993857,0.005551445657839176,0.8130087829973273,-0.029944699467193914,18.047702895228266,3.0,0.41267474370922647,CVX,XOM
2018-10-16,153.4998,105.4191,0.8832466681373552,0.8874740891498867,0.01664813446831559,0.24250024880803941,-1.3971791034214294,1.3971791034214294,0.0033176952093221246,0.00561838990103161,0.8121626426565385,-0.02662700425787179,17.336086010327364,4.0,0.43872440712917954,CVX,XOM
2018-10-17,151.3534,104.186,0.8832466681373552,0.8874740891498867,0.013008453062931302,-0.4940068343887147,0.24250024880803941,0.24250024880803941,0.007844613626091679,0.0056846004694316755,0.8032971586525619,-0.01878239063178011,18.543476014046668,0.0,0.4681145185346866,CVX,XOM
2018-10-18,150.5228,103.8606,0.8832466681373552,0.8874740891498867,0.010281671282919902,-0.9963902860150318,-0.4940068343887147,0.4940068343887147,-0.0036396814053842874,0.00568514457290883,0.8199902372919919,-0.022422072037164398,17.609682670737218,0.0,0.4167625071880391,CVX,XOM
2018-10-19,152.0405,103.6539,0.8832466681373552,0.8874740891498867,0.02208201831910994,1.3169782405246988,-0.9963902860150318,0.9963902860150318,-0.0027267817800114003,0.0057155409714647,0.817474367927547,-0.025148853817175798,16.45260183677508,0.0,0.42386633997372253,CVX,XOM
2018-10-22,151.8158,103.9952,0.8832466681373552,0.8874740891498867,0.017685654145584095,0.4279915406516674,1.3169782405246988,1.3169782405246988,0.01180034703619004,0.006065173066592592,0.8068355186695205,-0.013348506780985758,16.397830279614393,1.0,0.5280701754385965,CVX,XOM
2018-10-23,150.2176,103.6841,0.8832466681373552,0.8874740891498867,0.009761463507185653,-1.0769728553345561,0.4279915406516674,0.4279915406516674,-0.004396364173525846,0.006082678751974774,0.806811832339313,-0.017744870954511605,15.00596367705854,0.0,0.5311188932422592,CVX,XOM
2018-10-24,151.3866,103.8379,0.8832466681373552,0.8874740891498867,0.016197922851435287,0.2110667440225456,-1.0769728553345561,1.0769728553345561,-0.007924190638398443,0.006128678689257486,0.8052122906025333,-0.025669061592910047,14.031133986550758,1.0,0.5511239035087719,CVX,XOM
2018-10-25,150.5117,103.3441,0.8832466681373552,0.8874740891498867,0.01463235530303919,-0.07661224998676236,0.2110667440225456,0.2110667440225456,0.006436459344249634,0.006058540630504056,0.7925447078675842,-0.019232602248660413,12.955050903794188,0.0,0.5724880625825459,CVX,XOM
2018-10-26,150.7019,103.4144,0.8832466681373552,0.8874740891498867,0.015291746137605422,0.07729771197711159,-0.07661224998676236,0.07661224998676236,-0.0015655675483960962,0.006060696368321613,0.7965287954039885,-0.02079816979705651,12.944879816958942,0.0,0.5517806935332709,CVX,XOM
2018-10-29,152.9648,103.9003,0.8832466681373552,0.8874740891498867,0.026035767066710847,2.044127290497015,0.07729771197711159,0.07729771197711159,0.0006593908345662314,0.005707708810121372,0.7999881615088791,-0.020138778962490278,13.985272568246694,0.0,0.4782464846980976,CVX,XOM
2018-10-30,151.9937,104.1081,0.8832466681373552,0.8874740891498867,0.017893839643288167,0.4732995345282495,2.044127290497015,2.044127290497015,0.010744020929105424,0.00607321136850583,0.7915144854014241,-0.009394758033384853,14.334693739427827,1.0,0.5951726844583988,CVX,XOM
2018-10-31,152.9842,105.0054,0.8832466681373552,0.8874740891498867,0.01677311690199801,0.21114405788047413,0.4732995345282495,0.4732995345282495,-0.008141927423422679,0.006275366910183587,0.7836599701421831,-0.017536685456807533,12.235593966298758,0.0,0.6351482427495231,CVX,XOM
2018-11-01,151.6566,104.8251,0.8832466681373552,0.8874740891498867,0.009582374452585363,-1.2637115306292734,0.21114405788047413,0.21114405788047413,-0.0011207227412901588,0.006259329188495656,0.784440576796269,-0.01865740819809769,11.33887336854871,0.0,0.6317286791970336,CVX,XOM
2018-11-02,151.4196,104.5361,0.8832466681373552,0.8874740891498867,0.010468532377695183,-1.0439551575205417,-1.2637115306292734,1.2637115306292734,-0.007190742449412646,0.006092591047573547,0.782632461739063,-0.025848150647510337,10.906024160555026,1.0,0.6095098132170286,CVX,XOM
2018-11-05,150.7511,104.4216,0.8832466681373552,0.8874740891498867,0.0070164705775219716,-1.5921077764361902,-1.0439551575205417,1.0439551575205417,0.0008861579251098206,0.006046264721294483,0.7794050101477898,-0.024961992722400517,9.374237047684439,2.0,0.60375,CVX,XOM
2018-11-06,149.7217,104.3628,0.8832466681373552,0.8874740891498867,0.0006644547368548359,-2.4920365524191452,-1.5921077764361902,1.5921077764361902,-0.0034520618001732117,0.006052970463550964,0.776353116684841,-0.02841405452257373,8.372840375971737,3.0,0.6061153858038998,CVX,XOM
2018-11-07,150.5487,104.5758,0.8832466681373552,0.8874740891498867,0.004363386436859962,-1.6721594539574367,-2.4920365524191452,2.4920365524191452,-0.006352015840667136,0.006153304450545842,0.7705003974119696,-0.034766070363240864,7.114294329418306,4.0,0.6406307297396406,CVX,XOM
2018-11-08,149.3111,103.7259,0.8832466681373552,0.8874740891498867,0.003350891696251246,-1.6906112138774068,-1.6721594539574367,1.6721594539574367,0.003698931700005126,0.005832114050129073,0.7480821585827927,-0.031067138663235738,6.7104619023251,5.0,0.5866904409320317,CVX,XOM
2018-11-09,148.2191,103.6429,0.8832466681373552,0.8874740891498867,-0.0032791440825432616,-2.448281138661746,-1.6906112138774068,1.6906112138774068,-0.001012494740608716,0.005834151826966966,0.7540364925572376,-0.032079633403844454,7.5898931640775995,6.0,0.5799258727881397,CVX,XOM
2018-11-12,147.0222,103.4154,0.8832466681373552,0.8874740891498867,-0.00943695314596038,-2.8017798360723916,-2.448281138661746,2.448281138661746,-0.0066300357787945075,0.005922295811225135,0.7511115549558254,-0.03535300965027233,6.716534728396224,7.0,0.5926829268292684,CVX,XOM
2018-11-13,149.7401,105.2265,0.8832466681373552,0.8874740891498867,-0.006527112737281016,-2.141209048351815,-2.8017798360723916,2.8017798360723916,-0.006157809063417119,0.005981591571699754,0.7508510592281509,-0.041510818713689446,7.019201622674456,8.0,0.604719850274886,CVX,XOM
2018-11-14,149.47,105.9096,0.8832466681373552,0.8874740891498867,-0.014075139075671927,-2.585108009297502,-2.141209048351815,2.141209048351815,0.002909840408679365,0.005710950460683258,0.773482818347335,-0.03860097830501008,6.334303936274327,9.0,0.5322977233937921,CVX,XOM
2018-11-15,149.1112,105.4659,0.8832466681373552,0.8874740891498867,-0.01275269318566874,-2.1763342680446436,-2.585108009297502,2.585108009297502,-0.007548026338390912,0.005857487004490169,0.7639346402213121,-0.04614900464340099,5.756927680406438,10.0,0.5697115384615384,CVX,XOM
2018-11-16,149.8777,105.2438,0.8832466681373552,0.8874740891498867,-0.00575450435184699,-1.3766355377840234,-2.1763342680446436,2.1763342680446436,0.0013224458900031877,0.005876493662229757,0.7647571138842416,-0.044826558753397805,6.165278456045365,11.0,0.5691656521616035,CVX,XOM
2018-11-19,149.0906,104.3059,0.8832466681373552,0.8874740891498867,-0.003075613173277425,-1.0457797231453083,-1.3766355377840234,1.3766355377840234,0.00699818883382175,0.005422985845578487,0.7561820188878245,-0.037828369919576055,6.772252547197078,12.0,0.49229691876750703,CVX,XOM
2018-11-20,148.0006,103.8559,0.8832466681373552,0.8874740891498867,-0.0065764068966647216,-1.2939282749448129,-1.0457797231453083,1.0457797231453083,0.0026788911785695646,0.005446173144114692,0.7567899289961151,-0.03514947874100649,6.721496498700319,13.0,0.49156065519248354,CVX,XOM
2018-11-21,148.4391,104.0079,0.8832466681373552,0.8874740891498867,-0.004915889227486758,-1.065118001313337,-1.2939282749448129,1.2939282749448129,-0.0035007937233872966,0.005248256893012953,0.7570121651180722,-0.03510491817378014,6.939581798919253,14.0,0.44657744624835455,CVX,XOM
2018-11-22,148.5299,104.7304,0.8832466681373552,0.8874740891498867,-0.010447980252918043,-1.4696856285910693,-1.065118001313337,1.065118001313337,0.0016605176691779633,0.0050163231842759205,0.7578745185612324,-0.03344440050460218,6.7112385527065594,15.0,0.3550706939129963,CVX,XOM
2018-11-23,148.0574,104.2792,0.8832466681373552,0.8874740891498867,-0.009802548818225176,-1.3224002577249256,-1.4696856285910693,1.4696856285910693,-0.005532091025431285,0.005110095334689851,0.7544733586537429,-0.038976491530033464,6.933296409618946,16.0,0.4049575679449995,CVX,XOM
2018-11-26,147.4571,103.9875,0.8832466681373552,0.8874740891498867,-0.01137929102132862,-1.3595113788093771,-1.3224002577249256,1.3224002577249256,0.0006454314346928669,0.005109834888086006,0.7525448238397967,-0.0383310600953406,6.964950509902271,17.0,0.4085714285714286,CVX,XOM
2018-11-27,144.7526,102.545,0.8832466681373552,0.8874740891498867,-0.017493397168398594,-1.7253976903478951,-1.3595113788093771,1.3595113788093771,-0.0015767422031034428,0.0043055326923619654,0.7527418969683117,-0.037415058088039466,7.438709034460009,18.0,0.23516414141414144,CVX,XOM
2018-11-28,145.6204,102.7823,0.8832466681373552,0.8874740891498867,-0.013567576151240601,-1.3017247999293458,-1.7253976903478951,1.7253976903478951,-0.006114106147069975,0.004178666349671619,0.7864755059001368,-0.04352916423510944,9.141534506854184,19.0,0.16762998255617173,CVX,XOM
2018-11-29,142.8792,101.7865,0.8832466681373552,0.8874740891498867,-0.02393113303434724,-1.9294362499991877,-1.3017247999293458,1.3017247999293458,0.003925821017157993,0.004358704189000734,0.7865306794007939,-0.03960334321795145,8.681155620016495,20.0,0.1827646634367591,CVX,XOM
2018-11-30,141.6472,101.4151,0.8832466681373552,0.8874740891498867,-0.02934704191005899,-2.1274696793333225,-1.9294362499991877,1.9294362499991877,-0.01036355688310664,0.0046126603060682924,0.7943248798239689,-0.04996690010105809,10.716835782160212,21.0,0.1990000255095533,CVX,XOM
2018-12-03,140.5632,101.0603,0.8832466681373552,0.8874740891498867,-0.03391902572691485,-2.2013959005234636,-2.1274696793333225,2.1274696793333225,-0.00541590887571175,0.004642053729094429,0.7956285752787884,-0.05538280897676984,13.053133575986024,22.0,0.2037878787878788,CVX,XOM
2018-12-04,140.235,100.9485,0.8832466681373552,0.8874740891498867,-0.03527431899944222,-2.05041457162277,-2.2013959005234636,2.2013959005234636,-0.004571983816855862,0.004666035880348661,0.7920643192825755,-0.0599547927936257,17.85430786661705,23.0,0.23440663983400414,CVX,XOM
2018-12-05,140.2831,100.1809,0.8832466681373552,0.8874740891498867,-0.028157350894831623,-1.478635236463767,-2.05041457162277,2.05041457162277,-0.0013552932725273692,0.0045614279636402464,0.7918816122060836,-0.06131008606615307,22.64628023866842,24.0,0.2066874566874567,CVX,XOM
2018-12-06,139.7011,99.2748,0.8832466681373552,0.8874740891498867,-0.024251331743733395,-1.150633638613919,-1.478635236463767,1.478635236463767,0.007116968104610599,0.0048207960736994454,0.7804355546891535,-0.05419311796154247,16.41134902470884,25.0,0.3044181430566787,CVX,XOM
2018-12-07,141.1521,100.1952,0.8832466681373552,0.8874740891498867,-0.022108512794967616,-0.9500258119252308,-1.150633638613919,1.150633638613919,0.003906019151098228,0.0049689994796800275,0.7749812637128904,-0.05028709881044424,14.565205538638777,26.0,0.33608307453416153,CVX,XOM
2018-12-10,139.8366,99.1418,0.8832466681373552,0.8874740891498867,-0.02209211383526455,-0.912086881199663,-0.9500258119252308,0.9500258119252308,0.002142818948765779,0.004872475222289091,0.7814346031029675,-0.04814427986167846,13.591222339889036,0.0,0.30534534534534535,CVX,XOM
2018-12-11,139.0777,98.5324,0.8832466681373552,0.8874740891498867,-0.02206202503026944,-0.8620896104818431,-0.912086881199663,0.912086881199663,1.6398959703067817e-05,0.004725576970077917,0.7809983852786403,-0.048127880901975395,12.790612971337566,0.0,0.286611475877819,CVX,XOM
2018-12-12,142.2972,100.0924,0.8832466681373552,0.8874740891498867,-0.013117703603963804,-0.12378069972593085,-0.8620896104818431,0.8620896104818431,3.0088804995109797e-05,0.004658842494337417,0.7880590371801653,-0.048097792096980285,11.091069958997805,0.0,0.2510542062239393,CVX,XOM
2018-12-13,143.6418,101.9675,0.8832466681373552,0.8874740891498867,-0.020184683675990023,-0.6477040145641335,-0.12378069972593085,0.12378069972593085,0.008944321426305635,0.004843270035711032,0.80430751157009,-0.03915347067067465,11.362944699324284,0.0,0.2206047032474804,CVX,XOM
2018-12-14,142.8109,100.8963,0.8832466681373552,0.8874740891498867,-0.01661350087018132,-0.2855456704921511,-0.6477040145641335,0.6477040145641335,-0.007066980072026219,0.0050725868498453,0.794113327981491,-0.04622045074270087,11.975645011365838,0.0,0.312908666620457,CVX,XOM
2018-12-17,142.1582,100.6366,0.8832466681373552,0.8874740891498867,-0.01890711549098434,-0.44260431184496435,-0.2855456704921511,0.2855456704921511,0.0035711828058087036,0.004874768099747397,0.787683719503806,-0.042649267936892166,14.313825269835071,0.0,0.3009153318077803,CVX,XOM
2018-12-18,142.5911,100.6312,0.8832466681373552,0.8874740891498867,-0.015818922050737427,-0.09230682010152552,-0.44260431184496435,0.44260431184496435,-0.0022936146208030195,0.004830711943367779,0.7658702641846594,-0.044942882557695185,14.61567952064248,0.0,0.333152013780286,CVX,XOM
2018-12-19,145.0582,102.0976,0.8832466681373552,0.8874740891498867,-0.011503946622576144,0.4244774057467301,-0.09230682010152552,0.09230682010152552,0.0030881934402469113,0.004859308379747643,0.7695565231028785,-0.041854689117448274,13.671357857937053,0.0,0.3401580459770115,CVX,XOM
2018-12-20,145.3564,101.898,0.8832466681373552,0.8874740891498867,-0.007713627144293689,0.9290487354023433,0.4244774057467301,0.4244774057467301,0.004314975428161283,0.004950860187443744,0.7906383958763016,-0.03753971368928699,13.382096910364393,0.0,0.30691142787253445,CVX,XOM
2018-12-21,146.7305,102.04,0.8832466681373552,0.8874740891498867,0.0004594070517915938,1.8112314852553553,0.9290487354023433,0.9290487354023433,0.0037903194782824556,0.004877392301281586,0.7824552166439718,-0.033749394211004535,14.720367035216999,0.0,0.3196757423561547,CVX,XOM
2018-12-24,146.7006,102.7596,0.8832466681373552,0.8874740891498867,-0.0059810120013628065,1.0633152391388943,1.8112314852553553,1.8112314852553553,0.008173034196085283,0.005182998489666628,0.7918468101502231,-0.025576360014919253,13.726527752499804,1.0,0.3907801418439716,CVX,XOM
2018-12-25,147.9682,103.1265,0.8832466681373552,0.8874740891498867,-0.0005404568819145084,1.5987070332622917,1.0633152391388943,1.0633152391388943,-0.0064404190531544,0.005385492849210535,0.782446159828736,-0.03201677906807365,14.081721397777434,2.0,0.47643548945001735,CVX,XOM
2018-12-26,146.9511,102.452,0.8832466681373552,0.8874740891498867,-0.0016143648552224832,1.3898292142645456,1.5987070332622917,1.5987070332622917,0.005440555119448298,0.005288548818953493,0.7856804507404556,-0.026576223948625355,13.559406957119027,3.0,0.44724667480562874,CVX,XOM
2018-12-27,146.3866,102.3038,0.8832466681373552,0.8874740891498867,-0.004178487719589619,1.0718736966847269,1.3898292142645456,1.3898292142645456,-0.0010739079733079748,0.005255198978578047,0.787803215106955,-0.02765013192193333,13.609718391127522,4.0,0.4334521687462864,CVX,XOM
2018-12-28,146.2595,101.1597,0.8832466681373552,0.8874740891498867,0.004933740887469895,1.8714410286708474,1.0718736966847269,1.0718736966847269,-0.0025641228643671354,0.004685879608200418,0.7968104493124076,-0.030214254786300465,13.697808455072362,5.0,0.19965938479005907,CVX,XOM
2018-12-31,146.4274,100.9649,0.8832466681373552,0.8874740891498867,0.007791670164424502,2.0040128719063346,1.8714410286708474,1.8714410286708474,0.009112228607059514,0.004762351003833263,0.7844189787570519,-0.02110202617924095,12.963956752756387,6.0,0.29291666666666666,CVX,XOM
2019-01-01,146.3724,101.2042,0.8832466681373552,0.8874740891498867,0.005315046108861132,1.667012956624309,2.0040128719063346,2.0040128719063346,0.002857929276954607,0.004542212903851459,0.7821573443549145,-0.018244096902286344,12.691826526585741,7.0,0.24175801490472948,CVX,XOM
2019-01-02,147.3462,101.4454,0.8832466681373552,0.8874740891498867,0.009833306079332083,1.9105510372755967,1.667012956624309,1.667012956624309,-0.00247662405556337,0.004590997101548657,0.7773171219969861,-0.020720720957849714,12.831944331959777,8.0,0.27487521479420673,CVX,XOM
2019-01-03,146.7421,101.1152,0.8832466681373552,0.8874740891498867,0.008618408241037656,1.6708001446759755,1.9105510372755967,1.9105510372755967,0.00451825997047095,0.004480618556715177,0.7898642064463711,-0.016202460987378764,12.734238608458059,9.0,0.20168663463682623,CVX,XOM
2019-01-04,146.5735,101.2861,0.8832466681373552,0.8874740891498867,0.00597009371650703,1.3728747432361412,1.6708001446759755,1.6708001446759755,-0.0012148978382944264,0.004504893754004972,0.78992792253491,-0.01741735882567319,12.051695527955662,10.0,0.20483767277402765,CVX,XOM
2019-01-07,147.0454,101.9872,0.8832466681373552,0.8874740891498867,0.003062555969925107,1.0894652858635008,1.3728747432361412,1.3728747432361412,-0.002648314524530626,0.004598390123853792,0.7728016244366627,-0.020065673350203816,11.94425162491277,11.0,0.2958685913389746,CVX,XOM
2019-01-08,147.8696,102.4484,0.8832466681373552,0.8874740891498867,0.004647746044523338,1.1315696320321493,1.0894652858635008,1.0894652858635008,-0.002907537746581923,0.0046858290513843255,0.7712369892953284,-0.02297321109678574,12.039649801756838,12.0,0.3274133712210908,CVX,XOM
2019-01-09,147.5734,102.6024,0.8832466681373552,0.8874740891498867,0.0013095752446128373,0.8387347380670106,1.1315696320321493,1.1315696320321493,0.0015851900745982306,0.004677708185208753,0.7823463811519991,-0.02138802102218751,12.875117979631632,13.0,0.29249545267851906,CVX,XOM
2019-01-10,147.9279,102.7987,0.8832466681373552,0.8874740891498867,0.002012586355577106,0.8315844153475137,0.8387347380670106,0.8387347380670106,-0.0033381707999105004,0.004438608175015828,0.7705081999062068,-0.02472619182209801,13.249098233413624,0.0,0.2607009925558313,CVX,XOM
2019-01-11,148.562,102.811,0.8832466681373552,0.8874740891498867,0.006183791890821411,1.070591425656374,0.8315844153475137,0.8315844153475137,0.0007030111109642689,0.0040641619481517,0.7701339633023813,-0.02402318071113374,13.112630545219567,0.0,0.23415191867950272,CVX,XOM
2019-01-14,147.9025,102.3359,0.8832466681373552,0.8874740891498867,0.005845297631198676,0.9958919093374309,1.070591425656374,1.070591425656374,0.0041712055352443045,0.004084384701408557,0.7855716516274663,-0.019851975175889436,13.375494348671824,1.0,0.18228571428571427,CVX,XOM
2019-01-15,148.8838,102.0436,0.8832466681373552,0.8874740891498867,0.014996662354883838,1.6579014061379307,0.9958919093374309,0.9958919093374309,-0.0003384942596227347,0.004023988122559658,0.789624900538757,-0.02019046943551217,13.347817498801843,0.0,0.1552651951435962,CVX,XOM
2019-01-16,147.944,101.4716,0.8832466681373552,0.8874740891498867,0.013653034263366948,1.4722124918266428,1.6579014061379307,1.6579014061379307,0.009151364723685163,0.004365857484201195,0.7814882623042395,-0.011039104711827008,13.151290116814508,1.0,0.22836178496555856,CVX,XOM
2019-01-17,150.5103,102.649,0.8832466681373552,0.8874740891498867,0.020612434668218604,1.9110493793365189,1.4722124918266428,1.4722124918266428,-0.0013436280915168908,0.004360257347324825,0.7863155944585227,-0.012382732803343899,13.293110007629464,2.0,0.20165437066845518,CVX,XOM
2019-01-18,152.6618,103.7473,0.8832466681373552,0.8874740891498867,0.025360781628053886,2.105361238531885,1.9110493793365189,1.9110493793365189,0.006959400404851657,0.004504603259001154,0.7963502855399319,-0.005423332398492242,14.110332519311998,3.0,0.15659768580329328,CVX,XOM
2019-01-21,153.4517,103.6226,0.8832466681373552,0.8874740891498867,0.03158897299489816,2.34377686485105,2.105361238531885,2.105361238531885,0.004748346959835281,0.004305181107698149,0.8047337390796316,-0.0006749854386569609,14.770025804842525,4.0,0.10151347360649686,CVX,XOM
2019-01-22,153.9072,103.0612,0.8832466681373552,0.8874740891498867,0.039374109848218986,2.5886836140652596,2.34377686485105,2.34377686485105,0.006228191366844271,0.00405235605346953,0.8048942183911522,0.0,15.479650871580176,5.0,0.08333333333333334,CVX,XOM
2019-01-23,151.0192,102.2035,0.8832466681373552,0.8874740891498867,0.027847944197099572,1.6273075662414884,2.5886836140652596,2.5886836140652596,0.007785136853320829,0.004185433455851686,0.804703646067969,0.0,18.45634659265872,6.0,0.10151049667178699,CVX,XOM
2019-01-24,151.4493,102.5147,0.8832466681373552,0.8874740891498867,0.027993709634381858,1.5428839643921766,1.6273075662414884,1.6273075662414884,-0.011526165651119413,0.005090744197448686,0.8027887691987887,-0.011526165651119413,14.181613585771533,7.0,0.30875928352992577,CVX,XOM
2019-01-25,150.9737,102.3965,0.8832466681373552,0.8874740891498867,0.025872296380344828,1.3138670352991075,1.5428839643921766,1.5428839643921766,0.00014576543728228586,0.005017015645689515,0.8072772977696414,-0.011380400213837127,14.396013346196124,8.0,0.2551913459447706,CVX,XOM
2019-01-28,151.5877,102.9062,0.8832466681373552,0.8874740891498867,0.025524352719155097,1.230456555377965,1.3138670352991075,1.3138670352991075,-0.00212141325403703,0.004768165069561309,0.8069357627571265,-0.013501813467874157,14.808907849638201,9.0,0.20194805194805193,CVX,XOM
2019-01-29,149.6378,101.8999,0.8832466681373552,0.8874740891498867,0.02129887481921422,0.8648667127633123,1.230456555377965,1.230456555377965,-0.0003479436611897313,0.004758466251997842,0.8085849103736894,-0.013849757129063889,15.054773111403403,10.0,0.18894096099978455,CVX,XOM
2019-01-30,149.6425,102.3091,0.8832466681373552,0.8874740891498867,0.017773585380514767,0.5366501112997294,0.8648667127633123,0.8648667127633123,-0.004225477899940877,0.004834921306058602,0.8186937352901529,-0.018075235029004766,13.839332425947996,0.0,0.17953667953667954,CVX,XOM
2019-01-31,149.1595,102.651,0.8832466681373552,0.8874740891498867,0.011579826219465517,-0.027991414893097213,0.5366501112997294,0.5366501112997294,-0.0035252894386994527,0.004843366651537389,0.8162863158322685,-0.02160052446770422,13.183431204470317,0.0,0.19262047120791514,CVX,XOM
2019-02-01,148.1605,101.9729,0.8832466681373552,0.8874740891498867,0.010741763685454764,-0.13187304701062952,-0.027991414893097213,0.027991414893097213,-0.00619375916104925,0.005043632560759016,0.8072689435552408,-0.02779428362875347,11.497259613700376,0.0,0.26686507936507936,CVX,XOM
2019-02-04,148.5195,101.8119,0.8832466681373552,0.8874740891498867,0.014564177337952344,0.1495673759633192,-0.13187304701062952,0.13187304701062952,-0.0008380625340107528,0.0050087594534802896,0.8134290090942017,-0.02863234616276422,12.521550799295301,0.0,0.23515873015873015,CVX,XOM
2019-02-05,148.1742,101.918,0.8832466681373552,0.8874740891498867,0.011312152186520485,-0.18967103449419248,0.1495673759633192,0.1495673759633192,0.0038224136524975805,0.005012158081353378,0.8144073112148709,-0.02480993251026664,12.809378479292056,0.0,0.23472397808680995,CVX,XOM
2019-02-06,147.8031,101.9039,0.8832466681373552,0.8874740891498867,0.00892731357252785,-0.4615521035301305,-0.18967103449419248,0.18967103449419248,-0.0032520251514318588,0.005073909054692736,0.7947903717349066,-0.0280619576616985,12.38121950345628,0.0,0.33763373190685964,CVX,XOM
2019-02-07,146.8651,101.6698,0.8832466681373552,0.8874740891498867,0.004601915611574192,-0.9464098459812207,-0.4615521035301305,0.4615521035301305,-0.0023848386139926347,0.005043581819654159,0.8048472932126959,-0.030446796275691135,11.884592509127309,0.0,0.2859231411862991,CVX,XOM
2019-02-08,146.207,101.765,0.8832466681373552,0.8874740891498867,-0.000719747463301168,-1.4328371695567315,-0.9464098459812207,0.9464098459812207,-0.004325397960953659,0.005145558569733868,0.8036551308035456,-0.03477219423664479,11.8465180784805,0.0,0.35400637693214115,CVX,XOM
2019-02-11,146.0481,101.7949,0.8832466681373552,0.8874740891498867,-0.0020678679166783454,-1.4832293326123696,-1.4328371695567315,1.4328371695567315,-0.00532166307487536,0.005188491547047053,0.8055568791504516,-0.040093857311520154,11.436459535200992,1.0,0.35622843340234644,CVX,XOM
2019-02-12,146.5685,102.0,0.8832466681373552,0.8874740891498867,-0.0002973069808360762,-1.272789406796281,-1.4832293326123696,1.4832293326123696,-0.0013481204533771773,0.005193090478702839,0.8056361553638787,-0.04144197776489733,10.875664682615396,2.0,0.3578643578643579,CVX,XOM
2019-02-13,148.8558,102.9833,0.8832466681373552,0.8874740891498867,0.006673399777271882,-0.6060566124284554,-1.272789406796281,1.272789406796281,0.0017705609358422691,0.004744401008919942,0.8049331609405901,-0.03967141682905506,11.982753917379782,3.0,0.21517515051997813,CVX,XOM
2019-02-14,145.908,101.5677,0.8832466681373552,0.8874740891498867,-0.001044599559259396,-1.2645219988807797,-0.6060566124284554,0.6060566124284554,0.0069707067581079585,0.005031062238494733,0.812305139248736,-0.0327007100709471,11.282436930312162,0.0,0.25404489406635333,CVX,XOM
2019-02-15,145.7265,101.474,0.8832466681373552,0.8874740891498867,-0.0014702025137633967,-1.2539827297211543,-1.2645219988807797,1.2645219988807797,-0.007717999336531278,0.004981718644289675,0.831300638369684,-0.04041870940747838,10.728971849743598,1.0,0.18727106227106227,CVX,XOM
2019-02-18,146.9782,101.7679,0.8832466681373552,0.8874740891498867,0.004515813198677776,-0.7269806330323384,-1.2539827297211543,1.2539827297211543,-0.00042560295450400076,0.004803337501762487,0.8311056138085902,-0.04084431236198238,10.489373789531145,2.0,0.1516548463356974,CVX,XOM
2019-02-19,146.8309,102.322,0.8832466681373552,0.8874740891498867,-0.0013058394434768417,-1.2094269703113085,-0.7269806330323384,0.7269806330323384,0.005986015712441173,0.004784507947311067,0.8301503331210067,-0.03485829664954121,11.503516804885285,0.0,0.1538539144471348,CVX,XOM
2019-02-20,147.2625,101.9826,0.8832466681373552,0.8874740891498867,0.004577911175542404,-0.7071218480124565,-1.2094269703113085,1.2094269703113085,-0.005821652642154618,0.004387587577288138,0.810578087731679,-0.04067994929169583,11.676543323534593,1.0,0.11289431384368093,CVX,XOM
2019-02-21,144.7287,100.4605,0.8832466681373552,0.8874740891498867,0.0005676339683677867,-1.0540424160302422,-0.7071218480124565,0.7071218480124565,0.005883750619019246,0.00413795066170899,0.8056417145077298,-0.03479619867267658,11.249164759214972,0.0,0.11402894491129786,CVX,XOM
2019-02-22,145.921,100.9695,0.8832466681373552,0.8874740891498867,0.004286874309322286,-0.7174399585752951,-1.0540424160302422,1.0540424160302422,-0.004010277207174617,0.004171205040571353,0.8156024009630279,-0.0388064758798512,11.669096219274458,1.0,0.0717108321710832,CVX,XOM
2019-02-25,147.5931,102.3112,0.8832466681373552,0.8874740891498867,0.003965416247589282,-0.7375337891920324,-0.7174399585752951,0.7174399585752951,0.0037192403409544994,0.004310593598054817,0.8181587133862993,-0.0350872355388967,11.30946042221089,0.0,0.07698412698412699,CVX,XOM
2019-02-26,145.9908,100.9809,0.8832466681373552,0.8874740891498867,0.0046649060157024635,-0.641981304149785,-0.7375337891920324,0.7375337891920324,-0.0003214580617330043,0.004310822131890119,0.8233635772426665,-0.035408693600629704,11.015205757695348,0.0,0.0726058749917671,CVX,XOM
2019-02-27,147.7379,101.4269,0.8832466681373552,0.8874740891498867,0.012650002186315845,0.05674056419019705,-0.641981304149785,0.641981304149785,0.0006994897681131818,0.004264406832668056,0.829568836940982,-0.03470920383251652,10.959122089332972,0.0,0.056293454020726746,CVX,XOM
2019-02-28,147.5853,101.4666,0.8832466681373552,0.8874740891498867,0.01126925544015922,-0.03682058418375515,0.05674056419019705,0.05674056419019705,0.007985096170613382,0.004623631141148021,0.8350994019770377,-0.02672410766190314,10.92070633573059,0.0,0.1213991769547325,CVX,XOM
2019-03-01,148.2195,101.4719,0.8832466681373552,0.8874740891498867,0.015510869827999763,0.3739984563633932,-0.03682058418375515,0.03682058418375515,-0.0013807467461566247,0.0044295080999291634,0.8360762118839056,-0.028104854408059765,10.77224720602361,0.0,0.07969034608378871,CVX,XOM
2019-03-04,147.2529,100.7518,0.8832466681373552,0.8874740891498867,0.015288557369761868,0.42683501986872685,0.3739984563633932,0.3739984563633932,0.004241614387840542,0.004519775370477441,0.8309360768724724,-0.023863240020219223,10.9224268917706,0.0,0.10963718820861677,CVX,XOM
2019-03-05,146.8027,100.9395,0.8832466681373552,0.8874740891498867,0.010574728292286117,0.07952585875716531,0.42683501986872685,0.42683501986872685,-0.00022231245823789436,0.004444755038459355,0.8287800119416655,-0.024085552478457117,11.566324169064096,0.0,0.10181958962446767,CVX,XOM
2019-03-06,147.5861,101.6409,0.8832466681373552,0.8874740891498867,0.009751475037661272,0.059384234542470236,0.07952585875716531,0.07952585875716531,-0.004713829077475751,0.004509770008802232,0.823365055135463,-0.028799381555932868,11.399885196933525,0.0,0.12969121521753102,CVX,XOM
2019-03-07,147.7503,101.9341,0.8832466681373552,0.8874740891498867,0.008307046961951947,-0.0378636661202314,0.059384234542470236,0.059384234542470236,-0.000823253254624845,0.0044818747692581765,0.8064356530298717,-0.029622634810557713,11.400416951467301,0.0,0.18612391193036354,CVX,XOM
2019-03-08,148.2717,103.1032,0.8832466681373552,0.8874740891498867,0.0017090939355801638,-0.8651634676837453,-0.0378636661202314,0.0378636661202314,-0.0014444280757093253,0.004384454903869972,0.8153628797136123,-0.03106706288626704,11.25045759224747,0.0,0.1197647733792312,CVX,XOM
2019-03-11,150.0642,104.1575,0.8832466681373552,0.8874740891498867,0.004696956955233311,-0.3854041056128579,-0.8651634676837453,0.8651634676837453,-0.006597953026371783,0.004472545241393525,0.8051472311496339,-0.03766501591263882,10.76891148745614,0.0,0.19733333333333333,CVX,XOM
2019-03-12,150.9863,104.4957,0.8832466681373552,0.8874740891498867,0.007945893426125394,0.22922803685985776,-0.3854041056128579,0.3854041056128579,0.0029878630196531475,0.004501055077108579,0.8113811086519066,-0.034677152892985674,10.093566539474898,0.0,0.1689669891861127,CVX,XOM
2019-03-13,153.5825,105.9409,0.8832466681373552,0.8874740891498867,0.012804798098259518,1.1736145618408642,0.22922803685985776,0.22922803685985776,0.003248936470892083,0.004535974335451953,0.8128370048463687,-0.03142821642209359,10.985821767418921,0.0,0.17658730158730157,CVX,XOM
2019-03-14,154.9711,106.2101,0.8832466681373552,0.8874740891498867,0.019553317783294943,2.203759304511354,1.1736145618408642,1.1736145618408642,0.004858904672134123,0.004404754707823505,0.8120988266057315,-0.026569311749959468,11.177056538943125,1.0,0.14484126984126983,CVX,XOM
2019-03-15,156.5777,106.9138,0.8832466681373552,0.8874740891498867,0.02400643454339768,2.5656186182109675,2.203759304511354,2.203759304511354,0.006748519685035426,0.004211165380440879,0.8117361626510865,-0.019820792064924042,10.900408783386323,2.0,0.11904761904761904,CVX,XOM
2019-03-18,155.5291,106.6303,0.8832466681373552,0.8874740891498867,0.01964332757404641,1.8053316556787224,2.5656186182109675,2.5656186182109675,0.004453116760102738,0.00426079890623883,0.8203463165184556,-0.015367675304821304,12.19645851921778,3.0,0.07936507936507936,CVX,XOM
2019-03-19,155.2296,106.7325,0.8832466681373552,0.8874740891498867,0.01686559266912724,1.334787142852559,1.8053316556787224,1.8053316556787224,-0.004363106969351271,0.004285459904915665,0.8299081425336807,-0.019730782274172576,12.069976369833462,4.0,0.06944444444444445,CVX,XOM
2019-03-20,155.1882,106.3332,0.8832466681373552,0.8874740891498867,0.019925236109895827,1.6399732131449338,1.334787142852559,1.334787142852559,-0.0027777349049191713,0.004099143452945971,0.8291389937422093,-0.022508517179091747,11.957591351543478,5.0,0.05357142857142857,CVX,XOM
2019-03-21,156.3086,107.0065,0.8832466681373552,0.8874740891498867,0.021517166211895145,1.6957768073854587,1.6399732131449338,1.6399732131449338,0.003059643440768589,0.003971998651268294,0.8243583650664577,-0.019448873738323158,11.745031936267727,6.0,0.041666666666666664,CVX,XOM
2019-03-22,155.2636,106.3931,0.8832466681373552,0.8874740891498867,0.019911185469599246,1.3850587311861415,1.6957768073854587,1.6957768073854587,0.001591930101999317,0.003819818437803765,0.826231154469106,-0.01785694363632384,12.518250537835629,7.0,0.041666666666666664,CVX,XOM
2019-03-25,155.5921,107.2022,0.8832466681373552,0.8874740891498867,0.015301162897794818,0.7365638288506109,1.3850587311861415,1.3850587311861415,-0.0016059807422958983,0.0038098876196419867,0.8472390783753626,-0.01946292437861974,12.094093292506487,8.0,0.005952380952380952,CVX,XOM
2019-03-26,154.7909,107.0043,0.8832466681373552,0.8874740891498867,0.011778328013249073,0.22287554914418542,0.7365638288506109,0.7365638288506109,-0.0046100225718044285,0.003982680276327076,0.8431781021971934,-0.024072946950424168,11.33933349468758,0.0,0.01984126984126984,CVX,XOM
2019-03-27,156.0011,107.5979,0.8832466681373552,0.8874740891498867,0.014656608127205928,0.5788836947670696,0.22287554914418542,0.22287554914418542,-0.0035228348845457447,0.004080752640978714,0.8445369811496384,-0.027595781834969912,12.354768732738076,0.0,0.03571428571428571,CVX,XOM
2019-03-28,155.288,108.2395,0.8832466681373552,0.8874740891498867,0.004798766145318822,-0.8188575729993219,0.5788836947670696,0.5788836947670696,0.002878280113956855,0.0037410044984817125,0.8472467281126596,-0.024717501721013058,12.578632884823262,0.0,0.003968253968253968,CVX,XOM
2019-03-29,155.2814,109.5555,0.8832466681373552,0.8874740891498867,-0.0059687770925060946,-2.222804858536545,-0.8188575729993219,0.8188575729993219,-0.009857841981887105,0.004320190053113466,0.829722582914671,-0.03457534370290016,11.963712560260488,0.0,0.10515873015873015,CVX,XOM
2019-04-01,156.7291,110.168,0.8832466681373552,0.8874740891498867,-0.0016367430269044192,-1.557592975143754,-2.222804858536545,2.222804858536545,-0.010767543237824917,0.004744755718991001,0.8072039063690046,-0.04534288694072508,11.87125126783051,1.0,0.2996031746031746,CVX,XOM
2019-04-02,155.7053,109.7121,0.8832466681373552,0.8874740891498867,-0.004510274560808547,-1.8754821150233894,-1.557592975143754,1.557592975143754,0.004332034065601675,0.004887313704326806,0.8101138320582684,-0.041010852875123405,11.277783646456038,2.0,0.3234126984126984,CVX,XOM
2019-04-03,155.7836,109.474,0.8832466681373552,0.8874740891498867,-0.0020794160044772525,-1.4892392038400137,-1.8754821150233894,1.8754821150233894,-0.002873531533904128,0.00483062691540484,0.8115800428928865,-0.04388438440902753,11.665213163375073,3.0,0.30158730158730157,CVX,XOM
2019-04-04,155.984,108.7204,0.8832466681373552,0.8874740891498867,0.0053364990129427525,-0.5994051157456995,-1.4892392038400137,1.4892392038400137,0.0024308585563312946,0.004880111790357154,0.8114546597121162,-0.04145352585269624,11.678922768960481,4.0,0.3214285714285714,CVX,XOM
2019-04-05,154.944,108.5615,0.8832466681373552,0.8874740891498867,-5.51434570077447e-05,-1.2394676001192704,-0.5994051157456995,0.5994051157456995,0.007415915017420005,0.005175792384717706,0.8005092495343326,-0.03403761083527623,10.793788168140996,0.0,0.48214285714285715,CVX,XOM
2019-04-08,155.1697,109.648,0.8832466681373552,0.8874740891498867,-0.007437371936265258,-1.979138691778873,-1.2394676001192704,1.2394676001192704,-0.005391642469950497,0.005106852952928051,0.8017443089415004,-0.03942925330522673,11.125127912540444,1.0,0.45436507936507936,CVX,XOM
2019-04-09,156.6209,110.8033,0.8832466681373552,0.8874740891498867,-0.007430395035068926,-1.8270808001832537,-1.979138691778873,1.979138691778873,-0.007382228479257513,0.0052913251806559125,0.7899657179172621,-0.04681148178448424,12.101880809272153,2.0,0.5773809523809523,CVX,XOM
2019-04-10,155.1521,110.0752,0.8832466681373552,0.8874740891498867,-0.011001775513925338,-1.9880112911189818,-1.8270808001832537,1.8270808001832537,6.976901196331653e-06,0.0052199017633207615,0.8071988130738635,-0.04680450488328791,11.764306565848445,3.0,0.4583333333333333,CVX,XOM
2019-04-11,154.2158,109.3452,0.8832466681373552,0.8874740891498867,-0.011149601424523148,-1.8163718878628323,-1.9880112911189818,1.9880112911189818,-0.003571380478856412,0.005087126680508005,0.8091874623756937,-0.050375885362144324,12.179548600196513,4.0,0.3948412698412699,CVX,XOM
2019-04-12,154.3285,109.0628,0.8832466681373552,0.8874740891498867,-0.008124077477773994,-1.4110418948210617,-1.8163718878628323,1.8163718878628323,-0.0001478259105978097,0.004760570747267547,0.8029770977735518,-0.05052371127274213,12.109278954018405,5.0,0.35714285714285715,CVX,XOM
2019-04-15,153.5569,108.2784,0.8832466681373552,0.8874740891498867,-0.006730399267229181,-1.1933900077921231,-1.4110418948210617,1.4110418948210617,0.0030255239467491535,0.004680273471310154,0.7924773397400645,-0.04749818732599298,10.730116957987118,6.0,0.3849206349206349,CVX,XOM
2019-04-16,153.0342,107.84,0.8832466681373552,0.8874740891498867,-0.006539637084649108,-1.1021158513885152,-1.1933900077921231,1.1933900077921231,0.0013936782105448131,0.00467891359514022,0.7997758931523413,-0.04610450911544817,11.781686123639798,7.0,0.35119047619047616,CVX,XOM
2019-04-17,154.4736,108.2548,0.8832466681373552,0.8874740891498867,-0.0005849217122628758,-0.5256580049535774,-1.1021158513885152,1.1021158513885152,0.00019076218258007316,0.00467735856016841,0.8129994393310804,-0.034533346719030966,11.790583151144622,8.0,0.2579365079365079,CVX,XOM
2019-04-18,156.1025,109.0395,0.8832466681373552,0.8874740891498867,0.0034949366400809367,-0.13941319641394231,-0.5256580049535774,0.5256580049535774,0.005954715372386232,0.004847720028456515,0.80797496582819,-0.028578631346644734,12.1690324079792,0.0,0.33730158730158727,CVX,XOM
2019-04-19,156.9673,109.7683,0.8832466681373552,0.8874740891498867,0.0031076187410858935,-0.17918101104139314,-0.13941319641394231,0.13941319641394231,0.0040798583523438126,0.004944249604181816,0.810697583444081,-0.02237735974026389,11.988733983974269,0.0,0.3412698412698413,CVX,XOM
2019-04-22,155.2971,108.2309,0.8832466681373552,0.8874740891498867,0.004927880887336755,-0.01366644538430457,-0.17918101104139314,0.17918101104139314,-0.0003873178989950432,0.0049426964765008395,0.8117960831566808,-0.022416733978069203,12.20856839630717,0.0,0.3333333333333333,CVX,XOM
2019-04-23,154.3372,108.421,0.8832466681373552,0.8874740891498867,-0.0028297752263872766,-0.6844901552585645,-0.01366644538430457,0.01366644538430457,0.0018202621462508617,0.004895935861004304,0.8170963252958741,-0.019078553656060926,12.530290201547752,0.0,0.2996031746031746,CVX,XOM
2019-04-24,156.1544,109.1116,0.8832466681373552,0.8874740891498867,0.0032407262076263876,-0.10605354980685322,-0.6844901552585645,0.6844901552585645,-0.007757656113724032,0.005108253306301566,0.8015582069387746,-0.026836209769784958,12.338296414415334,0.0,0.48214285714285715,CVX,XOM
2019-04-25,156.5594,109.3971,0.8832466681373552,0.8874740891498867,0.0035118350819542954,-0.0334328639783863,-0.10605354980685322,0.10605354980685322,0.006070501434013664,0.00526595311451633,0.8042235944735532,-0.020765708335771293,12.119447584080406,0.0,0.5277777777777778,CVX,XOM
2019-04-26,156.9881,110.3863,0.8832466681373552,0.8874740891498867,-0.0017423809096070997,-0.4790570519387073,-0.0334328639783863,0.0334328639783863,0.00027110887432790776,0.0048163004681475415,0.8098532202437737,-0.020494599461443386,12.223107570009667,0.0,0.3234126984126984,CVX,XOM
2019-04-29,154.4911,108.8049,0.8832466681373552,0.8874740891498867,-0.004969946772610534,-0.752266883080406,-0.4790570519387073,0.4790570519387073,-0.005254215991561395,0.004328923022187311,0.8015989719584157,-0.02574881545300478,11.85698020407493,0.0,0.26587301587301587,CVX,XOM
2019-04-30,154.3854,108.1245,0.8832466681373552,0.8874740891498867,-8.721185598137282e-05,-0.18732015354342899,-0.752266883080406,0.752266883080406,-0.0032275658630034343,0.004282404475111966,0.8197587830959834,-0.028976381316008215,12.180956274573882,0.0,0.12103174603174602,CVX,XOM
2019-05-01,154.7932,108.8381,0.8832466681373552,0.8874740891498867,-0.0032871603368684887,-0.4865822821522154,-0.18732015354342899,0.18732015354342899,0.004882734916629161,0.004370017258174651,0.8161661907760204,-0.024093646399379054,11.362771946736249,0.0,0.1607142857142857,CVX,XOM
2019-05-02,153.6209,107.7489,0.8832466681373552,0.8874740891498867,-0.0019631553863499462,-0.26716437588004477,-0.4865822821522154,0.4865822821522154,-0.003199948480887116,0.004399868495536253,0.8149716689324772,-0.02729359488026617,11.447962352556821,0.0,0.17658730158730157,CVX,XOM
2019-05-03,155.7896,108.8012,0.8832466681373552,0.8874740891498867,0.0034301224875177283,0.586528601585571,-0.26716437588004477,0.26716437588004477,0.0013240049505185425,0.004070274767904598,0.8183217194756962,-0.025969589929747627,12.173164772436555,0.0,0.09722222222222221,CVX,XOM
2019-05-06,156.2816,109.1497,0.8832466681373552,0.8874740891498867,0.0037451355527684527,0.7618860875345207,0.586528601585571,0.586528601585571,0.0053932778738676745,0.004082996847953997,0.825643507459837,-0.020576312055879953,12.142600253081142,0.0,0.08531746031746032,CVX,XOM
2019-05-07,156.6931,109.9384,0.8832466681373552,0.8874740891498867,-1.4959430013838926e-05,0.22334387710359113,0.7618860875345207,0.7618860875345207,0.00031501306525072437,0.003697121389455939,0.8259195995769373,-0.02026129899062923,11.96763924270727,0.0,0.051587301587301584,CVX,XOM
2019-05-08,156.0329,109.4907,0.8832466681373552,0.8874740891498867,-0.0006157700430140522,0.24359011607476277,0.22334387710359113,0.22334387710359113,-0.0037600949827822916,0.0038145470661424884,0.823819880395517,-0.02402139397341152,11.998668312234267,0.0,0.06547619047619047,CVX,XOM
2019-05-09,155.7709,110.08,0.8832466681373552,0.8874740891498867,-0.007060062375878751,-1.046104723485104,0.24359011607476277,0.24359011607476277,-0.0006008106130002133,0.0037146842398971696,0.8220593079193333,-0.024622204586411733,11.641774045730502,0.0,0.06746031746031746,CVX,XOM
2019-05-10,156.4787,110.8192,0.8832466681373552,0.8874740891498867,-0.008466073457306322,-1.304304133596064,-1.046104723485104,1.046104723485104,-0.006444292332864698,0.004012741395947124,0.8007432366824453,-0.031066496919276432,11.788785311602618,1.0,0.2361111111111111,CVX,XOM
2019-05-13,156.2647,111.2336,0.8832466681373552,0.8874740891498867,-0.013147060366442531,-2.0419424919031024,-1.304304133596064,1.304304133596064,-0.0014060110814275717,0.003973004597547783,0.8009729387005591,-0.032472508000704,11.706606859339741,2.0,0.23214285714285712,CVX,XOM
2019-05-14,156.9008,111.6386,0.8832466681373552,0.8874740891498867,-0.012310078648965828,-1.7352935720514269,-2.0419424919031024,2.0419424919031024,-0.004680986909136209,0.004084187686744248,0.8014784476261415,-0.03715349490984021,11.38975812616184,3.0,0.25595238095238093,CVX,XOM
2019-05-15,155.959,111.5945,0.8832466681373552,0.8874740891498867,-0.01798004155941868,-2.4018987402835137,-1.7352935720514269,1.7352935720514269,0.0008369817174767036,0.0040906583002427764,0.8069940995165084,-0.03631651319236351,11.867146327719,4.0,0.20833333333333334,CVX,XOM
2019-05-16,155.5096,111.1094,0.8832466681373552,0.8874740891498867,-0.016999478738846996,-2.0349478423887173,-2.4018987402835137,2.4018987402835137,-0.005669962910452853,0.0039868216720477636,0.811008221259939,-0.04198647610281636,11.155910515451763,5.0,0.15476190476190477,CVX,XOM
2019-05-17,156.1219,110.8106,0.8832466681373552,0.8874740891498867,-0.010679985468425635,-0.9677261895904294,-2.0349478423887173,2.0349478423887173,0.0009805628205716843,0.0038492834190452657,0.7919936021376626,-0.04100591328224468,9.873471862124845,6.0,0.2857142857142857,CVX,XOM
2019-05-20,156.8614,110.6003,0.8832466681373552,0.8874740891498867,-0.004268607162349447,0.023483884943345815,-0.9677261895904294,0.9677261895904294,0.006319493270421361,0.004169063374650534,0.7840468719971014,-0.034686420011823316,8.182841237931221,0.0,0.375,CVX,XOM
2019-05-21,156.0157,110.6578,0.8832466681373552,0.8874740891498867,-0.010135845942508048,-0.8793509755424722,0.023483884943345815,0.023483884943345815,0.0064113783060761875,0.004419786973424774,0.7671687173326416,-0.028275041705747128,7.197599162354219,0.0,0.4722222222222222,CVX,XOM
2019-05-22,157.0063,111.688,0.8832466681373552,0.8874740891498867,-0.01203052501616142,-1.1632309528389462,-0.8793509755424722,0.8793509755424722,-0.005867238780158601,0.004280732627078319,0.7493477958068505,-0.03414228048590573,7.936329134756238,0.0,0.47023809523809523,CVX,XOM
2019-05-23,157.1215,111.2066,0.8832466681373552,0.8874740891498867,-0.00746358827910143,-0.47983045770747584,-1.1632309528389462,1.1632309528389462,-0.0018946790736533714,0.004026416740669554,0.757742350762698,-0.0360369595595591,8.32457821529167,1.0,0.4087301587301587,CVX,XOM
2019-05-24,157.6185,111.1112,0.8832466681373552,0.8874740891498867,-0.00354376565072112,0.11454158160488898,-0.47983045770747584,0.47983045770747584,0.00456693673705999,0.004187252119999052,0.7530827504019213,-0.03147002282249911,8.024450117562871,0.0,0.4583333333333333,CVX,XOM
2019-05-27,159.0048,112.4267,0.8832466681373552,0.8874740891498867,-0.005232459037627812,-0.1613905843136845,0.11454158160488898,0.11454158160488898,0.0039198226283803095,0.0041489792517507154,0.7533148597215868,-0.0275502001941188,7.570389636478568,0.0,0.4503968253968254,CVX,XOM
2019-05-28,158.9841,112.6424,0.8832466681373552,0.8874740891498867,-0.007063714021122713,-0.44900335780901474,-0.1613905843136845,0.1613905843136845,-0.0016886933869066922,0.004104106993603648,0.753373339695409,-0.029238893581025494,7.351946150438152,0.0,0.44841269841269843,CVX,XOM
2019-05-29,157.8785,111.7375,0.8832466681373552,0.8874740891498867,-0.006883947499808585,-0.38840689359048386,-0.44900335780901474,0.44900335780901474,-0.001831254983494901,0.003962045843745917,0.7557946486522289,-0.031070148564520395,8.398224449639818,0.0,0.40476190476190477,CVX,XOM
2019-05-30,156.3638,111.6297,0.8832466681373552,0.8874740891498867,-0.01566774003122262,-1.6499768491286304,-0.38840689359048386,0.38840689359048386,0.00017976652131412862,0.003908551690261856,0.7609730296636386,-0.030890382043206266,7.617106989219436,0.0,0.39285714285714285,CVX,XOM
2019-05-31,157.6987,112.2018,0.8832466681373552,0.8874740891498867,-0.011703504961689148,-0.9671264445146336,-1.6499768491286304,1.6499768491286304,-0.008783792531414036,0.004313893892501611,0.7545630507143807,-0.0396741745746203,8.43377697039287,1.0,0.4880952380952381,CVX,XOM
2019-06-03,158.7092,112.2322,0.8832466681373552,0.8874740891498867,-0.005556578541682455,0.06125955204363866,-0.9671264445146336,0.9671264445146336,0.003964235069533473,0.004223510221385033,0.7611778943547297,-0.03570993950508683,7.665186853186327,0.0,0.45436507936507936,CVX,XOM
2019-06-04,159.4932,112.9724,0.8832466681373552,0.8874740891498867,-0.006462788460961377,-0.06929364758575102,0.06125955204363866,0.06125955204363866,0.006146926420006693,0.004480912199086246,0.746293250809484,-0.029563013085080136,7.39106230083581,0.0,0.5615079365079365,CVX,XOM
2019-06-05,159.0589,113.4195,0.8832466681373552,0.8874740891498867,-0.012694841698389858,-1.0439784769836158,-0.06929364758575102,0.06929364758575102,-0.0009062099192789219,0.004418720143609361,0.7483333764841744,-0.03046922300435906,7.752562660047961,0.0,0.5396825396825397,CVX,XOM
2019-06-06,160.9937,113.9102,0.8832466681373552,0.8874740891498867,-0.004435482424319126,0.4322897739748433,-1.0439784769836158,1.0439784769836158,-0.006232053237428481,0.004603057650464868,0.7218571288097909,-0.03670127624178754,8.474666694697934,1.0,0.626984126984127,CVX,XOM
2019-06-07,162.3576,114.7147,0.8832466681373552,0.8874740891498867,-0.002245233881538411,0.8307522257981078,0.4322897739748433,0.4322897739748433,0.008259359274070732,0.004782267685018798,0.7219871452782504,-0.028441916967716807,8.265780312054007,0.0,0.6765873015873016,CVX,XOM
2019-06-10,165.2725,116.3505,0.8832466681373552,0.8874740891498867,0.002983327832184024,1.645163015919851,0.8307522257981078,0.8307522257981078,0.002190248542780715,0.004788692329260106,0.7231196664853843,-0.023762400093433556,8.03411489631662,0.0,0.6805555555555556,CVX,XOM
2019-06-11,164.2204,116.3532,0.8832466681373552,0.8874740891498867,-0.0034234651920215242,0.5730858071156756,1.645163015919851,1.645163015919851,0.005228561713722435,0.0047591132299854115,0.7427042196965942,-0.01853383837971112,8.137506473985194,1.0,0.6527777777777778,CVX,XOM
2019-06-12,161.6121,115.1827,0.8832466681373552,0.8874740891498867,-0.010460774752830915,-0.6136006341027961,0.5730858071156756,0.5730858071156756,-0.006406793024205548,0.005011938294768425,0.7397790253388379,-0.02494063140391667,8.136992845834657,0.0,0.7261904761904763,CVX,XOM
2019-06-13,164.0101,116.5897,0.8832466681373552,0.8874740891498867,-0.0065069346607975476,0.10424332875626469,-0.6136006341027961,0.6136006341027961,-0.0070373095608093905,0.005103368407881687,0.7568737404502321,-0.03197794096472606,8.40056465349845,0.0,0.7103174603174603,CVX,XOM
2019-06-14,163.9211,115.841,0.8832466681373552,0.8874740891498867,-0.0013322926780370281,1.0928349169906002,0.10424332875626469,0.10424332875626469,0.003953840092033367,0.0051617876010328165,0.7661379960383202,-0.026418120130396794,8.597524871322834,0.0,0.7242063492063493,CVX,XOM
2019-06-17,164.0604,116.567,0.8832466681373552,0.8874740891498867,-0.00602748533304176,0.3089469046140329,1.0928349169906002,1.0928349169906002,0.0051746419827605195,0.005103222782001025,0.7565842793302295,-0.016633455575831846,8.264782059732823,1.0,0.7123015873015873,CVX,XOM
2019-06-18,165.2741,117.4349,0.8832466681373552,0.8874740891498867,-0.005240044317468495,0.5185101824286935,0.3089469046140329,0.3089469046140329,-0.004695192655004732,0.005029965223253928,0.7561681520937426,-0.020684093460247688,8.492667679637618,0.0,0.6944444444444444,CVX,XOM
2019-06-19,161.4445,115.5198,0.8832466681373552,0.8874740891498867,-0.014091900868356433,-1.2285290120738828,0.5185101824286935,0.5185101824286935,0.0007874410155732647,0.0048536729099511264,0.7583843332550801,-0.019896652444674423,8.434454088233007,0.0,0.626984126984127,CVX,XOM
2019-06-20,158.9526,113.9994,0.8832466681373552,0.8874740891498867,-0.017889356662706746,-1.8314356921476878,-1.2285290120738828,1.2285290120738828,-0.008851856550887938,0.005229313291908474,0.785602524635293,-0.019428399881299185,9.06031152344198,1.0,0.6845238095238095,CVX,XOM
2019-06-21,157.1614,112.7157,0.8832466681373552,0.8874740891498867,-0.019171928328288068,-1.8857991118712218,-1.8314356921476878,1.8314356921476878,-0.003797455794350313,0.005173276237787428,0.8118260792891452,-0.0232258556756495,9.86708562610877,2.0,0.48214285714285715,CVX,XOM
2019-06-24,156.6984,111.9755,0.8832466681373552,0.8874740891498867,-0.016275061184772177,-1.3074247959781966,-1.8857991118712218,1.8857991118712218,-0.0012825716655813224,0.005073256253010067,0.8360698090299864,-0.02450842734123082,10.435918009443553,3.0,0.3333333333333333,CVX,XOM
2019-06-25,155.7446,112.3784,0.8832466681373552,0.8874740891498867,-0.02556801081109583,-2.568014373282026,-1.3074247959781966,1.3074247959781966,0.002896867143515891,0.005130369160163494,0.8336960325805678,-0.02161156019771493,10.107503099883973,4.0,0.37103174603174605,CVX,XOM
2019-06-26,157.5826,112.8142,0.8832466681373552,0.8874740891498867,-0.017270673080213683,-1.254475586372112,-2.568014373282026,2.568014373282026,-0.009292949626323654,0.00546989796732253,0.8218522454429875,-0.030904509824038584,12.280966144774682,5.0,0.4821428571428571,CVX,XOM
2019-06-27,158.6305,113.565,0.8832466681373552,0.8874740891498867,-0.016529582062664083,-1.1415628831217846,-1.254475586372112,1.254475586372112,0.008297337730882148,0.0058263857555390045,0.8189013462403653,-0.022607172093156436,10.282592969043069,6.0,0.5178571428571428,CVX,XOM
2019-06-28,158.7062,112.7603,0.8832466681373552,0.8874740891498867,-0.009741628329330787,-0.05531146325177999,-1.1415628831217846,1.1415628831217846,0.0007410910175495999,0.005512198694432641,0.8301931766823838,-0.02145746295000084,10.369760326179051,7.0,0.45436507936507936,CVX,XOM
2019-07-01,157.4381,111.3703,0.8832466681373552,0.8874740891498867,-0.006756046817287142,0.4420776428669936,-0.05531146325177999,0.05531146325177999,0.006787953733333296,0.005647532805242396,0.8235725911853705,-0.014669509216667542,9.535772167258205,0.0,0.49206349206349204,CVX,XOM
2019-07-02,158.028,111.2596,0.8832466681373552,0.8874740891498867,-0.002133608056342773,1.123716213622402,0.4420776428669936,0.4420776428669936,0.0029855815120436446,0.005518795339866672,0.8333763016336374,-0.011683927704623898,9.112686118812771,0.0,0.44841269841269843,CVX,XOM
2019-07-03,158.6631,110.5431,0.8832466681373552,0.8874740891498867,0.007610966722142898,2.323258825186184,1.123716213622402,1.123716213622402,0.0046224387609443696,0.00560723911477826,0.8271756845446004,-0.007061488943679528,8.90032754080319,1.0,0.4841269841269841,CVX,XOM
2019-07-04,158.236,110.7053,0.8832466681373552,0.8874740891498867,0.003614232710299703,1.6182777534432056,2.323258825186184,2.323258825186184,0.00974457477848567,0.005767415613745726,0.8109665162523272,0.0,8.143365691374916,2.0,0.5972222222222222,CVX,XOM
2019-07-05,159.112,111.2582,0.8832466681373552,0.8874740891498867,0.004713683508390076,1.6587396183074763,1.6182777534432056,1.6182777534432056,-0.003996734011843195,0.005614244924608959,0.8064618782118393,-0.003996734011843195,7.4489502579447,3.0,0.623015873015873,CVX,XOM
2019-07-08,157.8539,110.9275,0.8832466681373552,0.8874740891498867,-0.0005829262874215146,0.9304904543540458,1.6587396183074763,1.6587396183074763,0.0010994507980903734,0.005601897419507299,0.8089673217318122,-0.0028972832137528215,6.620924992957033,4.0,0.5952380952380952,CVX,XOM
2019-07-09,158.7079,111.58,0.8832466681373552,0.8874740891498867,-0.0003924668125945274,0.9130682707885046,0.9304904543540458,0.9304904543540458,-0.005296609795811591,0.005613050551385789,0.8070495492026795,-0.008193893009564412,5.492754599619787,0.0,0.6170634920634921,CVX,XOM
2019-07-10,159.9768,112.0579,0.8832466681373552,0.8874740891498867,0.0037779747657751273,1.355658451639645,0.9130682707885046,0.9130682707885046,0.00019045947482698722,0.005428133052294611,0.8074820071626457,-0.008003433534737425,6.305931435393685,0.0,0.5853174603174602,CVX,XOM
2019-07-11,161.5138,112.507,0.8832466681373552,0.8874740891498867,0.009790092422672814,1.9022560093548437,1.355658451639645,1.355658451639645,0.004170441578369655,0.005232034374592372,0.8089450998969162,-0.0038329919563677706,5.945534313197869,1.0,0.5496031746031746,CVX,XOM
2019-07-12,159.9547,111.6448,0.8832466681373552,0.8874740891498867,0.006917527282202407,1.4454744848804861,1.9022560093548437,1.9022560093548437,0.006012117656897686,0.005314385317184134,0.8050529963633887,0.0,5.896637491579073,2.0,0.6111111111111112,CVX,XOM
2019-07-15,157.9894,110.9422,0.8832466681373552,0.8874740891498867,0.00015749480636806368,0.6453397672209167,1.4454744848804861,1.4454744848804861,-0.0028725651404704067,0.005273543471640744,0.8080827740574704,-0.0028725651404704067,5.58174924796515,3.0,0.5634920634920635,CVX,XOM
2019-07-16,158.0039,110.8969,0.8832466681373552,0.8874740891498867,0.0006117169739434658,0.6651546091454332,0.6453397672209167,0.6453397672209167,-0.006760032475834343,0.005391422342271993,0.8049289877688686,-0.00963259761630475,5.52758222871372,0.0,0.626984126984127,CVX,XOM
2019-07-17,157.6271,111.0973,0.8832466681373552,0.8874740891498867,-0.0033781751512869107,0.18228147863389704,0.6651546091454332,0.6651546091454332,0.0004542221675754021,0.005390433634389554,0.8118089357707233,-0.009178375448729348,5.583337897514928,0.0,0.5456349206349207,CVX,XOM
2019-07-18,156.8326,110.8194,0.8832466681373552,0.8874740891498867,-0.006208579128476721,-0.13386470259084948,0.18228147863389704,0.18228147863389704,-0.0039898921252303765,0.005072831209897461,0.8078896112246936,-0.013168267573959724,5.850239668954997,0.0,0.49404761904761907,CVX,XOM
2019-07-19,158.413,111.5295,0.8832466681373552,0.8874740891498867,-0.0018505729627289469,0.36153593966464226,-0.13386470259084948,0.13386470259084948,-0.0028304039771898104,0.005035772103625536,0.8079832472839031,-0.015998671551149535,5.857108429898257,0.0,0.4801587301587301,CVX,XOM
2019-07-22,158.5379,111.316,0.8832466681373552,0.8874740891498867,0.0006380742419205276,0.6587808330772369,0.36153593966464226,0.36153593966464226,0.004358006165747774,0.005081081586934106,0.8152555738409403,-0.01164066538540176,5.527367192044078,0.0,0.4365079365079365,CVX,XOM
2019-07-23,159.4583,111.4864,0.8832466681373552,0.8874740891498867,0.005069352422912843,1.1113079172836766,0.6587808330772369,0.6587808330772369,0.0024886472046494745,0.0050736973087215234,0.8006457206961759,-0.009152018180752286,5.5889412010080015,0.0,0.5873015873015872,CVX,XOM
2019-07-24,160.313,112.2978,0.8832466681373552,0.8874740891498867,0.003979399588913246,0.9271787683432703,1.1113079172836766,1.1113079172836766,0.004431278180992315,0.0045579365252927965,0.8037466639447722,-0.004720739999759971,5.6539718838245046,1.0,0.40476190476190477,CVX,XOM
2019-07-25,159.8215,111.3712,0.8832466681373552,0.8874740891498867,0.008261983720585953,1.310565800207643,0.9271787683432703,0.9271787683432703,-0.0010899528339995967,0.004313884635722525,0.8066047041019994,-0.005810692833759568,5.77320063196363,0.0,0.30952380952380953,CVX,XOM
2019-07-26,158.5457,110.4811,0.8832466681373552,0.8874740891498867,0.007368654992728096,1.1563426251349125,1.310565800207643,1.310565800207643,0.0042825841316727065,0.004369385063586851,0.8004295857343214,-0.0015281087020868611,5.987251711254005,1.0,0.3888888888888889,CVX,XOM
2019-07-29,157.3157,109.7898,0.8832466681373552,0.8874740891498867,0.005150919739874027,0.8714964236181195,1.1563426251349125,1.1563426251349125,-0.0008933287278578561,0.004199078672395079,0.7972961766526138,-0.0024214374299447172,5.989154803411344,2.0,0.3630952380952381,CVX,XOM
2019-07-30,154.4119,108.3436,0.8832466681373552,0.8874740891498867,-0.0017121075051260704,0.14137260928489476,0.8714964236181195,0.8714964236181195,-0.0022177352528540695,0.004220184733897013,0.800043509312309,-0.004639172682798787,5.950009936484845,0.0,0.35912698412698413,CVX,XOM
2019-07-31,152.4096,108.0439,0.8832466681373552,0.8874740891498867,-0.012305849300022764,-0.9800083488059048,0.14137260928489476,0.14137260928489476,-0.006863027245000097,0.004410290784773803,0.8161801036371195,-0.011502199927798884,5.788419801406387,0.0,0.2361111111111111,CVX,XOM
2019-08-01,152.5586,108.954,0.8832466681373552,0.8874740891498867,-0.018772962870082566,-1.6499798473808203,-0.9800083488059048,0.9800083488059048,-0.010593741794896694,0.004395786783053465,0.8082644357799126,-0.022095941722695578,6.068360430428147,0.0,0.3035714285714286,CVX,XOM
2019-08-02,152.3532,108.5848,0.8832466681373552,0.8874740891498867,-0.01710784888646444,-1.499913204143406,-1.6499798473808203,1.6499798473808203,-0.0064671135700598015,0.004511558243740756,0.8075443733608942,-0.02856305529275538,6.523912011613458,1.0,0.35317460317460314,CVX,XOM
2019-08-05,151.9064,108.672,0.8832466681373552,0.8874740891498867,-0.020757224700314048,-1.8242390621689297,-1.499913204143406,1.499913204143406,0.0016651139836181272,0.004527125637471599,0.8062452635856642,-0.026897941309137252,6.557137401095683,2.0,0.38888888888888884,CVX,XOM
2019-08-06,151.7158,109.3382,0.8832466681373552,0.8874740891498867,-0.027436672132655993,-2.4702821317591175,-1.8242390621689297,1.8242390621689297,-0.003649375813849609,0.004464415119761144,0.8082217239959163,-0.03054731712298686,7.200253963108348,3.0,0.3253968253968254,CVX,XOM
2019-08-07,152.9694,110.3491,0.8832466681373552,0.8874740891498867,-0.02737535811555336,-2.283135017224855,-2.4702821317591175,2.4702821317591175,-0.006679447432341945,0.00462049485539074,0.7996929781941883,-0.037226764555328806,8.386655468468964,4.0,0.48412698412698413,CVX,XOM
2019-08-08,152.9557,110.0308,0.8832466681373552,0.8874740891498867,-0.02490132031511827,-1.9370536611775333,-2.283135017224855,2.283135017224855,6.131401710263162e-05,0.004458887614713359,0.8062592010087803,-0.037165450538226175,8.95553017665733,5.0,0.36904761904761907,CVX,XOM
2019-08-09,154.0243,110.4433,0.8832466681373552,0.8874740891498867,-0.021260150356310348,-1.512399439105672,-1.9370536611775333,1.9370536611775333,0.0024740378004350916,0.004218771628827751,0.8050589157960352,-0.03469141273779108,8.730395120626191,6.0,0.32142857142857145,CVX,XOM
2019-08-12,154.1044,110.3975,0.8832466681373552,0.8874740891498867,-0.020372132610250837,-1.350303207870836,-1.512399439105672,1.512399439105672,0.0036411699588079216,0.0043671661254119365,0.8116249601571425,-0.03105024277898316,8.359872473389608,7.0,0.2698412698412698,CVX,XOM
2019-08-13,153.1532,109.6211,0.8832466681373552,0.8874740891498867,-0.02030024987361756,-1.2574685394684897,-1.350303207870836,1.350303207870836,0.0008880177460595107,0.00421401905277865,0.8169309166820966,-0.03016222503292365,8.368780232034725,8.0,0.18253968253968256,CVX,XOM
2019-08-14,152.1973,109.1116,0.8832466681373552,0.8874740891498867,-0.02242682970420784,-1.3359039196063145,-1.2574685394684897,1.2574685394684897,7.188273663327749e-05,0.004208121570935917,0.8218192255466183,-0.030090342296290373,8.110028045895444,9.0,0.15873015873015872,CVX,XOM
2019-08-15,151.162,107.8862,0.8832466681373552,0.8874740891498867,-0.019229077043898535,-1.0030533253732294,-1.3359039196063145,1.3359039196063145,-0.0021265798305902806,0.00416228183559373,0.8221131683864905,-0.032216922126880654,8.497137337912356,10.0,0.14285714285714285,CVX,XOM
2019-08-16,150.1249,107.1312,0.8832466681373552,0.8874740891498867,-0.019881093385724746,-0.9883331313990691,-1.0030533253732294,1.0030533253732294,0.0031977526603093054,0.0042330375068988235,0.8246014654871913,-0.02901916946657135,7.756554280967192,11.0,0.15674603174603174,CVX,XOM
2019-08-19,150.1039,107.0612,0.8832466681373552,0.8874740891498867,-0.019440917667711055,-0.893709602685972,-0.9883331313990691,0.9883331313990691,-0.0006520163418262115,0.0040744737281496165,0.8280449253480864,-0.02967118580839756,7.741204005293096,0.0,0.0992063492063492,CVX,XOM
2019-08-20,151.7347,107.5821,0.8832466681373552,0.8874740891498867,-0.01294252030638976,-0.3333163472216037,-0.893709602685972,0.893709602685972,0.00044017571801369115,0.004013251801918233,0.8250132615320259,-0.02923101009038387,8.136870028820837,0.0,0.09920634920634921,CVX,XOM
2019-08-21,154.0413,108.7455,0.8832466681373552,0.8874740891498867,-0.007401055816603552,0.15285741858896795,-0.3333163472216037,0.3333163472216037,0.006498397361321295,0.004175246461616431,0.8266728390418201,-0.022732612729062573,7.5751421020664225,0.0,0.13690476190476192,CVX,XOM
2019-08-22,153.2305,108.2212,0.8832466681373552,0.8874740891498867,-0.008389310068965372,0.12660037080902553,0.15285741858896795,0.15285741858896795,0.0055414644897862075,0.004404084079096415,0.833352470867029,-0.017191148239276366,7.336188372286624,0.0,0.17658730158730157,CVX,XOM
2019-08-23,153.6689,108.6732,0.8832466681373552,0.8874740891498867,-0.009231278343494687,0.10403154361018582,0.12660037080902553,0.12660037080902553,-0.0009882542523618199,0.00426126571663876,0.8409680746361013,-0.018179402491638186,7.725640671427724,0.0,0.11904761904761904,CVX,XOM
2019-08-26,152.8073,108.1853,0.8832466681373552,0.8874740891498867,-0.01086053443448165,-0.010275295744496106,0.10403154361018582,0.10403154361018582,-0.0008419682745293144,0.004261243799762343,0.8391869719430979,-0.0190213707661675,7.632625555526403,0.0,0.12301587301587301,CVX,XOM
2019-08-27,151.5619,108.3406,0.8832466681373552,0.8874740891498867,-0.02031711808672121,-0.8212622347823819,-0.010275295744496106,0.010275295744496106,-0.0016292560909869636,0.0042535847016252305,0.8430682048712793,-0.020650626857154464,7.478124010742866,0.0,0.11706349206349206,CVX,XOM
2019-08-28,152.2178,108.107,0.8832466681373552,0.8874740891498867,-0.014083245706800085,-0.21298314969453253,-0.8212622347823819,0.8212622347823819,-0.009456583652239559,0.004470439016394285,0.8320884256245058,-0.030107210509394022,7.414133667487889,0.0,0.2103174603174603,CVX,XOM
2019-08-29,150.7841,107.3706,0.8832466681373552,0.8874740891498867,-0.017480670637581852,-0.4954808632164152,-0.21298314969453253,0.21298314969453253,0.006233872379921124,0.004144150477817683,0.8334030188100073,-0.0238733381294729,6.332814217235965,0.0,0.10119047619047619,CVX,XOM
2019-08-30,152.1296,107.7907,0.8832466681373552,0.8874740891498867,-0.012062464453215682,0.04339742070020406,-0.4954808632164152,0.4954808632164152,-0.003397424930781767,0.003957733302199686,0.8365387920345001,-0.027270763060254666,5.787318798825748,0.0,0.04365079365079365,CVX,XOM
2019-09-02,151.5716,107.3036,0.8832466681373552,0.8874740891498867,-0.011717599569484705,0.11848690509335279,0.04339742070020406,0.04339742070020406,0.00541820618436617,0.004115021976013114,0.8338268875124605,-0.021852556875888496,5.658331906769832,0.0,0.10119047619047619,CVX,XOM
2019-09-03,152.1927,106.9331,0.8832466681373552,0.8874740891498867,-0.0045586484875359545,0.8857176314932893,0.11848690509335279,0.11848690509335279,0.00034486488373097757,0.004016566688711923,0.8190731644299954,-0.021507691992157518,5.613639357265619,0.0,0.15079365079365079,CVX,XOM
2019-09-04,151.7219,106.2879,0.8832466681373552,0.8874740891498867,-0.002285936323612958,1.1753098968584657,0.8857176314932893,0.8857176314932893,0.00715895108194875,0.003919229928950861,0.8169635999730381,-0.014348740910208768,5.020122980637893,0.0,0.1507936507936508,CVX,XOM
2019-09-05,151.6518,105.7384,0.8832466681373552,0.8874740891498867,0.0018519991853152007,1.7099856636727764,1.1753098968584657,1.1753098968584657,0.0022727121639229964,0.003918322152999116,0.8102433580279693,-0.012076028746285772,4.625440193155785,1.0,0.2123015873015873,CVX,XOM
2019-09-06,151.2475,105.786,0.8832466681373552,0.8874740891498867,-0.001216958635633425,1.4938440030182014,1.7099856636727764,1.7099856636727764,0.004137935508928159,0.0039607673890915416,0.7930784104269696,-0.007938093237357613,4.468880060832737,2.0,0.36309523809523814,CVX,XOM
2019-09-09,150.3752,105.8565,0.8832466681373552,0.8874740891498867,-0.007592273236101121,0.8643369674862879,1.4938440030182014,1.4938440030182014,-0.0030689578209486257,0.004034937906242673,0.7965498058233066,-0.011007051058306239,4.4603721265413485,3.0,0.373015873015873,CVX,XOM
2019-09-10,150.483,105.8241,0.8832466681373552,0.8874740891498867,-0.006603981566530415,1.0395119380509248,0.8643369674862879,0.8643369674862879,-0.006375314600467696,0.004343908236362381,0.7950054908692605,-0.017382365658773935,4.377631443593755,0.0,0.47023809523809523,CVX,XOM
2019-09-11,148.8425,105.6505,0.8832466681373552,0.8874740891498867,-0.01610834317662313,-0.18765807411380647,1.0395119380509248,1.0395119380509248,0.0009882916695707067,0.004342517591324309,0.7899981490196989,-0.01639407398920323,4.072498600359364,1.0,0.49404761904761907,CVX,XOM
2019-09-12,150.2744,106.8713,0.8832466681373552,0.8874740891498867,-0.01673012587953604,-0.27901916181357317,-0.18765807411380647,0.18765807411380647,-0.009504361610092715,0.00484944818064785,0.7532975503749698,-0.025898435599295944,4.450786934488537,0.0,0.7658730158730158,CVX,XOM
2019-09-13,149.606,106.9541,0.8832466681373552,0.8874740891498867,-0.02187522688648702,-0.9223045157740608,-0.27901916181357317,0.27901916181357317,-0.0006217827029129097,0.004807223057768234,0.7468335298090399,-0.026520218302208853,4.882017510568356,0.0,0.7638888888888888,CVX,XOM
2019-09-16,147.5498,105.8029,0.8832466681373552,0.8874740891498867,-0.026110548990160076,-1.4126911908617343,-0.9223045157740608,0.9223045157740608,-0.005145101006950981,0.004941397671861885,0.7311955636609532,-0.031665319309159834,5.112170369578311,0.0,0.8035714285714286,CVX,XOM
2019-09-17,148.8222,106.2896,0.8832466681373552,0.8874740891498867,-0.021597065724223263,-0.8936213523431904,-1.4126911908617343,1.4126911908617343,-0.004235322103673056,0.005020294050206857,0.7465253755169902,-0.03590064141283289,5.563292598745731,1.0,0.8214285714285714,CVX,XOM
2019-09-18,149.0259,106.0503,0.8832466681373552,0.8874740891498867,-0.01822894583218826,-0.5163219432677083,-0.8936213523431904,0.8936213523431904,0.004513483265936813,0.004902491974580448,0.7672339558087149,-0.03138715814689608,5.3247829445437755,0.0,0.7281746031746033,CVX,XOM
2019-09-19,150.1263,106.8542,0.8832466681373552,0.8874740891498867,-0.017574130171611024,-0.4754920703646548,-0.5163219432677083,0.5163219432677083,0.003368119892035004,0.0047917003863037055,0.7648776960302469,-0.028019038254861073,5.043600750030549,0.0,0.6964285714285714,CVX,XOM
2019-09-20,151.251,107.4113,0.8832466681373552,0.8874740891498867,-0.014725317541943284,-0.10644181558703628,-0.4754920703646548,0.4754920703646548,0.0006548156605772348,0.004797416507963788,0.765931251671793,-0.027364222594283838,5.249075428369805,0.0,0.6924603174603174,CVX,XOM
2019-09-23,150.1415,106.8298,0.8832466681373552,0.8874740891498867,-0.017270210665206065,-0.4913461000265803,-0.10644181558703628,0.10644181558703628,0.0028488126296677407,0.004849844062036961,0.7813412966214964,-0.024515409964616097,5.388830525771186,0.0,0.6805555555555556,CVX,XOM
2019-09-24,152.5031,107.1268,0.8832466681373552,0.8874740891498867,-0.004127333647526044,1.3145263470057507,-0.4913461000265803,0.4913461000265803,-0.0025448931232627814,0.004866707202960152,0.7834025555632839,-0.02706030308787888,5.4884074171762105,0.0,0.6706349206349207,CVX,XOM
2019-09-25,155.062,108.775,0.8832466681373552,0.8874740891498867,-0.001037484564439417,1.624401311673478,1.3145263470057507,1.3145263470057507,0.013142877017680021,0.005224718955966421,0.7743033204474735,-0.013917426070198857,5.042184724802196,1.0,0.7976190476190477,CVX,XOM
2019-09-26,156.0389,109.7936,0.8832466681373552,0.8874740891498867,-0.003029075847685192,1.2533603239882145,1.624401311673478,1.624401311673478,0.0030898490830866265,0.005105074082244101,0.8134583373082273,-0.01082757698711223,5.089035394082307,2.0,0.5,CVX,XOM
2019-09-27,157.301,110.1811,0.8832466681373552,0.8874740891498867,0.001900064355251807,1.7689220111863688,1.2533603239882145,1.2533603239882145,-0.001991591283245775,0.005058293842659893,0.8165404455414159,-0.012819168270358006,5.090003048312304,3.0,0.4603174603174603,CVX,XOM
2019-09-30,158.0906,110.0449,0.8832466681373552,0.8874740891498867,0.008004910196141246,2.2765151915126163,1.7689220111863688,1.7689220111863688,0.004929140202936999,0.005036670606263278,0.8152734108738838,-0.007890028067421007,5.1975376009988805,4.0,0.46825396825396826,CVX,XOM
2019-10-01,158.3032,110.6615,0.8832466681373552,0.8874740891498867,0.004390018856121891,1.6747408696975847,2.2765151915126163,2.2765151915126163,0.006104845840889439,0.005171121579679441,0.8107394020537868,-0.0017851822265315676,5.495953175742882,5.0,0.5555555555555556,CVX,XOM
2019-10-02,156.6713,110.3013,0.8832466681373552,0.8874740891498867,-0.0030787683556425804,0.7736201320335957,1.6747408696975847,1.6747408696975847,-0.003614891340019355,0.0050599988332722355,0.8056558280293016,-0.0054000735665509225,5.351064468958484,6.0,0.5813492063492063,CVX,XOM
2019-10-03,156.1774,110.6054,0.8832466681373552,0.8874740891498867,-0.008679601678742266,0.12281539989019681,0.7736201320335957,0.7736201320335957,-0.007468787211764472,0.0053228837528107005,0.8016182658520166,-0.012868860778315394,4.949742739759629,0.0,0.6944444444444444,CVX,XOM
2019-10-04,156.0961,110.8673,0.8832466681373552,0.8874740891498867,-0.01129924467120258,-0.1740592621459719,0.12281539989019681,0.12281539989019681,-0.005600833323099685,0.005363741002553058,0.7954288212115165,-0.01694158539932822,4.824320612147187,0.0,0.7321428571428572,CVX,XOM
2019-10-07,155.9541,110.7229,0.8832466681373552,0.8874740891498867,-0.0110527035889465,-0.1446102670935912,-0.1740592621459719,0.1740592621459719,-0.0026196429924603137,0.005353977420588367,0.7889887459957212,-0.019561228391788532,4.706482753275857,0.0,0.7678571428571428,CVX,XOM
2019-10-08,153.4472,109.7463,0.8832466681373552,0.8874740891498867,-0.019395463443321326,-1.1236195896611159,-0.1446102670935912,0.1446102670935912,0.00024654108225607985,0.005182670770594596,0.78495859550673,-0.019314687309532452,4.9623522012012495,0.0,0.7559523809523809,CVX,XOM
2019-10-09,151.653,108.5622,0.8832466681373552,0.8874740891498867,-0.021529610817275113,-1.3093714936693228,-1.1236195896611159,1.1236195896611159,-0.008342759854374826,0.005469205044484383,0.7932804345304332,-0.02765744716390728,4.927794373828895,1.0,0.753968253968254,CVX,XOM
2019-10-10,150.2953,107.5736,0.8832466681373552,0.8874740891498867,-0.02240397437267827,-1.3620340293058135,-1.3093714936693228,1.3093714936693228,-0.0021341473739537875,0.0050949846175393524,0.8035533400165967,-0.029791594537861066,4.985719915431246,2.0,0.625,CVX,XOM
2019-10-11,149.7941,106.9195,0.8832466681373552,0.8874740891498867,-0.020331566904924436,-1.0786755708420954,-1.3620340293058135,1.3620340293058135,-0.000874363555403157,0.005096151205871204,0.8072857119631452,-0.030665958093264223,5.26990875108106,3.0,0.5674603174603174,CVX,XOM
2019-10-14,149.8577,106.5353,0.8832466681373552,0.8874740891498867,-0.016712319030930622,-0.659909442304394,-1.0786755708420954,1.0786755708420954,0.002072407467753834,0.004993638123312236,0.8015437326800184,-0.02859355062551039,5.307488730477467,4.0,0.5952380952380952,CVX,XOM
2019-10-15,150.461,106.6759,0.8832466681373552,0.8874740891498867,-0.013865053845364628,-0.31897609153117557,-0.659909442304394,0.659909442304394,0.003619247873993814,0.004947687560730266,0.7998543830327979,-0.024974302751516575,5.126849544984228,0.0,0.6071428571428571,CVX,XOM
2019-10-16,153.5446,107.8506,0.8832466681373552,0.8874740891498867,-0.003297213225009088,0.8413936993522355,-0.31897609153117557,0.31897609153117557,0.0028472651855659947,0.004892620809702771,0.8005637935536367,-0.02212703756595058,5.133182578194596,0.0,0.5892857142857143,CVX,XOM
2019-10-17,154.4438,107.8732,0.8832466681373552,0.8874740891498867,0.0023560343762465408,1.4550477496670424,0.8413936993522355,0.8413936993522355,0.01056784062035554,0.005342897902697432,0.8106165456540991,-0.01155919694559504,4.912295685635313,0.0,0.6011904761904762,CVX,XOM
2019-10-18,153.6785,107.2161,0.8832466681373552,0.8874740891498867,0.0028110177437143946,1.4629282172729834,1.4550477496670424,1.4550477496670424,0.005653247601255629,0.005448618374652966,0.812615518112935,-0.005648875819894705,4.884331339232283,1.0,0.5912698412698413,CVX,XOM
2019-10-21,153.203,107.423,0.8832466681373552,0.8874740891498867,-0.001998851343642194,0.9153718417899552,1.4629282172729834,1.4629282172729834,0.00045498336746785384,0.005432883858967171,0.8104103417059955,-0.0051938924524268515,4.876168376059592,2.0,0.623015873015873,CVX,XOM
2019-10-22,152.0781,106.9766,0.8832466681373552,0.8874740891498867,-0.005672872733316403,0.5220737117750354,0.9153718417899552,0.9153718417899552,-0.004809869087356589,0.005525840805322449,0.804025074524957,-0.01000376153978344,4.834829770016283,0.0,0.7242063492063493,CVX,XOM
2019-10-23,150.8152,106.8203,0.8832466681373552,0.8874740891498867,-0.012714223713159889,-0.23578629549628446,0.5220737117750354,0.5220737117750354,-0.003674021389674209,0.0048114594210508805,0.7891735571435795,-0.01367778292945765,4.751817050720146,0.0,0.621031746031746,CVX,XOM
2019-10-24,151.6929,107.3107,0.8832466681373552,0.8874740891498867,-0.010976357685817284,-0.0719996078979296,-0.23578629549628446,0.23578629549628446,-0.007041350979843486,0.004981658429526252,0.7926907428688591,-0.020719133909301135,4.82402768820935,0.0,0.6547619047619048,CVX,XOM
2019-10-25,152.7439,107.8331,0.8832466681373552,0.8874740891498867,-0.00838161451471997,0.16198178698100546,-0.0719996078979296,0.0719996078979296,0.001737866027342605,0.004995255269180536,0.8054169708833441,-0.01898126788195853,4.816103469731901,0.0,0.5714285714285714,CVX,XOM
2019-10-28,151.6388,106.508,0.8832466681373552,0.8874740891498867,-0.004669671931569752,0.5188103210735749,0.16198178698100546,0.16198178698100546,0.0025947431710973134,0.0048957128770013595,0.808486579876046,-0.016386524710861217,4.811786218693705,0.0,0.5,CVX,XOM
2019-10-29,152.6176,107.0445,0.8832466681373552,0.8874740891498867,-0.002694748310401174,0.6947758451299156,0.5188103210735749,0.5188103210735749,0.0037119425831502184,0.004759846956016412,0.8086692133188811,-0.012674582127710998,4.82386799817224,0.0,0.4384920634920635,CVX,XOM
2019-10-30,152.9087,106.6662,0.8832466681373552,0.8874740891498867,0.0023527443695101624,1.2131938994834452,0.6947758451299156,0.6947758451299156,0.0019749236211685783,0.004740666093064819,0.8214519372137304,-0.01069965850654242,4.792817691520248,0.0,0.3353174603174603,CVX,XOM
2019-10-31,153.9513,106.836,0.8832466681373552,0.8874740891498867,0.007736421034004515,1.7044378878244775,1.2131938994834452,1.2131938994834452,0.005047492679911336,0.004583706632321971,0.8143941844444491,-0.005652165826631084,4.903325612936625,1.0,0.34523809523809523,CVX,XOM
2019-11-01,155.1693,108.3061,0.8832466681373552,0.8874740891498867,0.0034881908698034536,1.1323755033849152,1.7044378878244775,1.7044378878244775,0.005383676664494352,0.0045045684964124455,0.8145481928335442,-0.00026848916213673135,5.348753752205254,2.0,0.32341269841269843,CVX,XOM
2019-11-04,155.6096,108.921,0.8832466681373552,0.8874740891498867,0.0012973980652661865,0.822737175208978,1.1323755033849152,1.1323755033849152,-0.004248230164201061,0.004580112195617108,0.8082913928360053,-0.0045167193263377925,5.251721383923167,3.0,0.4126984126984127,CVX,XOM
2019-11-05,156.8883,109.8408,0.8832466681373552,0.8874740891498867,0.0020182352269628723,0.8718369385167576,0.822737175208978,0.822737175208978,-0.002190792804537267,0.004623821509565896,0.8068755099942604,-0.00670751213087506,5.309498527390513,0.0,0.4623015873015873,CVX,XOM
2019-11-06,156.6236,110.0473,0.8832466681373552,0.8874740891498867,-0.0013372565419755844,0.48666910118441203,0.8718369385167576,0.8718369385167576,0.0007208371616966858,0.004142531818096164,0.8080196355673516,-0.005986674969178374,5.367711459349501,0.0,0.2777777777777778,CVX,XOM
2019-11-07,157.1633,110.5534,0.8832466681373552,0.8874740891498867,-0.001969415141221731,0.4091373149079683,0.48666910118441203,0.48666910118441203,-0.0033554917689384567,0.00419795726070769,0.8037167148732575,-0.00934216673811683,5.339807259034196,0.0,0.373015873015873,CVX,XOM
2019-11-08,157.4779,110.5858,0.8832466681373552,0.8874740891498867,-0.00022973120998059926,0.6213259098083764,0.4091373149079683,0.4091373149079683,-0.0006321585992461465,0.004192851142909303,0.8038082460929777,-0.009974325337362977,5.33354140840383,0.0,0.37103174603174605,CVX,XOM
2019-11-11,157.7458,110.8326,0.8832466681373552,0.8874740891498867,-0.0005084000931754318,0.6456641067092106,0.6213259098083764,0.6213259098083764,0.0017396839312411316,0.004189307891728675,0.800032985184039,-0.008234641406121845,5.4165244450034535,0.0,0.4107142857142857,CVX,XOM
2019-11-12,157.2234,110.4408,0.8832466681373552,0.8874740891498867,-0.0006827195159759825,0.6577257433097252,0.6456641067092106,0.6456641067092106,-0.0002786688831948325,0.00415367640696356,0.7999200505600707,-0.008513310289316678,5.45672107191443,0.0,0.3988095238095238,CVX,XOM
2019-11-13,157.4418,111.1141,0.8832466681373552,0.8874740891498867,-0.004688618559636204,0.17347451831158503,0.6577257433097252,0.6577257433097252,-0.00017431942280055068,0.004131728903425428,0.8001157335503393,-0.008687629712117229,5.478564872498485,0.0,0.38690476190476186,CVX,XOM
2019-11-14,157.2102,110.6215,0.8832466681373552,0.8874740891498867,-0.002217552487975283,0.4497213959176967,0.17347451831158503,0.17347451831158503,-0.0040058990436602215,0.003566395539456543,0.7847846673578959,-0.01269352875577745,5.428224458115981,0.0,0.4027777777777778,CVX,XOM
2019-11-15,157.9873,110.909,0.8832466681373552,0.8874740891498867,0.00040982342724937837,0.7229535163955617,0.4497213959176967,0.4497213959176967,0.002471066071660921,0.003373287843977697,0.7811710216232851,-0.010222462684116529,5.5567142433115855,0.0,0.4226190476190476,CVX,XOM
2019-11-18,158.6446,111.8011,0.8832466681373552,0.8874740891498867,-0.00254821582283693,0.3281257173012805,0.7229535163955617,0.7229535163955617,0.002627375915224661,0.0034280833568828386,0.781565794396319,-0.007595086768891868,5.72746622951175,0.0,0.41666666666666663,CVX,XOM
2019-11-19,158.3992,112.3315,0.8832466681373552,0.8874740891498867,-0.00829661233481449,-0.4483548242194313,0.3281257173012805,0.3281257173012805,-0.0029580392500863084,0.0033235783595622205,0.7773082876290082,-0.010553126018978176,5.662324024780032,0.0,0.42857142857142855,CVX,XOM
2019-11-20,159.8213,112.5872,0.8832466681373552,0.8874740891498867,-0.0013765851186677835,0.39491428497188674,-0.4483548242194313,0.4483548242194313,-0.00574839651197756,0.0034651116946057075,0.7824921986420158,-0.016301522530955737,5.583134683454777,0.0,0.4087301587301587,CVX,XOM
2019-11-21,161.4504,112.7187,0.8832466681373552,0.8874740891498867,0.007729123277814054,1.6679172775381983,0.39491428497188674,0.39491428497188674,0.006920027216146707,0.0034085424465788213,0.7856806735281228,-0.00938149531480903,5.728228993507912,0.0,0.3888888888888889,CVX,XOM
2019-11-22,161.3558,112.5336,0.8832466681373552,0.8874740891498867,0.008601568584110098,1.7873595738408345,1.6679172775381983,1.6679172775381983,0.009105708396481837,0.0038806528498197706,0.7705917456615197,-0.00027578691832719215,5.977032231434978,1.0,0.4623015873015873,CVX,XOM
2019-11-25,162.1875,113.357,0.8832466681373552,0.8874740891498867,0.007272836620521694,1.536738896477228,1.7873595738408345,1.7873595738408345,0.0008724453062960436,0.003861936852153511,0.7704056823369968,0.0,6.016492143815044,2.0,0.4642857142857143,CVX,XOM
2019-11-26,162.082,112.6907,0.8832466681373552,0.8874740891498867,0.011854009802195975,2.198357442239284,1.536738896477228,1.536738896477228,-0.0013287319635884032,0.003831242525431308,0.7691019708558781,-0.0013287319635884032,6.3294528737879,3.0,0.4662698412698413,CVX,XOM
2019-11-27,161.8021,112.2609,0.8832466681373552,0.8874740891498867,0.013516892400184943,2.194983130472,2.198357442239284,2.198357442239284,0.004581173181674281,0.003919203156123725,0.7744534579609977,0.0,6.993581703312322,4.0,0.4603174603174603,CVX,XOM
2019-11-28,159.0242,110.4612,0.8832466681373552,0.8874740891498867,0.010542034444901205,1.5960561754987563,2.194983130472,2.194983130472,0.0016628825979889683,0.003800279409653594,0.7742976854706983,0.0,7.482904621168172,5.0,0.4444444444444444,CVX,XOM
2019-11-29,158.4026,109.5187,0.8832466681373552,0.8874740891498867,0.01423031661954699,1.9698820917589948,1.5960561754987563,1.5960561754987563,-0.0029748579552837384,0.003705041254743367,0.8011363527005897,-0.0029748579552837384,7.298156225781189,6.0,0.3194444444444444,CVX,XOM
2019-12-02,158.9603,110.4304,0.8832466681373552,0.8874740891498867,0.010387617795422521,1.3142403615086193,1.9698820917589948,1.9698820917589948,0.003688282174645785,0.0036381759846672705,0.8004960244478897,0.0,8.102822719953673,7.0,0.3273809523809524,CVX,XOM
2019-12-03,159.0794,110.945,0.8832466681373552,0.8874740891498867,0.007010603168267515,0.7816984228473575,1.3142403615086193,1.3142403615086193,-0.0038426988241244686,0.0037170640940986446,0.8022460508788934,-0.0038426988241244686,7.7722472848794375,8.0,0.3115079365079365,CVX,XOM
2019-12-04,157.8213,109.8662,0.8832466681373552,0.8874740891498867,0.007742329225401079,0.8404112149240789,0.7816984228473575,0.7816984228473575,-0.003377014627155006,0.003808551883755434,0.7996905121678546,-0.007219713451279475,7.642202129433072,0.0,0.3611111111111111,CVX,XOM
2019-12-05,156.0296,108.5587,0.8832466681373552,0.8874740891498867,0.006949717945688327,0.6728650023163038,0.8404112149240789,0.8404112149240789,0.0007317260571335638,0.0037182098517574737,0.8125477893327075,-0.006487987394145911,7.579232742837531,0.0,0.16865079365079366,CVX,XOM
2019-12-06,153.7842,106.6469,0.8832466681373552,0.8874740891498867,0.00822264666840855,0.8275276945572337,0.6728650023163038,0.6728650023163038,-0.0007926112797127516,0.003720716969311899,0.8171953154741503,-0.0072805986738586626,7.429301119735878,0.0,0.13095238095238096,CVX,XOM
2019-12-09,154.1882,106.3273,0.8832466681373552,0.8874740891498867,0.013509840106062931,1.5990850924692395,0.8275276945572337,0.8275276945572337,0.0012729287227202235,0.003713986771840771,0.8329376641759211,-0.006007669951138439,7.735236541668686,0.0,0.05357142857142857,CVX,XOM
2019-12-10,156.1673,108.649,0.8832466681373552,0.8874740891498867,0.0070939523704529606,0.4804419119948623,1.5990850924692395,1.5990850924692395,0.0052871934376543805,0.0038567946186221537,0.8216211751752683,-0.0007204765134840585,7.630175920610897,1.0,0.1369047619047619,CVX,XOM
2019-12-11,156.7859,109.0969,0.8832466681373552,0.8874740891498867,0.00739621775612509,0.5019988568605227,0.4804419119948623,0.4804419119948623,-0.006415887735609971,0.004155912922645032,0.8210492805698586,-0.007136364249094029,7.80851653393376,0.0,0.21626984126984128,CVX,XOM
2019-12-12,158.2522,109.105,0.8832466681373552,0.8874740891498867,0.01663911144730168,1.9006509655713624,0.5019988568605227,0.5019988568605227,0.00030226538567212913,0.004032356937760214,0.8229329836508517,-0.0068340988634219,7.871106566342191,0.0,0.16666666666666666,CVX,XOM
2019-12-13,157.8571,109.2351,0.8832466681373552,0.8874740891498867,0.013081722195487089,1.2475819676151305,1.9006509655713624,1.9006509655713624,0.00924289369117659,0.0044387297756592215,0.8116180793035609,0.0,9.378787797196757,1.0,0.3948412698412699,CVX,XOM
2019-12-16,155.9667,108.3522,0.8832466681373552,0.8874740891498867,0.008236265942706211,0.4595449254298287,1.2475819676151305,1.2475819676151305,-0.003557389251814591,0.004525197190920382,0.8079019812753397,-0.003557389251814591,9.069143276918254,2.0,0.4801587301587301,CVX,XOM
2019-12-17,153.8103,108.0892,0.8832466681373552,0.8874740891498867,-0.003529474618034101,-1.3100056912053726,0.4595449254298287,0.4595449254298287,-0.0048454562527808775,0.004617847122842488,0.8100556492472317,-0.008402845504595469,8.621562625227384,0.0,0.4722222222222222,CVX,XOM
2019-12-18,154.8159,108.7335,0.8832466681373552,0.8874740891498867,-0.0022871974033131792,-1.1110684557949413,-1.3100056912053726,1.3100056912053726,-0.011765740560740312,0.005179564661869065,0.8124869725130044,-0.02016858606533578,7.543948534124799,1.0,0.5932539682539683,CVX,XOM
2019-12-19,155.5466,108.9171,0.8832466681373552,0.8874740891498867,0.0009242340070896304,-0.6487351378541321,-1.1110684557949413,1.1110684557949413,0.0012422772147209216,0.004956354996867909,0.8001340391483187,-0.01892630885061486,7.7584186190932245,2.0,0.7003968253968254,CVX,XOM
2019-12-20,156.7599,109.4589,0.8832466681373552,0.8874740891498867,0.0042904744510909865,-0.15877602259975368,-0.6487351378541321,0.6487351378541321,0.0032114314104028097,0.004563083377710832,0.7974963810757665,-0.01571487744021205,7.715501563681883,0.0,0.621031746031746,CVX,XOM
2019-12-23,156.4262,109.8135,0.8832466681373552,0.8874740891498867,-0.0007109170993899738,-0.9305246467789507,-0.15877602259975368,0.15877602259975368,0.003366240444001356,0.004628126302410749,0.7995653932020348,-0.012348636996210693,8.13254254896998,0.0,0.6369047619047619,CVX,XOM
2019-12-24,157.1045,110.2906,0.8832466681373552,0.8874740891498867,-0.0002314640060117057,-0.8605390629082268,-0.9305246467789507,0.9305246467789507,-0.00500139155048096,0.004740156699359538,0.8007068977840178,-0.017350028546691654,7.865283005316087,0.0,0.6190476190476191,CVX,XOM
2019-12-25,156.9697,110.0561,0.8832466681373552,0.8874740891498867,0.000799097347474742,-0.754026233749935,-0.8605390629082268,0.8605390629082268,0.00047945309337826814,0.0046071060360734425,0.8037699100246838,-0.016870575453313386,7.760162190462896,0.0,0.5654761904761905,CVX,XOM
2019-12-26,158.3383,110.9987,0.8832466681373552,0.8874740891498867,0.0019115833262537407,-0.6103988671265239,-0.754026233749935,0.754026233749935,0.0010305613534864477,0.0045935891034647345,0.8074138534576517,-0.015840014099826938,7.452389003273562,0.0,0.501984126984127,CVX,XOM
2019-12-27,158.6237,111.8201,0.8832466681373552,0.8874740891498867,-0.002830774181203033,-1.3418571722649273,-0.6103988671265239,0.6103988671265239,0.0011124859787789987,0.004575871192750254,0.8168974927457169,-0.01472752812104794,7.63438741275829,0.0,0.38293650793650796,CVX,XOM
2019-12-30,157.9447,111.2545,0.8832466681373552,0.8874740891498867,-0.0026201871823383627,-1.3070510183803314,-1.3418571722649273,1.3418571722649273,-0.004742357507456774,0.0045652418673141,0.8144266491218641,-0.019469885628504713,7.877634109909407,1.0,0.4027777777777778,CVX,XOM
2019-12-31,156.4357,110.5992,0.8832466681373552,0.8874740891498867,-0.006977330514228441,-2.043082172364004,-1.3070510183803314,1.3070510183803314,0.00021058699886467025,0.004517745954684221,0.8156021550498702,-0.019259298629640043,7.852369103222818,2.0,0.37896825396825395,CVX,XOM
2020-01-01,156.8096,111.8832,0.8832466681373552,0.8874740891498867,-0.014833833947355934,-2.8277110610180713,-2.043082172364004,2.043082172364004,-0.004357143331890079,0.004552241621034663,0.8153977271704981,-0.02361644196153012,7.914053286968098,3.0,0.38888888888888884,CVX,XOM
2020-01-02,157.4609,111.8721,0.8832466681373552,0.8874740891498867,-0.010600939792506203,-1.9940651769244218,-2.8277110610180713,2.8277110610180713,-0.007856503433127493,0.004795551354916395,0.7971583790052288,-0.031472945394657614,8.041999209130424,4.0,0.6904761904761905,CVX,XOM
2020-01-03,158.6158,112.5549,0.8832466681373552,0.8874740891498867,-0.008693332401742637,-1.599293496241386,-1.9940651769244218,1.9940651769244218,0.004232894154849731,0.004936184225017477,0.7882845592925045,-0.027240051239807883,7.852754222896212,5.0,0.7579365079365079,CVX,XOM
2020-01-06,158.7985,112.2804,0.8832466681373552,0.8874740891498867,-0.005375131290671575,-1.105393468846024,-1.599293496241386,1.599293496241386,0.001907607390763566,0.0049519222249923825,0.7894217885528756,-0.025332443849044317,7.741198934684563,6.0,0.7619047619047619,CVX,XOM
2020-01-07,159.267,112.877,0.8832466681373552,0.8874740891498867,-0.0071322897093599735,-1.234937148236653,-1.105393468846024,1.105393468846024,0.003318201111071062,0.004847484547557235,0.7896340330111223,-0.022014242737973255,7.498422576246548,7.0,0.7261904761904763,CVX,XOM
2020-01-08,160.6632,113.4625,0.8832466681373552,0.8874740891498867,-0.002995565723638016,-0.672365003067368,-1.234937148236653,1.234937148236653,-0.0017571584186883982,0.004688277552020798,0.790327597956981,-0.023771401156661653,7.5000396926959345,8.0,0.6746031746031746,CVX,XOM
2020-01-09,161.6342,113.5265,0.8832466681373552,0.8874740891498867,0.00252949306699346,0.05885910414111902,-0.672365003067368,0.672365003067368,0.004136723985721957,0.004802811099020409,0.7895594229953407,-0.019634677170939696,7.181876531115467,0.0,0.7103174603174603,CVX,XOM
2020-01-10,165.2857,115.0959,0.8832466681373552,0.8874740891498867,0.01268473706284201,1.3832824068064666,0.05885910414111902,0.05885910414111902,0.005525058790631476,0.004482635784689807,0.7899458864899117,-0.01410961838030822,7.226339094167563,0.0,0.6190476190476191,CVX,XOM
2020-01-13,165.3316,114.6848,0.8832466681373552,0.8874740891498867,0.01613795763597725,1.7446887079499456,1.3832824068064666,1.3832824068064666,0.01015524399584855,0.005011489901077541,0.7955784950213868,-0.003954374384459669,7.84587462772519,1.0,0.746031746031746,CVX,XOM
2020-01-14,163.9956,113.5689,0.8832466681373552,0.8874740891498867,0.016701941001882048,1.6952351625901185,1.7446887079499456,1.7446887079499456,0.0034532205731352406,0.004937777586526941,0.7976725122292482,-0.0005011538113244285,9.004919742316682,2.0,0.7142857142857142,CVX,XOM
2020-01-15,162.4766,113.3506,0.8832466681373552,0.8874740891498867,0.009103861796222468,0.7776862013609298,1.6952351625901185,1.6952351625901185,0.0005639833659047966,0.004075381600881138,0.8026113258176722,0.0,9.75901613208993,3.0,0.39880952380952384,CVX,XOM
2020-01-16,162.8434,113.6952,0.8832466681373552,0.8874740891498867,0.008664933866126212,0.7155335784117755,0.7776862013609298,0.7776862013609298,-0.00759807920565958,0.004485197633372441,0.8020957136893246,-0.00759807920565958,8.259525818578444,0.0,0.5376984126984127,CVX,XOM
2020-01-17,160.0474,112.5351,0.8832466681373552,0.8874740891498867,0.00044789601699424253,-0.23063290452986707,0.7155335784117755,0.7155335784117755,-0.00043892793009625564,0.004448096289432556,0.8011788828034957,-0.008037007135755836,8.337642630888205,0.0,0.5357142857142857,CVX,XOM
2020-01-20,160.0802,113.0101,0.8832466681373552,0.8874740891498867,-0.0030852463179122935,-0.6017234178820963,-0.23063290452986707,0.23063290452986707,-0.00821703784913197,0.004765275435653146,0.8062863054524281,-0.016254044984887805,7.379716911910294,0.0,0.5595238095238095,CVX,XOM
2020-01-21,162.1616,113.3327,0.8832466681373552,0.8874740891498867,0.007303397705582526,0.6702025010069813,-0.6017234178820963,0.6017234178820963,-0.003533142334906536,0.004701502820160192,0.8013280311142799,-0.01978718731979434,6.638182626348361,0.0,0.6071428571428572,CVX,XOM
2020-01-22,162.7049,114.3278,0.8832466681373552,0.8874740891498867,0.0028898430073471815,0.1491540353271818,0.6702025010069813,0.6702025010069813,0.01038864402349482,0.0052307733159107726,0.7897536753524972,-0.009398543296299522,6.4393258451050635,0.0,0.8452380952380952,CVX,XOM
2020-01-23,158.5694,112.6876,0.8832466681373552,0.8874740891498867,-0.010031604037145314,-1.3750496754589934,0.1491540353271818,0.1491540353271818,-0.004413554698235345,0.005330372145544004,0.7910822514932906,-0.013812097994534867,6.241399603714753,0.0,0.8472222222222222,CVX,XOM
2020-01-24,158.8875,112.3763,0.8832466681373552,0.8874740891498867,-0.005572508046259195,-0.754799817366622,-1.3750496754589934,1.3750496754589934,-0.012921447044492496,0.006029386732999148,0.8075268380794461,-0.026733545039027362,5.99238418149245,1.0,0.7321428571428572,CVX,XOM
2020-01-27,157.0528,111.3846,0.8832466681373552,0.8874740891498867,-0.009320302200370278,-1.165510095404338,-0.754799817366622,0.754799817366622,0.004459095990886119,0.006046568451771842,0.8039821867097469,-0.022274449048141243,5.819288253243697,0.0,0.7857142857142857,CVX,XOM
2020-01-28,157.0772,110.9022,0.8832466681373552,0.8874740891498867,-0.005313008324748125,-0.6307353504132638,-1.165510095404338,1.165510095404338,-0.0037477941541110837,0.006096526441931282,0.8100868466618318,-0.026022243202252326,5.719658623665627,1.0,0.6984126984126984,CVX,XOM
2020-01-29,155.9765,110.7267,0.8832466681373552,0.8874740891498867,-0.010939539407008425,-1.289205236829978,-0.6307353504132638,0.6307353504132638,0.004007293875622153,0.006093162060783931,0.8039840927986348,-0.022014949326630173,5.395944549802793,0.0,0.7837301587301587,CVX,XOM
2020-01-30,155.3905,110.4726,0.8832466681373552,0.8874740891498867,-0.01266463979522392,-1.401483239486606,-1.289205236829978,1.289205236829978,-0.0056265310822603,0.005965927864647717,0.803603409539624,-0.027641480408890473,5.479334670862625,1.0,0.7876984126984127,CVX,XOM
2020-01-31,156.5252,110.5415,0.8832466681373552,0.8874740891498867,-0.005942254828928739,-0.5383942908332203,-1.401483239486606,1.401483239486606,-0.0017251003882154947,0.005905293463326569,0.8033538007275249,-0.029366580797105968,5.398188726081659,2.0,0.7876984126984127,CVX,XOM
2020-02-03,154.9633,110.1133,0.8832466681373552,0.8874740891498867,-0.012526512519841937,-1.262390522342674,-0.5383942908332203,0.5383942908332203,0.006722384966295181,0.00607797594982246,0.7995947654977543,-0.022644195830810787,5.121851277950323,0.0,0.8531746031746033,CVX,XOM
2020-02-04,154.7387,109.9707,0.8832466681373552,0.8874740891498867,-0.012826889124862184,-1.2167377778994215,-1.262390522342674,1.262390522342674,-0.006584257690913198,0.006200802901139402,0.7987168198077135,-0.029228453521723985,5.433459299054295,1.0,0.8591269841269842,CVX,XOM
2020-02-05,153.7803,109.0384,0.8832466681373552,0.8874740891498867,-0.011483992725541015,-0.9976458070962655,-1.2167377778994215,1.2167377778994215,-0.0003003766050202472,0.006192485132485773,0.7983064874299266,-0.029528830126744232,5.652635629067172,2.0,0.8571428571428572,CVX,XOM
2020-02-06,154.5172,109.9096,0.8832466681373552,0.8874740891498867,-0.013766140133586902,-1.1762371129509799,-0.9976458070962655,0.9976458070962655,0.0013428963993211696,0.006122283402470149,0.8019117266544437,-0.028185933727423063,5.620100545964946,0.0,0.7956349206349207,CVX,XOM
2020-02-07,155.8482,110.6584,0.8832466681373552,0.8874740891498867,-0.011214844552960734,-0.8473844808540673,-1.1762371129509799,1.1762371129509799,-0.002282147408045887,0.005977684710376103,0.8034315036692865,-0.03046808113546895,5.699025091796102,1.0,0.7718253968253967,CVX,XOM
2020-02-10,156.624,111.1405,0.8832466681373552,0.8874740891498867,-0.010107289332166758,-0.691098742264459,-0.8473844808540673,0.8473844808540673,0.0025512955806261672,0.005489773681390068,0.8061737584966572,-0.027916785554842782,5.589005735256523,0.0,0.7123015873015872,CVX,XOM
2020-02-11,158.148,111.8704,0.8832466681373552,0.8874740891498867,-0.006233323728232598,-0.2674606609324378,-0.691098742264459,0.691098742264459,0.0011075552207939765,0.005413746846443884,0.8078337753586536,-0.026809230334048806,5.293088309882638,0.0,0.6666666666666667,CVX,XOM
2020-02-12,160.1117,112.177,0.8832466681373552,0.8874740891498867,0.0036781216270709294,0.768958488672137,-0.2674606609324378,0.2674606609324378,0.0038739656039341597,0.005518160751645386,0.8155353009074682,-0.022935264730114646,5.467350055838354,0.0,0.5813492063492063,CVX,XOM
2020-02-13,164.3854,113.6694,0.8832466681373552,0.8874740891498867,0.018291012650857752,2.134630485579597,0.768958488672137,0.768958488672137,0.009911445355303528,0.005806622463310955,0.8123012238928409,-0.013023819374811119,5.166056661860543,0.0,0.625,CVX,XOM
2020-02-14,164.6812,113.6775,0.8832466681373552,0.8874740891498867,0.02002558697824952,2.062695449779889,2.134630485579597,2.134630485579597,0.014612891023786823,0.0066502634464901565,0.8245747696890828,0.0,5.749495278453915,1.0,0.5654761904761905,CVX,XOM
2020-02-17,162.9123,112.5716,0.8832466681373552,0.8874740891498867,0.017902094300347393,1.695822747397998,2.062695449779889,2.062695449779889,0.001734574327391769,0.006346171624323653,0.8244367425926735,0.0,6.083858490829393,2.0,0.5634920634920635,CVX,XOM
2020-02-18,162.3662,112.0043,0.8832466681373552,0.8874740891498867,0.019028049880501108,1.6474785948632729,1.695822747397998,1.695822747397998,-0.002123492677902128,0.006303351838344373,0.828548596963319,-0.002123492677902128,6.363145538594933,3.0,0.5416666666666666,CVX,XOM
2020-02-19,160.8756,111.1642,0.8832466681373552,0.8874740891498867,0.016486849669861137,1.325628766969625,1.6474785948632729,1.6474785948632729,0.0011259555801537147,0.005929328752738263,0.8317356095873037,-0.0009975370977484133,6.705218031944561,4.0,0.5079365079365079,CVX,XOM
2020-02-20,158.6418,110.5483,0.8832466681373552,0.8874740891498867,0.007434964773660013,0.5329002656206048,1.325628766969625,1.325628766969625,-0.002541200210639971,0.005864070542376404,0.8347589446145031,-0.0035387373083883844,6.653806706694439,5.0,0.49007936507936506,CVX,XOM
2020-02-21,158.147,110.2471,0.8832466681373552,0.8874740891498867,0.006732427196666002,0.49608728245259925,0.5329002656206048,0.5329002656206048,-0.009051884896201123,0.005462184412749521,0.8233832601703105,-0.012590622204589508,6.099010551584865,0.0,0.5119047619047619,CVX,XOM
2020-02-24,159.5852,110.6797,0.8832466681373552,0.8874740891498867,0.01230983940056607,1.0020138466713302,0.49608728245259925,0.49608728245259925,-0.0007025375769940112,0.005408339268681881,0.8262449237167521,-0.013293159781583519,6.126951790700679,0.0,0.4821428571428571,CVX,XOM
2020-02-25,158.4596,110.7561,0.8832466681373552,0.8874740891498867,0.0046191673413575884,0.37568339321820654,1.0020138466713302,1.0020138466713302,0.005577412203900067,0.005414063441892581,0.8290931459856904,-0.007715747577683452,6.366516295178049,1.0,0.4761904761904762,CVX,XOM
2020-02-26,157.3498,110.5276,0.8832466681373552,0.8874740891498867,-0.0005763196351642463,-0.06546628771844977,0.37568339321820654,0.37568339321820654,-0.007690672059208481,0.005691179303027426,0.8259906702180569,-0.015406419636891933,5.807454836364537,0.0,0.5218253968253969,CVX,XOM
2020-02-27,156.2177,110.0263,0.8832466681373552,0.8874740891498867,-0.0037628137137408757,-0.3215237978270072,-0.06546628771844977,0.06546628771844977,-0.005195486976521835,0.0056687223408756916,0.8238646477599016,-0.020601906613413767,5.575114818628382,0.0,0.5357142857142857,CVX,XOM
2020-02-28,158.3152,111.2919,0.8832466681373552,0.8874740891498867,-0.0005754650906624192,-0.02464621134841163,-0.3215237978270072,0.3215237978270072,-0.0031864940785766294,0.005706460039047741,0.8208999210568759,-0.023788400691990397,5.205795782239057,0.0,0.5615079365079365,CVX,XOM
2020-03-02,161.6803,112.3159,0.8832466681373552,0.8874740891498867,0.012329143643480478,1.0952105183878853,-0.02464621134841163,0.02464621134841163,0.0031873486230784565,0.005562213852997088,0.8228286505647744,-0.02060105206891194,4.759456212601323,0.0,0.5317460317460317,CVX,XOM
2020-03-03,161.6243,112.7834,0.8832466681373552,0.8874740891498867,0.008296394816862396,0.7264214203347799,1.0952105183878853,1.0952105183878853,0.012904608734142897,0.005968629975168901,0.8292369461470886,-0.007696443334769043,4.817692750964025,1.0,0.5198412698412698,CVX,XOM
2020-03-04,161.0191,112.32,0.8832466681373552,0.8874740891498867,0.008198810597254358,0.6964628907632486,0.7264214203347799,0.7264214203347799,-0.004032748826618082,0.0060714258561921424,0.8414869952354737,-0.011729192161387125,4.734843216588983,0.0,0.49404761904761907,CVX,XOM
2020-03-05,161.1434,112.4263,0.8832466681373552,0.8874740891498867,0.008130959836252671,0.6414257819923402,0.6964628907632486,0.6964628907632486,-9.758421960803787e-05,0.006076139437905125,0.8414946926394415,-0.011826776380995163,4.651247862769537,0.0,0.49404761904761907,CVX,XOM
2020-03-06,161.3564,112.7715,0.8832466681373552,0.8874740891498867,0.006731115872457671,0.4791698426418026,0.6414257819923402,0.6414257819923402,-6.785076100168652e-05,0.006035653669192646,0.8487453114020734,-0.01189462714199685,4.678448982193826,0.0,0.47817460317460314,CVX,XOM
2020-03-09,159.5413,111.5159,0.8832466681373552,0.8874740891498867,0.005354929121347496,0.3151605884065882,0.4791698426418026,0.4791698426418026,-0.001399843963795,0.006049396799875781,0.8494512033647132,-0.01329447110579185,4.471152582217701,0.0,0.4801587301587302,CVX,XOM
2020-03-10,158.9803,111.3894,0.8832466681373552,0.8874740891498867,0.0028396945089346204,0.05986143905157439,0.3151605884065882,0.3151605884065882,-0.0013761867511101755,0.006069267291272047,0.8480045857112978,-0.014670657856902025,5.003527034490464,0.0,0.48412698412698413,CVX,XOM
2020-03-11,161.5237,111.6323,0.8832466681373552,0.8874740891498867,0.01677812739274742,1.2606223610320817,0.05986143905157439,0.05986143905157439,-0.0025152346124128755,0.0060657931537916815,0.8544723955784461,-0.0171858924693149,5.007348849388523,0.0,0.47817460317460314,CVX,XOM
2020-03-12,161.3649,111.1622,0.8832466681373552,0.8874740891498867,0.01953968127144723,1.4191833016304705,1.2606223610320817,1.2606223610320817,0.013938432883812801,0.006432167478232619,0.8416957128366914,-0.0032474595855020993,5.120904580006015,1.0,0.5138888888888888,CVX,XOM
2020-03-13,161.0921,111.3127,0.8832466681373552,0.8874740891498867,0.016646953760817595,1.0766854010367781,1.4191833016304705,1.4191833016304705,0.0027615538786998073,0.005612698611182483,0.8399903114910853,-0.00048590570680229206,5.466995560056012,2.0,0.45634920634920634,CVX,XOM
2020-03-16,159.6159,109.6754,0.8832466681373552,0.8874740891498867,0.020591831755874423,1.3566826242590304,1.0766854010367781,1.0766854010367781,-0.0028927275106296335,0.005634332431167902,0.8372634237446142,-0.0033786332174319256,5.393374230349841,3.0,0.4623015873015873,CVX,XOM
2020-03-17,161.2377,110.7628,0.8832466681373552,0.8874740891498867,0.021945485203862525,1.4044137544107085,1.3566826242590304,1.3566826242590304,0.003944877995056828,0.005684082616759283,0.8360912148804291,0.0,5.846285589751742,4.0,0.47023809523809523,CVX,XOM
2020-03-18,162.589,111.7752,0.8832466681373552,0.8874740891498867,0.022216465377663752,1.3568420745310068,1.4044137544107085,1.4044137544107085,0.0013536534479881013,0.005686284676778658,0.8383543285868067,0.0,6.27373702012483,5.0,0.4662698412698413,CVX,XOM
2020-03-19,161.814,111.4299,0.8832466681373552,0.8874740891498867,0.020184309308866055,1.1186899283075367,1.3568420745310068,1.3568420745310068,0.0002709801738012274,0.005652771651529616,0.8395835031700644,0.0,6.386874887139381,6.0,0.4583333333333333,CVX,XOM
2020-03-20,161.9504,111.7544,0.8832466681373552,0.8874740891498867,0.018446200201573504,0.8977049729092236,1.1186899283075367,1.1186899283075367,-0.002032156068797697,0.005266800359348643,0.8384647678426849,-0.002032156068797697,6.209053217893117,7.0,0.39682539682539686,CVX,XOM
2020-03-23,158.556,110.1225,0.8832466681373552,0.8874740891498867,0.010318870374932843,-0.10079846129896687,0.8977049729092236,0.8977049729092236,-0.0017381091072925514,0.005284779324294483,0.8433698172370769,-0.0037702651760902484,6.13844543730667,0.0,0.38293650793650796,CVX,XOM
2020-03-24,156.3613,109.5389,0.8832466681373552,0.8874740891498867,0.0010961046362076843,-1.3490499869338615,-0.10079846129896687,0.10079846129896687,-0.008127329826640661,0.005478075571613046,0.8549152766733711,-0.01189759500273091,5.283366461525058,0.0,0.4107142857142857,CVX,XOM
2020-03-25,155.5512,108.7505,0.8832466681373552,0.8874740891498867,0.0023123296241980285,-1.1757651619411662,-1.3490499869338615,1.3490499869338615,-0.009222765738725158,0.0055931959104657475,0.8526373451383202,-0.021120360741456068,4.763437383111398,1.0,0.42658730158730157,CVX,XOM
2020-03-26,154.4808,108.0987,0.8832466681373552,0.8874740891498867,0.0007423202322289768,-1.2849329306715298,-1.1757651619411662,1.1757651619411662,0.0012162249879903442,0.005478897297674321,0.8670188499522594,-0.019904135753465724,4.485549456062205,2.0,0.4087301587301587,CVX,XOM
2020-03-27,156.0831,108.756,0.8832466681373552,0.8874740891498867,0.00568106707038929,-0.6002530912736656,-1.2849329306715298,1.2849329306715298,-0.0015700093919690516,0.005440955339280735,0.8689799160296344,-0.021474145145434775,4.365944057418808,3.0,0.3968253968253968,CVX,XOM
2020-03-30,157.0728,109.9808,0.8832466681373552,0.8874740891498867,0.002063110895758946,-1.0046151794907798,-0.6002530912736656,0.6002530912736656,0.004938746838160313,0.0055016794300776556,0.8699387708176247,-0.016535398307274463,4.333947155033557,0.0,0.4107142857142857,CVX,XOM
2020-03-31,154.5083,108.7559,0.8832466681373552,0.8874740891498867,-0.0044588580554876245,-1.7091980436645533,-1.0046151794907798,1.0046151794907798,-0.0036179561746303435,0.00473612631610618,0.8657731977895431,-0.020153354481904806,4.287948374594685,1.0,0.2400793650793651,CVX,XOM
2020-04-01,154.491,108.286,0.8832466681373552,0.8874740891498867,-0.0007280285545423482,-1.1522651904364338,-1.7091980436645533,1.7091980436645533,-0.006521968951246571,0.004858114928507195,0.8722608957432199,-0.026675323433151377,4.6744056071550695,2.0,0.2718253968253968,CVX,XOM
2020-04-02,154.6219,108.5359,0.8832466681373552,0.8874740891498867,-0.0019268219005263987,-1.231242718768448,-1.1522651904364338,1.1522651904364338,0.0037308295009452763,0.004950179694650859,0.8683443248553504,-0.0229444939322061,4.705639211426592,3.0,0.29960317460317465,CVX,XOM
2020-04-03,156.9732,109.7258,0.8832466681373552,0.8874740891498867,0.0034888835050388423,-0.5482517810185075,-1.231242718768448,1.231242718768448,-0.0011987933459840505,0.004951992306820301,0.8691907446916173,-0.02414328727819015,4.726130694721932,4.0,0.2996031746031746,CVX,XOM
2020-04-06,155.0498,108.3433,0.8832466681373552,0.8874740891498867,0.0024129983654894716,-0.6383285075418234,-0.5482517810185075,0.5482517810185075,0.005415705405565241,0.005110514666792678,0.8647468327130613,-0.01872758187262491,4.653901643934384,0.0,0.3531746031746032,CVX,XOM
2020-04-07,157.1715,108.8172,0.8832466681373552,0.8874740891498867,0.012130809513353213,0.5185904653087474,-0.6383285075418234,0.6383285075418234,-0.0010758851395493707,0.005107365748393379,0.8687122524622939,-0.01980346701217428,4.585984589491419,0.0,0.34325396825396826,CVX,XOM
2020-04-08,159.1478,109.8448,0.8832466681373552,0.8874740891498867,0.016285160283283417,0.9594891709607956,0.5185904653087474,0.5185904653087474,0.009717811147863742,0.005504224073539563,0.8678690648753566,-0.010085655864310539,4.361909799889243,0.0,0.4226190476190476,CVX,XOM
2020-04-09,158.2409,109.0493,0.8832466681373552,0.8874740891498867,0.017020890534055866,0.9871235494581596,0.9594891709607956,0.9594891709607956,0.004154350769930204,0.004654097453698357,0.8744406203922359,-0.005931305094380335,4.453079744570401,0.0,0.2242063492063492,CVX,XOM
2020-04-10,157.1852,107.9434,0.8832466681373552,0.8874740891498867,0.019373137848710087,1.199247342554171,0.9871235494581596,0.9871235494581596,0.0007357302507724484,0.004614230796335304,0.8743628914106368,-0.005195574843607886,4.555325607575294,0.0,0.21825396825396826,CVX,XOM
2020-04-13,155.9043,107.2884,0.8832466681373552,0.8874740891498867,0.0165923606210594,0.8246399942990444,1.199247342554171,1.199247342554171,0.002352247314654221,0.0045985504410107955,0.8685552763515134,-0.0028433275289536653,4.796694632050972,1.0,0.2261904761904762,CVX,XOM
2020-04-14,153.5277,106.5907,0.8832466681373552,0.8874740891498867,0.00702113031219298,-0.35665550877208785,0.8246399942990444,0.8246399942990444,-0.002780777227650688,0.0045534371538459364,0.872622733869862,-0.005624104756604353,4.7764934116524325,0.0,0.20238095238095238,CVX,XOM
2020-04-15,155.0799,107.5307,0.8832466681373552,0.8874740891498867,0.009288460478737548,-0.0804105428399476,-0.35665550877208785,0.35665550877208785,-0.009571230308866419,0.004970487100224135,0.8749925817126192,-0.015195335065470772,4.55501504457371,0.0,0.29563492063492064,CVX,XOM
2020-04-16,156.7656,107.6974,0.8832466681373552,0.8874740891498867,0.018724942824893454,1.0269532893622104,-0.0804105428399476,0.0804105428399476,0.0022673301665445678,0.005009802136874832,0.8826605939366545,-0.012928004898926204,4.604008054756095,0.0,0.30158730158730157,CVX,XOM
2020-04-17,153.2032,106.5278,0.8832466681373552,0.8874740891498867,0.005429128291384089,-0.58503927742713,1.0269532893622104,1.0269532893622104,0.009436482346155906,0.005454952189527783,0.8718841159672345,-0.0034915225527702987,4.8105834850994516,1.0,0.40674603174603174,CVX,XOM
2020-04-20,154.2745,107.0621,0.8832466681373552,0.8874740891498867,0.007957384151409563,-0.2899187667605799,-0.58503927742713,0.58503927742713,-0.013295814533509365,0.006166530662018473,0.8758863195744624,-0.016787337086279663,4.335873204751334,0.0,0.49206349206349204,CVX,XOM
2020-04-21,153.1266,107.1256,0.8832466681373552,0.8874740891498867,-3.728587791052007e-05,-1.2379533478053886,-0.2899187667605799,0.2899187667605799,0.0025282558600254745,0.005954216879202451,0.8744980110763653,-0.014259081226254189,4.345741973434178,0.0,0.4642857142857143,CVX,XOM
2020-04-22,154.1595,107.877,0.8832466681373552,0.8874740891498867,0.00048227688144741876,-1.0984013680092146,-1.2379533478053886,1.2379533478053886,-0.007994670029320083,0.005865679483462311,0.8713011031221598,-0.022253751255574272,4.254848556586427,1.0,0.47023809523809523,CVX,XOM
2020-04-23,153.2475,107.1829,0.8832466681373552,0.8874740891498867,0.00027737467614841194,-1.0514225251023799,-1.0984013680092146,1.0984013680092146,0.0005195627593579388,0.0058600829019073,0.8734451875177391,-0.021734188496216333,4.2351524343888345,2.0,0.46031746031746035,CVX,XOM
2020-04-24,152.9325,106.5538,0.8832466681373552,0.8874740891498867,0.003444053677853276,-0.6240714572206106,-1.0514225251023799,1.0514225251023799,-0.00020490220529900682,0.005850406540151493,0.8737206282695155,-0.02193909070151534,4.254089361274399,3.0,0.4583333333333333,CVX,XOM
2020-04-27,152.8202,106.3805,0.8832466681373552,0.8874740891498867,0.004154043452126999,-0.4881789592444335,-0.6240714572206106,0.6240714572206106,0.003166679001704864,0.005787669507418051,0.8737474939593795,-0.018772411699810476,4.217424488857743,0.0,0.4523809523809524,CVX,XOM
2020-04-28,154.6923,106.9833,0.8832466681373552,0.8874740891498867,0.011315323951221146,0.4734789756962366,-0.4881789592444335,0.4881789592444335,0.0007099897742737227,0.00573318609779116,0.8745492851733022,-0.018062421925536754,4.204242447313551,0.0,0.44246031746031744,CVX,XOM
2020-04-29,156.1166,107.4056,0.8832466681373552,0.8874740891498867,0.016984234829268807,1.2882126703737726,0.4734789756962366,0.4734789756962366,0.007161280499094147,0.0057180139693451424,0.8757856700685555,-0.010901141426442607,4.14003114593601,0.0,0.4384920634920635,CVX,XOM
2020-04-30,153.0041,105.4089,0.8832466681373552,0.8874740891498867,0.013499461975555072,0.8784341918324069,1.2882126703737726,1.2882126703737726,0.005668910878047662,0.005783105411631416,0.8768129363803171,-0.005232230548394945,4.269634487329359,1.0,0.44047619047619047,CVX,XOM
2020-05-01,154.2368,105.758,0.8832466681373552,0.8874740891498867,0.018589489720337582,1.5987845047052545,0.8784341918324069,0.8784341918324069,-0.0034847728537137357,0.0058454272829025,0.8864187372736841,-0.00871700340210868,4.243488929787713,0.0,0.4444444444444444,CVX,XOM
2020-05-04,152.9668,105.1338,0.8832466681373552,0.8874740891498867,0.015574837925693252,1.1245779864448469,1.5987845047052545,1.5987845047052545,0.00509002774478251,0.005832906720086487,0.8855051746229806,-0.0036269756573261702,4.34198116069527,1.0,0.4444444444444444,CVX,XOM
2020-05-05,153.3701,105.7631,0.8832466681373552,0.8874740891498867,0.012911564742386972,0.702869772973758,1.1245779864448469,1.1245779864448469,-0.0030146517946443296,0.0058784620739063195,0.8861015738471691,-0.0066416274519705,4.177732607483367,2.0,0.45436507936507936,CVX,XOM
2020-05-06,150.469,104.4304,0.8832466681373552,0.8874740891498867,0.0050686334336011996,-0.4102138821444878,0.702869772973758,0.702869772973758,-0.0026632731833062806,0.005533600634869295,0.8817966535315414,-0.00930490063527678,4.298275010645807,0.0,0.4027777777777778,CVX,XOM
2020-05-07,151.1921,104.2793,0.8832466681373552,0.8874740891498867,0.01114777741734585,0.40401498515424006,-0.4102138821444878,0.4102138821444878,-0.007842931308785772,0.005702664360310585,0.8893216684617202,-0.017147831944062553,4.303270550454726,0.0,0.4226190476190476,CVX,XOM
2020-05-08,150.7971,104.2272,0.8832466681373552,0.8874740891498867,0.008975298737701642,0.07747472772900955,0.40401498515424006,0.40401498515424006,0.00607914398374465,0.005879575492944734,0.8803188068020248,-0.011068687960317902,4.292029149049342,0.0,0.4642857142857143,CVX,XOM
2020-05-11,147.6781,103.3522,0.8832466681373552,0.8874740891498867,-0.004443118255542444,-1.7442817788486715,0.07747472772900955,0.07747472772900955,-0.0021724786796442075,0.005860433754015566,0.8798080431403323,-0.01324116663996211,4.2805780687527655,0.0,0.4583333333333333,CVX,XOM
2020-05-12,148.6704,103.7695,0.8832466681373552,0.8874740891498867,-0.0013223431336335523,-1.3592052242738515,-1.7442817788486715,1.7442817788486715,-0.013418416993244087,0.006490362288229307,0.8754977049180558,-0.026659583633206196,4.145268264006181,1.0,0.5218253968253969,CVX,XOM
2020-05-13,148.4685,103.8645,0.8832466681373552,0.8874740891498867,-0.003493406239586605,-1.6216097657452626,-1.3592052242738515,1.3592052242738515,0.003120775121908892,0.006242077905260728,0.8773025107883023,-0.023538808511297304,4.066001247560031,2.0,0.5079365079365079,CVX,XOM
2020-05-14,148.3199,103.915,0.8832466681373552,0.8874740891498867,-0.004926187435330576,-1.7671467660009752,-1.6216097657452626,1.6216097657452626,-0.0021710631059530527,0.006221556606065724,0.8754653595642095,-0.025709871617250357,4.13933900327123,3.0,0.5158730158730158,CVX,XOM
2020-05-15,148.6397,104.2592,0.8832466681373552,0.8874740891498867,-0.005707100998940007,-1.7445068095856437,-1.7671467660009752,1.7671467660009752,-0.0014327811957439707,0.005776508472451644,0.8764406238754555,-0.027142652812994328,4.131921370335828,4.0,0.44047619047619047,CVX,XOM
2020-05-18,147.2935,103.4595,0.8832466681373552,0.8874740891498867,-0.007971723872514325,-1.8820906703083278,-1.7445068095856437,1.7445068095856437,-0.0007809135636094311,0.0050643862536314975,0.8761858707672077,-0.02792356637660376,4.231056145304705,5.0,0.29761904761904767,CVX,XOM
2020-05-19,148.8869,103.1348,0.8832466681373552,0.8874740891498867,0.005577690311706185,-0.20590391858643778,-1.8820906703083278,1.8820906703083278,-0.002264622873574318,0.005025985264620451,0.876852755016574,-0.030188189250178077,4.36213695430835,6.0,0.28174603174603174,CVX,XOM
2020-05-20,151.0029,103.7916,0.8832466681373552,0.8874740891498867,0.014055936625157806,0.8485515555856222,-0.20590391858643778,0.20590391858643778,0.01354941418422051,0.005639117216829594,0.8664814386175977,-0.016638775065957567,4.018503955059743,0.0,0.47023809523809523,CVX,XOM
2020-05-21,150.5724,103.2029,0.8832466681373552,0.8874740891498867,0.016248958093306953,1.1267761485037147,0.8485515555856222,0.8485515555856222,0.00847824631345162,0.0059159435457588685,0.8697997324629404,-0.008160528752505947,4.039884605415128,0.0,0.5079365079365079,CVX,XOM
2020-05-22,150.8352,103.3542,0.8832466681373552,0.8874740891498867,0.016692653197961427,1.2111523017255048,1.1267761485037147,1.1267761485037147,0.0021930214681491478,0.005921117956422948,0.8683552813778908,-0.005967507284356799,4.109119707008237,1.0,0.5178571428571429,CVX,XOM
2020-05-25,151.1472,103.0737,0.8832466681373552,0.8874740891498867,0.021170850198905633,1.7078230323407175,1.2111523017255048,1.2111523017255048,0.0004436951046544735,0.005896355106775259,0.8642069607028601,-0.005523812179702325,4.122956921242594,2.0,0.5257936507936508,CVX,XOM
2020-05-26,151.6331,103.4021,0.8832466681373552,0.8874740891498867,0.021557381374269546,1.6175319229032896,1.7078230323407175,1.7078230323407175,0.004478197000944206,0.0059547792472640654,0.8585549894179266,-0.0010456151787581192,4.4073460253640055,3.0,0.5376984126984127,CVX,XOM
2020-05-27,152.9122,103.9788,0.8832466681373552,0.8874740891498867,0.025021576076858842,1.84347937552379,1.6175319229032896,1.6175319229032896,0.00038653117536391335,0.005776188121139093,0.8624051312515956,-0.0006590840033942058,4.521575129278535,4.0,0.49603174603174605,CVX,XOM
2020-05-28,151.8322,103.0686,0.8832466681373552,0.8874740891498867,0.025736530026573057,1.8262308395421074,1.84347937552379,1.84347937552379,0.003464194702589296,0.005697219158968297,0.8643282892713738,0.0,4.7172432360494065,5.0,0.4821428571428571,CVX,XOM
2020-05-29,150.3533,102.1162,0.8832466681373552,0.8874740891498867,0.02418720607693814,1.5329715199185412,1.8262308395421074,1.8262308395421074,0.0007149539497142143,0.005627060916707712,0.8645385674097763,0.0,4.983488924047397,6.0,0.4642857142857143,CVX,XOM
2020-06-01,151.9195,102.8441,0.8832466681373552,0.8874740891498867,0.028246511369449223,1.77236538042681,1.5329715199185412,1.5329715199185412,-0.0015493239496349176,0.0055483731118628815,0.8671374433510837,-0.0015493239496349176,5.151099954392867,7.0,0.44047619047619047,CVX,XOM
2020-06-02,154.6183,105.0892,0.8832466681373552,0.8874740891498867,0.026689997992698444,1.499834295955595,1.77236538042681,1.77236538042681,0.004059305292511084,0.005552552898491396,0.8677807030729424,0.0,5.673917947698113,8.0,0.44047619047619047,CVX,XOM
2020-06-03,153.6393,104.517,0.8832466681373552,0.8874740891498867,0.025183555709106464,1.2658887804219474,1.499834295955595,1.499834295955595,-0.0015565133767507788,0.005524866006997749,0.8689281124574275,-0.0015565133767507788,5.751464755291295,9.0,0.4226190476190476,CVX,XOM
2020-06-04,150.9051,103.265,0.8832466681373552,0.8874740891498867,0.017922232109485847,0.5481095048539303,1.2658887804219474,1.2658887804219474,-0.00150644228359198,0.005198569230948215,0.8786750418788943,-0.003062955660342759,5.870567967691993,10.0,0.30357142857142855,CVX,XOM
2020-06-05,149.8428,103.0784,0.8832466681373552,0.8874740891498867,0.01246293183764191,0.008768934362691971,0.5481095048539303,0.5481095048539303,-0.007261323599620617,0.005358213848435068,0.8838190087178768,-0.010324279259963376,5.577015136467107,0.0,0.3194444444444445,CVX,XOM
2020-06-08,147.8713,103.0926,0.8832466681373552,0.8874740891498867,-0.0009037611879811891,-1.2218797328849504,0.008768934362691971,0.008768934362691971,-0.0054593002718439365,0.005481696322046107,0.883175883633697,-0.015783579531807312,5.398453665114798,0.0,0.3531746031746032,CVX,XOM
2020-06-09,148.2336,103.1237,0.8832466681373552,0.8874740891498867,0.0012756613609283818,-0.9713983634429476,-1.2218797328849504,1.2218797328849504,-0.0133666930256231,0.005475291252475712,0.8745891954126311,-0.029150272557430412,5.1603150371706175,1.0,0.37896825396825395,CVX,XOM
2020-06-10,148.2271,102.759,0.8832466681373552,0.8874740891498867,0.00437595188355111,-0.6462803232138015,-0.9713983634429476,0.9713983634429476,0.002179422548909571,0.005453786768516018,0.8720107238449296,-0.02697085000852084,5.139694864262746,0.0,0.3888888888888889,CVX,XOM
2020-06-11,149.667,103.2449,0.8832466681373552,0.8874740891498867,0.009856655004349513,-0.13428413257799038,-0.6462803232138015,0.6462803232138015,0.0031002905226227284,0.005463585041653603,0.869072636523178,-0.023870559485898113,5.113236236457557,0.0,0.40476190476190477,CVX,XOM
2020-06-12,148.9203,103.363,0.8832466681373552,0.8874740891498867,0.0038405066560036616,-0.6397318021068943,-0.13428413257799038,0.13428413257799038,0.0054807031207984025,0.005555043623702524,0.8703583782368962,-0.01838985636509971,5.028529857975411,0.0,0.43253968253968256,CVX,XOM
2020-06-15,148.1032,102.5889,0.8832466681373552,0.8874740891498867,0.005010002041758277,-0.4999954237494343,-0.6397318021068943,0.6397318021068943,-0.006016148348345851,0.005740745548765508,0.8674260905244672,-0.02440600471344556,4.950281949120678,0.0,0.501984126984127,CVX,XOM
2020-06-16,149.3599,103.5218,0.8832466681373552,0.8874740891498867,0.005425663314831297,-0.43812689651422687,-0.4999954237494343,0.4999954237494343,0.0011694953857546153,0.005707424866006461,0.8588888488638845,-0.023236509327690946,4.820172672258019,0.0,0.5158730158730159,CVX,XOM
2020-06-17,151.9218,104.9811,0.8832466681373552,0.8874740891498867,0.010009783656833804,-0.0354120336435394,-0.43812689651422687,0.43812689651422687,0.00041566127307302025,0.004881112713080032,0.8624059597482182,-0.022820848054617926,4.516963264513377,0.0,0.32142857142857145,CVX,XOM
2020-06-18,151.7879,105.2947,0.8832466681373552,0.8874740891498867,0.006480905820572147,-0.34340715267155597,-0.0354120336435394,0.0354120336435394,0.004584120342002507,0.004608803060624691,0.8699341837905269,-0.01823672771261542,4.544033904837304,0.0,0.23412698412698413,CVX,XOM
2020-06-19,151.6921,105.448,0.8832466681373552,0.8874740891498867,0.004558416667222787,-0.5034329339041934,-0.34340715267155597,0.34340715267155597,-0.003528877836261657,0.004628783717608632,0.8670099368532832,-0.021765605548877076,4.485718653504443,0.0,0.2757936507936508,CVX,XOM
2020-06-22,151.419,106.1226,0.8832466681373552,0.8874740891498867,-0.0029030647208942995,-1.1936966592197025,-0.5034329339041934,0.5034329339041934,-0.0019224891533493604,0.004633684445113714,0.864649924201154,-0.023688094702226437,4.516372351909777,0.0,0.2857142857142857,CVX,XOM
2020-06-23,151.4467,106.5228,0.8832466681373552,0.8874740891498867,-0.006060613104430956,-1.4421161433273029,-1.1936966592197025,1.1936966592197025,-0.007461481388117086,0.004708632512177156,0.8597154991552753,-0.031149576090343523,4.454496913464364,1.0,0.3055555555555555,CVX,XOM
2020-06-24,149.7865,105.3043,0.8832466681373552,0.8874740891498867,-0.006873208660078234,-1.4847367949133854,-1.4421161433273029,1.4421161433273029,-0.003157548383536657,0.004712139090511301,0.8525447541997596,-0.03430712447388018,4.630479034510821,2.0,0.3194444444444444,CVX,XOM
2020-06-25,150.4135,105.6359,0.8832466681373552,0.8874740891498867,-0.00548622510688368,-1.3571255121077015,-1.4847367949133854,1.4847367949133854,-0.0008125955556472775,0.004582677050843766,0.8573711305992407,-0.03511972002952746,4.826238927717318,3.0,0.28174603174603174,CVX,XOM
2020-06-26,148.8853,105.425,0.8832466681373552,0.8874740891498867,-0.013924586736064448,-1.9973774063364143,-1.3571255121077015,1.3571255121077015,0.001386983553194554,0.004601912569996361,0.8581887717225762,-0.0337327364763329,4.9599425811189946,4.0,0.2896825396825397,CVX,XOM
2020-06-29,150.0069,106.4536,0.8832466681373552,0.8874740891498867,-0.015036354182779377,-2.0017015348043654,-1.9973774063364143,1.9973774063364143,-0.008438361629180768,0.004839809462452301,0.848453948387806,-0.04217109810551367,5.241718224590644,5.0,0.35714285714285715,CVX,XOM
2020-06-30,149.7394,106.1039,0.8832466681373552,0.8874740891498867,-0.01390104664581493,-1.7566227099343037,-2.0017015348043654,2.0017015348043654,-0.0011117674467149286,0.004648592771501231,0.84588095081826,-0.0432828655522286,5.408095938456268,6.0,0.32936507936507936,CVX,XOM
2020-07-01,152.1399,107.0054,0.8832466681373552,0.8874740891498867,-0.005505476757000416,-1.0367341738454845,-1.7566227099343037,1.7566227099343037,0.0011353075369644472,0.004702888270493356,0.8476785385459032,-0.04214755801526415,5.710617923667245,7.0,0.3373015873015873,CVX,XOM
2020-07-02,150.3122,106.1255,0.8832466681373552,0.8874740891498867,-0.010263680341045855,-1.3024541741424949,-1.0367341738454845,1.0367341738454845,0.008395569888814514,0.00522422337125843,0.8465932897236768,-0.03375198812644964,5.323824570372583,8.0,0.45238095238095233,CVX,XOM
2020-07-03,151.2045,106.4573,0.8832466681373552,0.8874740891498867,-0.007115267349804277,-0.9990922897916519,-1.3024541741424949,1.3024541741424949,-0.0047582035840454395,0.005114354456999963,0.8498811440917283,-0.03851019171049508,5.603839674768061,9.0,0.43452380952380953,CVX,XOM
2020-07-06,151.4645,106.9194,0.8832466681373552,0.8874740891498867,-0.009241147265653282,-1.0821261699548261,-0.9990922897916519,0.9990922897916519,0.003148412991241578,0.005117606686744582,0.852497343954411,-0.0353617787192535,5.473419667815231,0.0,0.43452380952380953,CVX,XOM
2020-07-07,151.1264,106.8756,0.8832466681373552,0.8874740891498867,-0.011112216447937584,-1.14293916589953,-1.0821261699548261,1.0821261699548261,-0.002125879915849005,0.004273982573785157,0.8501715657949823,-0.037487658635102505,5.897226831361726,1.0,0.24206349206349204,CVX,XOM
2020-07-08,151.0205,107.2261,0.8832466681373552,0.8874740891498867,-0.014718921408541696,-1.327682300053256,-1.14293916589953,1.14293916589953,-0.0018710691822843017,0.0042420053191775985,0.849330244573747,-0.03935872781738681,6.106802503823074,2.0,0.24206349206349206,CVX,XOM
2020-07-09,151.4414,108.0335,0.8832466681373552,0.8874740891498867,-0.018593301395435802,-1.525427804180483,-1.327682300053256,1.327682300053256,-0.0036067049606041124,0.004199589077726049,0.8441952481484719,-0.04296543277799092,6.312339227087831,3.0,0.24603174603174605,CVX,XOM
2020-07-10,150.0804,107.2085,0.8832466681373552,0.8874740891498867,-0.02081767890712083,-1.5940118993479289,-1.525427804180483,1.525427804180483,-0.0038743799868941053,0.0039715512735214965,0.8476131025707944,-0.046839812764885025,7.017335207892849,4.0,0.20634920634920634,CVX,XOM
2020-07-13,148.5527,105.4294,0.8832466681373552,0.8874740891498867,-0.016198058830641848,-1.19937324930488,-1.5940118993479289,1.5940118993479289,-0.0022243775116850273,0.0038359281792259893,0.8457798131296417,-0.04906419027657005,7.283473055996297,5.0,0.19642857142857142,CVX,XOM
2020-07-14,148.0345,105.3898,0.8832466681373552,0.8874740891498867,-0.019359077641025735,-1.4217570427571156,-1.19937324930488,1.19937324930488,0.004619620076478981,0.004013553809170927,0.8399287594808298,-0.04444457020009107,7.195919350221215,6.0,0.2361111111111111,CVX,XOM
2020-07-15,147.0894,105.106,0.8832466681373552,0.8874740891498867,-0.02337079994341451,-1.7354680526226027,-1.4217570427571156,1.4217570427571156,-0.0031610188103838865,0.004023471587409322,0.8449665902909892,-0.04760558901047496,7.388872123410526,7.0,0.2242063492063492,CVX,XOM
2020-07-16,147.2423,105.0025,0.8832466681373552,0.8874740891498867,-0.021457491772951975,-1.4976244600612354,-1.7354680526226027,1.7354680526226027,-0.004011722302388776,0.003833061634993055,0.8428828266632724,-0.051617311312863734,7.905182018076027,8.0,0.20634920634920634,CVX,XOM
2020-07-17,147.2746,104.93,0.8832466681373552,0.8874740891498867,-0.020625172739570097,-1.3448706070818726,-1.4976244600612354,1.4976244600612354,0.0019133081704625354,0.00388420174807501,0.8414775121796346,-0.0497040031424012,8.511587294531616,9.0,0.2242063492063492,CVX,XOM
2020-07-20,144.9607,103.1966,0.8832466681373552,0.8874740891498867,-0.0216782250148837,-1.3456749961788388,-1.3448706070818726,1.3448706070818726,0.0008323190333818786,0.003911868473362558,0.8436976035280536,-0.04887168410901932,8.236167521537416,10.0,0.2142857142857143,CVX,XOM
2020-07-21,143.7932,102.1319,0.8832466681373552,0.8874740891498867,-0.020560931108489555,-1.15526157298625,-1.3456749961788388,1.3456749961788388,-0.001053052275313604,0.0036440008247414714,0.8511243578167137,-0.049924736384332924,8.517832544887677,11.0,0.15873015873015872,CVX,XOM
2020-07-22,144.2092,102.8875,0.8832466681373552,0.8874740891498867,-0.02421367408243924,-1.4026079163573117,-1.15526157298625,1.15526157298625,0.0011172939063941456,0.0036329426446444863,0.85128157345782,-0.04880744247793878,8.663168183307228,12.0,0.15674603174603174,CVX,XOM
2020-07-23,143.84,102.9948,0.8832466681373552,0.8874740891498867,-0.027702179051568798,-1.6369633579657301,-1.4026079163573117,1.4026079163573117,-0.0036527429739496853,0.0036886721116137916,0.8500998168608693,-0.052460185451888464,9.179388779232916,13.0,0.16865079365079366,CVX,XOM
2020-07-24,142.8776,101.6672,0.8832466681373552,0.8874740891498867,-0.02290154743567019,-1.1034853208949076,-1.6369633579657301,1.6369633579657301,-0.0034885049691295578,0.00369275736443882,0.8357471449260006,-0.05594869042101802,10.501355797620185,14.0,0.23412698412698413,CVX,XOM
2020-07-27,143.7809,102.3157,0.8832466681373552,0.8874740891498867,-0.022242167076956143,-0.9800377409371896,-1.1034853208949076,1.1034853208949076,0.0048006316158986095,0.0035015524792053527,0.8314077257507931,-0.05114805880511941,9.85516609559822,15.0,0.24007936507936506,CVX,XOM
2020-07-28,144.3289,102.3184,0.8832466681373552,0.8874740891498867,-0.018461476415619238,-0.5480796936210787,-0.9800377409371896,0.9800377409371896,0.0006593803587140457,0.0035060608600770535,0.8320421660632795,-0.050488678446405366,10.386656795133606,0.0,0.2400793650793651,CVX,XOM
2020-07-29,144.5111,101.7473,0.8832466681373552,0.8874740891498867,-0.012232480126665557,0.21771258295944884,-0.5480796936210787,0.5480796936210787,0.003780690661336905,0.0036083948284073982,0.8308597055126432,-0.04670798778506846,10.696599532187902,0.0,0.25,CVX,XOM
2020-07-30,144.3468,101.1582,0.8832466681373552,0.8874740891498867,-0.00821680325926355,0.8407007356616996,0.21771258295944884,0.21771258295944884,0.006228996288953681,0.0033727015360899225,0.8149706563428659,-0.04047899149611478,9.950340740504142,0.0,0.2976190476190476,CVX,XOM
2020-07-31,143.6429,101.3486,0.8832466681373552,0.8874740891498867,-0.014774016263595868,0.06193770899468017,0.8407007356616996,0.8407007356616996,0.004015676867402007,0.0033394656444887204,0.816532144545159,-0.03646331462871277,9.373725035724368,0.0,0.2876984126984127,CVX,XOM
2020-08-03,144.4728,101.9629,0.8832466681373552,0.8874740891498867,-0.014376092742829805,0.19110816974288217,0.06193770899468017,0.06193770899468017,-0.0065572130043323185,0.0035595071103900495,0.8117217619562539,-0.04302052763304509,9.971120304026241,0.0,0.32936507936507936,CVX,XOM
2020-08-04,146.3549,102.7263,0.8832466681373552,0.8874740891498867,-0.008052654085647148,1.2343760037516889,0.19110816974288217,0.19110816974288217,0.00039792352076606363,0.0035401640751783064,0.8184762823822612,-0.04262260411227903,9.81458095165705,0.0,0.29166666666666663,CVX,XOM
2020-08-05,147.4592,103.2232,0.8832466681373552,0.8874740891498867,-0.0048180950953780055,1.7196857129880592,1.2343760037516889,1.2343760037516889,0.006323438657182656,0.0037946709166287464,0.8203071147946204,-0.03629916545509637,9.362082398222396,1.0,0.31547619047619047,CVX,XOM
2020-08-06,148.3424,103.7514,0.8832466681373552,0.8874740891498867,-0.0033761918399317636,1.901520879039316,1.7196857129880592,1.7196857129880592,0.003234558990269143,0.0037484085056668465,0.8223829554232136,-0.03306460646482723,9.843633266739332,2.0,0.3055555555555556,CVX,XOM
2020-08-07,146.8624,103.5573,0.8832466681373552,0.8874740891498867,-0.011741355464566006,0.574843329136347,1.901520879039316,1.901520879039316,0.0014419032554462419,0.0036152654684358464,0.8242191820193078,-0.03162270320938099,9.803605405491481,3.0,0.2757936507936508,CVX,XOM
2020-08-10,147.5097,104.3109,0.8832466681373552,0.8874740891498867,-0.013778392564277375,0.24990643266644263,0.574843329136347,0.574843329136347,-0.008365163624634242,0.004085890564474433,0.8184713965877766,-0.03998786683401523,9.981490653907107,0.0,0.369047619047619,CVX,XOM
2020-08-11,147.3142,104.0802,0.8832466681373552,0.8874740891498867,-0.013139645597787464,0.3452081002681157,0.24990643266644263,0.24990643266644263,-0.0020370370997113696,0.004003279328946965,0.8152433355440241,-0.0420249039337266,10.738341083799554,0.0,0.375,CVX,XOM
2020-08-12,147.4365,104.8799,0.8832466681373552,0.8874740891498867,-0.019102633923525403,-0.5330128515773538,0.3452081002681157,0.3452081002681157,0.0006387469664899115,0.003932553483260506,0.8392328048578922,-0.04138615696723669,10.85663145117641,0.0,0.2777777777777778,CVX,XOM
2020-08-13,147.4985,104.4201,0.8832466681373552,0.8874740891498867,-0.014782907097140807,0.1927941339166944,-0.5330128515773538,0.5330128515773538,-0.005962988325737939,0.004060702258254392,0.8366129011045585,-0.047349145292974626,11.6328232715983,0.0,0.30357142857142855,CVX,XOM
2020-08-14,147.4587,104.3958,0.8832466681373552,0.8874740891498867,-0.014846225244183664,0.23306480232000854,0.1927941339166944,0.1927941339166944,0.004319726826384596,0.004144084376145185,0.8336627004872933,-0.04302941846659003,11.22046563513454,0.0,0.3273809523809524,CVX,XOM
2020-08-17,145.4251,103.9136,0.8832466681373552,0.8874740891498867,-0.0246244809791758,-1.333923013931625,0.23306480232000854,0.23306480232000854,-6.331814704285676e-05,0.004143293695048872,0.8335576895815032,-0.04309273661363289,11.611552505548762,0.0,0.32936507936507936,CVX,XOM
2020-08-18,146.0902,104.5974,0.8832466681373552,0.8874740891498867,-0.025882282014997315,-1.4329225385585953,-1.333923013931625,1.333923013931625,-0.009778255734992136,0.004685503225323634,0.8330331853571783,-0.05287099234862502,13.65374504097545,1.0,0.40674603174603174,CVX,XOM
2020-08-19,147.4033,105.5977,0.8832466681373552,0.8874740891498867,-0.025381039702334185,-1.2591279584680766,-1.4329225385585953,1.4329225385585953,-0.0012578010358215153,0.004682043943085426,0.8337600992545795,-0.05412879338444654,14.321501615476274,2.0,0.39880952380952384,CVX,XOM
2020-08-20,147.6136,105.7061,0.8832466681373552,0.8874740891498867,-0.024865916583962644,-1.1179174446362528,-1.2591279584680766,1.2591279584680766,0.0005012423126631305,0.004618912880597054,0.836797449718854,-0.05362755107178341,14.448459396387161,3.0,0.376984126984127,CVX,XOM
2020-08-21,147.856,105.0064,0.8832466681373552,0.8874740891498867,-0.017331155697672074,0.05367726151272204,-1.1179174446362528,1.1179174446362528,0.000515123118371541,0.004552190279215131,0.8351202307736514,-0.05311242795341187,14.667685022879237,4.0,0.35317460317460314,CVX,XOM
2020-08-24,149.5665,105.8591,0.8832466681373552,0.8874740891498867,-0.013006465029345549,0.7166082891203692,0.05367726151272204,0.05367726151272204,0.00753476088629057,0.004727716364689952,0.8195211301219865,-0.0455776670671213,12.95004464124075,0.0,0.46825396825396826,CVX,XOM
2020-08-25,148.18,105.5345,0.8832466681373552,0.8874740891498867,-0.019594345903804822,-0.3180319470675813,0.7166082891203692,0.7166082891203692,0.004324690668326525,0.004809265853581615,0.8204723767503805,-0.03969646302204399,12.481233327601833,0.0,0.4861111111111111,CVX,XOM
2020-08-26,147.5033,105.7571,0.8832466681373552,0.8874740891498867,-0.026041493195982035,-1.2974400146691243,-0.3180319470675813,0.3180319470675813,-0.006587880874459273,0.00497939782252642,0.8000476208688051,-0.044777901612911286,12.99849720026428,0.0,0.6607142857142858,CVX,XOM
2020-08-27,144.9401,103.9063,0.8832466681373552,0.8874740891498867,-0.027902756954683028,-1.4998507695900838,-1.2974400146691243,1.2974400146691243,-0.006447147292177213,0.004945619751382437,0.7931747602293664,-0.04396372530546788,13.717559547025708,1.0,0.6765873015873016,CVX,XOM
2020-08-28,144.5095,103.4068,0.8832466681373552,0.8874740891498867,-0.026601494391890412,-1.2445319705021418,-1.4998507695900838,1.4998507695900838,-0.0018612637587009928,0.004830524505857855,0.7996407447577034,-0.04036568879232494,14.834880219377018,2.0,0.628968253968254,CVX,XOM
2020-08-31,145.139,103.2326,0.8832466681373552,0.8874740891498867,-0.02075853248555415,-0.3970538080615214,-1.2445319705021418,1.2445319705021418,0.0013012625627926155,0.004678450377038063,0.8007822411855299,-0.036611278048724216,13.751142465944206,3.0,0.5694444444444444,CVX,XOM
2020-09-01,144.2564,101.611,0.8832466681373552,0.8874740891498867,-0.012806878181956804,0.7231770255039146,-0.3970538080615214,0.3970538080615214,0.005842961906336264,0.004882097420212744,0.8151756037205208,-0.030768316142387953,12.108859674884124,0.0,0.5257936507936508,CVX,XOM
2020-09-02,143.8778,100.3853,0.8832466681373552,0.8874740891498867,-0.004664423128001971,1.7404912378686022,0.7231770255039146,0.7231770255039146,0.007951654303597344,0.005004233600848903,0.8071176092867657,-0.02281666183879061,10.829485649509913,0.0,0.6111111111111112,CVX,XOM
2020-09-03,142.3301,99.5154,0.8832466681373552,0.8874740891498867,-0.007755722833441503,1.2310749483008272,1.7404912378686022,1.7404912378686022,0.008142455053954833,0.0052811610118688205,0.7986299964019298,-0.014674206784835775,10.350794901302676,1.0,0.7361111111111112,CVX,XOM
2020-09-04,142.8081,99.3785,0.8832466681373552,0.8874740891498867,-0.003181250641526745,1.7161190538849143,1.2310749483008272,1.2310749483008272,-0.003091299705439532,0.005311932076485788,0.8031403865931448,-0.017765506490275307,10.404379349615335,2.0,0.6904761904761905,CVX,XOM
2020-09-07,144.5895,100.4439,0.8832466681373552,0.8874740891498867,-0.00024797090390293874,1.9094449484018543,1.7161190538849143,1.7161190538849143,0.004574472191914758,0.005062497041622615,0.8049305604472394,-0.013191034298360549,11.125195324811875,3.0,0.6329365079365079,CVX,XOM
2020-09-08,144.0945,100.6793,0.8832466681373552,0.8874740891498867,-0.0057547775578044025,1.124319975956234,1.9094449484018543,1.9094449484018543,0.0029332797376238062,0.0050573821786374954,0.8113777040976329,-0.010257754560736743,11.895865692018953,4.0,0.5873015873015872,CVX,XOM
2020-09-09,142.0487,100.1825,0.8832466681373552,0.8874740891498867,-0.01566409186286144,-0.11323485373474432,1.124319975956234,1.124319975956234,-0.005506806653901464,0.005233956503302423,0.8022153369951188,-0.015764561214638206,11.76396763727083,5.0,0.6924603174603174,CVX,XOM
2020-09-10,142.3339,100.2717,0.8832466681373552,0.8874740891498867,-0.01444817582532032,0.0676649663685822,-0.11323485373474432,0.11323485373474432,-0.009909314305057038,0.005534703826836654,0.7803528118652237,-0.022144997683433587,12.071341443838147,0.0,0.8531746031746031,CVX,XOM
2020-09-11,142.2527,100.9434,0.8832466681373552,0.8874740891498867,-0.02094401527413048,-0.7308035001600403,0.0676649663685822,0.0676649663685822,0.0012159160375411204,0.005459225756898592,0.7820376203952394,-0.019006592492543106,11.866788861464796,0.0,0.8194444444444444,CVX,XOM
2020-09-14,141.2016,100.5485,0.8832466681373552,0.8874740891498867,-0.024881721954109537,-1.1582963960578507,-0.7308035001600403,0.7308035001600403,-0.006495839448810159,0.0056409276202652354,0.7765750682693608,-0.02069604437022754,12.767788565038813,0.0,0.875,CVX,XOM
2020-09-15,140.5879,100.3666,0.8832466681373552,0.8874740891498867,-0.027630499315208112,-1.3906486607100874,-1.1582963960578507,1.1582963960578507,-0.003937706679979058,0.005282747299164403,0.784825173481496,-0.024633751050206598,13.896085457105563,1.0,0.7757936507936507,CVX,XOM
2020-09-16,141.4434,100.7785,0.8832466681373552,0.8874740891498867,-0.02519847858820956,-1.0283687477570296,-1.3906486607100874,1.3906486607100874,-0.0027487773610985755,0.0053102381751258185,0.7853911114407025,-0.027382528411305174,14.838611515076003,2.0,0.7738095238095237,CVX,XOM
2020-09-17,142.7158,100.952,0.8832466681373552,0.8874740891498867,-0.01776943487199034,-0.055159114255845305,-1.0283687477570296,1.0283687477570296,0.0024320207269985517,0.00533754258648227,0.780177292596289,-0.024950507684306622,14.448156630916388,3.0,0.7956349206349207,CVX,XOM
2020-09-18,143.4428,101.4143,0.8832466681373552,0.8874740891498867,-0.01674315074343813,0.10052544284590581,-0.055159114255845305,0.055159114255845305,0.007429043716219219,0.005577616963158431,0.7742753206709388,-0.017521463968087403,12.970780699550868,0.0,0.8670634920634921,CVX,XOM
2020-09-21,142.669,101.0808,0.8832466681373552,0.8874740891498867,-0.019228978648858863,-0.2018152560846947,0.10052544284590581,0.10052544284590581,0.0010262841285522128,0.0053337490210746945,0.7834114177467065,-0.01649517983953519,12.949099924406115,0.0,0.7777777777777778,CVX,XOM
2020-09-22,142.8263,102.2045,0.8832466681373552,0.8874740891498867,-0.027938513595115566,-1.2537055350006432,-0.2018152560846947,0.2018152560846947,-0.0024858279054207344,0.005265620889786037,0.7785047715345664,-0.018981007744955924,12.727289545867205,0.0,0.7757936507936508,CVX,XOM
2020-09-23,142.4102,101.5539,0.8832466681373552,0.8874740891498867,-0.025188670768222288,-0.8630368914080428,-1.2537055350006432,1.2537055350006432,-0.008709534946256703,0.0054103873185162915,0.7674109368289618,-0.027690542691212627,13.186218344035996,1.0,0.8174603174603174,CVX,XOM
2020-09-24,143.2892,102.085,0.8832466681373552,0.8874740891498867,-0.02366449108145474,-0.6299516034092211,-0.8630368914080428,0.8630368914080428,0.0027498428268932784,0.005267288854387985,0.7616691014189857,-0.02494069986431935,12.434563669261827,0.0,0.7936507936507937,CVX,XOM
2020-09-25,143.024,102.0897,0.8832466681373552,0.8874740891498867,-0.025557866789513106,-0.8180731960274189,-0.6299516034092211,0.6299516034092211,0.0015241796867675461,0.005257773667976565,0.7599775585571188,-0.023416520177551803,11.68308516952703,0.0,0.7896825396825398,CVX,XOM
2020-09-28,143.3503,101.6232,0.8832466681373552,0.8874740891498867,-0.019214413734291114,-0.04467010035129666,-0.8180731960274189,0.8180731960274189,-0.0018933757080583646,0.005270763479515473,0.7586583903331913,-0.025309895885610167,12.221673696641087,0.0,0.7956349206349207,CVX,XOM
2020-09-29,141.5323,100.8544,0.8832466681373552,0.8874740891498867,-0.025238293918905974,-0.8120277098464252,-0.04467010035129666,0.04467010035129666,0.0063434530552219925,0.005299308392410804,0.7507474326413427,-0.018966442830388175,12.764280234371443,0.0,0.8015873015873016,CVX,XOM
2020-09-30,142.3067,101.682,0.8832466681373552,0.8874740891498867,-0.027034462365902456,-1.0263300495923282,-0.8120277098464252,0.8120277098464252,-0.00602388018461486,0.005133731222740658,0.7543599715122863,-0.024990323015003035,13.170298505739293,0.0,0.7718253968253969,CVX,XOM
2020-10-01,141.9641,101.4569,0.8832466681373552,0.8874740891498867,-0.027478004765931985,-1.0607110897962784,-1.0263300495923282,1.0263300495923282,-0.0017961684469964823,0.004726185799443034,0.7601134276467756,-0.026786491461999518,12.21854235759969,1.0,0.6845238095238095,CVX,XOM
2020-10-02,140.5603,100.6193,0.8832466681373552,0.8874740891498867,-0.03005848434768943,-1.2920268129136343,-1.0607110897962784,1.0607110897962784,-0.0004435424000295285,0.004706111732380254,0.7603624094276265,-0.027230033862029046,15.297687178909984,2.0,0.6785714285714286,CVX,XOM
2020-10-05,141.1456,100.6524,0.8832466681373552,0.8874740891498867,-0.02619497873540677,-0.7702050923079857,-1.2920268129136343,1.2920268129136343,-0.0025804795817574444,0.00453878820521874,0.7611825491953782,-0.02981051344378649,15.62141924524934,3.0,0.6190476190476191,CVX,XOM
2020-10-06,143.2236,101.829,0.8832466681373552,0.8874740891498867,-0.02189408478207877,-0.238907668728671,-0.7702050923079857,0.7702050923079857,0.0038635056122826583,0.00458689130483827,0.7535242769908792,-0.025947007831503832,16.05225333191743,0.0,0.6488095238095238,CVX,XOM
2020-10-07,141.8556,100.2195,0.8832466681373552,0.8874740891498867,-0.017352116342448376,0.2787512135059491,-0.238907668728671,0.238907668728671,0.004300893953328,0.004634666681697664,0.7693817592541239,-0.021646113878175832,15.105708566590279,0.0,0.6547619047619048,CVX,XOM
2020-10-08,140.6601,99.0537,0.8832466681373552,0.8874740891498867,-0.01543138680588374,0.46924018143265156,0.2787512135059491,0.2787512135059491,0.004541968439630395,0.004271528197675575,0.7749890719020613,-0.017104145438545437,14.436809305726912,0.0,0.5813492063492064,CVX,XOM
2020-10-09,140.4015,98.8903,0.8832466681373552,0.8874740891498867,-0.01580635812665765,0.3827814239681341,0.46924018143265156,0.46924018143265156,0.001920729536564636,0.004284996786192507,0.7800807608182158,-0.015183415901980801,13.982756514073833,0.0,0.5773809523809523,CVX,XOM
2020-10-12,141.9325,100.1269,0.8832466681373552,0.8874740891498867,-0.015989782500655636,0.3394872533982285,0.3827814239681341,0.3827814239681341,-0.00037497132077390916,0.004024283673174972,0.7801516209246987,-0.01555838722275471,13.870753979421925,0.0,0.5416666666666666,CVX,XOM
2020-10-13,142.3923,100.1814,0.8832466681373552,0.8874740891498867,-0.013238379446976367,0.686981938117972,0.3394872533982285,0.3394872533982285,-0.00018342437399798683,0.003910190142008009,0.773367703670189,-0.015741811596752697,13.02128555907849,0.0,0.5436507936507936,CVX,XOM
2020-10-14,143.1556,100.7959,0.8832466681373552,0.8874740891498867,-0.013319179455027808,0.7473207673166025,0.686981938117972,0.686981938117972,0.002751403053679269,0.003869126867674132,0.7676558475679789,-0.012990408543073428,11.804011340596663,0.0,0.5476190476190477,CVX,XOM
2020-10-15,142.6639,100.3843,0.8832466681373552,0.8874740891498867,-0.013128396394566977,0.8181861288180088,0.7473207673166025,0.7473207673166025,-8.080000805144039e-05,0.0038522423762544084,0.7712252573425368,-0.013071208551124869,12.14137666319294,0.0,0.5337301587301587,CVX,XOM
2020-10-16,142.2387,99.7878,0.8832466681373552,0.8874740891498867,-0.010824031141325463,1.2371809143510166,0.8181861288180088,0.8181861288180088,0.0001907830604608307,0.003518664943087088,0.7742248929259219,-0.012880425490664038,11.093647035885791,0.0,0.4861111111111111,CVX,XOM
2020-10-19,143.3761,100.5127,0.8832466681373552,0.8874740891498867,-0.009283091960123002,1.6628181809268623,1.2371809143510166,1.2371809143510166,0.0023043652532415138,0.0035440235806655567,0.7731151438826523,-0.010576060237422524,11.224121982579476,1.0,0.4920634920634921,CVX,XOM
2020-10-20,143.8513,100.6796,0.8832466681373552,0.8874740891498867,-0.007446629202214616,2.001874868241344,1.6628181809268623,1.6628181809268623,0.0015409391812024609,0.003494302374816852,0.7744998171084133,-0.009035121056220063,11.368285439666643,2.0,0.4722222222222222,CVX,XOM
2020-10-21,143.8703,101.0938,0.8832466681373552,0.8874740891498867,-0.010958171995170574,1.3713218563427139,2.001874868241344,2.001874868241344,0.0018364627579083859,0.0027898901861613604,0.7762239069843612,-0.007198658298311678,12.508058143064288,3.0,0.45436507936507936,CVX,XOM
2020-10-22,145.1794,101.3076,0.8832466681373552,0.8874740891498867,-0.0037750604948119104,2.251931137587219,1.3713218563427139,1.3713218563427139,-0.0035115427929559573,0.0029266837355874605,0.7805335964119922,-0.010710201091267635,11.604451314235792,4.0,0.44047619047619047,CVX,XOM
2020-10-23,144.5486,101.4373,0.8832466681373552,0.8874740891498867,-0.009264966645546657,1.3544772075993146,2.251931137587219,2.251931137587219,0.007183111500358663,0.0032475329342865848,0.7786504738494708,-0.0035270895909089717,11.655322081097886,5.0,0.45039682539682535,CVX,XOM
2020-10-26,145.5327,101.895,0.8832466681373552,0.8874740891498867,-0.006475352506701171,1.6049826823049678,1.3544772075993146,1.3544772075993146,-0.005489906150734747,0.0034927792934532197,0.7807284108526668,-0.009016995741643719,13.503328798503892,6.0,0.45436507936507936,CVX,XOM
2020-10-27,145.5962,102.1861,0.8832466681373552,0.8874740891498867,-0.008570896271653083,1.23565757849071,1.6049826823049678,1.6049826823049678,0.0027896141388454865,0.003291591104180482,0.7800338985316853,-0.006227381602798232,13.323495329049134,7.0,0.45039682539682535,CVX,XOM
2020-10-28,146.2731,102.0871,0.8832466681373552,0.8874740891498867,-0.00307229047779245,1.8081417850002683,1.23565757849071,1.23565757849071,-0.0020955437649519126,0.0029918195798382184,0.7752540727298798,-0.008322925367750145,13.408527657040542,8.0,0.4583333333333333,CVX,XOM
2020-10-29,145.3533,100.9834,0.8832466681373552,0.8874740891498867,0.00026665949353787965,2.0099342931504074,1.8081417850002683,1.8081417850002683,0.005498605793860634,0.003091997377822099,0.7687477847444835,-0.002824319573889511,13.564004094963252,9.0,0.48611111111111116,CVX,XOM
2020-10-30,143.5784,99.7539,0.8832466681373552,0.8874740891498867,-0.001147891200843354,1.6861140444450347,2.0099342931504074,2.0099342931504074,0.0033389499713303294,0.003101465597712063,0.7683122393704461,0.0,13.874469685696344,10.0,0.48809523809523814,CVX,XOM
2020-11-02,145.9666,100.6723,0.8832466681373552,0.8874740891498867,0.00721542269385278,2.308372568930451,1.6861140444450347,1.6861140444450347,-0.0014145506943812336,0.003036618644227064,0.7866743425162417,-0.0014145506943812336,13.86367857919286,11.0,0.41468253968253965,CVX,XOM
2020-11-03,147.1351,101.6536,0.8832466681373552,0.8874740891498867,0.006580070385434844,2.0311466647908274,2.308372568930451,2.308372568930451,0.008363313894696134,0.003357214419100572,0.7909884292294896,0.0,14.464268915143913,12.0,0.41468253968253965,CVX,XOM
2020-11-04,147.0153,101.1677,0.8832466681373552,0.8874740891498867,0.010017781387233526,2.1228753674699186,2.0311466647908274,2.0311466647908274,-0.0006353523084179358,0.0033361476843239853,0.7954390283620153,-0.0006353523084179358,12.93891818004341,13.0,0.4087301587301587,CVX,XOM
2020-11-05,145.0445,100.2261,0.8832466681373552,0.8874740891498867,0.004820393670226686,1.5117772842239956,2.1228753674699186,2.1228753674699186,0.0034377110017986823,0.003292941827577696,0.8004317638601336,0.0,12.815027806276934,14.0,0.38095238095238093,CVX,XOM
2020-11-06,145.1979,100.179,0.8832466681373552,0.8874740891498867,0.006294596612746339,1.5297034441185275,1.5117772842239956,1.5117772842239956,-0.0051973877170068405,0.0035856783820395156,0.8077945367252359,-0.0051973877170068405,11.63773499289835,15.0,0.3611111111111111,CVX,XOM
2020-11-09,145.3435,100.8189,0.8832466681373552,0.8874740891498867,0.0016460921402092765,1.0364184287236295,1.5297034441185275,1.5297034441185275,0.0014742029425196534,0.0035725241819742123,0.8076997119561511,-0.003723184774487187,10.659347572121353,16.0,0.3611111111111111,CVX,XOM
2020-11-10,146.9621,101.9899,0.8832466681373552,0.8874740891498867,0.0024724091449401797,1.0431691646024965,1.0364184287236295,1.0364184287236295,-0.004648504472537063,0.0037795828886814666,0.8113005387826344,-0.00837168924702425,9.759416483096052,17.0,0.380952380952381,CVX,XOM
2020-11-11,147.8911,102.7092,0.8832466681373552,0.8874740891498867,0.002536786858279072,0.9904133267682351,1.0431691646024965,1.0431691646024965,0.0008263170047309032,0.0037551782719679704,0.8175790721461844,-0.007545372242293347,8.819588783661539,18.0,0.34920634920634924,CVX,XOM
2020-11-12,147.7621,102.1903,0.8832466681373552,0.8874740891498867,0.006159139484091192,1.2682836073465735,0.9904133267682351,0.9904133267682351,6.43777133388923e-05,0.003753636593068376,0.8152578990297723,-0.007480994528954454,8.242336440868257,0.0,0.36309523809523814,CVX,XOM
2020-11-13,146.5728,101.749,0.8832466681373552,0.8874740891498867,0.0019186041723529002,0.8177358547440132,1.2682836073465735,1.2682836073465735,0.0036223526258121197,0.0038003350194352496,0.8136974742219609,-0.0038586419031423347,8.258923145290279,1.0,0.3829365079365079,CVX,XOM
2020-11-16,148.2014,101.3342,0.8832466681373552,0.8874740891498867,0.016593889431653075,2.2166629422638304,0.8177358547440132,0.8177358547440132,-0.004240535311738292,0.00394971315404883,0.8214327623280583,-0.008099177214880626,6.950566193784126,0.0,0.3650793650793651,CVX,XOM
2020-11-17,146.7202,101.1128,0.8832466681373552,0.8874740891498867,0.008490220396380366,1.2944325033446495,2.2166629422638304,2.2166629422638304,0.014675285259300175,0.004998159727871595,0.7886757729518817,0.0,7.418620452680971,1.0,0.6805555555555556,CVX,XOM
2020-11-18,146.1347,100.6467,0.8832466681373552,0.8874740891498867,0.008592098236335666,1.2298881425182207,1.2944325033446495,1.2944325033446495,-0.00810366903527271,0.005397733872744685,0.7854056062417831,-0.00810366903527271,6.462597596857027,2.0,0.748015873015873,CVX,XOM
2020-11-19,147.9522,101.8431,0.8832466681373552,0.8874740891498867,0.010465240675159748,1.3485618717364671,1.2298881425182207,1.2298881425182207,0.00010187783995529998,0.005310266335021181,0.7933913479515594,-0.00800179119531741,7.158496703268701,3.0,0.7103174603174603,CVX,XOM
2020-11-20,150.1483,103.1755,0.8832466681373552,0.8874740891498867,0.013664051282325396,1.5952564764629804,1.3485618717364671,1.3485618717364671,0.0018731424388240825,0.005122799465050315,0.783673881994941,-0.006128648756493327,7.979064429895707,4.0,0.7063492063492064,CVX,XOM
2020-11-23,150.6691,103.8963,0.8832466681373552,0.8874740891498867,0.01094814600926064,1.2243675143236483,1.5952564764629804,1.5952564764629804,0.0031988106071656475,0.004943718856553116,0.7949428497919973,-0.0029298381493276793,11.214968084155561,5.0,0.6329365079365079,CVX,XOM
2020-11-24,148.8877,102.5827,0.8832466681373552,0.8874740891498867,0.010346640943294183,1.0892667830921061,1.2243675143236483,1.2243675143236483,-0.002715905273064756,0.004997546373929106,0.7977788555303973,-0.005645743422392435,10.560313027415141,6.0,0.6349206349206349,CVX,XOM
2020-11-25,149.9995,103.7323,0.8832466681373552,0.8874740891498867,0.00789604729956217,0.7496269591824989,1.0892667830921061,1.0892667830921061,-0.0006015050659664567,0.00496369395802075,0.8124088295909726,-0.006247248488358892,10.261177226836733,7.0,0.5456349206349206,CVX,XOM
2020-11-26,152.8033,104.7593,0.8832466681373552,0.8874740891498867,0.01767234663504258,1.8197820686364132,0.7496269591824989,0.7496269591824989,-0.002450593643732013,0.004901093432808104,0.8233343521478312,-0.008697842132090905,9.22816296416733,0.0,0.47817460317460314,CVX,XOM
2020-11-27,153.3889,105.6074,0.8832466681373552,0.8874740891498867,0.01434160129954165,1.334399831020866,1.8197820686364132,1.8197820686364132,0.00977629933548041,0.005271191055941117,0.8199045098705922,0.0,12.340906424269356,1.0,0.5654761904761905,CVX,XOM
2020-11-30,153.6923,105.9781,0.8832466681373552,0.8874740891498867,0.013207895645830803,1.1268732129863082,1.334399831020866,1.334399831020866,-0.0033307453355009287,0.005328947795461512,0.8205924035865427,-0.0033307453355009287,11.368238118840697,2.0,0.5734126984126984,CVX,XOM
2020-12-01,153.7728,106.465,0.8832466681373552,0.8874740891498867,0.009663507609694477,0.6225031710998559,1.1268732129863082,1.1268732129863082,-0.001133705653710848,0.005047250209941476,0.8145032994290722,-0.004464450989211777,11.233836532382059,3.0,0.5515873015873016,CVX,XOM
2020-12-02,154.2335,107.2792,0.8832466681373552,0.8874740891498867,0.005893795341679997,0.054604323487272025,0.6225031710998559,0.6225031710998559,-0.0035443880361363256,0.005113579054723765,0.816503074442633,-0.008008839025348102,9.933502667111057,0.0,0.5476190476190477,CVX,XOM
2020-12-03,154.532,108.2923,0.8832466681373552,0.8874740891498867,-0.000514307225053301,-0.8960450218116295,0.054604323487272025,0.054604323487272025,-0.00376971226801448,0.005123434906586227,0.8183268364642022,-0.011778551293362582,9.895119067551427,0.0,0.5476190476190477,CVX,XOM
2020-12-04,155.6498,108.712,0.8832466681373552,0.8874740891498867,0.0032602441136457827,-0.4420821774821341,-0.8960450218116295,0.8960450218116295,-0.006408102566733298,0.005188786253202649,0.8110781379154604,-0.01818665386009588,9.319081992165058,0.0,0.5912698412698413,CVX,XOM
2020-12-07,153.0398,107.2304,0.8832466681373552,0.8874740891498867,-0.0014720812439117381,-1.2769961862454164,-0.4420821774821341,0.4420821774821341,0.0037745513386990837,0.0052512217913972285,0.8184054745028757,-0.014412102521396797,10.500251299369133,0.0,0.5595238095238095,CVX,XOM
2020-12-08,152.8117,107.4973,0.8832466681373552,0.8874740891498867,-0.005169862780966206,-1.994752321864617,-1.2769961862454164,1.2769961862454164,-0.004732325357557521,0.005254841244030379,0.830722091058153,-0.019144427878954318,10.207579845603545,1.0,0.5158730158730158,CVX,XOM
2020-12-09,151.5682,107.1044,0.8832466681373552,0.8874740891498867,-0.010090980221231227,-2.5851120617483163,-1.994752321864617,1.994752321864617,-0.0036977815370544675,0.005304827295755846,0.8284213676323928,-0.022842209416008785,9.98508853437966,2.0,0.5436507936507936,CVX,XOM
2020-12-10,149.9757,105.7442,0.8832466681373552,0.8874740891498867,-0.00931050204879913,-2.2271246899076322,-2.5851120617483163,2.5851120617483163,-0.0049211174402650215,0.005394368804900107,0.8280124757827027,-0.027763326856273807,9.728000180178187,3.0,0.5615079365079365,CVX,XOM
2020-12-11,151.8867,107.069,0.8832466681373552,0.8874740891498867,-0.007698445519181973,-1.86903180415799,-2.2271246899076322,2.2271246899076322,0.0007804781724320975,0.005317327986453417,0.8396147100819655,-0.02698284868384171,10.08163797951096,4.0,0.501984126984127,CVX,XOM
2020-12-14,154.7237,109.0585,0.8832466681373552,0.8874740891498867,-0.005531588348347327,-1.4492634273817262,-1.86903180415799,1.86903180415799,0.0016120565296171563,0.00527938080201803,0.8447243041404043,-0.025370792154224553,10.067433494443312,5.0,0.4642857142857143,CVX,XOM
2020-12-15,155.9872,110.3604,0.8832466681373552,0.8874740891498867,-0.007930181626123023,-1.6305769472670166,-1.4492634273817262,1.4492634273817262,0.0021668571708346462,0.004042994246224592,0.8554654728983235,-0.023203934983389907,10.15556457207676,6.0,0.23214285714285715,CVX,XOM
2020-12-16,157.4555,111.1203,0.8832466681373552,0.8874740891498867,-0.004651124404344564,-1.1260272457627476,-1.6305769472670166,1.6305769472670166,-0.0023985932777756958,0.003728238227364831,0.8672529948718678,-0.025602528261165602,10.28634051044168,7.0,0.15873015873015872,CVX,XOM
2020-12-17,158.4635,112.1849,0.8832466681373552,0.8874740891498867,-0.006731789790659803,-1.3031996320234338,-1.1260272457627476,1.1260272457627476,0.0032790572217784586,0.0038304658698558656,0.8683980171566164,-0.022323471039387144,10.578198700551855,8.0,0.1626984126984127,CVX,XOM
2020-12-18,159.0323,112.5001,0.8832466681373552,0.8874740891498867,-0.005638739236076162,-1.0965570348525262,-1.3031996320234338,1.3031996320234338,-0.002080665386315239,0.0037963939199569014,0.867768337825973,-0.024404136425702383,10.472015657679957,9.0,0.17063492063492064,CVX,XOM
2020-12-21,158.8872,112.4244,0.8832466681373552,0.8874740891498867,-0.005954177060920607,-1.0824044944748274,-1.0965570348525262,1.0965570348525262,0.001093050554583641,0.0037106031374719013,0.8680152638342701,-0.023311085871118742,10.581556013000075,10.0,0.15476190476190477,CVX,XOM
2020-12-22,156.8129,111.8347,0.8832466681373552,0.8874740891498867,-0.014427996958588096,-1.8968948728828299,-1.0824044944748274,1.0824044944748274,-0.0003154378248444445,0.0036908016221197364,0.873330346609118,-0.023626523695963186,10.603881096293174,11.0,0.11706349206349206,CVX,XOM
2020-12-23,159.2389,112.3371,0.8832466681373552,0.8874740891498867,-0.0030536925522248737,-0.6015454212755225,-1.8968948728828299,1.8968948728828299,-0.00847381989766749,0.0040464764900498655,0.8688429884419452,-0.032100343593630676,10.247276144868149,12.0,0.1984126984126984,CVX,XOM
2020-12-24,160.3778,112.7885,0.8832466681373552,0.8874740891498867,0.0005140404542665067,-0.18501854906762066,-0.6015454212755225,0.6015454212755225,0.011374304406363223,0.004876182550058079,0.8593227501832491,-0.020726039187267453,9.75493049874968,0.0,0.3412698412698413,CVX,XOM
2020-12-25,159.8847,112.3109,0.8832466681373552,0.8874740891498867,0.0012006543164169159,-0.10591815514933936,-0.18501854906762066,0.18501854906762066,0.0035677330064913804,0.004381610901996772,0.8584510199415419,-0.017158306180776073,9.798614566506155,0.0,0.2757936507936508,CVX,XOM
2020-12-28,159.8353,112.0671,0.8832466681373552,0.8874740891498867,0.0028202211095456065,0.1313385170187024,-0.10591815514933936,0.10591815514933936,0.0006866138621504092,0.004355651531083917,0.8552671069981899,-0.016471692318625664,10.234692975150107,0.0,0.2837301587301587,CVX,XOM
2020-12-29,161.7365,112.2405,0.8832466681373552,0.8874740891498867,0.013272662683699643,1.3055310430757476,0.1313385170187024,0.1313385170187024,0.0016195667931286906,0.004381841784911328,0.8566716382822351,-0.014852125525496973,10.260061826315061,0.0,0.2857142857142857,CVX,XOM
2020-12-30,164.3483,113.4785,0.8832466681373552,0.8874740891498867,0.019557003163497733,1.8771649650518798,1.3055310430757476,1.3055310430757476,0.010452441574154037,0.004926689994136397,0.8426360278199959,-0.0043996839513429364,11.160872111888569,1.0,0.4186507936507936,CVX,XOM
2020-12-31,165.6173,114.2454,0.8832466681373552,0.8874740891498867,0.021271281437287293,1.9176439068470676,1.8771649650518798,1.8771649650518798,0.0062843404797980895,0.005010213709350059,0.8437198545946086,0.0,13.298205602665757,2.0,0.4365079365079365,CVX,XOM
2021-01-01,165.2641,114.4915,0.8832466681373552,0.8874740891498867,0.017226693936949644,1.4672370070174474,1.9176439068470676,1.9176439068470676,0.00171427827378956,0.004740903756101112,0.8404509548627406,0.0,14.511056846926232,3.0,0.4107142857142857,CVX,XOM
2021-01-04,165.4734,115.0219,0.8832466681373552,0.8874740891498867,0.014390480144389706,1.1559051399497715,1.4672370070174474,1.4672370070174474,-0.004044587500337649,0.004824999100344875,0.8376637776952967,-0.004044587500337649,12.96494809244763,4.0,0.4305555555555556,CVX,XOM
2021-01-05,164.5443,115.4628,0.8832466681373552,0.8874740891498867,0.0053645108717725876,0.2737355654536841,1.1559051399497715,1.1559051399497715,-0.0028362137925599384,0.004735153509113322,0.8334009757865233,-0.006880801292897587,12.45268384932244,5.0,0.44246031746031744,CVX,XOM
2021-01-06,164.5882,115.7046,0.8832466681373552,0.8874740891498867,0.003774684717257948,0.12807094632051502,0.2737355654536841,0.2737355654536841,-0.009025969272617118,0.005114980446633775,0.8242221890156541,-0.015906770565514705,10.292086547206049,0.0,0.5416666666666666,CVX,XOM
2021-01-07,163.7643,114.7094,0.8832466681373552,0.8874740891498867,0.0064226588191074185,0.45100067233870406,0.12807094632051502,0.12807094632051502,-0.0015898261545146397,0.004987516756528588,0.8235781936845071,-0.017496596720029345,9.659009313823548,0.0,0.5178571428571429,CVX,XOM
2021-01-08,164.8573,115.1199,0.8832466681373552,0.8874740891498867,0.009904458203190636,0.8467156198754477,0.45100067233870406,0.45100067233870406,0.0026479741018494707,0.005005723245766003,0.8232220872260201,-0.014848622618179874,10.37479866286905,0.0,0.5317460317460317,CVX,XOM
2021-01-11,163.9589,114.139,0.8832466681373552,0.8874740891498867,0.012034278063810966,1.083805903683582,0.8467156198754477,0.8467156198754477,0.0034817993840832173,0.0050376235048491804,0.8222833686803181,-0.011366823234096657,10.770699529252878,0.0,0.5456349206349207,CVX,XOM
2021-01-12,162.7911,113.6415,0.8832466681373552,0.8874740891498867,0.008762981576076356,0.7374330279045779,1.083805903683582,1.083805903683582,0.00212981986062033,0.005037156946157925,0.8228951717360441,-0.009237003373476327,11.569541038441194,1.0,0.5416666666666666,CVX,XOM
2021-01-13,164.0228,114.2162,0.8832466681373552,0.8874740891498867,0.011823877531593752,1.029794266538108,0.7374330279045779,0.7374330279045779,-0.0032712964877346096,0.005069033592602939,0.8256122095924413,-0.012508299861210936,11.717662049373857,0.0,0.5357142857142857,CVX,XOM
2021-01-14,165.4507,114.7799,0.8832466681373552,0.8874740891498867,0.016122454158299604,1.3810125374596496,1.029794266538108,1.029794266538108,0.0030608959555173954,0.00506399397457605,0.8279999556789347,-0.009447403905693541,12.524453102649192,1.0,0.5297619047619048,CVX,XOM
2021-01-15,160.881,112.8725,0.8832466681373552,0.8874740891498867,0.0029860135066046567,0.033508249484575175,1.3810125374596496,1.3810125374596496,0.004298576626705852,0.0050719067083900195,0.8322243184500943,-0.005148827278987689,13.515337450209165,2.0,0.5158730158730158,CVX,XOM
2021-01-18,160.6168,112.5004,0.8832466681373552,0.8874740891498867,0.004272971691075433,0.1463615881987841,0.033508249484575175,0.033508249484575175,-0.013136440651694947,0.005950851081917485,0.850782759932837,-0.018285267930682636,10.786580844634678,0.0,0.625,CVX,XOM
2021-01-19,163.4287,113.3012,0.8832466681373552,0.8874740891498867,0.01533353966655504,1.198254677980392,0.1463615881987841,0.1463615881987841,0.0012869581844707767,0.005951045797774749,0.8505542535463936,-0.01699830974621186,11.295276502139675,0.0,0.626984126984127,CVX,XOM
2021-01-20,164.5111,114.2914,0.8832466681373552,0.8874740891498867,0.014212359025179921,1.018233322045074,1.198254677980392,1.198254677980392,0.011060567975479607,0.005999048830821581,0.8475789668906116,-0.005937741770732252,12.493966473575533,1.0,0.6587301587301587,CVX,XOM
2021-01-21,163.1566,114.8437,0.8832466681373552,0.8874740891498867,0.0016665024318252009,-0.32485632609538884,1.018233322045074,1.018233322045074,-0.001121180641375119,0.005572412444598941,0.8506661741038852,-0.007058922412107371,12.456474902313646,2.0,0.5515873015873016,CVX,XOM
2021-01-22,162.6798,114.9533,0.8832466681373552,0.8874740891498867,-0.0021066703568752843,-0.763307955578241,-0.32485632609538884,0.32485632609538884,-0.01254585659335472,0.006247178668539227,0.83609934654919,-0.019604779005462092,10.650736039626521,0.0,0.7400793650793651,CVX,XOM
2021-01-25,160.5011,114.3933,0.8832466681373552,0.8874740891498867,-0.011255792173910706,-1.6898504328880395,-0.763307955578241,0.763307955578241,-0.003773172788700485,0.00630011789269249,0.8286756036781027,-0.023377951794162577,10.36419719768388,0.0,0.7757936507936507,CVX,XOM
2021-01-26,159.7116,114.0987,0.8832466681373552,0.8874740891498867,-0.013898416678356007,-1.884432866871809,-1.6898504328880395,1.6898504328880395,-0.009149121817035422,0.0065785764227109045,0.8286236895564838,-0.032527073611198,10.1483602014274,1.0,0.7857142857142857,CVX,XOM
2021-01-27,159.1013,114.2638,0.8832466681373552,0.8874740891498867,-0.01901023962366377,-2.188632473061521,-1.884432866871809,1.884432866871809,-0.002642624504445301,0.006067440210715688,0.8285646448289488,-0.0351696981156433,9.94234426451438,2.0,0.7619047619047619,CVX,XOM
2021-01-28,160.1738,114.3749,0.8832466681373552,0.8874740891498867,-0.013154352182088047,-1.5704799296196619,-2.188632473061521,2.188632473061521,-0.005111822945307765,0.005854298333895796,0.8297395823193653,-0.040281521060951064,10.574995861910383,3.0,0.7142857142857143,CVX,XOM
2021-01-29,162.495,115.5059,0.8832466681373552,0.8874740891498867,-0.007499306792410287,-1.0356803462677027,-1.5704799296196619,1.5704799296196619,0.0058558874415757245,0.006049480331726599,0.8187323960222009,-0.03442563361937534,10.073506959457527,4.0,0.8154761904761905,CVX,XOM
2021-02-01,163.6672,116.0771,0.8832466681373552,0.8874740891498867,-0.004689363706799732,-0.7834664149289519,-1.0356803462677027,1.0356803462677027,0.00565504538967776,0.006229897883961363,0.8227649300411893,-0.02877058822969758,9.259065141673297,5.0,0.8115079365079365,CVX,XOM
2021-02-02,164.5765,115.9442,0.8832466681373552,0.8874740891498867,0.0018677228671730717,-0.2398906212623901,-0.7834664149289519,0.7834664149289519,0.0028099430856105556,0.006278737762851366,0.8260581387021564,-0.025960645144087025,8.936595495569078,0.0,0.7916666666666666,CVX,XOM
2021-02-03,162.8169,114.9834,0.8832466681373552,0.8874740891498867,-0.0014966160978264753,-0.573537564771673,-0.2398906212623901,0.2398906212623901,0.0065570865739728035,0.0061950337637227395,0.817603493695002,-0.01940355857011422,8.819662427116162,0.0,0.8373015873015873,CVX,XOM
2021-02-04,162.7371,114.8418,0.8832466681373552,0.8874740891498867,-0.0008932753928272419,-0.5091479564946788,-0.573537564771673,0.573537564771673,-0.003364338964999547,0.006227287298039292,0.8224460178686603,-0.022767897535113768,8.575959134161389,0.0,0.8115079365079365,CVX,XOM
2021-02-05,164.4307,114.7322,0.8832466681373552,0.8874740891498867,0.010307285115913167,0.5484813632886767,-0.5091479564946788,0.5091479564946788,0.0006033407049992334,0.0061953514063092545,0.8250068287643735,-0.022164556830114535,9.218738574837028,0.0,0.7857142857142858,CVX,XOM
2021-02-08,163.9607,114.0787,0.8832466681373552,0.8874740891498867,0.012514235666555074,0.7247432833496973,0.5484813632886767,0.5484813632886767,0.01120056050874041,0.006646973901354289,0.8097666358479707,-0.010963996321374125,9.74927243918638,0.0,0.8849206349206349,CVX,XOM
2021-02-09,164.1719,113.926,0.8832466681373552,0.8874740891498867,0.014990244175241862,0.9525024201221814,0.7247432833496973,0.7247432833496973,0.0022069505506419063,0.006648219064196991,0.8339835702906537,-0.008757045770732219,9.639355634170139,0.0,0.7579365079365079,CVX,XOM
2021-02-10,163.4599,113.9169,0.8832466681373552,0.8874740891498867,0.010714785960448836,0.5884375447180211,0.9525024201221814,0.9525024201221814,0.002476008508686789,0.006623738181444614,0.8341778005261627,-0.00628103726204543,9.255862726404303,0.0,0.753968253968254,CVX,XOM
2021-02-11,162.374,113.4132,0.8832466681373552,0.8874740891498867,0.00798219782256826,0.38009226524921563,0.5884375447180211,0.5884375447180211,-0.0042754582147930265,0.006664330591255102,0.8327175756065192,-0.010556495476838457,8.465078865882756,0.0,0.7718253968253967,CVX,XOM
2021-02-12,160.3731,112.5772,0.8832466681373552,0.8874740891498867,0.002148903437791283,-0.17384106570419186,0.38009226524921563,0.38009226524921563,-0.002732588137880576,0.00661061130702556,0.8309134043822016,-0.013289083614719033,8.215592985286628,0.0,0.7718253968253967,CVX,XOM
2021-02-15,162.1126,112.8401,0.8832466681373552,0.8874740891498867,0.01086699337085495,0.7733078299101273,-0.17384106570419186,0.17384106570419186,-0.005833294384776977,0.0060775942544425265,0.82955107290529,-0.01912237799949601,8.344963965699433,0.0,0.751984126984127,CVX,XOM
2021-02-16,159.9249,112.2075,0.8832466681373552,0.8874740891498867,0.002269490932877538,-0.1393024579326483,0.7733078299101273,0.7733078299101273,0.008718089933063666,0.006367703081617269,0.825774326856113,-0.010404288066432343,9.24174087130289,0.0,0.7896825396825398,CVX,XOM
2021-02-17,161.1133,112.5233,0.8832466681373552,0.8874740891498867,0.0071787808659893315,0.3751420477989963,-0.1393024579326483,0.1393024579326483,-0.008597502437977411,0.006148879257935786,0.8227904902235744,-0.019001790504409755,9.027105498834448,0.0,0.7857142857142858,CVX,XOM
2021-02-18,161.5391,112.5078,0.8832466681373552,0.8874740891498867,0.009940412605458526,0.6547077703273831,0.3751420477989963,0.3751420477989963,0.004909289933111793,0.006265294532461902,0.8229428934970261,-0.014092500571297961,9.152819784591655,0.0,0.7976190476190477,CVX,XOM
2021-02-19,159.71,112.1508,0.8832466681373552,0.8874740891498867,0.0013733978196270868,-0.22938953526784758,0.6547077703273831,0.6547077703273831,0.0027616317394691947,0.0056318606400610005,0.8171543887418681,-0.011330868831828766,9.494544649570349,0.0,0.7341269841269842,CVX,XOM
2021-02-22,160.1238,111.7805,0.8832466681373552,0.8874740891498867,0.006896107265819573,0.3859227640638125,-0.22938953526784758,0.22938953526784758,-0.00856701478583144,0.005900556459271631,0.8190366056136381,-0.019897883617660206,8.911071310994378,0.0,0.7718253968253969,CVX,XOM
2021-02-23,160.9205,112.5132,0.8832466681373552,0.8874740891498867,0.006061053412304673,0.30639429214536884,0.3859227640638125,0.3859227640638125,0.005522709446192486,0.0056002508481643246,0.8140203093011491,-0.01437517417146772,9.119599844122025,0.0,0.7440476190476191,CVX,XOM
2021-02-24,159.2309,112.0698,0.8832466681373552,0.8874740891498867,-0.0009897202975768238,-0.4208925100179864,0.30639429214536884,0.30639429214536884,-0.0008350538535148999,0.005556642836563212,0.8164522278133088,-0.01521022802498262,8.912330732394992,0.0,0.7261904761904762,CVX,XOM
2021-02-25,157.482,110.5833,0.8832466681373552,0.8874740891498867,-0.0001836329019031524,-0.2822461518751316,-0.4208925100179864,0.4208925100179864,-0.007050773709881497,0.0056779852713012184,0.8207143634891657,-0.022261001734864116,8.608864914997898,0.0,0.7162698412698413,CVX,XOM
2021-02-26,154.659,109.0032,0.8832466681373552,0.8874740891498867,-0.005499717342613231,-0.8482094244235153,-0.2822461518751316,0.2822461518751316,0.0008060873956736714,0.005563154104867834,0.8315685737714125,-0.021454914339190445,8.140474686245433,0.0,0.6349206349206349,CVX,XOM
2021-03-01,154.3405,108.8538,0.8832466681373552,0.8874740891498867,-0.006344002007431904,-0.8922218974025777,-0.8482094244235153,0.8482094244235153,-0.005316084440710078,0.0055833097144323005,0.841299632760142,-0.026770998779900523,7.601401803867805,0.0,0.5873015873015873,CVX,XOM
2021-03-02,154.4221,109.1561,0.8832466681373552,0.8874740891498867,-0.008276646130445542,-1.0438159883782132,-0.8922218974025777,0.8922218974025777,-0.000844284664818673,0.005551337723015284,0.8322896909204537,-0.027615283444719196,7.146634067055608,0.0,0.623015873015873,CVX,XOM
2021-03-03,154.2139,109.4471,0.8832466681373552,0.8874740891498867,-0.011988583679469755,-1.3791689323806242,-1.0438159883782132,1.0438159883782132,-0.0019326441230136382,0.005348262425986587,0.8334707879402729,-0.029547927567732835,7.168721720615759,1.0,0.5773809523809523,CVX,XOM
2021-03-04,154.4919,110.2459,0.8832466681373552,0.8874740891498867,-0.01664122537459356,-1.7463020170872732,-1.3791689323806242,1.3791689323806242,-0.0037119375490242135,0.005358074585017083,0.8306717646722226,-0.03325986511675705,7.846201614413888,2.0,0.6011904761904763,CVX,XOM
2021-03-05,152.7011,108.4054,0.8832466681373552,0.8874740891498867,-0.013359476337260645,-1.307777436868474,-1.7463020170872732,1.7463020170872732,-0.004652641695123805,0.005424787980485124,0.8240364026326652,-0.03791250681188085,8.1144676084705,3.0,0.6388888888888888,CVX,XOM
2021-03-08,153.6175,108.8177,0.8832466681373552,0.8874740891498867,-0.010745087631424788,-1.0348711520065161,-1.307777436868474,1.307777436868474,0.003281749037332915,0.004786846196848905,0.816856773493671,-0.03463075777454794,7.66796003031338,4.0,0.5436507936507937,CVX,XOM
2021-03-09,155.1662,109.7312,0.8832466681373552,0.8874740891498867,-0.008133080816579152,-0.795896707356022,-1.0348711520065161,1.0348711520065161,0.0026143887058358573,0.004802074039870868,0.8042339373352496,-0.03201636906871208,6.79919119837549,5.0,0.5853174603174603,CVX,XOM
2021-03-10,153.7768,108.8805,0.8832466681373552,0.8874740891498867,-0.010220657916348408,-1.1087302452781982,-0.795896707356022,0.795896707356022,0.0026120068148456355,0.004807315577502031,0.8095039684083621,-0.029404362253866445,6.732998159927847,0.0,0.5773809523809524,CVX,XOM
2021-03-11,153.5442,108.6269,0.8832466681373552,0.8874740891498867,-0.009664905594664042,-1.0766270065668448,-1.1087302452781982,1.1087302452781982,-0.0020875770997692555,0.004759747177386924,0.8090653659528074,-0.0314919393536357,6.7112984815112045,1.0,0.5734126984126984,CVX,XOM
2021-03-12,152.8173,108.4557,0.8832466681373552,0.8874740891498867,-0.013010493592394035,-1.409733739555511,-1.0766270065668448,1.0766270065668448,0.0005557523216843663,0.0047554669283343225,0.8098418282483718,-0.030936187031951334,6.350504873631629,2.0,0.5674603174603174,CVX,XOM
2021-03-15,152.0109,108.2182,0.8832466681373552,0.8874740891498867,-0.016355802909636452,-1.6654271814747479,-1.409733739555511,1.409733739555511,-0.003345587997729993,0.004655832883790499,0.808728383038858,-0.03428177502968133,6.864382870536229,3.0,0.5496031746031746,CVX,XOM
2021-03-16,153.0388,107.934,0.8832466681373552,0.8874740891498867,-0.007282819134844409,-0.6475263504411713,-1.6654271814747479,1.6654271814747479,-0.0033453093172424175,0.004142209152325753,0.8087049975611612,-0.037627084346923745,6.487056672921276,4.0,0.5,CVX,XOM
2021-03-17,155.0392,108.8428,0.8832466681373552,0.8874740891498867,-0.0017375280362292855,-0.05033673003850308,-0.6475263504411713,0.6475263504411713,0.009072983774792043,0.004382074965834099,0.7985231029983669,-0.028554100572131702,5.685305721051557,0.0,0.5456349206349207,CVX,XOM
2021-03-18,156.7367,110.3599,0.8832466681373552,0.8874740891498867,-0.0031327859902336996,-0.19222921611036026,-0.05033673003850308,0.05033673003850308,0.005545291098615124,0.004423166563698069,0.8069883834524239,-0.023008809473516578,5.284718888307534,0.0,0.5277777777777778,CVX,XOM
2021-03-19,155.1938,110.0603,0.8832466681373552,0.8874740891498867,-0.010612904702398396,-0.932803020245116,-0.19222921611036026,0.19222921611036026,-0.001395257954004414,0.004364846996424785,0.8078998608664506,-0.024404067427520992,4.824124252770081,0.0,0.5138888888888888,CVX,XOM
2021-03-22,156.2334,111.7128,0.8832466681373552,0.8874740891498867,-0.017162453175688874,-1.5417448990465432,-0.932803020245116,0.932803020245116,-0.007480118712164696,0.0042717565082764026,0.8060536079562558,-0.03188418613968569,4.8383777783418696,0.0,0.5158730158730159,CVX,XOM
2021-03-23,155.8482,111.6863,0.8832466681373552,0.8874740891498867,-0.019420492046468674,-1.6954150485796617,-1.5417448990465432,1.5417448990465432,-0.0065495484732904785,0.004216617096551119,0.7976565042214931,-0.03843373461297617,5.130099810439201,1.0,0.5337301587301587,CVX,XOM
2021-03-24,157.4935,112.7085,0.8832466681373552,0.8874740891498867,-0.01700435206576323,-1.34712353381967,-1.6954150485796617,1.6954150485796617,-0.0022580388707797994,0.00422181168433491,0.8048293895475112,-0.040691773483755966,5.5200273140668354,2.0,0.5138888888888888,CVX,XOM
2021-03-25,157.4676,112.5108,0.8832466681373552,0.8874740891498867,-0.01561074721925948,-1.1195075833125914,-1.34712353381967,1.34712353381967,0.002416139980705445,0.004075783586459106,0.8006132966968603,-0.03827563350305052,5.505045535047181,3.0,0.5099206349206349,CVX,XOM
2021-03-26,158.3242,112.9468,0.8832466681373552,0.8874740891498867,-0.013618119070592627,-0.8319692337603014,-1.1195075833125914,1.1195075833125914,0.0013936048465037487,0.0040893533912907,0.7966171683990017,-0.032837441156209124,5.422190616135432,4.0,0.5277777777777778,CVX,XOM
2021-03-29,159.0227,113.1672,0.8832466681373552,0.8874740891498867,-0.010946084244149112,-0.47130692276626124,-0.8319692337603014,0.8319692337603014,0.001992628148666853,0.0039923076460395114,0.7999782805983711,-0.02974057322889223,5.30183187220912,0.0,0.498015873015873,CVX,XOM
2021-03-30,162.3407,116.1071,0.8832466681373552,0.8874740891498867,-0.013056585298597767,-0.680187250647726,-0.47130692276626124,0.47130692276626124,0.0026720348264435145,0.004046194660518432,0.8013927159889496,-0.027068538402448716,5.29634305937825,0.0,0.5,CVX,XOM
2021-03-31,164.2462,116.4893,0.8832466681373552,0.8874740891498867,-0.004303856050316135,0.4983332874822462,-0.680187250647726,0.680187250647726,-0.0021105010544486547,0.004050120326199462,0.8260131091298,-0.02917903945689737,5.347255691170688,0.0,0.373015873015873,CVX,XOM
2021-04-01,163.8885,116.2846,0.8832466681373552,0.8874740891498867,-0.004923179727973626,0.5355838610345585,0.4983332874822462,0.4983332874822462,0.008752729248281632,0.00441073078438028,0.8230081353104706,-0.02042631020861574,4.9811380657590085,0.0,0.43253968253968256,CVX,XOM
2021-04-02,166.0005,117.5708,0.8832466681373552,0.8874740891498867,-0.0018809756256148447,1.024074204281272,0.5355838610345585,0.5355838610345585,-0.0006193236776574906,0.004265644912366715,0.8242463509070531,-0.02104563388627323,5.015044887441575,0.0,0.4007936507936508,CVX,XOM
2021-04-05,164.9859,117.1744,0.8832466681373552,0.8874740891498867,-0.005014509998630068,0.6722292897745482,1.024074204281272,1.024074204281272,0.003042204102358781,0.0042583887221801665,0.8294634053096466,-0.01800342978391445,4.978270503129778,1.0,0.376984126984127,CVX,XOM
2021-04-06,164.2123,116.359,0.8832466681373552,0.8874740891498867,-0.0035170282675389686,1.0822847210956978,0.6722292897745482,0.6722292897745482,-0.003133534373015223,0.004304691176348071,0.8308405642055129,-0.021136964156929672,5.014676098056812,0.0,0.37896825396825395,CVX,XOM
2021-04-07,167.5016,117.4275,0.8832466681373552,0.8874740891498867,0.008203476136615429,2.838364336835757,1.0822847210956978,1.0822847210956978,0.0014974817310910993,0.004281376959298431,0.8293485044191862,-0.019639482425838573,4.893831278432283,1.0,0.38690476190476186,CVX,XOM
2021-04-08,166.4252,117.2479,0.8832466681373552,0.8874740891498867,0.003114922070741599,1.9240777176565655,2.838364336835757,2.838364336835757,0.011720504404154397,0.0049178703722711475,0.8295639213041317,-0.007918978021684175,4.955258085788563,2.0,0.4722222222222222,CVX,XOM
2021-04-09,166.0319,117.606,0.8832466681373552,0.8874740891498867,-0.0019575021664879344,1.0789090365228073,1.9240777176565655,1.9240777176565655,-0.005088554065873829,0.005089694184475706,0.827784124595964,-0.012218617595813441,4.782773287241526,3.0,0.5337301587301587,CVX,XOM
2021-04-12,165.19,117.4591,0.8832466681373552,0.8874740891498867,-0.005931889867227369,0.45150421765304266,1.0789090365228073,1.0789090365228073,-0.005072424237229534,0.005170561068232396,0.8058003235106769,-0.017291041833042975,4.782778502661443,4.0,0.6765873015873016,CVX,XOM
2021-04-13,165.4237,117.7521,0.8832466681373552,0.8874740891498867,-0.006729189644045341,0.3176518778731388,0.45150421765304266,0.45150421765304266,-0.003974387700739435,0.005196028440989537,0.8058012097381378,-0.02126542953378241,4.750342454095654,0.0,0.6785714285714286,CVX,XOM
2021-04-14,165.5785,118.0961,0.8832466681373552,0.8874740891498867,-0.00838272801421791,0.03967363354989985,0.3176518778731388,0.3176518778731388,-0.0007972997768179724,0.004815124382729114,0.807203756327022,-0.021719433819287204,4.897520496645151,0.0,0.5932539682539683,CVX,XOM
2021-04-15,162.8209,116.6158,0.8832466681373552,0.8874740891498867,-0.013982771711829045,-0.8693117729724996,0.03967363354989985,0.03967363354989985,-0.0016535383701725692,0.004655640575364374,0.8052667986642527,-0.023372972189459773,4.989741731857549,0.0,0.5674603174603174,CVX,XOM
2021-04-16,163.7173,117.1847,0.8832466681373552,0.8874740891498867,-0.012811374133146813,-0.6863929513547987,-0.8693117729724996,0.8693117729724996,-0.0056000436976111345,0.004791843865496642,0.834548546371156,-0.028973015887070908,5.18529042766921,0.0,0.4027777777777778,CVX,XOM
2021-04-19,163.5807,116.0449,0.8832466681373552,0.8874740891498867,-0.004971793844916306,0.5374285183395078,-0.6863929513547987,0.6863929513547987,0.0011713975786822317,0.004529347607996468,0.8369770965582227,-0.027801618308388676,5.258736652649357,0.0,0.3373015873015873,CVX,XOM
2021-04-20,162.1143,115.0076,0.8832466681373552,0.8874740891498867,-0.006007993357544095,0.3597435896842743,0.5374285183395078,0.5374285183395078,0.007839580288230508,0.004591695131532833,0.8280885816647132,-0.019962038020158168,4.984935567809373,0.0,0.41468253968253965,CVX,XOM
2021-04-21,161.9187,114.8577,0.8832466681373552,0.8874740891498867,-0.006057796719762365,0.32961581793520395,0.3597435896842743,0.3597435896842743,-0.001036199512627789,0.004561162714696722,0.8313278569196919,-0.020998237532785957,4.9228371554601305,0.0,0.38095238095238093,CVX,XOM
2021-04-22,162.2613,114.8399,0.8832466681373552,0.8874740891498867,-0.0038066089642656564,0.6531495786753615,0.32961581793520395,0.32961581793520395,-4.980336221827031e-05,0.004545614680789516,0.8345900865274398,-0.021048040895004227,5.051202458594013,0.0,0.3472222222222222,CVX,XOM
2021-04-23,162.1186,114.3061,0.8832466681373552,0.8874740891498867,-0.0005516582991429431,1.09224725295902,0.6531495786753615,0.6531495786753615,0.0022511877554967086,0.004557424920207055,0.8365858591989723,-0.01879685313950752,4.988291251503848,0.0,0.34325396825396826,CVX,XOM
2021-04-26,164.2579,115.0036,0.8832466681373552,0.8874740891498867,0.007158985423257214,2.079834695796466,1.09224725295902,1.09224725295902,0.0032549506651227134,0.004585067279236847,0.8293421156017532,-0.015541902474384806,5.031605251228362,1.0,0.4087301587301587,CVX,XOM
2021-04-27,162.9889,113.9619,0.8832466681373552,0.8874740891498867,0.007478680926527481,1.9193596965798065,2.079834695796466,2.079834695796466,0.007710643722400157,0.004821400408979426,0.8284205913700421,-0.007831258751984649,5.017856823154655,2.0,0.47817460317460314,CVX,XOM
2021-04-28,162.8912,113.9044,0.8832466681373552,0.8874740891498867,0.0073269660049861685,1.7654136665433946,1.9193596965798065,1.9193596965798065,0.0003196955032702675,0.004774258309017041,0.8351332970818629,-0.007511563248714381,5.044692822395776,3.0,0.39880952380952384,CVX,XOM
2021-04-29,161.1045,113.2109,0.8832466681373552,0.8874740891498867,0.0017175434062748351,0.9829047097461943,1.7654136665433946,1.7654136665433946,-0.00015171492154131272,0.004436240824227151,0.831461470925832,-0.007663278170255694,5.031757511189388,4.0,0.3670634920634921,CVX,XOM
2021-04-30,161.5387,113.0783,0.8832466681373552,0.8874740891498867,0.005449139928923152,1.3658397724709543,0.9829047097461943,0.9829047097461943,-0.005609422598711333,0.004632739761635852,0.8328647084281251,-0.013272700768967027,4.991482738080182,0.0,0.38492063492063494,CVX,XOM
2021-05-03,161.3728,113.4514,0.8832466681373552,0.8874740891498867,0.0014982276740127531,0.8056321543658624,1.3658397724709543,1.3658397724709543,0.003731596522648317,0.004655286195678048,0.843877112984299,-0.00954110424631871,4.919695108298072,1.0,0.33333333333333337,CVX,XOM
2021-05-04,160.1521,113.0614,0.8832466681373552,0.8874740891498867,-0.0030389674027144764,0.14591223451857752,0.8056321543658624,0.8056321543658624,-0.003950912254910399,0.004689297406622105,0.8424217242178045,-0.01349201650122911,5.16883946455198,0.0,0.35317460317460314,CVX,XOM
2021-05-05,161.0199,113.5343,0.8832466681373552,0.8874740891498867,-0.0013392775390244083,0.3312978426375717,0.14591223451857752,0.14591223451857752,-0.0045371950767272295,0.004797099391687082,0.8433357161163147,-0.013905960773569426,5.103659693333843,0.0,0.375,CVX,XOM
2021-05-06,162.5398,113.6963,0.8832466681373552,0.8874740891498867,0.006790239654458574,1.4685179101329338,0.3312978426375717,0.3312978426375717,0.0016996898636900681,0.004007618952340944,0.8458338087753512,-0.012206270909879358,4.99806651147416,0.0,0.21626984126984128,CVX,XOM
2021-05-07,161.1737,112.3123,0.8832466681373552,0.8874740891498867,0.009219326606478617,1.7170088303207907,1.4685179101329338,1.4685179101329338,0.008129517193482982,0.004273720101268325,0.8395935119602174,-0.004076753716396375,4.813405705144032,1.0,0.2936507936507936,CVX,XOM
2021-05-10,159.2757,111.0103,0.8832466681373552,0.8874740891498867,0.007721621657748479,1.3913917263498838,1.7170088303207907,1.7170088303207907,0.002429086952020043,0.004122462666621661,0.8383073534919007,-0.001647666764376332,4.921371579234283,2.0,0.27380952380952384,CVX,XOM
2021-05-11,158.8255,111.2699,0.8832466681373552,0.8874740891498867,0.0028181194462604253,0.5940895958947567,1.3913917263498838,1.3913917263498838,-0.0014977049487301386,0.004020363711745043,0.8486726377432722,-0.0022187909477100476,4.880479191143219,3.0,0.20238095238095238,CVX,XOM
2021-05-12,160.075,111.2935,0.8832466681373552,0.8874740891498867,0.010466249046882758,1.6638633506977212,0.5940895958947567,0.5940895958947567,-0.004903502211488053,0.004191887986356044,0.8478221093103807,-0.007122293159198101,4.814634523891449,0.0,0.23412698412698413,CVX,XOM
2021-05-13,159.4197,110.8973,0.8832466681373552,0.8874740891498867,0.0095291468114036,1.4079587086546177,1.6638633506977212,1.6638633506977212,0.007648129600622333,0.004438420630022586,0.8431589146103894,0.0,4.619928886151414,1.0,0.3055555555555555,CVX,XOM
2021-05-14,159.2383,110.9664,0.8832466681373552,0.8874740891498867,0.007837809967329079,1.086390586083514,1.4079587086546177,1.4079587086546177,-0.0009371022354791592,0.004204954851987868,0.8444188192188116,-0.0009371022354791592,4.673743703899088,2.0,0.25396825396825395,CVX,XOM
2021-05-17,160.6543,111.6816,0.8832466681373552,0.8874740891498867,0.010989250446016285,1.4318892580133316,1.086390586083514,1.086390586083514,-0.0016913368440745202,0.004251131788178866,0.8490380833958961,-0.0026284390795536794,4.618926031754816,3.0,0.2361111111111111,CVX,XOM
2021-05-18,161.4276,112.5253,0.8832466681373552,0.8874740891498867,0.009111907696859767,1.089156225515496,1.4318892580133316,1.4318892580133316,0.0031514404786872063,0.003990593195643377,0.8551610594780574,0.0,4.798121395135201,4.0,0.1626984126984127,CVX,XOM
2021-05-19,160.1743,112.0886,0.8832466681373552,0.8874740891498867,0.00476866334682402,0.5007530048803914,1.089156225515496,1.089156225515496,-0.0018773427491565187,0.004014066291046102,0.8545503842428369,-0.0018773427491565187,4.867544095057607,5.0,0.17261904761904762,CVX,XOM
2021-05-20,158.4205,111.2129,0.8832466681373552,0.8874740891498867,0.0007196353663356803,-0.06379940319444917,0.5007530048803914,0.5007530048803914,-0.0043432443500357465,0.00416344696978093,0.8568372573138613,-0.006220587099192265,4.891300141615995,0.0,0.19444444444444442,CVX,XOM
2021-05-21,156.3944,110.1194,0.8832466681373552,0.8874740891498867,-0.0033829678382719663,-0.6388146643352121,-0.06379940319444917,0.06379940319444917,-0.00404902798048834,0.004259394688048372,0.8552858150528596,-0.010269615079680605,4.830087364577948,0.0,0.21626984126984128,CVX,XOM
2021-05-24,156.1033,110.5156,0.8832466681373552,0.8874740891498867,-0.008433346059293356,-1.3251810502576897,-0.6388146643352121,0.6388146643352121,-0.004102603204607647,0.004299471130821004,0.84995866428306,-0.014372218284288252,4.86522433643257,0.0,0.25595238095238093,CVX,XOM
2021-05-25,156.1549,111.1976,0.8832466681373552,0.8874740891498867,-0.013562689780394876,-1.918576074485341,-1.3251810502576897,1.3251810502576897,-0.00505037822102139,0.00402496030594759,0.8459680060002804,-0.01942259650530964,4.902830619036953,1.0,0.21825396825396826,CVX,XOM
2021-05-26,156.716,110.9679,0.8832466681373552,0.8874740891498867,-0.008140758757149591,-1.1974073336821176,-1.918576074485341,1.918576074485341,-0.00512934372110152,0.004124519045144821,0.8423155299569783,-0.024551940226411162,4.979929423106646,2.0,0.2678571428571429,CVX,XOM
2021-05-27,155.2035,109.4449,0.8832466681373552,0.8874740891498867,-0.005574185049597169,-0.9439951669304718,-1.1974073336821176,1.1974073336821176,0.0054219310232452855,0.004357647899234779,0.8402974493580158,-0.019130009203165876,4.813157416377944,3.0,0.3214285714285714,CVX,XOM
2021-05-28,152.3899,107.8366,0.8832466681373552,0.8874740891498867,-0.010730713926635715,-1.7144276535052814,-0.9439951669304718,0.9439951669304718,0.002566573707552422,0.004267362436280883,0.8467284816036822,-0.016563435495613454,4.788750411695558,0.0,0.25992063492063494,CVX,XOM
2021-05-31,152.0644,107.0606,0.8832466681373552,0.8874740891498867,-0.006459549660389641,-1.0841766521550487,-1.7144276535052814,1.7144276535052814,-0.0051565288770385465,0.004280430482777755,0.8541951753242683,-0.021719964372652,4.9039760213722134,1.0,0.23015873015873017,CVX,XOM
2021-06-01,151.6565,106.5692,0.8832466681373552,0.8874740891498867,-0.00506275435179937,-0.8926618575772767,-1.0841766521550487,1.0841766521550487,0.004271164266246075,0.004353147777386394,0.8505943160524079,-0.017448800106405926,4.7679889774156,2.0,0.251984126984127,CVX,XOM
2021-06-02,151.0595,106.2957,0.8832466681373552,0.8874740891498867,-0.006726502615893359,-1.1246685533738665,-0.8926618575772767,0.8926618575772767,0.0013967953085902707,0.004262184502866671,0.846864549651895,-0.016052004797815655,4.807401979276913,0.0,0.25595238095238093,CVX,XOM
2021-06-03,150.0539,106.2081,0.8832466681373552,0.8874740891498867,-0.012674055426266762,-1.834320011480903,-1.1246685533738665,1.1246685533738665,-0.0016637482640939893,0.004254157515668662,0.8443975827723365,-0.017715753061909645,4.806042323550157,1.0,0.2698412698412698,CVX,XOM
2021-06-04,150.8362,106.5306,0.8832466681373552,0.8874740891498867,-0.010164862965845067,-1.4009098654915884,-1.834320011480903,1.834320011480903,-0.005947552810373402,0.003960742534850083,0.8410289393765666,-0.023663305872283047,4.939655803211255,2.0,0.23015873015873017,CVX,XOM
2021-06-07,153.4449,107.3379,0.8832466681373552,0.8874740891498867,0.0002821856904473563,0.0001395850433479214,-1.4009098654915884,1.4009098654915884,0.002509192460421694,0.003964220041893895,0.8422342656806794,-0.021154113411861353,4.890786409053622,3.0,0.2261904761904762,CVX,XOM
2021-06-08,152.7932,106.8666,0.8832466681373552,0.8874740891498867,-6.867868262006027e-05,-0.013275480883287557,0.0001395850433479214,0.0001395850433479214,0.010447048656292424,0.00467556732503001,0.8414675631421653,-0.010707064755568929,4.506560233427242,0.0,0.3829365079365079,CVX,XOM
2021-06-09,152.5203,106.1319,0.8832466681373552,0.8874740891498867,0.004266038783564241,0.5927612921992391,-0.013275480883287557,0.013275480883287557,-0.0003508643730674166,0.004558771480847218,0.8515315227106356,-0.011057929128636346,4.877936237224834,0.0,0.2718253968253968,CVX,XOM
2021-06-10,152.7194,106.4145,0.8832466681373552,0.8874740891498867,0.0032106291454248037,0.4407358653537417,0.5927612921992391,0.5927612921992391,0.004334717466184301,0.004326883331116195,0.8450603957809331,-0.006723211662452044,4.911826267031355,0.0,0.28968253968253965,CVX,XOM
2021-06-11,151.974,105.4077,0.8832466681373552,0.8874740891498867,0.006754300413787995,0.9133491609287376,0.4407358653537417,0.4407358653537417,-0.0010554096381394373,0.004327817366855174,0.8405925745842804,-0.007778621300591482,4.902302495137737,0.0,0.32936507936507936,CVX,XOM
2021-06-14,152.7581,106.0854,0.8832466681373552,0.8874740891498867,0.006212879139094518,0.8098440779878865,0.9133491609287376,0.9133491609287376,0.003543671268363191,0.004394510965865812,0.8436357714160616,-0.004234950032228291,4.943002948241878,0.0,0.3214285714285714,CVX,XOM
2021-06-15,150.6614,105.9274,0.8832466681373552,0.8874740891498867,-0.006285051412133313,-0.8449273139791298,0.8098440779878865,0.8098440779878865,-0.0005414212746934766,0.0043330941946421574,0.852214526707744,-0.004776371306921767,4.831519689496727,0.0,0.2361111111111111,CVX,XOM
2021-06-16,150.4293,106.1268,0.8832466681373552,0.8874740891498867,-0.009495809603822458,-1.2050699414039339,-0.8449273139791298,0.8449273139791298,-0.012497930551227832,0.00508662622428272,0.8369910025535516,-0.0172743018581496,4.277593925491613,0.0,0.5,CVX,XOM
2021-06-17,152.5239,107.5211,0.8832466681373552,0.8874740891498867,-0.007251468005724959,-0.8547490165082257,-1.2050699414039339,1.2050699414039339,-0.0032107581916891448,0.0050527224426778535,0.8297766105203772,-0.020485060049838744,4.065040048337181,1.0,0.5515873015873016,CVX,XOM
2021-06-18,152.6137,106.9572,0.8832466681373552,0.8874740891498867,-0.0019962290863286825,-0.12730581303467206,-0.8547490165082257,0.8547490165082257,0.002244341598097499,0.005031100069848368,0.8390842210503762,-0.018240718451741245,4.043737715639595,0.0,0.4722222222222222,CVX,XOM
2021-06-21,154.9905,108.7345,0.8832466681373552,0.8874740891498867,-0.0011682036263680473,0.02358290936620286,-0.12730581303467206,0.12730581303467206,0.005255238919396277,0.0050995407319294065,0.8336505694448759,-0.012985479532344968,3.956594490547618,0.0,0.5297619047619048,CVX,XOM
2021-06-22,155.2818,108.9151,0.8832466681373552,0.8874740891498867,-0.0007633039456571566,0.095921736909375,0.02358290936620286,0.02358290936620286,0.0008280254599606351,0.004963580648125356,0.84364029882792,-0.012157454072384333,4.210409486227266,0.0,0.41468253968253965,CVX,XOM
2021-06-23,152.8173,107.4631,0.8832466681373552,0.8874740891498867,-0.004850824434706524,-0.4153453968914977,0.095921736909375,0.095921736909375,0.00040489968071089066,0.004801272407353789,0.8282993681566412,-0.011752554391673442,4.218779013125525,0.0,0.5218253968253969,CVX,XOM
2021-06-24,154.0671,107.4765,0.8832466681373552,0.8874740891498867,0.0031836513860596938,0.8040499195144788,-0.4153453968914977,0.4153453968914977,-0.004087520489049368,0.004774959962213979,0.8398962740450352,-0.01584007488072281,4.15540403473182,0.0,0.4087301587301587,CVX,XOM
2021-06-25,154.1068,106.7002,0.8832466681373552,0.8874740891498867,0.009874763132927455,1.7671713169960135,0.8040499195144788,0.8040499195144788,0.008034475820766218,0.005053100792452698,0.8348441589958449,-0.007805599059956592,3.98731108432375,0.0,0.501984126984127,CVX,XOM
2021-06-28,152.6652,106.0984,0.8832466681373552,0.8874740891498867,0.005495796202583669,1.1996397162451378,1.7671713169960135,1.7671713169960135,0.006691111746867762,0.005056992383977545,0.8184251457583396,-0.00111448731308883,3.9583896050731013,1.0,0.6468253968253967,CVX,XOM
2021-06-29,152.1318,106.5739,0.8832466681373552,0.8874740891498867,-0.0019727382581988806,0.1129571465924418,1.1996397162451378,1.1996397162451378,-0.004378966930343786,0.0051306857052803795,0.8194518580590383,-0.005493454243432616,3.9192079561922184,2.0,0.6607142857142858,CVX,XOM
2021-06-30,151.3863,107.0173,0.8832466681373552,0.8874740891498867,-0.010569810820020287,-1.2038376635305506,0.1129571465924418,0.1129571465924418,-0.00746853446078255,0.005417452310576418,0.809451411940815,-0.012961988704215166,3.6886191591154462,0.0,0.7757936507936507,CVX,XOM
2021-07-01,150.9299,106.3103,0.8832466681373552,0.8874740891498867,-0.007706699520354299,-0.6909153357736703,-1.2038376635305506,1.2038376635305506,-0.008597072561821406,0.005735225576076681,0.7910310451978229,-0.021559061266036572,3.4825566395281893,1.0,0.8690476190476191,CVX,XOM
2021-07-02,151.7016,106.7584,0.8832466681373552,0.8874740891498867,-0.006339615874423998,-0.4509485549983888,-0.6909153357736703,0.6909153357736703,0.002863111299665988,0.005613310474731342,0.791907809035324,-0.018695949966370584,3.8486399047080884,0.0,0.8591269841269842,CVX,XOM
2021-07-05,152.7667,107.9246,0.8832466681373552,0.8874740891498867,-0.008985088390200957,-0.8745599214162935,-0.4509485549983888,0.4509485549983888,0.0013670836459303004,0.005595802293127339,0.7990030099041091,-0.017328866320440284,3.811664412599871,0.0,0.8353174603174602,CVX,XOM
2021-07-06,154.5634,109.0216,0.8832466681373552,0.8874740891498867,-0.006267837654061026,-0.4953445811574443,-0.8745599214162935,0.8745599214162935,-0.0026454725157769587,0.0051017412351147436,0.8036271653179946,-0.019974338836217242,3.646643652581305,0.0,0.7261904761904762,CVX,XOM
2021-07-07,154.3648,109.526,0.8832466681373552,0.8874740891498867,-0.01165009730827471,-1.3548229005557444,-0.4953445811574443,0.4953445811574443,0.002717250736139931,0.005148729251974705,0.8120106667211319,-0.01725708810007731,3.521936670503743,0.0,0.6884920634920635,CVX,XOM
2021-07-08,156.7246,110.7163,0.8832466681373552,0.8874740891498867,-0.006071409491605451,-0.4299727480162228,-1.3548229005557444,1.3548229005557444,-0.005382259654213684,0.005145981494668905,0.807291181966325,-0.022639347754290995,3.972464614607586,1.0,0.7142857142857143,CVX,XOM
2021-07-09,153.9878,108.9119,0.8832466681373552,0.8874740891498867,-0.009105381228138754,-0.9487334495497015,-0.4299727480162228,0.4299727480162228,0.005578687816669259,0.0053291121984004215,0.8078027648764262,-0.017060659937621736,3.906355319838711,0.0,0.751984126984127,CVX,XOM
2021-07-12,152.9967,108.7436,0.8832466681373552,0.8874740891498867,-0.01418994549020347,-1.6736964757157253,-0.9487334495497015,0.9487334495497015,-0.003033971736533303,0.005274312523336412,0.8196062975254803,-0.02009463167415504,3.958360504283486,0.0,0.6547619047619048,CVX,XOM
2021-07-13,152.334,108.3898,0.8832466681373552,0.8874740891498867,-0.01563869311776145,-1.749348652023746,-1.6736964757157253,1.6736964757157253,-0.005084564262064717,0.005355790422810204,0.8275697534922957,-0.025179195936219756,3.9698893383252245,1.0,0.628968253968254,CVX,XOM
2021-07-14,151.9499,108.2508,0.8832466681373552,0.8874740891498867,-0.017024475760084812,-1.8016484756000362,-1.749348652023746,1.749348652023746,-0.001448747627557978,0.004669205792590332,0.8249265719161621,-0.026627943563777734,3.860841046431605,2.0,0.45634920634920634,CVX,XOM
2021-07-15,152.1527,108.1086,0.8832466681373552,0.8874740891498867,-0.014524148498550993,-1.4207852487986161,-1.8016484756000362,1.8016484756000362,-0.0013857826423233632,0.004632394467177255,0.8248183992399372,-0.028013726206101097,4.142106709502192,3.0,0.4444444444444444,CVX,XOM
2021-07-16,153.0742,108.0567,0.8832466681373552,0.8874740891498867,-0.008059844690181173,-0.5245072183326657,-1.4207852487986161,1.4207852487986161,0.002500327261533819,0.004639965429955233,0.8243640164792496,-0.025513398944567278,4.266684435236675,4.0,0.4484126984126984,CVX,XOM
2021-07-19,156.0823,109.556,0.8832466681373552,0.8874740891498867,-0.0008283499756274182,0.5065765802589848,-0.5245072183326657,0.5245072183326657,0.00646430380836982,0.004719965539167276,0.8222624285173453,-0.019049095136197458,4.126667619762334,0.0,0.5,CVX,XOM
2021-07-20,156.3721,109.661,0.8832466681373552,0.8874740891498867,0.00017648101641221103,0.6477043874566764,0.5065765802589848,0.5065765802589848,0.0072314947145537545,0.004995012413133609,0.8341849780961124,-0.011817600421643704,4.060956390484908,0.0,0.4384920634920635,CVX,XOM
2021-07-21,156.7696,110.0419,0.8832466681373552,0.8874740891498867,-0.00036197034957119456,0.605358354348942,0.6477043874566764,0.6477043874566764,0.0010048309920396292,0.004999051594826511,0.8324337627374011,-0.010812769429604074,4.106861406073126,0.0,0.4662698412698413,CVX,XOM
2021-07-22,157.1161,110.5975,0.8832466681373552,0.8874740891498867,-0.0026237296354807427,0.3121736267768132,0.605358354348942,0.605358354348942,-0.0005384513659834056,0.004911359854046258,0.8327967374744177,-0.01135122079558748,4.102902193400852,0.0,0.44047619047619047,CVX,XOM
2021-07-23,155.6474,110.5084,0.8832466681373552,0.8874740891498867,-0.011300300960814802,-0.9160269962161002,0.3121736267768132,0.3121736267768132,-0.002261759285909548,0.004595177213694163,0.831014184852373,-0.013612980081497028,4.017351173608342,0.0,0.37896825396825395,CVX,XOM
2021-07-26,154.8436,109.8667,0.8832466681373552,0.8874740891498867,-0.011309514697122047,-0.8652665887375344,-0.9160269962161002,0.9160269962161002,-0.00867657132533406,0.004648075423265963,0.8260459204641741,-0.022289551406831087,3.831153073879875,0.0,0.4365079365079365,CVX,XOM
2021-07-27,154.301,109.8828,0.8832466681373552,0.8874740891498867,-0.014949891718688768,-1.3580972209363076,-0.8652665887375344,0.8652665887375344,-9.213736307245313e-06,0.004589199710026737,0.8291537118485872,-0.022298765143138333,3.6303453386053692,0.0,0.39682539682539686,CVX,XOM
2021-07-28,156.8552,110.96,0.8832466681373552,0.8874740891498867,-0.007189738970161841,-0.1649685048828554,-1.3580972209363076,1.3580972209363076,-0.003640377021566721,0.004383999404438699,0.8280556637094578,-0.025939142164705054,3.761811881340308,1.0,0.3829365079365079,CVX,XOM
2021-07-29,158.3846,112.1266,0.8832466681373552,0.8874740891498867,-0.0067684997996311225,-0.1017996469912743,-0.1649685048828554,0.1649685048828554,0.007760152748526927,0.004350565543242452,0.8322617996858819,-0.018178989416178126,3.5820561326008358,0.0,0.3194444444444444,CVX,XOM
2021-07-30,159.1516,112.1968,0.8832466681373552,0.8874740891498867,-0.002492999307136756,0.5689095554939154,-0.1017996469912743,0.1017996469912743,0.00042123917053071835,0.004307294280608166,0.8413376393859877,-0.017757750245647408,3.691621286700247,0.0,0.2361111111111111,CVX,XOM
2021-08-02,159.5169,112.7032,0.8832466681373552,0.8874740891498867,-0.004196933386408475,0.321141831107967,0.5689095554939154,0.5689095554939154,0.004275500492494366,0.004397561000978597,0.8390833655513749,-0.013482249753153042,3.5056836262752067,0.0,0.28174603174603174,CVX,XOM
2021-08-03,157.928,111.8987,0.8832466681373552,0.8874740891498867,-0.007849871292614274,-0.2202403352652479,0.321141831107967,0.321141831107967,-0.0017039340792717184,0.004371894458899363,0.8331154638852352,-0.01518618383242476,3.726056249188988,0.0,0.3115079365079365,CVX,XOM
2021-08-04,158.7651,112.0976,0.8832466681373552,0.8874740891498867,-0.004139438239985083,0.36772644705828317,-0.2202403352652479,0.2202403352652479,-0.0036529379062058,0.004411637490059574,0.8392458977287905,-0.01883912173863056,3.616872153344368,0.0,0.28174603174603174,CVX,XOM
2021-08-05,161.3834,113.7809,0.8832466681373552,0.8874740891498867,-0.001009867569058187,0.9139249619960399,0.36772644705828317,0.36772644705828317,0.0037104330526291918,0.004309026240731897,0.844355849108901,-0.015128688686001368,3.434392282126903,0.0,0.21031746031746032,CVX,XOM
2021-08-06,162.5946,114.4309,0.8832466681373552,0.8874740891498867,0.0014117414846914755,1.505512469349766,0.9139249619960399,0.9139249619960399,0.0031295706709268956,0.004192649146691815,0.8531478790852564,-0.011999118015074473,3.656648470919091,0.0,0.1349206349206349,CVX,XOM
2021-08-09,162.1605,114.1506,0.8832466681373552,0.8874740891498867,0.0009148870928390451,1.5230873623918733,1.505512469349766,1.505512469349766,0.0024216090537496626,0.004147142450411367,0.8546852860130687,-0.00957750896132481,3.576792719201704,1.0,0.12698412698412698,CVX,XOM
2021-08-10,164.8763,115.6102,0.8832466681373552,0.8874740891498867,0.006247943446749282,2.293905725801131,1.5230873623918733,1.5230873623918733,-0.0004968543918524304,0.003952800119987518,0.8532914879136551,-0.00895987604008841,3.543198439493071,2.0,0.09722222222222221,CVX,XOM
2021-08-11,165.9594,116.0002,0.8832466681373552,0.8874740891498867,0.009806856821404253,2.5013339289704275,2.293905725801131,2.293905725801131,0.005333056353910237,0.004039132032502977,0.8603918154397885,-0.003626819686178173,3.807794062321321,3.0,0.09523809523809523,CVX,XOM
2021-08-12,164.8958,116.5433,0.8832466681373552,0.8874740891498867,-0.0007679222643046657,0.7908693673435536,2.5013339289704275,2.5013339289704275,0.0035589133746549706,0.0040310820197360835,0.8599207830906882,-6.790631152320259e-05,3.98814919042749,4.0,0.09722222222222222,CVX,XOM
2021-08-13,165.4493,117.0516,0.8832466681373552,0.8874740891498867,-0.0012791523680872885,0.6793760812491554,0.7908693673435536,0.7908693673435536,-0.010574779085708919,0.004780696046017273,0.8430031705680188,-0.010642685397232121,3.6810969281376793,0.0,0.3492063492063492,CVX,XOM
2021-08-16,166.4136,117.0904,0.8832466681373552,0.8874740891498867,0.004238170814550912,1.419902342381724,0.6793760812491554,0.6793760812491554,-0.0005112301037826228,0.004597488579497812,0.8372077493452067,-0.011153915501014744,3.678202348253379,0.0,0.3472222222222222,CVX,XOM
2021-08-17,165.9584,117.3525,0.8832466681373552,0.8874740891498867,-0.0004852691267531739,0.6772587469957471,1.419902342381724,1.419902342381724,0.005517323182638201,0.0044827434225025295,0.8377621870445718,-0.005636592318376543,3.7156932245801624,1.0,0.3234126984126984,CVX,XOM
2021-08-18,161.3289,114.9562,0.8832466681373552,0.8874740891498867,-0.010467772246406604,-0.8192228183182606,0.6772587469957471,0.6772587469957471,-0.004723439941304086,0.0046068566147624114,0.8394861927999563,-0.01036003225968063,3.5834683506994507,0.0,0.3412698412698413,CVX,XOM
2021-08-19,161.6963,115.2165,0.8832466681373552,0.8874740891498867,-0.010200298102078342,-0.7515005069744015,-0.8192228183182606,0.8192228183182606,-0.00998250311965343,0.005092830893047891,0.8642690110568353,-0.02034253537933406,3.366395135084003,0.0,0.3511904761904762,CVX,XOM
2021-08-20,158.6634,112.6257,0.8832466681373552,0.8874740891498867,-0.008951350315999917,-0.5673145450877213,-0.7515005069744015,0.7515005069744015,0.00026747414432826133,0.005079028743601466,0.8642824745298405,-0.020075061235005798,3.404871425644719,0.0,0.34523809523809523,CVX,XOM
2021-08-23,156.7194,111.4113,0.8832466681373552,0.8874740891498867,-0.011658122498846346,-0.9959857989000217,-0.5673145450877213,0.5673145450877213,0.0012489477860784248,0.004715940951735942,0.8629859900647087,-0.018826113448927373,3.4220977212849157,0.0,0.25992063492063494,CVX,XOM
2021-08-24,158.8045,112.1043,0.8832466681373552,0.8874740891498867,-0.0039443458154275746,0.11167012291591157,-0.9959857989000217,0.9959857989000217,-0.0027067721828464286,0.0047560399180868644,0.8702728420246377,-0.0215328856317738,3.4943714457887283,0.0,0.2579365079365079,CVX,XOM
2021-08-25,160.2655,112.057,0.8832466681373552,0.8874740891498867,0.005588112869767237,1.5372500961485382,0.11167012291591157,0.11167012291591157,0.0077137766834187715,0.00496285348489027,0.8696135491488052,-0.01381910894835503,3.3394269786641195,0.0,0.2996031746031746,CVX,XOM
2021-08-26,157.707,111.3286,0.8832466681373552,0.8874740891498867,-0.004717174787399081,-0.1956569336832278,1.5372500961485382,1.5372500961485382,0.009532458685194811,0.005104598511653519,0.8614608011424271,-0.004286650263160219,3.325765982086522,1.0,0.36904761904761907,CVX,XOM
2021-08-27,157.1946,111.1363,0.8832466681373552,0.8874740891498867,-0.006437251307615632,-0.5017946307097663,-0.1956569336832278,0.1956569336832278,-0.010305287657166318,0.005635216538557014,0.8622891636005094,-0.014591937920326536,3.084054845289758,0.0,0.47023809523809523,CVX,XOM
2021-08-30,156.6413,111.9847,0.8832466681373552,0.8874740891498867,-0.016712434480754546,-2.0248272051139407,-0.5017946307097663,0.5017946307097663,-0.0017200765202165513,0.0055642816608513675,0.8624068603945271,-0.016312014440543088,2.98294955658029,0.0,0.4543650793650794,CVX,XOM
2021-08-31,156.9477,111.7251,0.8832466681373552,0.8874740891498867,-0.012698576176824794,-1.2865742234801216,-2.0248272051139407,2.0248272051139407,-0.010275183173138913,0.005978488829674376,0.8517397095503018,-0.026587197613682,3.2210811632877734,1.0,0.5218253968253967,CVX,XOM
2021-09-01,159.3239,113.7604,0.8832466681373552,0.8874740891498867,-0.013693619648111444,-1.3392246088750561,-1.2865742234801216,1.2865742234801216,0.0040138583039297515,0.006017765649714506,0.8489404567331361,-0.02257333930975225,3.222857243964125,2.0,0.5396825396825398,CVX,XOM
2021-09-02,159.5023,114.0678,0.8832466681373552,0.8874740891498867,-0.014969386620095726,-1.421968130850365,-1.3392246088750561,1.3392246088750561,-0.0009950434712866496,0.005950227912454795,0.8569065355049409,-0.0235683827810389,3.2863473194447703,3.0,0.49007936507936506,CVX,XOM
2021-09-03,160.9807,114.3666,0.8832466681373552,0.8874740891498867,-0.008064940966389322,-0.42347529095820435,-1.421968130850365,1.421968130850365,-0.0012757669719842823,0.005893888035489639,0.8568535266460797,-0.02484414975302318,3.377127527955312,4.0,0.48809523809523814,CVX,XOM
2021-09-06,161.4522,115.4151,0.8832466681373552,0.8874740891498867,-0.013239491258971725,-1.173728586390314,-0.42347529095820435,0.42347529095820435,0.006904445653706404,0.006090232080825919,0.8558328837809961,-0.017939704099316778,3.138662290714326,0.0,0.5138888888888888,CVX,XOM
2021-09-07,159.9266,115.1222,0.8832466681373552,0.8874740891498867,-0.02047856385764213,-2.113049363597824,-1.173728586390314,1.173728586390314,-0.005174550292582403,0.006175842843684602,0.8519467509194759,-0.02311425439189918,3.0458529110218198,1.0,0.5376984126984127,CVX,XOM
2021-09-08,157.1162,114.2387,0.8832466681373552,0.8874740891498867,-0.031370716624703476,-2.9563295457514744,-2.113049363597824,2.113049363597824,-0.007239072598670404,0.006168814271415419,0.8589212732982423,-0.030353326990569585,3.2015714170422847,2.0,0.503968253968254,CVX,XOM
2021-09-09,158.7531,114.5124,0.8832466681373552,0.8874740891498867,-0.023129931607084764,-1.809514131671999,-2.9563295457514744,2.9563295457514744,-0.010892152767061347,0.0063952881079986515,0.8601095423701896,-0.04124547975763093,3.8031844369012715,3.0,0.5198412698412698,CVX,XOM
2021-09-10,159.8019,114.5227,0.8832466681373552,0.8874740891498867,-0.016624995303534895,-1.0206345321363368,-1.809514131671999,1.809514131671999,0.008240785017618713,0.006456994034898872,0.8513647859234484,-0.03300469474001222,3.5505687994717827,4.0,0.5654761904761905,CVX,XOM
2021-09-13,158.314,113.4875,0.8832466681373552,0.8874740891498867,-0.017920933403502204,-1.091446076042374,-1.0206345321363368,1.0206345321363368,0.006504936303549869,0.006667595172740235,0.8517955137653118,-0.02649975843646235,3.4408386486157685,5.0,0.5734126984126984,CVX,XOM
2021-09-14,156.7682,112.971,0.8832466681373552,0.8874740891498867,-0.023684797313712203,-1.580684858372873,-1.091446076042374,1.091446076042374,-0.0012959380999673087,0.006509986781825644,0.8486253525051765,-0.02779569653642966,3.4958827149279377,6.0,0.5833333333333334,CVX,XOM
2021-09-15,157.5183,112.8937,0.8832466681373552,0.8874740891498867,-0.018303977747716083,-0.9671438441863077,-1.580684858372873,1.580684858372873,-0.005763863910209999,0.006542744798131966,0.8493647872272073,-0.03355956044663966,3.968784904937742,7.0,0.5773809523809523,CVX,XOM
2021-09-16,160.5244,113.3671,0.8832466681373552,0.8874740891498867,-0.003113350369984502,0.5810663672675062,-0.9671438441863077,0.9671438441863077,0.00538081956599612,0.006361185581750906,0.8388714763632279,-0.028178740880643538,3.854715316554549,0.0,0.6488095238095237,CVX,XOM
2021-09-17,160.9631,113.7779,0.8832466681373552,0.8874740891498867,-0.0035942220221851784,0.556682615163215,0.5810663672675062,0.5810663672675062,0.01519062737773158,0.0072129616741175824,0.832344351167319,-0.012988113502911958,3.442266975562472,0.0,0.7202380952380952,CVX,XOM
2021-09-20,160.2972,113.9486,0.8832466681373552,0.8874740891498867,-0.009070247884625182,0.026583756167797217,0.556682615163215,0.556682615163215,-0.0004808716522006762,0.0072120870399953385,0.8394822094642538,-0.013401078843589431,3.455524839727297,0.0,0.6646825396825397,CVX,XOM
2021-09-21,161.1858,113.7938,0.8832466681373552,0.8874740891498867,-0.0023356435681636256,0.7934106848298009,0.026583756167797217,0.026583756167797217,-0.005476025862440004,0.007293984917288108,0.8350849989419346,-0.018877104706029435,3.448456011105305,0.0,0.6944444444444444,CVX,XOM
2021-09-22,160.618,114.0017,0.8832466681373552,0.8874740891498867,-0.007484431390102131,0.319916711712368,0.7934106848298009,0.7934106848298009,0.0067346043164615566,0.007246041411195166,0.8361571376252139,-0.012142500389567878,3.3706725362590615,0.0,0.6884920634920635,CVX,XOM
2021-09-23,161.2275,114.5893,0.8832466681373552,0.8874740891498867,-0.008259462676812213,0.2631012519168764,0.319916711712368,0.319916711712368,-0.005148787821938505,0.006990455620273282,0.8414475504686338,-0.017291288211506384,3.412869166822993,0.0,0.6388888888888888,CVX,XOM
2021-09-24,158.4456,114.0235,0.8832466681373552,0.8874740891498867,-0.02127168078693842,-1.223602993248338,0.2631012519168764,0.2631012519168764,-0.0007750312867100817,0.006631923913448417,0.8429351175628634,-0.018066319498216465,3.477633304632254,0.0,0.6190476190476191,CVX,XOM
2021-09-27,158.3881,114.0175,0.8832466681373552,0.8874740891498867,-0.021587946465762897,-1.2016588733906293,-1.223602993248338,1.223602993248338,-0.013012218110126206,0.007195942704264674,0.8391999201301861,-0.03107853760834267,3.60992728663367,1.0,0.6666666666666666,CVX,XOM
2021-09-28,158.9916,115.0667,0.8832466681373552,0.8874740891498867,-0.025914201954833516,-1.6186518566684212,-1.2016588733906293,1.2016588733906293,-0.00031626567882447887,0.006855534066877274,0.8403098317284228,-0.03139480328716715,3.7385170134672983,2.0,0.6488095238095238,CVX,XOM
2021-09-29,159.9398,114.8556,0.8832466681373552,0.8874740891498867,-0.018338433421480893,-0.6466728753032982,-1.6186518566684212,1.6186518566684212,-0.004326255489070618,0.0068375005211537805,0.833521341775419,-0.03572105877623777,4.040885508958432,3.0,0.7063492063492063,CVX,XOM
2021-09-30,158.0289,113.8938,0.8832466681373552,0.8874740891498867,-0.022895006956664687,-1.130978712700208,-0.6466728753032982,0.6466728753032982,0.007575768533352623,0.00706782975312261,0.8309343114308223,-0.028145290242885146,3.780458577504445,0.0,0.7420634920634921,CVX,XOM
2021-10-01,159.1048,114.0814,0.8832466681373552,0.8874740891498867,-0.017570429075259852,-0.4564298122416562,-1.130978712700208,1.130978712700208,-0.004556573535183794,0.007127962791922836,0.8295625001551558,-0.03270186377806894,3.9924167527932477,1.0,0.7579365079365079,CVX,XOM
2021-10-04,160.0686,114.7263,0.8832466681373552,0.8874740891498867,-0.01653380765623691,-0.31174060549119914,-0.4564298122416562,0.4564298122416562,0.005324577881404835,0.00705499783404455,0.8175893850895377,-0.027377285896664105,4.015076719179902,0.0,0.8591269841269842,CVX,XOM
2021-10-05,158.8665,113.6565,0.8832466681373552,0.8874740891498867,-0.01575770884980976,-0.1751749686888932,-0.31174060549119914,0.31174060549119914,0.0010366214190229428,0.006977584077553304,0.8189174508837097,-0.026340664477641162,4.0460206654728585,0.0,0.8452380952380952,CVX,XOM
2021-10-06,159.5305,113.728,0.8832466681373552,0.8874740891498867,-0.012144933463089203,0.38586675794487174,-0.1751749686888932,0.1751749686888932,0.0007760988064271501,0.006787341345773913,0.8193894187897521,-0.025564565671214012,4.075225586611968,0.0,0.8373015873015872,CVX,XOM
2021-10-07,160.9348,114.6893,0.8832466681373552,0.8874740891498867,-0.010850704484874463,0.6110927707352116,0.38586675794487174,0.38586675794487174,0.003612775386720557,0.006318251307388424,0.8181478818209802,-0.021951790284493455,4.029967636194755,0.0,0.8214285714285714,CVX,XOM
2021-10-08,161.0954,115.097,0.8832466681373552,0.8874740891498867,-0.013002500332157219,0.34395554623029084,0.6110927707352116,0.6110927707352116,0.0012942289782147398,0.006095543653279343,0.8211408445580904,-0.020657561306278716,4.011670999003885,0.0,0.7738095238095237,CVX,XOM
2021-10-11,161.5566,115.8094,0.8832466681373552,0.8874740891498867,-0.015619836474205506,-0.04425599882615838,0.34395554623029084,0.34395554623029084,-0.002151795847282756,0.005967880382015386,0.8242992217121493,-0.02280935715356147,3.945515738358488,0.0,0.7281746031746033,CVX,XOM
2021-10-12,160.5263,114.6387,0.8832466681373552,0.8874740891498867,-0.013000593574215458,0.3407819770246467,-0.04425599882615838,0.04425599882615838,-0.0026173361420482877,0.005991136324351957,0.8130092064464579,-0.02542669329560976,3.9261046581768477,0.0,0.8115079365079365,CVX,XOM
2021-10-13,159.5296,114.9228,0.8832466681373552,0.8874740891498867,-0.021425536616129115,-0.84553026585461,0.3407819770246467,0.3407819770246467,0.0026192428999900486,0.005856917863559569,0.8121837166577357,-0.02280745039561971,3.8296580430125253,0.0,0.7996031746031746,CVX,XOM
2021-10-14,160.6373,114.6048,0.8832466681373552,0.8874740891498867,-0.012046881811011545,0.49612176157159965,-0.84553026585461,0.84553026585461,-0.008424943041913657,0.0060552315697099965,0.8058052338706693,-0.031232393437533368,4.083613306872659,0.0,0.8591269841269842,CVX,XOM
2021-10-15,160.4184,114.274,0.8832466681373552,0.8874740891498867,-0.010845162542932663,0.6908870411847111,0.49612176157159965,0.49612176157159965,0.00937865480511757,0.005417644323729529,0.7966102792545764,-0.021853738632415798,3.7439172842585378,0.0,0.8353174603174602,CVX,XOM
2021-10-18,161.3438,115.0573,0.8832466681373552,0.8874740891498867,-0.011155578341411676,0.6323400078705347,0.6908870411847111,0.6908870411847111,0.0012017192680788824,0.005429511415867811,0.8002828178234379,-0.020652019364336915,3.7820943390889785,0.0,0.8253968253968254,CVX,XOM
2021-10-19,163.4086,116.3085,0.8832466681373552,0.8874740891498867,-0.008038069668784509,1.0155046561978525,0.6323400078705347,0.6323400078705347,-0.00031041579847901346,0.005301475076753083,0.7999355516351436,-0.02096243516281593,3.845025801321153,0.0,0.8015873015873016,CVX,XOM
2021-10-20,164.1604,117.1267,0.8832466681373552,0.8874740891498867,-0.009669175680956599,0.744296551596327,1.0155046561978525,1.0155046561978525,0.0031175086726271672,0.0051238085044102355,0.8059980041306909,-0.01784492649018876,3.801800569449891,1.0,0.753968253968254,CVX,XOM
2021-10-21,165.1912,117.8888,0.8832466681373552,0.8874740891498867,-0.009165343123138214,0.7685600582780341,0.744296551596327,0.744296551596327,-0.00163110601217209,0.005013013018015043,0.8006403500961979,-0.01947603250236085,3.7007134637598442,0.0,0.7281746031746033,CVX,XOM
2021-10-22,164.2508,117.7867,0.8832466681373552,0.8874740891498867,-0.014105457981390401,-0.045842872327766224,0.7685600582780341,0.7685600582780341,0.0005038325578183844,0.0050122688901253765,0.7986517394084083,-0.018972199944542467,3.5571340681308805,0.0,0.7400793650793651,CVX,XOM
2021-10-25,165.6376,118.4515,0.8832466681373552,0.8874740891498867,-0.01069262713173913,0.4717489933772513,-0.045842872327766224,0.045842872327766224,-0.004940114858252187,0.00421317574229829,0.7994283227504331,-0.023912314802794654,3.521316234598285,0.0,0.5476190476190476,CVX,XOM
2021-10-26,166.8955,119.3093,0.8832466681373552,0.8874740891498867,-0.009530763385678043,0.6099332674063445,0.4717489933772513,0.4717489933772513,0.0034128308496512716,0.004261435940114343,0.8014451310185684,-0.020499483953143383,3.5457322906224475,0.0,0.5456349206349206,CVX,XOM
2021-10-27,167.4299,119.4792,0.8832466681373552,0.8874740891498867,-0.0075967658096995905,0.8787881637386042,0.6099332674063445,0.6099332674063445,0.001161863746061087,0.004113056724892782,0.7991535012954938,-0.019337620207082296,3.348444450913706,0.0,0.5277777777777778,CVX,XOM
2021-10-28,169.7086,120.1294,0.8832466681373552,0.8874740891498867,0.0011048294623634547,2.23352689864118,0.8787881637386042,0.8787881637386042,0.0019339975759784522,0.0038232477817297856,0.799682991799178,-0.017403622631103843,3.24476615392706,0.0,0.48412698412698413,CVX,XOM
2021-10-29,169.6993,120.5655,0.8832466681373552,0.8874740891498867,-0.0021658927055927535,1.6728732021007158,2.23352689864118,2.23352689864118,0.008701595272063045,0.004026595544963396,0.7887169463287413,-0.008702027359040798,3.1795831062144764,1.0,0.5317460317460317,CVX,XOM
2021-11-01,169.7902,120.6398,0.8832466681373552,0.8874740891498867,-0.0021771313320364527,1.5715616716958354,1.6728732021007158,1.6728732021007158,-0.003270722167956208,0.004022129708922758,0.7853938252666943,-0.011972749526997006,2.9840407595822116,2.0,0.5317460317460317,CVX,XOM
2021-11-02,168.1191,120.3676,0.8832466681373552,0.8874740891498867,-0.010063358482723217,0.4074647191257463,1.5715616716958354,1.5715616716958354,-1.1238626443699218e-05,0.004025142044280274,0.7848528410723917,-0.011983988153440706,2.9174042351237235,3.0,0.5337301587301587,CVX,XOM
2021-11-03,168.6173,120.2796,0.8832466681373552,0.8874740891498867,-0.006455301203690311,0.978133236069395,0.4074647191257463,0.4074647191257463,-0.007886227150686764,0.004440214213843083,0.7727063654435182,-0.01987021530412747,2.8636348903722557,0.0,0.6488095238095238,CVX,XOM
2021-11-04,169.5295,120.8606,0.8832466681373552,0.8874740891498867,-0.005336543137240746,1.1258214274985847,0.978133236069395,0.978133236069395,0.0036080572790329057,0.004440037512076721,0.7704426709934089,-0.012043414073457548,2.8709058753758563,0.0,0.6488095238095238,CVX,XOM
2021-11-05,170.1149,121.1855,0.8832466681373552,0.8874740891498867,-0.004271930531417389,1.2147413380210945,1.1258214274985847,1.1258214274985847,0.0011187580664495655,0.004438206564199872,0.7847697600034323,-0.010924656007007982,2.9037503970153202,1.0,0.6408730158730159,CVX,XOM
2021-11-08,170.4087,121.4107,0.8832466681373552,0.8874740891498867,-0.004194022049525792,1.1568765715004596,1.2147413380210945,1.2147413380210945,0.0010646126058233563,0.0044054845424671436,0.7848541712630888,-0.009860043401184626,2.943842710247038,2.0,0.628968253968254,CVX,XOM
2021-11-09,171.7226,122.6402,0.8832466681373552,0.8874740891498867,-0.005455365086038277,0.9230677630196487,1.1568765715004596,1.1568765715004596,7.79084818915976e-05,0.004350891765019764,0.7875820559482573,-0.009782134919293028,2.946573380824429,3.0,0.6051587301587301,CVX,XOM
2021-11-10,173.0751,121.9625,0.8832466681373552,0.8874740891498867,0.007307566379135544,2.7190591308453125,0.9230677630196487,0.9230677630196487,-0.0012613430365124856,0.004341754679973104,0.7916506379964408,-0.011043477955805514,2.9839052694029586,0.0,0.5972222222222222,CVX,XOM
2021-11-11,174.2217,122.7382,0.8832466681373552,0.8874740891498867,0.008283992421517006,2.5796711661336773,2.7190591308453125,2.7190591308453125,0.012762931465173821,0.004639484839972631,0.7269549015533405,0.0,3.0458805330530034,1.0,0.6884920634920635,CVX,XOM
2021-11-12,174.5633,122.7752,0.8832466681373552,0.8874740891498867,0.00997530001518232,2.4731859938629395,2.5796711661336773,2.5796711661336773,0.0009764260423814619,0.004266749181187493,0.7290551029932282,0.0,3.191567165750615,2.0,0.5892857142857143,CVX,XOM
2021-11-15,171.9496,121.5913,0.8832466681373552,0.8874740891498867,0.0034885707363416785,1.4609061073872953,2.4731859938629395,2.4731859938629395,0.0016913075936653144,0.004269145130917032,0.6947675784283363,0.0,3.3775032788348756,3.0,0.5952380952380952,CVX,XOM
2021-11-16,173.1272,121.845,0.8832466681373552,0.8874740891498867,0.008463960794227177,1.943389462558884,1.4609061073872953,1.4609061073872953,-0.006486729278840642,0.00456861756821358,0.6974480007565435,-0.006486729278840642,3.2684663695140665,4.0,0.6746031746031746,CVX,XOM
2021-11-17,172.8981,121.7394,0.8832466681373552,0.8874740891498867,0.007909264959081064,1.707972664924908,1.943389462558884,1.943389462558884,0.004975390057885498,0.0046345856353964395,0.6920101519802003,-0.0015113392209551435,3.434393542925119,5.0,0.6944444444444444,CVX,XOM
2021-11-18,171.1238,120.1709,0.8832466681373552,0.8874740891498867,0.009102717431821006,1.696456897824784,1.707972664924908,1.707972664924908,-0.0005546958351461129,0.004611944452106871,0.7040766977373951,-0.0020660350561012564,3.5266176895399837,6.0,0.6845238095238095,CVX,XOM
2021-11-19,170.7437,119.3411,0.8832466681373552,0.8874740891498867,0.013028459673207315,1.9545664317309477,1.696456897824784,1.696456897824784,0.001193452472739942,0.004611589157164489,0.7055383096131735,-0.0008725825833613143,3.6758182244825206,7.0,0.6825396825396826,CVX,XOM
2021-11-22,169.3219,118.4079,0.8832466681373552,0.8874740891498867,0.011633464878974209,1.659577118165338,1.9545664317309477,1.9545664317309477,0.00392574224138631,0.0044509293180204565,0.70227074139964,0.0,4.019132275130949,8.0,0.6587301587301587,CVX,XOM
2021-11-23,168.0904,117.9502,0.8832466681373552,0.8874740891498867,0.007770893270531154,1.1484904379359304,1.659577118165338,1.659577118165338,-0.0013949947942331065,0.004463203933771509,0.7316903682518471,-0.0013949947942331065,4.1061230662117945,9.0,0.6507936507936508,CVX,XOM
2021-11-24,166.252,118.0228,0.8832466681373552,0.8874740891498867,-0.003772411797553943,-0.2195371380626649,1.1484904379359304,1.1484904379359304,-0.003862571608443055,0.004593085413018591,0.7377216515912468,-0.0052575664026761615,3.976447324622338,10.0,0.6706349206349207,CVX,XOM
2021-11-25,165.9595,117.9764,0.8832466681373552,0.8874740891498867,-0.005184364600745006,-0.42758396150560696,-0.2195371380626649,0.2195371380626649,-0.011543305068085097,0.00531823419693336,0.7085396823048766,-0.01680087147076126,3.664153227024371,0.0,0.8313492063492063,CVX,XOM
2021-11-26,166.2819,118.5472,0.8832466681373552,0.8874740891498867,-0.00752707917288209,-0.7404557684538958,-0.42758396150560696,0.42758396150560696,-0.0014119528031910633,0.004953290502234935,0.7092190704166685,-0.01821282427395232,3.549020904095742,0.0,0.7559523809523809,CVX,XOM
2021-11-29,165.3782,118.489,0.8832466681373552,0.8874740891498867,-0.012540840998816805,-1.352782214142587,-0.7404557684538958,0.7404557684538958,-0.0023427145721370835,0.004929670405506231,0.7090465956453965,-0.020555538846089405,3.4837551930662753,0.0,0.7559523809523809,CVX,XOM
2021-11-30,167.2214,118.8336,0.8832466681373552,0.8874740891498867,-0.004034413611109677,-0.3144566552390042,-1.352782214142587,1.352782214142587,-0.005013761825934715,0.005036057384467245,0.7145606353523922,-0.02556930067202412,3.7600637889365043,1.0,0.7757936507936508,CVX,XOM
2021-12-01,169.1361,119.5477,0.8832466681373552,0.8874740891498867,0.0020335320330895357,0.40439406095028496,-0.3144566552390042,0.3144566552390042,0.008506427387707127,0.005103710037378028,0.7123692900132192,-0.017062873284316993,3.6751095936711216,0.0,0.8055555555555556,CVX,XOM
2021-12-02,167.6325,119.5314,0.8832466681373552,0.8874740891498867,-0.006775088002457963,-0.7351770548143962,0.40439406095028496,0.40439406095028496,0.006067945644199213,0.005210438581597489,0.7046159698784895,-0.01099492764011778,3.7279535926444645,0.0,0.8293650793650793,CVX,XOM
2021-12-03,165.4629,117.7706,0.8832466681373552,0.8874740891498867,-0.006631670319860561,-0.7797019377788967,-0.7351770548143962,0.7351770548143962,-0.008808620035547499,0.005580381328775959,0.7009001100151886,-0.01980354767566528,3.593734372592084,0.0,0.8650793650793651,CVX,XOM
2021-12-06,164.7328,117.6485,0.8832466681373552,0.8874740891498867,-0.01013332741849382,-1.2552288535858778,-0.7797019377788967,0.7797019377788967,0.00014341768259740206,0.005574609116768792,0.7238429042771429,-0.019660129993067876,3.575157153204257,0.0,0.8432539682539683,CVX,XOM
2021-12-07,163.3897,116.3527,0.8832466681373552,0.8874740891498867,-0.008490934567779718,-1.044602687736198,-1.2552288535858778,1.2552288535858778,-0.0035016570986332596,0.005622701841553836,0.7145085667047656,-0.023161787091701136,3.5533320116710403,1.0,0.8551587301587301,CVX,XOM
2021-12-08,163.3652,116.7255,0.8832466681373552,0.8874740891498867,-0.011479860750170268,-1.4022461637202495,-1.044602687736198,1.044602687736198,0.0016423928507141028,0.005633404926462969,0.7166308444829433,-0.021519394240987033,3.582518029316483,2.0,0.8531746031746031,CVX,XOM
2021-12-09,162.4158,116.2506,0.8832466681373552,0.8874740891498867,-0.013690261621091437,-1.5614200381419967,-1.4022461637202495,1.4022461637202495,-0.00298892618239055,0.004814346501063129,0.7183796118069249,-0.024508320423377583,3.5510044976614723,3.0,0.7142857142857143,CVX,XOM
2021-12-10,165.3101,117.6714,0.8832466681373552,0.8874740891498867,-0.006807718660525097,-0.663875595312615,-1.5614200381419967,1.5614200381419967,-0.0022104008709211698,0.0048010211815321035,0.7348615940735184,-0.026718721294298753,3.3948890908018075,4.0,0.6964285714285714,CVX,XOM
2021-12-13,167.0673,118.3689,0.8832466681373552,0.8874740891498867,-0.0014790914035458513,0.0039999553583583945,-0.663875595312615,0.663875595312615,0.00688254296056634,0.00507722793550303,0.7533307033095261,-0.019836178333732413,3.3495005467482364,0.0,0.7559523809523809,CVX,XOM
2021-12-14,168.9603,118.7622,0.8832466681373552,0.8874740891498867,0.006844069918882312,0.9842914804927017,0.0039999553583583945,0.0039999553583583945,0.005328627256979246,0.005073120757110728,0.7609876109611103,-0.014507551076753167,3.478962352148041,0.0,0.751984126984127,CVX,XOM
2021-12-15,168.353,118.4446,0.8832466681373552,0.8874740891498867,0.005619767386660257,0.7771380998169204,0.9842914804927017,0.9842914804927017,0.008323161322428163,0.005293176142591587,0.7646008041399501,-0.006184389754325004,3.697331259117468,0.0,0.7857142857142857,CVX,XOM
2021-12-16,167.63,118.7861,0.8832466681373552,0.8874740891498867,-0.001239116043333155,-0.10539545022565047,0.7771380998169204,0.7771380998169204,-0.0012243025322220547,0.005298181834915575,0.7697843305908694,-0.007408692286547058,3.7566511109631713,0.0,0.7837301587301587,CVX,XOM
2021-12-17,168.5485,118.8328,0.8832466681373552,0.8874740891498867,0.0038764202886705235,0.5088524566416283,-0.10539545022565047,0.10539545022565047,-0.006858883429993412,0.0054861142085881305,0.761850148931528,-0.01426757571654047,3.6271134593718086,0.0,0.8055555555555556,CVX,XOM
2021-12-20,168.8585,118.4644,0.8832466681373552,0.8874740891498867,0.008469544254826822,1.0235055105945128,0.5088524566416283,0.5088524566416283,0.005115536332003678,0.005540153096929189,0.7637698339849279,-0.009152039384536792,3.7144706741512272,0.0,0.8035714285714286,CVX,XOM
2021-12-21,170.3081,119.1168,0.8832466681373552,0.8874740891498867,0.012143572737079111,1.3751619435198403,1.0235055105945128,1.0235055105945128,0.004593123966156298,0.0056422698251671465,0.7600021316768067,-0.004558915418380494,3.8913591778717898,1.0,0.8373015873015873,CVX,XOM
2021-12-22,169.4211,118.9484,0.8832466681373552,0.8874740891498867,0.008177298754249662,0.8851071275262609,1.3751619435198403,1.3751619435198403,0.0036740284822522895,0.005633949346851733,0.7683655249369019,-0.0008848869361282041,4.1486371158757365,2.0,0.8234126984126984,CVX,XOM
2021-12-23,170.1965,120.1519,0.8832466681373552,0.8874740891498867,0.003809426141074823,0.37628102193820706,0.8851071275262609,0.8851071275262609,-0.003966273982829449,0.005055330748042488,0.7760771517124939,-0.004851160918957653,4.158678217551687,0.0,0.7123015873015873,CVX,XOM
2021-12-24,171.0383,120.3924,0.8832466681373552,0.8874740891498867,0.00696866040225963,0.7867616845271601,0.37628102193820706,0.37628102193820706,-0.004367872613174839,0.005154160675642409,0.7607967467389002,-0.009219033532132492,4.090181860884072,0.0,0.7658730158730158,CVX,XOM
2021-12-27,169.4738,119.7898,0.8832466681373552,0.8874740891498867,0.0022327226320921767,0.20241194822693,0.7867616845271601,0.7867616845271601,0.0031592342611848068,0.005144599038123274,0.7626756229634676,-0.0060597992709476856,4.181029648496056,0.0,0.753968253968254,CVX,XOM
2021-12-28,171.2295,121.203,0.8832466681373552,0.8874740891498867,0.0021305923528922577,0.21948802128186834,0.20241194822693,0.20241194822693,-0.004735937770167453,0.005129438070347314,0.7649647327958544,-0.010795737041115139,4.041023598708279,0.0,0.7440476190476191,CVX,XOM
2021-12-29,174.5723,121.748,0.8832466681373552,0.8874740891498867,0.0174831524695076,2.0038131909546504,0.21948802128186834,0.21948802128186834,-0.00010213027919991902,0.004810854218499974,0.7658053521868473,-0.010897867320315058,3.998314655645749,0.0,0.6726190476190477,CVX,XOM
2021-12-30,177.3928,122.4518,0.8832466681373552,0.8874740891498867,0.028395120404525187,2.8066561464653557,2.0038131909546504,2.0038131909546504,0.015352560116615344,0.005708473221325696,0.7521841918554735,0.0,4.35661355591204,1.0,0.8412698412698413,CVX,XOM
2021-12-31,176.8527,121.6698,0.8832466681373552,0.8874740891498867,0.031031569636527756,2.684982697883401,2.8066561464653557,2.8066561464653557,0.010911967935017586,0.005671419347341513,0.7470925455476628,0.0,5.630753418499621,2.0,0.8373015873015872,CVX,XOM
2022-01-03,174.9237,120.8313,0.8832466681373552,0.8874740891498867,0.026201557434816003,2.0562724085252397,2.684982697883401,2.684982697883401,0.002636449232002569,0.00566194065651586,0.7491118756900246,0.0,6.754405881084387,3.0,0.8333333333333333,CVX,XOM
2022-01-04,173.1909,120.1363,0.8832466681373552,0.8874740891498867,0.02136546184369781,1.5375298488181328,2.0562724085252397,2.0562724085252397,-0.004830012201711753,0.005732074863109696,0.7593878220249607,-0.004830012201711753,6.490200455739502,4.0,0.8333333333333334,CVX,XOM
2022-01-05,174.4355,120.6373,0.8832466681373552,0.8874740891498867,0.024832748400757332,1.6696647472741781,1.5375298488181328,1.5375298488181328,-0.004836095591118195,0.0059129729559141255,0.7628937837570905,-0.009666107792829948,6.2712046391114376,5.0,0.8333333333333333,CVX,XOM
2022-01-06,175.1269,120.2817,0.8832466681373552,0.8874740891498867,0.03140840819835411,1.9685086785300303,1.6696647472741781,1.6696647472741781,0.0034672865570595235,0.005835209169597031,0.7747680652479775,-0.006198821235770424,7.017761813383175,6.0,0.8075396825396826,CVX,XOM
2022-01-07,175.8868,121.2467,0.8832466681373552,0.8874740891498867,0.028646513691601427,1.6194972480540684,1.9685086785300303,1.9685086785300303,0.006575659797596778,0.005846291683690525,0.7803177631410104,0.0,8.671236943619501,7.0,0.8055555555555556,CVX,XOM
2022-01-10,174.3628,120.5519,0.8832466681373552,0.8874740891498867,0.02504436024086054,1.273455724017697,1.6194972480540684,1.6194972480540684,-0.0027618945067526823,0.005842454809702892,0.7769785488205909,-0.0027618945067526823,8.576678419632,8.0,0.8035714285714286,CVX,XOM
2022-01-11,174.6606,120.7878,0.8832466681373552,0.8874740891498867,0.025015894384748272,1.1860360397191427,1.273455724017697,1.273455724017697,-0.003602153450740886,0.005894668185464479,0.7813463265236554,-0.006364047957493568,8.151111323035163,9.0,0.8095238095238095,CVX,XOM
2022-01-12,174.767,121.8018,0.8832466681373552,0.8874740891498867,0.018205743242767802,0.655814804313268,1.1860360397191427,1.1860360397191427,-2.8465856112269705e-05,0.005675966747506931,0.7728651010260319,-0.006392513813605838,8.910424950997939,10.0,0.7976190476190477,CVX,XOM
2022-01-13,176.7253,124.089,0.8832466681373552,0.8874740891498867,0.012838140702522871,0.2299469431615553,0.655814804313268,0.655814804313268,-0.0068101511419804694,0.005906782682098126,0.7614064372274386,-0.013202664955586307,8.157826834713134,0.0,0.8452380952380952,CVX,XOM
2022-01-14,174.0647,122.9156,0.8832466681373552,0.8874740891498867,0.006100648422913579,-0.30068550257597104,0.2299469431615553,0.2299469431615553,-0.005367602540244931,0.005820568656637343,0.7560530059494767,-0.01857026749583124,7.84681518079748,0.0,0.8373015873015873,CVX,XOM
2022-01-17,176.5754,124.3418,0.8832466681373552,0.8874740891498867,0.01018340655817429,-0.04767884864797261,-0.30068550257597104,0.30068550257597104,-0.006737492279609292,0.005943343244004614,0.7690283040759414,-0.02530775977544053,7.483551523763998,0.0,0.8293650793650793,CVX,XOM
2022-01-18,176.642,124.1982,0.8832466681373552,0.8874740891498867,0.011586030808047987,0.009928524701591447,-0.04767884864797261,0.04767884864797261,0.004082758135260711,0.005925112648226952,0.7765302934980152,-0.02122500164017982,7.644003038907877,0.0,0.8154761904761905,CVX,XOM
2022-01-19,177.8882,124.3585,0.8832466681373552,0.8874740891498867,0.017471502849248033,0.43525575480211703,0.009928524701591447,0.009928524701591447,0.0014026242498736963,0.005876816276399676,0.7737340631800422,-0.019822377390306123,7.84734681055352,0.0,0.8095238095238095,CVX,XOM
2022-01-20,176.1775,124.2571,0.8832466681373552,0.8874740891498867,0.008532177167804633,-0.43929742243277137,0.43525575480211703,0.43525575480211703,0.005885472041200046,0.005938616311625789,0.7715471118539611,-0.013936905349106077,8.32983517546612,0.0,0.8273809523809523,CVX,XOM
2022-01-21,175.4176,124.6433,0.8832466681373552,0.8874740891498867,0.0014555290147990618,-1.183464527579069,-0.43929742243277137,0.43929742243277137,-0.0089393256814434,0.006202339877147571,0.7653374414867113,-0.022876231030549476,7.657811246774093,0.0,0.8670634920634921,CVX,XOM
2022-01-24,175.3769,124.2543,0.8832466681373552,0.8874740891498867,0.003997538409650225,-0.9720303469129025,-1.183464527579069,1.183464527579069,-0.007076648153005571,0.006360322613577655,0.7604495836915777,-0.029952879183555048,7.397354108399476,1.0,0.8908730158730158,CVX,XOM
2022-01-25,176.4528,125.5352,0.8832466681373552,0.8874740891498867,0.0010117166597183314,-1.2305992854571999,-0.9720303469129025,0.9720303469129025,0.0025420093948511635,0.006302661272528824,0.7592446598364307,-0.027410869788703884,7.368670213132405,0.0,0.8908730158730158,CVX,XOM
2022-01-26,175.0893,124.9777,0.8832466681373552,0.8874740891498867,-0.002795535291472362,-1.530717604134424,-1.2305992854571999,1.2305992854571999,-0.002985821749931894,0.006338251406534484,0.7607168138294587,-0.03039669153863578,7.173094919790993,1.0,0.8869047619047619,CVX,XOM
2022-01-27,178.5039,126.7107,0.8832466681373552,0.8874740891498867,0.004297189488648101,-0.8854835996473207,-1.530717604134424,1.530717604134424,-0.0038072519511906933,0.00529983027280005,0.7651517305465061,-0.03420394348982647,7.561654963379167,2.0,0.7380952380952381,CVX,XOM
2022-01-28,177.1616,126.0303,0.8832466681373552,0.8874740891498867,0.001527371285641621,-1.1400811302825244,-0.8854835996473207,0.8854835996473207,0.007092724780120463,0.00492201922053077,0.7795921396863836,-0.02711121870970601,7.557063768749074,0.0,0.6349206349206349,CVX,XOM
2022-01-31,176.2388,125.5633,0.8832466681373552,0.8874740891498867,-0.00040043966945013665,-1.2669801028149956,-1.1400811302825244,1.1400811302825244,-0.00276981820300648,0.0048515828354010575,0.7823494806315852,-0.02988103691271249,7.471876008759648,1.0,0.625,CVX,XOM
2022-02-01,175.2354,124.9083,0.8832466681373552,0.8874740891498867,-0.001468501478949058,-1.2869571971849363,-1.2669801028149956,1.2669801028149956,-0.0019278109550917577,0.0047921087785269606,0.783789614771082,-0.031808847867804246,7.555763233227938,2.0,0.6051587301587301,CVX,XOM
2022-02-02,176.3488,125.7508,0.8832466681373552,0.8874740891498867,-0.0011007318242564068,-1.1972616894686845,-1.2869571971849363,1.2869571971849363,-0.0010680618094989214,0.004724155399714062,0.7838996188571571,-0.03287690967730317,7.628418889947538,3.0,0.5873015873015873,CVX,XOM
2022-02-03,178.6411,126.8833,0.8832466681373552,0.8874740891498867,0.0038574475379080653,-0.7511870786799568,-1.1972616894686845,1.1972616894686845,0.0003677696546926512,0.004620109779458913,0.8080070305934776,-0.032509140022610516,7.612739343619267,4.0,0.4801587301587301,CVX,XOM
2022-02-04,178.1915,127.2738,0.8832466681373552,0.8874740891498867,-0.0013896264609600806,-1.1741305160068345,-0.7511870786799568,0.7511870786799568,0.004958179362164472,0.004494035082540454,0.8115924901351842,-0.027550960660446044,7.653580814166269,0.0,0.4365079365079365,CVX,XOM
2022-02-07,177.2407,126.6032,0.8832466681373552,0.8874740891498867,-0.0020513213876940384,-1.2042634792123303,-1.1741305160068345,1.1741305160068345,-0.005247073998868146,0.004564400489920399,0.8083463942394723,-0.03279803465931419,7.445623682435014,1.0,0.46031746031746035,CVX,XOM
2022-02-08,176.7059,125.368,0.8832466681373552,0.8874740891498867,0.0036278790942549932,-0.7165733330452524,-1.2042634792123303,1.2042634792123303,-0.0006616949267339578,0.004541679507398716,0.8015989615960855,-0.03345972958604815,7.701584585600873,2.0,0.48214285714285715,CVX,XOM
2022-02-09,178.3077,125.0972,0.8832466681373552,0.8874740891498867,0.014570873619286218,0.24867617533285735,-0.7165733330452524,0.7165733330452524,0.005679200481949032,0.004788663701964232,0.796383083494924,-0.027780529104099116,7.774440871621642,0.0,0.5912698412698413,CVX,XOM
2022-02-10,174.6947,123.365,0.8832466681373552,0.8874740891498867,0.0064746217004048034,-0.41105868921291744,0.24867617533285735,0.24867617533285735,0.010942994525031224,0.005264070277137143,0.7826708827285381,-0.016837534579067892,8.425547670251946,0.0,0.7123015873015872,CVX,XOM
2022-02-11,174.193,122.7604,0.8832466681373552,0.8874740891498867,0.007958740820376065,-0.21921000038939772,-0.41105868921291744,0.41105868921291744,-0.008096251918881414,0.005429469361324323,0.7947360759427582,-0.024933786497949306,7.873431182741587,0.0,0.7162698412698413,CVX,XOM
2022-02-14,173.3906,122.2775,0.8832466681373552,0.8874740891498867,0.006839636368717095,-0.2760192678201809,-0.21921000038939772,0.21921000038939772,0.0014841191199712611,0.0052356644831019344,0.7975600337406504,-0.023449667377978045,7.742476297642602,0.0,0.6805555555555556,CVX,XOM
2022-02-15,174.5298,123.1304,0.8832466681373552,0.8874740891498867,0.007219536502941715,-0.19515322181448888,-0.2760192678201809,0.2760192678201809,-0.0011191044516589699,0.005159654628891679,0.7951485269916897,-0.024568771829637015,7.882795858397435,0.0,0.6805555555555556,CVX,XOM
2022-02-16,177.3694,125.6492,0.8832466681373552,0.8874740891498867,0.005387301595115801,-0.33165738164836767,-0.19515322181448888,0.19515322181448888,0.00037990013422462,0.0051488999477688705,0.7951795584273511,-0.024188871695412395,7.815449882183477,0.0,0.6765873015873016,CVX,XOM
2022-02-17,176.8922,124.7699,0.8832466681373552,0.8874740891498867,0.008925670980171496,0.14610967599936944,-0.33165738164836767,0.33165738164836767,-0.0018322349078259137,0.00496283001260723,0.8136025093364208,-0.02602110660323831,7.640460166654784,0.0,0.5297619047619048,CVX,XOM
2022-02-18,179.4668,126.1405,0.8832466681373552,0.8874740891498867,0.013679631512842683,0.8746322574573753,0.14610967599936944,0.14610967599936944,0.003538369385055695,0.004650246246573333,0.8118209701689431,-0.022482737218182614,8.085464819412552,0.0,0.46825396825396826,CVX,XOM
2022-02-21,182.0298,126.3355,0.8832466681373552,0.8874740891498867,0.026488926213104946,2.5609697738219097,0.8746322574573753,0.8746322574573753,0.0047539605326711865,0.004458437520673752,0.8188554990708257,-0.017728776685511427,8.146665631702533,0.0,0.39682539682539686,CVX,XOM
2022-02-22,181.5282,126.8993,0.8832466681373552,0.8874740891498867,0.019777792387997373,1.7758746386106687,2.5609697738219097,2.5609697738219097,0.012809294700262264,0.005183376454096065,0.8090671865892799,-0.004919481985249163,8.61537743197666,1.0,0.6130952380952381,CVX,XOM
2022-02-23,181.0626,127.7267,0.8832466681373552,0.8874740891498867,0.011441942369472713,0.6637822907740196,1.7758746386106687,1.7758746386106687,-0.006711133825107574,0.005390532725751607,0.8062257972139436,-0.011630615810356737,6.991137027004018,2.0,0.6567460317460317,CVX,XOM
2022-02-24,183.5998,128.1755,0.8832466681373552,0.8874740891498867,0.022244604965861114,2.0484072154229125,0.6637822907740196,0.6637822907740196,-0.00833585001852466,0.00567283474492318,0.7955518785443082,-0.019966465828881397,7.043917917360857,0.0,0.748015873015873,CVX,XOM
2022-02-25,183.3665,128.0781,0.8832466681373552,0.8874740891498867,0.02164774241991463,1.7896283642805975,2.0484072154229125,2.0484072154229125,0.010802662596388402,0.005933134321843461,0.7950027300960113,-0.009163803232492995,7.945128753749213,1.0,0.7817460317460317,CVX,XOM
2022-02-28,182.3828,127.7058,0.8832466681373552,0.8874740891498867,0.01885211931679809,1.3516007528370426,1.7896283642805975,1.7896283642805975,-0.000596862545946486,0.005884683632228354,0.785402581409654,-0.009760665778439481,7.802542481412893,2.0,0.7817460317460317,CVX,XOM
2022-03-01,181.3459,126.8599,0.8832466681373552,0.8874740891498867,0.019048623983797697,1.3092695687154066,1.3516007528370426,1.3516007528370426,-0.00279562310311654,0.005909304095397058,0.7867827148306187,-0.012556288881556021,7.1178716848429335,3.0,0.7857142857142857,CVX,XOM
2022-03-02,178.0655,125.4292,0.8832466681373552,0.8874740891498867,0.010859444362713688,0.35112609780207255,1.3092695687154066,1.3092695687154066,0.00019650466699960845,0.005893983310996118,0.7854390343874597,-0.012359784214556413,7.478953249081291,4.0,0.7797619047619048,CVX,XOM
2022-03-03,178.797,125.6938,0.8832466681373552,0.8874740891498867,0.013088863418048824,0.6039935217015036,0.35112609780207255,0.35112609780207255,-0.008189179621084008,0.006227373141602389,0.7990473659413391,-0.02054896383564042,8.101114410399518,0.0,0.7777777777777778,CVX,XOM
2022-03-04,178.3526,125.4182,0.8832466681373552,0.8874740891498867,0.01254830789924899,0.4959857894834629,0.6039935217015036,0.6039935217015036,0.0022294190553351356,0.006159876745501798,0.7970761334595984,-0.018319544780305286,8.205498511047768,0.0,0.7797619047619047,CVX,XOM
2022-03-07,178.421,124.7718,0.8832466681373552,0.8874740891498867,0.017517575336332136,1.040752730976362,0.4959857894834629,0.4959857894834629,-0.0005405555187998345,0.006025735209752061,0.7888594716154372,-0.01886010029910512,8.061318702865798,0.0,0.7936507936507937,CVX,XOM
2022-03-08,179.4363,124.9699,0.8832466681373552,0.8874740891498867,0.021783995508743992,1.446484048812457,1.040752730976362,1.040752730976362,0.004969267437083147,0.006086919129608174,0.7834250948564024,-0.013890832862021973,8.681085594248167,1.0,0.8174603174603174,CVX,XOM
2022-03-09,181.0683,125.5712,0.8832466681373552,0.8874740891498867,0.026578139927550204,1.8582947538736112,1.446484048812457,1.446484048812457,0.0042664201724118556,0.006039973388054568,0.7851788271893617,-0.009624412689610118,8.992359014512463,2.0,0.8015873015873016,CVX,XOM
2022-03-10,181.3105,125.6904,0.8832466681373552,0.8874740891498867,0.02707281686131413,1.7454530676753353,1.8582947538736112,1.8582947538736112,0.004794144418806212,0.005666276414253897,0.7852130293646981,-0.004830268270803906,9.597835523979489,3.0,0.7400793650793651,CVX,XOM
2022-03-11,181.5433,124.9011,0.8832466681373552,0.8874740891498867,0.03394663588991431,2.2249853819396774,1.7454530676753353,1.7454530676753353,0.0004946769337639267,0.005304826190389938,0.7909742735633566,-0.004335591337039979,8.950405301067937,4.0,0.6805555555555556,CVX,XOM
2022-03-14,183.0475,125.703,0.8832466681373552,0.8874740891498867,0.036518506169795906,2.223060934343787,2.2249853819396774,2.2249853819396774,0.006873819028600181,0.0054558049102204015,0.7863393095358826,0.0,9.775251426388232,5.0,0.7043650793650793,CVX,XOM
2022-03-15,184.6913,127.3291,0.8832466681373552,0.8874740891498867,0.03405182104511262,1.8268277410144529,2.223060934343787,2.223060934343787,0.002571870279881594,0.00543325425138707,0.7910489489872278,0.0,9.550628868161644,6.0,0.6884920634920635,CVX,XOM
2022-03-16,184.5906,127.8925,0.8832466681373552,0.8874740891498867,0.029588245451857453,1.3176760853296603,1.8268277410144529,1.8268277410144529,-0.0024666851246832877,0.005497219467797023,0.7903370478671055,-0.0024666851246832877,10.410671573840553,7.0,0.6964285714285714,CVX,XOM
2022-03-17,185.0629,128.7625,0.8832466681373552,0.8874740891498867,0.026126933565596033,0.9203043888126534,1.3176760853296603,1.3176760853296603,-0.004463575593255165,0.005602094029787084,0.7872191245724183,-0.006930260717938452,8.955767521868927,8.0,0.7123015873015873,CVX,XOM
2022-03-18,187.2286,129.9654,0.8832466681373552,0.8874740891498867,0.029509195271971045,1.1864335724087611,0.9203043888126534,0.9203043888126534,-0.00346131188626142,0.005664008672714135,0.7882697430553676,-0.010391572604199872,9.112332785057642,0.0,0.7222222222222222,CVX,XOM
2022-03-21,186.8812,130.6752,0.8832466681373552,0.8874740891498867,0.02281827498672495,0.4612101311736556,1.1864335724087611,1.1864335724087611,0.0033822617063750116,0.005624610456210525,0.7929791419139783,-0.007009310897824861,9.529440835095762,1.0,0.6924603174603174,CVX,XOM
2022-03-22,186.8056,130.5461,0.8832466681373552,0.8874740891498867,0.023290867652900893,0.460892800009452,0.4612101311736556,0.4612101311736556,-0.006690920285246094,0.005124794189265239,0.7835316881832285,-0.013700231183070954,8.681068545226095,0.0,0.6567460317460317,CVX,XOM
2022-03-23,186.6404,131.0155,0.8832466681373552,0.8874740891498867,0.019220798638452052,-0.01463529752668978,0.460892800009452,0.460892800009452,0.00047259266617594164,0.004901586148312594,0.7799086796906626,-0.013227638516895013,8.994511432060387,0.0,0.6071428571428572,CVX,XOM
2022-03-24,185.8909,131.3208,0.8832466681373552,0.8874740891498867,0.013131331888478925,-0.7490167175812046,-0.01463529752668978,0.01463529752668978,-0.0040700690144488405,0.004610756750717873,0.79118707437629,-0.017297707531343853,8.682643645833949,0.0,0.48412698412698413,CVX,XOM
2022-03-25,183.5141,130.2991,0.8832466681373552,0.8874740891498867,0.007194605083830297,-1.4305583819538739,-0.7490167175812046,0.7490167175812046,-0.006089466749973127,0.004149931236460147,0.7919237624640949,-0.02338717428131698,8.049054322173726,0.0,0.3630952380952381,CVX,XOM
2022-03-28,184.2791,130.8054,0.8832466681373552,0.8874740891498867,0.007912803749146491,-1.3594969088615891,-1.4305583819538739,1.4305583819538739,-0.005936726804648629,0.00431876715028487,0.7987212559731445,-0.02932390108596561,7.524156878518475,1.0,0.376984126984127,CVX,XOM
2022-03-29,183.8091,129.8962,0.8832466681373552,0.8874740891498867,0.011549245049926604,-0.9724327869934979,-1.3594969088615891,1.3594969088615891,0.0007181986653161943,0.004302304745390135,0.7943162559873751,-0.028605702420649415,7.556790142675158,2.0,0.3928571428571429,CVX,XOM
2022-03-30,182.6067,129.4392,0.8832466681373552,0.8874740891498867,0.008113996883205132,-1.4156390560382788,-0.9724327869934979,0.9724327869934979,0.0036364413007801133,0.004396322387682346,0.788542396212376,-0.0249692611198693,6.779480726303353,0.0,0.4444444444444444,CVX,XOM
2022-03-31,182.0299,130.3413,0.8832466681373552,0.8874740891498867,-0.0012133193046954815,-2.3277831684278434,-1.4156390560382788,1.4156390560382788,-0.003435248166721472,0.004084889459678671,0.7899870044678444,-0.028404509286590773,7.407773142700867,1.0,0.3670634920634921,CVX,XOM
2022-04-01,186.1152,131.0835,0.8832466681373552,0.8874740891498867,0.015942365017362903,-0.40824005006287906,-2.3277831684278434,2.3277831684278434,-0.009327316187900614,0.00450502057965365,0.7854126753309426,-0.03773182547449139,7.325623271548745,2.0,0.48611111111111116,CVX,XOM
2022-04-04,188.7146,132.181,0.8832466681373552,0.8874740891498867,0.022412882320856475,0.34123325911380703,-0.40824005006287906,0.40824005006287906,0.017155684322058384,0.005956429942075036,0.7681359874990478,-0.020576141152433003,6.6193037278383615,0.0,0.8353174603174602,CVX,XOM
2022-04-05,190.1195,132.573,0.8832466681373552,0.8874740891498867,0.027201858034862525,0.848204562270325,0.34123325911380703,0.34123325911380703,0.006470517303493573,0.0060254995978463455,0.7678236198620366,-0.01410562384893943,6.8860828445712325,0.0,0.8432539682539683,CVX,XOM
2022-04-06,190.1273,131.5288,0.8832466681373552,0.8874740891498867,0.03426067241013442,1.516715042316805,0.848204562270325,0.848204562270325,0.00478897571400605,0.0060439862474229175,0.766834337524786,-0.00931664813493338,6.991413406433509,0.0,0.8472222222222222,CVX,XOM
2022-04-07,188.8122,130.6323,0.8832466681373552,0.8874740891498867,0.033389425443420606,1.3380810046179474,1.516715042316805,1.516715042316805,0.0070588143752718935,0.006147987602895842,0.7667353069967892,-0.0022578337596614872,7.54470222802288,1.0,0.8551587301587301,CVX,XOM
2022-04-08,188.8071,130.8107,0.8832466681373552,0.8874740891498867,0.03215124837372496,1.142810887686702,1.3380810046179474,1.3380810046179474,-0.0008712469667138123,0.006153964110164075,0.7717244605655083,-0.0031290807263752995,7.1350954865481215,2.0,0.8373015873015872,CVX,XOM
2022-04-11,191.0711,131.5829,0.8832466681373552,0.8874740891498867,0.038847476770295764,1.682236330724848,1.142810887686702,1.142810887686702,-0.0012381770696956451,0.005973035183991625,0.7611119093107276,-0.004367257796070945,7.280546814639124,3.0,0.8492063492063493,CVX,XOM
2022-04-12,194.5013,133.1976,0.8832466681373552,0.8874740891498867,0.04581648608997568,2.1037681156605657,1.682236330724848,1.682236330724848,0.0066962283965708025,0.006130489009044487,0.7535280512100347,0.0,8.04611996300404,4.0,0.8869047619047619,CVX,XOM
2022-04-13,195.0716,133.3363,0.8832466681373552,0.8874740891498867,0.047820655036979076,2.0516721896585417,2.1037681156605657,2.1037681156605657,0.00696900931967992,0.006274915550092149,0.7656914538908194,0.0,9.548460286983607,5.0,0.8630952380952381,CVX,XOM
2022-04-14,195.89,133.4761,0.8832466681373552,0.8874740891498867,0.05107725315722522,2.0813649916017543,2.0516721896585417,2.0516721896585417,0.002004168947003393,0.0061720491675135904,0.7677710720828211,0.0,11.759541966784427,6.0,0.8472222222222222,CVX,XOM
2022-04-15,193.6079,132.915,0.8832466681373552,0.8874740891498867,0.04309753747256995,1.3389915894271778,2.0813649916017543,2.0813649916017543,0.003256598120246146,0.006107387679870503,0.7721978064061192,0.0,13.29758804414075,7.0,0.8174603174603174,CVX,XOM
2022-04-18,193.2281,132.9662,0.8832466681373552,0.8874740891498867,0.04079211719740883,1.081128804648861,1.3389915894271778,1.3389915894271778,-0.007979715684655275,0.0064036459294701635,0.7798927815595131,-0.007979715684655275,10.848151827636864,8.0,0.8313492063492063,CVX,XOM
2022-04-19,194.7735,133.0199,0.8832466681373552,0.8874740891498867,0.048399761119297224,1.5448137943516775,1.081128804648861,1.081128804648861,-0.0023054202751611186,0.0062199653302060405,0.7800327644971744,-0.010285135959816394,9.87259882464398,9.0,0.8095238095238095,CVX,XOM
2022-04-20,193.6442,131.8647,0.8832466681373552,0.8874740891498867,0.05032572514721778,1.560554473514166,1.5448137943516775,1.5448137943516775,0.007607643921888396,0.006387653716462763,0.7775855738835813,-0.0026774920379279976,12.031669323006279,10.0,0.8293650793650793,CVX,XOM
2022-04-21,191.7581,131.7215,0.8832466681373552,0.8874740891498867,0.041502238897506594,0.8780743689739278,1.560554473514166,1.560554473514166,0.001925964027920557,0.006270300150642052,0.7772840052259803,-0.0007515280100074406,13.125319418884203,11.0,0.8154761904761905,CVX,XOM
2022-04-22,190.9364,131.6383,0.8832466681373552,0.8874740891498867,0.03776868275547418,0.6008279722804848,0.8780743689739278,0.8780743689739278,-0.008823486249711188,0.006462336993351128,0.7567312702147763,-0.009575014259718628,10.90204129606038,0.0,0.9107142857142857,CVX,XOM
2022-04-25,192.2563,131.6435,0.8832466681373552,0.8874740891498867,0.044622615663381104,1.051458022048365,0.6008279722804848,0.6008279722804848,-0.0037335561420324126,0.006353886257942943,0.7522365563185824,-0.013308570401751041,10.34576279809989,0.0,0.9027777777777778,CVX,XOM
2022-04-26,194.9139,133.349,0.8832466681373552,0.8874740891498867,0.046927380974541855,1.1567279624184228,1.051458022048365,1.051458022048365,0.006853932907906923,0.006454673482428885,0.7462171265359623,-0.0064546374938441176,11.253059999295903,1.0,0.9186507936507937,CVX,XOM
2022-04-27,195.102,133.5217,0.8832466681373552,0.8874740891498867,0.04674333497399896,1.0825690855161882,1.1567279624184228,1.1567279624184228,0.0023047653111607502,0.006442609419190409,0.7526001783192562,-0.004149872182683367,14.074738640240513,2.0,0.9067460317460317,CVX,XOM
2022-04-28,194.5654,133.1658,0.8832466681373552,0.8874740891498867,0.0463578961346256,0.9957456082414697,1.0825690855161882,1.0825690855161882,-0.00018404600054289233,0.006349592910323295,0.7512412109321096,-0.00433391818322626,14.465317926800607,3.0,0.8968253968253969,CVX,XOM
2022-04-29,191.3191,131.1143,0.8832466681373552,0.8874740891498867,0.04331074220589404,0.7574167270711064,0.9957456082414697,0.9957456082414697,-0.0003854388393733643,0.005835051840019544,0.7456504456322318,-0.004719357022599624,14.821272128982166,0.0,0.8075396825396826,CVX,XOM
2022-05-02,189.2468,130.1614,0.8832466681373552,0.8874740891498867,0.03889346256601556,0.4355993445508492,0.7574167270711064,0.7574167270711064,-0.0030471539287315608,0.004856047082986341,0.770049847035365,-0.007766510951331185,13.87596398400848,0.0,0.5654761904761905,CVX,XOM
2022-05-03,188.3396,130.2032,0.8832466681373552,0.8874740891498867,0.033803238045478246,0.08047099849871454,0.4355993445508492,0.4355993445508492,-0.00441727963987848,0.004863843942405572,0.773261614859915,-0.012183790591209664,13.490424136746435,0.0,0.5515873015873016,CVX,XOM
2022-05-04,188.6172,129.8241,0.8832466681373552,0.8874740891498867,0.03786382722804049,0.3102029322450307,0.08047099849871454,0.08047099849871454,-0.005090224520537312,0.004937191613459395,0.7753049519386987,-0.017274015111746976,12.66551952096244,0.0,0.5535714285714286,CVX,XOM
2022-05-05,190.9036,131.3937,0.8832466681373552,0.8874740891498867,0.03924745198886903,0.3546575171053548,0.3102029322450307,0.3102029322450307,0.0040605891825622464,0.004773408212982679,0.7856190460272092,-0.01321342592918473,13.365006490106284,0.0,0.46825396825396826,CVX,XOM
2022-05-06,190.7998,130.972,0.8832466681373552,0.8874740891498867,0.04155644821764515,0.46055330757782587,0.3546575171053548,0.3546575171053548,0.001383624760828539,0.00477387252678007,0.7725905215185285,-0.011829801168356191,13.9825296154292,0.0,0.5317460317460317,CVX,XOM
2022-05-09,191.5322,131.2588,0.8832466681373552,0.8874740891498867,0.04344642888450423,0.5476506183489789,0.46055330757782587,0.46055330757782587,0.0023089962287761168,0.004779584154048593,0.7713287499355395,-0.009520804939580074,14.59268673758056,0.0,0.5396825396825397,CVX,XOM
2022-05-10,192.0774,130.847,0.8832466681373552,0.8874740891498867,0.04907756512783834,0.9369386223848741,0.5476506183489789,0.5476506183489789,0.0018899806668590813,0.004577042806619099,0.7692906484997669,-0.007630824272720993,15.051130624188078,0.0,0.496031746031746,CVX,XOM
2022-05-11,192.5787,131.0771,0.8832466681373552,0.8874740891498867,0.0501247604863595,0.998975485228463,0.9369386223848741,0.9369386223848741,0.005631136243334112,0.004486952238260164,0.7635916761204751,-0.0019996880293868813,15.646287440161991,0.0,0.5099206349206349,CVX,XOM
2022-05-12,192.4115,130.602,0.8832466681373552,0.8874740891498867,0.05247873532214076,1.375097429396078,0.998975485228463,0.998975485228463,0.001047195358521158,0.004472141653882397,0.752649836649575,-0.0009524926708657233,15.693417149430294,0.0,0.5376984126984127,CVX,XOM
2022-05-13,192.2554,130.5888,0.8832466681373552,0.8874740891498867,0.051756825903761516,1.3291152938133368,1.375097429396078,1.375097429396078,0.0023539748357812584,0.004444682346026905,0.7534299673531294,0.0,15.887147726221984,1.0,0.5257936507936508,CVX,XOM
2022-05-16,193.6639,132.4075,0.8832466681373552,0.8874740891498867,0.04678180566908008,0.6162301816561985,1.3291152938133368,1.3291152938133368,-0.0007219094183792407,0.004051532782468114,0.7418682552616673,-0.0007219094183792407,14.360191646444953,2.0,0.47619047619047616,CVX,XOM
2022-05-17,191.5448,131.2455,0.8832466681373552,0.8874740891498867,0.043602141238499925,0.03647801567079458,0.6162301816561985,0.6162301816561985,-0.004975020234681438,0.004181444528186323,0.7497409201430528,-0.005696929653060678,15.034118041930435,0.0,0.4761904761904762,CVX,XOM
2022-05-18,190.107,129.9986,0.8832466681373552,0.8874740891498867,0.04453925804493952,0.14774671245552845,0.03647801567079458,0.03647801567079458,-0.0031796644305801536,0.0038895150550434334,0.7674145984375681,-0.008876594083640832,15.449370530398056,0.0,0.3849206349206349,CVX,XOM
2022-05-19,189.6619,129.4002,0.8832466681373552,0.8874740891498867,0.046289786526278576,0.41689753955144265,0.14774671245552845,0.14774671245552845,0.0009371168064395974,0.003867894100734932,0.7855898659931346,-0.007939477277201235,14.233738828983373,0.0,0.29166666666666663,CVX,XOM
2022-05-20,191.4834,129.878,0.8832466681373552,0.8874740891498867,0.052577001176597804,1.611637399955178,0.41689753955144265,0.41689753955144265,0.0017505284813390531,0.003353734227070908,0.7910345539082101,-0.006188948795862181,14.387598266379552,0.0,0.2619047619047619,CVX,XOM
2022-05-23,191.9807,130.7383,0.8832466681373552,0.8874740891498867,0.0493115632132719,0.8705175108314612,1.611637399955178,1.611637399955178,0.006287214650319228,0.003469308344626039,0.790957626260956,0.0,14.71854038380771,1.0,0.26785714285714285,CVX,XOM
2022-05-24,193.0193,131.4967,0.8832466681373552,0.8874740891498867,0.0495736256646202,0.8874317036939653,0.8705175108314612,0.8705175108314612,-0.003265437963325901,0.003273176590522317,0.787048384696906,-0.003265437963325901,14.029119087730015,0.0,0.28174603174603174,CVX,XOM
2022-05-25,191.5038,130.7144,0.8832466681373552,0.8874740891498867,0.046986620982964133,0.3541138545883091,0.8874317036939653,0.8874317036939653,0.0002620624513482994,0.003238669590680992,0.7854225954031633,-0.0030033755119776018,13.150743627257954,0.0,0.2916666666666667,CVX,XOM
2022-05-26,194.6504,131.9843,0.8832466681373552,0.8874740891498867,0.054703834048963174,1.8706408791761449,0.3541138545883091,0.3541138545883091,-0.0025870046816560688,0.003292305467210711,0.7747155133805455,-0.0055903801936336706,11.895551886450507,0.0,0.3492063492063492,CVX,XOM
2022-05-27,196.521,133.2411,0.8832466681373552,0.8874740891498867,0.05585714892219418,1.8953213871998549,1.8706408791761449,1.8706408791761449,0.00771721306599904,0.003692645025021012,0.7829258548718137,0.0,14.549633741405339,1.0,0.32341269841269843,CVX,XOM
2022-05-30,196.551,133.2129,0.8832466681373552,0.8874740891498867,0.05619764329433519,1.7855385469779312,1.8953213871998549,1.8953213871998549,0.001153314873231004,0.0036081134381878714,0.7862671882943976,0.0,16.229474583169537,2.0,0.2896825396825397,CVX,XOM
2022-05-31,197.6761,134.2391,0.8832466681373552,0.8874740891498867,0.05509511514968146,1.4884121221550426,1.7855385469779312,1.7855385469779312,0.0003404943721410092,0.0034195914317198517,0.7902264759259275,0.0,18.904198069744563,3.0,0.26587301587301587,CVX,XOM
2022-06-01,196.9829,134.1247,0.8832466681373552,0.8874740891498867,0.052338842843811406,0.985556062368828,1.4884121221550426,1.4884121221550426,-0.001102528144653725,0.0031739709028360953,0.79156462816443,-0.001102528144653725,18.21527429145047,4.0,0.24206349206349206,CVX,XOM
2022-06-02,193.4665,132.8529,0.8832466681373552,0.8874740891498867,0.04278166743434131,-0.6798970616222629,0.985556062368828,0.985556062368828,-0.0027562723058700556,0.003199854496947887,0.7906515244383907,-0.0038588004505237805,15.79188928199975,0.0,0.25595238095238093,CVX,XOM
2022-06-03,192.394,133.0956,0.8832466681373552,0.8874740891498867,0.03560286183249595,-1.8765826494408964,-0.6798970616222629,0.6798970616222629,-0.009557175409470098,0.00389909175497605,0.8000090243586553,-0.013415975859993878,14.456574265922713,0.0,0.22023809523809523,CVX,XOM
2022-06-06,192.067,132.84,0.8832466681373552,0.8874740891498867,0.035607743864177976,-1.7311429288630167,-1.8765826494408964,1.8765826494408964,-0.007178805601845362,0.004178004254171526,0.8029106104676803,-0.02059478146183924,14.081209780051168,1.0,0.23412698412698413,CVX,XOM
2022-06-07,192.0855,132.9138,0.8832466681373552,0.8874740891498867,0.03521115552499321,-1.6491766330079503,-1.7311429288630167,1.7311429288630167,4.882031682029719e-06,0.004148749198677337,0.8008211806509142,-0.02058989943015721,14.46879909639915,2.0,0.2361111111111111,CVX,XOM
2022-06-08,193.3464,133.7737,0.8832466681373552,0.8874740891498867,0.03603085392849792,-1.4166963604890452,-1.6491766330079503,1.6491766330079503,-0.0003965883391847669,0.0039124696073516265,0.7998453379277661,-0.020986487769341977,13.930996245951636,3.0,0.22420634920634921,CVX,XOM
2022-06-09,191.2893,131.7829,0.8832466681373552,0.8874740891498867,0.038640912492524215,-0.9745961406329916,-1.4166963604890452,1.4166963604890452,0.0008196984035047095,0.0039077206372987484,0.8056335171064755,-0.020166789365837268,13.277210955902646,4.0,0.20436507936507936,CVX,XOM
2022-06-10,189.8062,130.797,0.8832466681373552,0.8874740891498867,0.03752189239819437,-1.0886217372952314,-0.9745961406329916,0.9745961406329916,0.0026100585640262963,0.003918127504519603,0.8117319570498269,-0.01755673080181097,13.776303705441638,0.0,0.1865079365079365,CVX,XOM
2022-06-13,187.8376,129.7582,0.8832466681373552,0.8874740891498867,0.034172627630391084,-1.5053050945823752,-1.0886217372952314,1.0886217372952314,-0.0011190200943298478,0.003919235359317086,0.80924519617631,-0.01867575089614082,12.859341816812217,1.0,0.19246031746031744,CVX,XOM
2022-06-14,186.8186,129.2774,0.8832466681373552,0.8874740891498867,0.032027473138099616,-1.7720312901151654,-1.5053050945823752,1.5053050945823752,-0.003349264767803284,0.003846147177622128,0.8223552125675044,-0.022025015663944103,12.36488417458971,2.0,0.14285714285714285,CVX,XOM
2022-06-15,186.6729,129.1024,0.8832466681373552,0.8874740891498867,0.03244943612503359,-1.6359524716755753,-1.7720312901151654,1.7720312901151654,-0.002145154492291468,0.0038183720719840897,0.8233327304958349,-0.02417017015623557,14.925111273644418,3.0,0.14087301587301587,CVX,XOM
2022-06-16,184.9249,128.2081,0.8832466681373552,0.8874740891498867,0.029210322443324443,-1.9093698343520191,-1.6359524716755753,1.6359524716755753,0.00042196298693397694,0.0038097875782946316,0.8266903259157146,-0.023748207169301594,15.967883709584475,4.0,0.13095238095238096,CVX,XOM
2022-06-17,184.5978,127.3588,0.8832466681373552,0.8874740891498867,0.033338460108379486,-1.3171849213825757,-1.9093698343520191,1.9093698343520191,-0.0032391136817091493,0.003810773677013131,0.8355160731829414,-0.026987320851010743,15.765923251145008,5.0,0.10515873015873016,CVX,XOM
2022-06-20,182.7384,126.1592,0.8832466681373552,0.8874740891498867,0.03161346486479122,-1.4271245477279138,-1.3171849213825757,1.3171849213825757,0.004128137665055043,0.0036333985772080577,0.8286997667731725,-0.0228591831859557,16.045718274046525,6.0,0.12698412698412698,CVX,XOM
2022-06-21,186.4879,128.7349,0.8832466681373552,0.8874740891498867,0.0339877726911082,-1.0734438150750016,-1.4271245477279138,1.4271245477279138,-0.0017249952435882676,0.003599924768514436,0.8323894250266758,-0.024584178429543968,15.888447893169133,7.0,0.11309523809523808,CVX,XOM
2022-06-22,186.9383,129.6938,0.8832466681373552,0.8874740891498867,0.029814053394334294,-1.4423714651792696,-1.0734438150750016,1.0734438150750016,0.0023743078263169792,0.0036624651624077315,0.850302614016636,-0.02220987060322699,16.20783549972837,8.0,0.06944444444444445,CVX,XOM
2022-06-23,188.5816,130.2224,0.8832466681373552,0.8874740891498867,0.034956467358265186,-0.8020750210804924,-1.4423714651792696,1.4423714651792696,-0.004173719296773903,0.003717535794236902,0.846030688690861,-0.026383589900000892,16.105880335154087,9.0,0.08134920634920634,CVX,XOM
2022-06-24,189.7127,130.1636,0.8832466681373552,0.8874740891498867,0.0413373017123142,-0.03141558998708259,-0.8020750210804924,0.8020750210804924,0.005142413963930892,0.003453530228747937,0.8608709565388186,-0.02124117593607,16.359699351780947,0.0,0.03373015873015873,CVX,XOM
2022-06-27,187.4663,129.6289,0.8832466681373552,0.8874740891498867,0.033078744983846775,-0.9375075098900622,-0.03141558998708259,0.03141558998708259,0.006380834354049014,0.0037873404856537743,0.8741475491528256,-0.014860341582020986,16.992122891096777,0.0,0.03373015873015873,CVX,XOM
2022-06-28,184.4532,127.3346,0.8832466681373552,0.8874740891498867,0.0327234773760221,-0.9240560352489505,-0.9375075098900622,0.9375075098900622,-0.008258556728467426,0.00411572537410282,0.8672805571737833,-0.02311889831048841,15.774113078312272,0.0,0.08333333333333333,CVX,XOM
2022-06-29,184.0404,127.2131,0.8832466681373552,0.8874740891498867,0.0313302167250713,-1.0179035308206177,-0.9240560352489505,0.9240560352489505,-0.00035526760782467193,0.004119430895068128,0.8753997555345123,-0.023474165918313084,15.570657690335372,0.0,0.07936507936507936,CVX,XOM
2022-06-30,182.4943,126.031,0.8832466681373552,0.8874740891498867,0.031179071332887887,-0.9696715616204379,-1.0179035308206177,1.0179035308206177,-0.0013932606509508005,0.0041030156377118415,0.8835611132831229,-0.024867426569263884,14.95159002186683,1.0,0.0753968253968254,CVX,XOM
2022-07-01,183.1061,126.266,0.8832466681373552,0.8874740891498867,0.03287263632617954,-0.726030527203011,-0.9696715616204379,0.9696715616204379,-0.00015114539218341605,0.0036105061718790478,0.8839950799011895,-0.0250185719614473,13.933753373116543,0.0,0.025793650793650792,CVX,XOM
2022-07-04,179.5201,125.2655,0.8832466681373552,0.8874740891498867,0.020154179164740604,-1.97861505936566,-0.726030527203011,0.726030527203011,0.0016935649932916519,0.00330459009644053,0.8844624928113873,-0.023325006968155648,14.510644659906488,0.0,0.013888888888888888,CVX,XOM
2022-07-05,179.1397,124.5453,0.8832466681373552,0.8874740891498867,0.02315010571076126,-1.5311931970529826,-1.97861505936566,1.97861505936566,-0.012718457161438934,0.004293003123180571,0.8778438480716221,-0.03604346412959458,14.062146698779342,1.0,0.1130952380952381,CVX,XOM
2022-07-06,179.956,124.4706,0.8832466681373552,0.8874740891498867,0.028228984366938548,-0.9192941703483338,-1.5311931970529826,1.5311931970529826,0.0029959265460206552,0.004370829422638524,0.868558894791374,-0.03304753758357393,14.62942804637229,2.0,0.1388888888888889,CVX,XOM
2022-07-07,181.5563,124.9016,0.8832466681373552,0.8874740891498867,0.034014688886967015,-0.2327855536039038,-0.9192941703483338,0.9192941703483338,0.005078878656177288,0.004535615104182713,0.8658156962961964,-0.02796865892739664,13.502727390897345,0.0,0.18055555555555555,CVX,XOM
2022-07-08,181.8703,125.8425,0.8832466681373552,0.8874740891498867,0.02908228381514899,-0.7692267134152976,-0.2327855536039038,0.2327855536039038,0.005785704520028467,0.004690796412879089,0.8656643414484653,-0.02218295440736817,12.264255085562977,0.0,0.21825396825396826,CVX,XOM
2022-07-11,180.5934,125.0438,0.8832466681373552,0.8874740891498867,0.027687174733551423,-0.9378615597751274,-0.7692267134152976,0.7692267134152976,-0.004932405071818025,0.004799252968709031,0.8650167100198295,-0.027115359479186196,12.231344844070222,0.0,0.24007936507936506,CVX,XOM
2022-07-12,181.6589,126.2222,0.8832466681373552,0.8874740891498867,0.025245529253163923,-1.342494502603229,-0.9378615597751274,0.9378615597751274,-0.0013951090815975675,0.004758380137745675,0.8668207032135136,-0.028510468560783764,11.479683277726192,0.0,0.22222222222222224,CVX,XOM
2022-07-13,179.0288,125.6385,0.8832466681373552,0.8874740891498867,0.014775003388399988,-3.0126688034175926,-1.342494502603229,1.342494502603229,-0.0024416454803875,0.004764487865358063,0.872429846517028,-0.030952114041171264,10.57110574524233,1.0,0.2142857142857143,CVX,XOM
2022-07-14,179.2242,126.179,0.8832466681373552,0.8874740891498867,0.012056105707006104,-2.957835409410492,-3.0126688034175926,3.0126688034175926,-0.010470525864763935,0.005244717394770021,0.8667842548231305,-0.0414226399059352,11.806420635819999,2.0,0.3055555555555556,CVX,XOM
2022-07-15,178.1363,126.0768,0.8832466681373552,0.8874740891498867,0.006686667428302151,-3.040555374841478,-2.957835409410492,2.957835409410492,-0.0027188976813938837,0.0052342510410524744,0.8725275475165077,-0.04414153758732908,11.4336962003941,3.0,0.2896825396825397,CVX,XOM
2022-07-18,176.959,124.9666,0.8832466681373552,0.8874740891498867,0.007905227807072812,-2.4751627849226003,-3.040555374841478,3.040555374841478,-0.005369438278703953,0.005191023410663265,0.8712638599504606,-0.049510975866033036,11.503480049526777,4.0,0.28968253968253965,CVX,XOM
2022-07-19,175.6728,125.0418,0.8832466681373552,0.8874740891498867,7.644786885396826e-05,-2.8048825972282647,-2.4751627849226003,2.4751627849226003,0.0012185603787706611,0.0052194618460202945,0.8762312489681601,-0.048292415487262375,10.961753602944961,5.0,0.2837301587301588,CVX,XOM
2022-07-20,175.9896,125.8189,0.8832466681373552,0.8874740891498867,-0.0036201605138312942,-2.6744543174976614,-2.8048825972282647,2.8048825972282647,-0.007828779938218844,0.005343749734818268,0.8626816017105771,-0.05612119542548122,12.00356291839602,6.0,0.3392857142857143,CVX,XOM
2022-07-21,176.4827,126.4077,0.8832466681373552,0.8874740891498867,-0.004965670536039468,-2.427607416094617,-2.6744543174976614,2.6744543174976614,-0.0036966083826852625,0.005333689013765498,0.8611328093571077,-0.05981780380816648,14.350196201917731,7.0,0.34523809523809523,CVX,XOM
2022-07-22,177.8453,126.7875,0.8832466681373552,0.8874740891498867,6.307143510042579e-05,-1.837385251270604,-2.427607416094617,2.427607416094617,-0.001345510022208174,0.00510163809004001,0.861732169120971,-0.061163313830374655,13.640117295030336,8.0,0.29563492063492064,CVX,XOM
2022-07-25,182.8164,128.4798,0.8832466681373552,0.8874740891498867,0.015864141555068656,-0.5713117610300111,-1.837385251270604,1.837385251270604,0.005028741971139894,0.004998090501617611,0.8516481856644008,-0.05613457185923476,12.090745223985422,9.0,0.3115079365079365,CVX,XOM
2022-07-26,185.2326,130.0075,0.8832466681373552,0.8874740891498867,0.018503762726802542,-0.3330618245963468,-0.5713117610300111,0.5713117610300111,0.01580107011996823,0.006129637863015892,0.849935764764568,-0.04033350173926653,10.2078972809642,0.0,0.503968253968254,CVX,XOM
2022-07-27,184.0388,129.8397,0.8832466681373552,0.8874740891498867,0.013184233050252736,-0.7001216254765312,-0.3330618245963468,0.3330618245963468,0.0026396211717338858,0.006176559340833294,0.8580728357432694,-0.037693880567532645,11.538897040433787,0.0,0.496031746031746,CVX,XOM
2022-07-28,184.7565,130.7828,0.8832466681373552,0.8874740891498867,0.010653436696128615,-0.8439871336134608,-0.7001216254765312,0.7001216254765312,-0.005319529676549806,0.00625699650237168,0.8591961888408188,-0.04301341024408245,11.068332405092576,0.0,0.5,CVX,XOM
2022-07-29,187.8051,132.4937,0.8832466681373552,0.8874740891498867,0.015484770396690273,-0.4266811879928449,-0.8439871336134608,0.8439871336134608,-0.0025307963541241207,0.0062641078462321795,0.8535233589217803,-0.04554420659820657,11.474273005644397,0.0,0.5099206349206349,CVX,XOM
2022-08-01,188.2569,133.7103,0.8832466681373552,0.8874740891498867,0.009775679005896265,-0.8194350407505462,-0.4266811879928449,0.4266811879928449,0.0048313337005616575,0.006368684145517121,0.8623576571199972,-0.040712872897644914,10.658403117479693,0.0,0.501984126984127,CVX,XOM
2022-08-02,187.5062,132.3596,0.8832466681373552,0.8874740891498867,0.014790647306627491,-0.3808186808931876,-0.8194350407505462,0.8194350407505462,-0.005709091390794008,0.005881192726182513,0.8575554745155272,-0.04642196428843892,11.108651506038463,0.0,0.4206349206349206,CVX,XOM
2022-08-03,187.6154,132.2264,0.8832466681373552,0.8874740891498867,0.016266417212957407,-0.22864907121816141,-0.3808186808931876,0.3808186808931876,0.005014968300731226,0.005957493285246171,0.8570849397591478,-0.041406995987707695,10.183239571349665,0.0,0.4484126984126984,CVX,XOM
2022-08-04,189.2521,133.4707,0.8832466681373552,0.8874740891498867,0.0166398696336314,-0.15319976467983987,-0.22864907121816141,0.22864907121816141,0.0014757699063299157,0.005841901616264034,0.8565031388437626,-0.03993122608137778,10.408027540623666,0.0,0.4166666666666667,CVX,XOM
2022-08-05,186.4612,132.5767,0.8832466681373552,0.8874740891498867,0.007747442451394804,-0.8474595353387328,-0.15319976467983987,0.15319976467983987,0.000373452420673992,0.0056625184910999065,0.8603248063816042,-0.03955777366070379,10.902609426942751,0.0,0.37896825396825395,CVX,XOM
2022-08-08,187.2216,132.4336,0.8832466681373552,0.8874740891498867,0.01277564476654014,-0.35545284556616763,-0.8474595353387328,0.8474595353387328,-0.008892427182236595,0.0058667043518628404,0.8605331389075392,-0.04845020084294038,13.621026316489356,0.0,0.40476190476190477,CVX,XOM
2022-08-09,186.2209,132.1843,0.8832466681373552,0.8874740891498867,0.009088508697738362,-0.6391764548297656,-0.35545284556616763,0.35545284556616763,0.005028202315145336,0.006013908773496563,0.8602442084704398,-0.04342199852779505,12.545333000782724,0.0,0.44642857142857145,CVX,XOM
2022-08-10,187.9578,133.2762,0.8832466681373552,0.8874740891498867,0.011071564152905111,-0.4031705101671345,-0.6391764548297656,0.6391764548297656,-0.0036871360688017774,0.006037551387330682,0.8569883582637451,-0.047109134596596824,12.444695968672928,0.0,0.4642857142857143,CVX,XOM
2022-08-11,187.6971,133.1401,0.8832466681373552,0.8874740891498867,0.010590328462791732,-0.3991315495658473,-0.4031705101671345,0.4031705101671345,0.001983055455166749,0.0056378534243966515,0.8591930819242437,-0.045126079141430075,13.995890011013186,0.0,0.36904761904761907,CVX,XOM
2022-08-12,185.6912,132.7005,0.8832466681373552,0.8874740891498867,0.0027810110867987348,-1.1342998974668184,-0.3991315495658473,0.3991315495658473,-0.00048123569011337963,0.005608588752303194,0.8602627228259854,-0.045607314831543455,14.189344180103346,0.0,0.3492063492063492,CVX,XOM
2022-08-15,184.5518,131.9235,0.8832466681373552,0.8874740891498867,0.0018378066700464046,-1.1521135914192093,-1.1342998974668184,1.1342998974668184,-0.007809317375992997,0.005747280417175586,0.860538149063497,-0.05341663220753645,15.873844795901805,1.0,0.375,CVX,XOM
2022-08-16,182.1148,130.8492,0.8832466681373552,0.8874740891498867,-0.0041985146576744015,-1.637646736872611,-1.1521135914192093,1.1521135914192093,-0.0009432044167523301,0.005739997459312441,0.8624951425707374,-0.05435983662428878,16.582346380094915,2.0,0.3611111111111111,CVX,XOM
2022-08-17,181.2663,130.5267,0.8832466681373552,0.8874740891498867,-0.006678521328127296,-1.7572648609998092,-1.637646736872611,1.637646736872611,-0.006036321327720806,0.005634827908824036,0.8643448995162115,-0.06039615795200959,18.201320083724852,3.0,0.3353174603174603,CVX,XOM
2022-08-18,184.8484,132.715,0.8832466681373552,0.8874740891498867,-0.0018650059778799744,-1.2451573119002461,-1.7572648609998092,1.7572648609998092,-0.0024800066704528945,0.005603379861647955,0.863302756120027,-0.06287616462246248,21.089807971781045,4.0,0.3273809523809524,CVX,XOM
2022-08-19,186.6898,133.4534,0.8832466681373552,0.8874740891498867,0.003123335606087352,-0.6596027761568931,-1.2451573119002461,1.2451573119002461,0.004813515350247322,0.005697823368594585,0.8707599296611087,-0.05806264927221516,18.317618998896307,5.0,0.34325396825396826,CVX,XOM
2022-08-22,188.1675,134.4393,0.8832466681373552,0.8874740891498867,0.00447524096851204,-0.44966934000146,-0.6596027761568931,0.6596027761568931,0.004988341583967326,0.005696102061653147,0.8685138711661275,-0.053074307688247835,17.60212256448148,0.0,0.34722222222222227,CVX,XOM
2022-08-23,186.637,133.8263,0.8832466681373552,0.8874740891498867,0.00036412156557741326,-0.9360145615424706,-0.44966934000146,0.44966934000146,0.001351905362424688,0.004444368982878627,0.870514955960154,-0.05061987418116942,18.093678511188134,0.0,0.14087301587301587,CVX,XOM
2022-08-24,185.8582,133.575,0.8832466681373552,0.8874740891498867,-0.0021493429679813048,-1.196531041696051,-0.9360145615424706,0.9360145615424706,-0.0041111194029346265,0.00444418181271882,0.870577582429917,-0.05197472127823399,20.66378179812822,0.0,0.14087301587301587,CVX,XOM
2022-08-25,184.4697,132.8712,0.8832466681373552,0.8874740891498867,-0.004959718964905768,-1.4605798427824628,-1.196531041696051,1.196531041696051,-0.002513464533558718,0.0043458690101597095,0.8708110369821594,-0.04493101040232261,22.571166062410533,1.0,0.125,CVX,XOM
2022-08-26,179.2695,130.3176,0.8832466681373552,0.8874740891498867,-0.01633263406019303,-2.531872783164347,-1.4605798427824628,1.4605798427824628,-0.0028103759969244635,0.004351966384968613,0.869197578038604,-0.04629702067721997,25.437847717586504,2.0,0.1369047619047619,CVX,XOM
2022-08-29,177.7382,128.931,0.8832466681373552,0.8874740891498867,-0.01541775158876657,-2.1441499347295347,-2.531872783164347,2.531872783164347,-0.011372915095287262,0.004724218511682674,0.8866145197175469,-0.05766993577250723,42.13198991341296,3.0,0.17261904761904762,CVX,XOM
2022-08-30,174.3237,127.2944,0.8832466681373552,0.8874740891498867,-0.02347815658809882,-2.579724104861398,-2.1441499347295347,2.1441499347295347,0.0009148824714264592,0.004655588096110042,0.8862693540244004,-0.05675505330108077,41.381811699586855,4.0,0.17063492063492064,CVX,XOM
2022-08-31,172.5556,125.7019,0.8832466681373552,0.8874740891498867,-0.02249990632466936,-2.228341855083602,-2.579724104861398,2.579724104861398,-0.008060404999332249,0.004646614960315226,0.8905877607392589,-0.06481545830041302,101.45830586961955,5.0,0.16666666666666666,CVX,XOM
2022-09-01,170.2907,124.7333,0.8832466681373552,0.8874740891498867,-0.028847490018770294,-2.438632318348681,-2.228341855083602,2.228341855083602,0.0009782502634294588,0.00462970498031694,0.8887782422652272,-0.06383720803698356,87.22969752837,6.0,0.1646825396825397,CVX,XOM
2022-09-02,170.3623,125.3115,0.8832466681373552,0.8874740891498867,-0.03253149285813883,-2.3729775695009434,-2.438632318348681,2.438632318348681,-0.006347583694100933,0.004693197810461375,0.892683872666823,-0.0701847917310845,252.0,7.0,0.17658730158730157,CVX,XOM
2022-09-05,170.9422,125.0498,0.8832466681373552,0.8874740891498867,-0.027278015876414763,-1.8236289770644452,-2.3729775695009434,2.3729775695009434,-0.0036840028393685387,0.004457320340828957,0.8910930010183636,-0.07386879457045303,252.0,8.0,0.13293650793650796,CVX,XOM
2022-09-06,173.1609,126.4502,0.8832466681373552,0.8874740891498867,-0.024265635837612543,-1.5055984617494134,-1.8236289770644452,1.8236289770644452,0.00525347698172407,0.0044753499261468545,0.8862517904791742,-0.06861531758872896,206.30507434236833,9.0,0.1507936507936508,CVX,XOM
2022-09-07,172.7834,127.1582,0.8832466681373552,0.8874740891498867,-0.03140321467097795,-1.8039583372727537,-1.5055984617494134,1.5055984617494134,0.0030123800388022204,0.004586090050349884,0.8896126491228443,-0.06560293754992674,103.28954962264186,10.0,0.1626984126984127,CVX,XOM
2022-09-08,173.3158,127.6466,0.8832466681373552,0.8874740891498867,-0.031728793952385814,-1.6714136325427296,-1.8039583372727537,1.8039583372727537,-0.00713757883336541,0.004653367424457089,0.8849747018487916,-0.07274051638329215,252.0,11.0,0.19444444444444445,CVX,XOM
2022-09-09,172.722,126.7527,0.8832466681373552,0.8874740891498867,-0.028924011378700598,-1.3967318131235638,-1.6714136325427296,1.6714136325427296,-0.00032557928140786174,0.0046562373088490745,0.8840742251438942,-0.07306609566470001,252.0,12.0,0.20238095238095238,CVX,XOM
2022-09-12,172.9005,127.0298,0.8832466681373552,0.8874740891498867,-0.029829123357687948,-1.3495021253362594,-1.3967318131235638,1.3967318131235638,0.002804782573685216,0.004581360434170574,0.8854652428263058,-0.0702613130910148,153.20281439743118,13.0,0.17261904761904762,CVX,XOM
2022-09-13,174.021,127.8277,0.8832466681373552,0.8874740891498867,-0.028926397465354192,-1.214296046299675,-1.3495021253362594,1.3495021253362594,-0.0009051119789873496,0.004581634868069567,0.8841801600058645,-0.07116642507000215,241.24978700948387,14.0,0.18055555555555555,CVX,XOM
2022-09-14,173.7422,127.1969,0.8832466681373552,0.8874740891498867,-0.02613946773166198,-0.9841976795441935,-1.214296046299675,1.214296046299675,0.0009027258923337556,0.004493170448652951,0.8762219094047007,-0.07026369917766839,160.9073763103115,15.0,0.17658730158730157,CVX,XOM
2022-09-15,174.3316,127.3637,0.8832466681373552,0.8874740891498867,-0.023915855524851537,-0.7934153732029042,-0.9841976795441935,0.9841976795441935,0.0027869297336922116,0.004566317693335983,0.8760734059741554,-0.06747676944397618,82.06470700072961,0.0,0.1904761904761905,CVX,XOM
2022-09-16,174.6614,128.024,0.8832466681373552,0.8874740891498867,-0.026614950404061588,-0.9051366516087709,-0.7934153732029042,0.7934153732029042,0.0022236122068104436,0.004435223163537425,0.8759753687982974,-0.06525315723716574,173.03886905966476,0.0,0.15476190476190477,CVX,XOM
2022-09-19,174.4421,127.5943,0.8832466681373552,0.8874740891498867,-0.024887581660276048,-0.7401122801470249,-0.9051366516087709,0.9051366516087709,-0.002699094879210051,0.00421852679950185,0.8795057731817632,-0.0606296392910286,252.0,0.0,0.12103174603174603,CVX,XOM
2022-09-20,173.9705,127.1906,0.8832466681373552,0.8874740891498867,-0.02478235722701605,-0.6804850317773337,-0.7401122801470249,0.7401122801470249,0.00172736874378554,0.004231932401013446,0.8796648235780965,-0.05890227054724306,221.9084531966988,0.0,0.12301587301587301,CVX,XOM
2022-09-21,174.1827,125.9997,0.8832466681373552,0.8874740891498867,-0.015214686995033588,0.058061976428141274,-0.6804850317773337,0.6804850317773337,0.0001052244332599983,0.0041999184767343035,0.8766429451579671,-0.058797046113983065,177.53371858642123,0.0,0.125,CVX,XOM
2022-09-22,174.4118,126.0617,0.8832466681373552,0.8874740891498867,-0.014336852842071757,0.20009129948792978,0.058061976428141274,0.058061976428141274,0.009567670231982461,0.0048015165468154215,0.8601977971330254,-0.0492293758820006,72.37435836326742,0.0,0.33333333333333337,CVX,XOM
2022-09-23,175.7706,126.8068,0.8832466681373552,0.8874740891498867,-0.011806347947049822,0.46176594150635764,0.20009129948792978,0.20009129948792978,0.0008778341529618316,0.004785928495509568,0.8592802821735408,-0.04835154172903877,70.12513774582942,0.0,0.3273809523809524,CVX,XOM
2022-09-26,175.7555,126.4701,0.8832466681373552,0.8874740891498867,-0.009532685792263074,0.7108553540726247,0.46176594150635764,0.46176594150635764,0.0025305048950219344,0.0041142110861642715,0.8608239935479173,-0.04582103683401684,57.64254799209408,0.0,0.1746031746031746,CVX,XOM
2022-09-27,175.6905,126.4874,0.8832466681373552,0.8874740891498867,-0.010023976517114619,0.6960030667805933,0.7108553540726247,0.7108553540726247,0.0022736621547867486,0.004136180908854018,0.8606557086930406,-0.04354737467923009,47.23353870901436,0.0,0.18253968253968256,CVX,XOM
2022-09-28,175.564,126.7134,0.8832466681373552,0.8874740891498867,-0.012328521873511633,0.5150128797328849,0.6960030667805933,0.6960030667805933,-0.0004912907248515452,0.003674996870344036,0.8630877496541559,-0.044038665404081634,44.931112415118605,0.0,0.11904761904761904,CVX,XOM
2022-09-29,176.7914,127.1573,0.8832466681373552,0.8874740891498867,-0.008465213740890931,0.9024231873207352,0.5150128797328849,0.5150128797328849,-0.002304545356397014,0.0037305756301743913,0.8658016437053669,-0.04634321076047865,43.072330306698056,0.0,0.11706349206349206,CVX,XOM
2022-09-30,179.1991,128.4752,0.8832466681373552,0.8874740891498867,-0.0040889757058995,1.3775787339395513,0.9024231873207352,0.9024231873207352,0.003863308132620702,0.0034451285563259523,0.8670084345705501,-0.03754749755603992,46.845624981160896,0.0,0.09126984126984128,CVX,XOM
2022-10-03,182.7517,129.5666,0.8832466681373552,0.8874740891498867,0.008034674947618115,2.458083190186133,1.3775787339395513,1.3775787339395513,0.004376238034991431,0.0033412633690439596,0.8749201654992755,-0.03177615043945092,43.99754021881177,1.0,0.06349206349206349,CVX,XOM
2022-10-04,182.4324,128.7918,0.8832466681373552,0.8874740891498867,0.011608937320819024,2.561926330150144,2.458083190186133,2.458083190186133,0.012123650653517615,0.004004773621775755,0.8716550264396468,-0.01721085430554581,32.52724936808156,2.0,0.12698412698412698,CVX,XOM
2022-10-05,184.6479,129.8531,0.8832466681373552,0.8874740891498867,0.016396810160974162,2.635488975309159,2.561926330150144,2.561926330150144,0.0035742623732009093,0.004015378001785309,0.8698735285292766,-0.006894825405983518,30.338015608492885,3.0,0.14087301587301587,CVX,XOM
2022-10-06,184.0832,128.9681,0.8832466681373552,0.8874740891498867,0.01940306197085029,2.5212356165506655,2.635488975309159,2.635488975309159,0.0047878728401551385,0.003496791643375666,0.875376696967684,-0.0021069525658283794,34.723956327358735,4.0,0.07539682539682539,CVX,XOM
2022-10-07,184.6562,129.8492,0.8832466681373552,0.8874740891498867,0.016468414309533053,2.067594831178116,2.5212356165506655,2.5212356165506655,0.003006251809876126,0.003442392832090583,0.8747870772466032,0.0,36.41755947215917,5.0,0.0734126984126984,CVX,XOM
2022-10-10,183.8616,130.1052,0.8832466681373552,0.8874740891498867,0.01040804879676216,1.55143358928262,2.067594831178116,2.067594831178116,-0.0029346476613172356,0.0036431198088563935,0.8744785977142779,-0.0029346476613172356,32.83496373249405,6.0,0.09325396825396826,CVX,XOM
2022-10-11,183.1006,130.1772,0.8832466681373552,0.8874740891498867,0.005769485866645496,1.1806995258007231,1.55143358928262,1.55143358928262,-0.006060365512770893,0.004021363920557684,0.8706087819677722,-0.008995013174088129,31.155576202692743,7.0,0.15079365079365079,CVX,XOM
2022-10-12,182.2462,129.0325,0.8832466681373552,0.8874740891498867,0.008930704780899745,1.2779749043159203,1.1806995258007231,1.1806995258007231,-0.004638562930116663,0.0042713580556491635,0.873791765385723,-0.013633576104204792,31.161254673879935,8.0,0.18253968253968253,CVX,XOM
2022-10-13,183.8679,129.2157,0.8832466681373552,0.8874740891498867,0.016530609878419256,1.5912065068033339,1.2779749043159203,1.2779749043159203,0.003161218914254249,0.0042767434250889184,0.8743817279870773,-0.010472357189950543,30.232304851948562,9.0,0.18055555555555555,CVX,XOM
2022-10-14,183.4784,128.4513,0.8832466681373552,0.8874740891498867,0.019675605976731347,1.636430982578443,1.5912065068033339,1.5912065068033339,0.00759990509751951,0.004462761558429912,0.8715043194191673,-0.0028724520924310326,30.457316246141293,10.0,0.23214285714285715,CVX,XOM
2022-10-17,184.8842,129.5848,0.8832466681373552,0.8874740891498867,0.019511303960218385,1.5046337355741672,1.636430982578443,1.636430982578443,0.0031449960983120917,0.004333507525770242,0.8702179138057282,0.0,32.44872615932963,11.0,0.2103174603174603,CVX,XOM
2022-10-18,187.6386,130.4475,0.8832466681373552,0.8874740891498867,0.028410688510525084,1.812987886599099,1.5046337355741672,1.5046337355741672,-0.00016430201651296272,0.004365814186259251,0.8696969793468399,-0.00016430201651296272,34.76703307938286,12.0,0.2222222222222222,CVX,XOM
2022-10-19,185.6269,129.3751,0.8832466681373552,0.8874740891498867,0.02495768010374899,1.5176706469122345,1.812987886599099,1.812987886599099,0.0088993845503067,0.004568822002699456,0.8642412139153037,0.0,33.76278929659014,13.0,0.2996031746031746,CVX,XOM
2022-10-20,184.6821,129.5056,0.8832466681373552,0.8874740891498867,0.01896016412369317,1.133237702236933,1.5176706469122345,1.5176706469122345,-0.0034530084067760924,0.004464581139715999,0.8691863682714398,-0.0034530084067760924,31.93381303700785,14.0,0.25396825396825395,CVX,XOM
2022-10-21,184.3998,129.1469,0.8832466681373552,0.8874740891498867,0.019891926657105152,1.110909844584029,1.133237702236933,1.133237702236933,-0.005997515980055823,0.004791167327322854,0.866804910280528,-0.009450524386831916,29.506635841255715,15.0,0.34523809523809523,CVX,XOM
2022-10-24,184.8192,128.6132,0.8832466681373552,0.8874740891498867,0.02583883861528058,1.3446762071441702,1.110909844584029,1.110909844584029,0.0009317625334119839,0.004789394272034626,0.8588558393778425,-0.008518761853419932,28.37655556112152,16.0,0.39682539682539686,CVX,XOM
2022-10-25,184.3926,128.9183,0.8832466681373552,0.8874740891498867,0.021425170014036432,1.0440387760879029,1.3446762071441702,1.3446762071441702,0.005946911958175427,0.0048818232546994685,0.8611576660388234,-0.0025718498952445046,26.066684955990667,17.0,0.3908730158730159,CVX,XOM
2022-10-26,182.6384,128.8093,0.8832466681373552,0.8874740891498867,0.012616905452529359,0.5025083355250488,1.0440387760879029,1.0440387760879029,-0.004413668601244147,0.005044739169751771,0.8633677436180366,-0.006985518496488652,24.481128968698016,18.0,0.3948412698412699,CVX,XOM
2022-10-27,184.3724,130.0075,0.8832466681373552,0.8874740891498867,0.013849055387280096,0.5227607596765598,0.5025083355250488,0.5025083355250488,-0.008808264561507073,0.005475404938245742,0.8569787098572641,-0.015793783057995725,22.2781828782436,0.0,0.5059523809523809,CVX,XOM
2022-10-28,184.4238,129.5111,0.8832466681373552,0.8874740891498867,0.017522876049000935,0.6969084664948132,0.5227607596765598,0.5227607596765598,0.001232149934750737,0.005442479285110635,0.8577440204219315,-0.014561633123244988,21.934566798092252,0.0,0.49603174603174605,CVX,XOM
2022-10-31,183.1791,130.581,0.8832466681373552,0.8874740891498867,0.003449502189998732,-0.29044143180825377,0.6969084664948132,0.6969084664948132,0.003673820661720839,0.005423558969049665,0.855491609912033,-0.010887812461524149,23.44756087040032,0.0,0.501984126984127,CVX,XOM
2022-11-01,184.9357,131.1151,0.8832466681373552,0.8874740891498867,0.009370809712668127,0.04553080150576301,-0.29044143180825377,0.29044143180825377,-0.014073373859002203,0.005751865787615435,0.8281386540701999,-0.024961186320526352,23.48402465046979,0.0,0.5853174603174603,CVX,XOM
2022-11-02,185.6693,132.5121,0.8832466681373552,0.8874740891498867,0.003923942736486552,-0.4440935263153917,0.04553080150576301,0.04553080150576301,0.0059213075226693945,0.005851352244317985,0.828777625842361,-0.019039878797856957,22.06657748242216,0.0,0.5952380952380952,CVX,XOM
2022-11-03,186.1303,132.2634,0.8832466681373552,0.8874740891498867,0.008070959538894584,-0.1807861645919152,-0.4440935263153917,0.4440935263153917,-0.005446866976181575,0.00584800365481461,0.8193358170705363,-0.024486745774038532,21.187178170498502,0.0,0.6051587301587302,CVX,XOM
2022-11-04,184.33,132.2314,0.8832466681373552,0.8874740891498867,-0.0014336342838792149,-1.0821285268741108,-0.1807861645919152,0.1807861645919152,0.004147016802408032,0.005888552144468948,0.8169353473544616,-0.0203397289716305,18.470719500943115,0.0,0.6190476190476191,CVX,XOM
2022-11-07,182.7425,131.9344,0.8832466681373552,0.8874740891498867,-0.008087641408800472,-1.7026956395284691,-1.0821285268741108,1.0821285268741108,-0.0095045938227738,0.0061871751797035945,0.8112979985590074,-0.0298443227944043,19.218101926269007,1.0,0.6825396825396826,CVX,XOM
2022-11-08,182.7435,131.3558,0.8832466681373552,0.8874740891498867,-0.00418158095982335,-1.4048234312060304,-1.7026956395284691,1.7026956395284691,-0.006654007124921257,0.0062132525867695165,0.8077529746040017,-0.036498329919325556,19.273411486933053,2.0,0.6944444444444444,CVX,XOM
2022-11-09,185.3999,132.3417,0.8832466681373552,0.8874740891498867,0.003613877551615907,-0.7799105739985258,-1.4048234312060304,1.4048234312060304,0.0039060604489771222,0.006236924472743507,0.7997644311048361,-0.032592269470348434,18.900893604263274,3.0,0.7142857142857143,CVX,XOM
2022-11-10,187.6218,133.8703,0.8832466681373552,0.8874740891498867,0.005335062537643154,-0.6963925117519094,-0.7799105739985258,0.7799105739985258,0.007795458511439257,0.006450961788422751,0.8028328281139392,-0.024796810958909177,15.507832315323464,0.0,0.7321428571428572,CVX,XOM
2022-11-11,190.0519,133.8999,0.8832466681373552,0.8874740891498867,0.018007813486565993,0.6304422708079577,-0.6963925117519094,0.6963925117519094,0.0017211849860272466,0.006215498768220281,0.791861769816473,-0.02307562597288193,14.499611473498236,0.0,0.7361111111111112,CVX,XOM
2022-11-14,190.8407,135.1559,0.8832466681373552,0.8874740891498867,0.013863837558796277,0.13658355036511446,0.6304422708079577,0.6304422708079577,0.01267275094892284,0.006817199030149583,0.775641874553422,-0.01040287502395909,13.49020947272144,0.0,0.8630952380952381,CVX,XOM
2022-11-15,191.8303,136.5446,0.8832466681373552,0.8874740891498867,0.009963823708581288,-0.3030418824015534,0.13658355036511446,0.13658355036511446,-0.004143975927769716,0.006874496259445146,0.7691283577329623,-0.014546850951728807,12.962396179778525,0.0,0.8928571428571428,CVX,XOM
2022-11-16,190.9691,136.0525,0.8832466681373552,0.8874740891498867,0.008668521697924092,-0.421699203481445,-0.3030418824015534,0.3030418824015534,-0.0039000138502149895,0.006579382158937255,0.7649500215739365,-0.018446864801943796,12.867273449796873,0.0,0.9166666666666667,CVX,XOM
2022-11-17,191.68,136.7306,0.8832466681373552,0.8874740891498867,0.00797192388818413,-0.4612724311259973,-0.421699203481445,0.421699203481445,-0.0012953020106571955,0.006554645066977082,0.7658847234266185,-0.019742166812600992,14.596782178567812,0.0,0.9047619047619048,CVX,XOM
2022-11-18,192.0958,136.7453,0.8832466681373552,0.8874740891498867,0.01004340706826845,-0.19880250776284855,-0.4612724311259973,0.4612724311259973,-0.0006965978097399628,0.006445976468167136,0.7633345105231107,-0.020438764622340955,15.931962021794103,0.0,0.9166666666666667,CVX,XOM
2022-11-21,190.7391,136.1987,0.8832466681373552,0.8874740891498867,0.006510258047173423,-0.5890237884320669,-0.19880250776284855,0.19880250776284855,0.0020714831800843214,0.006463832137281526,0.7173585423915072,-0.018367281442256633,15.616827450927987,0.0,0.9861111111111112,CVX,XOM
2022-11-22,190.5043,135.5383,0.8832466681373552,0.8874740891498867,0.009592148033669368,-0.2509987940721336,-0.5890237884320669,0.5890237884320669,-0.003533149021095028,0.0063202447093120475,0.7113237128026183,-0.02190043046335166,15.326988646456904,0.0,0.9662698412698413,CVX,XOM
2022-11-23,191.6225,135.8982,0.8832466681373552,0.8874740891498867,0.013091251835021467,0.13826133798470444,-0.2509987940721336,0.2509987940721336,0.003081889986495945,0.006326950766200461,0.6804983440651895,-0.018818540476855716,14.82136072417265,0.0,0.9662698412698413,CVX,XOM
2022-11-24,193.2053,135.8664,0.8832466681373552,0.8874740891498867,0.02152500722692885,1.0799588238819935,0.13826133798470444,0.13826133798470444,0.003499103801352099,0.0060920197513652675,0.6613677960364283,-0.015319436675503617,14.039442644319752,0.0,0.9226190476190477,CVX,XOM
2022-11-25,192.2067,135.4873,0.8832466681373552,0.8874740891498867,0.018822736283829578,0.7767760627485257,1.0799588238819935,1.0799588238819935,0.008433755391907383,0.0063597538001152615,0.6331100505167575,-0.0068856812835962344,14.277136082111083,1.0,0.9722222222222222,CVX,XOM
2022-11-28,194.3275,136.7611,0.8832466681373552,0.8874740891498867,0.021491545484197516,1.0669658403764335,0.7767760627485257,0.7767760627485257,-0.002702270943099272,0.006346637723857285,0.6417769441243033,-0.009587952226695506,14.46456908987847,0.0,0.9642857142857143,CVX,XOM
2022-11-29,192.3454,134.915,0.8832466681373552,0.8874740891498867,0.023300735979820963,1.33314709177891,1.0669658403764335,1.0669658403764335,0.0026688092003679387,0.005470226751472497,0.6567269102029332,-0.006919143026327568,14.92988727883114,1.0,0.7976190476190477,CVX,XOM
2022-11-30,190.0584,133.297,0.8832466681373552,0.8874740891498867,0.022046993457825792,1.2165053133219388,1.33314709177891,1.33314709177891,0.0018091904956234472,0.005353748806878277,0.6637920043575761,-0.0051099525307041205,14.894548449566134,2.0,0.7797619047619047,CVX,XOM
2022-12-01,190.2287,133.5759,0.8832466681373552,0.8874740891498867,0.021087692590702645,1.084907569486292,1.2165053133219388,1.2165053133219388,-0.0012537425219951714,0.005188621831065822,0.6983252224178658,-0.006363695052699292,15.259968084739286,3.0,0.75,CVX,XOM
2022-12-02,188.3266,133.6186,0.8832466681373552,0.8874740891498867,0.010754697568005511,-0.10166353927401639,1.084907569486292,1.084907569486292,-0.0009593008671231473,0.005148344011989562,0.6976094685724645,-0.007322995919822439,14.285605749015037,4.0,0.7420634920634921,CVX,XOM
2022-12-05,189.7107,134.5053,0.8832466681373552,0.8874740891498867,0.012207418699350825,0.1340780102748384,-0.10166353927401639,0.10166353927401639,-0.010332995022697133,0.005232525198312321,0.6823287660080587,-0.017655990942519573,13.351756996967278,0.0,0.7579365079365079,CVX,XOM
2022-12-06,188.5195,133.1857,0.8832466681373552,0.8874740891498867,0.014658380382154945,0.4850824235316768,0.1340780102748384,0.1340780102748384,0.0014527211313453137,0.004961120263173087,0.6867290969771395,-0.01620326981117426,12.77348140184267,0.0,0.7242063492063492,CVX,XOM
2022-12-07,188.6048,133.2546,0.8832466681373552,0.8874740891498867,0.014651759260899233,0.4739679061674183,0.4850824235316768,0.4850824235316768,0.0024509616828041203,0.004928749619955118,0.6907154445133022,-0.013752308128370139,13.350953994955018,0.0,0.7202380952380952,CVX,XOM
2022-12-08,190.2634,134.9556,0.8832466681373552,0.8874740891498867,0.012150422115227322,0.157855803920994,0.4739679061674183,0.4739679061674183,-6.621121255712126e-06,0.004672995785878613,0.6903202118482463,-0.01375892924962585,12.37772280939321,0.0,0.6746031746031746,CVX,XOM
2022-12-09,189.877,135.779,0.8832466681373552,0.8874740891498867,0.004719224351259932,-0.7526478436972741,0.157855803920994,0.157855803920994,-0.0025013371456719113,0.004710633117638203,0.6955427175400252,-0.016260266395297762,10.989588725185625,0.0,0.6765873015873016,CVX,XOM
2022-12-12,191.1732,136.3032,0.8832466681373552,0.8874740891498867,0.00810289231344452,-0.33703572476488525,-0.7526478436972741,0.7526478436972741,-0.00743119776396739,0.004073809625042665,0.6859922043741573,-0.023691464159265152,11.859377285752126,0.0,0.5674603174603174,CVX,XOM
2022-12-13,189.8708,135.2465,0.8832466681373552,0.8874740891498867,0.008173922369071107,-0.32200728088963665,-0.33703572476488525,0.33703572476488525,0.003383667962184589,0.004082677278236282,0.6865214862190769,-0.020307796197080563,11.606347278016885,0.0,0.5674603174603174,CVX,XOM
2022-12-14,192.1481,135.8527,0.8832466681373552,0.8874740891498867,0.016127574350377927,0.6746448094071077,-0.32200728088963665,0.32200728088963665,7.103005562658637e-05,0.003997869742545447,0.6923220416905759,-0.020236766141453977,11.541270768880853,0.0,0.5496031746031745,CVX,XOM
2022-12-15,188.0481,133.8476,0.8832466681373552,0.8874740891498867,0.007755108372876407,-0.4314247480484121,0.6746448094071077,0.6746448094071077,0.00795365198130682,0.004350978833117879,0.7068549696459661,-0.012283114160147157,11.453243873544517,0.0,0.5952380952380952,CVX,XOM
2022-12-16,189.1124,134.8662,0.8832466681373552,0.8874740891498867,0.006670634725372437,-0.636749787809293,-0.4314247480484121,0.4314247480484121,-0.00837246597750152,0.004748751399241185,0.7395568005924417,-0.020655580137648677,10.49841746969704,0.0,0.6726190476190477,CVX,XOM
2022-12-19,188.4317,135.1906,0.8832466681373552,0.8874740891498867,0.0009325745942865282,-1.6146782387629752,-0.636749787809293,0.636749787809293,-0.0010844736475039696,0.004729330863595792,0.7380709686353427,-0.021740053785152647,12.278505423674641,0.0,0.6726190476190477,CVX,XOM
2022-12-20,187.6678,133.804,0.8832466681373552,0.8874740891498867,0.0060198418386345764,-0.982335955056301,-1.6146782387629752,1.6146782387629752,-0.005738060131085909,0.004831080895817762,0.7343099178672524,-0.027478113916238556,11.77115314977291,1.0,0.7003968253968254,CVX,XOM
2022-12-21,188.4594,133.4457,0.8832466681373552,0.8874740891498867,0.01260872572153282,0.06539298243921911,-0.982335955056301,0.982335955056301,0.005087267244348048,0.0049197893939819,0.7321299861639581,-0.022390846671890507,10.941589674774798,0.0,0.7123015873015873,CVX,XOM
2022-12-22,189.4168,132.7828,0.8832466681373552,0.8874740891498867,0.02209557495518677,1.5700010597029328,0.06539298243921911,0.06539298243921911,0.006588883882898244,0.005078792396020238,0.7271391829838201,-0.015801962788992263,10.059328995543309,0.0,0.7281746031746033,CVX,XOM
2022-12-23,189.1246,132.2368,0.8832466681373552,0.8874740891498867,0.024208551826542468,1.806261018453322,1.5700010597029328,1.5700010597029328,0.009486849233653949,0.005170832073297763,0.7138380179904319,-0.006315113555338314,10.989887484846175,1.0,0.7420634920634921,CVX,XOM
2022-12-26,189.701,132.1454,0.8832466681373552,0.8874740891498867,0.027865263375495886,2.1313309812245684,1.806261018453322,1.806261018453322,0.0021129768713556984,0.005150137942509319,0.7032699938314895,-0.004202136683982616,11.326532203063445,2.0,0.7440476190476191,CVX,XOM
2022-12-27,187.4197,130.2861,0.8832466681373552,0.8874740891498867,0.028342136423201048,1.9734975416768248,2.1313309812245684,2.1313309812245684,0.0036567115489534174,0.005177579307972389,0.6956851525807706,-0.0005454251350291983,12.17950823302726,3.0,0.753968253968254,CVX,XOM
2022-12-28,188.6992,130.8739,0.8832466681373552,0.8874740891498867,0.031150930780381003,2.0998866268491025,1.9734975416768248,1.9734975416768248,0.0004768730477051619,0.00516653276156949,0.7126001713100598,-6.855208732403639e-05,14.284414168708144,4.0,0.7400793650793651,CVX,XOM
2022-12-29,189.958,131.8099,0.8832466681373552,0.8874740891498867,0.03147515657464872,1.9311167200157984,2.0998866268491025,2.0998866268491025,0.0028087943571799556,0.005183171679289426,0.706925551880255,0.0,15.594554150370882,5.0,0.748015873015873,CVX,XOM
2022-12-30,189.8678,131.4066,0.8832466681373552,0.8874740891498867,0.033719777554797936,1.9767367036885626,1.9311167200157984,1.9311167200157984,0.00032422579426771847,0.005173197032249625,0.7103984014177243,0.0,16.568461628985474,6.0,0.7440476190476191,CVX,XOM
2023-01-02,189.1176,129.5454,0.8832466681373552,0.8874740891498867,0.04242054035219933,2.5513812231902966,1.9767367036885626,1.9767367036885626,0.0022446209801492145,0.004541652305911743,0.710636560320801,0.0,17.719584103850465,7.0,0.625,CVX,XOM
2023-01-03,188.4427,129.0786,0.8832466681373552,0.8874740891498867,0.04204915140353904,2.2153408882952297,2.5513812231902966,2.5513812231902966,0.008700762797401396,0.004831423687002381,0.7084978811839722,0.0,23.595060718614032,8.0,0.7023809523809523,CVX,XOM
2023-01-04,189.8308,130.1828,0.8832466681373552,0.8874740891498867,0.041828729591349756,1.9677217207510973,2.2153408882952297,2.2153408882952297,-0.0003713889486602895,0.004843101963568199,0.7129160022129827,-0.0003713889486602895,23.47025888000714,9.0,0.6944444444444444,CVX,XOM
2023-01-05,185.9007,127.4452,0.8832466681373552,0.8874740891498867,0.03976985912303377,1.6489327155896285,1.9677217207510973,1.9677217207510973,-0.00022042181218928647,0.004846362582218701,0.7152278027645377,-0.000591810760849576,23.489590361649423,10.0,0.6924603174603174,CVX,XOM
2023-01-06,185.4767,127.3856,0.8832466681373552,0.8874740891498867,0.03790159271573401,1.389184288657922,1.6489327155896285,1.6489327155896285,-0.0020588704683159875,0.004829671761317098,0.7535643775593064,-0.0026506812291655635,23.40189965746471,11.0,0.6527777777777778,CVX,XOM
2023-01-09,183.9226,126.2663,0.8832466681373552,0.8874740891498867,0.037319778428843264,1.2625215090747157,1.389184288657922,1.389184288657922,-0.0018682664072997568,0.004460215757787697,0.7537464046668133,-0.00451894763646532,24.511277601758447,12.0,0.5595238095238095,CVX,XOM
2023-01-10,184.6254,127.0075,0.8832466681373552,0.8874740891498867,0.03593930869950679,1.0965690361404872,1.2625215090747157,1.2625215090747157,-0.0005818142868907472,0.0044672807607438495,0.754413654508962,-0.0051007619233560675,24.008764533241205,13.0,0.5634920634920635,CVX,XOM
2023-01-11,185.3665,126.9048,0.8832466681373552,0.8874740891498867,0.04066326167470091,1.3688900720160184,1.0965690361404872,1.0965690361404872,-0.0013804697293364754,0.004500933720469269,0.7533866300676949,-0.006481231652692543,24.970910047961745,14.0,0.5833333333333334,CVX,XOM
2023-01-12,186.8813,127.4311,0.8832466681373552,0.8874740891498867,0.04512904671485618,1.572828025569243,1.3688900720160184,1.3688900720160184,0.004723952975194123,0.0043166484410553764,0.7456256870289818,-0.0017572786774984195,29.73032894816014,15.0,0.5515873015873016,CVX,XOM
2023-01-13,189.8029,128.2142,0.8832466681373552,0.8874740891498867,0.05520446699580717,2.0537263258802807,1.572828025569243,1.572828025569243,0.004465785040155268,0.0037601433418030243,0.751968555656787,0.0,35.417735707963686,16.0,0.47023809523809523,CVX,XOM
2023-01-16,192.1823,130.102,0.8832466681373552,0.8874740891498867,0.05469097697048131,1.8316266975821949,2.0537263258802807,2.0537263258802807,0.010075420280950986,0.004093748217590763,0.751507362350875,0.0,79.14410818212528,17.0,0.5119047619047619,CVX,XOM
2023-01-17,191.6914,129.7923,0.8832466681373552,0.8874740891498867,0.054248460746782357,1.6513059708379165,1.8316266975821949,1.8316266975821949,-0.0005134900253258579,0.0037134362776234213,0.765591513043139,-0.0005134900253258579,72.75782625078705,18.0,0.43452380952380953,CVX,XOM
2023-01-18,192.2065,130.2039,0.8832466681373552,0.8874740891498867,0.054122065451413626,1.5156362336935756,1.6513059708379165,1.6513059708379165,-0.00044251622369895216,0.0037303218330654105,0.769180611023574,-0.00095600624902481,69.01234764557616,19.0,0.41865079365079366,CVX,XOM
2023-01-19,190.1578,128.8718,0.8832466681373552,0.8874740891498867,0.05253240755741917,1.3218026498412512,1.5156362336935756,1.5156362336935756,-0.00012639529536873084,0.0036403345988123624,0.7770084248097945,-0.0010824015443935409,68.99324159874783,20.0,0.3849206349206349,CVX,XOM
2023-01-20,192.6032,130.0256,0.8832466681373552,0.8874740891498867,0.05739999608743318,1.5048536503118746,1.3218026498412512,1.3218026498412512,-0.0015896578939944561,0.0032970839653978694,0.7792552452803218,-0.002672059438387997,70.37795027668848,21.0,0.3531746031746032,CVX,XOM
2023-01-23,190.0472,129.5692,0.8832466681373552,0.8874740891498867,0.047160927722053714,0.8431719112460832,1.5048536503118746,1.5048536503118746,0.004867588530014011,0.003375503226727385,0.7860674263263628,0.0,122.73886145372491,22.0,0.32936507936507936,CVX,XOM
2023-01-24,189.4732,129.0434,0.8832466681373552,0.8874740891498867,0.047744808241771075,0.8223906091372769,0.8431719112460832,0.8431719112460832,-0.010239068365379467,0.004217907584271166,0.8074022099492887,-0.010239068365379467,47.819296319809105,0.0,0.3492063492063492,CVX,XOM
2023-01-25,191.4706,129.2931,0.8832466681373552,0.8874740891498867,0.056515880493686055,1.2759539037681615,0.8223906091372769,0.8223906091372769,0.0005838805197173613,0.0042173531141612795,0.8079009567360488,-0.009655187845662105,49.73026014631727,0.0,0.34523809523809523,CVX,XOM
2023-01-26,189.8795,127.5389,0.8832466681373552,0.8874740891498867,0.06029461222787713,1.4270899169944624,1.2759539037681615,1.2759539037681615,0.00877107225191498,0.00453551473641601,0.8088106123635318,-0.0008841155937471257,86.8198929309057,1.0,0.4107142857142857,CVX,XOM
2023-01-27,191.1008,127.8214,0.8832466681373552,0.8874740891498867,0.0647423987950475,1.6209722575233312,1.4270899169944624,1.4270899169944624,0.0037787317341910764,0.004561976282976242,0.8125099266284245,0.0,138.89686576329805,2.0,0.40674603174603174,CVX,XOM
2023-01-30,193.3271,129.0748,0.8832466681373552,0.8874740891498867,0.06766486959260565,1.772631568205504,1.6209722575233312,1.6209722575233312,0.004447786567170375,0.004606435356693669,0.8231473144937649,0.0,252.0,3.0,0.4107142857142857,CVX,XOM
2023-01-31,192.9389,129.5037,0.8832466681373552,0.8874740891498867,0.06271077438912709,1.4127326833301486,1.772631568205504,1.772631568205504,0.002922470797558141,0.004321335671437618,0.8325333896459086,0.0,252.0,4.0,0.3333333333333333,CVX,XOM
2023-02-01,190.2228,128.4005,0.8832466681373552,0.8874740891498867,0.056125721551910424,0.8913113603772704,1.4127326833301486,1.4127326833301486,-0.004954095203478559,0.004518864038443174,0.828627557490406,-0.004954095203478559,116.48158835637452,5.0,0.38888888888888884,CVX,XOM
2023-02-02,189.0254,128.2931,0.8832466681373552,0.8874740891498867,0.05055373656902962,0.3870073949858321,0.8913113603772704,0.8913113603772704,-0.006585052837216665,0.004810623209711282,0.828445925892777,-0.011539148040695224,70.97442212643543,0.0,0.4623015873015873,CVX,XOM
2023-02-03,189.1193,129.3085,0.8832466681373552,0.8874740891498867,0.044053941270825625,-0.2433682829875794,0.3870073949858321,0.3870073949858321,-0.005571984982880807,0.004970189034020271,0.8186858668653652,-0.01711113302357603,56.47919669806163,0.0,0.5079365079365079,CVX,XOM
2023-02-06,188.3545,128.313,0.8832466681373552,0.8874740891498867,0.046860515954604054,-0.04679297834515744,-0.2433682829875794,0.2433682829875794,-0.006499795298203992,0.005180417604928984,0.8247213574355228,-0.023610928321780023,44.88889012522466,0.0,0.5198412698412698,CVX,XOM
2023-02-07,188.1518,127.3934,0.8832466681373552,0.8874740891498867,0.05216706922818393,0.41308552725563213,-0.04679297834515744,0.04679297834515744,0.002806574683778429,0.005203912810716339,0.8269049522295423,-0.020804353638001594,46.89304787094459,0.0,0.5257936507936508,CVX,XOM
2023-02-08,189.2623,128.091,0.8832466681373552,0.8874740891498867,0.053205362025919634,0.46763571754187694,0.41308552725563213,0.41308552725563213,0.005306553273579873,0.005287968678237647,0.8253661904783066,-0.015497800364421721,53.470669678297234,0.0,0.5376984126984127,CVX,XOM
2023-02-09,188.9658,127.5785,0.8832466681373552,0.8874740891498867,0.0551954859253172,0.6327320184396656,0.46763571754187694,0.46763571754187694,0.001038292797735707,0.005212083899891842,0.8268486890842591,-0.014459507566686014,52.5936016467909,0.0,0.5257936507936507,CVX,XOM
2023-02-10,189.6244,128.0716,0.8832466681373552,0.8874740891498867,0.05525117436195881,0.5884464010992873,0.6327320184396656,0.6327320184396656,0.0019901238993975667,0.0051484574526862925,0.826327756494126,-0.012469383667288447,45.36828566029553,0.0,0.5099206349206349,CVX,XOM
2023-02-13,191.8853,129.4861,0.8832466681373552,0.8874740891498867,0.05735563258928167,0.7868813290823216,0.5884464010992873,0.5884464010992873,5.568843664160994e-05,0.0046566503038481975,0.8268652277745182,-0.012413695230646837,45.280457140697884,0.0,0.4305555555555556,CVX,XOM
2023-02-14,190.6896,130.2997,0.8832466681373552,0.8874740891498867,0.04554598988062164,-0.6706303922686586,0.7868813290823216,0.7868813290823216,0.0021044582273228585,0.004677061059423912,0.833504957945268,-0.010309237003323979,38.723060899248814,0.0,0.4186507936507936,CVX,XOM
2023-02-15,191.779,131.0157,0.8832466681373552,0.8874740891498867,0.04637934040720104,-0.5963810103052252,-0.6706303922686586,0.6706303922686586,-0.011809642708660029,0.005354148918778231,0.8135840892132292,-0.022118879711984007,28.66682235948927,0.0,0.5773809523809523,CVX,XOM
2023-02-16,195.0655,133.769,0.8832466681373552,0.8874740891498867,0.04491403575989228,-0.8208800603417952,-0.5963810103052252,0.5963810103052252,0.0008333505265794017,0.005360997438079251,0.8147597427044511,-0.021285529185404606,24.89230387261424,0.0,0.5793650793650793,CVX,XOM
2023-02-17,195.3089,134.1184,0.8832466681373552,0.8874740891498867,0.04384601437913993,-1.0187123137027436,-0.8208800603417952,0.8208800603417952,-0.0014653046473087628,0.00535967110103119,0.8331369521370239,-0.02275083383271337,21.8372120767155,0.0,0.5396825396825397,CVX,XOM
2023-02-20,194.3042,133.4038,0.8832466681373552,0.8874740891498867,0.04342979650759293,-1.1483717275430458,-1.0187123137027436,1.0187123137027436,-0.0010680213807523486,0.005223433718501787,0.8330770525408849,-0.023818855213465717,23.109647110812382,1.0,0.5238095238095238,CVX,XOM
2023-02-21,195.1826,134.6541,0.8832466681373552,0.8874740891498867,0.039661420444197404,-1.7465765711310317,-1.1483717275430458,1.1483717275430458,-0.00041621787154699774,0.004740829919738579,0.8300723005333752,-0.024235073085012715,23.55989178165571,2.0,0.44047619047619047,CVX,XOM
2023-02-22,194.6437,135.1301,0.8832466681373552,0.8874740891498867,0.03376492336440773,-2.3995601016620878,-1.7465765711310317,1.7465765711310317,-0.0037683760633955288,0.004799990194491626,0.8243214880169394,-0.028003449148408244,19.195321938358923,3.0,0.48809523809523814,CVX,XOM
2023-02-23,192.9387,134.5106,0.8832466681373552,0.8874740891498867,0.02904469134206078,-2.6218383552885727,-2.3995601016620878,2.3995601016620878,-0.005896497079789675,0.004449841806780075,0.8128965662445891,-0.03389994622819792,17.429044958719942,4.0,0.4107142857142857,CVX,XOM
2023-02-24,190.3021,133.6696,0.8832466681373552,0.8874740891498867,0.020851147900665445,-2.9198364879914687,-2.6218383552885727,2.6218383552885727,-0.0047202320223469485,0.004365066114502655,0.8133437754073305,-0.03862017825054487,17.099799511115332,5.0,0.39682539682539686,CVX,XOM
2023-02-27,191.9772,135.6717,0.8832466681373552,0.8874740891498867,0.016420953099101965,-2.7821183198644657,-2.9198364879914687,2.9198364879914687,-0.008193543441395335,0.004364247787267164,0.8228478276833723,-0.0468137216919402,15.688791557806105,6.0,0.38492063492063494,CVX,XOM
2023-02-28,191.6349,136.0977,0.8832466681373552,0.8874740891498867,0.011854094265706827,-2.664826105378602,-2.7821183198644657,2.7821183198644657,-0.004430194801563481,0.004225187047720889,0.8219807348922519,-0.05124391649350368,15.202861123396087,7.0,0.3650793650793651,CVX,XOM
2023-03-01,189.7124,135.6322,0.8832466681373552,0.8874740891498867,0.004811999662774902,-2.6772570283303385,-2.664826105378602,2.664826105378602,-0.004566858833395138,0.004215056970578581,0.81792628243237,-0.05581077532689882,15.399483337894331,8.0,0.36507936507936506,CVX,XOM
2023-03-02,191.9085,136.7596,0.8832466681373552,0.8874740891498867,0.008975095237583552,-2.128355523092048,-2.6772570283303385,2.6772570283303385,-0.007042094602931925,0.004238086087995302,0.8157725149815602,-0.06285286992983075,15.830063404153517,9.0,0.38095238095238093,CVX,XOM
2023-03-03,191.4585,136.9768,0.8832466681373552,0.8874740891498867,0.005219116340898999,-2.096242756119643,-2.128355523092048,2.128355523092048,0.004163095574808651,0.004419997476571985,0.8160712395827059,-0.058689774355022095,14.147660134203205,10.0,0.41468253968253965,CVX,XOM
2023-03-06,189.7148,136.8916,0.8832466681373552,0.8874740891498867,-0.003377883371487478,-2.259289609925305,-2.096242756119643,2.096242756119643,-0.003755978896684553,0.004322149822677302,0.8215979372425946,-0.06244575325170665,14.242534447987762,11.0,0.38888888888888884,CVX,XOM
2023-03-07,189.5155,136.863,0.8832466681373552,0.8874740891498867,-0.0042435254264763245,-2.0522920525087347,-2.259289609925305,2.259289609925305,-0.008596999712386477,0.004409441389887423,0.8150533247149604,-0.07104275296409313,14.570616361335745,12.0,0.4226190476190476,CVX,XOM
2023-03-08,187.6464,136.091,0.8832466681373552,0.8874740891498867,-0.009134873412659061,-2.0422142545249895,-2.0522920525087347,2.0522920525087347,-0.0008656420549888466,0.004053025874682045,0.8129102884976881,-0.07190839501908197,17.592583739302494,13.0,0.3551587301587302,CVX,XOM
2023-03-09,189.7721,136.449,0.8832466681373552,0.8874740891498867,-0.00020185324963950535,-1.5209964074597229,-2.0422142545249895,2.0422142545249895,-0.004891347986182737,0.003976054072461132,0.8170712440098165,-0.07679974300526471,18.976834109739794,14.0,0.33134920634920634,CVX,XOM
2023-03-10,192.3016,138.0698,0.8832466681373552,0.8874740891498867,0.002559560171660813,-1.3103403733289762,-1.5209964074597229,1.5209964074597229,0.008933020163019556,0.0046523669469651,0.7982511362396814,-0.06786672284224515,16.96271055224496,15.0,0.5376984126984127,CVX,XOM
2023-03-13,191.5773,138.4437,0.8832466681373552,0.8874740891498867,-0.003614106604820755,-1.4786651159476374,-1.3103403733289762,1.3103403733289762,0.0027614134213003183,0.004770406775894107,0.8042830523243141,-0.06510530942094483,16.837439010562154,16.0,0.5535714285714286,CVX,XOM
2023-03-14,193.2247,139.0811,0.8832466681373552,0.8874740891498867,0.0008716843880023362,-1.2052962380873251,-1.4786651159476374,1.4786651159476374,-0.006173666776481568,0.004699871746205054,0.8036174473502272,-0.0712789761974264,17.622768242760653,17.0,0.5396825396825397,CVX,XOM
2023-03-15,192.8636,138.6092,0.8832466681373552,0.8874740891498867,0.002017433049442019,-1.0820054042897538,-1.2052962380873251,1.2052962380873251,0.004485790992823091,0.004519437602446052,0.8064128870871373,-0.06679318520460331,15.760090066321512,18.0,0.4900793650793651,CVX,XOM
2023-03-16,191.906,137.9384,0.8832466681373552,0.8874740891498867,0.001345260722945163,-1.0401611228828755,-1.0820054042897538,1.0820054042897538,0.0011457486614396828,0.004530537104387189,0.8122691991721938,-0.06564743654316363,16.392326082789303,19.0,0.47619047619047616,CVX,XOM
2023-03-17,193.1605,137.61,0.8832466681373552,0.8874740891498867,0.009976434810498702,-0.6114021523533941,-1.0401611228828755,1.0401611228828755,-0.000672172326496856,0.004540413308948752,0.8261993268514642,-0.06631960886966048,17.604805001886515,20.0,0.43452380952380953,CVX,XOM
2023-03-20,191.5574,137.0442,0.8832466681373552,0.8874740891498867,0.005298966110710346,-0.7645776104738247,-0.6114021523533941,0.6114021523533941,0.00863117408755354,0.005114772935745388,0.8172445779260181,-0.057688434782106945,19.045466412699646,0.0,0.5714285714285714,CVX,XOM
2023-03-21,193.8347,137.8673,0.8832466681373552,0.8874740891498867,0.011802890123935761,-0.42392916930826297,-0.7645776104738247,0.7645776104738247,-0.004677468699788356,0.005145789198342706,0.8199033219153019,-0.0623659034818953,20.569851985838813,0.0,0.5654761904761905,CVX,XOM
2023-03-22,191.7223,136.5489,0.8832466681373552,0.8874740891498867,0.009372720070675022,-0.48584334182129857,-0.42392916930826297,0.42392916930826297,0.006503924013225415,0.005438641487760485,0.8124631362257256,-0.05586197946866989,19.83921648015457,0.0,0.6507936507936508,CVX,XOM
2023-03-23,193.4124,137.7092,0.8832466681373552,0.8874740891498867,0.010640152143380988,-0.37232132835311976,-0.48584334182129857,0.48584334182129857,-0.0024301700532607384,0.005346818585980342,0.8174731825247784,-0.058292149521930625,20.561509544324153,0.0,0.6170634920634921,CVX,XOM
2023-03-24,192.2131,137.2848,0.8832466681373552,0.8874740891498867,0.007159398796498628,-0.49619947198430253,-0.37232132835311976,0.37232132835311976,0.0012674320727059651,0.005309933142056418,0.8186824724121353,-0.05702471744922466,20.217398161319906,0.0,0.6111111111111112,CVX,XOM
2023-03-27,192.1395,137.6143,0.8832466681373552,0.8874740891498867,0.00464892487324331,-0.5840902248411125,-0.49619947198430253,0.49619947198430253,-0.0034807533468823593,0.005081596415877581,0.8203840404645514,-0.06050547079610702,20.282545615397005,0.0,0.5615079365079365,CVX,XOM
2023-03-28,190.4283,136.5531,0.8832466681373552,0.8874740891498867,0.0025731982591592484,-0.6547384109714619,-0.5840902248411125,0.5840902248411125,-0.0025104739232553186,0.0050277851150670435,0.8328693427865006,-0.06301594471936234,20.061652790939288,0.0,0.5119047619047619,CVX,XOM
2023-03-29,190.1449,137.5505,0.8832466681373552,0.8874740891498867,-0.005374791392815936,-1.0968517165600913,-0.6547384109714619,0.6547384109714619,-0.0020757266140840613,0.004958060031561514,0.8356799722976769,-0.0650916713334464,21.393965009645058,0.0,0.498015873015873,CVX,XOM
2023-03-30,191.4255,138.0721,0.8832466681373552,0.8874740891498867,-0.0020214973705714456,-0.8389879010314045,-1.0968517165600913,1.0968517165600913,-0.007947989651975185,0.0050216772326401125,0.8256772769744256,-0.07303966098542158,26.537621593538557,1.0,0.5456349206349206,CVX,XOM
2023-03-31,192.7538,138.8075,0.8832466681373552,0.8874740891498867,0.00017920721332931322,-0.6446062351128653,-0.8389879010314045,0.8389879010314045,0.0033532940222444907,0.004986984779212672,0.803798228420122,-0.0696863669631771,25.329958679686538,0.0,0.625,CVX,XOM
2023-04-03,189.9166,137.6231,0.8832466681373552,0.8874740891498867,-0.007044466760874002,-1.2121506848077919,-0.6446062351128653,0.6446062351128653,0.002200704583900759,0.004964434938661286,0.8046956184525574,-0.06748566237927633,24.5147915916575,0.0,0.621031746031746,CVX,XOM
2023-04-04,192.5581,138.9163,0.8832466681373552,0.8874740891498867,-0.0015319401782001307,-0.7144326869245374,-1.2121506848077919,1.2121506848077919,-0.007223673974203315,0.004856867248278301,0.8081862806985438,-0.07470933635347965,29.05479500795019,1.0,0.5972222222222222,CVX,XOM
2023-04-05,195.3738,139.7827,0.8832466681373552,0.8874740891498867,0.007466927345063823,0.3548239145886238,-0.7144326869245374,0.7144326869245374,0.005512526582673871,0.005008624359367162,0.8123091847544283,-0.06919680977080578,26.012842683033927,0.0,0.6111111111111112,CVX,XOM
2023-04-06,192.9224,138.3546,0.8832466681373552,0.8874740891498867,0.0039538934176359675,0.03489044127429083,0.3548239145886238,0.3548239145886238,0.008998867523263954,0.0052219121801894575,0.8137559636841329,-0.060197942247541825,22.65157293472265,0.0,0.6448412698412699,CVX,XOM
2023-04-07,192.7848,138.6848,0.8832466681373552,0.8874740891498867,0.001124857955054459,-0.31847171942662234,0.03489044127429083,0.03489044127429083,-0.0035130339274278555,0.004953924567433345,0.8217976168057097,-0.06371097617496968,23.62104082889352,0.0,0.5575396825396826,CVX,XOM
2023-04-10,194.5282,139.0283,0.8832466681373552,0.8874740891498867,0.007932043539565115,0.9176158218794873,-0.31847171942662234,0.31847171942662234,-0.0028290354625815084,0.004959667342459629,0.8254425634381288,-0.06654001163755119,24.910842316765685,0.0,0.5456349206349206,CVX,XOM
2023-04-11,196.442,140.0332,0.8832466681373552,0.8874740891498867,0.011330513107284723,1.5328759433314276,0.9176158218794873,0.9176158218794873,0.0068071855845106555,0.004968032087440812,0.8147265020807587,-0.05973282605304053,22.925751241531252,0.0,0.6011904761904763,CVX,XOM
2023-04-12,196.8364,140.3325,0.8832466681373552,0.8874740891498867,0.011441398854459273,1.4599252831766265,1.5328759433314276,1.5328759433314276,0.0033984695677196086,0.004930773039073714,0.8170154963199265,-0.056334356485320924,22.192727717971305,1.0,0.5793650793650793,CVX,XOM
2023-04-13,199.2857,141.439,0.8832466681373552,0.8874740891498867,0.016837793254810052,2.1846116014353107,1.4599252831766265,1.4599252831766265,0.00011088574717454946,0.0049293955473522204,0.8168431431524865,-0.056223470738146375,22.35368105144944,2.0,0.5833333333333334,CVX,XOM
2023-04-14,201.7585,142.9735,0.8832466681373552,0.8874740891498867,0.019593228865615764,2.3082043472461207,2.1846116014353107,2.1846116014353107,0.005396394400350779,0.005035313766265758,0.8138171929296555,-0.050827076337795596,21.99070355118775,3.0,0.625,CVX,XOM
2023-04-17,204.6305,143.9521,0.8832466681373552,0.8874740891498867,0.02767397184740439,2.8723089037781224,2.3082043472461207,2.3082043472461207,0.002755435610805712,0.004730537736812632,0.8154258669295222,-0.048071640726989884,20.947185605009594,4.0,0.5376984126984128,CVX,XOM
2023-04-18,200.1548,140.756,0.8832466681373552,0.8874740891498867,0.025485324014436372,2.289820511823368,2.8723089037781224,2.8723089037781224,0.008080742981788624,0.004850626411080666,0.8166414964903392,-0.03999089774520126,21.951071254700405,5.0,0.5753968253968254,CVX,XOM
2023-04-19,199.4874,139.9755,0.8832466681373552,0.8874740891498867,0.027080121950285196,2.2412242823731745,2.289820511823368,2.289820511823368,-0.002188647832968016,0.004736730294157933,0.8377952588109475,-0.042179545578169275,20.77262512266322,6.0,0.44841269841269843,CVX,XOM
2023-04-20,200.5493,139.9663,0.8832466681373552,0.8874740891498867,0.03244747916879298,2.4476824358042952,2.2412242823731745,2.2412242823731745,0.001594797935848824,0.004685364326028379,0.844092710682739,-0.04058474764232045,21.643667241302108,7.0,0.43452380952380953,CVX,XOM
2023-04-21,196.1924,138.6351,0.8832466681373552,0.8874740891498867,0.018964225529688683,1.026906113386002,2.4476824358042952,2.4476824358042952,0.0053673572185077845,0.004786201757506515,0.8423245233235446,-0.03521739042381267,20.05429107364882,8.0,0.4722222222222222,CVX,XOM
2023-04-24,197.0623,138.4295,0.8832466681373552,0.8874740891498867,0.024705465061400034,1.4814487850720321,1.026906113386002,1.026906113386002,-0.013483253639104298,0.005677355497920608,0.8470945902547973,-0.048700644062916965,16.904470189375527,9.0,0.6170634920634921,CVX,XOM
2023-04-25,197.4231,139.0541,0.8832466681373552,0.8874740891498867,0.02253936867734474,1.1847582350941441,1.4814487850720321,1.4814487850720321,0.005741239531711351,0.005736554355754863,0.838536907386333,-0.038005309327727055,17.363287306778318,10.0,0.628968253968254,CVX,XOM
2023-04-26,196.4969,138.0276,0.8832466681373552,0.8874740891498867,0.02441253365006446,1.270780410840026,1.1847582350941441,1.1847582350941441,-0.002166096384055294,0.005739012511995241,0.8403992017118468,-0.03481626391193693,19.144852586790794,11.0,0.628968253968254,CVX,XOM
2023-04-27,198.2444,138.1106,0.8832466681373552,0.8874740891498867,0.03273298797440649,1.8657296308641695,1.270780410840026,1.270780410840026,0.0018731649727197208,0.005360184983569918,0.8342914334265827,-0.03294309893921721,19.314384973544108,12.0,0.6071428571428572,CVX,XOM
2023-04-28,196.3852,137.0625,0.8832466681373552,0.8874740891498867,0.030071000501302514,1.5038609811373278,1.8657296308641695,1.8657296308641695,0.00832045432434203,0.005552420934180001,0.8284564269877868,-0.024622644614875178,22.296239158332124,13.0,0.6408730158730159,CVX,XOM
2023-05-01,194.8068,136.3021,0.8832466681373552,0.8874740891498867,0.02693852924204787,1.1510984868570748,1.5038609811373278,1.5038609811373278,-0.002661987473103977,0.005632709776514921,0.8383379196325697,-0.027284632087979155,21.575403679728023,14.0,0.6170634920634921,CVX,XOM
2023-05-02,196.1493,137.3301,0.8832466681373552,0.8874740891498867,0.027138057975050422,1.1011365791141032,1.1510984868570748,1.1510984868570748,-0.0031324712592546433,0.005381045732314608,0.8422777922966278,-0.030417103347233798,20.705190290383612,15.0,0.5952380952380952,CVX,XOM
2023-05-03,193.8084,136.6947,0.8832466681373552,0.8874740891498867,0.019247697012857223,0.4147112999117523,1.1011365791141032,1.1011365791141032,0.00019952873300255192,0.00531699486090213,0.8494123217681914,-0.030217574614231246,20.35299432609599,16.0,0.5694444444444444,CVX,XOM
2023-05-04,196.5945,137.1336,0.8832466681373552,0.8874740891498867,0.030675945341864796,1.2772530953206886,0.4147112999117523,0.4147112999117523,-0.0078903609621932,0.005389090737020163,0.8491843911826735,-0.038107935576424445,19.806728519393882,0.0,0.5892857142857143,CVX,XOM
2023-05-05,194.4399,135.6801,0.8832466681373552,0.8874740891498867,0.029112510486187126,1.0763180180382241,1.2772530953206886,1.2772530953206886,0.011428248329007573,0.005789409968542375,0.842039922322374,-0.026679687247416872,19.37932669035769,1.0,0.6408730158730158,CVX,XOM
2023-05-08,198.8463,137.7053,0.8832466681373552,0.8874740891498867,0.03837275395617468,1.6659458510805127,1.0763180180382241,1.0763180180382241,-0.00156343485567767,0.005750322646680136,0.8456162140218938,-0.028243122103094542,18.575407102302293,2.0,0.6309523809523809,CVX,XOM
2023-05-09,199.1289,138.2375,0.8832466681373552,0.8874740891498867,0.036369666368456954,1.4045004842748665,1.6659458510805127,1.6659458510805127,0.00926024346998755,0.005888854457943002,0.8513833781976093,-0.008006586451026365,19.491768482684662,3.0,0.6349206349206349,CVX,XOM
2023-05-10,198.814,138.0733,0.8832466681373552,0.8874740891498867,0.035841804820116785,1.2950481084514234,1.4045004842748665,1.4045004842748665,-0.0020030875877177223,0.005920383364908164,0.8657789750015947,-0.010009674038744087,19.72024730397787,4.0,0.5634920634920635,CVX,XOM
2023-05-11,200.6448,138.7816,0.8832466681373552,0.8874740891498867,0.04046726956795155,1.5570140343461147,1.2950481084514234,1.2950481084514234,-0.0005278615483401694,0.005928170439318925,0.8652853141852713,-0.009072230939775494,20.924277724096296,5.0,0.5674603174603174,CVX,XOM
2023-05-12,197.1507,137.1904,0.8832466681373552,0.8874740891498867,0.03313361362627809,0.9217043187927341,1.5570140343461147,1.5570140343461147,0.004625464747834762,0.005903343670261789,0.8642072515180939,-0.0033787448111883833,21.480405329911495,6.0,0.5714285714285714,CVX,XOM
2023-05-15,198.2293,138.0953,0.8832466681373552,0.8874740891498867,0.032755136983364075,0.8589600669700852,0.9217043187927341,0.9217043187927341,-0.007333655941673456,0.00617223590126897,0.8710555326257093,-0.010296182881314841,20.257501513941165,0.0,0.5357142857142857,CVX,XOM
2023-05-16,199.3857,138.3367,0.8832466681373552,0.8874740891498867,0.037021824500164335,1.2024527335939361,0.8589600669700852,0.8589600669700852,-0.0003784766429140163,0.005935701082712012,0.8708154724396585,-0.007712132584587472,20.322408041771567,0.0,0.5257936507936508,CVX,XOM
2023-05-17,199.1086,138.3774,0.8832466681373552,0.8874740891498867,0.03537002411165968,0.9853999663910259,1.2024527335939361,1.2024527335939361,0.0042666875168002605,0.005969513211642634,0.8737692477801039,-0.0034454450677872117,20.684433958725023,1.0,0.5158730158730158,CVX,XOM
2023-05-18,198.4143,138.3013,0.8832466681373552,0.8874740891498867,0.032365084918282605,0.6434177269298466,0.9853999663910259,0.9853999663910259,-0.001651800388504654,0.00598374983612867,0.8779557424237598,-0.005097245456291866,20.41562504102298,0.0,0.4880952380952381,CVX,XOM
2023-05-19,199.224,138.1464,0.8832466681373552,0.8874740891498867,0.03743218023545758,1.183453210979814,0.6434177269298466,0.6434177269298466,-0.0030049391933770764,0.005915074650939985,0.8765955791338947,-0.008102184649668942,19.435244047755226,0.0,0.48214285714285715,CVX,XOM
2023-05-22,201.2482,138.6749,0.8832466681373552,0.8874740891498867,0.044152643726772745,1.9109877340531272,1.183453210979814,1.183453210979814,0.005067095317174974,0.00513121116633628,0.872815496263608,-0.0030350893324939676,19.956993303392117,1.0,0.3829365079365079,CVX,XOM
2023-05-23,203.0116,138.9367,0.8832466681373552,0.8874740891498867,0.05120293681179611,2.5246871687737036,1.9109877340531272,1.9109877340531272,0.006720463491315165,0.005181375244550754,0.8805865510937056,0.0,21.311526809453106,2.0,0.3630952380952381,CVX,XOM
2023-05-24,202.7445,139.4043,0.8832466681373552,0.8874740891498867,0.04690454855889836,1.9186201757297463,2.5246871687737036,2.5246871687737036,0.0070502930850233625,0.00529045025743938,0.8821629604471866,0.0,23.19886531009319,3.0,0.3869047619047619,CVX,XOM
2023-05-25,202.2658,139.6263,0.8832466681373552,0.8874740891498867,0.04312848718773932,1.3799573470501643,1.9186201757297463,1.9186201757297463,-0.004298388252897745,0.0054338298798517325,0.8796847626295146,-0.004298388252897745,21.165658004371174,4.0,0.41666666666666663,CVX,XOM
2023-05-26,201.7052,139.688,0.8832466681373552,0.8874740891498867,0.03996095595556781,0.9248981419906045,1.3799573470501643,1.3799573470501643,-0.003776061371159045,0.005269962234764722,0.8750743861484501,-0.00807444962405679,18.802570023502124,5.0,0.4107142857142857,CVX,XOM
2023-05-29,202.4312,139.7887,0.8832466681373552,0.8874740891498867,0.04291426347465954,1.2173623783055145,0.9248981419906045,0.9248981419906045,-0.0031675312321715055,0.005286349757474904,0.876030641902452,-0.011241980856228295,18.867667380867147,0.0,0.40476190476190477,CVX,XOM
2023-05-30,204.0899,141.9419,0.8832466681373552,0.8874740891498867,0.03750899968239185,0.488661771575977,1.2173623783055145,1.2173623783055145,0.00295330751909173,0.005243800534965944,0.8813846063635135,-0.008288673337136565,19.09316639568452,1.0,0.376984126984127,CVX,XOM
2023-05-31,201.1295,140.7332,0.8832466681373552,0.8874740891498867,0.03048700291812878,-0.4305311695310001,0.488661771575977,0.488661771575977,-0.005405263792267689,0.005415299292641115,0.8695581739777527,-0.013693937129404254,19.843095743385646,0.0,0.49007936507936506,CVX,XOM
2023-06-01,202.222,142.066,0.8832466681373552,0.8874740891498867,0.02753893963977827,-0.7830307535829226,-0.4305311695310001,0.4305311695310001,-0.007021996764263072,0.005350802242441996,0.871652149111522,-0.020715933893667327,17.90762801955394,0.0,0.4503968253968254,CVX,XOM
2023-06-02,203.0345,143.3441,0.8832466681373552,0.8874740891498867,0.023600271289663688,-1.3509675209624206,-0.7830307535829226,0.7830307535829226,-0.00294806327835051,0.004777718962020515,0.8716462806788016,-0.023663997172017837,17.420441579075618,0.0,0.3115079365079365,CVX,XOM
2023-06-05,203.0708,142.7048,0.8832466681373552,0.8874740891498867,0.027745938736595477,-0.8267546151809883,-1.3509675209624206,1.3509675209624206,-0.0039386683501145825,0.004840317916294423,0.8633716500398156,-0.02760266552213242,16.11361056747862,1.0,0.39682539682539686,CVX,XOM
2023-06-06,206.8349,144.8095,0.8832466681373552,0.8874740891498867,0.03311870127363381,-0.15931988622900484,-0.8267546151809883,0.8267546151809883,0.004145667446931789,0.0044490492188531084,0.8654859229861246,-0.02345699807520063,16.858409446923115,0.0,0.2698412698412699,CVX,XOM
2023-06-07,208.1314,146.1314,0.8832466681373552,0.8874740891498867,0.031302828124620596,-0.4591702604252342,-0.15931988622900484,0.15931988622900484,0.005372762537038334,0.004614396048314714,0.8723219823015943,-0.018084235538162297,18.06082830717719,0.0,0.2579365079365079,CVX,XOM
2023-06-08,210.7209,148.1527,0.8832466681373552,0.8874740891498867,0.03147624462692811,-0.42724487428041197,-0.4591702604252342,0.4591702604252342,-0.001815873149013214,0.004628013064606749,0.8708661810108264,-0.01990010868717551,19.68930154529646,0.0,0.27182539682539686,CVX,XOM
2023-06-09,208.7756,148.6833,0.8832466681373552,0.8874740891498867,0.0190289694805017,-2.0210581998816752,-0.42724487428041197,0.42724487428041197,0.0001734165023075107,0.004494404502661243,0.8713884749271207,-0.019726692184868,19.861959811912918,0.0,0.23412698412698413,CVX,XOM
2023-06-12,209.1525,149.2297,0.8832466681373552,0.8874740891498867,0.017577206700214454,-2.0440757051102723,-2.0210581998816752,2.0210581998816752,-0.012447275146426406,0.004996200871269045,0.8643763565081124,-0.032173967331294406,19.753517157747066,1.0,0.43253968253968256,CVX,XOM
2023-06-13,210.753,149.3557,0.8832466681373552,0.8874740891498867,0.024451377284380627,-1.1517898280212895,-2.0440757051102723,2.0440757051102723,-0.0014517627802872468,0.004998166686207698,0.86269291351854,-0.03362573011158165,19.998572529972915,2.0,0.4503968253968254,CVX,XOM
2023-06-14,210.1333,149.2557,0.8832466681373552,0.8874740891498867,0.022101037571970572,-1.4861877497627194,-1.1517898280212895,1.1517898280212895,0.006874170584166173,0.005158976034739318,0.8589016062000743,-0.02675155952741548,19.063800650766346,3.0,0.5119047619047619,CVX,XOM
2023-06-15,210.0622,149.981,0.8832466681373552,0.8874740891498867,0.01746043601495728,-1.8966735168657718,-1.4861877497627194,1.4861877497627194,-0.0023503397124100545,0.005168141995685092,0.8548057364528522,-0.029101899239825535,19.194220994355327,4.0,0.5317460317460317,CVX,XOM
2023-06-16,212.0264,150.2602,0.8832466681373552,0.8874740891498867,0.02511699536623091,-0.954576932291665,-1.8966735168657718,1.8966735168657718,-0.004640601557013291,0.005217256123908865,0.8500767383057384,-0.033742500796838826,19.54125477024976,5.0,0.5575396825396826,CVX,XOM
2023-06-19,209.2737,149.0749,0.8832466681373552,0.8874740891498867,0.01907759900925754,-1.5359013435974533,-0.954576932291665,0.954576932291665,0.0076565593512736285,0.005389187853582108,0.8451024206887904,-0.026085941445565197,18.0511680052159,0.0,0.6150793650793651,CVX,XOM
2023-06-20,211.7589,149.619,0.8832466681373552,0.8874740891498867,0.02764975337507991,-0.5250013710944615,-1.5359013435974533,1.5359013435974533,-0.00603939635697337,0.005236038047901073,0.8505006989400576,-0.03212533780253857,18.25151207523574,1.0,0.5615079365079365,CVX,XOM
2023-06-21,216.1601,150.5374,0.8832466681373552,0.8874740891498867,0.042789833187518944,1.1479496024766045,-0.5250013710944615,0.5250013710944615,0.008572154365822371,0.005365619058166552,0.8443001944735555,-0.023553183436716196,17.34142348684809,0.0,0.6091269841269842,CVX,XOM
2023-06-22,217.5767,151.7095,0.8832466681373552,0.8874740891498867,0.04243872400903381,1.0935262816557592,1.1479496024766045,1.1479496024766045,0.015140079812439033,0.006377438008606527,0.8466117196411842,-0.008413103624277163,17.401749731539045,1.0,0.7202380952380952,CVX,XOM
2023-06-23,219.4432,152.1432,0.8832466681373552,0.8874740891498867,0.04844727131037718,1.623119142149181,1.0935262816557592,1.0935262816557592,-0.0003511091784851317,0.0063250363821723546,0.8460830487707642,-0.008764212802762295,17.595776568574596,2.0,0.7103174603174602,CVX,XOM
2023-06-26,217.6924,152.3088,0.8832466681373552,0.8874740891498867,0.039471455119787,0.647292705656727,1.623119142149181,1.623119142149181,0.00600854730134337,0.006413322081919983,0.844318450060825,-0.0027556655014189246,18.60662285004247,3.0,0.7242063492063492,CVX,XOM
2023-06-27,214.5477,151.4313,0.8832466681373552,0.8874740891498867,0.030048298648834404,-0.31614262089389294,0.647292705656727,0.647292705656727,-0.00897581619059018,0.006698751691399043,0.8323247658094377,-0.011731481692009105,16.98959610837444,0.0,0.7658730158730158,CVX,XOM
2023-06-28,211.7128,149.9866,0.8832466681373552,0.8874740891498867,0.025254261964591684,-0.7762281163626719,-0.31614262089389294,0.31614262089389294,-0.009423156470952598,0.006909609356343162,0.8308513903087457,-0.021154638162961703,15.807696082342986,0.0,0.7698412698412698,CVX,XOM
2023-06-29,210.5414,148.4772,0.8832466681373552,0.8874740891498867,0.028682328307742644,-0.4061437883867708,-0.7762281163626719,0.7762281163626719,-0.0047940366842427196,0.006818879682246594,0.8370774551237037,-0.025948674847204423,15.264147783662931,0.0,0.748015873015873,CVX,XOM
2023-06-30,211.1241,148.8867,0.8832466681373552,0.8874740891498867,0.02900184846439746,-0.3447103651597302,-0.4061437883867708,0.4061437883867708,0.0034280663431509595,0.006834861652553889,0.8288938066053918,-0.022520608504053463,13.891217442056881,0.0,0.7678571428571428,CVX,XOM
2023-07-03,211.0952,148.9995,0.8832466681373552,0.8874740891498867,0.028192836501642837,-0.3826244122300852,-0.3447103651597302,0.3447103651597302,0.0003195201566548178,0.006773116623951337,0.8300553853751995,-0.022201088347398645,13.710922556551472,0.0,0.7599206349206349,CVX,XOM
2023-07-04,209.3593,148.7116,0.8832466681373552,0.8874740891498867,0.021651989751025447,-1.034676744072725,-0.3826244122300852,0.3826244122300852,-0.0008090119627546244,0.006717212903155442,0.8319371077063594,-0.02301010031015327,13.517823156881239,0.0,0.751984126984127,CVX,XOM
2023-07-05,205.7316,146.1212,0.8832466681373552,0.8874740891498867,0.019767571776728055,-1.1871350073912326,-1.034676744072725,1.034676744072725,-0.006540846750617391,0.006744519237445702,0.8290249822261342,-0.02955094706077066,13.261802434001183,1.0,0.7579365079365079,CVX,XOM
2023-07-06,203.738,145.0945,0.8832466681373552,0.8874740891498867,0.01628774165473601,-1.494724231537783,-1.1871350073912326,1.1871350073912326,-0.001884417974297392,0.006745167149154301,0.8384116600856485,-0.03143536503506805,13.322524487841962,2.0,0.7261904761904762,CVX,XOM
2023-07-07,203.6671,145.6503,0.8832466681373552,0.8874740891498867,0.012546615338578704,-1.7763077355228312,-1.494724231537783,1.494724231537783,-0.0034798301219920447,0.006771791925402844,0.838383698549858,-0.0349151951570601,12.503298073956485,3.0,0.7261904761904762,CVX,XOM
2023-07-10,202.8698,145.7117,0.8832466681373552,0.8874740891498867,0.008250168469775332,-2.0756060519333563,-1.7763077355228312,1.7763077355228312,-0.003741126316157306,0.006267528103356906,0.8321717953211323,-0.0386563214732174,14.455414568411172,4.0,0.7123015873015873,CVX,XOM
2023-07-11,203.3212,145.7661,0.8832466681373552,0.8874740891498867,0.010141501392144647,-1.7137225476951263,-2.0756060519333563,2.0756060519333563,-0.004296446868803372,0.0063235329314674125,0.8293782203188915,-0.042952768342020775,14.674044809409095,5.0,0.7222222222222222,CVX,XOM
2023-07-12,201.1735,144.6059,0.8832466681373552,0.8874740891498867,0.006614183948527419,-1.8884852150421416,-1.7137225476951263,1.7137225476951263,0.0018913329223693154,0.006124440172028474,0.8132028926245916,-0.04106143541965146,12.966450275025249,6.0,0.7876984126984128,CVX,XOM
2023-07-13,203.3518,146.0687,0.8832466681373552,0.8874740891498867,0.008451567738535282,-1.5680483660220703,-1.8884852150421416,1.8884852150421416,-0.0035273174436172283,0.00614548499161905,0.8183219164080487,-0.04458875286326869,12.277159175996726,7.0,0.751984126984127,CVX,XOM
2023-07-14,201.7728,146.0914,0.8832466681373552,0.8874740891498867,0.0005184872362979931,-2.087360970958576,-1.5680483660220703,1.5680483660220703,0.0018373837900078627,0.0061037474489109185,0.8251650900880617,-0.042751369073260825,10.922613984404236,8.0,0.7242063492063493,CVX,XOM
2023-07-17,202.9392,146.3888,0.8832466681373552,0.8874740891498867,0.004477796964126313,-1.5922713317919273,-2.087360970958576,2.087360970958576,-0.007933080502237289,0.006013439859295634,0.8157534718709482,-0.050684449575498114,10.492183071326954,9.0,0.7638888888888888,CVX,XOM
2023-07-18,206.068,148.3451,0.8832466681373552,0.8874740891498867,0.007996167512431818,-1.2035151856665325,-1.5922713317919273,1.5922713317919273,0.00395930972782832,0.006008442490007833,0.8194664830704862,-0.046725139847669794,10.484960308102004,10.0,0.7341269841269842,CVX,XOM
2023-07-19,207.5708,149.4757,0.8832466681373552,0.8874740891498867,0.00852427619055085,-1.083261069772854,-1.2035151856665325,1.2035151856665325,0.003518370548305505,0.005710819832051933,0.828074535477295,-0.04320676929936429,10.906531147391524,11.0,0.6527777777777777,CVX,XOM
2023-07-20,208.2769,149.7195,0.8832466681373552,0.8874740891498867,0.01047391273393039,-0.8606668034407228,-1.083261069772854,1.083261069772854,0.0005281086781190325,0.0043813975919758455,0.8303864794691258,-0.04267866062124526,11.472376664766628,12.0,0.3392857142857143,CVX,XOM
2023-07-21,209.028,149.4172,0.8832466681373552,0.8874740891498867,0.0158674010905564,-0.3991431246338439,-0.8606668034407228,0.8606668034407228,0.0019496365433795404,0.00444538898184666,0.836546778555695,-0.040729024077865716,12.112818923748469,0.0,0.3273809523809524,CVX,XOM
2023-07-24,207.4723,149.2824,0.8832466681373552,0.8874740891498867,0.009198039162054528,-0.9203846855035192,-0.3991431246338439,0.3991431246338439,0.005393488356626008,0.004394495424930397,0.8282523924129452,-0.03533553572123971,11.184758006681003,0.0,0.35912698412698413,CVX,XOM
2023-07-25,208.6822,149.9734,0.8832466681373552,0.8874740891498867,0.010914251422641463,-0.7362203482259724,-0.9203846855035192,0.9203846855035192,-0.006669361928501871,0.004227264626979822,0.8241292960962716,-0.04200489764974158,10.51005076853991,0.0,0.3551587301587302,CVX,XOM
2023-07-26,206.9465,149.5572,0.8832466681373552,0.8874740891498867,0.00502834192390722,-1.1450215343225267,-0.7362203482259724,0.7362203482259724,0.0017162122605869357,0.003866931785682388,0.823661448342873,-0.040288685389154644,9.942759515570332,0.0,0.32142857142857145,CVX,XOM
2023-07-27,206.5255,149.005,0.8832466681373552,0.8874740891498867,0.006274752788768545,-0.9983018688617772,-1.1450215343225267,1.1450215343225267,-0.005885909498734243,0.003927948368346647,0.8225025350063295,-0.04617459488788889,9.611310356863568,1.0,0.3273809523809524,CVX,XOM
2023-07-28,208.357,150.3866,0.8832466681373552,0.8874740891498867,0.0069129187699159544,-0.8915862772177446,-0.9983018688617772,0.9983018688617772,0.0012464108648613248,0.0038322766661713207,0.8304998848139742,-0.04492818402302756,9.154702656850795,0.0,0.26785714285714285,CVX,XOM
2023-07-31,208.7432,150.5229,0.8832466681373552,0.8874740891498867,0.007960771727933746,-0.7731074012346209,-0.8915862772177446,0.8915862772177446,0.0006381659811474094,0.003838886445899042,0.8276300634341518,-0.04429001804188015,8.470711430301925,0.0,0.29563492063492064,CVX,XOM
2023-08-01,212.7255,152.6279,0.8832466681373552,0.8874740891498867,0.014533610779279726,-0.23500899426578056,-0.7731074012346209,0.7731074012346209,0.001047852958017792,0.0038672580522762087,0.8138728885385638,-0.04324216508386236,9.824835747090422,0.0,0.38095238095238093,CVX,XOM
2023-08-02,214.812,153.3869,0.8832466681373552,0.8874740891498867,0.019891871946634332,0.25822770718143667,-0.23500899426578056,0.23500899426578056,0.00657283905134598,0.003984134097447327,0.8257996806193831,-0.03666932603251638,9.108244299202623,0.0,0.3134920634920635,CVX,XOM
2023-08-03,217.9695,154.7344,0.8832466681373552,0.8874740891498867,0.026721398979635325,0.934768353686731,0.25822770718143667,0.25822770718143667,0.0053582611673546054,0.004154270183782173,0.825393739477159,-0.031311064865161775,8.886235366607764,0.0,0.3392857142857143,CVX,XOM
2023-08-04,218.718,155.5408,0.8832466681373552,0.8874740891498867,0.025536412359261185,1.0413351250129803,0.934768353686731,0.934768353686731,0.006829527033000993,0.004325795587413605,0.8282673892500381,-0.024481537832160782,8.767689751465943,0.0,0.34325396825396826,CVX,XOM
2023-08-07,220.3141,156.0757,0.8832466681373552,0.8874740891498867,0.029760678846296962,1.6268517740363588,1.0413351250129803,1.0413351250129803,-0.00118498662037414,0.004234764665158538,0.8150314552739575,-0.025666524452534922,8.579796329624003,1.0,0.42063492063492064,CVX,XOM
2023-08-08,219.6794,155.1811,0.8832466681373552,0.8874740891498867,0.03197712281169274,1.8438467703457546,1.6268517740363588,1.6268517740363588,0.004224266487035777,0.004143375710345091,0.8138548787154621,-0.021442257965499145,8.897230242000527,2.0,0.4087301587301587,CVX,XOM
2023-08-09,218.4568,154.578,0.8832466681373552,0.8874740891498867,0.029852018283763826,1.5576779667805847,1.8438467703457546,1.8438467703457546,0.0022164439653957757,0.004147180451005755,0.8145140671308406,-0.01922581400010337,9.498000474713093,3.0,0.40674603174603174,CVX,XOM
2023-08-10,220.3085,155.7947,0.8832466681373552,0.8874740891498867,0.03133451615477867,1.6829516456415876,1.5576779667805847,1.5576779667805847,-0.0021251045279289116,0.004079804441881744,0.8165008645403545,-0.02135091852803228,9.70697613532505,4.0,0.37896825396825395,CVX,XOM
2023-08-11,221.0815,156.4363,0.8832466681373552,0.8874740891498867,0.03118976480604463,1.6402868251521812,1.6829516456415876,1.6829516456415876,0.0014824978710148429,0.00407759909287507,0.818123305856658,-0.019868420657017438,10.282266170119723,5.0,0.3611111111111111,CVX,XOM
2023-08-14,223.5318,157.058,0.8832466681373552,0.8874740891498867,0.038692080929656036,2.24277709441544,1.6402868251521812,1.6402868251521812,-0.00014475134873404016,0.003526815681073335,0.8223569918375746,-0.02001317200575148,10.36313652432992,6.0,0.2996031746031746,CVX,XOM
2023-08-15,221.3302,154.8637,0.8832466681373552,0.8874740891498867,0.04128067207279251,2.227583005997207,2.24277709441544,2.24277709441544,0.007502316123611408,0.0037274836866668247,0.8217089128286361,-0.01251085588214007,10.892392971521966,7.0,0.3134920634920635,CVX,XOM
2023-08-16,218.4436,153.1176,0.8832466681373552,0.8874740891498867,0.03821600226945332,1.7906262320025708,2.227583005997207,2.227583005997207,0.002588591143136476,0.0037104077582574987,0.8272053796899869,-0.00716659923758467,10.928279264980057,8.0,0.26785714285714285,CVX,XOM
2023-08-17,215.3795,151.2767,0.8832466681373552,0.8874740891498867,0.034824303101850695,1.3996410019278889,1.7906262320025708,1.7906262320025708,-0.003064669803339193,0.003845574074130857,0.8372616730488268,-0.010231269040923863,10.942880073627924,9.0,0.22420634920634921,CVX,XOM
2023-08-18,213.7245,149.3809,0.8832466681373552,0.8874740891498867,0.03830262188869682,1.5515225488635203,1.3996410019278889,1.3996410019278889,-0.0033916991676026242,0.003986879695379,0.8462723580735849,-0.013622968208526487,10.299615633115264,10.0,0.20436507936507936,CVX,XOM
2023-08-21,215.026,149.3387,0.8832466681373552,0.8874740891498867,0.04462451671311207,1.8568983565317043,1.5515225488635203,1.5515225488635203,0.003478318786846124,0.003907641859093621,0.8451656840153668,-0.010144649421680363,9.756320294331077,11.0,0.20238095238095238,CVX,XOM
2023-08-22,217.5573,150.9879,0.8832466681373552,0.8874740891498867,0.046580861106275684,1.8171249987753182,1.8568983565317043,1.8568983565317043,0.006321894824415253,0.003628322302702156,0.8419887468145373,-0.00382275459726511,10.065433704549429,12.0,0.1884920634920635,CVX,XOM
2023-08-23,218.6291,151.3429,0.8832466681373552,0.8874740891498867,0.04941111998771319,1.8362544072147904,1.8171249987753182,1.8171249987753182,0.0019563443931636115,0.003628517374731276,0.851141446547003,-0.0018664102041014985,9.46257549391505,13.0,0.15476190476190477,CVX,XOM
2023-08-24,217.5809,149.7263,0.8832466681373552,0.8874740891498867,0.054135897135755506,1.9469932507687346,1.8362544072147904,1.8362544072147904,0.0028302588814375085,0.003176499680201335,0.846363515973427,0.0,11.37561931594914,14.0,0.15079365079365079,CVX,XOM
2023-08-25,216.9546,149.5807,0.8832466681373552,0.8874740891498867,0.05211671292479014,1.6879427104067093,1.9469932507687346,1.9469932507687346,0.004724777148042314,0.0032134877932232676,0.8449486092821198,0.0,12.991880734696831,15.0,0.16269841269841268,CVX,XOM
2023-08-28,215.9999,148.9927,0.8832466681373552,0.8874740891498867,0.05120206789917514,1.517048387130276,1.6879427104067093,1.6879427104067093,-0.0020191842109653635,0.0033359049118084965,0.8486103479167304,-0.0020191842109653635,11.45723529033629,16.0,0.1488095238095238,CVX,XOM
2023-08-29,219.3323,151.1087,0.8832466681373552,0.8874740891498867,0.053996776115549316,1.5690802038467995,1.517048387130276,1.517048387130276,-0.0009146450256150018,0.003398400188950514,0.8520243147625741,-0.0029338292365803653,12.064101366994286,17.0,0.14087301587301587,CVX,XOM
2023-08-30,214.4726,148.1693,0.8832466681373552,0.8874740891498867,0.049024294005490354,1.179289306692394,1.5690802038467995,1.5690802038467995,0.0027947082163741754,0.0032497236152903195,0.8496053489034555,-0.00013912102020618988,12.923772783798189,18.0,0.14087301587301587,CVX,XOM
2023-08-31,215.1143,147.4695,0.8832466681373552,0.8874740891498867,0.0562132655291121,1.5126023506985913,1.179289306692394,1.179289306692394,-0.004972482110058962,0.003483251765806695,0.8655927082038004,-0.005111603130265152,11.560170419211127,19.0,0.10515873015873015,CVX,XOM
2023-09-01,217.4566,149.6266,0.8832466681373552,0.8874740891498867,0.05415560170586531,1.2901589240639297,1.5126023506985913,1.5126023506985913,0.0071889715236217455,0.003511738319372764,0.8563700934178526,0.0,15.080397447229702,20.0,0.14484126984126983,CVX,XOM
2023-09-04,218.3537,150.3719,0.8832466681373552,0.8874740891498867,0.05386294233296951,1.1962580844502417,1.2901589240639297,1.2901589240639297,-0.0020576638232467914,0.0035497289845833452,0.8733087603769382,-0.0020576638232467914,13.773131894560015,21.0,0.06944444444444445,CVX,XOM
2023-09-05,221.3266,151.1358,0.8832466681373552,0.8874740891498867,0.06288913706821297,1.6298960414060473,1.1962580844502417,1.1962580844502417,-0.00029265937289579824,0.0035082736788815514,0.8740025502660042,-0.0023503231961425897,15.153727766427364,22.0,0.05952380952380952,CVX,XOM
2023-09-06,218.6674,150.9248,0.8832466681373552,0.8874740891498867,0.05204141654610961,0.9179082940063059,1.6298960414060473,1.6298960414060473,0.009026194735243465,0.003898638067676604,0.8749769225611264,0.0,18.595304712457562,23.0,0.08928571428571429,CVX,XOM
2023-09-07,219.9831,151.8279,0.8832466681373552,0.8874740891498867,0.05274566798977176,0.9185289782041756,0.9179082940063059,0.9179082940063059,-0.010847720522103366,0.004692034251970555,0.8669494025901833,-0.010847720522103366,13.917973813855198,0.0,0.2757936507936508,CVX,XOM
2023-09-08,220.4155,152.7916,0.8832466681373552,0.8874740891498867,0.04909406596145249,0.6238031853445231,0.9185289782041756,0.9185289782041756,0.0007042514436621516,0.004692006378985581,0.8712981534415514,-0.010143469078441214,13.634198932271381,0.0,0.251984126984127,CVX,XOM
2023-09-11,218.9096,151.8415,0.8832466681373552,0.8874740891498867,0.04777430995490217,0.4765651064217845,0.6238031853445231,0.6238031853445231,-0.0036516020283192674,0.004798465342070172,0.8712940798682807,-0.013795071106760481,12.42655511539065,0.0,0.2837301587301587,CVX,XOM
2023-09-12,217.4723,151.8651,0.8832466681373552,0.8874740891498867,0.04104901169644215,-0.1753963519709541,0.4765651064217845,0.4765651064217845,-0.001319756006550321,0.00457092035190411,0.8704228474691819,-0.015114827113310803,11.763468961000733,0.0,0.24801587301587302,CVX,XOM
2023-09-13,216.3677,151.427,0.8832466681373552,0.8874740891498867,0.03852068340289794,-0.505014087398436,-0.1753963519709541,0.1753963519709541,-0.006725298258460022,0.004798524516477941,0.8693657473564366,-0.021840125371770824,9.720717680854916,0.0,0.30357142857142855,CVX,XOM
2023-09-14,217.0481,151.9411,0.8832466681373552,0.8874740891498867,0.03865249344730248,-0.5567064636637366,-0.505014087398436,0.505014087398436,-0.002528328293544213,0.004782860208379913,0.880420687940409,-0.024368453665315037,9.696107159961718,0.0,0.22817460317460317,CVX,XOM
2023-09-15,216.9577,151.7378,0.8832466681373552,0.8874740891498867,0.039424161009376846,-0.5586662350830729,-0.5567064636637366,0.5567064636637366,0.00013181004440454558,0.004718583874246445,0.8798452910395004,-0.024236643620910492,9.681497133358432,0.0,0.21428571428571427,CVX,XOM
2023-09-18,217.8559,151.7364,0.8832466681373552,0.8874740891498867,0.04356378066379918,-0.15543615115651482,-0.5586662350830729,0.5586662350830729,0.0007716675620743629,0.004660833103509997,0.8814163519533186,-0.02346497605883613,8.5315311398891,0.0,0.19246031746031744,CVX,XOM
2023-09-19,214.6861,151.3476,0.8832466681373552,0.8874740891498867,0.031183834189422832,-1.5938945624576284,-0.15543615115651482,0.15543615115651482,0.004139619654422333,0.0045367611549399925,0.88779294567604,-0.019325356404413796,9.089199888871432,0.0,0.16865079365079363,CVX,XOM
2023-09-20,213.9858,150.9372,0.8832466681373552,0.8874740891498867,0.03032630831292149,-1.7010443037754963,-1.5938945624576284,1.5938945624576284,-0.012379946474376347,0.005240623355182143,0.8796926921460103,-0.03170530287879014,9.231177936108887,1.0,0.3551587301587302,CVX,XOM
2023-09-21,212.6306,150.0879,0.8832466681373552,0.8874740891498867,0.028980818491838534,-1.8206969964908686,-1.7010443037754963,1.7010443037754963,-0.0008575258765013416,0.005175179071159401,0.8764788896466148,-0.032562828755291484,8.666826157276585,2.0,0.3373015873015873,CVX,XOM
2023-09-22,212.1911,149.8072,0.8832466681373552,0.8874740891498867,0.028573055655967572,-1.826461932389598,-1.8206969964908686,1.8206969964908686,-0.001345489821082957,0.005008537685219766,0.8796950007080278,-0.03390831857637444,8.10392201271322,3.0,0.2916666666666667,CVX,XOM
2023-09-25,210.0343,148.2144,0.8832466681373552,0.8874740891498867,0.027843063809223523,-1.7777093003751203,-1.826461932389598,1.826461932389598,-0.00040776283587096174,0.005008601949333419,0.8796378875557901,-0.0343160814122454,8.628632140376947,4.0,0.2976190476190476,CVX,XOM
2023-09-26,209.7497,148.6246,0.8832466681373552,0.8874740891498867,0.024034336566521652,-1.9806323996588033,-1.7777093003751203,1.7777093003751203,-0.0007299918467440492,0.005009247541231274,0.8823561795015619,-0.03504607325898945,8.793433245700998,5.0,0.28174603174603174,CVX,XOM
2023-09-27,207.0123,147.767,0.8832466681373552,0.8874740891498867,0.01603340570749623,-2.4305233387920167,-1.9806323996588033,1.9806323996588033,-0.0038087272427018704,0.004954502962954624,0.883095846414296,-0.03885480050169132,8.701622161235417,6.0,0.25595238095238093,CVX,XOM
2023-09-28,208.1417,148.3336,0.8832466681373552,0.8874740891498867,0.018077855241684482,-2.0502903635033465,-2.4305233387920167,2.4305233387920167,-0.008000930859025424,0.005102444326626664,0.8736618898244276,-0.046855731360716746,9.386917257292568,7.0,0.3373015873015873,CVX,XOM
2023-09-29,206.31,147.6696,0.8832466681373552,0.8874740891498867,0.013220253627975964,-2.1870088907140204,-2.0502903635033465,2.0502903635033465,0.002044449534188253,0.004769180663918621,0.8718825463024544,-0.04481128182652849,9.443509317294623,8.0,0.25396825396825395,CVX,XOM
2023-10-02,206.9441,147.7188,0.8832466681373552,0.8874740891498867,0.015993434093855896,-1.7933713008466023,-2.1870088907140204,2.1870088907140204,-0.004857601613708518,0.004812454347349874,0.874655625757166,-0.04966888344023701,10.415084664545992,9.0,0.2599206349206349,CVX,XOM
2023-10-03,205.8207,147.5135,0.8832466681373552,0.8874740891498867,0.011784398898407211,-1.8922785852873132,-1.7933713008466023,1.7933713008466023,0.002773180465879932,0.0049136512426789705,0.8758582651549218,-0.04689570297435708,10.16869364616528,10.0,0.2738095238095238,CVX,XOM
2023-10-04,209.2349,149.3613,0.8832466681373552,0.8874740891498867,0.01718881523829463,-1.4108753157046086,-1.8922785852873132,1.8922785852873132,-0.004209035195448685,0.004244074846860004,0.8751232475594841,-0.05110473816980576,10.724095073685891,11.0,0.1349206349206349,CVX,XOM
2023-10-05,209.8359,149.7494,0.8832466681373552,0.8874740891498867,0.017754048129824618,-1.2799780576861095,-1.4108753157046086,1.4108753157046086,0.005404416339887419,0.004132962761980319,0.8782403135302498,-0.045700321829918344,10.279965603205005,12.0,0.10515873015873016,CVX,XOM
2023-10-06,211.1104,150.5764,0.8832466681373552,0.8874740891498867,0.01892182598662462,-1.1243495002620496,-1.2799780576861095,1.2799780576861095,0.0005652328915299876,0.004128956646896464,0.8755417546411771,-0.04513508893838836,10.517120424235975,13.0,0.11706349206349206,CVX,XOM
2023-10-09,212.2021,151.4758,0.8832466681373552,0.8874740891498867,0.018794572677863997,-1.0591900494356337,-1.1243495002620496,1.1243495002620496,0.0011677778568000008,0.004151491523265097,0.8822989127263101,-0.043967311081588356,10.882726533276063,14.0,0.09325396825396826,CVX,XOM
2023-10-10,208.9909,149.3579,0.8832466681373552,0.8874740891498867,0.016042183634479734,-1.1597618967955916,-1.0591900494356337,1.0591900494356337,-0.00012725330876062202,0.0041623251883125744,0.8833027853072424,-0.04409456439034898,10.851719758168112,15.0,0.09325396825396826,CVX,XOM
2023-10-11,209.5433,149.8396,0.8832466681373552,0.8874740891498867,0.01582425214583605,-1.0974775886022423,-1.1597618967955916,1.1597618967955916,-0.0027523890433842624,0.0039973066832081,0.8841458461601818,-0.04684695343373324,11.221580992808525,16.0,0.06746031746031746,CVX,XOM
2023-10-12,212.9879,151.3338,0.8832466681373552,0.8874740891498867,0.023323153799089447,-0.558169136165731,-1.0974775886022423,1.0974775886022423,-0.0002179314886436856,0.003992085529281092,0.882999147595685,-0.047064884922376926,11.688439117558563,17.0,0.0734126984126984,CVX,XOM
2023-10-13,211.1907,151.152,0.8832466681373552,0.8874740891498867,0.015916093378202767,-0.9962032963567471,-0.558169136165731,0.558169136165731,0.007498901653253398,0.004409977644314557,0.8860976391539966,-0.03956598326912353,10.99848565137028,0.0,0.13492063492063494,CVX,XOM
2023-10-16,210.9269,151.3505,0.8832466681373552,0.8874740891498867,0.013501495956582232,-1.0991660400154268,-0.9962032963567471,0.9962032963567471,-0.00740706042088668,0.004622472824335005,0.8854916157559082,-0.04697304369001021,11.38466977402716,0.0,0.1765873015873016,CVX,XOM
2023-10-17,212.8876,151.8379,0.8832466681373552,0.8874740891498867,0.01990081895582385,-0.6029470787309703,-1.0991660400154268,1.0991660400154268,-0.0024145974216205346,0.004463649539089252,0.8880542169332502,-0.04938764111163074,11.73754179645444,1.0,0.14484126984126983,CVX,XOM
2023-10-18,214.6312,152.3833,0.8832466681373552,0.8874740891498867,0.024875613269067287,-0.14845116176124215,-0.6029470787309703,0.6029470787309703,0.006399322999241619,0.00403108751299969,0.8856645463294748,-0.04298831811238912,10.913368010072674,0.0,0.07738095238095238,CVX,XOM
2023-10-19,214.0425,150.8672,0.8832466681373552,0.8874740891498867,0.031002922541120803,0.47095030573449576,-0.14845116176124215,0.14845116176124215,0.004974794313243436,0.004206461555716852,0.8867763876392238,-0.03801352379914569,11.425905693693416,0.0,0.10317460317460317,CVX,XOM
2023-10-20,212.2891,149.6486,0.8832466681373552,0.8874740891498867,0.0299748581672743,0.47214729930346466,0.47095030573449576,0.47095030573449576,0.006127309272053516,0.004420978460900825,0.880340243662971,-0.03188621452709217,11.23499195277812,0.0,0.1746031746031746,CVX,XOM
2023-10-23,211.0898,149.7855,0.8832466681373552,0.8874740891498867,0.023497969738007107,-0.10621129856811055,0.47214729930346466,0.47214729930346466,-0.0010280643738465045,0.004426611850991152,0.8807185006901755,-0.032914278900938676,11.242715049152824,0.0,0.17261904761904762,CVX,XOM
2023-10-24,209.3387,149.3099,0.8832466681373552,0.8874740891498867,0.017990246150247913,-0.6646612144104886,-0.10621129856811055,0.10621129856811055,-0.006476888429267191,0.004650103792418069,0.8760417213472389,-0.03939116733020587,11.306519686348564,0.0,0.24206349206349206,CVX,XOM
2023-10-25,210.5112,150.3064,0.8832466681373552,0.8874740891498867,0.01767223176034527,-0.6506167183855532,-0.6646612144104886,0.6646612144104886,-0.005507723587759195,0.004729774636235109,0.8664779785748778,-0.04489889091796506,11.566193457405468,0.0,0.3214285714285714,CVX,XOM
2023-10-26,211.0967,150.0569,0.8832466681373552,0.8874740891498867,0.021924075833050338,-0.06720630720565025,-0.6506167183855532,0.6506167183855532,-0.0003180143899026433,0.004388586700973155,0.8665939882566484,-0.045216905307867705,11.361607253561846,0.0,0.24206349206349206,CVX,XOM
2023-10-27,207.8206,147.812,0.8832466681373552,0.8874740891498867,0.019660177015524916,-0.3036321852926495,-0.06720630720565025,0.06720630720565025,0.004251844072705069,0.004463669374290763,0.8608665207623581,-0.040965061235162636,11.623227890900386,0.0,0.2857142857142857,CVX,XOM
2023-10-30,205.6075,146.3875,0.8832466681373552,0.8874740891498867,0.01754826290155531,-0.5879225782695728,-0.3036321852926495,0.3036321852926495,-0.0022638988175254227,0.004351332382489946,0.8679906555550562,-0.04322896005268806,11.770310837829259,0.0,0.23412698412698413,CVX,XOM
2023-10-31,202.1415,143.5059,0.8832466681373552,0.8874740891498867,0.018191129572587172,-0.42282448357270447,-0.5879225782695728,0.5879225782695728,-0.002111914113969604,0.004343985942756785,0.8704225513828733,-0.04534087416665766,11.803597599897742,0.0,0.22817460317460317,CVX,XOM
2023-11-01,201.5791,143.0219,0.8832466681373552,0.8874740891498867,0.01840327076077397,-0.32894352739431476,-0.42282448357270447,0.42282448357270447,0.0006428666710318609,0.004231844411317939,0.8770274357823254,-0.0446980074956258,11.860862093888256,0.0,0.1626984126984127,CVX,XOM
2023-11-02,201.5804,143.2917,0.8832466681373552,0.8874740891498867,0.01673714415510119,-0.6044475389162273,-0.32894352739431476,0.32894352739431476,0.0002121411881867985,0.004068083056715476,0.8768369149855103,-0.044485866307439004,12.029594577746202,0.0,0.12896825396825395,CVX,XOM
2023-11-03,200.8561,143.4326,0.8832466681373552,0.8874740891498867,0.01226533379465966,-1.447400021841581,-0.6044475389162273,0.6044475389162273,-0.0016661266056727797,0.004083286208418946,0.8738488090910901,-0.04615199291311178,12.016811728962724,0.0,0.16269841269841268,CVX,XOM
2023-11-06,203.1936,144.3406,0.8832466681373552,0.8874740891498867,0.018235375576921342,-0.12877764124034227,-1.447400021841581,1.447400021841581,-0.0044718103604415305,0.004182906694176989,0.8708702472927727,-0.050623803273553314,11.902941980390048,1.0,0.20634920634920634,CVX,XOM
2023-11-07,206.5624,145.9396,0.8832466681373552,0.8874740891498867,0.024901353291588713,1.3485274124921904,-0.12877764124034227,0.12877764124034227,0.005970041782261681,0.0044031760302443755,0.8739960001678198,-0.04465376149129163,10.310813737426457,0.0,0.2261904761904762,CVX,XOM
2023-11-08,206.0705,146.3497,0.8832466681373552,0.8874740891498867,0.020026786696237586,0.2360511476199457,1.3485274124921904,1.3485274124921904,0.0066659777146673704,0.004586448447502085,0.8799714847153419,-0.03798778377662426,10.307495405698756,1.0,0.23412698412698413,CVX,XOM
2023-11-09,203.199,144.5089,0.8832466681373552,0.8874740891498867,0.01722776589147923,-0.38309645219762045,0.2360511476199457,0.2360511476199457,-0.004874566595351126,0.004730038435937717,0.8732519702340282,-0.04286235037197539,10.6927413401107,0.0,0.32341269841269843,CVX,XOM
2023-11-10,205.0965,145.3224,0.8832466681373552,0.8874740891498867,0.021540624685727927,0.5306994193647849,-0.38309645219762045,0.38309645219762045,-0.0027990208047583565,0.0044614551477876584,0.8733490699629834,-0.045661371176733745,11.084511585114933,0.0,0.25595238095238093,CVX,XOM
2023-11-13,204.8872,145.9733,0.8832466681373552,0.8874740891498867,0.01655348156273817,-0.6161855123098638,0.5306994193647849,0.5306994193647849,0.004312858794248697,0.004255019199020303,0.8771441586662951,-0.04134851238248505,10.440275898240488,0.0,0.17857142857142855,CVX,XOM
2023-11-14,205.668,146.189,0.8832466681373552,0.8874740891498867,0.019046692301031065,-0.10515973678636079,-0.6161855123098638,0.6161855123098638,-0.004987143122989757,0.004371848123595859,0.8776137944978243,-0.046335655505474804,11.131616495035146,0.0,0.1984126984126984,CVX,XOM
2023-11-15,205.94,146.5668,0.8832466681373552,0.8874740891498867,0.01807777468048588,-0.34783266518956113,-0.10515973678636079,0.10515973678636079,0.0024932107382928947,0.004171061851870436,0.8730707381747278,-0.04384244476718191,11.512076612384803,0.0,0.2003968253968254,CVX,XOM
2023-11-16,203.312,145.4882,0.8832466681373552,0.8874740891498867,0.011789817315534634,-1.7338072778224713,-0.34783266518956113,0.34783266518956113,-0.0009689176205451844,0.004011678629216212,0.8730827490903068,-0.044811362387727094,11.684459602514565,0.0,0.16865079365079366,CVX,XOM
2023-11-17,207.577,147.1519,0.8832466681373552,0.8874740891498867,0.022459489548226408,0.6925135028501446,-1.7338072778224713,1.7338072778224713,-0.006287957364951247,0.003922493832013003,0.880301800300393,-0.05109931975267834,12.224839795503462,1.0,0.09523809523809523,CVX,XOM
2023-11-20,205.6811,145.9903,0.8832466681373552,0.8874740891498867,0.0203174599159901,0.19118290697148949,0.6925135028501446,0.6925135028501446,0.010669672232691774,0.0046697820012628335,0.8834618054367556,-0.04042964751998657,11.098342285663662,0.0,0.2400793650793651,CVX,XOM
2023-11-21,206.7402,146.3114,0.8832466681373552,0.8874740891498867,0.023503660068118215,0.8606504224800146,0.19118290697148949,0.19118290697148949,-0.0021420296322363086,0.0044782459855627664,0.8847982224790882,-0.042571677152222875,11.104575380737092,0.0,0.19841269841269843,CVX,XOM
2023-11-22,203.7801,144.9675,0.8832466681373552,0.8874740891498867,0.017271497039648587,-0.5762261230313764,0.8606504224800146,0.8606504224800146,0.003186200152128116,0.004358305232079048,0.8783567049941585,-0.03938547700009476,11.042078652933746,0.0,0.20238095238095238,CVX,XOM
2023-11-23,203.8854,143.8307,0.8832466681373552,0.8874740891498867,0.024774884062064295,1.1255387940137196,-0.5762261230313764,0.5762261230313764,-0.006232163028469628,0.004583377957447216,0.8693369950274874,-0.04561764002856439,11.145864010570701,0.0,0.35317460317460314,CVX,XOM
2023-11-24,207.0527,144.6519,0.8832466681373552,0.8874740891498867,0.03513754846137118,2.864768262240948,1.1255387940137196,1.1255387940137196,0.007503387022415708,0.004785244940667653,0.8666557179989196,-0.03811425300614868,11.179174257664307,1.0,0.4186507936507936,CVX,XOM
2023-11-27,205.2629,144.5298,0.8832466681373552,0.8874740891498867,0.0272052238814533,1.2339712406354106,2.864768262240948,2.864768262240948,0.010362664399306887,0.005237651489335047,0.8639586908351337,-0.027751588606841793,10.977479193803143,2.0,0.5535714285714286,CVX,XOM
2023-11-28,206.2792,145.3805,0.8832466681373552,0.8874740891498867,0.026935873680288935,1.1113333635671954,1.2339712406354106,1.2339712406354106,-0.007932324579917882,0.00554272523703967,0.8587702534969903,-0.035683913186759675,10.873422454823196,3.0,0.6051587301587301,CVX,XOM
2023-11-29,208.5606,146.0218,0.8832466681373552,0.8874740891498867,0.03402872770948928,2.2214214857876953,1.1113333635671954,1.1113333635671954,-0.0002693502011643645,0.005544973626327619,0.8605640925773266,-0.025809794309482825,10.839845479317669,4.0,0.6031746031746031,CVX,XOM
2023-11-30,208.5105,146.3733,0.8832466681373552,0.8874740891498867,0.031654742732794006,1.7859723586800824,2.2214214857876953,2.2214214857876953,0.007092854029200346,0.005730680618224362,0.8688979435618471,-0.01871694028028248,10.727229487627264,5.0,0.5813492063492064,CVX,XOM
2023-12-01,210.4287,147.4599,0.8832466681373552,0.8874740891498867,0.034248404015897016,2.1203021773041577,1.7859723586800824,1.7859723586800824,-0.002373984976695276,0.005747846734394716,0.8666380060025398,-0.017439323228658488,11.07283792584618,6.0,0.5932539682539683,CVX,XOM
2023-12-04,208.0508,147.0483,0.8832466681373552,0.8874740891498867,0.025364447364048637,0.6143602383395876,2.1203021773041577,2.1203021773041577,0.0025936612831030104,0.005632267754387312,0.8724915887389022,-0.013525905939005156,11.125365941107574,7.0,0.5396825396825397,CVX,XOM
2023-12-05,205.1711,145.5315,0.8832466681373552,0.8874740891498867,0.02062824799164087,-0.19333311883957205,0.6143602383395876,0.6143602383395876,-0.00888395665184838,0.005913347925001896,0.867363952474338,-0.018199333299750542,11.081220694211444,0.0,0.5992063492063492,CVX,XOM
2023-12-06,204.3911,144.6921,0.8832466681373552,0.8874740891498867,0.021952911159859312,0.005512638002907509,-0.19333311883957205,0.19333311883957205,-0.004736199372407768,0.005826569363816571,0.8757719751783476,-0.02293553267215831,10.996143194306432,0.0,0.5238095238095238,CVX,XOM
2023-12-07,204.7827,145.3744,0.8832466681373552,0.8874740891498867,0.01969193785193024,-0.36447718131428963,0.005512638002907509,0.005512638002907509,0.0013246631682184429,0.005734540163416734,0.8747308136579411,-0.021610869503939867,10.841218286617504,0.0,0.5218253968253969,CVX,XOM
2023-12-08,204.7125,145.5358,0.8832466681373552,0.8874740891498867,0.018364316904011524,-0.5797948287544822,-0.36447718131428963,0.36447718131428963,-0.0022609733079290706,0.005722142916558553,0.8731714504767822,-0.023871842811868937,10.094982195349793,0.0,0.5376984126984127,CVX,XOM
2023-12-11,201.4569,144.2216,0.8832466681373552,0.8874740891498867,0.010383589059511422,-1.7935787157757102,-0.5797948287544822,0.5797948287544822,-0.0013276209479187173,0.0056472089485380865,0.8731008110431854,-0.025199463759787655,11.376111293352842,0.0,0.5337301587301587,CVX,XOM
2023-12-12,201.6525,143.7722,0.8832466681373552,0.8874740891498867,0.014123765888588657,-1.15058641896233,-1.7935787157757102,1.7935787157757102,-0.007980727844500102,0.0058105114510209385,0.8773140671055815,-0.02475395940185976,13.095071208975364,1.0,0.5059523809523809,CVX,XOM
2023-12-13,200.1497,143.573,0.8832466681373552,0.8874740891498867,0.007873903786457248,-1.9467335538023884,-1.15058641896233,1.15058641896233,0.0037401768290772353,0.00584681668871228,0.8847286818995425,-0.021013782572782524,12.797294295187445,2.0,0.4583333333333333,CVX,XOM
2023-12-14,200.8175,142.8095,0.8832466681373552,0.8874740891498867,0.01593690206570919,-0.7519300455113411,-1.9467335538023884,1.9467335538023884,-0.006249862102131409,0.005990964421236201,0.8819557914424137,-0.027263644674913934,13.67598050370081,3.0,0.494047619047619,CVX,XOM
2023-12-15,198.5062,141.5575,0.8832466681373552,0.8874740891498867,0.012175424050039574,-1.3038238250837684,-0.7519300455113411,0.7519300455113411,0.008062998279251943,0.0061141338749776284,0.8715012996253881,-0.01920064639566199,12.284863190692949,0.0,0.6031746031746033,CVX,XOM
2023-12-18,197.7197,140.3245,0.8832466681373552,0.8874740891498867,0.01596943721969346,-0.7305375064485407,-1.3038238250837684,1.3038238250837684,-0.003761478015669617,0.005672439014965157,0.8741877847077687,-0.022962124411331608,12.686200315418164,1.0,0.5138888888888888,CVX,XOM
2023-12-19,197.5711,139.6595,0.8832466681373552,0.8874740891498867,0.0194333363864585,-0.19909972957770203,-0.7305375064485407,0.7305375064485407,0.003794013169653887,0.00573445885697282,0.8685454281844088,-0.01916811124167772,12.466190663315396,0.0,0.5873015873015873,CVX,XOM
2023-12-20,197.2605,140.1069,0.8832466681373552,0.8874740891498867,0.015021522928729603,-0.8128553606108526,-0.19909972957770203,0.19909972957770203,0.0034638991667650387,0.005743013068063995,0.8686055147155938,-0.015704212074912682,12.142555904223386,0.0,0.5932539682539683,CVX,XOM
2023-12-21,197.6821,140.764,0.8832466681373552,0.8874740891498867,0.013004002709888773,-1.0681103198316293,-0.8128553606108526,0.8128553606108526,-0.004411813457728897,0.005660580719061138,0.8661527575454178,-0.02011602553264158,12.203752886504462,0.0,0.5912698412698413,CVX,XOM
2023-12-22,196.9687,140.496,0.8832466681373552,0.8874740891498867,0.01107991949780196,-1.2578459092176737,-1.0681103198316293,1.0681103198316293,-0.002017520218840829,0.00539415651121679,0.8640895375956494,-0.02213354575148241,12.100505642485107,1.0,0.5853174603174603,CVX,XOM
2023-12-25,196.1548,140.0937,0.8832466681373552,0.8874740891498867,0.009484092327978644,-1.402859868756234,-1.2578459092176737,1.2578459092176737,-0.0019240832120868134,0.004776217012067883,0.8639096373216764,-0.024057628963569222,11.82160672869354,2.0,0.4503968253968254,CVX,XOM
2023-12-26,194.2721,139.5468,0.8832466681373552,0.8874740891498867,0.0033110180733482153,-2.008158998070598,-1.402859868756234,1.402859868756234,-0.0015958271698233162,0.004522755910021956,0.8644211540565278,-0.025653456133392538,12.267407252225789,3.0,0.3829365079365079,CVX,XOM
2023-12-27,193.8118,138.6977,0.8832466681373552,0.8874740891498867,0.006355356120272937,-1.5155731469059235,-2.008158998070598,2.008158998070598,-0.0061730742546304285,0.004663346179029722,0.8645887985663329,-0.03182653038802297,12.704136969418686,4.0,0.41468253968253965,CVX,XOM
2023-12-28,191.5066,137.388,0.8832466681373552,0.8874740891498867,0.0028101360484855675,-1.8169413377137382,-1.5155731469059235,1.5155731469059235,0.0030443380469247217,0.00437899122481725,0.8533405643055348,-0.028782192341098245,12.455878370601704,5.0,0.36904761904761907,CVX,XOM
2023-12-29,190.7164,136.764,0.8832466681373552,0.8874740891498867,0.0027153547004754586,-1.6713135386288094,-1.8169413377137382,1.8169413377137382,-0.0035452200717873694,0.004399626527590033,0.8561668688401387,-0.032327412412885614,11.892392221468796,6.0,0.375,CVX,XOM
2024-01-01,190.2833,135.6262,0.8832466681373552,0.8874740891498867,0.007856033077716873,-1.045647321277587,-1.6713135386288094,1.6713135386288094,-9.478134801010896e-05,0.004314510882360385,0.8543603163137514,-0.03242219376089572,12.774235698716966,7.0,0.35119047619047616,CVX,XOM
2024-01-02,189.5311,134.601,0.8832466681373552,0.8874740891498867,0.010629055799102005,-0.7012256306379997,-1.045647321277587,1.045647321277587,0.005140678377241414,0.0042082740101007515,0.8472299800315355,-0.02728151538365431,12.396320121128442,8.0,0.35119047619047616,CVX,XOM
2024-01-03,188.7563,134.4021,0.8832466681373552,0.8874740891498867,0.007845084738410613,-0.9504092542636392,-0.7012256306379997,0.7012256306379997,0.002773022721385132,0.004181970287530965,0.83840070666944,-0.024508492662269177,12.04008192441454,0.0,0.3849206349206349,CVX,XOM
2024-01-04,191.3376,135.476,0.8832466681373552,0.8874740891498867,0.014364808666831763,-0.22955536076056132,-0.9504092542636392,0.9504092542636392,-0.0027839710606913926,0.0041882032303939675,0.837080060075495,-0.02729246372296057,12.693888530593846,0.0,0.3968253968253968,CVX,XOM
2024-01-05,190.2623,134.1989,0.8832466681373552,0.8874740891498867,0.01713473675609034,0.1392222426348479,-0.22955536076056132,0.22955536076056132,0.0065197239284211506,0.004453921580104768,0.8341602701819473,-0.02077273979453942,12.409410117316906,0.0,0.4781746031746032,CVX,XOM
2024-01-08,189.638,134.211,0.8832466681373552,0.8874740891498867,0.013768066805951662,-0.2008771874392786,0.1392222426348479,0.1392222426348479,0.0027699280892585776,0.004494449882763731,0.8379867891049586,-0.01800281170528084,11.615118582934638,0.0,0.4742063492063492,CVX,XOM
2024-01-09,188.458,133.6673,0.8832466681373552,0.8874740891498867,0.011128779390078058,-0.4631441314638332,-0.2008771874392786,0.2008771874392786,-0.0033666699501386788,0.004190148586177384,0.837405332212625,-0.02136948165541952,11.982634710275073,0.0,0.39285714285714285,CVX,XOM
2024-01-10,189.5124,133.6903,0.8832466681373552,0.8874740891498867,0.016555373085685332,0.29443132911695186,-0.4631441314638332,0.4631441314638332,-0.0026392874158736035,0.00414878329218461,0.8365120625685883,-0.024008769071293123,11.482584553088751,0.0,0.3869047619047619,CVX,XOM
2024-01-11,190.3321,133.7255,0.8832466681373552,0.8874740891498867,0.02063771963815242,0.9720840666278461,0.29443132911695186,0.29443132911695186,0.0054265936956072736,0.004070106268258795,0.8331648211723737,-0.01858217537568585,10.972610468128277,0.0,0.3829365079365079,CVX,XOM
2024-01-12,186.8938,132.2735,0.8832466681373552,0.8874740891498867,0.012096767149777143,-0.20312756625368167,0.9720840666278461,0.9720840666278461,0.0040823465524670866,0.003779103226883418,0.841377314024259,-0.014499828823218763,10.65676894504192,0.0,0.3115079365079365,CVX,XOM
2024-01-15,184.6104,131.2536,0.8832466681373552,0.8874740891498867,0.0066733059120380744,-1.1112192482200185,-0.20312756625368167,0.20312756625368167,-0.008540952488375275,0.004156537931272869,0.8447061969974022,-0.02304078131159404,10.940116282270195,0.0,0.35714285714285715,CVX,XOM
2024-01-16,185.9695,131.6997,0.8832466681373552,0.8874740891498867,0.01099712854713708,-0.2549148691122886,-1.1112192482200185,1.1112192482200185,-0.005423461237739069,0.004220396627266762,0.8523088479396346,-0.028464242549333107,12.543171184177973,1.0,0.3392857142857143,CVX,XOM
2024-01-17,186.0869,132.5289,0.8832466681373552,0.8874740891498867,0.006058069752443274,-1.155366063744704,-0.2549148691122886,0.2549148691122886,0.004323822635099006,0.004264353534243024,0.8560169762932845,-0.0241404199142341,12.436228657732622,0.0,0.3492063492063492,CVX,XOM
2024-01-18,183.9961,130.3928,0.8832466681373552,0.8874740891498867,0.009179696718722319,-0.4741639644531645,-1.155366063744704,1.155366063744704,-0.004939058794693807,0.004290487912726834,0.8489995401979369,-0.02907947870892791,13.706583127677138,1.0,0.376984126984127,CVX,XOM
2024-01-19,185.4266,130.0835,0.8832466681373552,0.8874740891498867,0.01903189700519725,1.5837814905930971,-0.4741639644531645,0.4741639644531645,0.0031216269662790452,0.004342383023725226,0.84823178192342,-0.025957851742648863,13.21751117687414,0.0,0.38888888888888884,CVX,XOM
2024-01-22,186.9722,130.9485,0.8832466681373552,0.8874740891498867,0.021450931813684626,1.8864128306760017,1.5837814905930971,1.5837814905930971,0.009852200286474933,0.004837660226154379,0.8320831674762382,-0.01610565145617393,11.78464803196953,1.0,0.6091269841269842,CVX,XOM
2024-01-23,186.2316,131.0539,0.8832466681373552,0.8874740891498867,0.016768012009413802,0.9402574734739375,1.8864128306760017,1.8864128306760017,0.0024190348084873747,0.004834075037032014,0.8328993388944808,-0.013686616647686556,11.568456381752016,2.0,0.6031746031746031,CVX,XOM
2024-01-24,188.1759,132.3212,0.8832466681373552,0.8874740891498867,0.018613409685389826,1.2096585905405193,0.9402574734739375,0.9402574734739375,-0.004682919804270824,0.004739695398900859,0.8220548196333978,-0.01836953645195738,11.803235237897741,0.0,0.6527777777777778,CVX,XOM
2024-01-25,188.3417,131.739,0.8832466681373552,0.8874740891498867,0.023407524826846604,1.9516874057340055,1.2096585905405193,1.2096585905405193,0.0018453976759760238,0.004716848992469895,0.8278835817413781,-0.016524138775981356,11.61788338842596,1.0,0.6051587301587302,CVX,XOM
2024-01-26,188.2514,131.6356,0.8832466681373552,0.8874740891498867,0.023624800969044735,1.810457481707733,1.9516874057340055,1.9516874057340055,0.004794115141456778,0.0046994074925640495,0.824830835949313,-0.011730023634524578,11.375225170338084,2.0,0.626984126984127,CVX,XOM
2024-01-29,187.6543,130.9152,0.8832466681373552,0.8874740891498867,0.025318141413650075,1.9185164046563525,1.810457481707733,1.810457481707733,0.00021727614219813063,0.004696164472752306,0.8281938375322072,-0.011512747492326447,10.95335767117799,3.0,0.6011904761904763,CVX,XOM
2024-01-30,184.4669,129.2141,0.8832466681373552,0.8874740891498867,0.01979407760626728,1.0391958545777862,1.9185164046563525,1.9185164046563525,0.0016933404446053402,0.004605073444430792,0.8226596335558547,-0.009819407047721107,10.563530436655022,4.0,0.6091269841269842,CVX,XOM
2024-01-31,184.6206,129.8186,0.8832466681373552,0.8874740891498867,0.01648477000910642,0.5065126867715993,1.0391958545777862,1.0391958545777862,-0.005524063807382795,0.0047854259718819936,0.8195048097370599,-0.015343470855103902,10.746214699706565,5.0,0.6865079365079365,CVX,XOM
2024-02-01,184.4352,129.0815,0.8832466681373552,0.8874740891498867,0.020533413187449057,1.082807814654259,0.5065126867715993,0.5065126867715993,-0.00330930759716086,0.004804553723867445,0.8215957459276011,-0.018652778452264762,11.114422363614613,0.0,0.6884920634920635,CVX,XOM
2024-02-02,182.7477,128.3629,0.8832466681373552,0.8874740891498867,0.01629613828397325,0.4012890678842785,1.082807814654259,1.082807814654259,0.004048643178342637,0.0046764787243476725,0.8108431104447735,-0.014604135273922125,10.54644165093551,1.0,0.7103174603174603,CVX,XOM
2024-02-05,178.1034,126.6949,0.8832466681373552,0.8874740891498867,0.0021616894258320585,-1.6699421055031232,0.4012890678842785,0.4012890678842785,-0.004237274903475807,0.0047409834627965535,0.8066474376685803,-0.018841410177397933,9.90216492608536,0.0,0.7420634920634921,CVX,XOM
2024-02-06,175.663,125.044,0.8832466681373552,0.8874740891498867,5.046599051539147e-06,-1.9190376291942206,-1.6699421055031232,1.6699421055031232,-0.014134448858141191,0.005618213347835031,0.8205437133859359,-0.03297585903553912,10.078903290047528,1.0,0.8134920634920635,CVX,XOM
2024-02-07,175.3957,124.5696,0.8832466681373552,0.8874740891498867,0.001855583636117153,-1.5866936139066523,-1.9190376291942206,1.9190376291942206,-0.0021566428267805193,0.005610348576018824,0.8245812373513857,-0.03513250186231964,9.786978031159425,2.0,0.7837301587301587,CVX,XOM
2024-02-08,175.1647,123.665,0.8832466681373552,0.8874740891498867,0.007005870169265016,-0.9064749508942342,-1.5866936139066523,1.5866936139066523,0.0018505370370656138,0.005472108698410066,0.8237447643285086,-0.03328196482525403,8.639223396150637,3.0,0.7797619047619048,CVX,XOM
2024-02-09,177.5806,124.3228,0.8832466681373552,0.8874740891498867,0.01599563678898175,0.330916385042272,-0.9064749508942342,0.9064749508942342,0.005150286533147863,0.005523822022111808,0.8169088807288197,-0.028131678292106166,8.105422949702701,0.0,0.8273809523809523,CVX,XOM
2024-02-12,178.4084,124.8746,0.8832466681373552,0.8874740891498867,0.0167160608462682,0.3985894176397293,0.330916385042272,0.330916385042272,0.008989766619716733,0.005597550963955496,0.8040845484554009,-0.019141911672389433,7.334485495996553,0.0,0.8888888888888888,CVX,XOM
2024-02-13,179.0539,124.9314,0.8832466681373552,0.8874740891498867,0.019924053027274624,0.8292204406340354,0.3985894176397293,0.3985894176397293,0.0007204240572864506,0.005447356367066352,0.8044401848587395,-0.018421487615102983,6.688758127616197,0.0,0.873015873015873,CVX,XOM
2024-02-14,179.3563,125.104,0.8832466681373552,0.8874740891498867,0.020386254481697286,0.8395598139890016,0.8292204406340354,0.8292204406340354,0.003207992181006425,0.005413538338045259,0.8030989694308357,-0.015213495434096558,6.792150045969123,0.0,0.873015873015873,CVX,XOM
2024-02-15,180.1094,125.4497,0.8832466681373552,0.8874740891498867,0.022127392412676805,1.0422939640174027,0.8395598139890016,0.8395598139890016,0.0004622014544226616,0.005270991037312942,0.7995203283142216,-0.014751293979673896,5.848612380677364,0.0,0.8472222222222222,CVX,XOM
2024-02-16,178.0689,124.1623,0.8832466681373552,0.8874740891498867,0.019888064482001866,0.6939156688753982,1.0422939640174027,1.0422939640174027,0.0017411379309795194,0.005248031246950524,0.8124147869092,-0.013010156048694377,5.59771146433533,1.0,0.8154761904761905,CVX,XOM
2024-02-19,178.368,124.1673,0.8832466681373552,0.8874740891498867,0.0215306045444148,0.8849909066902583,0.6939156688753982,0.6939156688753982,-0.002239327930674939,0.00483286079112264,0.8123003821173477,-0.01436033953389515,5.204029226129448,0.0,0.7380952380952381,CVX,XOM
2024-02-20,179.034,125.1523,0.8832466681373552,0.8874740891498867,0.0182450874203397,0.3773557436265765,0.8849909066902583,0.8849909066902583,0.0016425400624129338,0.0048167074372935745,0.8211008020738978,-0.012717799471482216,4.166642517724146,0.0,0.6726190476190477,CVX,XOM
2024-02-21,181.9505,125.978,0.8832466681373552,0.8874740891498867,0.028568093003698003,1.7226768341370142,0.3773557436265765,0.3773557436265765,-0.003285517124075099,0.0047579907808215985,0.8165733960561986,-0.016003316595557315,4.480371022297994,0.0,0.6765873015873016,CVX,XOM
2024-02-22,178.9166,125.4347,0.8832466681373552,0.8874740891498867,0.015588845320055,-0.039991280643941876,1.7226768341370142,1.7226768341370142,0.010323005583358302,0.005249203647646486,0.8186227198788613,-0.005680311012199013,3.9977232160565874,1.0,0.7658730158730158,CVX,XOM
2024-02-23,178.5327,124.8033,0.8832466681373552,0.8874740891498867,0.01791940260951197,0.2568826427494002,-0.039991280643941876,0.039991280643941876,-0.012979247683643003,0.005909561352884004,0.8074858491279195,-0.018659558695842016,3.623777081988375,0.0,0.9206349206349207,CVX,XOM
2024-02-26,179.5014,125.3134,0.8832466681373552,0.8874740891498867,0.019710712725402146,0.4575604771569087,0.2568826427494002,0.2568826427494002,0.0023305572894569693,0.005938314596612936,0.7987920690425138,-0.010648690394186033,3.3458325121891264,0.0,0.9503968253968254,CVX,XOM
2024-02-27,180.4148,125.7574,0.8832466681373552,0.8874740891498867,0.021647482703079035,0.6852096207025377,0.4575604771569087,0.4575604771569087,0.0017913101158901767,0.005939984893643409,0.8094761723546672,-0.008857380278295857,3.3723519961731077,0.0,0.9265873015873016,CVX,XOM
2024-02-28,180.824,126.8527,0.8832466681373552,0.8874740891498867,0.016216919723587964,-0.14685302989130802,0.6852096207025377,0.6852096207025377,0.0019367699776768887,0.005832257774801611,0.8065627244166836,-0.006920610300618968,3.276615250397275,0.0,0.9126984126984128,CVX,XOM
2024-02-29,179.8708,127.2603,0.8832466681373552,0.8874740891498867,0.00808451408482469,-1.3470505682633411,-0.14685302989130802,0.14685302989130802,-0.0054305629794910715,0.005911904434571575,0.799536189307489,-0.01235117328011004,3.0740363497530123,0.0,0.9345238095238095,CVX,XOM
2024-03-01,180.297,127.1302,0.8832466681373552,0.8874740891498867,0.011358931192702926,-0.8148688892918609,-1.3470505682633411,1.3470505682633411,-0.008132405638763274,0.0060869188572848405,0.7885556249520622,-0.020483578918873313,2.902539570761304,1.0,0.9623015873015873,CVX,XOM
2024-03-04,180.5361,126.4098,0.8832466681373552,0.8874740891498867,0.017727489260851215,0.13966760324182512,-0.8148688892918609,0.8148688892918609,0.003274417107878236,0.006084031911661859,0.7883862425763722,-0.017209161810995077,2.563153672661238,0.0,0.9603174603174602,CVX,XOM
2024-03-05,179.823,125.7745,0.8832466681373552,0.8874740891498867,0.01824120523968542,0.20825050231442846,0.13966760324182512,0.13966760324182512,0.006368558068148289,0.0053394235075253,0.7769433753962363,-0.010840603742846788,2.733903853444069,0.0,0.8432539682539683,CVX,XOM
2024-03-06,180.704,125.9063,0.8832466681373552,0.8874740891498867,0.022199001435606824,0.7686733552048781,0.20825050231442846,0.20825050231442846,0.0005137159788342061,0.005297586694928914,0.7789533476249372,-0.010326887764012582,2.670241234469943,0.0,0.8353174603174603,CVX,XOM
2024-03-07,180.246,125.9181,0.8832466681373552,0.8874740891498867,0.019578081854928264,0.4085956765732852,0.7686733552048781,0.7686733552048781,0.003957796195921404,0.005336025210391833,0.7849081015767853,-0.006369091568091179,2.629503503895886,0.0,0.8373015873015873,CVX,XOM
2024-03-08,179.1718,124.9691,0.8832466681373552,0.8874740891498867,0.020314528521581998,0.5411261767884655,0.4085956765732852,0.4085956765732852,-0.00262091958067856,0.00530375704594572,0.7932719162859562,-0.008990011148769739,2.5661923717311144,0.0,0.8273809523809523,CVX,XOM
2024-03-11,180.7739,125.3597,0.8832466681373552,0.8874740891498867,0.02644694677886683,1.4459420952893944,0.5411261767884655,0.5411261767884655,0.0007364466666537339,0.004946178372783324,0.7894709940363239,-0.008253564482116005,2.5272385291203827,0.0,0.7559523809523809,CVX,XOM
2024-03-12,183.6389,127.6628,0.8832466681373552,0.8874740891498867,0.02601454672303216,1.3143603742147763,1.4459420952893944,1.4459420952893944,0.006132418257284833,0.00511164986577713,0.7949671924397768,-0.002121146224831172,2.5789479524361822,1.0,0.7896825396825397,CVX,XOM
2024-03-13,182.6215,126.2338,0.8832466681373552,0.8874740891498867,0.030448925011616446,1.783845885998288,1.3143603742147763,1.3143603742147763,-0.00043240005583466967,0.005076193674199368,0.8112519236611613,-0.0025535462806658416,2.687377815644078,2.0,0.7559523809523809,CVX,XOM
2024-03-14,181.9605,126.9114,0.8832466681373552,0.8874740891498867,0.022071791724429524,0.6271528720148067,1.783845885998288,1.783845885998288,0.004434378288584284,0.005155563808860525,0.8117176902389238,0.0,2.8018420233189554,3.0,0.7599206349206349,CVX,XOM
2024-03-15,181.2951,126.8728,0.8832466681373552,0.8874740891498867,0.0186782171240365,0.15324594070553055,0.6271528720148067,0.6271528720148067,-0.008377133287186922,0.005494562206851001,0.7995262099551671,-0.008377133287186922,2.678099942535681,0.0,0.8511904761904763,CVX,XOM
2024-03-18,182.3889,127.3181,0.8832466681373552,0.8874740891498867,0.02158393135624337,0.49896413951848895,0.15324594070553055,0.15324594070553055,-0.0033935746003930234,0.005523735167107428,0.7981297028290095,-0.011770707887579945,2.67225834931936,0.0,0.8551587301587302,CVX,XOM
2024-03-19,184.2652,127.4463,0.8832466681373552,0.8874740891498867,0.030925563313666693,1.8670547253200283,0.49896413951848895,0.49896413951848895,0.0029057142322068685,0.0055500057910485125,0.8002559973936113,-0.008864993655373077,2.664000340294903,0.0,0.8511904761904762,CVX,XOM
2024-03-20,185.6465,128.5012,0.8832466681373552,0.8874740891498867,0.031078290619613647,1.8958454749375708,1.8670547253200283,1.8670547253200283,0.009341631957423324,0.005850141747052728,0.7976242258079276,0.0,2.7802692603114814,1.0,0.9107142857142857,CVX,XOM
2024-03-21,186.537,129.8998,0.8832466681373552,0.8874740891498867,0.026256541340861972,1.0241440655347585,1.8958454749375708,1.8958454749375708,0.0001527273059469536,0.005411407947145701,0.8022212496151632,0.0,2.865609670805885,2.0,0.8234126984126984,CVX,XOM
2024-03-22,189.913,131.0886,0.8832466681373552,0.8874740891498867,0.03610807290666607,2.487165266699725,1.0241440655347585,1.0241440655347585,-0.004821749278751675,0.004664119331483456,0.7923915067888033,-0.004821749278751675,2.822127619017586,3.0,0.6805555555555556,CVX,XOM
2024-03-25,191.5435,132.4299,0.8832466681373552,0.8874740891498867,0.03562243470320059,2.133746019734859,2.487165266699725,2.487165266699725,0.009851531565804095,0.0050786315097653785,0.798718613771223,0.0,3.0173294590208988,4.0,0.7678571428571429,CVX,XOM
2024-03-26,189.42,130.5862,0.8832466681373552,0.8874740891498867,0.036916570912562285,2.0790854565910473,2.133746019734859,2.133746019734859,-0.00048563820346547715,0.0050831056172235935,0.805429209054227,-0.00048563820346547715,3.1555335635511037,5.0,0.748015873015873,CVX,XOM
2024-03-27,190.943,131.9969,0.8832466681373552,0.8874740891498867,0.035388939743616454,1.6950245498604233,2.0790854565910473,2.0790854565910473,0.001294136209361696,0.005077818709723892,0.8109917777017346,0.0,3.344873841468722,6.0,0.7321428571428572,CVX,XOM
2024-03-28,192.7123,133.2484,0.8832466681373552,0.8874740891498867,0.03623763475529884,1.6629516237195396,1.6950245498604233,1.6950245498604233,-0.001527631168945831,0.004908189252899619,0.8129765061546204,-0.001527631168945831,3.482225558560307,7.0,0.6964285714285714,CVX,XOM
2024-03-29,193.9841,134.632,0.8832466681373552,0.8874740891498867,0.03364775467677106,1.2310834045832992,1.6629516237195396,1.6629516237195396,0.0008486950116823877,0.0044448796609309746,0.8123655897179614,-0.0006789361572634434,3.7373554643161744,8.0,0.5892857142857143,CVX,XOM
2024-04-01,193.6294,132.9198,0.8832466681373552,0.8874740891498867,0.043176531450418665,2.1744274984886194,1.2310834045832992,1.2310834045832992,-0.0025898800785277842,0.004505081036935202,0.8121373194929477,-0.0032688162357912276,3.7371601807129515,9.0,0.6111111111111112,CVX,XOM
2024-04-02,194.3408,132.7529,0.8832466681373552,0.8874740891498867,0.047958879587363334,2.38000405069924,2.1744274984886194,2.1744274984886194,0.009528776773647607,0.004736090440007299,0.8005826386270273,0.0,4.357948376676034,10.0,0.6884920634920635,CVX,XOM
2024-04-03,196.225,133.0357,0.8832466681373552,0.8874740891498867,0.055718968918259115,2.7014353478084283,2.38000405069924,2.38000405069924,0.00478234813694467,0.004792930636370543,0.7977153462094054,0.0,5.120816817289306,11.0,0.7242063492063492,CVX,XOM
2024-04-04,194.2799,132.4395,0.8832466681373552,0.8874740891498867,0.049743068873350005,1.9378624809405314,2.7014353478084283,2.7014353478084283,0.007760089330895781,0.004959718312697041,0.7969496664804682,0.0,6.6837860159960005,12.0,0.753968253968254,CVX,XOM
2024-04-05,191.7446,132.0829,0.8832466681373552,0.8874740891498867,0.0390002356232646,0.9213518901535829,1.9378624809405314,1.9378624809405314,-0.00597590004490911,0.005155101190254338,0.7977577297946022,-0.00597590004490911,6.184111497346449,13.0,0.7718253968253967,CVX,XOM
2024-04-08,193.0274,133.3053,0.8832466681373552,0.8874740891498867,0.03749248924434223,0.7362333879072751,0.9213518901535829,0.9213518901535829,-0.010742833250085404,0.00580691836423646,0.7828267249562556,-0.016718733294994514,5.445654714177218,0.0,0.9126984126984128,CVX,XOM
2024-04-09,192.1983,131.1336,0.8832466681373552,0.8874740891498867,0.0477650527062119,1.5186341241977335,0.7362333879072751,0.7362333879072751,-0.00150774637892237,0.0057027640022872614,0.7797401355673663,-0.018226479673916884,5.576279910113072,0.0,0.8888888888888888,CVX,XOM
2024-04-10,192.1676,131.5047,0.8832466681373552,0.8874740891498867,0.04509735915194035,1.2061915757889405,1.5186341241977335,1.5186341241977335,0.010272563461869666,0.006075421427675353,0.7676863268289895,-0.007953916212047218,6.5230223470651065,1.0,0.9583333333333333,CVX,XOM
2024-04-11,192.7832,131.3877,0.8832466681373552,0.8874740891498867,0.04908563164381352,1.4781707354041556,1.2061915757889405,1.2061915757889405,-0.002667693554271544,0.006076977797221318,0.7703923787941298,-0.010621609766318763,6.574703762029457,2.0,0.9563492063492063,CVX,XOM
2024-04-12,192.3328,131.9462,0.8832466681373552,0.8874740891498867,0.04298213464548972,0.887501480896817,1.4781707354041556,1.4781707354041556,0.003988272491873168,0.005738312435268837,0.7610510122356026,-0.006633337274445594,7.436309093922258,3.0,0.9027777777777778,CVX,XOM
2024-04-15,190.6317,131.4544,0.8832466681373552,0.8874740891498867,0.03741226559187094,0.31928778481657977,0.887501480896817,0.887501480896817,-0.0061034969983237986,0.005879006192165304,0.7649916451440558,-0.012736834272769393,6.872670025998856,0.0,0.9206349206349207,CVX,XOM
2024-04-16,191.861,132.4874,0.8832466681373552,0.8874740891498867,0.03689339884276155,0.21796422281289282,0.31928778481657977,0.31928778481657977,-0.005569869053618781,0.006045005187492867,0.7619611638462148,-0.018306703326388174,6.525853543982429,0.0,0.9523809523809523,CVX,XOM
2024-04-17,190.9123,130.5126,0.8832466681373552,0.8874740891498867,0.045264291810825696,0.9939658563359829,0.21796422281289282,0.21796422281289282,-0.0005188667491093923,0.005720974325236535,0.7666824105065957,-0.018825570075497566,6.59645145924629,0.0,0.8829365079365079,CVX,XOM
2024-04-18,192.2531,130.876,0.8832466681373552,0.8874740891498867,0.049795210764357556,1.371478856954337,0.9939658563359829,0.9939658563359829,0.008370892968064148,0.005984806135575234,0.7542126338944218,-0.010454677107433419,7.283310748399776,0.0,0.9464285714285714,CVX,XOM
2024-04-19,188.1092,129.5335,0.8832466681373552,0.8874740891498867,0.03715566867274589,0.00977871160170723,1.371478856954337,1.371478856954337,0.0045309189535318595,0.005899138639001183,0.7570102736160379,-0.005923758153901559,7.996897904066124,1.0,0.9186507936507937,CVX,XOM
2024-04-22,188.3706,129.3946,0.8832466681373552,0.8874740891498867,0.03949647989117189,0.22159503226595606,0.00977871160170723,0.00977871160170723,-0.012639542091611666,0.006270369442081135,0.7610599053820513,-0.018563300245513226,6.800583492810661,0.0,0.9682539682539683,CVX,XOM
2024-04-23,187.1958,129.4595,0.8832466681373552,0.8874740891498867,0.03279529307329643,-0.5604605207858065,0.22159503226595606,0.22159503226595606,0.0023408112184259977,0.006288476258354939,0.7602431080092276,-0.016222489027087228,7.140283257317825,0.0,0.9702380952380952,CVX,XOM
2024-04-24,188.6003,130.9987,0.8832466681373552,0.8874740891498867,0.02978079593338645,-0.8985758740285748,-0.5604605207858065,0.5604605207858065,-0.00670118681787546,0.006457673551798908,0.7426050353203937,-0.022923675844962688,6.82196410550191,0.0,0.9821428571428572,CVX,XOM
2024-04-25,188.7367,130.8232,0.8832466681373552,0.8874740891498867,0.03169351037032353,-0.7529518599940349,-0.8985758740285748,0.8985758740285748,-0.0030144971399099774,0.006480976673125214,0.746458612981954,-0.025938172984872665,6.711101998026163,0.0,0.9801587301587302,CVX,XOM
2024-04-26,189.376,130.4228,0.8832466681373552,0.8874740891498867,0.037795430488717585,-0.11399085042913208,-0.7529518599940349,0.7529518599940349,0.0019127144369370797,0.006494380172790861,0.7478758778417878,-0.024025458547935585,6.860953094215737,0.0,0.9781746031746033,CVX,XOM
2024-04-29,189.7636,129.917,0.8832466681373552,0.8874740891498867,0.04328851503175368,0.5615783795481859,-0.11399085042913208,0.11399085042913208,0.006101920118394055,0.006611496500317247,0.7407649734636218,-0.01792353842954153,7.111725310338802,0.0,0.9821428571428572,CVX,XOM
2024-04-30,191.7593,131.2444,0.8832466681373552,0.8874740891498867,0.044728795306755664,0.7149058131740088,0.5615783795481859,0.5615783795481859,0.0054930845430360975,0.006381510966005645,0.7241815085497127,-0.012430453886505433,7.632747384009519,0.0,0.9722222222222222,CVX,XOM
2024-05-01,193.8482,132.6292,0.8832466681373552,0.8874740891498867,0.046248278775299134,0.8770928148456744,0.7149058131740088,0.7149058131740088,0.0014402802750019816,0.0062974445314975215,0.7145660922843355,-0.010990173611503451,7.922553460160092,0.0,0.9642857142857143,CVX,XOM
2024-05-02,194.5261,132.3541,0.8832466681373552,0.8874740891498867,0.05158195845302416,1.601325495536434,0.8770928148456744,0.8770928148456744,0.00151948346854347,0.006046829622898467,0.7208777842366275,-0.009470690142959981,8.107003620547394,0.0,0.9384920634920635,CVX,XOM
2024-05-03,193.0366,132.5763,0.8832466681373552,0.8874740891498867,0.04240675375971037,0.155941969999312,1.601325495536434,1.601325495536434,0.005333679677725023,0.006034630685344245,0.7192075996384797,-0.004137010465234958,9.77881088118626,1.0,0.9345238095238095,CVX,XOM
2024-05-06,192.2017,130.9044,0.8832466681373552,0.8874740891498867,0.049335258759890976,1.1532678571138544,0.155941969999312,0.155941969999312,-0.009175204693313788,0.005902118782897582,0.7107676760353918,-0.013312215158548746,8.471254577554975,0.0,0.9146825396825398,CVX,XOM
2024-05-07,192.1801,131.5693,0.8832466681373552,0.8874740891498867,0.04472655118459201,0.40475424047886577,1.1532678571138544,1.1532678571138544,0.006928505000180607,0.006066294848355951,0.7088848261738603,-0.006383710158368139,9.438238093567326,1.0,0.9404761904761905,CVX,XOM
2024-05-08,189.29,129.533,0.8832466681373552,0.8874740891498867,0.04341667968710272,0.1625368793786725,0.40475424047886577,0.40475424047886577,-0.004608707575298965,0.005737003678294768,0.7060795653392153,-0.010992417733667104,8.97041535333885,0.0,0.8908730158730158,CVX,XOM
2024-05-09,189.3166,130.036,0.8832466681373552,0.8874740891498867,0.040117646871321355,-0.3859838617862396,0.1625368793786725,0.1625368793786725,-0.00130987149748929,0.005714821908587593,0.7263907760713681,-0.012302289231156394,9.248429070965933,0.0,0.8650793650793651,CVX,XOM
2024-05-10,187.6811,129.786,0.8832466681373552,0.8874740891498867,0.033148997622019394,-1.4971014463672527,-0.3859838617862396,0.3859838617862396,-0.0032990328157813664,0.005675742619326649,0.7242394206555147,-0.01560132204693776,9.001498179457165,0.0,0.8591269841269842,CVX,XOM
2024-05-13,191.2261,132.0718,0.8832466681373552,0.8874740891498867,0.03636703981603784,-0.9316763510518166,-1.4971014463672527,1.4971014463672527,-0.006968649249301961,0.0057217881415075715,0.711775189058764,-0.02256997129623972,8.922906075539794,1.0,0.875,CVX,XOM
2024-05-14,190.0073,131.1587,0.8832466681373552,0.8874740891498867,0.036130040388097306,-0.9065678240907454,-0.9316763510518166,0.9316763510518166,0.0032180421940184445,0.005651944131685796,0.7330748057986393,-0.019351929102221277,9.110742791163528,0.0,0.8452380952380952,CVX,XOM
2024-05-15,189.5799,131.0344,0.8832466681373552,0.8874740891498867,0.03471958353378124,-1.0908780641393987,-0.9065678240907454,0.9065678240907454,-0.00023699942794053186,0.0056511144229216895,0.7375614505494995,-0.01958892853016181,9.051595528508683,0.0,0.8412698412698413,CVX,XOM
2024-05-16,191.2919,132.4445,0.8832466681373552,0.8874740891498867,0.03421019554103122,-1.1067999578466516,-1.0908780641393987,1.0908780641393987,-0.0014104568543160667,0.005315491586148403,0.7395004250811935,-0.020999385384477876,9.104906676993274,1.0,0.7936507936507936,CVX,XOM
2024-05-17,194.6549,133.8666,0.8832466681373552,0.8874740891498867,0.04215960411573416,0.23845020755794089,-1.1067999578466516,1.1067999578466516,-0.0005093879927500211,0.005187649632872317,0.7537401632878831,-0.021508773377227897,8.996232304347327,2.0,0.7658730158730158,CVX,XOM
2024-05-20,196.8915,134.0638,0.8832466681373552,0.8874740891498867,0.052277789116235596,1.7918686993308937,0.23845020755794089,0.23845020755794089,0.007949408574702943,0.0047568997947740575,0.7586553782351123,-0.013559364802524954,9.983481483915588,0.0,0.6845238095238095,CVX,XOM
2024-05-21,198.9583,134.8334,0.8832466681373552,0.8874740891498867,0.057640205971388525,2.38672367953017,1.7918686993308937,1.7918686993308937,0.010118185000501434,0.005208378149266033,0.749651846923321,-0.0034411798020235196,11.502254745433182,1.0,0.7678571428571428,CVX,XOM
2024-05-22,198.4226,134.4988,0.8832466681373552,0.8874740891498867,0.057149126581703236,2.0875161903445822,2.38672367953017,2.38672367953017,0.005362416855152929,0.005018457318265462,0.7501633941127714,0.0,13.360443228426142,2.0,0.7400793650793651,CVX,XOM
2024-05-23,197.2126,135.0085,0.8832466681373552,0.8874740891498867,0.04767552424962407,0.7936642722932084,2.0875161903445822,2.0875161903445822,-0.0004910793896852894,0.004940973850302191,0.7553571782157731,-0.0004910793896852894,13.587998982898506,3.0,0.7162698412698413,CVX,XOM
2024-05-24,197.073,134.644,0.8832466681373552,0.8874740891498867,0.04936667752153667,0.9820667940528169,0.7936642722932084,0.7936642722932084,-0.009473602332079167,0.005472819904575618,0.7524503437274177,-0.009964681721764457,11.180230908904273,0.0,0.8015873015873016,CVX,XOM
2024-05-27,196.8265,134.1878,0.8832466681373552,0.8874740891498867,0.051127129077275235,1.1415594203614803,0.9820667940528169,0.9820667940528169,0.0016911532719126043,0.005341995296251213,0.7535910899002497,-0.008273528449851852,11.159782486056441,0.0,0.7837301587301587,CVX,XOM
2024-05-28,195.1307,132.6719,0.8832466681373552,0.8874740891498867,0.05255681419089875,1.2419230111878643,1.1415594203614803,1.1415594203614803,0.0017604515557385625,0.005231089662649436,0.7580690622599519,-0.00651307689411329,11.969081242918117,1.0,0.75,CVX,XOM
2024-05-29,193.8629,132.7632,0.8832466681373552,0.8874740891498867,0.045427914434625016,0.3011030845521074,1.2419230111878643,1.2419230111878643,0.0014296851136235134,0.005230984003762198,0.7628463567705652,-0.005083391780489777,11.763998163675886,2.0,0.7361111111111112,CVX,XOM
2024-05-30,194.8548,133.0367,0.8832466681373552,0.8874740891498867,0.0487050037989647,0.7408014949910056,0.3011030845521074,0.3011030845521074,-0.007128899756273732,0.005471775300467369,0.758875089313061,-0.012212291536763509,11.54773247973802,0.0,0.7817460317460317,CVX,XOM
2024-05-31,195.4518,132.5696,0.8832466681373552,0.8874740891498867,0.054885598595721063,1.4420176683568482,0.7408014949910056,0.7408014949910056,0.0032770893643396803,0.005388494599848289,0.7590904864517616,-0.008935202172423828,11.728841426765804,0.0,0.7678571428571428,CVX,XOM
2024-06-03,192.7637,131.5804,0.8832466681373552,0.8874740891498867,0.0476838147860672,0.4790494056902141,1.4420176683568482,1.4420176683568482,0.006180594796756367,0.0051349810949573235,0.7516308648481999,-0.0027546073756674616,13.371378284660203,1.0,0.7420634920634921,CVX,XOM
2024-06-04,193.5935,131.8727,0.8832466681373552,0.8874740891498867,0.05001003061329801,0.7252561883737326,0.4790494056902141,0.4790494056902141,-0.007201783809653861,0.005190721724755501,0.7570416778291436,-0.009956391185321323,12.190309126357016,0.0,0.7380952380952381,CVX,XOM
2024-06-05,193.8083,132.7591,0.8832466681373552,0.8874740891498867,0.04517363987393885,0.01640989307907934,0.7252561883737326,0.7252561883737326,0.0023262158272308042,0.005107756555736929,0.7425842290352928,-0.0076301753580905185,12.350521676192928,0.0,0.75,CVX,XOM
2024-06-06,192.793,132.2752,0.8832466681373552,0.8874740891498867,0.04316189463711684,-0.3464111542733656,0.01640989307907934,0.01640989307907934,-0.004836390739359153,0.005218715670479027,0.7375793184898289,-0.012466566097449672,11.433333465164502,0.0,0.7718253968253967,CVX,XOM
2024-06-07,191.5403,132.1809,0.8832466681373552,0.8874740891498867,0.03727596320342741,-1.2346110075954853,-0.3464111542733656,0.3464111542733656,-0.0020117452368220157,0.005184372380511791,0.7486543034280485,-0.014478311334271687,10.982028835929803,0.0,0.751984126984127,CVX,XOM
2024-06-10,189.5029,131.0895,0.8832466681373552,0.8874740891498867,0.0339402351759146,-1.6176080853658399,-1.2346110075954853,1.2346110075954853,-0.005885931433689429,0.005114920507965092,0.7470110253896004,-0.020364242767961116,10.23392100999681,1.0,0.746031746031746,CVX,XOM
2024-06-11,188.6026,130.7759,0.8832466681373552,0.8874740891498867,0.031303674387758385,-1.8207433216551894,-1.6176080853658399,1.6176080853658399,-0.0033357280275128076,0.005121409206334372,0.7525531882008621,-0.023699970795473924,9.350112439998506,2.0,0.7341269841269842,CVX,XOM
2024-06-12,188.9042,130.7928,0.8832466681373552,0.8874740891498867,0.032786847023827725,-1.49726585649554,-1.8207433216551894,1.8207433216551894,-0.002636560788156217,0.0051507363931525985,0.7600275500270088,-0.02633653158363014,9.402581679982015,3.0,0.7162698412698412,CVX,XOM
2024-06-13,192.088,132.5284,0.8832466681373552,0.8874740891498867,0.037801249437440454,-0.7845332954337099,-1.49726585649554,1.49726585649554,0.001483172636069341,0.005156500932236154,0.7565349883630684,-0.0248533589475608,8.839116815175924,4.0,0.7341269841269842,CVX,XOM
2024-06-14,192.7381,132.2752,0.8832466681373552,0.8874740891498867,0.04287709270870721,-0.11792478519631854,-0.7845332954337099,0.7845332954337099,0.0050144024136127285,0.005273598310632093,0.7701638397028623,-0.01983895653394807,8.622906423886,0.0,0.7301587301587302,CVX,XOM
2024-06-17,193.8137,133.6168,0.8832466681373552,0.8874740891498867,0.03948635173612036,-0.5239097509255138,-0.11792478519631854,0.11792478519631854,0.005075843271266756,0.005096110845415502,0.7636542496773805,-0.014763113262681316,9.151800398699326,0.0,0.6904761904761905,CVX,XOM
2024-06-18,194.1234,133.7077,0.8832466681373552,0.8874740891498867,0.04047945605679715,-0.37297682742211496,-0.5239097509255138,0.5239097509255138,-0.0033907409725868476,0.004584599587726386,0.7597345430678344,-0.018153854235268163,9.073047419618637,0.0,0.6031746031746031,CVX,XOM
2024-06-19,193.0649,133.8352,0.8832466681373552,0.8874740891498867,0.03416595079668472,-1.1400572299517475,-0.37297682742211496,0.37297682742211496,0.0009931043206767853,0.00439350819897864,0.7505537068428536,-0.017160749914591378,8.708896185599931,0.0,0.5932539682539683,CVX,XOM
2024-06-20,192.8512,133.8447,0.8832466681373552,0.8874740891498867,0.03299546289677835,-1.2301591130339815,-1.1400572299517475,1.1400572299517475,-0.006313505260112429,0.004549674296120815,0.742088242083999,-0.023474255174703806,8.926046860120348,1.0,0.6448412698412698,CVX,XOM
2024-06-21,193.3695,134.2606,0.8832466681373552,0.8874740891498867,0.032926020635788866,-1.2365567819067649,-1.2301591130339815,1.2301591130339815,-0.0011704878999063695,0.004130664191054432,0.7359215466118287,-0.024644743074610176,9.018052883250151,2.0,0.5515873015873016,CVX,XOM
2024-06-24,191.7793,133.8378,0.8832466681373552,0.8874740891498867,0.027467540008158764,-1.7982075995472313,-1.2365567819067649,1.2365567819067649,-6.944226098948292e-05,0.004096663313894122,0.7335622840338442,-0.02471418533559966,8.707227847591547,3.0,0.5496031746031746,CVX,XOM
2024-06-25,190.0906,132.301,0.8832466681373552,0.8874740891498867,0.028872537708095614,-1.5484243607540993,-1.7982075995472313,1.7982075995472313,-0.005458480627630102,0.004170580172026439,0.7474814183978509,-0.03017266596322976,8.332969231696257,4.0,0.5496031746031746,CVX,XOM
2024-06-26,188.5699,131.3835,0.8832466681373552,0.8874740891498867,0.02701652048585146,-1.6704714492386872,-1.5484243607540993,1.5484243607540993,0.0014049976999368496,0.004169810298796532,0.7556792277276806,-0.02876766826329291,8.653001177684585,5.0,0.5238095238095238,CVX,XOM
2024-06-27,188.1158,131.0081,0.8832466681373552,0.8874740891498867,0.027144886025920023,-1.5787161605789617,-1.6704714492386872,1.6704714492386872,-0.001856017222244155,0.00394631614941141,0.7631670104351181,-0.030623685485537067,8.888213406992744,6.0,0.4503968253968254,CVX,XOM
2024-06-28,187.6634,129.9252,0.8832466681373552,0.8874740891498867,0.032103347510128444,-0.9882178796616159,-1.5787161605789617,1.5787161605789617,0.0001283655400685646,0.0038370067987272567,0.7626724802528679,-0.030495319945468502,8.395454090461609,7.0,0.4365079365079365,CVX,XOM
2024-07-01,188.6476,130.9933,0.8832466681373552,0.8874740891498867,0.03006814344316222,-1.1276354811444365,-0.9882178796616159,0.9882178796616159,0.004958461484208421,0.0037291379527398744,0.7669269701298268,-0.02553685846126008,7.711077202240096,0.0,0.42063492063492064,CVX,XOM
2024-07-02,189.286,130.9472,0.8832466681373552,0.8874740891498867,0.03375889841215418,-0.6838144799891975,-1.1276354811444365,1.1276354811444365,-0.002035204066966223,0.003470170870056612,0.765370938906332,-0.027572062528226304,7.903204229670407,1.0,0.40476190476190477,CVX,XOM
2024-07-03,193.5087,133.0409,0.8832466681373552,0.8874740891498867,0.04174479335890435,0.2900795057366921,-0.6838144799891975,0.6838144799891975,0.0036907549689919605,0.0035451568263348983,0.7796846715973484,-0.023881307559234344,7.293573421788191,0.0,0.3988095238095238,CVX,XOM
2024-07-04,192.9518,131.8515,0.8832466681373552,0.8874740891498867,0.04683253027432244,0.9083151374056436,0.2900795057366921,0.2900795057366921,0.007985894946750172,0.00390104919638755,0.8002920503155774,-0.015895412612484172,7.3797026406328765,0.0,0.38690476190476186,CVX,XOM
2024-07-05,193.9913,132.8738,0.8832466681373552,0.8874740891498867,0.0453510056153803,0.7577903760184905,0.9083151374056436,0.9083151374056436,0.005087736915418084,0.004038042940568351,0.7983607115420298,-0.010807675697066088,8.40250982258194,0.0,0.42063492063492064,CVX,XOM
2024-07-08,191.3221,131.8157,0.8832466681373552,0.8874740891498867,0.038591506153727195,-0.02059958606453449,0.7577903760184905,0.7577903760184905,-0.001481524658942135,0.0038149698889490104,0.8048666516805189,-0.012289200356008223,8.439572613087835,0.0,0.35912698412698413,CVX,XOM
2024-07-09,190.4111,131.7703,0.8832466681373552,0.8874740891498867,0.03412424672730552,-0.5385518803569112,-0.02059958606453449,0.02059958606453449,-0.006759499461653107,0.004048593928653481,0.8088016083965137,-0.01904869981766133,7.767535541320442,0.0,0.3888888888888889,CVX,XOM
2024-07-10,189.3341,132.1672,0.8832466681373552,0.8874740891498867,0.025782899961154016,-1.530430913697116,-0.5385518803569112,0.5385518803569112,-0.004467259426421677,0.0041322581274965626,0.805072424499011,-0.023515959244083007,7.684173594518395,0.0,0.41468253968253965,CVX,XOM
2024-07-11,186.3137,129.6013,0.8832466681373552,0.8874740891498867,0.027100438364042745,-1.276217224740146,-1.530430913697116,1.530430913697116,-0.008341346766151503,0.004510179747766841,0.8081628988962235,-0.03185730601023451,7.876935481560839,1.0,0.5,CVX,XOM
2024-07-12,187.0439,129.682,0.8832466681373552,0.8874740891498867,0.0304595353700039,-0.8003931094776185,-1.276217224740146,1.276217224740146,0.0013175384028887294,0.004359779231005706,0.8192872163299432,-0.03053976760734578,7.823803869664008,2.0,0.4226190476190476,CVX,XOM
2024-07-15,190.7235,132.2858,0.8832466681373552,0.8874740891498867,0.03229843965462731,-0.4805998023972368,-0.8003931094776185,0.8003931094776185,0.0033590970059611536,0.004264319570644275,0.8172402756338748,-0.027180670601384627,7.779895914264584,0.0,0.4087301587301587,CVX,XOM
2024-07-16,188.6981,131.8535,0.8832466681373552,0.8874740891498867,0.024527035304482858,-1.6149502669029732,-0.4805998023972368,0.4805998023972368,0.0018389042846234105,0.00424675967735907,0.8348408735577538,-0.025341766316761216,7.5348744842284665,0.0,0.35317460317460314,CVX,XOM
2024-07-17,188.5761,132.0463,0.8832466681373552,0.8874740891498867,0.022583548382064222,-1.7945264944576491,-1.6149502669029732,1.6149502669029732,-0.007771404350144451,0.004527511138242377,0.8361176238037827,-0.03311317066690567,7.3075406976692525,1.0,0.4126984126984127,CVX,XOM
2024-07-18,191.2075,133.0084,0.8832466681373552,0.8874740891498867,0.02999837023336127,-0.5607297581176798,-1.7945264944576491,1.7945264944576491,-0.0019434869224186357,0.004358327196267817,0.8349366102357731,-0.0350566575893243,7.590945517505583,2.0,0.373015873015873,CVX,XOM
2024-07-19,191.5088,132.871,0.8832466681373552,0.8874740891498867,0.03249015509329389,-0.12394983731638463,-0.5607297581176798,0.5607297581176798,0.007414821851297049,0.004689180814493367,0.8362989142582193,-0.027641835738027254,7.009414676864995,0.0,0.44047619047619047,CVX,XOM
2024-07-22,191.0264,132.079,0.8832466681373552,0.8874740891498867,0.035273800586812065,0.3307476386145471,-0.12394983731638463,0.12394983731638463,0.002491784859932622,0.004724468928164997,0.8403119467684977,-0.025150050878094632,6.058971679720069,0.0,0.44047619047619047,CVX,XOM
2024-07-23,190.8747,129.8597,0.8832466681373552,0.8874740891498867,0.049518127421141145,2.3401330877884234,0.3307476386145471,0.3307476386145471,0.002783645493518172,0.004589817089289977,0.8434764230878745,-0.02236640538457646,5.518421984354556,0.0,0.40476190476190477,CVX,XOM
2024-07-24,192.3637,130.8667,0.8832466681373552,0.8874740891498867,0.0504333944840063,2.184687607704822,2.3401330877884234,2.3401330877884234,0.01424432683432908,0.005495407688107622,0.8103449075945328,-0.00812207855024738,5.312878538566264,1.0,0.6845238095238095,CVX,XOM
2024-07-25,191.0846,131.6127,0.8832466681373552,0.8874740891498867,0.03871716226339039,0.5752507333374065,2.184687607704822,2.184687607704822,0.0009152670628651549,0.0054556280407256665,0.8078134257767269,-0.007206811487382225,5.459921162074062,2.0,0.6805555555555556,CVX,XOM
2024-07-26,189.0493,131.0357,0.8832466681373552,0.8874740891498867,0.0319080349577332,-0.31159897146181065,0.5752507333374065,0.5752507333374065,-0.011716232220615908,0.006136989435533606,0.7946393860852854,-0.018923043707998133,5.42604525164028,0.0,0.8432539682539683,CVX,XOM
2024-07-29,189.7952,131.4402,0.8832466681373552,0.8874740891498867,0.03311043950996684,-0.11520777498845418,-0.31159897146181065,0.31159897146181065,-0.006809127305657192,0.006251898241844031,0.8022304980055901,-0.025732171013655325,5.257910817093966,0.0,0.8095238095238095,CVX,XOM
2024-07-30,189.7105,131.455,0.8832466681373552,0.8874740891498867,0.032564146562712004,-0.15726390501795248,-0.11520777498845418,0.11520777498845418,0.001202404552233638,0.0062392607042911635,0.8090118554247524,-0.024529766461421687,5.2853359390634145,0.0,0.7817460317460317,CVX,XOM
2024-07-31,188.7753,130.9923,0.8832466681373552,0.8874740891498867,0.030751612951116947,-0.39902771455735325,-0.15726390501795248,0.15726390501795248,-0.0005462929472548339,0.006187227380394777,0.8116947393382421,-0.02507605940867652,5.217603864436078,0.0,0.7678571428571428,CVX,XOM
2024-08-01,189.6443,131.7865,0.8832466681373552,0.8874740891498867,0.029979939636888275,-0.49269092527736263,-0.39902771455735325,0.39902771455735325,-0.0018125336115950574,0.0059125936946146885,0.8015836289335075,-0.02688859302027158,5.2215499274467465,0.0,0.7757936507936508,CVX,XOM
2024-08-02,188.1706,131.3328,0.8832466681373552,0.8874740891498867,0.02523929452849405,-1.105462893071601,-0.49269092527736263,0.49269092527736263,-0.0007716733142286714,0.0057694354444329885,0.8040361367824578,-0.02766026633450025,5.085808656164537,0.0,0.7440476190476191,CVX,XOM
2024-08-05,189.005,131.716,0.8832466681373552,0.8874740891498867,0.02707808381906318,-0.8468596729089027,-1.105462893071601,1.105462893071601,-0.004740645108394226,0.005830878802100974,0.8069468976747459,-0.032400911442894476,5.150434649825967,1.0,0.7341269841269842,CVX,XOM
2024-08-06,188.8812,130.7444,0.8832466681373552,0.8874740891498867,0.03299355618436994,-0.04531914218484508,-0.8468596729089027,0.8468596729089027,0.0018387892905691317,0.005706440951364234,0.78978496995279,-0.030562122152325344,4.933445016631594,0.0,0.7619047619047619,CVX,XOM
2024-08-07,189.6806,130.2423,0.8832466681373552,0.8874740891498867,0.040631658440946516,0.955440045803995,-0.04531914218484508,0.04531914218484508,0.005915472365306762,0.005800300831799642,0.7816842202769132,-0.024646649787018582,5.207731346259837,0.0,0.7956349206349207,CVX,XOM
2024-08-08,192.9201,131.5033,0.8832466681373552,0.8874740891498867,0.04901501288383692,1.9174513696477657,0.955440045803995,0.955440045803995,0.007638102256576573,0.005703823176746804,0.7736398992652918,-0.01700854753044201,4.861954365205782,0.0,0.7757936507936507,CVX,XOM
2024-08-09,192.8102,132.2534,0.8832466681373552,0.8874740891498867,0.04339738032384677,1.1035920455243131,1.9174513696477657,1.9174513696477657,0.0083833544428904,0.0059423419352318645,0.7758556883117224,-0.008625193087551608,4.9288147654430405,1.0,0.8333333333333333,CVX,XOM
2024-08-12,193.4615,132.8704,0.8832466681373552,0.8874740891498867,0.042638928329473025,0.9427151878729717,1.1035920455243131,1.1035920455243131,-0.005617632559990149,0.006091575549907449,0.760718034877285,-0.014242825647541757,4.738248813388922,2.0,0.8829365079365079,CVX,XOM
2024-08-13,192.1295,132.2881,0.8832466681373552,0.8874740891498867,0.039627898250649274,0.5287937063778188,0.9427151878729717,0.9427151878729717,-0.0007584519943737433,0.00609246518400032,0.7698916216222941,-0.0150012776419155,4.708648097792353,0.0,0.8571428571428572,CVX,XOM
2024-08-14,191.8068,131.7864,0.8832466681373552,0.8874740891498867,0.04131901615548372,0.7478807513390641,0.5287937063778188,0.5287937063778188,-0.003011030078823751,0.005852258961901139,0.7688600913997793,-0.017521228331053962,4.38354063452363,0.0,0.8134920634920635,CVX,XOM
2024-08-15,191.2255,131.5698,0.8832466681373552,0.8874740891498867,0.03974358527307409,0.5949846277974019,0.7478807513390641,0.7478807513390641,0.0016911179048344493,0.0058219943015473076,0.7680557904930809,-0.01356658244023734,3.8868878454285567,0.0,0.8015873015873016,CVX,XOM
2024-08-16,190.8318,131.5715,0.8832466681373552,0.8874740891498867,0.03767117025285582,0.3655353168810038,0.5949846277974019,0.5949846277974019,-0.0015754308824096341,0.005648969725311395,0.78054272086834,-0.015142013322646974,3.756053481071847,0.0,0.7321428571428572,CVX,XOM
2024-08-19,192.4153,131.8191,0.8832466681373552,0.8874740891498867,0.04426627707988917,1.2108133347386922,0.3655353168810038,0.3655353168810038,-0.0020724150202182656,0.005655569848750267,0.7806282696256205,-0.01721442834286524,3.8200656163333644,0.0,0.7341269841269842,CVX,XOM
2024-08-20,192.1528,131.7228,0.8832466681373552,0.8874740891498867,0.043549687181206664,1.0531603687586,1.2108133347386922,1.2108133347386922,0.006595106827033348,0.005799806343053679,0.7782965510559926,-0.010619321515831892,3.6866202396451655,1.0,0.7777777777777777,CVX,XOM
2024-08-21,192.4129,131.9708,0.8832466681373552,0.8874740891498867,0.04323306866020893,0.9478418408003617,1.0531603687586,1.0531603687586,-0.000716589898682507,0.004861223324366325,0.773806169447224,-0.011335911414514399,3.6949145816937854,2.0,0.6051587301587302,CVX,XOM
2024-08-22,190.8712,130.7616,0.8832466681373552,0.8874740891498867,0.0433574217758137,0.9021626650525493,0.9478418408003617,0.9478418408003617,-0.0003166185209977357,0.004853252811389378,0.7798545082952051,-0.011652529935512135,3.5161544300165026,0.0,0.5892857142857143,CVX,XOM
2024-08-23,191.1812,130.6783,0.8832466681373552,0.8874740891498867,0.04554577031238782,1.1162260056595983,0.9021626650525493,0.9021626650525493,0.00012435311560476947,0.004094766522382264,0.7840714325855145,-0.011528176819907365,3.412757017288961,0.0,0.3849206349206349,CVX,XOM
2024-08-26,192.3513,131.2029,0.8832466681373552,0.8874740891498867,0.04809191047668815,1.3490208192189594,1.1162260056595983,1.1162260056595983,0.002188348536574125,0.003778519030296674,0.7894102965771771,-0.0048876241716184765,3.5281159826447315,1.0,0.3472222222222222,CVX,XOM
2024-08-27,192.2274,130.2595,0.8832466681373552,0.8874740891498867,0.0538519062100411,1.9333390239986816,1.3490208192189594,1.3490208192189594,0.0025461401643003256,0.0037990679247623203,0.7876919811454832,-0.002341484007318151,3.5088194756905353,2.0,0.3551587301587302,CVX,XOM
2024-08-28,190.2319,129.9429,0.8832466681373552,0.8874740891498867,0.04557637483773025,0.838320701511661,1.9333390239986816,1.9333390239986816,0.005759995733352952,0.003937646790148874,0.7819577098856698,0.0,3.7158224254873953,3.0,0.371031746031746,CVX,XOM
2024-08-29,189.5364,129.4102,0.8832466681373552,0.8874740891498867,0.04555928268119036,0.7797319802836034,0.838320701511661,0.838320701511661,-0.008275531372310851,0.004398693803680346,0.7803619859438046,-0.008275531372310851,3.356984572074771,0.0,0.4742063492063492,CVX,XOM
2024-08-30,189.2659,129.4577,0.8832466681373552,0.8874740891498867,0.0438054093114113,0.4928089103046991,0.7797319802836034,0.7797319802836034,-1.7092156539888492e-05,0.004388780227886655,0.780240534410504,-0.00829262352885074,3.1486728748637183,0.0,0.4722222222222222,CVX,XOM
2024-09-02,188.4344,129.233,0.8832466681373552,0.8874740891498867,0.04094416938593071,0.06678417867766695,0.4928089103046991,0.4928089103046991,-0.0017538733697790576,0.0042469457207811945,0.7834008876460623,-0.010046496898629798,3.0758214160026474,0.0,0.4305555555555556,CVX,XOM
2024-09-03,190.8839,130.5851,0.8832466681373552,0.8874740891498867,0.04462266465834652,0.6222598874044771,0.06678417867766695,0.06678417867766695,-0.0028612399254805965,0.004319479838015943,0.7775945437046125,-0.012907736824110394,3.2338298262333915,0.0,0.4662698412698413,CVX,XOM
2024-09-04,192.64,131.102,0.8832466681373552,0.8874740891498867,0.050274448669441085,1.4396184210611,0.6222598874044771,0.6222598874044771,0.003678495272415816,0.0042103933535799914,0.7864385387310892,-0.009229241551694578,3.2131295795537436,0.0,0.41468253968253965,CVX,XOM
2024-09-05,190.5553,130.2369,0.8832466681373552,0.8874740891498867,0.04526929111114342,0.6806507126325964,1.4396184210611,1.4396184210611,0.005651784011094563,0.004063637153394687,0.7865979348304689,-0.0035774575406000153,3.1611404252761224,1.0,0.369047619047619,CVX,XOM
2024-09-06,192.4394,130.5883,0.8832466681373552,0.8874740891498867,0.052716826435617925,1.6157776467429397,0.6806507126325964,0.6806507126325964,-0.005005157558297668,0.003801194268561287,0.7753394994751736,-0.008582615098897683,3.285921947683884,0.0,0.38293650793650796,CVX,XOM
2024-09-09,189.9234,129.9978,0.8832466681373552,0.8874740891498867,0.0435784809340003,0.28922240897673696,1.6157776467429397,1.6157776467429397,0.007447535324474508,0.003932228769829579,0.7760419042268313,-0.0011350797744231755,3.370156010180381,1.0,0.38888888888888884,CVX,XOM
2024-09-10,190.1706,129.9338,0.8832466681373552,0.8874740891498867,0.04531623729014278,0.4899230433884796,0.28922240897673696,0.28922240897673696,-0.009138345501617628,0.004452420897002838,0.7724840069972936,-0.010273425276040804,3.2002045293239822,0.0,0.5198412698412699,CVX,XOM
2024-09-11,190.1987,130.7117,0.8832466681373552,0.8874740891498867,0.040166615999718935,-0.3297094916296411,0.4899230433884796,0.4899230433884796,0.0017377563561424836,0.004409426322110995,0.7720746785642348,-0.00853566891989832,3.2012480663696854,0.0,0.5119047619047619,CVX,XOM
2024-09-12,188.3823,129.994,0.8832466681373552,0.8874740891498867,0.0354569990109157,-1.133855171614267,-0.3297094916296411,0.3297094916296411,-0.005149621290423845,0.004550115318399643,0.7725589715637659,-0.013685290210322165,3.158686787456604,0.0,0.5416666666666667,CVX,XOM
2024-09-13,189.681,130.9757,0.8832466681373552,0.8874740891498867,0.03565038013569932,-1.3124696526191335,-1.133855171614267,1.133855171614267,-0.0047096169888032335,0.004652510925013931,0.7748038107993508,-0.0183949071991254,3.1329713321972807,1.0,0.5515873015873016,CVX,XOM
2024-09-16,187.9656,130.1349,0.8832466681373552,0.8874740891498867,0.03228114885530875,-2.1301000997367647,-1.3124696526191335,1.3124696526191335,0.00019338112478362035,0.004633433995672877,0.7776876395931026,-0.01820152607434178,3.246698034829517,2.0,0.5376984126984127,CVX,XOM
2024-09-17,183.7795,129.1361,0.8832466681373552,0.8874740891498867,0.016596588304546245,-3.857277868772567,-2.1301000997367647,2.1301000997367647,-0.003369231280390572,0.004417309769038283,0.7817223763742487,-0.02157075735473235,3.2554574391058497,3.0,0.4722222222222222,CVX,XOM
2024-09-18,184.1113,128.9686,0.8832466681373552,0.8874740891498867,0.019552258022754287,-2.823551421037837,-3.857277868772567,3.857277868772567,-0.015684560550762505,0.005507282172159389,0.7708773840509168,-0.037255317905494856,3.385743670905361,4.0,0.7182539682539683,CVX,XOM
2024-09-19,183.2912,127.8884,0.8832466681373552,0.8874740891498867,0.022552441808732837,-2.165276283950112,-2.823551421037837,2.823551421037837,0.0029556697182080427,0.0055835620888523676,0.7663690556455808,-0.03429964818728681,3.551404075741308,5.0,0.7440476190476191,CVX,XOM
2024-09-20,184.7368,129.0618,0.8832466681373552,0.8874740891498867,0.02230279403878299,-1.9685541013596695,-2.165276283950112,2.165276283950112,0.0030001837859785496,0.005652015707269814,0.7653320070687831,-0.03129946440130826,3.792330486116886,6.0,0.7619047619047619,CVX,XOM
2024-09-23,185.3165,129.6654,0.8832466681373552,0.8874740891498867,0.02129496960071897,-1.87797130115496,-1.9685541013596695,1.9685541013596695,-0.0002496477699498456,0.0056071813242696755,0.7737348611263636,-0.03154911217125811,3.92941519731865,7.0,0.7142857142857143,CVX,XOM
2024-09-24,186.8465,131.0303,0.8832466681373552,0.8874740891498867,0.020224205193128064,-1.8100093575320548,-1.87797130115496,1.87797130115496,-0.00100782443806402,0.005542790469220927,0.7732383838613694,-0.03255693660932213,4.158369717241957,8.0,0.7063492063492063,CVX,XOM
2024-09-25,187.9653,132.9986,0.8832466681373552,0.8874740891498867,0.01296190687668819,-2.2131401963780997,-1.8100093575320548,1.8100093575320548,-0.0010707644075909073,0.005299916025341396,0.7786796504986113,-0.033627701016913036,4.385777409327321,9.0,0.6408730158730158,CVX,XOM
2024-09-26,185.5151,132.411,0.8832466681373552,0.8874740891498867,0.003770444874573897,-2.5701602398021968,-2.2131401963780997,2.2131401963780997,-0.007262298316439875,0.005241157756742911,0.7505496155536374,-0.04088999933335291,4.904632964599959,10.0,0.7380952380952381,CVX,XOM
2024-09-27,186.1672,132.2477,0.8832466681373552,0.8874740891498867,0.008374539777936896,-1.9842230388129567,-2.5701602398021968,2.5701602398021968,-0.009191462002114292,0.005476071593640511,0.7543367265963155,-0.0500814613354672,6.664141808080844,11.0,0.7619047619047619,CVX,XOM
2024-09-30,186.1066,131.4222,0.8832466681373552,0.8874740891498867,0.013606014189571525,-1.4809358953011067,-1.9842230388129567,1.9842230388129567,0.0046040949033629985,0.005667525220596571,0.74846310021525,-0.045477366432104205,6.535080277104358,12.0,0.8273809523809523,CVX,XOM
2024-10-01,186.1394,131.0159,0.8832466681373552,0.8874740891498867,0.016530173616565058,-1.190079117969433,-1.4809358953011067,1.4809358953011067,0.005231474411634629,0.005860874774503722,0.7361941927948307,-0.040245892020469576,6.1985888218566485,13.0,0.9047619047619048,CVX,XOM
2024-10-02,185.085,129.996,0.8832466681373552,0.8874740891498867,0.01778511537265537,-1.0331071239198906,-1.190079117969433,1.190079117969433,0.0029241594269935334,0.005830633658376905,0.7358838387039404,-0.03732173259347604,6.1909542449947,14.0,0.8948412698412698,CVX,XOM
2024-10-03,184.4684,129.0388,0.8832466681373552,0.8874740891498867,0.0210070299050642,-0.7613685014864091,-1.0331071239198906,1.0331071239198906,0.0012549417560903109,0.005640210799297377,0.747058361853926,-0.03606679083738573,6.087610799556071,15.0,0.8075396825396826,CVX,XOM
2024-10-04,184.6155,128.6968,0.8832466681373552,0.8874740891498867,0.024159392022574444,-0.5029514779472275,-0.7613685014864091,0.7613685014864091,0.0032219145324088316,0.00567852824789513,0.7250917722872102,-0.0328448763049769,6.585731097939336,0.0,0.8571428571428572,CVX,XOM
2024-10-07,184.108,128.8951,0.8832466681373552,0.8874740891498867,0.020040255052119704,-0.7322694278399442,-0.5029514779472275,0.5029514779472275,0.0031523621175102434,0.0054223693100079115,0.7240186149433829,-0.029692514187466656,6.469112924084718,0.0,0.7956349206349207,CVX,XOM
2024-10-08,183.5573,128.3749,0.8832466681373552,0.8874740891498867,0.020633543966104284,-0.6391202502725501,-0.7322694278399442,0.7322694278399442,-0.00411913697045474,0.005169979007143974,0.6807218854901886,-0.033811651157921396,6.8709045201841885,0.0,0.7599206349206349,CVX,XOM
2024-10-09,183.7843,128.7558,0.8832466681373552,0.8874740891498867,0.019240133449483388,-0.6876516788835667,-0.6391202502725501,0.6391202502725501,0.0005932889139845798,0.0051436683877619195,0.6828402986943908,-0.033218362243936816,6.887411306116212,0.0,0.748015873015873,CVX,XOM
2024-10-10,182.8929,128.3184,0.8832466681373552,0.8874740891498867,0.017398077830192094,-0.7679645766500387,-0.6876516788835667,0.6876516788835667,-0.0013934105166208965,0.005065251064796445,0.6836394765968457,-0.03461177276055771,7.176779200034602,0.0,0.7242063492063492,CVX,XOM
2024-10-11,187.8569,131.1143,0.8832466681373552,0.8874740891498867,0.025048530345482156,-0.14904364450828378,-0.7679645766500387,0.7679645766500387,-0.001842055619291294,0.004999688468282075,0.6739159755760038,-0.03645382837984901,7.670919674588636,0.0,0.7242063492063492,CVX,XOM
2024-10-14,189.0349,130.9372,0.8832466681373552,0.8874740891498867,0.03249922972972108,0.4557004385781404,-0.14904364450828378,0.14904364450828378,0.007650452515290063,0.005334397781327353,0.738706243469796,-0.028803375864558944,7.017661919015758,0.0,0.748015873015873,CVX,XOM
2024-10-15,187.0056,131.1482,0.8832466681373552,0.8874740891498867,0.020277161036356794,-0.45471629333508434,0.4557004385781404,0.4557004385781404,0.0074506993842389235,0.005562799558978675,0.7327805643727605,-0.02135267648032002,6.613950999622279,0.0,0.8075396825396826,CVX,XOM
2024-10-16,185.398,130.1782,0.8832466681373552,0.8874740891498867,0.01823180547583725,-0.5708192357752211,-0.45471629333508434,0.45471629333508434,-0.012222068693364285,0.005106825576245622,0.7572318849344826,-0.033574745173684306,6.731449545963,0.0,0.628968253968254,CVX,XOM
2024-10-17,187.3916,131.8163,0.8832466681373552,0.8874740891498867,0.017829616316732633,-0.554506913427062,-0.5708192357752211,0.5708192357752211,-0.002045355560519546,0.00508739125802714,0.7570825910130458,-0.03562010073420385,6.680595512441422,0.0,0.625,CVX,XOM
2024-10-18,189.3122,132.4015,0.8832466681373552,0.8874740891498867,0.024095343898550503,0.1199559787035942,-0.554506913427062,0.554506913427062,-0.0004021891591046156,0.0050386683525020315,0.7866655142878755,-0.03602228989330847,7.39459673391362,0.0,0.4880952380952381,CVX,XOM
2024-10-21,187.1405,131.8526,0.8832466681373552,0.8874740891498867,0.01624438121728833,-0.6565752286697385,0.1199559787035942,0.1199559787035942,0.00626572758181787,0.005234095842320953,0.7864829285175088,-0.029756562311490597,6.7430668132108185,0.0,0.5416666666666666,CVX,XOM
2024-10-22,183.5016,131.2071,0.8832466681373552,0.8874740891498867,0.0009635006797026335,-2.3028772937411985,-0.6565752286697385,0.6565752286697385,-0.007850962681262175,0.00551099959288552,0.7854818304930395,-0.03760752499275277,7.416289171937199,0.0,0.5992063492063493,CVX,XOM
2024-10-23,184.5436,131.3102,0.8832466681373552,0.8874740891498867,0.005928777681016406,-1.6676893712489773,-2.3028772937411985,2.3028772937411985,-0.015280880537585695,0.006412908034099495,0.7766711378815293,-0.05288840553033847,9.53532801769588,1.0,0.8055555555555556,CVX,XOM
2024-10-24,184.6002,130.6318,0.8832466681373552,0.8874740891498867,0.010832357514105162,-1.0140459141420777,-1.6676893712489773,1.6676893712489773,0.004965277001313773,0.0063659103023161225,0.7736070218115846,-0.047923128529024694,8.968795716240944,2.0,0.8154761904761905,CVX,XOM
2024-10-25,184.2083,131.497,0.8832466681373552,0.8874740891498867,0.0028485995789298,-1.9581939665184882,-1.0140459141420777,1.0140459141420777,0.004903579833088756,0.006123879962056681,0.766919630280064,-0.04301954869593594,8.648733868168147,3.0,0.8234126984126984,CVX,XOM
2024-10-28,185.4269,132.3725,0.8832466681373552,0.8874740891498867,0.003552979501913356,-1.7632257093673094,-1.9581939665184882,1.9581939665184882,-0.007983757935175362,0.006298998120471849,0.7549254665469088,-0.0510033066311113,10.319153536418417,4.0,0.8908730158730158,CVX,XOM
2024-10-29,188.378,133.3799,0.8832466681373552,0.8874740891498867,0.01261441674560082,-0.5131856011189727,-1.7632257093673094,1.7632257093673094,0.0007043799229835557,0.0061771716765161196,0.7571382356571335,-0.050298926708127745,10.610945291491774,5.0,0.8630952380952381,CVX,XOM
2024-10-30,184.6033,131.3294,0.8832466681373552,0.8874740891498867,0.006122470377893485,-1.294710398629891,-0.5131856011189727,0.5131856011189727,0.009061437243687465,0.0064845757483346905,0.7703385412300157,-0.04123748946444028,9.068034040843237,0.0,0.8293650793650793,CVX,XOM
2024-10-31,183.574,130.4403,0.8832466681373552,0.8874740891498867,0.006559757277489808,-1.1549611722258493,-1.294710398629891,1.294710398629891,-0.006491946367707335,0.006616383962285407,0.7990148387293975,-0.047729435832147615,10.164127732026456,1.0,0.7162698412698413,CVX,XOM
2024-11-01,185.0247,131.0834,0.8832466681373552,0.8874740891498867,0.010066534896056467,-0.6497041547533055,-1.1549611722258493,1.1549611722258493,0.00043728689959632305,0.006563938990427475,0.791588026812046,-0.04729214893255129,10.349882577270638,2.0,0.7361111111111112,CVX,XOM
2024-11-04,185.8972,132.6264,0.8832466681373552,0.8874740891498867,0.004385469082206939,-1.296614285639825,-0.6497041547533055,0.6497041547533055,0.003506777618566659,0.006574845081698116,0.798659041747678,-0.04378537131398463,9.355947434560441,0.0,0.7142857142857143,CVX,XOM
2024-11-05,186.3024,133.212,0.8832466681373552,0.8874740891498867,0.0026528595338337624,-1.4074229216909853,-1.296614285639825,1.296614285639825,-0.0056810658138495285,0.006624031217007339,0.7927549842285494,-0.04946643712783416,9.469545937918076,1.0,0.7361111111111112,CVX,XOM
2024-11-06,182.9995,131.8315,0.8832466681373552,0.8874740891498867,-0.005989838483966281,-2.2017644402958787,-1.4074229216909853,1.4074229216909853,-0.0017326095483731763,0.006619267712311369,0.7911213591956214,-0.05119904667620734,9.764283509563725,2.0,0.7380952380952381,CVX,XOM
2024-11-07,183.6299,132.2546,0.8832466681373552,0.8874740891498867,-0.00539463851130062,-1.9907711680973321,-2.2017644402958787,2.2017644402958787,-0.008642698017800043,0.006831494761574961,0.8012891858116482,-0.05984174469400738,14.112607360722643,3.0,0.6944444444444444,CVX,XOM
2024-11-08,184.343,133.1651,0.8832466681373552,0.8874740891498867,-0.007607639370410091,-2.02269118478774,-1.9907711680973321,1.9907711680973321,0.0005951999726656609,0.006841782245615416,0.8017769327064075,-0.05924654472134172,13.899754088128592,4.0,0.6904761904761905,CVX,XOM
2024-11-11,182.7542,131.6881,0.8832466681373552,0.8874740891498867,-0.006365301221483932,-1.7329525000532537,-2.02269118478774,2.02269118478774,-0.0022130008591094708,0.006539196280612807,0.8019383272101432,-0.06145954558045119,14.784648348129911,5.0,0.6726190476190477,CVX,XOM
2024-11-12,184.3572,132.2842,0.8832466681373552,0.8874740891498867,-0.0016403814175305342,-1.1965058430126934,-1.7329525000532537,1.7329525000532537,0.0012423381489261587,0.006241197502933173,0.8055892119889828,-0.06021720743152503,14.107318235437488,6.0,0.626984126984127,CVX,XOM
2024-11-13,186.4489,132.7439,0.8832466681373552,0.8874740891498867,0.006562936050168666,-0.3947007221637357,-1.1965058430126934,1.1965058430126934,0.004724919803953398,0.0059308535825917255,0.8066024302427157,-0.055492287627571635,14.12768972412178,7.0,0.5793650793650794,CVX,XOM
2024-11-14,188.9979,132.9245,0.8832466681373552,0.8874740891498867,0.018935032285733122,0.779733101717877,-0.3947007221637357,0.3947007221637357,0.0082033174676992,0.006260280465550107,0.8040670680908844,-0.047288970159872434,11.578356597466094,0.0,0.6388888888888888,CVX,XOM
2024-11-15,187.3161,131.5736,0.8832466681373552,0.8874740891498867,0.01906215779560938,0.8216869703980818,0.779733101717877,0.779733101717877,0.012372096235564456,0.006868319546110865,0.7914685051056108,-0.03491687392430798,9.251376735415773,0.0,0.7380952380952381,CVX,XOM
2024-11-18,188.3023,132.4963,0.8832466681373552,0.8874740891498867,0.018111282338416856,0.7401881350796369,0.8216869703980818,0.8216869703980818,0.00012712550987625804,0.006719477418748288,0.7948029798529958,-0.03478974841443172,9.916078067392915,0.0,0.7202380952380952,CVX,XOM
2024-11-19,187.7467,132.3424,0.8832466681373552,0.8874740891498867,0.016187783581401938,0.5749515803724402,0.7401881350796369,0.7401881350796369,-0.0009508754571925238,0.006493791137930991,0.7947022815925301,-0.035740623871624244,9.597126863349056,0.0,0.7023809523809523,CVX,XOM
2024-11-20,186.6411,132.1776,0.8832466681373552,0.8874740891498867,0.011387411017958371,0.13283070919148424,0.5749515803724402,0.5749515803724402,-0.0019234987570149187,0.005487104568084834,0.8015296170531802,-0.03652904285421599,10.084879596455666,0.0,0.4742063492063492,CVX,XOM
2024-11-21,186.1358,131.4645,0.8832466681373552,0.8874740891498867,0.013477301713256118,0.35532873393493775,0.13283070919148424,0.13283070919148424,-0.004800372563443567,0.005525644928278621,0.8027924931068201,-0.041329415417659554,10.530156432817835,0.0,0.47619047619047616,CVX,XOM
2024-11-22,185.6151,131.3894,0.8832466681373552,0.8874740891498867,0.011183082213785056,0.1796467181334507,0.35532873393493775,0.35532873393493775,0.002089890695297747,0.0054411287101646935,0.8012172470710432,-0.03923952472236181,10.852617957412269,0.0,0.4642857142857143,CVX,XOM
