model,accuracy,precision,recall,f1,auc
logistic_regression,0.7831325301204819,0.6027397260273972,0.6376811594202898,0.6197183098591549,0.8348631239935588
random_forest,0.751004016064257,0.5360824742268041,0.7536231884057971,0.6265060240963856,0.8474235104669887
