model,accuracy,precision,recall,f1,auc
logistic_regression,0.7831325301204819,0.6027397260273972,0.6376811594202898,0.6197183098591549,0.8348631239935588
random_forest,0.7429718875502008,0.5294117647058824,0.6521739130434783,0.5844155844155844,0.842512077294686
