model,accuracy,precision,recall,f1,auc
logistic_regression,0.42857142857142855,0.8571428571428571,0.46153846153846156,0.6,0.15384615384615385
random_forest,0.9285714285714286,0.9285714285714286,1.0,0.9629629629629629,0.15384615384615385
