date,KO,PEP,XOM,CVX,JPM,BAC,MSFT,AAPL,SPY,QQQ
2018-01-01,60.4654,170.0,110.2961,160.0,145.5658,35.0,381.3712,190.1768,500.932,431.0938
2018-01-02,60.4374,170.7225,109.6886,159.6916,144.6312,34.5809,378.6091,189.1393,496.8846,428.344
2018-01-03,60.532,169.4771,110.2108,161.1858,144.7577,34.5057,381.7268,190.464,499.5756,431.3806
2018-01-04,61.1167,170.2876,110.9415,162.2272,145.4503,34.7468,384.2953,192.0251,502.8282,434.4573
2018-01-05,60.3193,167.5426,109.5181,159.3313,144.3753,34.4789,377.9224,189.6335,497.1099,430.1931
2018-01-08,59.8602,165.2099,107.8966,156.0785,143.5108,33.8923,374.8949,187.5627,492.6002,425.6541
2018-01-09,59.5829,164.2394,108.2053,156.0149,143.348,33.8717,376.4153,188.192,493.0686,428.347
2018-01-10,59.598,164.034,107.8699,157.0353,142.7892,33.6051,376.4047,188.1991,492.599,428.646
2018-01-11,59.7423,165.2228,107.7974,156.6048,142.7063,33.8511,374.8442,187.5788,491.8956,428.3614
2018-01-12,59.4206,164.3707,107.4296,156.0904,141.7682,33.8534,373.1793,186.0833,489.9123,426.2563
2018-01-15,59.7407,165.2451,107.5688,157.362,142.6308,33.5788,375.4052,186.5872,492.8629,429.2052
2018-01-16,59.8471,165.4069,107.8695,157.8272,143.6284,33.9824,376.1965,187.3666,494.7016,429.4838
2018-01-17,60.0075,165.2804,107.9833,157.2324,143.614,34.0731,376.4335,188.0868,494.2793,428.5273
2018-01-18,60.4454,167.2447,108.9952,159.1211,144.8171,34.0405,380.3673,189.5164,497.9678,431.5654
2018-01-19,60.3646,167.9413,109.435,159.2529,146.0952,34.5238,379.8328,189.6219,499.1475,430.5146
2018-01-22,60.1841,166.7005,108.7367,158.3536,144.948,34.0262,375.8157,187.4042,497.147,427.4242
2018-01-23,60.6877,169.3249,109.2086,159.2971,145.3599,34.3784,375.613,187.0376,498.2428,426.3189
2018-01-24,60.3165,167.8834,108.5455,157.81,145.0296,34.1871,372.3868,185.9273,495.5418,422.6407
2018-01-25,60.4518,167.8409,109.3652,159.001,145.7307,34.0476,373.8982,187.2413,497.8507,426.8717
2018-01-26,60.6604,168.8451,109.4395,160.2578,145.2277,34.4103,373.6003,186.969,497.812,425.8025
2018-01-29,60.4664,168.753,109.0243,158.9849,145.5852,34.1798,374.2946,187.4921,498.3709,426.0548
2018-01-30,60.1318,167.8163,108.5188,159.1606,144.0614,33.7138,372.9732,187.2615,496.1995,424.7278
2018-01-31,60.4055,168.4255,109.383,159.7411,145.3942,33.9107,376.7863,188.9684,499.7687,429.5791
2018-02-01,60.3876,169.2357,109.3401,160.9647,145.0791,33.7897,375.8266,189.7588,498.5796,429.9962
2018-02-02,60.2662,168.5074,109.1791,159.8298,144.7222,33.897,373.8744,188.0846,497.3176,426.8082
2018-02-05,60.1213,168.1002,109.1619,159.315,144.7838,33.9541,373.1949,187.4924,497.6596,426.5329
2018-02-06,60.3405,169.9252,109.6013,160.999,144.9652,34.2286,373.8951,187.6052,498.1792,426.3753
2018-02-07,60.5321,169.5767,109.9554,162.5622,145.6397,34.4689,375.7561,188.5822,499.4538,427.4249
2018-02-08,60.7444,169.9134,109.9353,162.9465,146.4586,34.3129,375.2212,188.5819,499.2973,427.6114
2018-02-09,60.8304,170.9099,110.0571,161.9733,147.7302,34.7316,377.9432,189.4646,500.4244,428.4897
2018-02-12,61.7597,173.9663,112.0102,164.6356,149.2898,35.1408,381.7008,192.8278,507.8245,434.9898
2018-02-13,61.6955,174.4166,112.0213,164.4377,148.935,34.9515,381.6626,192.7098,504.7958,434.9759
2018-02-14,61.3484,172.4908,111.1326,162.26,148.7043,35.3638,378.2499,191.0444,502.7128,431.7928
2018-02-15,60.8421,171.2809,110.8923,162.319,148.6394,35.4784,374.8246,190.5678,500.5854,428.6806
2018-02-16,61.169,172.0369,111.6961,162.6577,148.7851,35.7041,378.7696,192.0231,502.9034,430.7894
2018-02-19,61.6013,174.8799,112.1909,162.1693,149.2621,36.0014,381.3118,194.7327,507.2284,436.9254
2018-02-20,61.3739,174.7506,112.1674,160.738,148.7827,35.7758,382.106,195.6568,505.7058,437.519
2018-02-21,61.0447,173.7248,111.6348,161.3389,148.3953,35.8037,380.7233,193.936,503.5041,434.8627
2018-02-22,60.7835,173.1132,111.4642,160.5993,148.198,35.7992,380.298,193.9973,500.1852,434.6616
2018-02-23,60.769,173.0521,111.284,159.8882,149.2227,35.8759,381.8541,193.9888,503.3269,435.1248
2018-02-26,60.9412,173.9821,111.7524,159.6784,149.3755,35.6251,386.3805,195.7027,502.9656,438.8776
2018-02-27,61.5912,175.2017,112.3704,161.6404,149.8258,35.7224,387.5062,196.2723,504.4932,438.5522
2018-02-28,61.325,175.3364,112.5614,160.7417,149.9311,35.8649,385.9622,196.2327,502.5849,435.8028
2018-03-01,61.1903,173.9394,112.2323,159.3171,150.2447,35.9241,384.0091,195.2586,505.0851,434.2718
2018-03-02,61.281,174.3009,111.8977,158.6373,151.4692,36.1409,383.6835,195.1925,505.7114,434.9376
2018-03-05,61.2021,173.4514,111.5566,158.1969,151.0447,36.0437,385.403,195.3777,506.7888,436.3005
2018-03-06,61.6978,174.8881,112.306,159.8132,151.6803,36.1113,386.2964,196.2719,510.2572,437.1828
2018-03-07,61.8452,175.9819,112.2679,159.2449,151.4974,36.4023,387.8265,197.2235,512.9455,438.3157
2018-03-08,62.4063,176.348,112.8967,161.4076,153.0809,36.7874,391.0404,198.2063,514.7957,440.8539
2018-03-09,62.4631,176.3862,112.795,160.7159,153.4956,36.7454,390.6812,198.3549,513.2318,441.9416
2018-03-12,62.7456,176.1808,112.9973,160.2023,154.4476,36.5374,389.8858,198.7802,512.3199,441.803
2018-03-13,63.361,177.779,113.3468,159.8531,155.0271,36.6242,391.7744,199.4263,515.3817,440.8535
2018-03-14,63.0464,175.9006,112.2073,157.7525,154.0431,36.2906,387.411,196.7144,510.9361,436.8285
2018-03-15,63.1329,176.3347,112.6024,157.4839,153.2649,36.0017,384.7862,196.3889,509.724,436.8768
2018-03-16,63.0467,175.8563,112.0411,157.4495,152.5214,36.0635,383.105,196.1553,507.6263,436.4068
2018-03-19,62.702,175.4741,111.3788,155.8674,151.944,35.962,380.8999,194.8746,505.8743,431.7035
2018-03-20,62.7573,176.5517,110.8234,155.1434,151.6306,35.5387,381.9306,195.0129,505.3764,433.0837
2018-03-21,63.6207,179.0597,112.2201,156.3931,154.0201,36.2132,386.0718,196.8129,511.0123,437.4616
2018-03-22,63.0988,178.2187,111.986,155.3284,152.8767,35.6424,388.371,196.9057,507.0023,437.2217
2018-03-23,63.4783,180.3045,112.4379,157.0124,154.1879,36.1078,387.5379,198.6311,508.2167,439.0342
2018-03-26,62.6609,177.2455,111.3718,156.961,152.7617,35.7227,383.812,196.8957,501.7205,435.4437
2018-03-27,62.7588,178.5383,111.292,157.9424,152.1143,35.6302,384.4331,196.5616,499.022,436.2273
2018-03-28,62.9081,178.8975,111.8691,157.6252,152.153,35.659,385.9912,198.5069,497.8595,439.5826
2018-03-29,63.2316,179.0888,112.8199,157.9768,153.3385,35.9074,387.69,199.6582,502.0314,441.0602
2018-03-30,63.5162,180.1068,113.6527,160.8412,154.131,36.1488,390.3526,199.9119,501.542,444.0117
2018-04-02,63.5695,180.1833,113.4333,160.3947,155.6879,36.5243,392.5635,200.6849,504.9019,448.026
2018-04-03,63.074,177.7248,113.1361,158.9545,155.3367,36.8794,391.2322,199.7176,505.1643,445.9805
2018-04-04,62.5242,175.3836,112.6363,159.2389,155.4142,36.9417,391.4848,200.0106,505.2468,444.1216
2018-04-05,62.5773,176.7287,112.9608,159.8126,156.1314,37.1469,396.3251,200.9693,508.5784,449.0692
2018-04-06,62.3942,176.3958,113.3231,160.837,156.3788,37.0337,396.6594,200.9853,509.7577,449.8964
2018-04-09,61.9971,176.2837,112.5204,157.9842,155.17,36.8543,393.5458,200.1055,508.0172,448.0927
2018-04-10,61.7265,175.1617,112.0565,157.2072,154.245,36.423,393.9186,197.8542,504.1108,446.684
2018-04-11,61.4209,173.6864,110.9322,156.5252,153.9727,36.6236,390.4055,196.258,501.7537,442.2806
2018-04-12,61.6312,173.1113,110.7624,155.8751,154.6373,36.4366,392.985,197.6029,505.0169,444.2326
2018-04-13,61.4515,173.2952,110.8374,157.0484,154.6148,36.2595,391.9004,196.9085,504.6526,442.9232
2018-04-16,61.9404,174.9932,110.8581,156.1015,154.5564,35.9153,393.2842,197.0334,506.7903,444.5448
2018-04-17,61.6675,173.9176,110.8207,156.0609,154.0474,35.9359,394.8369,197.4009,504.9016,444.6843
2018-04-18,61.9435,174.1632,111.3649,158.2066,154.8986,36.0589,393.6408,196.5178,506.0068,444.976
2018-04-19,62.1503,175.5696,112.1554,158.4297,155.8553,36.4491,394.0199,196.8478,506.4406,448.3237
2018-04-20,62.0666,175.1998,111.5224,157.8432,154.8555,36.0477,394.1152,197.2216,506.8289,447.8349
2018-04-23,62.0317,174.9825,112.0884,159.1562,156.1085,36.4679,393.9655,196.9476,508.917,448.2186
2018-04-24,61.7558,173.7746,112.0894,159.2699,155.4326,36.4768,391.2339,196.2213,507.3588,446.1418
2018-04-25,61.7488,173.49,112.0333,159.0273,155.1588,36.483,391.8241,196.5353,504.4411,447.1381
2018-04-26,61.3336,172.7071,111.7712,158.0105,154.9515,36.4604,392.0134,196.2237,502.3839,445.4337
2018-04-27,60.9097,170.5341,110.3969,156.3298,154.065,36.3125,387.4932,193.7793,499.9563,440.5963
2018-04-30,61.2036,171.4754,110.7352,156.7791,155.0469,36.3381,388.5958,195.0066,501.5163,442.3659
2018-05-01,60.8275,171.0963,110.4634,155.3433,155.3759,36.1968,386.4131,194.6879,498.6508,439.5808
2018-05-02,60.8123,171.0135,110.6757,156.6029,155.0305,36.2745,387.9881,195.4717,499.0122,442.3361
2018-05-03,61.4651,173.6372,110.3927,155.5661,155.2246,36.2613,387.8761,196.0173,501.1902,443.5104
2018-05-04,61.9127,175.8614,110.6097,154.8638,155.367,36.4192,390.4056,197.4076,503.1075,445.7151
2018-05-07,62.2684,177.4932,111.2601,155.4316,156.2776,36.9796,394.7334,199.3964,505.3417,449.7429
2018-05-08,62.2465,176.9887,111.0668,154.6285,155.6078,36.7345,393.405,199.2268,505.8027,448.2274
2018-05-09,61.8322,175.7177,110.5254,153.867,155.054,36.4897,392.2689,198.4466,504.1033,445.9459
2018-05-10,61.6839,175.4886,110.061,152.4595,154.6493,36.3451,392.4299,198.5296,504.273,446.6934
2018-05-11,61.1261,173.4953,108.8152,151.3145,153.3067,36.0799,387.0989,195.8034,498.9972,441.2632
2018-05-14,60.4852,171.2603,107.8276,151.1913,151.9678,35.9374,383.9514,194.3003,494.422,437.4798
2018-05-15,60.0054,169.471,106.6605,149.7938,150.4704,35.6126,380.3316,192.5326,490.1812,433.5902
2018-05-16,59.6129,170.0544,106.1133,148.0847,149.5545,35.8647,377.4191,191.0804,486.9878,430.6792
2018-05-17,59.6114,169.7983,106.4399,148.0141,150.0621,36.0497,377.951,191.9765,488.4034,432.0877
2018-05-18,59.0704,168.8889,105.4318,146.9836,149.011,35.9637,375.9501,191.2993,485.5374,429.1833
2018-05-21,58.9468,167.8624,105.0704,145.22,148.486,35.8093,375.809,190.8971,484.9251,428.7147
2018-05-22,59.31,170.0127,106.2471,146.1335,149.5776,36.2429,378.8157,191.8987,488.8163,431.0733
2018-05-23,59.1314,169.1377,106.2456,145.1835,149.043,36.0407,378.1599,191.6541,488.7682,429.8979
2018-05-24,59.2286,169.3728,106.5237,145.9348,149.3479,35.9355,379.6317,192.6801,490.885,431.3571
2018-05-25,58.99,167.3631,106.0169,147.1133,148.2451,35.8615,377.7831,191.645,488.5889,428.1729
2018-05-28,58.8263,167.6008,105.7014,145.9566,147.8703,35.7323,376.408,191.2363,488.6645,427.1888
2018-05-29,58.4674,167.3878,105.1571,146.0412,146.7686,35.5087,374.9032,190.0874,485.9093,425.0485
2018-05-30,58.3938,166.2914,105.1345,145.7892,146.3396,35.5904,373.0097,188.6733,485.0222,422.1413
2018-05-31,58.8373,168.31,105.7322,145.8367,147.284,35.7895,374.6164,189.5271,487.3761,423.2453
2018-06-01,58.1829,165.4297,104.6733,145.773,145.4659,35.3103,371.0137,187.2239,481.7835,418.4325
2018-06-04,58.5605,166.8964,104.9191,147.8696,145.8467,35.2451,370.9876,187.4633,483.4158,418.893
2018-06-05,58.7835,167.2887,105.1932,148.6494,145.9759,35.4705,373.2963,188.6699,484.2653,422.2861
2018-06-06,58.6853,167.8445,104.9638,148.6783,145.0834,35.1595,371.4776,187.7107,483.401,420.9267
2018-06-07,58.1449,166.351,103.5006,146.7537,143.3619,34.7321,368.3223,186.552,478.7057,416.9615
2018-06-08,58.1415,166.8758,103.8304,147.1593,143.3826,34.7663,368.264,186.6197,478.7603,415.8135
2018-06-11,57.9772,167.1154,102.8998,146.1732,142.5269,34.6022,367.1086,186.1188,476.0693,413.5468
2018-06-12,58.2292,167.5304,103.0823,146.9681,142.8066,34.8427,366.2915,185.9576,477.3274,413.0618
2018-06-13,58.3277,167.6805,103.4157,148.6859,143.3443,34.9053,366.1137,185.6478,477.7685,413.3428
2018-06-14,58.9822,168.7324,104.5749,149.8905,145.326,35.6011,369.1912,187.0625,483.3273,416.3391
2018-06-15,58.9287,168.2893,104.3277,149.6217,144.8719,35.3911,368.3913,186.4405,483.137,415.5832
2018-06-18,58.6231,168.6196,103.498,148.3697,144.0507,35.2364,363.0578,183.9609,480.4322,409.9413
2018-06-19,58.8395,169.6485,103.8356,149.5915,144.6168,35.2746,361.9207,183.6931,481.4278,409.4661
2018-06-20,59.0104,169.3096,103.6348,151.0599,144.5996,35.6707,363.8688,184.7848,482.4721,412.1253
2018-06-21,59.611,172.0831,104.8671,153.4988,146.2667,35.9047,367.6655,187.0753,487.1582,416.147
2018-06-22,59.9001,173.063,105.5031,154.8643,146.9849,35.95,370.9031,188.6282,489.257,420.4047
2018-06-25,60.2398,174.4966,105.6325,155.5704,146.9419,35.911,373.1994,189.7421,490.1194,423.2236
2018-06-26,60.8127,176.3722,106.4034,157.4675,148.4364,36.1362,377.5349,192.0277,494.4551,428.0155
2018-06-27,60.4676,175.477,105.5125,157.8246,147.4427,35.9349,374.0847,190.4066,491.2697,424.1561
2018-06-28,60.2929,173.3961,105.4663,156.1142,146.9068,36.0321,372.2711,188.9094,489.0429,421.3118
2018-06-29,59.9416,173.014,105.0876,155.7874,145.9837,35.796,370.8617,188.6693,485.9409,420.043
2018-07-02,59.8301,170.9979,104.5406,152.7554,145.3521,35.6354,370.5785,188.5923,484.8542,418.7644
2018-07-03,59.3036,170.0748,103.5296,151.8802,144.3378,35.3019,369.911,188.3611,480.0973,417.7868
2018-07-04,59.9567,171.9529,103.7987,152.5119,144.8483,35.2593,370.9353,188.7306,482.386,418.7921
2018-07-05,59.8686,172.17,104.0382,152.2532,144.499,35.16,372.7953,189.5908,480.7388,421.2311
2018-07-06,59.2085,170.2266,102.8508,148.3988,143.3249,34.8587,369.047,187.8258,475.7803,417.1971
2018-07-09,58.8804,169.858,102.621,148.0045,142.0661,34.7834,367.8253,187.2997,472.8815,417.0316
2018-07-10,59.0201,170.1442,102.912,148.5257,142.1117,34.5452,371.0552,188.8665,473.4282,420.1382
2018-07-11,59.4951,171.6012,103.3378,149.02,142.3351,34.8629,371.3456,189.3868,476.726,421.577
2018-07-12,60.1674,173.7242,104.634,150.3272,144.4815,35.2643,375.7042,191.9886,483.0884,426.2323
2018-07-13,61.2084,177.979,106.3972,152.0924,146.8854,35.7885,381.9269,195.256,492.8561,433.1582
2018-07-16,61.3322,178.5876,106.4956,152.1899,147.2387,35.5933,382.1561,195.2061,494.4536,432.9809
2018-07-17,60.826,175.9612,106.0446,150.9525,146.369,35.4885,380.3981,194.5401,491.4254,430.8959
2018-07-18,59.7724,172.3128,104.3481,149.2156,144.6489,34.8678,375.8378,192.0438,484.4534,424.7254
2018-07-19,59.9722,173.1822,104.2041,148.9543,144.5911,34.911,376.8806,192.5977,485.7842,425.7906
2018-07-20,59.8726,173.6196,103.512,146.716,143.7767,34.7624,374.7377,191.9268,483.5732,424.5186
2018-07-23,59.6276,172.2294,102.8699,146.0113,143.8141,34.6761,371.3209,190.3391,483.4899,420.7007
2018-07-24,59.297,172.6529,102.262,145.5164,143.8954,34.2454,371.3868,190.1034,482.127,420.7959
2018-07-25,59.3793,172.8255,102.1356,146.555,144.0738,34.7351,370.3957,189.3648,481.642,420.3436
2018-07-26,59.7094,173.9062,102.8505,148.2258,145.3243,34.7698,373.8303,191.0506,485.2542,423.7677
2018-07-27,59.9246,173.4771,103.4077,148.2937,145.3404,34.8218,374.7947,191.5567,486.0982,424.7554
2018-07-30,59.822,173.7908,103.4743,149.4302,145.4029,34.6723,375.4742,192.0829,486.3459,426.2795
2018-07-31,59.3693,171.9644,103.0484,147.7344,144.5723,34.7054,372.5743,191.0105,483.9191,422.2524
2018-08-01,58.6841,169.276,101.5825,145.6793,143.2404,34.319,366.7754,187.8637,478.7557,415.3415
2018-08-02,58.5584,168.5575,101.1667,145.6268,142.6809,34.033,365.015,187.7291,476.7771,414.9308
2018-08-03,58.491,169.1707,101.2904,146.8283,142.2669,34.0637,365.6333,187.7024,475.7435,413.9213
2018-08-06,59.0798,171.0737,102.1648,149.387,143.8318,34.1402,369.3541,189.1544,480.7116,418.0091
2018-08-07,59.2013,170.6656,102.4894,150.6612,143.9084,34.0804,369.7782,189.1582,480.9058,418.9355
2018-08-08,59.531,171.1397,103.2363,151.4468,144.9521,34.4626,371.1113,190.4313,485.1791,420.4252
2018-08-09,59.3203,171.3713,102.7992,151.083,144.3726,34.6517,368.917,189.4617,484.7674,417.9187
2018-08-10,58.5896,168.9162,102.0534,149.9934,142.9405,34.1243,366.6118,188.2459,481.9202,416.2788
2018-08-13,58.1823,167.9638,101.5598,148.5724,142.6359,33.931,363.0457,186.539,479.9206,412.4356
2018-08-14,58.2077,168.4405,100.9497,147.4641,142.5926,33.9985,362.1663,185.972,477.2526,409.6822
2018-08-15,58.9552,168.1753,102.3637,150.697,144.9307,34.1009,366.2448,187.8747,482.6972,414.9757
2018-08-16,58.703,168.2227,102.113,150.6263,144.2602,34.257,364.7261,187.9133,479.4208,415.0372
2018-08-17,59.0434,168.5462,102.6528,152.7622,144.7512,34.1657,366.9858,188.7578,480.2322,416.9271
2018-08-20,58.8232,167.5911,102.3345,151.2057,143.9082,33.9112,364.9827,187.9047,476.4866,414.6731
2018-08-21,59.2407,169.7856,103.3485,152.1604,145.041,34.2319,367.883,189.2509,479.0461,416.2669
2018-08-22,59.5784,171.667,103.562,152.5855,145.0978,34.2724,369.1305,190.1918,480.5242,417.9894
2018-08-23,59.6855,172.1924,103.1786,152.3924,144.8032,34.0272,369.9892,190.6624,480.3002,420.1404
2018-08-24,59.8714,173.1062,103.7374,152.8898,144.3419,34.3058,370.9324,191.5739,479.6143,421.0092
2018-08-27,59.6572,173.0008,103.3039,152.6668,143.6276,33.6311,370.3248,191.2932,478.2439,419.8665
2018-08-28,59.8083,174.2736,103.7426,153.6839,144.2612,33.5744,372.3004,193.5843,479.1495,421.8949
2018-08-29,59.8757,175.3643,103.3379,151.796,143.7605,33.3832,370.0751,191.696,477.8819,418.5079
2018-08-30,59.6223,174.453,102.9898,151.6829,143.2733,33.1379,366.4672,189.1673,473.2629,413.5413
2018-08-31,59.5586,173.5264,101.6417,150.3439,142.5382,33.2796,363.0169,187.9576,470.5956,411.0821
2018-09-03,59.7022,173.5783,101.9634,150.8069,142.4074,32.9613,363.448,187.8282,471.2754,412.29
2018-09-04,60.1516,174.8145,102.4905,149.9574,143.9008,33.6477,365.9187,189.5724,476.9489,413.8216
2018-09-05,60.3966,175.3205,102.4675,149.5643,143.4585,33.5322,365.1604,188.3593,476.2527,412.7546
2018-09-06,60.4548,174.6095,102.6887,150.0722,142.6517,33.1237,364.7307,187.5839,476.2035,411.7872
2018-09-07,60.6548,175.361,102.4665,148.9627,143.3507,32.905,364.677,188.0517,477.8553,411.2157
2018-09-10,61.1053,175.4351,103.1555,150.5241,144.8902,33.2567,369.6524,189.455,480.0117,414.3461
2018-09-11,61.0798,175.3141,103.3718,151.2478,145.8571,33.3887,368.9401,189.4471,481.9526,413.6597
2018-09-12,60.7461,174.3377,103.2095,150.9613,145.9449,33.5273,367.5968,188.4941,479.53,414.444
2018-09-13,61.4186,176.2828,103.6683,151.4786,146.2504,33.5673,370.3643,189.8493,483.3516,418.643
2018-09-14,61.7751,177.8264,103.9397,151.8662,146.4903,33.8795,373.0006,191.6215,486.7339,420.3666
2018-09-17,62.3395,179.8763,104.7567,152.8844,147.9613,34.2174,376.7269,193.017,492.7031,423.2356
2018-09-18,62.21,180.9594,105.1151,152.2732,147.8507,34.1598,378.6754,193.1503,491.8768,425.3839
2018-09-19,61.8392,179.2988,104.1221,150.4497,147.0674,34.2472,376.198,192.2486,487.9514,422.8486
2018-09-20,61.5272,178.4077,102.9924,148.8336,145.407,33.9782,373.0339,189.3717,484.9516,418.6169
2018-09-21,62.1728,180.3017,103.8134,150.9934,146.7467,34.462,377.0197,191.7492,489.4774,422.2107
2018-09-24,63.0797,182.935,105.6295,153.9961,148.6496,35.14,379.4071,193.3112,494.7613,426.2134
2018-09-25,63.1543,182.0613,105.5214,154.8412,148.9322,35.1506,378.6069,192.9474,493.9981,425.184
2018-09-26,63.0074,180.6405,105.3776,153.3712,148.968,35.1805,377.2631,192.555,493.3402,423.7731
2018-09-27,63.7154,182.6185,106.7547,154.9334,150.7941,35.7706,381.6569,194.9299,497.0003,428.3647
2018-09-28,63.1309,179.6803,105.91,155.2269,149.8185,35.0409,377.7189,192.9368,493.9847,424.8721
2018-10-01,62.9419,178.8427,105.2022,153.4654,149.038,34.882,375.2575,191.3636,490.8794,422.7969
2018-10-02,63.044,178.6358,105.6699,153.4075,149.8654,35.0428,377.9992,192.6781,493.062,425.2229
2018-10-03,62.7373,177.516,105.5173,152.8757,149.0269,34.9716,379.0862,192.4556,491.7925,425.4198
2018-10-04,63.039,179.1829,105.3672,154.1178,149.0564,34.835,378.3928,192.0244,492.399,424.5511
2018-10-05,62.9557,178.1299,105.7399,153.9746,149.0898,35.1048,379.1524,191.8892,491.9999,423.5121
2018-10-08,62.9203,178.635,106.0504,154.7197,149.9416,35.1518,380.7996,193.03,494.3138,426.048
2018-10-09,63.3651,179.478,106.7807,155.9257,151.7245,35.4646,387.2892,195.6314,499.6845,432.9272
2018-10-10,63.2863,178.9114,106.9584,154.5315,152.0031,35.4132,386.2797,194.6082,499.5655,431.4096
2018-10-11,63.4148,179.6091,107.2262,154.8225,152.8333,35.8913,387.1073,195.4529,502.9221,432.7343
2018-10-12,62.6677,177.238,105.5832,152.0056,151.0911,35.0928,385.6368,194.6745,496.6748,431.916
2018-10-15,62.3719,175.7454,105.867,152.8745,150.9029,35.4735,385.0752,194.7513,496.7877,432.4035
2018-10-16,62.0639,174.6132,105.4191,153.4998,150.058,35.624,381.2878,193.1335,494.8172,427.7144
2018-10-17,61.6722,172.2805,104.186,151.3534,149.211,35.3206,378.5832,191.8833,490.2496,423.7234
2018-10-18,61.3707,171.7447,103.8606,150.5228,148.5371,35.3993,373.9917,189.1817,486.8277,417.359
2018-10-19,61.2376,169.3017,103.6539,152.0405,148.5471,35.4247,373.5316,188.6621,485.9243,417.2209
2018-10-22,61.7106,171.3657,103.9952,151.8158,149.5893,36.0029,376.8043,190.4536,488.6179,421.374
2018-10-23,61.2582,170.6004,103.6841,150.2176,148.4111,35.9213,373.038,188.345,485.6446,417.3811
2018-10-24,61.2606,171.7832,103.8379,151.3866,148.3097,36.3389,373.0562,188.1505,485.429,417.3897
2018-10-25,61.0958,172.852,103.3441,150.5117,147.7743,35.8214,373.3486,187.8096,484.071,417.4864
2018-10-26,61.013,173.2447,103.4144,150.7019,148.039,35.8845,370.9967,186.6817,483.2917,414.1861
2018-10-29,61.4475,174.0276,103.9003,152.9648,148.9257,35.6736,371.6825,187.3734,487.4837,415.6691
2018-10-30,61.8188,176.6068,104.1081,151.9937,149.3769,35.647,372.5238,187.9244,488.6791,416.6284
2018-10-31,62.4252,177.4492,105.0054,152.9842,150.5498,36.3843,375.3475,188.8199,491.8699,419.827
2018-11-01,62.494,176.2593,104.8251,151.6566,150.5541,36.4528,375.2536,188.8825,492.5714,418.6926
2018-11-02,62.1831,176.675,104.5361,151.4196,149.8718,36.4774,372.7414,187.4943,490.5507,415.777
2018-11-05,62.1777,177.0448,104.4216,150.7511,150.3724,36.654,372.1744,187.6899,490.5446,416.3329
2018-11-06,62.3955,176.2957,104.3628,149.7217,150.5926,36.7506,372.6326,187.395,492.0586,417.1618
2018-11-07,62.5376,175.7445,104.5758,150.5487,150.9532,36.6616,373.097,187.9693,493.5083,418.6077
2018-11-08,62.1182,174.9558,103.7259,149.3111,149.3046,36.0945,370.1014,186.631,489.9384,416.5483
2018-11-09,62.2203,174.654,103.6429,148.2191,149.4537,35.9752,370.6822,186.9125,489.937,418.147
2018-11-12,62.3313,174.4986,103.4154,147.0222,150.1555,35.5187,370.4675,186.7074,489.5767,417.1402
2018-11-13,63.4089,179.0309,105.2265,149.7401,152.8643,36.0986,377.2327,190.1736,497.2219,424.9552
2018-11-14,64.1965,182.8651,105.9096,149.47,153.4543,36.2881,382.3483,192.3824,503.4787,430.5442
2018-11-15,63.8552,181.9267,105.4659,149.1112,152.8556,36.0295,380.1191,191.2909,500.5308,428.3511
2018-11-16,63.619,181.0761,105.2438,149.8777,153.096,36.0662,380.6493,191.2946,499.2471,428.1957
2018-11-19,63.038,179.9888,104.3059,149.0906,151.3206,35.8074,376.0525,188.9997,494.6974,423.1359
2018-11-20,63.1746,179.9118,103.8559,148.0006,151.408,36.0238,376.0158,189.259,493.6078,423.5595
2018-11-21,63.3709,178.8256,104.0079,148.4391,151.1955,35.7154,377.8423,190.3466,494.721,426.0516
2018-11-22,63.8074,178.1084,104.7304,148.5299,152.8857,35.9211,381.1261,192.5229,498.1707,431.0535
2018-11-23,63.5888,177.5067,104.2792,148.0574,152.1289,35.9385,377.9127,191.3202,496.6566,428.8474
2018-11-26,63.3849,177.6237,103.9875,147.4571,150.3853,35.6943,374.1634,189.5913,494.2638,424.2703
2018-11-27,62.5282,175.2335,102.545,144.7526,148.2597,35.5168,369.8757,187.6708,488.4778,419.2526
2018-11-28,62.6048,176.0673,102.7823,145.6204,148.634,35.8643,369.4569,187.4747,487.9239,418.8574
2018-11-29,62.0229,175.0574,101.7865,142.8792,147.7491,36.1591,366.4692,185.8169,484.78,415.0022
2018-11-30,61.843,175.5106,101.4151,141.6472,147.3799,35.9565,365.7323,186.0108,484.3092,415.9552
2018-12-03,61.2915,174.0106,101.0603,140.5632,145.9831,35.9325,362.929,184.0533,480.8496,412.1649
2018-12-04,61.2614,174.0788,100.9485,140.235,145.3639,35.5303,362.8153,184.098,479.982,411.9747
2018-12-05,60.6634,172.2785,100.1809,140.2831,143.7868,35.6338,359.7304,182.2282,474.4985,408.6872
2018-12-06,60.3811,171.2446,99.2748,139.7011,142.8583,35.4432,355.5585,179.975,470.056,404.1051
2018-12-07,61.2419,172.6143,100.1952,141.1521,145.3894,36.0597,360.4693,182.4547,478.3614,409.947
2018-12-10,60.5605,171.4648,99.1418,139.8366,143.4374,35.7466,358.3922,181.5359,473.9933,407.8201
2018-12-11,60.0898,169.8235,98.5324,139.0777,141.8461,35.0099,356.1329,180.1171,470.0097,406.2181
2018-12-12,61.1376,172.5286,100.0924,142.2972,143.3637,35.0622,362.5029,182.9996,475.2223,412.5172
2018-12-13,62.501,176.072,101.9675,143.6418,145.8232,35.5904,370.8192,187.2836,484.5489,422.3871
2018-12-14,61.9966,173.702,100.8963,142.8109,144.6663,35.356,368.0573,185.2164,481.4617,419.2005
2018-12-17,61.8643,173.3094,100.6366,142.1582,144.9125,35.8067,365.3098,183.1406,479.7608,414.0482
2018-12-18,61.9052,173.8307,100.6312,142.5911,144.4814,35.4348,365.1299,183.3506,480.9781,413.5885
2018-12-19,62.6001,175.3576,102.0976,145.0582,145.9622,36.0439,370.31,186.1328,488.4393,419.1339
2018-12-20,62.0394,174.526,101.898,145.3564,144.7905,35.6492,366.2748,184.3144,485.4973,414.6561
2018-12-21,61.8547,173.7605,102.04,146.7305,143.9717,35.3405,365.1709,183.6633,485.1652,413.209
2018-12-24,62.0474,173.2762,102.7596,146.7006,144.7739,35.4296,368.1184,185.054,489.3828,416.2718
2018-12-25,62.0674,174.3536,103.1265,147.9682,144.3826,35.225,369.5209,186.003,490.2998,419.8335
2018-12-26,61.768,173.6628,102.452,146.9511,143.5947,35.1053,368.4645,185.2587,488.5486,418.0226
2018-12-27,61.8246,174.4503,102.3038,146.3866,143.6029,34.9758,367.3037,184.4244,487.8866,416.8166
2018-12-28,61.2323,173.3613,101.1597,146.2595,142.6015,34.4182,363.0314,182.7699,483.301,412.5115
2018-12-31,61.0058,172.0352,100.9649,146.4274,142.7793,34.3803,362.3605,182.4156,481.2652,412.5719
2019-01-01,60.9326,171.4701,101.2042,146.3724,142.8511,34.4727,361.6644,182.3006,480.678,412.7307
2019-01-02,60.8825,172.0527,101.4454,147.3462,142.7884,34.1482,363.4487,183.3109,481.7271,415.7345
2019-01-03,60.7683,172.9794,101.1152,146.7421,142.466,34.1915,361.876,182.1284,479.9858,413.0335
2019-01-04,60.8735,173.2754,101.2861,146.5735,143.3827,34.627,363.7842,183.1895,481.8216,416.1692
2019-01-07,61.1865,173.6946,101.9872,147.0454,144.2207,35.0992,365.764,184.3747,485.3464,419.2923
2019-01-08,61.3984,175.4483,102.4484,147.8696,144.5385,35.2012,366.0311,184.3985,485.0417,418.7486
2019-01-09,61.6809,175.754,102.6024,147.5734,144.5895,34.7918,368.2285,185.143,486.4892,419.9822
2019-01-10,61.9271,176.6428,102.7987,147.9279,144.3655,34.8588,368.7233,185.5192,487.15,419.8322
2019-01-11,61.85,176.0521,102.811,148.562,144.6367,35.097,369.8931,186.1425,486.2589,421.0703
2019-01-14,61.4517,175.0325,102.3359,147.9025,144.1235,34.8017,367.5328,185.7499,485.0667,419.314
2019-01-15,61.6268,174.8223,102.0436,148.8838,144.7969,34.9111,368.3044,186.4026,485.4096,420.3923
2019-01-16,61.5883,174.4181,101.4716,147.944,144.8722,35.0065,368.14,185.3422,484.5685,419.0754
2019-01-17,62.3425,176.1332,102.649,150.5103,146.8141,35.7923,372.4838,187.4925,491.4517,423.5785
2019-01-18,62.8929,178.1859,103.7473,152.6618,148.2448,36.0101,378.768,190.4971,496.9629,429.0316
2019-01-21,63.1644,179.0659,103.6226,153.4517,148.1929,36.1494,379.8093,191.2814,498.9011,431.6247
2019-01-22,62.7741,178.5401,103.0612,153.9072,146.8216,35.8595,377.8014,189.3346,496.974,429.4885
2019-01-23,62.2979,176.5292,102.2035,151.0192,145.7743,35.6161,375.091,188.2348,493.2101,427.7786
2019-01-24,62.7114,177.5528,102.5147,151.4493,147.1092,36.1529,375.9555,188.5994,497.2295,428.6829
2019-01-25,62.914,178.5663,102.3965,150.9737,147.8171,36.0683,375.9813,188.5239,498.045,428.6208
2019-01-28,63.1589,179.8593,102.9062,151.5877,148.2574,36.1665,378.3215,189.6328,499.8187,430.9713
2019-01-29,62.7078,177.467,101.8999,149.6378,147.3548,35.9194,374.223,187.3654,494.3651,426.3564
2019-01-30,63.1583,178.98,102.3091,149.6425,148.177,35.7312,376.5073,188.7007,497.2599,429.0997
2019-01-31,63.441,179.1909,102.651,149.1595,148.2734,35.9906,374.7788,187.7287,498.735,427.004
2019-02-01,63.0233,178.6346,101.9729,148.1605,146.9389,35.8302,371.702,186.0341,494.4582,424.3514
2019-02-04,62.7933,179.2751,101.8119,148.5195,145.8977,35.5562,371.0922,185.6951,493.4842,423.6711
2019-02-05,62.8318,177.4538,101.918,148.1742,146.756,35.6471,371.3466,186.1748,494.6124,426.0343
2019-02-06,62.8116,176.9288,101.9039,147.8031,147.225,35.712,372.4742,187.0356,493.9165,427.0314
2019-02-07,62.6546,176.6786,101.6698,146.8651,147.1596,35.8113,372.1366,186.796,493.5171,426.2915
2019-02-08,62.6008,176.5286,101.765,146.207,146.9326,35.7278,372.0927,186.6153,493.2971,426.0724
2019-02-11,62.3987,176.6169,101.7949,146.0481,147.1879,35.5998,370.5311,185.6865,492.1812,423.5122
2019-02-12,62.3569,176.5358,102.0,146.5685,147.4131,35.5076,370.8146,186.0122,492.2864,424.1626
2019-02-13,62.6727,177.0546,102.9833,148.8558,148.618,35.7478,373.6756,187.1603,496.8587,427.3837
2019-02-14,61.5346,173.0642,101.5677,145.908,146.6846,35.1003,365.8027,183.2821,488.456,418.9851
2019-02-15,61.4897,172.1359,101.474,145.7265,146.6944,35.1624,364.0589,182.7035,487.5496,417.3257
2019-02-18,61.3964,171.4085,101.7679,146.9782,147.6774,35.1976,366.3629,183.6727,488.8724,419.0929
2019-02-19,61.3793,171.0374,102.322,146.8309,147.9269,35.0474,367.1521,184.1691,490.0856,419.8543
2019-02-20,61.5378,171.8274,101.9826,147.2625,147.2985,35.5934,366.7979,184.1049,489.8897,419.4893
2019-02-21,60.779,169.6237,100.4605,144.7287,145.5689,35.5907,362.1207,181.8472,484.5633,414.193
2019-02-22,60.8469,169.4406,100.9695,145.921,145.3059,35.511,361.2713,181.3058,485.9761,413.1975
2019-02-25,61.6953,171.2371,102.3112,147.5931,146.8859,35.9989,366.8592,183.9205,491.1986,418.888
2019-02-26,61.1954,169.4446,100.9809,145.9908,145.7485,35.904,361.2717,181.0153,486.4117,412.3076
2019-02-27,61.3857,169.7117,101.4269,147.7379,146.9114,36.0839,362.3696,181.6752,489.2438,414.4721
2019-02-28,61.2237,168.8707,101.4666,147.5853,146.6871,36.0318,361.4442,181.4018,488.6144,414.1696
2019-03-01,60.9947,168.8146,101.4719,148.2195,146.3948,35.847,361.4322,181.342,488.5364,413.9458
2019-03-04,60.9624,169.7643,100.7518,147.2529,145.3589,35.8274,358.1098,179.7416,485.5023,410.2296
2019-03-05,60.6812,168.2501,100.9395,146.8027,145.4608,36.0567,354.9262,178.4318,484.7253,406.775
2019-03-06,61.0028,170.0227,101.6409,147.5861,146.7329,36.6085,357.8505,179.3667,488.8274,410.1068
2019-03-07,61.1576,171.0098,101.9341,147.7503,147.2955,36.7011,358.2776,179.8263,490.6367,411.2355
2019-03-08,61.7602,172.9084,103.1032,148.2717,148.5984,37.3891,361.4252,181.4851,496.0633,414.473
2019-03-11,62.4063,175.874,104.1575,150.0642,150.0338,37.5869,364.7286,183.6156,500.4323,418.885
2019-03-12,62.8252,176.9683,104.4957,150.9863,149.6382,37.8486,364.8731,183.5341,501.884,418.6869
2019-03-13,63.457,179.086,105.9409,153.5825,151.53,38.0515,369.4142,185.7739,507.8562,423.6846
2019-03-14,63.4651,179.202,106.2101,154.9711,152.777,37.9249,370.6414,186.3131,509.3853,425.5382
2019-03-15,63.6503,179.7717,106.9138,156.5777,153.17,38.3843,373.6626,187.8807,512.6901,429.442
2019-03-18,63.5154,179.7123,106.6303,155.5291,152.8555,38.3478,373.0988,187.5122,511.0007,428.6801
2019-03-19,63.4409,179.5187,106.7325,155.2296,152.9708,38.376,374.0544,188.1756,511.4877,429.7227
2019-03-20,63.1194,178.9112,106.3332,155.1882,152.1973,37.9978,371.7383,187.3013,508.841,427.4998
2019-03-21,63.5762,179.7257,107.0065,156.3086,153.4141,37.9775,374.2706,189.1385,512.4336,430.9169
2019-03-22,63.1329,177.9862,106.3931,155.2636,152.4543,37.5008,369.5972,187.0311,508.6219,425.8214
2019-03-25,63.4589,178.4516,107.2022,155.5921,153.1188,37.608,368.9269,186.5138,510.7789,424.9587
2019-03-26,63.3128,177.7991,107.0043,154.7909,153.2967,37.5423,369.2291,186.3843,510.4214,425.1873
2019-03-27,63.7429,179.7931,107.5979,156.0011,154.3856,37.2844,373.0142,188.1625,514.5413,428.5731
2019-03-28,64.1589,180.6639,108.2395,155.288,156.3621,38.0697,374.9795,189.2421,517.1054,431.1169
2019-03-29,64.9638,183.4742,109.5555,155.2814,158.021,38.2859,379.1615,191.349,523.3474,435.7095
2019-04-01,65.4081,184.9527,110.168,156.7291,159.1406,38.7722,382.4375,193.2858,526.0613,440.4063
2019-04-02,64.8766,183.092,109.7121,155.7053,156.7263,38.0068,379.3983,191.3295,521.548,435.9131
2019-04-03,64.6706,183.464,109.474,155.7836,156.3056,37.8982,380.4059,191.3342,521.2766,436.3643
2019-04-04,64.0264,182.1091,108.7204,155.984,155.5855,37.9092,378.8717,190.4232,517.9689,434.0756
2019-04-05,63.8191,181.4646,108.5615,154.944,154.7685,37.8568,379.8354,190.8172,516.3577,434.7914
2019-04-08,64.4323,183.1406,109.648,155.1697,155.5882,37.9142,383.4835,192.4704,522.2218,439.2548
2019-04-09,64.7351,184.0475,110.8033,156.6209,156.4079,38.1552,384.3472,192.9443,524.4243,440.5613
2019-04-10,64.4884,182.1735,110.0752,155.1521,156.081,38.1742,380.9119,191.4071,521.8825,437.3743
2019-04-11,64.2555,180.9045,109.3452,154.2158,155.0627,37.8443,379.9099,190.9251,518.1088,436.0102
2019-04-12,64.4571,181.8407,109.0628,154.3285,154.9824,37.5135,380.7934,191.3068,518.346,436.3833
2019-04-15,64.0836,179.6333,108.2784,153.5569,153.1448,36.9223,378.8648,190.3205,514.0948,433.7286
2019-04-16,63.9151,178.6643,107.84,153.0342,152.4205,36.6452,380.5246,191.367,512.6131,435.9407
2019-04-17,64.1775,179.1958,108.2548,154.4736,152.9822,36.7487,381.5453,191.9972,513.4555,438.1451
2019-04-18,64.6889,182.8367,109.0395,156.1025,153.5869,37.2107,382.6964,192.8267,517.1889,439.3593
2019-04-19,65.1874,184.7682,109.7683,156.9673,154.7425,37.6284,384.1881,193.4544,519.6254,440.9717
2019-04-22,64.2964,182.9738,108.2309,155.2971,152.6027,36.9159,377.9563,190.0664,512.5699,433.3903
2019-04-23,64.3454,182.4798,108.421,154.3372,153.2372,37.4278,378.7639,190.0635,514.0124,433.9712
2019-04-24,64.3269,182.6653,109.1116,156.1544,153.6834,37.4498,379.028,190.0307,514.8166,434.3927
2019-04-25,64.6467,182.2701,109.3971,156.5594,154.3863,37.7029,379.6525,190.3822,516.3125,435.26
2019-04-26,65.4867,184.4547,110.3863,156.9881,156.2921,37.8546,382.2942,191.6836,521.8683,437.7276
2019-04-29,64.6177,182.3474,108.8049,154.4911,154.5953,37.3286,379.3818,189.913,515.8656,434.4755
2019-04-30,64.4601,180.872,108.1245,154.3854,153.5144,37.282,378.0416,189.4105,514.6947,433.7978
2019-05-01,64.5365,181.4185,108.8381,154.7932,153.8741,37.1174,379.2375,190.2659,517.093,435.4017
2019-05-02,63.9007,179.9688,107.7489,153.6209,152.1241,36.7063,376.7654,188.9095,512.3924,431.4764
2019-05-03,64.4838,181.2248,108.8012,155.7896,153.4708,37.0761,380.6908,191.0285,517.7973,436.2761
2019-05-06,64.5552,180.8573,109.1497,156.2816,154.0963,36.9498,381.9956,192.0448,518.6138,437.9708
2019-05-07,65.2104,182.2607,109.9384,156.6931,155.007,36.7336,385.1886,194.0475,521.5922,441.7917
2019-05-08,64.9456,181.323,109.4907,156.0329,154.8253,36.8943,384.0537,193.3704,520.5651,439.7007
2019-05-09,65.2613,182.0671,110.08,155.7709,156.1232,37.8116,387.3753,194.7665,523.8472,442.64
2019-05-10,65.6326,183.5792,110.8192,156.4787,156.8486,38.0311,391.545,196.7148,527.6041,447.2315
2019-05-13,65.5981,183.1547,111.2336,156.2647,157.139,38.1947,392.5955,197.0019,529.2485,448.8334
2019-05-14,65.6303,184.502,111.6386,156.9008,157.2078,37.9526,393.5386,197.3827,530.371,449.538
2019-05-15,65.8227,186.2721,111.5945,155.959,157.4011,38.2906,395.76,198.6515,531.7534,452.786
2019-05-16,65.2703,184.8436,111.1094,155.5096,156.799,38.0122,393.0906,197.3973,529.0976,449.9582
2019-05-17,65.1849,184.328,110.8106,156.1219,155.4557,37.9273,394.0066,197.3935,528.9654,450.4949
2019-05-20,65.3169,184.31,110.6003,156.8614,156.0156,38.1303,394.7839,197.3646,528.842,450.7549
2019-05-21,65.6625,185.5483,110.6578,156.0157,156.8606,38.3994,394.8258,197.2799,530.8272,451.402
2019-05-22,66.235,187.5675,111.688,157.0063,157.4458,38.5976,396.605,198.5166,535.3224,452.7948
2019-05-23,65.8111,186.1809,111.2066,157.1215,157.0442,38.5622,393.6785,197.2267,531.5477,449.7441
2019-05-24,65.76,185.7342,111.1112,157.6185,157.0937,38.5614,393.0721,196.9657,531.426,448.4171
2019-05-27,66.3072,187.579,112.4267,159.0048,158.6953,39.0719,395.7439,198.1658,537.2184,451.2764
2019-05-28,65.8704,186.3645,112.6424,158.9841,157.9881,38.6571,393.8242,196.5455,534.7289,448.2614
2019-05-29,65.4477,184.7141,111.7375,157.8785,157.8452,38.4986,392.1538,195.5542,531.3248,446.5119
2019-05-30,65.5691,185.1552,111.6297,156.3638,158.0617,38.8235,394.6019,196.5156,531.7082,448.4081
2019-05-31,65.8206,185.4348,112.2018,157.6987,159.0004,38.9958,397.7986,197.7113,534.2556,451.4383
2019-06-03,65.7885,184.8063,112.2322,158.7092,159.0289,38.8482,395.0484,195.925,534.1318,448.5402
2019-06-04,66.4335,186.69,112.9724,159.4932,160.5826,39.371,398.4391,197.7875,538.3922,453.8002
2019-06-05,66.8818,187.5818,113.4195,159.0589,161.5515,39.7084,400.6593,198.6487,542.2386,456.3718
2019-06-06,67.6774,189.3547,113.9102,160.9937,162.9099,39.6176,403.7964,200.0604,545.1623,458.9034
2019-06-07,68.021,191.2038,114.7147,162.3576,164.9959,40.194,405.5772,201.0911,548.2612,459.6867
2019-06-10,69.2833,194.5593,116.3505,165.2725,167.7333,40.7675,411.0389,204.725,555.8131,465.8811
2019-06-11,69.1714,195.7268,116.3532,164.2204,167.7482,40.8742,411.628,204.6518,554.9544,464.5694
2019-06-12,68.4773,194.208,115.1827,161.6121,165.9605,40.3999,406.4987,202.0093,548.0291,459.6854
2019-06-13,69.2934,195.906,116.5897,164.0101,168.3571,40.9775,411.6311,205.5678,554.6618,467.4235
2019-06-14,69.175,196.4782,115.841,163.9211,167.6709,40.3038,409.5995,204.4557,554.2538,465.3591
2019-06-17,69.0111,195.4146,116.567,164.0604,167.7135,40.0521,411.7623,204.5063,554.2531,468.6969
2019-06-18,69.6309,198.7606,117.4349,165.2741,168.5343,40.3802,417.0445,206.5074,560.1826,475.2235
2019-06-19,68.7455,196.2995,115.5198,161.4445,166.5689,40.5406,413.2633,205.1357,552.7673,469.8632
2019-06-20,68.1001,194.7777,113.9994,158.9526,165.0371,40.2143,408.3622,202.5884,549.3747,462.961
2019-06-21,67.1627,191.9911,112.7157,157.1614,163.5688,39.6478,406.0822,200.7233,542.3756,458.2042
2019-06-24,67.0187,191.7011,111.9755,156.6984,163.0335,39.502,403.7183,199.1893,540.2529,455.3187
2019-06-25,67.1761,191.9054,112.3784,155.7446,163.781,39.3996,405.195,199.6877,543.2528,457.6852
2019-06-26,67.7877,192.9014,112.8142,157.5826,164.5865,39.8332,406.3763,199.3799,546.2327,458.1427
2019-06-27,67.9277,193.528,113.565,158.6305,164.6007,39.7911,406.576,199.7713,545.5198,455.6715
2019-06-28,67.4334,192.8303,112.7603,158.7062,164.2341,39.907,405.6942,199.0497,540.2079,452.8406
2019-07-01,66.2467,188.3951,111.3703,157.4381,162.2763,39.3685,398.0565,196.3115,533.0867,445.2786
2019-07-02,66.2013,189.3862,111.2596,158.028,162.3683,39.6006,398.3578,196.662,534.2792,447.6466
2019-07-03,65.8956,188.8683,110.5431,158.6631,161.8083,39.0225,397.4541,196.3863,533.1056,444.6737
2019-07-04,65.966,188.6509,110.7053,158.236,162.6094,39.1607,399.1055,196.8968,532.2517,444.3476
2019-07-05,66.2847,189.1576,111.2582,159.112,162.3899,39.1959,401.8572,198.1884,536.1562,447.3947
2019-07-08,66.1588,190.1404,110.9275,157.8539,163.0131,39.2232,401.3583,197.8071,538.3202,445.1675
2019-07-09,66.4212,191.5155,111.58,158.7079,165.5184,39.8211,403.007,199.3056,541.3427,447.4641
2019-07-10,66.4444,192.3256,112.0579,159.9768,166.0624,39.9789,401.777,199.3038,542.5773,445.5829
2019-07-11,66.6328,192.5281,112.507,161.5138,166.6018,40.3042,402.8172,199.3644,545.1788,447.5422
2019-07-12,66.3652,192.0185,111.6448,159.9547,165.9696,40.255,402.1342,199.3365,544.5174,444.8985
2019-07-15,66.375,192.159,110.9422,157.9894,166.0394,40.3019,402.9499,199.2644,544.3053,444.5611
2019-07-16,66.7448,192.9541,110.8969,158.0039,165.7993,40.3957,401.5104,198.43,544.9357,444.2833
2019-07-17,66.8668,193.2468,111.0973,157.6271,166.8467,40.2285,403.884,200.0371,547.6925,447.8068
2019-07-18,66.9176,194.107,110.8194,156.8326,166.3215,39.8804,404.6811,199.9628,546.4373,446.3597
2019-07-19,67.4212,196.6755,111.5295,158.413,166.6577,39.5859,406.7336,200.2123,548.4397,446.7366
2019-07-22,67.3257,195.9797,111.316,158.5379,166.386,39.6391,406.4203,200.2309,546.0819,446.8635
2019-07-23,67.1641,194.2773,111.4864,159.4583,166.2118,39.6754,406.9921,199.6017,546.2741,445.5287
2019-07-24,67.6886,196.9591,112.2978,160.313,167.3198,40.2234,407.3379,199.5822,550.2655,446.5398
2019-07-25,66.6845,195.0729,111.3712,159.8215,164.608,39.6622,404.0345,198.0245,544.246,443.1678
2019-07-26,66.2086,193.7311,110.4811,158.5457,162.5946,39.0213,400.5731,196.634,540.5633,439.311
2019-07-29,65.6768,193.2919,109.7898,157.3157,161.8483,38.8525,396.7313,194.6254,535.5101,435.6946
2019-07-30,64.7392,190.4567,108.3436,154.4119,159.4612,37.862,390.7742,191.9113,527.7242,428.1788
2019-07-31,64.5082,188.8069,108.0439,152.4096,159.1804,37.6994,390.5159,191.7081,526.3581,426.9063
2019-08-01,64.9972,189.036,108.954,152.5586,160.0136,37.3481,392.2188,192.3728,529.5693,428.2351
2019-08-02,64.819,187.3235,108.5848,152.3532,160.0014,37.4451,389.7026,191.1686,529.8328,425.7986
2019-08-05,64.8754,187.3446,108.672,151.9064,160.1067,37.4255,389.7607,191.3441,530.2093,425.6029
2019-08-06,65.617,189.0312,109.3382,151.7158,161.4767,37.7131,394.1372,193.2407,533.6593,430.2576
2019-08-07,66.3354,190.5717,110.3491,152.9694,162.6179,37.7701,397.8993,195.3912,538.1983,434.5061
2019-08-08,66.3738,190.4941,110.0308,152.9557,162.3076,37.5863,397.8147,195.0766,537.4196,433.5505
2019-08-09,67.0279,192.9674,110.4433,154.0243,163.9423,38.133,403.0394,197.4526,541.2805,438.877
2019-08-12,67.0554,192.5039,110.3975,154.1044,164.0704,37.8625,403.8604,198.0522,542.0935,439.8569
2019-08-13,66.6108,190.5535,109.6211,153.1532,162.9879,37.7926,401.2713,196.8623,539.592,437.9039
2019-08-14,66.1375,188.73,109.1116,152.1973,162.3829,37.5172,399.4548,196.3374,537.8385,436.2941
2019-08-15,65.2867,186.8785,107.8862,151.162,160.9847,36.8902,395.9862,194.6964,533.1167,432.3312
2019-08-16,64.769,185.2311,107.1312,150.1249,159.5698,36.924,393.7826,193.3203,529.2317,429.5669
2019-08-19,64.6263,184.9427,107.0612,150.1039,159.7416,37.3006,394.2614,192.983,527.7617,428.9985
2019-08-20,65.0005,187.1096,107.5821,151.7347,160.9347,37.4609,395.2158,194.6104,530.4401,430.89
2019-08-21,66.0336,192.1927,108.7455,154.0413,163.2409,37.8606,398.164,195.8366,536.5761,431.753
2019-08-22,65.3788,190.541,108.2212,153.2305,161.6845,37.5077,395.0141,193.9685,530.925,427.0601
2019-08-23,65.7074,191.7252,108.6732,153.6689,161.9763,37.4247,395.7031,194.5216,531.8597,428.204
2019-08-26,65.2541,189.2642,108.1853,152.8073,160.6471,37.0454,394.6785,193.7638,528.1907,427.0787
2019-08-27,65.4066,189.8216,108.3406,151.5619,161.0249,37.2759,394.589,193.5078,530.4982,425.6427
2019-08-28,65.4656,189.8658,108.107,152.2178,160.9564,37.7702,393.4512,193.6105,530.3241,425.2101
2019-08-29,64.8454,188.5319,107.3706,150.7841,158.946,37.2705,388.4434,190.9719,524.6556,419.9659
2019-08-30,65.1691,189.0051,107.7907,152.1296,159.8764,37.7196,392.6821,192.978,527.9076,424.3224
2019-09-02,64.9434,188.3165,107.3036,151.5716,158.5937,37.5244,390.7908,192.1735,525.9897,423.0854
2019-09-03,64.9553,188.6366,106.9331,152.1927,158.6362,37.1584,391.4843,192.734,524.5252,424.3242
2019-09-04,64.4064,188.255,106.2879,151.7219,157.2016,36.8635,389.482,191.9152,520.9768,422.4575
2019-09-05,64.0787,188.2283,105.7384,151.6518,156.7511,36.7522,387.8851,191.0475,518.6142,420.49
2019-09-06,64.2101,189.3198,105.786,151.2475,156.9206,37.1333,389.7998,191.7341,519.4286,421.9229
2019-09-09,64.0906,189.2263,105.8565,150.3752,156.5461,37.3888,389.1144,191.3172,518.624,421.461
2019-09-10,64.2516,189.0907,105.8241,150.483,156.8284,37.5178,391.009,192.1264,520.2423,423.0256
2019-09-11,64.3467,189.655,105.6505,148.8425,157.2337,37.8603,390.0754,191.9178,522.1073,422.5201
2019-09-12,64.7941,190.128,106.8713,150.2744,158.8123,38.1404,393.0597,193.1513,526.4342,425.4684
2019-09-13,64.5853,189.0957,106.9541,149.606,158.9087,38.3865,392.6915,193.0554,524.6764,425.6764
2019-09-16,63.9484,188.2943,105.8029,147.5498,157.621,38.0788,390.3524,191.6827,520.2659,423.0109
2019-09-17,64.3886,189.7484,106.2896,148.8222,159.0346,38.6028,391.0756,191.8865,524.0532,423.7928
2019-09-18,64.145,188.9079,106.0503,149.0259,159.1811,38.8588,391.9174,192.4612,522.5198,424.5729
2019-09-19,64.6452,190.4032,106.8542,150.1263,160.5352,39.2627,395.0192,193.9756,525.2182,427.9276
2019-09-20,64.8407,190.6403,107.4113,151.251,160.6959,39.0505,394.214,193.4953,526.2886,426.6021
2019-09-23,64.7557,188.4875,106.8298,150.1415,160.5556,38.8608,389.7806,191.6607,524.4902,421.971
2019-09-24,64.9342,187.8676,107.1268,152.5031,161.2639,39.1434,389.1989,191.2462,525.3665,421.212
2019-09-25,65.7807,190.6778,108.775,155.062,163.2638,39.7432,393.7789,193.708,532.5876,426.1407
2019-09-26,66.5019,191.9313,109.7936,156.0389,164.9467,40.0895,399.0841,195.9996,539.4087,431.8796
2019-09-27,66.7095,192.3192,110.1811,157.301,164.6864,39.8899,400.7146,196.3793,539.812,433.7925
2019-09-30,66.9128,191.8401,110.0449,158.0906,165.1335,39.9767,400.0779,196.8799,542.5027,433.0229
2019-10-01,67.4488,192.7578,110.6615,158.3032,166.4758,40.1499,401.3205,197.5942,546.5479,433.8709
2019-10-02,67.2266,192.035,110.3013,156.6713,165.7806,39.8791,398.2306,195.8726,543.6143,431.3988
2019-10-03,67.591,193.7416,110.6054,156.1774,166.9373,40.5643,399.3398,196.6348,544.8637,431.3873
2019-10-04,67.7229,194.9092,110.8673,156.0961,167.2342,40.4459,400.6354,196.9215,545.5665,432.9092
2019-10-07,67.84,194.5599,110.7229,155.9541,168.0311,40.6878,401.0798,197.2411,547.3701,434.1675
2019-10-08,67.4348,193.5164,109.7463,153.4472,168.1317,40.6848,398.4464,196.625,543.5701,433.8758
2019-10-09,66.5244,189.6684,108.5622,151.653,166.1649,39.8915,394.2665,193.967,537.7412,428.8003
2019-10-10,65.541,186.7947,107.5736,150.2953,164.2886,39.1393,387.8173,190.8967,529.9793,423.6365
2019-10-11,65.2857,186.7076,106.9195,149.7941,162.8181,38.7768,384.9145,189.4839,526.0252,421.123
2019-10-14,65.0579,185.9149,106.5353,149.8577,162.0548,38.141,384.9207,189.5178,526.6353,420.7897
2019-10-15,64.7796,186.0064,106.6759,150.461,161.6827,38.4877,383.4777,189.295,526.4542,421.2087
2019-10-16,65.5329,188.7367,107.8506,153.5446,163.6691,38.8213,387.6299,191.179,533.1747,425.1039
2019-10-17,65.9508,190.0214,107.8732,154.4438,164.9505,38.9857,391.2438,193.2548,538.3335,429.2511
2019-10-18,65.3049,187.8088,107.2161,153.6785,164.3711,39.1409,391.4511,193.2653,535.2918,428.1013
2019-10-21,65.3101,187.3072,107.423,153.203,164.8805,39.1987,392.1158,193.6501,535.225,429.5468
2019-10-22,65.2438,185.9284,106.9766,152.0781,165.1161,39.3862,391.8964,193.9057,535.2859,429.8362
2019-10-23,65.1098,184.5251,106.8203,150.8152,165.0404,39.2095,392.8624,194.0543,534.3234,430.1229
2019-10-24,65.6405,186.7814,107.3107,151.6929,165.3064,39.262,393.5136,194.216,533.0971,429.9173
2019-10-25,65.661,187.93,107.8331,152.7439,165.246,39.4614,395.6048,195.3388,534.0347,431.4084
2019-10-28,65.6028,186.8668,106.508,151.6388,165.1892,39.2178,393.0406,194.4195,533.9452,429.0718
2019-10-29,65.9008,187.7316,107.0445,152.6176,166.347,39.5807,395.2442,195.2678,536.6135,432.6862
2019-10-30,65.3426,184.8898,106.6662,152.9087,165.198,38.7423,391.3995,193.2951,533.7722,428.2591
2019-10-31,65.2749,183.9653,106.836,153.9513,165.4432,39.1023,391.6822,192.9328,534.0172,428.5482
2019-11-01,66.2326,186.9296,108.3061,155.1693,168.3759,39.6014,397.0208,195.5726,543.935,435.2058
2019-11-04,66.3695,186.945,108.921,155.6096,169.6524,39.8591,398.0129,195.5682,544.6276,435.9009
2019-11-05,67.1089,187.6488,109.8408,156.8883,171.1515,40.1624,402.8746,198.0529,550.3466,440.731
2019-11-06,67.1795,189.219,110.0473,156.6236,171.3101,39.9663,403.933,198.3942,551.1191,440.4455
2019-11-07,67.226,189.3403,110.5534,157.1633,171.7688,39.8295,404.1896,198.0216,553.316,440.2647
2019-11-08,67.5943,189.5844,110.5858,157.4779,172.0979,40.0544,403.6741,197.785,552.3048,439.6861
2019-11-11,67.5068,189.4849,110.8326,157.7458,173.0252,40.4119,400.6289,196.8963,552.1876,436.8674
2019-11-12,67.0968,188.2982,110.4408,157.2234,172.4052,40.0778,399.3846,196.0857,547.9857,434.1733
2019-11-13,67.0405,188.5036,111.1141,157.4418,173.924,40.5578,401.2499,197.2974,550.4144,436.1819
2019-11-14,66.6124,187.0569,110.6215,157.2102,173.3504,40.5856,399.2206,196.2142,547.7021,434.7169
2019-11-15,66.9753,188.3765,110.909,157.9873,173.8208,40.6017,400.924,196.7002,550.5714,436.3594
2019-11-18,67.7363,191.315,111.8011,158.6446,175.2264,40.5992,404.0614,197.977,552.4791,440.6523
2019-11-19,67.9228,190.8508,112.3315,158.3992,176.0328,40.7903,404.2916,197.9512,553.0264,441.4912
2019-11-20,67.7933,189.9948,112.5872,159.8213,176.5438,41.0166,402.9385,196.6811,551.8096,439.2565
2019-11-21,67.8913,190.9744,112.7187,161.4504,177.8337,41.2989,404.8761,197.4807,554.0654,441.5953
2019-11-22,67.8914,190.5892,112.5336,161.3558,177.5693,41.1169,404.8632,197.6136,552.5588,441.2696
2019-11-25,68.1124,191.2083,113.357,162.1875,178.5541,41.4705,407.9852,199.3315,557.7507,444.906
2019-11-26,67.4112,188.8938,112.6907,162.082,176.5491,41.3746,402.2188,196.6406,551.1556,439.0108
2019-11-27,67.3571,188.4905,112.2609,161.8021,176.927,41.2666,402.3661,196.8356,549.3097,439.4668
2019-11-28,66.6699,186.229,110.4612,159.0242,174.5245,40.6898,397.169,194.6495,542.2595,433.4256
2019-11-29,66.0516,183.6177,109.5187,158.4026,172.7719,40.998,393.5933,192.864,536.4407,429.3017
2019-12-02,66.7105,185.9347,110.4304,158.9603,174.5612,41.4379,395.7608,194.0677,540.5923,432.0286
2019-12-03,67.124,187.9998,110.945,159.0794,175.4523,41.2917,398.0642,194.9491,544.4988,434.7705
2019-12-04,66.7329,186.8122,109.8662,157.8213,174.5767,40.9777,393.4104,192.7746,542.3868,429.6048
2019-12-05,66.3222,186.4096,108.5587,156.0296,172.9477,40.4417,389.376,190.9234,537.6261,424.8514
2019-12-06,65.0344,182.3954,106.6469,153.7842,170.4746,40.0106,382.7935,187.5393,528.3914,417.0465
2019-12-09,64.8617,181.5484,106.3273,154.1882,169.8778,39.9599,381.1602,186.9673,527.0398,414.685
2019-12-10,65.6964,184.2945,108.649,156.1673,172.456,40.3632,390.0153,190.8868,534.7376,424.0844
2019-12-11,66.1225,185.879,109.0969,156.7859,172.5123,40.8362,389.9235,190.7567,536.914,423.2997
2019-12-12,66.2332,186.1475,109.105,158.2522,172.1502,40.7614,388.5486,190.2472,534.2962,421.2273
2019-12-13,66.3943,187.1521,109.2351,157.8571,173.2958,40.8819,388.5241,189.5854,535.6671,421.0711
2019-12-16,65.8785,184.7336,108.3522,155.9667,172.1778,40.3327,384.1855,187.4551,530.3864,416.4009
2019-12-17,65.6543,183.9186,108.0892,153.8103,171.9383,40.0724,384.1518,187.8067,529.4016,416.6255
2019-12-18,65.7324,184.9103,108.7335,154.8159,172.3196,39.8733,385.5834,189.3532,528.3114,418.7296
2019-12-19,65.6217,185.3342,108.9171,155.5466,172.2072,39.8375,384.5853,188.422,527.3331,418.6301
2019-12-20,65.7828,186.4243,109.4589,156.7599,173.1216,39.8544,385.0892,188.938,530.172,419.6005
2019-12-23,65.9047,187.5225,109.8135,156.4262,173.9025,40.2529,384.888,188.4978,531.119,418.9536
2019-12-24,66.2869,188.3064,110.2906,157.1045,174.6194,40.2958,387.9366,189.6224,534.3541,422.2648
2019-12-25,66.057,186.3318,110.0561,156.9697,173.9723,40.3992,387.6587,189.3762,533.0417,422.6568
2019-12-26,66.3358,186.9531,110.9987,158.3383,174.7156,40.7024,389.2266,190.6956,535.4889,425.0701
2019-12-27,67.0372,189.47,111.8201,158.6237,176.4613,41.2528,392.2988,192.3281,541.3652,428.7248
2019-12-30,66.4833,188.477,111.2545,157.9447,175.0755,41.1829,389.3566,190.3542,539.1894,424.5131
2019-12-31,66.2014,187.248,110.5992,156.4357,174.5385,41.5553,388.1244,189.5623,536.1592,423.0166
2020-01-01,66.6465,187.7988,111.8832,156.8096,177.6697,41.9933,393.1876,191.5117,540.6858,427.7028
2020-01-02,66.7012,187.3246,111.8721,157.4609,177.114,42.0663,390.5731,190.3753,540.818,425.1635
2020-01-03,67.497,189.236,112.5549,158.6158,178.6135,42.465,393.7121,192.3048,545.7064,427.9402
2020-01-06,67.1252,186.8056,112.2804,158.7985,178.0267,42.5734,394.776,192.6248,545.3484,427.7477
2020-01-07,68.0081,189.0176,112.877,159.267,179.9938,42.9868,398.2465,194.7058,550.1727,432.3646
2020-01-08,67.9889,189.1141,113.4625,160.6632,180.486,43.353,399.3576,195.3988,550.4158,435.3387
2020-01-09,68.1208,189.5237,113.5265,161.6342,181.4987,43.1793,401.3615,196.3317,552.1417,438.569
2020-01-10,68.6324,190.8325,115.0959,165.2857,183.6716,43.3529,404.2169,198.0585,557.9985,440.9628
2020-01-13,68.648,190.4652,114.6848,165.3316,183.5082,43.1469,402.2546,197.741,556.93,439.99
2020-01-14,68.3619,189.3488,113.5689,163.9956,182.2358,42.839,399.5455,196.2543,552.4673,436.764
2020-01-15,68.2338,188.7057,113.3506,162.4766,181.6398,42.7105,397.3534,195.1788,550.8138,434.1268
2020-01-16,68.42,189.9141,113.6952,162.8434,182.2253,42.6358,397.5596,195.3256,552.9688,434.173
2020-01-17,67.6113,187.7471,112.5351,160.0474,179.8318,41.8702,395.3341,194.2985,547.1907,431.8685
2020-01-20,67.7322,190.6081,113.0101,160.0802,180.2613,41.8108,396.5799,194.6508,550.0199,432.2923
2020-01-21,67.7845,190.5368,113.3327,162.1616,179.5972,41.2651,395.9611,194.9152,548.4143,432.2312
2020-01-22,68.3596,192.5629,114.3278,162.7049,181.022,41.538,398.4753,195.8872,552.5325,435.4831
2020-01-23,67.1006,188.7384,112.6876,158.5694,178.6883,41.0754,391.9037,192.8439,545.3033,429.6104
2020-01-24,66.707,187.392,112.3763,158.8875,177.9556,41.0719,391.4168,191.7097,542.3914,428.6944
2020-01-27,65.9856,186.5276,111.3846,157.0528,175.7235,40.6727,386.3062,189.5387,536.4316,423.7331
2020-01-28,66.1367,187.7095,110.9022,157.0772,174.2098,40.8171,384.782,189.0295,533.5582,422.1813
2020-01-29,66.187,186.5138,110.7267,155.9765,174.8852,41.1673,383.8813,189.2024,534.6259,420.228
2020-01-30,66.184,185.7631,110.4726,155.3905,173.6787,41.0806,384.7046,189.5322,534.7052,420.6853
2020-01-31,66.251,185.8991,110.5415,156.5252,173.5051,41.1164,382.2606,188.053,532.9711,416.6635
2020-02-03,65.9011,184.5624,110.1133,154.9633,173.1432,41.1491,380.8407,187.8634,533.2319,416.1628
2020-02-04,65.9691,183.7038,109.9707,154.7387,173.4706,41.1396,382.6599,188.5229,534.1421,417.124
2020-02-05,65.9441,183.8128,109.0384,153.7803,172.0883,40.8403,381.0822,187.71,531.2114,415.2283
2020-02-06,66.1363,183.068,109.9096,154.5172,173.0791,41.5102,381.5299,188.0083,535.4145,415.1902
2020-02-07,66.1798,183.4173,110.6584,155.8482,174.7645,41.8165,382.0622,187.8056,537.5343,415.533
2020-02-10,66.4014,184.7087,111.1405,156.624,174.3698,41.3536,383.0389,188.016,538.1598,415.521
2020-02-11,66.8518,186.7416,111.8704,158.148,175.1514,41.6747,385.33,188.8776,540.4108,416.8691
2020-02-12,67.108,187.4417,112.177,160.1117,174.9184,41.811,385.5677,189.2949,543.2724,416.3652
2020-02-13,68.0357,191.3183,113.6694,164.3854,177.439,42.3616,390.9308,191.8119,551.4961,420.178
2020-02-14,68.0541,191.663,113.6775,164.6812,176.8599,41.7192,392.7018,191.6739,550.8273,419.1251
2020-02-17,67.9123,191.9316,112.5716,162.9123,176.6471,41.9822,391.443,191.2901,549.0638,418.6898
2020-02-18,67.573,190.3959,112.0043,162.3662,175.4627,41.75,389.1498,190.7188,545.1146,417.4914
2020-02-19,67.2472,190.6397,111.1642,160.8756,173.9,41.299,386.7384,189.5801,540.3844,414.5839
2020-02-20,66.8803,189.5586,110.5483,158.6418,171.8821,41.1245,383.1995,187.4364,535.8308,411.4043
2020-02-21,66.4567,189.5085,110.2471,158.147,171.4932,40.5035,379.6832,185.3698,532.8233,406.6169
2020-02-24,66.4063,190.3347,110.6797,159.5852,171.0776,40.4298,379.5081,185.2678,534.1744,406.3928
2020-02-25,66.5622,190.894,110.7561,158.4596,171.1074,40.2938,379.672,185.177,534.3033,405.8937
2020-02-26,66.6421,191.3413,110.5276,157.3498,171.8983,40.8254,378.4616,185.1947,534.8971,406.643
2020-02-27,66.2107,189.8374,110.0263,156.2177,170.8122,40.6238,377.8164,184.3937,531.821,405.4358
2020-02-28,66.6964,190.5368,111.2919,158.3152,172.5478,40.7657,381.6849,186.2096,535.2414,409.6568
2020-03-02,67.2444,192.5205,112.3159,161.6803,174.0604,41.3634,383.4485,187.2723,537.5715,411.954
2020-03-03,67.17,192.6377,112.7834,161.6243,173.4796,40.6054,384.6181,187.3713,537.7494,411.4881
2020-03-04,66.6803,189.8762,112.32,161.0191,172.7335,40.5756,381.9326,186.324,536.1314,407.9961
2020-03-05,66.9042,190.4146,112.4263,161.1434,173.6473,40.4654,383.2592,187.2188,538.1283,410.0423
2020-03-06,67.0983,191.5972,112.7715,161.3564,174.3146,40.5131,383.7319,187.2334,539.7267,410.5922
2020-03-09,66.5758,191.1265,111.5159,159.5413,172.9878,40.1934,382.7946,185.9961,535.3114,409.3348
2020-03-10,66.7465,192.0789,111.3894,158.9803,172.8524,40.4087,382.861,185.526,535.9164,408.4534
2020-03-11,66.9885,191.5031,111.6323,161.5237,173.0974,41.0108,383.692,185.6286,536.9561,409.3476
2020-03-12,66.483,189.1555,111.1622,161.3649,172.1908,40.3606,382.0779,185.2405,534.4369,408.5895
2020-03-13,66.4479,188.7491,111.3127,161.0921,172.4892,40.5389,383.0977,185.2598,534.8129,409.1687
2020-03-16,65.727,187.6756,109.6754,159.6159,170.8146,40.7105,378.1578,182.9357,529.406,404.3447
2020-03-17,66.3487,188.9584,110.7628,161.2377,172.3007,40.8651,384.9422,186.1749,535.6434,410.7544
2020-03-18,66.9235,191.3864,111.7752,162.589,173.6024,40.9716,386.593,187.0301,539.2669,411.7448
2020-03-19,66.6806,190.1264,111.4299,161.814,173.0353,40.8951,386.279,186.9278,538.1946,411.3268
2020-03-20,66.6678,190.437,111.7544,161.9504,172.6695,41.0052,387.2723,187.0878,537.935,413.1091
2020-03-23,65.5337,186.3629,110.1225,158.556,169.9355,40.5432,381.4611,184.2784,529.0746,407.4912
2020-03-24,64.9298,184.4272,109.5389,156.3613,169.1726,40.2577,378.8453,182.6382,524.5593,404.3881
2020-03-25,64.5661,182.5112,108.7505,155.5512,168.9623,39.9939,377.3035,182.331,523.1893,404.1086
2020-03-26,64.3482,182.9319,108.0987,154.4808,168.1713,40.1246,375.6987,180.7623,519.9129,400.7186
2020-03-27,64.6787,183.3391,108.756,156.0831,168.0191,39.876,375.8427,181.6048,522.8612,402.2531
2020-03-30,65.4848,184.5028,109.9808,157.0728,170.7168,39.9846,382.5685,184.7104,529.0725,409.5061
2020-03-31,64.9289,181.7379,108.7559,154.5083,169.2545,39.3336,379.9104,183.5731,524.5549,406.1966
2020-04-01,64.4612,180.4001,108.286,154.491,168.5284,39.0699,379.3593,183.1889,522.7424,405.222
2020-04-02,64.3833,179.9066,108.5359,154.6219,169.2486,39.6095,379.5017,183.4398,525.0894,405.2525
2020-04-03,65.2603,182.9501,109.7258,156.9732,171.1907,39.755,382.5431,185.2519,531.8436,409.7225
2020-04-06,64.8176,181.5637,108.3433,155.0498,169.0853,39.6924,378.6099,184.1399,526.4471,405.8751
2020-04-07,65.1,183.278,108.8172,157.1715,170.3694,40.2897,377.1213,184.3582,528.364,404.9593
2020-04-08,65.8581,185.1927,109.8448,159.1478,172.5697,40.811,381.7197,186.4585,536.3114,409.5891
2020-04-09,65.0256,183.5893,109.0493,158.2409,170.7322,39.7833,377.2959,184.3622,529.3677,404.527
2020-04-10,64.5985,181.6704,107.9434,157.1852,169.0205,39.1568,375.7548,183.3419,525.9857,403.9709
2020-04-13,64.4222,180.1071,107.2884,155.9043,167.8041,38.7834,373.7836,181.965,524.8663,401.1333
2020-04-14,64.2386,179.058,106.5907,153.5277,167.7362,39.2138,372.5566,181.2559,522.953,397.6988
2020-04-15,64.5228,179.139,107.5307,155.0799,169.0832,39.3844,373.4402,181.8832,525.9531,398.3837
2020-04-16,64.2945,177.7167,107.6974,156.7656,169.7162,39.3594,375.2105,182.493,527.2951,400.8241
2020-04-17,63.6086,176.208,106.5278,153.2032,167.6008,38.9825,370.2052,180.132,522.2319,395.1907
2020-04-20,63.6993,176.3967,107.0621,154.2745,168.4281,38.8563,372.1104,181.1426,524.9183,397.8075
2020-04-21,63.1453,175.0516,107.1256,153.1266,167.658,38.73,371.9762,180.8505,521.9488,398.0896
2020-04-22,63.7406,177.2228,107.877,154.1595,169.3122,38.9358,374.5941,182.1364,525.8826,401.1417
2020-04-23,63.9138,176.6165,107.1829,153.2475,168.1639,39.3715,372.1312,180.8754,523.9737,397.0194
2020-04-24,63.7295,176.6338,106.5538,152.9325,166.4389,38.7976,368.5396,179.9993,523.3906,393.116
2020-04-27,63.928,176.4588,106.3805,152.8202,167.5092,39.505,370.5353,181.2526,522.7554,395.5406
2020-04-28,64.0977,176.671,106.9833,154.6923,167.9544,39.3285,371.9981,181.8428,524.8591,394.9932
2020-04-29,64.2057,175.7908,107.4056,156.1166,167.7811,39.3651,372.714,182.3071,524.8481,396.3876
2020-04-30,63.5366,174.5687,105.4089,153.0041,165.8272,39.068,369.7805,180.2662,517.6649,393.6024
2020-05-01,63.6742,173.9433,105.758,154.2368,167.0529,39.368,370.4,181.3875,520.7692,395.8151
2020-05-04,63.2184,172.0466,105.1338,152.9668,165.3953,39.0264,367.3284,179.9667,516.8733,393.8431
2020-05-05,63.336,171.8192,105.7631,153.3701,166.5949,39.4884,365.8767,179.9025,515.2536,392.6633
2020-05-06,62.6052,169.9484,104.4304,150.469,165.1692,39.2626,361.7273,178.0101,510.4864,388.2657
2020-05-07,62.6959,170.3247,104.2793,151.1921,165.7977,39.3414,364.2449,178.9195,514.6119,390.0437
2020-05-08,62.4533,170.434,104.2272,150.7971,164.4993,38.8858,363.0039,177.8698,509.7289,387.6759
2020-05-11,61.8711,168.9431,103.3522,147.6781,163.7865,38.6874,358.5437,175.1239,506.3974,382.3984
2020-05-12,62.2454,170.8418,103.7695,148.6704,165.0313,38.9137,361.842,176.0,511.1312,385.9544
2020-05-13,62.484,171.9391,103.8645,148.4685,165.8484,39.0445,360.7418,175.2953,512.1681,385.8143
2020-05-14,62.3163,170.9745,103.915,148.3199,165.429,38.9739,359.1116,174.8388,512.8033,385.4035
2020-05-15,62.9358,172.4198,104.2592,148.6397,167.6381,39.1217,364.765,177.827,516.9168,390.1666
2020-05-18,62.718,173.0351,103.4595,147.2935,167.2229,38.8119,365.1221,177.8275,517.4227,390.2716
2020-05-19,62.9458,174.6719,103.1348,148.8869,167.0494,39.0004,365.3993,178.2624,519.2152,390.7059
2020-05-20,63.4922,176.9079,103.7916,151.0029,166.8418,38.4522,367.4561,178.5437,520.2252,391.4736
2020-05-21,63.1327,176.6429,103.2029,150.5724,166.5782,38.7198,365.9857,178.4794,516.3894,392.9526
2020-05-22,63.44,177.9076,103.3542,150.8352,166.2364,38.546,366.468,178.3561,516.8588,392.6413
2020-05-25,63.2332,177.5971,103.0737,151.1472,165.9912,38.9158,365.2069,177.9176,512.1895,390.0742
2020-05-26,63.0442,177.1244,103.4021,151.6331,165.0961,39.0199,364.8708,178.2292,511.6111,389.5449
2020-05-27,64.0255,181.1957,103.9788,152.9122,166.3498,39.2101,368.0433,180.6334,516.8138,394.0694
2020-05-28,63.805,180.2116,103.0686,151.8322,165.9882,39.0785,366.1492,179.7135,513.5767,390.7831
2020-05-29,62.824,177.556,102.1162,150.3533,162.9285,38.7866,360.5404,177.0512,505.5961,384.467
2020-06-01,63.6122,178.5978,102.8441,151.9195,164.2852,39.3648,366.6056,180.252,512.8254,390.2395
2020-06-02,64.9568,181.4453,105.0892,154.6183,166.7648,40.11,376.0107,184.2334,521.9412,399.0373
2020-06-03,64.6823,182.0523,104.517,153.6393,167.1058,40.4162,377.0666,183.4344,519.9293,398.0429
2020-06-04,64.1541,181.0055,103.265,150.9051,165.9087,39.8307,373.1775,181.6149,513.7919,394.8222
2020-06-05,64.318,181.3299,103.0784,149.8428,165.0841,39.6572,372.95,182.9619,515.7694,395.5197
2020-06-08,64.1878,181.0247,103.0926,147.8713,165.5334,39.5325,370.0025,182.2016,515.8172,394.6597
2020-06-09,64.2184,180.1413,103.1237,148.2336,165.2694,39.1836,369.8895,181.002,514.818,394.1252
2020-06-10,63.7994,178.6795,102.759,148.2271,163.5353,38.8314,370.0431,180.3182,511.2049,392.8149
2020-06-11,63.8737,177.9039,103.2449,149.667,163.3445,38.6801,372.5736,180.7242,513.8079,394.3921
2020-06-12,64.0356,178.2401,103.363,148.9203,164.4997,38.8855,373.7663,181.2856,515.2024,395.9436
2020-06-15,63.346,176.8534,102.5889,148.1032,163.7411,38.5996,370.9725,179.8766,509.7886,392.7649
2020-06-16,63.6877,178.2204,103.5218,149.3599,165.0489,38.5934,371.3509,179.2691,512.2342,391.0412
2020-06-17,64.5713,181.954,104.9811,151.9218,166.4146,39.303,375.7436,180.3843,520.9033,396.3795
2020-06-18,64.6814,182.5015,105.2947,151.7879,166.2205,39.2926,375.5048,180.3657,522.5213,395.8854
2020-06-19,64.6476,180.6127,105.448,151.6921,166.1785,38.9383,374.8282,180.2852,521.0473,395.7807
2020-06-22,64.6588,182.1306,106.1226,151.419,166.0033,38.9553,375.5383,180.3946,521.6511,396.0698
2020-06-23,64.9942,182.4981,106.5228,151.4467,166.9014,39.5175,378.8576,181.2023,523.8901,397.9432
2020-06-24,64.3967,180.9434,105.3043,149.7865,164.783,39.2701,375.9684,179.5765,518.5501,395.0484
2020-06-25,64.4683,181.2563,105.6359,150.4135,165.3461,39.2484,374.9959,178.9368,519.4857,393.6722
2020-06-26,64.3197,181.0345,105.425,148.8853,165.0142,39.0451,372.8929,179.1444,516.2746,394.2862
2020-06-29,64.9757,182.9762,106.4536,150.0069,166.8808,39.2178,377.6457,182.0361,519.3351,399.9662
2020-06-30,64.7196,182.3094,106.1039,149.7394,167.0594,39.0872,378.737,182.4067,519.1631,399.9925
2020-07-01,65.6682,184.0783,107.0054,152.1399,168.0225,39.1535,385.0471,185.3125,523.8968,407.047
2020-07-02,65.2711,184.8981,106.1255,150.3122,166.8366,38.58,380.6377,183.2325,518.2435,401.1955
2020-07-03,65.0661,184.7703,106.4573,151.2045,167.9472,38.7525,382.0358,183.7131,519.2118,403.0656
2020-07-06,65.5718,186.2409,106.9194,151.4645,168.199,38.9294,381.667,183.012,521.5627,402.9843
2020-07-07,65.037,186.0243,106.8756,151.1264,166.9709,38.6081,379.8123,182.9137,519.198,401.8071
2020-07-08,65.4133,186.2414,107.2261,151.0205,166.6025,38.6195,380.2418,183.4922,520.8832,403.7586
2020-07-09,66.199,189.1295,108.0335,151.4414,167.6407,39.2558,382.4904,184.6779,525.6805,405.1939
2020-07-10,66.2669,188.8361,107.2085,150.0804,167.1345,39.5926,384.614,184.0217,523.5613,405.177
2020-07-13,65.6294,187.2309,105.4294,148.5527,164.9548,39.0891,378.9298,181.43,518.9567,398.4924
2020-07-14,65.557,187.276,105.3898,148.0345,164.9359,39.2812,375.8795,180.6823,519.7647,399.4439
2020-07-15,65.1244,184.215,105.106,147.0894,164.0733,39.0317,374.2643,179.142,516.7387,395.6919
2020-07-16,65.1718,183.2918,105.0025,147.2423,164.1115,38.9079,372.47,177.7642,515.8052,393.3867
2020-07-17,65.0498,184.1363,104.93,147.2746,164.466,38.7142,371.8117,176.9352,516.543,393.8075
2020-07-20,64.3899,182.0355,103.1966,144.9607,163.1403,38.4511,367.2483,174.8643,510.1908,388.9366
2020-07-21,63.6401,181.3143,102.1319,143.7932,161.5406,38.3556,363.7788,172.9468,506.1264,383.5657
2020-07-22,63.8149,182.7214,102.8875,144.2092,161.6104,38.0675,364.1839,173.0701,508.4634,383.0863
2020-07-23,63.5944,181.8298,102.9948,143.84,160.8325,37.8393,364.7498,172.9781,506.8885,382.9592
2020-07-24,62.487,178.3035,101.6672,142.8776,158.1893,37.2006,358.6054,170.7517,500.4525,376.7353
2020-07-27,62.7116,180.0737,102.3157,143.7809,158.4894,37.3331,361.1054,171.994,501.748,379.2146
2020-07-28,62.4883,180.8282,102.3184,144.3289,158.7328,37.4535,361.8289,171.9563,502.3355,379.4386
2020-07-29,62.1689,179.5241,101.7473,144.5111,158.0552,37.4318,359.9799,170.6429,499.512,377.8108
2020-07-30,61.5776,178.7376,101.1582,144.3468,157.092,37.646,354.9045,168.7801,495.8098,375.2482
2020-07-31,61.88,180.1975,101.3486,143.6429,158.6853,37.7737,356.4108,169.1688,500.0705,377.694
2020-08-03,62.1682,181.7278,101.9629,144.4728,158.2402,37.4545,360.4227,170.3188,500.2045,378.9228
2020-08-04,63.0625,184.2441,102.7263,146.3549,161.3579,38.1885,364.1569,172.7815,512.0865,384.2825
2020-08-05,63.3337,184.3349,103.2232,147.4592,161.4994,38.5498,366.001,173.95,512.8041,386.7225
2020-08-06,63.8691,184.9462,103.7514,148.3424,163.2363,38.5686,365.9992,174.6055,514.647,388.3635
2020-08-07,63.931,184.005,103.5573,146.8624,162.7662,38.5404,368.086,174.4815,514.2379,387.8676
2020-08-10,64.4673,186.8802,104.3109,147.5097,164.2119,38.8017,368.5973,175.0334,517.1669,390.4146
2020-08-11,64.5868,187.0722,104.0802,147.3142,164.2691,39.0099,371.1718,176.751,518.4738,392.7704
2020-08-12,65.021,187.3307,104.8799,147.4365,165.5358,39.4202,374.9494,178.3496,524.1052,394.7024
2020-08-13,64.5246,186.4915,104.4201,147.4985,164.4143,39.164,375.2292,178.7818,521.4188,393.4491
2020-08-14,64.3193,185.382,104.3958,147.4587,163.6518,39.0898,372.428,178.1707,518.0204,392.3711
2020-08-17,64.38,184.9477,103.9136,145.4251,162.0562,38.5603,369.8344,177.2564,515.3972,390.7943
2020-08-18,64.7928,187.5931,104.5974,146.0902,163.0439,38.9467,370.9687,178.0611,519.7185,391.7856
2020-08-19,65.3009,187.9287,105.5977,147.4033,164.7976,39.6343,373.0446,179.5933,526.0853,394.0471
2020-08-20,65.1324,187.4898,105.7061,147.6136,165.0496,39.6709,371.1975,178.3999,522.8773,390.286
2020-08-21,65.0384,186.65,105.0064,147.856,165.0024,39.5217,371.2097,178.4445,522.3778,390.5602
2020-08-24,65.1226,186.2346,105.8591,149.5665,165.4796,39.5582,372.4683,178.7973,521.5851,391.4449
2020-08-25,64.8491,184.2762,105.5345,148.18,164.164,39.425,371.7391,178.7017,520.8717,389.1632
2020-08-26,65.0516,184.87,105.7571,147.5033,164.7896,39.5143,374.5101,179.3974,522.8935,391.4333
2020-08-27,64.3155,182.0617,103.9063,144.9401,162.3761,38.6664,369.7507,175.8323,516.5841,383.929
2020-08-28,64.0277,181.6464,103.4068,144.5095,161.7476,38.7311,369.3406,176.0229,514.6324,384.2579
2020-08-31,63.7064,180.6548,103.2326,145.139,161.9386,38.5159,367.5336,174.4041,513.3567,380.6678
2020-09-01,62.8399,177.9008,101.611,144.2564,160.2491,38.2283,359.7567,170.7823,505.4983,373.9972
2020-09-02,62.5472,176.4248,100.3853,143.8778,159.3673,37.5919,356.5073,170.66,502.264,372.0305
2020-09-03,62.477,177.2397,99.5154,142.3301,158.7225,37.4812,355.8064,169.9821,497.6856,367.6758
2020-09-04,62.2277,177.0086,99.3785,142.8081,158.9905,37.5274,357.1794,170.634,495.875,370.345
2020-09-07,62.6627,177.7381,100.4439,144.5895,159.7288,37.2494,359.5619,170.3967,500.7608,373.5418
2020-09-08,62.5532,176.4305,100.6793,144.0945,159.685,37.3425,358.8052,170.8163,500.5834,373.4371
2020-09-09,62.0919,173.7919,100.1825,142.0487,158.3629,36.8359,356.405,170.542,497.527,372.4559
2020-09-10,61.8762,174.0173,100.2717,142.3339,158.3338,36.8826,355.2002,170.5092,499.1161,372.3081
2020-09-11,62.5272,176.5483,100.9434,142.2527,159.8121,37.1391,357.5899,171.5786,500.9437,374.6428
2020-09-14,62.2791,176.5705,100.5485,141.2016,159.4937,36.7777,355.6951,170.82,498.8691,374.8619
2020-09-15,62.1475,176.0786,100.3666,140.5879,158.3435,36.3551,353.9623,169.9543,494.5311,373.7777
2020-09-16,62.7893,178.485,100.7785,141.4434,160.4258,36.6424,353.2718,169.4649,498.3553,373.4202
2020-09-17,62.7126,178.9542,100.952,142.7158,160.0325,36.8448,352.7592,168.4503,498.4426,372.2065
2020-09-18,62.6696,178.7123,101.4143,143.4428,160.054,37.0882,352.5634,168.1388,501.8234,370.8577
2020-09-21,62.9492,179.2061,101.0808,142.669,159.9442,37.5971,352.8628,168.5743,501.1754,370.7166
2020-09-22,63.2354,179.2837,102.2045,142.8263,160.5153,37.6164,354.8514,169.564,506.0351,373.2474
2020-09-23,62.6635,177.908,101.5539,142.4102,159.3217,37.2544,352.248,167.925,504.8302,371.0938
2020-09-24,62.8288,178.7511,102.085,143.2892,159.1626,37.2731,350.425,166.6193,505.3625,368.0608
2020-09-25,62.7765,178.2615,102.0897,143.024,158.9649,37.1711,348.9395,165.8005,506.0351,366.0234
2020-09-28,62.4982,177.2153,101.6232,143.3503,158.1221,36.8837,346.319,163.9672,501.878,363.364
2020-09-29,61.981,175.5398,100.8544,141.5323,156.2243,36.5166,341.7055,162.1139,495.7646,358.0673
2020-09-30,62.2135,176.7493,101.682,142.3067,156.3978,36.735,343.7651,162.5379,498.8556,359.3789
2020-10-01,62.1698,175.615,101.4569,141.9641,155.8971,36.1818,345.3055,162.8518,496.9799,361.1032
2020-10-02,62.1067,174.6551,100.6193,140.5603,155.0412,35.9158,346.471,163.0855,496.5681,361.9634
2020-10-05,61.932,173.4222,100.6524,141.1456,155.248,35.703,346.3634,163.5679,497.4893,362.6462
2020-10-06,62.3063,174.4361,101.829,143.2236,156.9972,36.0989,350.0407,165.5027,501.5117,367.6419
2020-10-07,61.0235,171.0389,100.2195,141.8556,155.4917,35.9308,344.4831,162.4554,494.4418,360.9616
2020-10-08,60.5589,169.0265,99.0537,140.6601,154.2435,35.9545,338.6836,160.7839,490.6756,356.0798
2020-10-09,60.0594,168.2785,98.8903,140.4015,153.3629,35.7057,337.4139,159.7873,488.1163,354.9624
2020-10-12,60.6823,171.0973,100.1269,141.9325,154.2487,35.9549,339.695,160.6741,492.6036,357.087
2020-10-13,60.957,172.1761,100.1814,142.3923,154.7648,35.7366,340.1106,161.0071,492.5516,359.1026
2020-10-14,61.3901,174.1984,100.7959,143.1556,156.0112,35.8672,341.1778,161.6274,495.9236,359.8351
2020-10-15,60.9755,172.3336,100.3843,142.6639,154.8062,35.715,336.6414,159.7324,492.6762,356.2814
2020-10-16,60.2821,169.7191,99.7878,142.2387,153.5633,35.2153,336.1155,159.1504,491.6739,355.5447
2020-10-19,60.6785,171.2216,100.5127,143.3761,154.1974,35.6782,336.7188,159.3627,493.1616,355.951
2020-10-20,60.6863,171.2172,100.6796,143.8513,154.0589,35.8087,335.533,158.7712,493.7375,354.9437
2020-10-21,61.0785,171.7313,101.0938,143.8703,155.0419,35.863,337.147,159.9268,495.8807,357.1493
2020-10-22,61.0651,172.6964,101.3076,145.1794,154.5098,35.4803,335.9015,159.6006,495.9117,356.0467
2020-10-23,61.143,173.1144,101.4373,144.5486,154.7295,35.4355,338.225,160.4647,496.2145,358.1492
2020-10-26,61.1483,173.5964,101.895,145.5327,154.9438,35.3564,337.737,160.2296,496.8113,357.0276
2020-10-27,61.4325,173.9131,102.1861,145.5962,155.2603,35.2383,337.4893,160.6762,500.1739,357.9012
2020-10-28,61.7142,175.8852,102.0871,146.2731,155.5442,35.0838,339.6017,161.4038,502.6604,360.662
2020-10-29,61.0672,173.837,100.9834,145.3533,154.084,34.8266,338.0058,160.1817,498.176,358.1581
2020-10-30,60.1293,171.7603,99.7539,143.5784,152.4673,34.7333,334.4237,158.0847,491.1933,354.0625
2020-11-02,60.3575,171.9483,100.6723,145.9666,154.067,34.9975,336.2298,159.0611,494.9212,356.5767
2020-11-03,61.032,173.9665,101.6536,147.1351,155.5124,35.4772,339.3931,160.655,500.0949,360.2747
2020-11-04,60.8685,173.8172,101.1677,147.0153,154.8185,35.3354,338.4028,159.9778,496.7199,359.4158
2020-11-05,60.1943,173.1582,100.2261,145.0445,152.9848,35.1516,333.4938,158.1949,489.5225,354.4295
2020-11-06,60.3527,173.1994,100.179,145.1979,153.2285,35.0989,333.1927,158.0391,489.7545,354.316
2020-11-09,60.6837,174.2055,100.8189,145.3435,154.3405,35.4607,334.1929,158.4765,492.1225,355.0767
2020-11-10,61.1617,175.9146,101.9899,146.9621,156.1933,35.9398,339.6293,160.5704,496.36,360.0572
2020-11-11,61.1412,174.7454,102.7092,147.8911,156.6959,36.3997,340.6872,161.1544,498.0845,360.2904
2020-11-12,61.1327,173.1307,102.1903,147.7621,156.0845,36.429,340.3635,160.9037,497.172,358.4446
2020-11-13,60.9188,171.8053,101.749,146.5728,155.5689,36.4034,339.3152,160.7216,495.2241,357.7493
2020-11-16,61.0318,172.8007,101.3342,148.2014,155.2859,36.0478,336.3506,160.0004,494.5424,357.0025
2020-11-17,60.5424,172.5479,101.1128,146.7202,154.6742,35.8445,337.7815,160.433,493.7982,357.8005
2020-11-18,60.31,171.178,100.6467,146.1347,152.876,35.3347,335.976,159.8844,491.7099,355.1045
2020-11-19,61.016,172.3448,101.8431,147.9522,154.4478,35.5442,341.348,162.1179,497.8751,360.6395
2020-11-20,61.4682,174.7107,103.1755,150.1483,157.0384,36.1544,345.4561,163.8823,504.2771,364.3323
2020-11-23,61.9465,175.6561,103.8963,150.6691,158.5077,36.5742,346.62,164.5866,509.7379,366.0535
2020-11-24,61.7059,174.6722,102.5827,148.8877,156.7509,36.3116,344.3604,163.6564,505.1138,363.6924
2020-11-25,62.0761,176.7515,103.7323,149.9995,157.5166,36.796,346.5422,164.6415,508.3488,365.3206
2020-11-26,62.4477,178.7,104.7593,152.8033,157.7219,36.9736,348.3708,165.4015,511.9843,368.8565
2020-11-27,62.9237,180.6779,105.6074,153.3889,158.8815,36.9696,348.9495,165.8293,513.1723,370.9036
2020-11-30,63.2614,180.3215,105.9781,153.6923,160.3398,37.3604,348.1709,166.4744,519.2706,370.8612
2020-12-01,63.5599,180.2204,106.465,153.7728,160.5718,37.5708,347.346,166.9375,522.2312,371.1945
2020-12-02,63.6372,181.2289,107.2792,154.2335,161.7271,38.1276,351.0157,168.2645,526.7407,374.9943
2020-12-03,63.9402,182.2876,108.2923,154.532,162.5314,38.2704,349.8232,169.1266,529.723,376.0001
2020-12-04,64.0548,181.9942,108.712,155.6498,162.9765,38.339,350.5286,170.1196,533.244,377.712
2020-12-07,63.2834,179.4741,107.2304,153.0398,161.4185,38.2554,345.4607,168.0927,527.5878,373.1712
2020-12-08,63.3008,180.2969,107.4973,152.8117,161.5494,38.318,345.4846,167.9004,526.5844,374.1825
2020-12-09,62.9802,180.4106,107.1044,151.5682,159.9206,37.5913,344.7691,167.1966,524.2942,373.0196
2020-12-10,62.4149,178.6645,105.7442,149.9757,159.127,37.0263,339.8626,165.1158,521.009,369.2412
2020-12-11,63.2359,180.4775,107.069,151.8867,161.6513,38.0173,345.9975,167.6402,527.6252,375.7239
2020-12-14,63.7476,181.699,109.0585,154.7237,163.9184,38.1225,349.2673,169.7574,533.4535,379.5393
2020-12-15,64.3378,184.3437,110.3604,155.9872,164.8003,38.3028,352.4063,171.5402,540.0417,383.0514
2020-12-16,64.4513,185.5632,111.1203,157.4555,165.2571,38.6353,352.0733,171.673,540.7617,383.9421
2020-12-17,65.3656,188.2697,112.1849,158.4635,166.1312,38.4321,356.7471,173.8962,546.1139,388.036
2020-12-18,65.3628,187.7373,112.5001,159.0323,166.6365,38.3294,358.7232,174.7322,546.7215,388.8357
2020-12-21,65.3755,188.4816,112.4244,158.8872,167.1829,38.2089,358.8685,175.0356,546.3087,389.0983
2020-12-22,64.9136,188.2096,111.8347,156.8129,165.3788,38.3039,357.8569,175.5711,542.5069,389.4331
2020-12-23,65.2559,187.9546,112.3371,159.2389,166.143,38.9733,358.3792,175.7714,546.2558,391.2482
2020-12-24,65.231,187.581,112.7885,160.3778,164.9573,38.5569,358.7334,176.088,545.8803,391.9868
2020-12-25,64.4916,186.157,112.3109,159.8847,163.1957,38.3294,356.4779,175.0026,541.8618,388.8998
2020-12-28,64.6298,186.478,112.0671,159.8353,162.8784,38.3417,355.1583,174.6317,541.0605,387.5037
2020-12-29,64.563,185.7803,112.2405,161.7365,162.9192,38.2917,355.5184,174.7619,540.314,388.5071
2020-12-30,65.3935,188.2362,113.4785,164.3483,164.4778,38.2622,360.021,176.9006,545.8075,393.6072
2020-12-31,65.7802,189.5298,114.2454,165.6173,165.5578,39.0595,361.0959,177.875,549.7588,395.7665
2021-01-01,66.0149,189.2359,114.4915,165.2641,166.2526,38.7836,360.4927,178.4777,549.2437,396.8964
2021-01-04,66.0479,189.3071,115.0219,165.4734,165.6984,38.7353,361.1937,178.8598,551.3393,397.0239
2021-01-05,66.049,189.4957,115.4628,164.5443,165.6033,38.5823,360.5192,178.7489,551.1977,396.5901
2021-01-06,66.0409,189.0009,115.7046,164.5882,165.545,38.8288,360.127,178.6535,550.739,395.6735
2021-01-07,65.3399,186.2912,114.7094,163.7643,165.2314,38.9691,357.4671,177.2142,547.43,392.5718
2021-01-08,65.5641,186.4827,115.1199,164.8573,164.8005,38.6472,356.4781,177.1921,545.4613,391.4222
2021-01-11,65.3313,185.0449,114.139,163.9589,163.818,38.2651,354.1519,176.597,543.1872,389.3963
2021-01-12,64.9861,184.6595,113.6415,162.7911,162.4773,37.646,351.5741,175.8175,539.3215,386.1519
2021-01-13,65.1371,184.3337,114.2162,164.0228,163.0653,37.8544,355.2071,178.2127,542.3046,390.5304
2021-01-14,65.2739,184.8579,114.7799,165.4507,163.3381,38.1094,356.0206,177.7362,543.0792,390.7835
2021-01-15,64.4663,182.2379,112.8725,160.881,161.357,37.6077,351.4678,175.3229,536.3442,385.9071
2021-01-18,64.3847,181.4845,112.5004,160.6168,161.2473,37.5567,350.9709,174.5093,536.5733,384.7961
2021-01-19,64.9157,184.0319,113.3012,163.4287,162.9,38.3769,355.3923,176.1253,541.3562,389.7318
2021-01-20,65.3539,185.18,114.2914,164.5111,164.0216,38.8415,356.8105,176.7667,544.7446,390.1824
2021-01-21,65.646,185.5089,114.8437,163.1566,165.2139,39.4104,360.3581,177.8685,547.4415,391.9075
2021-01-22,65.5582,184.6897,114.9533,162.6798,165.0451,38.8223,361.3822,178.5125,547.4822,392.7594
2021-01-25,65.246,184.0619,114.3933,160.5011,164.985,38.942,358.9276,178.0553,543.8434,391.6739
2021-01-26,64.8452,183.5245,114.0987,159.7116,163.2322,38.6172,358.1497,177.4128,540.4645,390.4326
2021-01-27,64.8392,184.431,114.2638,159.1013,163.6708,38.4178,360.5222,178.3891,541.035,392.5479
2021-01-28,65.2897,185.5695,114.3749,160.1738,164.3506,38.3347,361.0739,178.95,543.105,392.5472
2021-01-29,65.8478,186.9789,115.5059,162.495,165.8895,38.6378,365.1409,180.9661,547.9453,396.7132
2021-02-01,66.4517,188.7956,116.0771,163.6672,166.6232,38.509,366.59,181.1955,552.5758,397.7843
2021-02-02,66.3171,188.4977,115.9442,164.5765,166.8511,38.4138,366.8099,180.9558,550.949,397.7841
2021-02-03,65.7574,186.2623,114.9834,162.8169,165.153,37.9967,362.9408,179.096,545.5958,393.8273
2021-02-04,65.4994,186.5901,114.8418,162.7371,165.4769,38.2479,361.5995,178.7762,545.4524,392.7066
2021-02-05,65.4592,186.4372,114.7322,164.4307,165.618,38.1573,360.7763,178.1481,545.9892,391.0972
2021-02-08,65.6751,187.413,114.0787,163.9607,165.3664,38.0496,361.2686,178.2429,544.6951,391.234
2021-02-09,65.3529,186.7284,113.926,164.1719,165.2251,38.3053,357.7688,177.048,542.728,387.8806
2021-02-10,65.5174,187.4375,113.9169,163.4599,165.8542,38.0698,358.9044,177.2756,543.8699,388.6678
2021-02-11,65.2737,185.8976,113.4132,162.374,165.5293,38.1085,356.544,176.0843,542.1838,386.6878
2021-02-12,65.0062,185.0649,112.5772,160.3731,165.2005,38.1774,353.8719,174.8204,540.324,384.3012
2021-02-15,65.1026,186.9936,112.8401,162.1126,165.4581,38.3701,355.9785,175.6705,541.7168,385.6519
2021-02-16,64.7379,187.0017,112.2075,159.9249,163.9693,37.9724,354.1423,174.5656,537.7086,383.139
2021-02-17,64.8577,187.3266,112.5233,161.1133,164.2003,37.8179,355.8291,175.3329,539.418,384.7204
2021-02-18,65.0189,187.3812,112.5078,161.5391,164.9211,38.3687,357.7599,176.5527,540.5177,387.1508
2021-02-19,64.582,184.3254,112.1508,159.71,163.4325,37.883,354.9803,174.949,536.6719,383.1212
2021-02-22,64.4691,183.5652,111.7805,160.1238,163.6382,37.7105,355.2723,175.2324,535.5045,383.7844
2021-02-23,65.2252,185.6517,112.5132,160.9205,165.1382,38.0824,357.5476,176.1593,540.8943,385.8175
2021-02-24,64.6518,183.7066,112.0698,159.2309,163.9861,37.7164,355.3053,175.2265,536.6205,383.6987
2021-02-25,63.7795,180.9627,110.5833,157.482,162.165,37.6194,350.1945,172.6059,529.4218,378.1033
2021-02-26,62.9431,178.9585,109.0032,154.659,160.3553,37.21,345.2974,170.1103,523.3927,372.6852
2021-03-01,62.8916,178.052,108.8538,154.3405,160.3849,37.5185,346.403,170.5668,523.2886,373.4499
2021-03-02,62.902,178.2594,109.1561,154.4221,160.4233,37.6491,348.0006,170.7815,523.2638,374.5423
2021-03-03,62.8016,177.8678,109.4471,154.2139,160.9641,37.6924,348.4495,171.1884,522.2918,375.3201
2021-03-04,63.3798,178.8864,110.2459,154.4919,161.9582,38.1794,351.6679,172.5713,525.3124,378.731
2021-03-05,62.2152,176.7167,108.4054,152.7011,159.2767,37.4545,345.4771,169.6742,516.2808,372.5406
2021-03-08,62.3754,177.6731,108.8177,153.6175,159.7245,37.4907,346.5974,170.1996,517.8046,374.4949
2021-03-09,62.7679,178.1961,109.7312,155.1662,161.7579,38.0651,350.3316,172.069,522.6754,378.5409
2021-03-10,62.3842,177.4174,108.8805,153.7768,160.7737,37.911,348.541,171.169,519.6691,376.5472
2021-03-11,62.2907,176.119,108.6269,153.5442,160.9888,37.8087,348.522,170.9678,518.0382,376.7929
2021-03-12,62.2996,175.6682,108.4557,152.8173,160.2846,37.3232,348.3243,170.4075,516.0811,375.9418
2021-03-15,62.0601,175.918,108.2182,152.0109,159.3566,37.1506,344.746,168.7544,513.4051,372.1791
2021-03-16,61.9017,175.6811,107.934,153.0388,158.9314,36.9268,344.0721,168.5307,513.3081,371.0112
2021-03-17,62.5879,177.8266,108.8428,155.0392,160.1637,37.233,346.2751,169.4257,518.4349,372.9194
2021-03-18,63.2201,180.3293,110.3599,156.7367,161.863,37.5356,351.0003,171.6384,524.2179,377.7592
2021-03-19,63.0276,180.1457,110.0603,155.1938,161.3187,37.296,351.9045,171.8072,523.6864,378.9552
2021-03-22,63.8272,182.2053,111.7128,156.2334,163.9113,37.8309,355.9304,173.6308,531.0959,383.4749
2021-03-23,63.5631,182.049,111.6863,155.8482,163.8704,37.8512,356.2111,173.8233,530.5776,383.9179
2021-03-24,64.3704,183.0762,112.7085,157.4935,165.6185,38.4269,361.0953,176.3618,537.0512,389.4801
2021-03-25,64.1556,181.923,112.5108,157.4676,165.9391,38.6268,358.8067,175.2098,537.2262,386.8191
2021-03-26,64.3195,182.3015,112.9468,158.3242,166.7644,39.3211,358.6599,175.5078,537.7466,386.8388
2021-03-29,64.2659,182.5245,113.1672,159.0227,167.5818,39.53,359.8608,176.2018,538.0787,388.2705
2021-03-30,65.6308,186.2015,116.1071,162.3407,170.9484,40.0942,364.0559,178.2301,549.2607,393.3165
2021-03-31,66.0823,186.1492,116.4893,164.2462,171.8718,40.2587,365.5078,179.0206,552.117,394.378
2021-04-01,65.9605,184.3957,116.2846,163.8885,171.7277,40.3725,365.2436,178.595,550.5347,393.5508
2021-04-02,66.3116,185.4171,117.5708,166.0005,173.252,40.9473,369.3541,180.3355,554.1103,396.7951
2021-04-05,66.1156,184.5749,117.1744,164.9859,172.6649,41.1354,369.1257,179.9808,552.7304,396.5296
2021-04-06,65.9011,183.3747,116.359,164.2123,172.1787,40.7479,368.8173,179.6574,550.8027,396.5693
2021-04-07,66.1396,183.3598,117.4275,167.5016,173.7568,41.3922,371.1015,181.0499,554.3862,399.2184
2021-04-08,66.1744,183.6806,117.2479,166.4252,173.2315,41.2331,371.8822,181.3707,554.6872,400.0315
2021-04-09,66.3788,185.3389,117.606,166.0319,173.9773,41.1366,372.5751,181.9578,555.3322,400.181
2021-04-12,66.6471,186.2825,117.4591,165.19,174.4023,41.1628,372.7351,181.8752,555.7056,400.695
2021-04-13,66.8923,188.0423,117.7521,165.4237,174.1736,41.4005,372.4817,181.7363,556.7827,401.0003
2021-04-14,67.048,188.2439,118.0961,165.5785,174.5376,41.5658,374.6568,182.8465,556.9817,403.4974
2021-04-15,66.1404,186.0198,116.6158,162.8209,171.7387,40.6232,371.679,181.8916,550.5397,400.6148
2021-04-16,66.434,187.9076,117.1847,163.7173,172.2424,40.4253,375.1243,183.5951,553.3989,404.2893
2021-04-19,66.2002,187.1105,116.0449,163.5807,170.7563,39.8115,371.8425,182.3828,550.159,400.7311
2021-04-20,65.5078,185.1336,115.0076,162.1143,169.4567,39.3779,367.5899,180.3452,544.9933,396.077
2021-04-21,65.6471,185.2567,114.8577,161.9187,169.2815,39.3857,368.9469,180.8991,544.9052,397.1288
2021-04-22,65.6154,185.6139,114.8399,162.2613,169.1131,39.109,369.6559,181.8109,545.7913,398.1218
2021-04-23,65.3513,185.5134,114.3061,162.1186,168.515,38.919,368.2096,181.3062,543.1217,395.4561
2021-04-26,65.7241,186.8251,115.0036,164.2579,169.185,39.4326,369.3428,182.0905,546.7382,397.0918
2021-04-27,65.1906,185.0705,113.9619,162.9889,168.0899,39.6009,366.7346,180.94,541.4471,394.4874
2021-04-28,64.9405,183.2135,113.9044,162.8912,167.9782,39.9452,365.2145,179.7193,540.2715,392.3227
2021-04-29,65.0086,183.383,113.2109,161.1045,167.3571,39.3614,365.0973,179.226,538.3947,391.1155
2021-04-30,65.0302,183.3144,113.0783,161.5387,167.1742,39.7217,366.0838,179.8725,538.9378,393.4154
2021-05-03,65.211,184.0227,113.4514,161.3728,167.682,39.8355,368.4677,181.2461,539.5937,396.4815
2021-05-04,64.6253,182.4303,113.0614,160.1521,165.7998,39.4234,366.0934,180.2409,535.7935,394.5875
2021-05-05,65.0891,184.9302,113.5343,161.0199,166.7359,39.8543,366.5479,180.4288,537.6198,394.9126
2021-05-06,65.2154,184.7447,113.6963,162.5398,167.8661,40.2403,367.2457,180.6144,537.6599,394.5612
2021-05-07,64.3352,181.0409,112.3123,161.1737,165.8847,39.3207,365.7571,179.1947,531.4226,392.437
2021-05-10,63.6087,178.1637,111.0103,159.2757,163.7992,38.7109,359.7329,176.4675,523.9292,386.1336
2021-05-11,63.6681,177.9334,111.2699,158.8255,164.1625,38.7012,359.405,176.5605,523.8293,386.3795
2021-05-12,63.621,178.6358,111.2935,160.075,164.5289,38.4736,360.4593,176.8607,523.4679,387.7712
2021-05-13,63.6809,177.9179,110.8973,159.4197,164.7308,38.7663,360.5055,177.289,523.223,388.2752
2021-05-14,63.6719,177.1329,110.9664,159.2383,164.0293,38.9537,363.109,178.6119,523.3064,390.6898
2021-05-17,63.8897,178.1394,111.6816,160.6543,164.3425,39.0054,363.2541,178.628,523.3373,391.1194
2021-05-18,64.3922,180.2608,112.5253,161.4276,166.4089,39.5135,364.0406,179.2853,526.6466,392.5558
2021-05-19,64.0133,178.1283,112.0886,160.1743,165.4264,39.2796,362.8297,178.4471,523.0314,391.2331
2021-05-20,63.5555,175.6718,111.2129,158.4205,163.8611,38.9453,358.5086,176.4309,519.1263,386.6929
2021-05-21,63.1781,174.1902,110.1194,156.3944,162.8898,38.9776,356.4671,175.2155,515.6992,383.9522
2021-05-24,63.2304,174.9424,110.5156,156.1033,163.0633,38.5756,357.2479,175.4493,516.6512,384.6364
2021-05-25,63.8259,176.8505,111.1976,156.1549,164.917,39.0877,361.0753,177.4681,520.7572,388.5042
2021-05-26,63.5909,175.7763,110.9679,156.716,164.188,38.9205,360.272,177.1434,518.8186,388.8089
2021-05-27,62.6918,173.8852,109.4449,155.2035,161.5022,38.1603,355.1818,174.652,511.1405,383.8664
2021-05-28,62.0733,172.3284,107.8366,152.3899,159.6115,37.6345,351.453,172.6787,505.0662,379.7109
2021-05-31,61.902,171.8691,107.0606,152.0644,158.5727,37.8282,350.584,172.1039,502.5674,379.3956
2021-06-01,61.6138,170.05,106.5692,151.6565,158.282,37.4473,353.2171,173.4904,501.8655,383.1462
2021-06-02,61.4049,169.0726,106.2957,151.0595,157.9122,37.329,352.8023,173.1523,501.2357,382.5822
2021-06-03,61.3391,170.3622,106.2081,150.0539,157.8432,37.6826,353.6675,172.958,501.7686,382.4733
2021-06-04,61.2757,170.0487,106.5306,150.8362,157.0431,37.204,351.0038,171.9156,501.0404,380.247
2021-06-07,61.5667,170.3195,107.3379,153.4449,157.5128,37.2028,353.5248,173.5269,504.5075,382.4347
2021-06-08,61.2824,169.3768,106.8666,152.7932,156.4417,36.9835,351.6827,172.9075,501.7957,380.4879
2021-06-09,60.7938,168.202,106.1319,152.5203,155.6387,36.9035,349.2667,172.0806,498.9576,377.3603
2021-06-10,61.1489,169.9197,106.4145,152.7194,156.8081,37.1387,350.2426,172.8318,501.1235,378.6309
2021-06-11,60.4357,168.4068,105.4077,151.974,154.7969,36.5029,348.7396,172.0809,496.6057,376.8076
2021-06-14,60.4336,168.0186,106.0854,152.7581,156.1907,36.9143,350.5883,173.388,498.5522,379.6411
2021-06-15,60.5691,169.3483,105.9274,150.6614,156.0966,36.8757,351.3064,173.3166,499.9053,379.8607
2021-06-16,60.3356,169.2865,106.1268,150.4293,156.0593,37.012,350.5049,172.7471,499.441,377.175
2021-06-17,60.8994,170.6289,107.5211,152.5239,157.3952,37.5078,354.9863,175.582,504.9093,382.863
2021-06-18,60.5998,169.7276,106.9572,152.6137,156.6888,37.0075,354.001,175.1038,501.4528,382.3738
2021-06-21,61.6471,173.18,108.7345,154.9905,159.2976,37.8127,356.9493,176.9716,509.9987,385.7737
2021-06-22,61.6418,173.939,108.9151,155.2818,158.4027,37.5518,357.2718,177.1651,509.0913,386.6461
2021-06-23,61.0427,171.1731,107.4631,152.8173,157.2819,37.4881,356.333,176.7475,505.5723,384.3602
2021-06-24,61.0272,171.2146,107.4765,154.0671,157.4981,37.6325,353.8366,175.6288,505.6367,382.3595
2021-06-25,60.8079,170.6003,106.7002,154.1068,155.7821,37.6521,351.1375,174.5876,501.9474,378.5327
2021-06-28,60.4666,169.2706,106.0984,152.6652,155.2899,37.5025,349.6486,173.8756,499.483,376.558
2021-06-29,60.5286,169.1041,106.5739,152.1318,156.2315,37.5811,351.2849,174.6457,500.0922,378.298
2021-06-30,60.8923,170.9183,107.0173,151.3863,156.9603,37.594,352.3227,174.7936,500.3455,379.472
2021-07-01,60.749,170.9044,106.3103,150.9299,156.3339,37.1998,350.316,173.5352,499.3007,376.7314
2021-07-02,61.0598,173.2678,106.7584,151.7016,157.5872,37.6462,352.7733,174.8047,503.0582,379.1995
2021-07-05,61.6953,174.6743,107.9246,152.7667,159.5888,37.8155,354.7715,175.9202,506.3488,381.9131
2021-07-06,62.4627,176.9684,109.0216,154.5634,161.3761,38.3839,358.3007,177.6228,511.4964,386.3783
2021-07-07,62.4967,177.2641,109.526,154.3648,161.7279,38.3947,358.3989,178.0129,513.9156,386.6682
2021-07-08,63.0679,179.5297,110.7163,156.7246,162.6762,38.1846,360.8879,178.9897,518.1998,389.1653
2021-07-09,62.1865,177.8847,108.9119,153.9878,160.9821,38.1697,357.6754,177.2658,512.3698,385.2658
2021-07-12,61.9335,177.1306,108.7436,152.9967,160.3423,37.2602,356.4258,176.727,512.3367,385.0425
2021-07-13,61.56,175.1914,108.3898,152.334,159.332,37.0603,355.2587,175.9763,508.1668,383.7238
2021-07-14,61.5438,174.596,108.2508,151.9499,159.9472,37.2779,355.2599,175.1874,509.1994,383.3792
2021-07-15,61.3036,173.9688,108.1086,152.1527,159.514,36.7025,353.764,174.74,507.8114,381.4717
2021-07-16,61.3295,174.7929,108.0567,153.0742,159.5409,36.8606,354.3726,174.7708,509.3294,384.3762
2021-07-19,61.9071,175.3937,109.556,156.0823,161.7522,37.2278,356.3726,175.7187,516.3273,388.1557
2021-07-20,61.788,174.2091,109.661,156.3721,161.3521,37.1404,357.2945,176.701,515.473,389.6393
2021-07-21,62.1542,175.8006,110.0419,156.7696,161.4896,37.5236,360.1358,178.0352,516.6672,392.9138
2021-07-22,61.8387,173.9757,110.5975,157.1161,161.3754,37.5651,360.7512,178.2953,518.308,391.3832
2021-07-23,61.807,173.1237,110.5084,155.6474,161.6491,37.5749,359.6486,178.2234,518.3083,391.2076
2021-07-26,62.071,174.7168,109.8667,154.8436,162.258,37.6995,360.1731,178.2058,519.0647,391.1358
2021-07-27,62.2769,175.1702,109.8828,154.301,162.2834,38.1426,361.0426,178.7077,520.4699,392.2253
2021-07-28,62.9162,176.8161,110.96,156.8552,163.7346,38.5594,362.7076,178.9181,525.6811,393.8501
2021-07-29,63.4288,179.2933,112.1266,158.3846,164.9258,38.616,365.2328,180.6727,532.6881,396.3692
2021-07-30,63.6007,179.0201,112.1968,159.1516,164.8634,38.5046,367.5641,181.5723,533.8827,397.6481
2021-08-02,63.8348,178.8068,112.7032,159.5169,165.1569,38.3135,370.1848,183.0919,535.6295,399.3313
2021-08-03,63.3423,178.6114,111.8987,157.928,163.8524,37.9659,366.6979,180.7927,531.3343,396.1199
2021-08-04,63.2286,178.4599,112.0976,158.7651,163.7748,38.3552,366.3956,180.8056,529.2384,398.0267
2021-08-05,63.4704,179.6468,113.7809,161.3834,165.2096,38.6414,370.0523,182.3441,532.7332,402.7017
2021-08-06,63.6596,179.9547,114.4309,162.5946,166.667,38.6606,374.3492,183.877,535.9614,406.1588
2021-08-09,64.0284,180.935,114.1506,162.1605,166.5698,38.7731,376.3091,183.6397,536.0005,406.9581
2021-08-10,64.4258,181.5657,115.6102,164.8763,167.7179,38.953,379.7374,185.3667,537.4461,410.0796
2021-08-11,64.5108,182.0564,116.0002,165.9594,168.2721,39.233,381.5217,186.5326,539.4906,411.3726
2021-08-12,64.9696,183.9943,116.5433,164.8958,169.9954,39.5661,385.5655,188.5247,544.1261,415.2228
2021-08-13,65.2299,184.8757,117.0516,165.4493,169.7619,39.8835,386.3677,188.4135,545.6318,414.2981
2021-08-16,65.1,185.2651,117.0904,166.4136,170.1186,39.7458,385.1395,188.0873,543.7017,413.8798
2021-08-17,64.9852,185.3758,117.3525,165.9584,170.5877,39.5836,385.4763,188.5344,545.3099,414.4851
2021-08-18,63.8451,181.2362,114.9562,161.3289,167.4901,39.1702,377.9062,184.9467,535.0854,407.0523
2021-08-19,63.9329,181.3532,115.2165,161.6963,168.1713,38.8619,379.1457,186.041,537.2121,409.4713
2021-08-20,62.3591,176.4574,112.6257,158.6634,164.0513,37.9849,371.684,181.8347,524.1196,400.8867
2021-08-23,61.7356,175.1707,111.4113,156.7194,161.8006,37.7244,367.4018,180.2519,519.2415,397.6395
2021-08-24,61.9926,176.2067,112.1043,158.8045,162.65,37.4372,368.0967,180.4262,522.0832,397.9168
2021-08-25,62.1651,176.7538,112.057,160.2655,163.9312,37.7755,368.6987,180.4357,523.9455,398.089
2021-08-26,61.6778,176.0086,111.3286,157.707,161.7169,37.0203,367.9793,180.0609,520.5258,396.5649
2021-08-27,61.5803,174.3509,111.1363,157.1946,161.6126,36.6538,367.1103,179.1631,518.8314,395.363
2021-08-30,62.3377,176.0935,111.9847,156.6413,163.2181,36.8349,370.4064,180.2292,522.7395,398.7904
2021-08-31,62.1922,175.3066,111.7251,156.9477,162.8313,36.8046,369.3722,180.3441,520.8168,396.7672
2021-09-01,63.2069,178.4128,113.7604,159.3239,165.2794,37.2443,372.9102,182.5272,528.7877,400.2962
2021-09-02,63.3202,179.1372,114.0678,159.5023,165.7172,37.6774,373.6636,182.3392,530.9853,400.3834
2021-09-03,63.2197,178.8348,114.3666,160.9807,166.2435,37.8812,373.7019,182.6018,531.479,400.9916
2021-09-06,63.7467,179.3982,115.4151,161.4522,168.4508,38.3021,376.067,184.2303,538.6977,403.979
2021-09-07,63.6984,179.5737,115.1222,159.9266,169.7024,38.335,378.7745,185.6584,539.1362,405.9236
2021-09-08,63.4006,178.8204,114.2387,157.1162,168.8892,38.3028,375.3524,183.5973,535.7639,401.9403
2021-09-09,63.3057,177.5091,114.5124,158.7531,168.7579,38.8302,376.6153,183.5202,536.7511,403.6565
2021-09-10,63.5096,177.9259,114.5227,159.8019,168.094,38.5748,378.3564,184.9023,538.7842,405.3971
2021-09-13,62.9762,176.7153,113.4875,158.314,166.4724,38.152,377.1433,183.3243,534.5983,403.7544
2021-09-14,62.7118,177.1644,112.971,156.7682,167.0074,38.0801,377.0689,182.7463,535.0277,404.1299
2021-09-15,62.5801,176.0129,112.8937,157.5183,165.9218,38.1905,374.1588,181.318,531.7136,400.6577
2021-09-16,63.163,178.271,113.3671,160.5244,166.8246,38.646,375.2225,181.7555,534.5542,401.8343
2021-09-17,63.0991,177.3249,113.7779,160.9631,167.7525,38.7757,375.2337,181.1665,533.4414,402.0224
2021-09-20,62.9926,176.1515,113.9486,160.2972,167.898,38.7069,373.273,180.6729,532.0447,400.9746
2021-09-21,63.3189,176.2859,113.7938,161.1858,168.4774,38.6554,372.0592,180.4583,532.4905,400.0823
2021-09-22,63.5007,177.3184,114.0017,160.618,168.7995,38.7108,372.6331,180.3491,533.6548,399.8263
2021-09-23,63.8878,178.5841,114.5893,161.2275,170.2731,39.3172,373.8337,181.631,537.6603,401.9238
2021-09-24,63.4486,177.1731,114.0235,158.4456,168.5284,38.9956,371.037,180.8688,536.3472,399.7155
2021-09-27,63.2882,177.1101,114.0175,158.3881,167.6335,39.1429,367.5602,178.7742,532.7635,395.7889
2021-09-28,63.5755,178.0154,115.0667,158.9916,168.783,39.2383,370.1285,180.2637,536.1214,398.1074
2021-09-29,62.9517,176.3646,114.8556,159.9398,168.3049,38.6229,369.7194,179.6038,535.8396,397.5314
2021-09-30,62.307,174.3583,113.8938,158.0289,167.1971,39.0486,366.5615,177.9686,532.1725,395.0219
2021-10-01,62.3626,173.8544,114.0814,159.1048,167.9868,39.2871,370.0665,179.3254,534.2015,397.8866
2021-10-04,62.4407,175.3352,114.7263,160.0686,168.0772,39.5052,372.0103,180.1817,536.4529,399.4876
2021-10-05,62.1651,175.559,113.6565,158.8665,166.3297,38.9464,366.8294,177.5241,531.741,393.0087
2021-10-06,62.2594,176.9499,113.728,159.5305,166.8181,38.7471,366.8514,177.9467,531.9631,394.9683
2021-10-07,62.5928,177.4909,114.6893,160.9348,167.2375,38.9031,369.8668,179.0835,533.7578,397.6031
2021-10-08,62.7328,177.3841,115.097,161.0954,167.7894,38.5841,370.2419,179.3716,535.1628,398.3652
2021-10-11,62.9667,177.7544,115.8094,161.5566,169.6285,38.9614,369.9196,179.8669,537.3315,398.7948
2021-10-12,62.5644,177.3576,114.6387,160.5263,168.6323,39.0408,367.7729,178.7746,532.8723,397.3209
2021-10-13,62.7816,177.9598,114.9228,159.5296,168.3696,39.1255,369.2094,178.6633,534.0405,396.5791
2021-10-14,62.5216,176.799,114.6048,160.6373,167.7573,39.0821,369.584,178.7262,531.4338,397.5413
2021-10-15,62.147,175.9644,114.274,160.4184,167.3118,39.4199,367.9532,178.2743,527.619,397.1659
2021-10-18,62.9527,177.7483,115.0573,161.3438,167.8999,39.6358,370.234,180.0038,531.5766,400.8637
2021-10-19,63.8086,179.2393,116.3085,163.4086,168.9214,39.3992,375.7007,182.1571,536.1926,406.2745
2021-10-20,64.584,181.5894,117.1267,164.1604,171.1199,39.8548,381.1691,184.8168,542.3935,411.2615
2021-10-21,65.0866,182.6837,117.8888,165.1912,172.7594,40.6941,384.1412,185.7325,546.6221,414.1667
2021-10-22,65.0817,182.7021,117.7867,164.2508,173.7499,40.8268,384.5424,186.0641,545.5084,415.8637
2021-10-25,65.2505,181.2693,118.4515,165.6376,174.1878,41.3802,385.0963,185.72,545.8949,416.6146
2021-10-26,65.452,181.3004,119.3093,166.8955,175.3729,41.8685,386.843,186.6643,549.8635,418.368
2021-10-27,65.7758,182.3094,119.4792,167.4299,174.7486,41.5896,386.6522,185.98,550.1921,417.8516
2021-10-28,65.9102,181.7081,120.1294,169.7086,174.6774,41.2738,386.021,186.2932,551.5462,416.271
2021-10-29,66.2112,181.633,120.5655,169.6993,175.8867,41.6062,387.6516,187.4653,555.5308,418.1134
2021-11-01,66.1316,181.6279,120.6398,169.7902,176.2397,41.9827,388.5685,187.8121,555.836,418.6431
2021-11-02,65.9764,181.8848,120.3676,168.1191,175.2065,41.3273,385.3308,185.6459,554.334,413.757
2021-11-03,65.7797,180.8433,120.2796,168.6173,174.9728,41.2947,384.5893,185.7285,553.0175,412.5671
2021-11-04,66.117,181.774,120.8606,169.5295,175.3243,40.8548,385.9364,186.7014,556.8925,414.6602
2021-11-05,66.2792,182.2307,121.1855,170.1149,175.2514,40.7716,387.9322,187.7575,557.9798,417.4211
2021-11-08,66.3633,181.5053,121.4107,170.4087,175.7156,40.4863,389.4551,187.5488,560.4394,419.9729
2021-11-09,66.6399,183.3533,122.6402,171.7226,176.1337,40.7525,390.6415,187.638,561.8822,421.0135
2021-11-10,66.5616,183.1725,121.9625,173.0751,175.9562,40.5773,389.7283,187.3173,560.9644,420.7344
2021-11-11,66.8404,184.001,122.7382,174.2217,176.3241,40.9773,389.6228,187.6245,562.1059,421.7298
2021-11-12,66.9256,184.6871,122.7752,174.5633,176.1363,40.8252,392.2189,189.6818,565.0823,424.1257
2021-11-15,66.3917,182.1987,121.5913,171.9496,175.8218,40.6306,389.4646,188.0508,560.0622,421.5781
2021-11-16,67.3728,185.8191,121.845,173.1272,177.2346,40.5697,393.1084,189.7762,564.9611,426.5791
2021-11-17,67.2215,186.336,121.7394,172.8981,176.3516,40.5319,390.3164,189.3105,561.7981,426.6774
2021-11-18,66.4238,184.3115,120.1709,171.1238,174.5789,40.3205,385.7113,186.9074,555.9198,420.3471
2021-11-19,65.8716,183.2056,119.3411,170.7437,172.8706,40.2192,381.1774,185.5192,552.0404,416.4385
2021-11-22,65.8356,182.9671,118.4079,169.3219,170.6514,39.9217,379.6768,184.599,550.3565,413.7134
2021-11-23,65.6237,183.1046,117.9502,168.0904,171.3684,40.1841,379.9236,184.0744,551.559,412.4585
2021-11-24,65.3617,181.8406,118.0228,166.252,171.5025,40.3626,378.0097,182.8561,550.1866,411.8849
2021-11-25,65.4748,182.2369,117.9764,165.9595,172.0982,40.6585,378.4751,183.331,547.5238,411.1982
2021-11-26,65.9426,183.6825,118.5472,166.2819,172.1683,40.8839,380.6907,184.3476,547.7007,415.145
2021-11-29,65.9921,183.888,118.489,165.3782,173.2113,40.7131,380.6455,184.1021,548.1024,415.1127
2021-11-30,66.1225,185.1398,118.8336,167.2214,173.4449,40.6492,380.9465,183.4576,548.0945,415.0248
2021-12-01,66.3386,187.4515,119.5477,169.1361,172.6553,40.0912,380.7606,183.4935,550.0424,415.2486
2021-12-02,66.7597,188.5842,119.5314,167.6325,173.6983,40.4204,383.7195,185.076,552.2631,418.63
2021-12-03,66.0784,186.9774,117.7706,165.4629,171.5167,40.3659,380.7033,182.4663,544.9407,413.7032
2021-12-06,66.1268,186.5099,117.6485,164.7328,171.7206,40.6252,379.7638,182.1934,542.8962,412.416
2021-12-07,65.298,184.9007,116.3527,163.3897,169.5371,39.9894,375.689,179.8144,535.5706,407.1757
2021-12-08,65.4746,185.0135,116.7255,163.3652,169.5623,40.1108,374.6882,179.7409,534.6983,405.2755
2021-12-09,65.5392,187.5446,116.2506,162.4158,170.0393,40.2869,374.6006,179.8108,534.765,404.4925
2021-12-10,65.8853,187.2164,117.6714,165.3101,170.7486,40.482,376.8621,180.9441,539.2221,406.679
2021-12-13,66.28,189.9493,118.3689,167.0673,172.119,40.4449,380.4156,183.0148,543.2323,409.6524
2021-12-14,66.3135,190.7097,118.7622,168.9603,172.5281,40.8545,381.2389,183.7427,544.4939,409.3403
2021-12-15,66.1294,189.2032,118.4446,168.353,172.2742,40.4944,381.2232,183.1537,541.0494,409.5888
2021-12-16,66.341,191.5078,118.7861,167.63,173.6234,40.6957,384.6618,183.4472,540.686,411.4216
2021-12-17,66.2481,190.385,118.8328,168.5485,173.9837,41.0129,383.5787,182.0523,539.3218,410.4083
2021-12-20,66.3418,190.3093,118.4644,168.8585,174.0181,40.9196,382.9514,182.0677,540.4022,410.1927
2021-12-21,66.3657,189.2962,119.1168,170.3081,175.5199,41.2606,384.3642,182.8008,543.8228,412.767
2021-12-22,66.0099,188.0911,118.9484,169.4211,175.5187,41.2856,382.8451,182.4199,543.6714,412.3561
2021-12-23,66.3011,188.8437,120.1519,170.1965,176.7087,41.5538,385.0166,183.5039,545.6425,415.3345
2021-12-24,66.5088,190.0259,120.3924,171.0383,178.2574,41.9112,385.5469,184.2764,547.7002,418.429
2021-12-27,66.0943,190.597,119.7898,169.4738,176.6456,41.6082,381.6282,182.4349,544.59,414.5766
2021-12-28,66.6184,191.61,121.203,171.2295,177.8552,41.8789,383.5587,182.7202,548.631,416.589
2021-12-29,66.9199,190.2711,121.748,174.5723,179.146,41.9218,385.8951,183.6232,550.6976,419.5992
2021-12-30,67.0048,190.9736,122.4518,177.3928,179.2297,41.5539,387.6503,184.2755,550.0046,420.9188
2021-12-31,66.4982,189.0306,121.6698,176.8527,178.0956,41.5835,384.7601,183.4944,548.1315,419.1827
2022-01-03,66.1244,189.2813,120.8313,174.9237,178.0862,41.8513,383.0109,182.3528,545.3702,415.1346
2022-01-04,65.8073,188.2458,120.1363,173.1909,177.9512,41.9005,382.406,181.513,543.2665,413.9693
2022-01-05,65.8453,187.7059,120.6373,174.4355,178.6856,42.1319,382.6376,181.9592,545.7846,414.0369
2022-01-06,65.497,185.8816,120.2817,175.1269,177.4541,41.6209,380.4743,181.5081,542.4518,412.8948
2022-01-07,65.5994,186.6144,121.2467,175.8868,178.703,41.2806,381.5599,182.6201,544.0199,414.1293
2022-01-10,64.9243,184.4095,120.5519,174.3628,178.033,41.1088,378.1703,180.9413,539.6564,410.5025
2022-01-11,64.9877,185.6453,120.7878,174.6606,178.0222,40.6745,377.5879,180.6908,538.3867,409.3087
2022-01-12,65.1764,185.9667,121.8018,174.767,178.2959,40.8341,377.5147,180.4777,538.2026,410.2163
2022-01-13,66.1058,189.6776,124.089,176.7253,181.3598,41.8579,385.4517,184.2533,546.5338,418.7691
2022-01-14,65.4503,186.627,122.9156,174.0647,179.6467,41.3723,382.0172,182.5762,541.8571,414.4038
2022-01-17,66.0894,187.1202,124.3418,176.5754,181.1265,41.5846,386.3618,184.7144,545.5655,419.115
2022-01-18,66.1254,187.8346,124.1982,176.642,181.3268,41.4201,386.9849,185.69,547.0198,420.9453
2022-01-19,66.4585,188.4163,124.3585,177.8882,182.1021,41.6494,386.6962,185.6743,548.6463,421.5251
2022-01-20,66.3682,187.9371,124.2571,176.1775,182.1745,41.7081,387.5457,186.1135,548.497,421.6758
2022-01-21,66.4412,187.3756,124.6433,175.4176,182.9097,41.6571,389.425,186.9922,551.3995,424.5838
2022-01-24,66.3126,186.2102,124.2543,175.3769,183.2197,42.0122,387.7377,186.1665,551.0364,422.8139
2022-01-25,67.0861,188.9488,125.5352,176.4528,185.0243,43.132,391.8662,188.0133,555.4626,426.5654
2022-01-26,66.9075,188.4463,124.9777,175.0893,184.3899,43.3094,390.6478,187.4122,554.843,425.4644
2022-01-27,67.284,188.7506,126.7107,178.5039,186.0964,43.637,393.873,188.7977,559.9023,428.7778
2022-01-28,67.3444,189.5735,126.0303,177.1616,185.7338,43.517,392.5324,187.9737,557.2284,427.162
2022-01-31,67.3989,190.6532,125.5633,176.2388,185.5087,43.3273,392.9696,187.918,556.9686,426.8691
2022-02-01,67.0525,189.5679,124.9083,175.2354,184.3428,42.9392,392.8752,187.3523,553.009,425.6533
2022-02-02,67.3786,191.2742,125.7508,176.3488,185.0312,43.343,392.5202,187.211,553.8372,425.3036
2022-02-03,68.3554,193.2995,126.8833,178.6411,187.8858,44.2165,397.1883,188.9265,559.3802,428.8749
2022-02-04,68.1294,193.0939,127.2738,178.1915,188.3643,43.9897,397.1918,189.2544,559.8775,429.8057
2022-02-07,67.903,192.5489,126.6032,177.2407,188.4145,44.0949,397.5557,189.3692,559.8454,429.6699
2022-02-08,67.3246,190.2544,125.368,176.7059,187.1136,44.1003,394.6313,188.2287,555.9985,427.0716
2022-02-09,67.3449,191.8856,125.0972,178.3077,187.4846,44.0647,397.3962,189.4794,556.1212,430.3986
2022-02-10,66.8267,190.5055,123.365,174.6947,185.1228,43.4818,394.6063,187.852,549.7621,426.3505
2022-02-11,66.5086,189.0774,122.7604,174.193,183.4847,43.2954,393.6535,187.5596,547.8173,424.9881
2022-02-14,66.7631,189.7923,122.2775,173.3906,183.0842,43.3747,394.3293,187.6599,548.4233,424.9275
2022-02-15,67.4539,191.0918,123.1304,174.5298,184.8577,43.8424,396.5417,188.8788,552.8835,427.1239
2022-02-16,68.793,194.049,125.6492,177.3694,187.7722,44.5093,402.4919,191.9025,562.7675,434.7901
2022-02-17,68.4889,192.8456,124.7699,176.8922,186.6255,44.3244,402.2348,191.8027,560.2824,434.5201
2022-02-18,68.9962,194.0364,126.1405,179.4668,188.1881,44.5494,406.5934,193.7181,565.5208,438.705
2022-02-21,69.3939,194.5902,126.3355,182.0298,188.5588,44.2965,407.5762,194.0833,566.4125,440.3536
2022-02-22,69.2406,195.1863,126.8993,181.5282,188.171,43.7849,406.8492,193.5657,566.1053,439.8438
2022-02-23,69.2756,194.7135,127.7267,181.0626,188.7479,44.0722,407.9289,193.6149,567.1681,439.8487
2022-02-24,69.1016,193.5358,128.1755,183.5998,189.4811,44.256,407.5086,193.5122,567.6965,440.0483
2022-02-25,69.0868,192.6452,128.0781,183.3665,190.4426,44.5804,408.9681,194.518,567.3752,442.1428
2022-02-28,68.7117,190.6944,127.7058,182.3828,189.6172,44.1721,409.5555,194.3675,566.5345,441.1361
2022-03-01,67.8925,189.2772,126.8599,181.3459,188.6488,43.9939,406.0167,191.5315,562.1528,437.2906
2022-03-02,66.955,186.8974,125.4292,178.0655,187.1415,43.6918,403.7528,190.1844,556.7091,433.6172
2022-03-03,67.3535,188.6357,125.6938,178.797,187.8717,44.1859,404.9242,190.4476,558.7964,433.942
2022-03-04,67.1105,188.7712,125.4182,178.3526,187.0755,44.2201,404.9617,190.5801,558.1394,433.9262
2022-03-07,66.9202,188.0078,124.7718,178.421,186.9626,43.9694,403.1515,189.7245,555.6824,432.4837
2022-03-08,66.9932,189.3699,124.9699,179.4363,186.9686,44.0861,404.8859,190.5753,555.8868,434.4204
2022-03-09,67.5039,190.3654,125.5712,181.0683,187.158,43.9057,406.9762,191.6217,558.829,436.4177
2022-03-10,67.5068,189.5588,125.6904,181.3105,187.1604,43.2114,407.6551,192.1124,561.0581,438.1685
2022-03-11,67.2227,189.0729,124.9011,181.5433,186.5392,43.5542,406.8986,191.4173,558.0834,437.2784
2022-03-14,67.9202,191.2195,125.703,183.0475,187.2756,43.6141,408.8179,192.2905,561.0001,441.3037
2022-03-15,68.8028,193.8951,127.3291,184.6913,189.1135,44.2886,413.7935,193.8377,566.4613,446.6135
2022-03-16,69.0692,195.4783,127.8925,184.5906,190.3803,44.375,414.7651,195.0116,567.2093,447.8735
2022-03-17,69.5893,197.0601,128.7625,185.0629,191.536,44.4073,417.6791,195.7361,570.2592,450.4143
2022-03-18,70.2243,199.1374,129.9654,187.2286,193.9033,44.7771,420.1828,197.505,573.8267,453.3949
2022-03-21,70.7152,201.6359,130.6752,186.8812,195.7093,45.2489,424.2363,199.4771,577.4258,458.4572
2022-03-22,70.8964,202.3257,130.5461,186.8056,197.2822,45.6466,426.1101,199.7018,579.0496,460.0014
2022-03-23,71.1037,203.2719,131.0155,186.6404,198.8127,46.1215,428.2091,200.8607,582.2166,462.4056
2022-03-24,71.5026,203.2081,131.3208,185.8909,199.7462,46.1864,429.3976,201.7007,584.312,463.7874
2022-03-25,71.1436,205.1691,130.2991,183.5141,198.0491,45.8471,424.2897,199.739,581.0781,459.5609
2022-03-28,71.4283,204.5658,130.8054,184.2791,199.3553,45.902,427.3155,201.1553,583.9086,462.8897
2022-03-29,70.7901,202.1823,129.8962,183.8091,197.5798,45.9507,422.3514,198.5487,579.5037,456.512
2022-03-30,70.3631,200.4173,129.4392,182.6067,196.7899,45.4205,420.7727,197.6927,576.5408,455.1669
2022-03-31,70.8701,203.5534,130.3413,182.0299,198.1263,45.4976,423.6416,198.9469,582.3669,458.9036
2022-04-01,71.2619,204.1048,131.0835,186.1152,199.5326,45.708,426.3615,199.6642,585.9717,461.9596
2022-04-04,72.0036,206.5515,132.181,188.7146,201.1993,46.7593,429.7867,200.8568,591.219,464.4681
2022-04-05,71.9741,205.9061,132.573,190.1195,200.9297,46.9135,429.2698,200.6285,590.7676,464.4742
2022-04-06,71.6313,203.9806,131.5288,190.1273,199.6355,46.3821,427.5838,199.4481,586.5557,462.3611
2022-04-07,71.4468,203.8671,130.6323,188.8122,198.6843,46.4059,426.4826,198.4751,585.6782,460.9286
2022-04-08,71.3697,203.0012,130.8107,188.8071,198.2447,46.4412,427.0732,198.3242,586.2853,460.1669
2022-04-11,71.5237,203.5823,131.5829,191.0711,197.714,46.3821,427.507,198.6213,587.1556,459.3214
2022-04-12,72.0873,205.6943,133.1976,194.5013,198.6918,46.7639,431.0586,200.3683,590.3222,463.0839
2022-04-13,71.7712,206.2857,133.3363,195.0716,197.9846,46.5936,427.0343,198.526,588.8958,459.2493
2022-04-14,71.9992,205.8028,133.4761,195.89,198.285,46.674,431.0393,200.2314,590.9501,462.9108
2022-04-15,71.6184,204.4987,132.915,193.6079,197.1869,45.9726,428.8939,199.1463,587.5476,461.1965
2022-04-18,71.4147,203.753,132.9662,193.2281,198.4,46.6272,431.2883,200.0507,588.5717,464.2476
2022-04-19,71.3367,203.4705,133.0199,194.7735,198.8661,46.5733,431.3166,199.5597,586.9955,464.0137
2022-04-20,71.127,204.9009,131.8647,193.6442,198.2663,46.0799,427.1284,197.6099,585.4763,459.2768
2022-04-21,71.1748,204.773,131.7215,191.7581,198.5286,45.9959,427.4678,197.7621,584.6042,458.2767
2022-04-22,71.2009,202.6788,131.6383,190.9364,198.2202,45.8095,426.8877,197.2336,585.0364,456.3691
2022-04-25,71.2258,202.5501,131.6435,192.2563,198.2718,45.6142,426.5289,197.5996,584.611,455.8281
2022-04-26,72.0753,204.8838,133.349,194.9139,200.9818,46.4288,431.2588,199.8458,591.1102,461.1706
2022-04-27,72.0149,204.4826,133.5217,195.102,201.13,46.7448,430.8695,199.8788,589.4096,461.1703
2022-04-28,71.7894,203.2236,133.1658,194.5654,201.3284,46.2369,429.4997,199.3086,588.3169,459.2842
2022-04-29,70.9478,199.7357,131.1143,191.3191,198.0331,45.4258,424.7364,197.7389,580.5071,453.9013
2022-05-02,70.4817,200.1559,130.1614,189.2468,196.9118,45.1012,421.6738,196.0747,577.702,449.3907
2022-05-03,70.2901,199.8307,130.2032,188.3396,196.5287,45.0109,423.7323,196.3839,575.9289,452.2073
2022-05-04,70.2338,199.4814,129.8241,188.6172,196.2693,45.4566,424.3285,196.9359,573.6988,453.2328
2022-05-05,70.6411,202.3503,131.3937,190.9036,198.9572,45.815,430.0793,199.4221,579.1696,460.1999
2022-05-06,70.4432,200.987,130.972,190.7998,198.255,46.1184,432.184,199.5159,579.4037,460.2655
2022-05-09,71.0276,203.1189,131.2588,191.5322,200.1013,46.4696,434.9523,201.6404,584.1943,464.4695
2022-05-10,71.0229,202.0198,130.847,192.0774,200.0012,46.8878,436.3582,202.7911,584.894,466.0491
2022-05-11,71.1908,203.0807,131.0771,192.5787,199.6561,46.7013,436.4928,202.6286,585.3981,466.0182
2022-05-12,71.3046,202.4357,130.602,192.4115,199.6665,46.5652,434.14,201.4721,585.8485,464.6286
2022-05-13,71.2916,202.7581,130.5888,192.2554,199.4926,46.5107,436.3814,202.4274,585.4182,466.5064
2022-05-16,72.1472,206.8157,132.4075,193.6639,200.6081,47.1037,442.7607,205.1468,589.5819,473.6923
2022-05-17,71.1925,204.0124,131.2455,191.5448,197.2517,46.393,436.4165,202.0861,580.7378,465.9939
2022-05-18,70.392,199.8256,129.9986,190.107,194.7558,45.8806,429.5228,198.6354,573.2076,458.5744
2022-05-19,70.2006,199.2778,129.4002,189.6619,194.7094,46.0148,427.3708,197.5515,570.3557,455.2526
2022-05-20,70.3052,199.9426,129.878,191.4834,194.9936,45.7949,424.5222,196.2006,569.2529,453.0732
2022-05-23,70.7616,201.9578,130.7383,191.9807,195.9937,46.0802,427.7902,197.8986,571.4855,456.7003
2022-05-24,71.3673,204.8655,131.4967,193.0193,196.3417,45.9544,426.2237,198.018,573.3059,456.9119
2022-05-25,71.2132,205.5638,130.7144,191.5038,196.3278,46.3422,425.1156,197.7068,572.1387,455.6043
2022-05-26,71.5623,206.3417,131.9843,194.6504,196.9997,46.5666,427.4285,198.5923,573.6982,457.2345
2022-05-27,71.7194,206.1261,133.2411,196.521,197.4917,46.825,429.6597,199.4192,575.8055,458.043
2022-05-30,71.9013,205.6279,133.2129,196.551,198.5249,46.4273,432.3837,199.8499,577.8102,458.8241
2022-05-31,72.3579,206.4402,134.2391,197.6761,200.0839,46.9443,434.4559,201.6354,581.3785,460.5524
2022-06-01,72.6451,207.6161,134.1247,196.9829,201.2437,47.1173,435.6208,201.9937,582.5668,460.5957
2022-06-02,72.1155,204.8974,132.8529,193.4665,200.6769,46.5691,433.1006,200.9673,578.998,456.4356
2022-06-03,72.8722,206.2989,133.0956,192.394,201.2214,46.7127,435.9802,201.4614,581.7795,457.6204
2022-06-06,72.6429,206.1017,132.84,192.067,201.6105,46.3707,434.9938,199.8224,581.8733,454.8811
2022-06-07,72.4046,204.8677,132.9138,192.0855,202.3723,46.7254,431.4111,199.7266,581.1873,452.8374
2022-06-08,73.2058,207.4921,133.7737,193.3464,203.9537,47.4801,437.7291,203.8754,584.8836,460.5468
2022-06-09,71.8069,202.7813,131.7829,191.2893,200.0904,46.1429,434.344,201.7984,574.66,455.5971
2022-06-10,70.8853,200.3747,130.797,189.8062,198.1116,45.7318,431.5756,200.2805,572.3052,449.9407
2022-06-13,70.2821,198.0319,129.7582,187.8376,196.3006,45.3186,427.9852,198.1329,567.6258,446.0055
2022-06-14,70.3726,196.8187,129.2774,186.8186,195.7049,44.6736,426.3339,197.4276,567.4177,444.7065
2022-06-15,70.3153,197.4898,129.1024,186.6729,195.3706,44.8956,427.3306,197.1655,566.4033,444.9459
2022-06-16,69.7664,195.424,128.2081,184.9249,193.3787,44.6717,423.4326,194.5557,560.7253,441.129
2022-06-17,69.4144,194.2933,127.3588,184.5978,193.0899,45.1753,420.363,194.2134,556.6095,439.1354
2022-06-20,69.0919,192.9109,126.1592,182.7384,192.764,45.2277,419.1599,193.1691,555.0443,436.9045
2022-06-21,70.226,196.6586,128.7349,186.4879,196.4691,45.7659,426.0848,196.0326,564.4852,443.4703
2022-06-22,71.3857,200.3115,129.6938,186.9383,198.5446,46.3487,430.0243,197.8215,570.4889,448.8134
2022-06-23,71.0478,199.8381,130.2224,188.5816,197.567,46.4835,430.0506,197.58,568.7369,447.5781
2022-06-24,71.127,199.6699,130.1636,189.7127,196.9865,46.1976,428.5832,196.1335,568.5941,444.7715
2022-06-27,70.6225,198.243,129.6289,187.4663,195.7083,46.135,426.6791,194.7277,561.8375,441.9858
2022-06-28,69.5079,195.4336,127.3346,184.4532,193.2603,44.9308,422.1185,191.751,555.3781,435.2453
2022-06-29,69.4777,196.6007,127.2131,184.0404,194.3274,45.5641,422.0663,192.1321,555.5962,435.1668
2022-06-30,69.2679,196.2343,126.031,182.4943,192.4606,45.36,421.3098,191.2116,551.5422,434.2323
2022-07-01,69.0032,194.6767,126.266,183.1061,192.4158,44.6341,419.154,190.6971,551.5357,433.867
2022-07-04,68.3743,193.0917,125.2655,179.5201,190.4755,44.3314,416.6662,188.7357,546.3794,430.4095
2022-07-05,67.9875,191.8607,124.5453,179.1397,189.8093,43.6688,413.237,186.6932,542.9237,427.2379
2022-07-06,67.9148,190.1392,124.4706,179.956,189.2941,43.4323,413.9524,186.5688,544.2034,427.743
2022-07-07,67.9983,189.0439,124.9016,181.5563,188.8996,43.565,414.5498,187.3361,545.8747,428.8607
2022-07-08,68.099,189.392,125.8425,181.8703,189.7805,43.7434,418.5258,188.8628,547.4057,432.5202
2022-07-11,67.56,187.9866,125.0438,180.5934,187.3866,43.5903,413.2976,186.1951,542.9596,427.2941
2022-07-12,68.0408,189.2343,126.2222,181.6589,188.0175,43.7501,415.288,187.2992,546.5783,429.3852
2022-07-13,67.4501,188.333,125.6385,179.0288,186.905,43.5088,415.5338,187.0369,545.5816,428.4858
2022-07-14,67.8645,188.8887,126.179,179.2242,187.554,43.9433,416.7155,188.0765,548.4412,429.5634
2022-07-15,67.9261,188.1223,126.0768,178.1363,187.417,43.8155,415.684,187.8689,549.1092,429.6248
2022-07-18,67.1498,185.4517,124.9666,176.959,185.771,43.4509,412.7849,186.5206,544.5116,426.5796
2022-07-19,66.7956,184.1556,125.0418,175.6728,185.5974,43.4379,411.8531,186.4949,544.9275,426.5216
2022-07-20,66.9655,184.7524,125.8189,175.9896,186.4174,43.5921,413.9427,187.6758,545.4243,429.1649
2022-07-21,67.5829,186.0545,126.4077,176.4827,186.9322,44.0046,416.4169,188.7522,546.6138,430.8164
2022-07-22,67.4769,184.3447,126.7875,177.8453,186.7644,43.7726,417.6759,189.223,546.3689,431.8472
2022-07-25,67.8389,183.6789,128.4798,182.8164,188.8372,43.9902,422.2394,191.0359,552.4033,436.1427
2022-07-26,67.8655,184.1227,130.0075,185.2326,191.232,44.2238,424.3698,191.9755,553.9464,437.5887
2022-07-27,67.8564,183.5339,129.8397,184.0388,190.8889,43.6053,424.0197,191.5512,553.1779,435.4403
2022-07-28,68.1418,183.1335,130.7828,184.7565,192.8674,44.4635,425.1712,191.5677,555.8707,436.3718
2022-07-29,69.2246,186.9011,132.4937,187.8051,195.3823,44.7788,431.894,194.8394,563.6577,442.2321
2022-08-01,70.1406,190.91,133.7103,188.2569,197.7126,45.2422,436.4689,197.3555,571.4053,446.3316
2022-08-02,69.6799,189.8175,132.3596,187.5062,196.495,45.4471,432.467,194.9599,565.3157,442.1472
2022-08-03,69.4477,189.6265,132.2264,187.6154,195.2151,45.1494,430.5085,193.9902,561.1183,439.9719
2022-08-04,70.1148,191.9351,133.4707,189.2521,196.832,45.6487,433.8611,194.8083,565.9728,444.1224
2022-08-05,69.6047,188.9751,132.5767,186.4612,195.9065,45.0715,432.1171,194.1706,562.8773,442.2279
2022-08-08,69.0323,188.3291,132.4336,187.2216,195.2353,45.335,428.3625,192.6356,559.4637,439.0876
2022-08-09,68.7951,188.8413,132.1843,186.2209,194.3477,45.117,428.3139,192.7117,557.3454,439.2472
2022-08-10,68.8685,190.6409,133.2762,187.9578,195.1822,45.0255,430.1417,192.8507,559.1364,439.7169
2022-08-11,68.9487,190.6776,133.1401,187.6971,195.3468,44.8066,429.9377,193.0535,558.2683,440.0955
2022-08-12,68.6447,189.1095,132.7005,185.6912,195.1545,45.2573,428.8858,192.6016,557.6349,439.2416
2022-08-15,68.0808,188.7207,131.9235,184.5518,193.6094,44.7777,428.7083,192.4764,555.765,438.7844
2022-08-16,68.0278,189.0799,130.8492,182.1148,192.8962,44.3758,427.301,191.909,553.9064,436.2114
2022-08-17,67.5009,188.3575,130.5267,181.2663,191.5509,44.006,424.2685,189.5481,552.0456,431.0402
2022-08-18,68.3496,190.368,132.715,184.8484,194.0958,44.5902,432.5333,192.9191,561.2688,438.0526
2022-08-19,68.4304,190.9072,133.4534,186.6898,194.0566,44.6546,433.6332,193.3726,562.5354,439.602
2022-08-22,68.7517,191.1063,134.4393,188.1675,194.4211,44.8793,436.9586,194.7871,565.7985,442.24
2022-08-23,68.5534,190.6563,133.8263,186.637,193.4191,44.7494,436.7412,194.2472,564.9698,442.2075
2022-08-24,68.4756,190.2831,133.575,185.8582,193.1026,44.8713,435.728,193.3753,564.464,441.0435
2022-08-25,68.24,191.5194,132.8712,184.4697,192.3053,44.6327,432.7374,192.3867,561.522,438.0903
2022-08-26,67.0804,188.6642,130.3176,179.2695,189.7584,44.6489,425.8798,189.2328,553.4567,431.2919
2022-08-29,66.1974,184.5694,128.931,177.7382,188.4955,44.2235,421.2547,187.4571,548.0787,427.8261
2022-08-30,65.8092,183.552,127.2944,174.3237,186.018,44.0308,417.6509,185.7763,540.6978,424.129
2022-08-31,64.755,180.9026,125.7019,172.5556,183.3474,43.261,410.9221,183.0223,533.5433,417.3106
2022-09-01,64.4281,179.7005,124.7333,170.2907,182.4318,42.6735,408.8344,182.1222,529.1586,414.8605
2022-09-02,64.9661,180.5139,125.3115,170.3623,183.5486,42.4865,411.8459,184.1273,534.1313,418.2852
2022-09-05,64.9825,181.1439,125.0498,170.9422,183.1382,42.4998,412.6646,184.2862,535.496,419.3335
2022-09-06,65.4393,181.828,126.4502,173.1609,184.2117,43.0458,416.499,185.5289,539.0905,423.3924
2022-09-07,65.9242,183.7328,127.1582,172.7834,185.3093,42.9844,418.0474,186.212,540.6506,425.5251
2022-09-08,66.1825,183.7866,127.6466,173.3158,186.4614,43.0199,422.7172,187.5254,544.6106,429.1649
2022-09-09,65.8439,182.5501,126.7527,172.722,185.0219,42.8415,421.0436,186.5742,542.0661,425.9472
2022-09-12,65.9768,183.7501,127.0298,172.9005,185.5093,42.966,423.5045,187.3693,543.9292,427.5458
2022-09-13,66.2037,184.8507,127.8277,174.021,186.5392,43.054,425.6232,188.1747,548.4542,429.1681
2022-09-14,65.8715,184.0061,127.1969,173.7422,185.8665,42.6102,424.1281,187.7106,546.4983,427.8186
2022-09-15,66.3532,185.4321,127.3637,174.3316,186.6216,42.8926,428.098,189.2811,548.8581,432.1849
2022-09-16,66.341,185.538,128.024,174.6614,186.657,43.1058,431.1809,190.6011,552.0098,436.0129
2022-09-19,65.9695,183.9635,127.5943,174.4421,186.3287,43.1892,430.1736,190.3075,550.8968,434.4141
2022-09-20,65.1635,180.657,127.1906,173.9705,184.865,42.9012,427.787,188.8554,548.0071,430.3845
2022-09-21,64.5639,179.4885,125.9997,174.1827,183.4684,42.3498,423.6684,187.233,543.2675,425.6668
2022-09-22,64.4089,180.2494,126.0617,174.4118,183.4536,42.4565,424.5613,187.5841,544.7828,426.6267
2022-09-23,64.2587,180.3147,126.8068,175.7706,183.7002,42.5941,425.7979,188.5571,546.2417,428.189
2022-09-26,63.8552,179.3837,126.4701,175.7555,183.0039,42.1314,424.7655,188.7155,542.9816,426.9067
2022-09-27,63.764,178.292,126.4874,175.6905,182.6093,42.0077,425.2118,189.0119,543.414,427.7209
2022-09-28,63.9529,179.5223,126.7134,175.564,183.455,42.318,425.3907,188.8977,545.7576,427.5483
2022-09-29,64.4216,181.2522,127.1573,176.7914,184.454,42.5415,430.0485,190.5093,549.9335,429.6422
2022-09-30,65.1215,183.8447,128.4752,179.1991,186.6628,42.5378,433.6791,192.7844,556.0462,435.7004
2022-10-03,65.663,186.178,129.5666,182.7517,188.149,42.7419,436.5502,193.6291,560.0305,439.6039
2022-10-04,65.2345,186.0939,128.7918,182.4324,187.0367,42.3918,435.1288,193.3216,555.5635,437.8862
2022-10-05,65.7267,186.6295,129.8531,184.6479,189.4456,43.108,440.1198,197.2456,561.7681,443.2676
2022-10-06,65.4848,184.9419,128.9681,184.0832,188.1154,43.5611,439.4908,196.8072,558.6777,442.3321
2022-10-07,66.099,186.8256,129.8492,184.6562,189.2803,43.8628,443.0167,198.9457,561.865,446.2278
2022-10-10,66.1597,186.3115,130.1052,183.8616,189.6821,43.6489,444.5198,200.0177,562.0532,447.9606
2022-10-11,66.0336,185.1598,130.1772,183.1006,188.8293,43.4581,445.9012,201.122,560.3357,449.2562
2022-10-12,65.2991,184.0056,129.0325,182.2462,187.1234,43.1314,441.9014,199.3215,554.6022,444.239
2022-10-13,65.0274,182.5041,129.2157,183.8679,186.4783,43.2202,440.1041,198.768,553.5689,443.0223
2022-10-14,64.3495,180.5978,128.4513,183.4784,183.9813,43.0244,437.696,197.7039,546.1274,440.9389
2022-10-17,64.8553,180.9028,129.5848,184.8842,185.2504,43.6591,442.3353,199.6073,548.4089,445.5504
2022-10-18,65.3976,182.5736,130.4475,187.6386,186.98,44.1549,446.0824,201.2272,553.9672,449.2804
2022-10-19,65.4535,183.677,129.3751,185.6269,185.7445,43.8584,441.1935,199.0586,550.7396,446.4835
2022-10-20,65.3483,184.3127,129.5056,184.6821,185.944,44.2677,443.4628,199.2225,550.7643,446.2501
2022-10-21,65.2881,184.9227,129.1469,184.3998,185.0722,43.9385,442.0927,198.3494,550.3209,444.5475
2022-10-24,65.0956,184.293,128.6132,184.8192,184.6678,43.8259,442.0686,197.9522,549.0974,442.5837
2022-10-25,65.2567,185.5686,128.9183,184.3926,185.6528,43.9392,447.1513,199.0354,551.9546,445.9293
2022-10-26,65.0599,185.2749,128.8093,182.6384,186.1265,43.4512,447.1957,199.3864,552.2446,446.4196
2022-10-27,65.6555,186.6256,130.0075,184.3724,188.9775,44.4015,451.4997,200.5837,558.3341,449.4052
2022-10-28,65.6272,186.7901,129.5111,184.4238,188.453,44.4501,451.7392,200.3406,555.2912,447.7201
2022-10-31,65.9472,188.3381,130.581,183.1791,190.7166,44.2798,453.3703,201.2428,560.1426,449.7731
2022-11-01,66.2095,188.0316,131.1151,184.9357,192.0688,44.8468,452.4957,201.5536,561.5862,449.9911
2022-11-02,66.4791,187.9821,132.5121,185.6693,192.2753,44.8037,452.8426,202.2457,562.4918,449.8371
2022-11-03,66.4401,187.7593,132.2634,186.1303,192.2297,45.0593,452.3461,201.842,561.2415,448.4333
2022-11-04,66.2216,186.2185,132.2314,184.33,192.3583,45.0919,452.7049,202.4971,561.5565,449.4468
2022-11-07,66.0466,184.8334,131.9344,182.7425,191.7987,44.5907,453.6365,202.9545,560.978,450.3696
2022-11-08,65.6337,183.4094,131.3558,182.7435,190.927,44.4163,450.7921,201.0069,560.233,446.4151
2022-11-09,65.9246,185.0437,132.3417,185.3999,192.2255,44.4583,451.5907,201.6985,564.8962,446.2133
2022-11-10,66.4783,187.4018,133.8703,187.6218,192.9803,44.3099,452.62,202.2365,567.059,448.1544
2022-11-11,66.8541,188.7424,133.8999,190.0519,192.7719,44.5312,455.5029,203.3546,569.1675,450.5156
2022-11-14,67.5077,190.7712,135.1559,190.8407,194.1517,44.9497,460.3728,205.5546,574.6758,455.4915
2022-11-15,68.3589,194.8489,136.5446,191.8303,196.1287,45.7934,465.5529,207.383,579.6493,458.7057
2022-11-16,67.9178,193.0964,136.0525,190.9691,194.7513,45.3799,465.8211,206.9474,577.5257,458.3588
2022-11-17,68.1434,193.9012,136.7306,191.68,194.4841,45.058,468.7279,208.3245,579.6156,460.7563
2022-11-18,67.9896,192.9581,136.7453,192.0958,194.8129,45.3124,468.6993,208.2578,579.439,459.1979
2022-11-21,67.9182,191.7372,136.1987,190.7391,194.416,45.0027,467.0806,206.8786,581.4377,457.0344
2022-11-22,67.54,191.5652,135.5383,190.5043,193.6967,44.7793,463.9825,206.253,580.3387,455.6215
2022-11-23,68.1476,193.0663,135.8982,191.6225,195.2042,45.2593,471.633,209.2084,583.735,464.3374
2022-11-24,68.3386,194.1451,135.8664,193.2053,196.0427,45.4123,472.4532,209.241,583.4828,462.8921
2022-11-25,68.3763,194.0326,135.4873,192.2067,196.7312,45.4354,471.273,208.7531,583.932,460.4404
2022-11-28,68.8638,196.3977,136.7611,194.3275,198.067,45.3527,474.7147,210.3166,590.2892,463.3794
2022-11-29,67.886,192.7274,134.915,192.3454,194.4979,44.888,467.3179,207.0513,582.7297,456.3132
2022-11-30,66.8806,190.6759,133.297,190.0584,191.0999,44.0886,460.7907,204.9456,575.0637,448.6848
2022-12-01,67.0804,191.8855,133.5759,190.2287,192.128,44.4959,464.2125,206.7471,579.3664,453.7601
2022-12-02,67.2762,191.0017,133.6186,188.3266,192.203,44.6561,463.6878,206.9858,580.4875,454.6049
2022-12-05,67.3532,190.8019,134.5053,189.7107,191.8592,44.8817,465.7535,208.4187,582.7158,457.6263
2022-12-06,67.0849,190.7912,133.1857,188.5195,190.5538,44.5276,463.2523,206.1454,575.8906,453.452
2022-12-07,67.3628,192.8161,133.2546,188.6048,190.2638,44.3664,462.8326,205.7291,576.3462,453.4401
2022-12-08,68.3484,196.1705,134.9556,190.2634,193.5353,44.7684,468.8305,208.1548,585.9874,458.277
2022-12-09,68.8459,197.212,135.779,189.877,195.1975,44.9912,470.017,207.6038,589.8547,459.2058
2022-12-12,68.8672,196.4248,136.3032,191.1732,195.1326,45.0926,470.0531,207.4062,591.7256,460.3654
2022-12-13,68.3963,195.4406,135.2465,189.8708,194.7908,44.8164,470.7814,207.7318,590.2524,461.8075
2022-12-14,67.9134,193.6331,135.8527,192.1481,193.7695,44.7124,471.0804,207.0297,589.0417,461.3931
2022-12-15,67.0297,190.7157,133.8476,188.0481,192.2325,44.8001,465.0497,204.5014,582.8114,457.4572
2022-12-16,67.0073,190.4372,134.8662,189.1124,192.2551,44.6841,466.0979,204.8874,583.1417,457.9847
2022-12-19,67.5208,192.5684,135.1906,188.4317,193.0448,44.5059,470.1507,206.2615,585.5524,459.3138
2022-12-20,66.9448,192.2192,133.804,187.6678,191.2059,44.0304,465.4007,205.5542,579.1962,456.353
2022-12-21,66.7873,192.4424,133.4457,188.4594,190.761,43.5912,465.8465,205.8812,576.9062,457.5214
2022-12-22,66.2055,190.6124,132.7828,189.4168,188.9885,43.6131,464.2692,205.3125,571.1223,456.0155
2022-12-23,65.7947,188.6041,132.2368,189.1246,188.6776,43.5949,462.1285,204.544,568.4414,454.2871
2022-12-26,65.5708,188.358,132.1454,189.701,188.4354,43.3763,461.9575,204.8148,568.6272,453.7395
2022-12-27,64.8338,187.3358,130.2861,187.4197,187.5698,43.0798,455.7156,202.4054,562.1086,448.1332
2022-12-28,65.0305,188.523,130.8739,188.6992,187.9707,42.8973,456.6906,203.1797,562.3676,448.1273
2022-12-29,65.4575,189.7725,131.8099,189.958,189.1899,43.4689,457.3331,203.7275,566.1084,448.4392
2022-12-30,65.7901,190.2125,131.4066,189.8678,188.472,43.8333,456.0059,202.99,566.6017,445.9355
2023-01-02,64.9316,187.7903,129.5454,189.1176,185.9579,42.916,448.9088,200.3736,558.1549,439.7777
2023-01-03,64.7069,187.8399,129.0786,188.4427,184.6494,42.934,446.6306,198.9888,554.7461,437.8656
2023-01-04,65.1958,189.2834,130.1828,189.8308,186.0315,43.1776,448.0628,199.6205,560.1438,438.8734
2023-01-05,64.1694,185.9906,127.4452,185.9007,183.2633,42.9259,439.3886,195.9693,551.3175,431.1225
2023-01-06,64.069,185.0169,127.3856,185.4767,183.3843,42.4779,437.9353,195.3802,550.669,429.6929
2023-01-09,63.58,185.344,126.2663,183.9226,182.4375,42.355,433.6037,192.9981,547.1194,425.4441
2023-01-10,63.9834,185.6737,127.0075,184.6254,183.0414,42.3976,436.0808,193.6936,551.4332,427.4091
2023-01-11,63.6931,183.9148,126.9048,185.3665,182.8071,42.5377,434.8026,192.4243,549.7652,425.0557
2023-01-12,63.6366,183.7264,127.4311,186.8813,182.6887,42.5397,435.5155,192.756,550.6716,425.622
2023-01-13,64.1387,184.9129,128.2142,189.8029,183.0749,42.6384,438.8517,194.1216,553.8515,428.2885
2023-01-16,64.8498,187.6366,130.102,192.1823,184.9918,43.0311,442.679,194.9999,560.5458,432.1503
2023-01-17,64.6602,187.7132,129.7923,191.6914,184.6282,43.3684,439.2577,193.5294,559.9941,428.8009
2023-01-18,64.872,187.2491,130.2039,192.2065,184.8742,43.3636,440.3215,194.6023,561.6092,430.1466
2023-01-19,64.3967,185.1501,128.8718,190.1578,182.1267,42.9836,438.3183,193.0446,557.2627,426.6201
2023-01-20,64.9684,186.0587,130.0256,192.6032,183.7331,43.4749,442.9798,194.9658,563.3884,430.8545
2023-01-23,64.5438,185.3116,129.5692,190.0472,183.2259,43.5673,440.6437,193.5562,560.7988,428.0021
2023-01-24,64.4612,185.2817,129.0434,189.4732,182.4277,43.0895,438.6854,192.5058,560.4997,426.4295
2023-01-25,64.4586,184.8869,129.2931,191.4706,182.3526,43.2331,437.7221,192.5258,560.7366,424.9349
2023-01-26,63.5322,182.2373,127.5389,189.8795,179.7404,42.7177,432.3725,190.1188,556.7203,419.3858
2023-01-27,63.7381,181.9185,127.8214,191.1008,180.4642,42.5365,434.1319,191.0938,557.9275,422.5299
2023-01-30,64.1889,182.6203,129.0748,193.3271,180.7016,42.5178,436.9341,192.0092,561.0793,424.2311
2023-01-31,64.3344,182.0471,129.5037,192.9389,181.4276,43.2542,437.5003,191.8219,564.4992,424.2904
2023-02-01,63.6993,180.3082,128.4005,190.2228,179.5587,42.6997,436.2406,190.7367,558.2277,422.6011
2023-02-02,63.9817,181.212,128.2931,189.0254,179.778,42.6176,435.5301,190.4654,557.2595,421.5419
2023-02-03,64.1735,181.0343,129.3085,189.1193,179.7714,42.7029,437.1418,191.4418,558.8208,424.8518
2023-02-06,63.6349,179.7953,128.313,188.3545,177.9015,42.1241,433.5034,189.4144,553.5681,421.3315
2023-02-07,62.9962,178.706,127.3934,188.1518,176.2779,41.782,429.9919,187.9387,551.5296,419.4621
2023-02-08,63.5982,179.6766,128.091,189.2623,177.4559,41.9015,432.3067,189.5134,555.2294,423.185
2023-02-09,63.6996,179.7314,127.5785,188.9658,177.1955,41.9294,432.2608,190.8153,555.2382,423.0786
2023-02-10,64.1065,181.2806,128.0716,189.6244,177.4143,41.9401,432.8836,191.8393,556.8706,424.5196
2023-02-13,64.8422,183.3909,129.4861,191.8853,179.6748,42.9116,437.7269,194.3391,563.4449,430.2345
2023-02-14,65.0019,182.8385,130.2997,190.6896,180.9839,43.1645,440.5948,195.3917,564.2379,432.8462
2023-02-15,65.0704,182.741,131.0157,191.779,182.0401,43.2934,443.8092,197.502,566.2805,438.496
2023-02-16,66.3349,186.0502,133.769,195.0655,185.2275,44.2229,452.8658,201.7766,577.0256,447.4166
2023-02-17,66.1714,185.5063,134.1184,195.3089,184.8135,43.7129,451.4217,201.4168,575.7994,448.0023
2023-02-20,65.9439,184.814,133.4038,194.3042,184.1809,43.9903,449.8126,201.1679,573.2918,446.5491
2023-02-21,66.0854,186.437,134.6541,195.1826,185.6875,44.0067,450.1532,201.5153,573.2771,447.2926
2023-02-22,66.0848,186.2917,135.1301,194.6437,185.3749,44.2187,451.9126,201.8196,576.952,449.5159
2023-02-23,65.7523,184.083,134.5106,192.9387,185.2552,44.5291,450.0353,201.911,574.7544,448.6846
2023-02-24,65.3823,183.1533,133.6696,190.3021,184.1914,44.0852,449.457,201.2207,571.9367,446.2589
2023-02-27,66.5349,187.8121,135.6717,191.9772,187.3271,44.6016,454.6669,203.6663,580.9021,453.5026
2023-02-28,66.9242,188.8159,136.0977,191.6349,187.3957,44.5386,454.3219,204.1182,582.6471,454.3138
2023-03-01,66.6709,187.7708,135.6322,189.7124,186.6786,44.5033,455.1193,204.583,579.109,454.9971
2023-03-02,67.0594,188.681,136.7596,191.9085,187.4445,44.3536,458.5706,205.8365,581.9738,457.8387
2023-03-03,67.267,189.7512,136.9768,191.4585,187.0286,44.2007,460.6485,206.6822,580.9947,458.3529
2023-03-06,67.1227,189.1169,136.8916,189.7148,186.8806,44.0557,459.4939,206.5816,580.2293,458.1548
2023-03-07,67.2278,188.2967,136.863,189.5155,187.4805,43.858,461.5618,207.0248,583.5566,459.9491
2023-03-08,66.7708,186.5505,136.091,187.6464,185.4096,43.1353,457.0808,205.0074,579.1386,455.886
2023-03-09,66.8622,186.8395,136.449,189.7721,186.3197,43.3732,459.7732,205.7974,580.0593,458.2861
2023-03-10,68.0078,190.5901,138.0698,192.3016,188.7637,43.9329,467.9332,209.222,587.5114,464.2992
2023-03-13,68.4836,191.5641,138.4437,191.5773,189.3038,43.8526,468.6112,209.5416,589.4054,464.7248
2023-03-14,68.3697,191.0866,139.0811,193.2247,188.7209,43.7653,467.1395,208.962,587.9789,463.3383
2023-03-15,67.9545,190.0158,138.6092,192.8636,187.4538,43.3403,467.3403,208.7904,586.2072,463.2539
2023-03-16,67.9472,189.4796,137.9384,191.906,187.9294,43.8063,465.62,208.0834,585.2344,461.9123
2023-03-17,67.7729,189.0068,137.61,193.1605,188.6462,43.9354,465.3337,207.3296,583.936,460.6783
2023-03-20,67.5048,188.6879,137.0442,191.5574,188.2915,44.1531,464.4831,207.5485,581.5925,460.3622
2023-03-21,68.0282,189.3559,137.8673,193.8347,189.1718,43.8827,468.0013,209.5046,585.7228,464.7849
2023-03-22,67.3456,187.7519,136.5489,191.7223,186.8965,43.4939,462.8284,206.9977,579.5586,459.3237
2023-03-23,67.6318,187.8376,137.7092,193.4124,188.4714,43.9957,465.5545,207.97,583.6001,462.418
2023-03-24,67.3915,186.4743,137.2848,192.2131,187.9073,43.8368,463.0187,206.6344,582.9615,460.5021
2023-03-27,67.5559,186.5843,137.6143,192.1395,188.424,43.8065,462.6567,206.6728,583.7711,460.2798
2023-03-28,66.9547,186.0562,136.5531,190.4283,188.026,43.6894,460.6889,205.1969,579.8554,457.05
2023-03-29,67.308,185.8904,137.5505,190.1449,189.8762,44.2918,465.7186,207.0785,584.7285,461.979
2023-03-30,67.7972,187.0747,138.0721,191.4255,192.2238,44.47,469.2787,208.2852,588.7388,464.5096
2023-03-31,68.2571,188.511,138.8075,192.7538,192.6264,44.7602,471.452,209.3869,591.9789,467.1647
2023-04-03,67.5983,187.6846,137.6231,189.9166,190.809,44.4618,466.2104,206.2642,586.1229,461.4441
2023-04-04,67.8616,190.0254,138.9163,192.5581,192.7432,44.8066,469.4261,207.4114,589.2264,464.5245
2023-04-05,68.1914,190.7106,139.7827,195.3738,193.0631,44.8207,468.7863,206.8519,590.5474,463.8224
2023-04-06,67.1644,188.2606,138.3546,192.9224,191.0743,44.4195,462.5623,204.0555,584.5917,458.1048
2023-04-07,67.0375,187.8831,138.6848,192.7848,190.8392,44.819,461.2081,202.9362,586.6054,454.837
2023-04-10,67.228,188.4091,139.0283,194.5282,191.9329,45.1304,462.6676,203.7471,586.6844,456.6973
2023-04-11,67.4973,189.4439,140.0332,196.442,192.5154,44.9781,461.8952,203.2857,589.9722,455.4921
2023-04-12,67.6204,188.6451,140.3325,196.8364,192.2595,44.7982,462.3063,203.6511,590.8008,456.9885
2023-04-13,67.8822,189.4431,141.439,199.2857,192.5664,44.556,465.5829,205.2034,591.6911,461.3137
2023-04-14,68.4009,191.3524,142.9735,201.7585,194.6991,44.5183,472.1519,208.2246,595.9285,469.2368
2023-04-17,68.9954,192.4599,143.9521,204.6305,196.7509,44.6804,473.9194,209.0596,601.3716,470.9238
2023-04-18,67.7267,189.2893,140.756,200.1548,193.3015,44.0478,465.4789,204.9599,589.5457,462.5464
2023-04-19,67.3782,187.0748,139.9755,199.4874,192.5872,44.2872,463.8766,203.8693,589.1673,460.658
2023-04-20,67.6226,187.9566,139.9663,200.5493,192.655,44.5982,463.1228,203.3294,590.3855,458.0612
2023-04-21,66.7531,186.6023,138.6351,196.1924,190.0584,43.7551,457.9397,200.7549,582.7023,454.5598
2023-04-24,67.0166,187.2633,138.4295,197.0623,189.8694,43.5365,461.4585,201.328,584.2392,457.353
2023-04-25,67.7316,188.6391,139.0541,197.4231,190.8845,43.5448,466.7995,203.3318,589.1702,462.1596
2023-04-26,67.4804,186.9564,138.0276,196.4969,189.069,42.5503,464.0273,201.556,583.6017,458.7306
2023-04-27,67.6393,187.8321,138.1106,198.2444,189.0575,42.5887,466.0575,202.3092,584.0933,460.4715
2023-04-28,67.4093,187.9957,137.0625,196.3852,187.3315,42.5161,459.4161,200.4511,580.9513,454.2772
2023-05-01,66.9007,186.5966,136.3021,194.8068,187.0491,42.4583,456.0775,199.3094,578.9593,449.8942
2023-05-02,67.6435,188.4493,137.3301,196.1493,188.4919,42.5009,459.103,200.5375,583.2426,453.3677
2023-05-03,67.2861,186.0883,136.6947,193.8084,188.0497,42.2738,457.0076,199.4621,581.3888,451.8533
2023-05-04,67.2732,186.2879,137.1336,196.5945,188.3559,42.3404,456.6892,200.1319,584.0443,453.451
2023-05-05,66.6975,184.2876,135.6801,194.4399,186.518,42.2408,451.8948,197.4006,578.1092,447.9497
2023-05-08,67.5217,186.2886,137.7053,198.8463,189.672,42.9225,455.9607,200.4334,584.9133,453.6365
2023-05-09,67.8133,188.4846,138.2375,199.1289,190.1433,43.256,458.6035,201.4302,587.7873,456.1781
2023-05-10,67.7445,187.0504,138.0733,198.814,190.2418,43.3138,460.5841,201.7463,588.32,455.3401
2023-05-11,68.1532,187.1059,138.7816,200.6448,191.0733,43.6064,462.0244,202.7299,591.538,458.0413
2023-05-12,67.6009,185.9244,137.1904,197.1507,190.2491,43.2387,457.9125,201.1915,587.265,453.3158
2023-05-15,68.1669,187.405,138.0953,198.2293,191.5575,43.3941,461.798,202.2573,592.0547,457.827
2023-05-16,68.1305,187.0997,138.3367,199.3857,191.402,43.1028,462.5856,202.0082,590.8977,458.7373
2023-05-17,67.9778,187.0678,138.3774,199.1086,190.9873,43.2535,460.6097,201.7826,590.5101,458.2217
2023-05-18,68.0194,187.555,138.3013,198.4143,190.8395,43.2152,459.1284,201.5398,588.2411,456.8954
2023-05-19,67.872,186.5777,138.1464,199.224,190.2434,42.2376,459.647,201.1982,586.9782,456.8948
2023-05-22,67.9367,186.5021,138.6749,201.2482,190.9756,42.6239,460.4064,201.1145,588.7384,458.1526
2023-05-23,67.879,186.5709,138.9367,203.0116,192.1632,43.2217,462.614,202.5747,589.4749,460.4295
2023-05-24,68.222,187.8447,139.4043,202.7445,192.765,43.2187,463.7725,202.8677,592.1055,460.1714
2023-05-25,68.114,188.0803,139.6263,202.2658,192.8027,43.4418,462.5066,202.7658,592.6677,459.6371
2023-05-26,68.2165,188.0872,139.688,201.7052,194.0133,43.717,463.0084,202.9411,595.4313,459.1032
2023-05-29,68.1844,188.4253,139.7887,202.4312,194.2058,43.2815,465.1401,203.1208,595.3324,460.6171
2023-05-30,68.8949,191.3082,141.9419,204.0899,197.0504,44.4873,471.4709,205.7278,604.2385,466.5641
2023-05-31,67.7666,188.2701,140.7332,201.1295,195.5463,44.1919,468.1448,203.3467,597.5892,461.4024
2023-06-01,68.5,190.388,142.066,202.222,196.6675,44.5493,472.2623,204.6591,602.5023,464.794
2023-06-02,69.0788,191.9654,143.3441,203.0345,198.8362,44.8971,476.5621,205.8892,607.6895,470.0943
2023-06-05,68.5753,190.1866,142.7048,203.0708,197.6854,44.6485,474.0879,204.8145,605.0039,467.632
2023-06-06,69.1917,191.3431,144.8095,206.8349,200.0291,45.2501,481.0836,208.0192,613.1035,474.3542
2023-06-07,69.5199,192.1924,146.1314,208.1314,202.0415,45.4491,479.6047,207.1524,617.1026,472.6625
2023-06-08,69.821,193.5462,148.1527,210.7209,203.1444,46.2223,482.9702,208.5157,622.1888,475.8396
2023-06-09,69.9052,193.2348,148.6833,208.7756,203.0538,46.4848,482.9564,208.493,622.6189,476.0715
2023-06-12,69.7691,192.9504,149.2297,209.1525,202.8511,46.6195,483.9652,208.7279,621.0192,478.578
2023-06-13,69.9545,193.4795,149.3557,210.753,202.3423,46.4957,484.9077,209.4059,620.077,478.9173
2023-06-14,70.1449,195.5571,149.2557,210.1333,203.894,46.6346,484.9511,210.0145,620.2062,479.5017
2023-06-15,70.772,198.0148,149.981,210.0622,206.2494,47.4574,491.3795,212.78,625.9896,484.4363
2023-06-16,70.9161,199.0675,150.2602,212.0264,206.7036,47.7454,490.2567,212.7028,628.1301,483.8092
2023-06-19,70.119,197.568,149.0749,209.2737,206.1579,47.5222,488.6357,211.9283,623.8124,482.255
2023-06-20,70.5307,198.3474,149.619,211.7589,206.4614,47.2904,490.2402,213.3861,626.4233,483.9286
2023-06-21,71.0254,200.9138,150.5374,216.1601,206.6296,46.909,491.3148,214.3595,629.9238,485.807
2023-06-22,71.4152,202.1713,151.7095,217.5767,207.0801,47.0627,492.7057,215.0601,633.4467,487.9687
2023-06-23,71.4701,202.2929,152.1432,219.4432,208.0961,47.2529,497.8089,217.0509,638.1338,493.0161
2023-06-26,71.5666,201.5904,152.3088,217.6924,207.8523,47.589,498.211,216.2068,637.616,493.4243
2023-06-27,71.1027,199.9708,151.4313,214.5477,206.8178,47.6826,497.4657,215.8838,632.7538,491.1061
2023-06-28,70.7534,197.6122,149.9866,211.7128,205.9043,47.5113,493.3512,214.873,629.3573,488.018
2023-06-29,69.8734,195.0023,148.4772,210.5414,202.7711,46.8331,487.9209,213.9826,623.9474,482.9471
2023-06-30,70.1665,195.4797,148.8867,211.1241,203.5401,46.6835,488.4298,213.9495,624.8273,483.1061
2023-07-03,69.9871,194.7658,148.9995,211.0952,203.4546,46.9915,488.2107,214.1199,624.7724,483.2484
2023-07-04,69.9774,193.7744,148.7116,209.3593,203.2256,46.937,486.6388,213.8503,623.3392,482.2901
2023-07-05,68.509,190.3057,146.1212,205.7316,198.9201,46.199,478.448,210.6931,610.6677,473.5426
2023-07-06,67.7165,188.6259,145.0945,203.738,198.2475,46.3821,474.9151,209.0055,606.5098,470.6701
2023-07-07,68.1291,191.1859,145.6503,203.6671,199.8756,46.5564,476.8482,210.6801,611.592,472.6869
2023-07-10,67.7995,191.5628,145.7117,202.8698,199.7998,46.3016,475.4198,210.2841,607.8583,472.3285
2023-07-11,67.8261,191.7646,145.7661,203.3212,200.1148,47.066,479.1997,211.5388,608.3916,474.9844
2023-07-12,67.1451,190.5805,144.6059,201.1735,198.8468,46.9254,473.9255,209.2883,602.4651,470.0834
2023-07-13,67.5978,192.0654,146.0687,203.3518,200.4893,47.162,476.2812,210.0675,608.7068,472.9956
2023-07-14,67.3928,191.1119,146.0914,201.7728,200.5125,47.4847,476.7031,210.3031,607.9145,474.3217
2023-07-17,67.6317,191.5699,146.3888,202.9392,201.3116,47.5186,477.7976,210.2178,609.4732,474.1452
2023-07-18,68.8574,195.5991,148.3451,206.068,204.1551,48.1848,484.6144,213.4246,618.789,480.9713
2023-07-19,69.4259,200.4684,149.4757,207.5708,204.8718,48.1282,490.4129,216.0649,625.1159,486.3846
2023-07-20,69.1786,200.5309,149.7195,208.2769,203.4245,47.7746,489.2879,215.7615,624.3768,486.0978
2023-07-21,68.9814,199.9742,149.4172,209.028,203.2964,47.6351,486.8183,215.012,622.3604,483.9707
2023-07-24,68.8256,199.7284,149.2824,207.4723,203.5715,47.4525,486.4706,214.9358,621.2083,483.5938
2023-07-25,69.0663,200.6422,149.9734,208.6822,205.1215,47.8405,489.312,216.4514,623.6701,487.5041
2023-07-26,69.2061,200.7966,149.5572,206.9465,204.788,47.5692,488.678,216.4874,623.5808,486.6599
2023-07-27,68.9239,200.3897,149.005,206.5255,203.3382,47.4169,483.596,214.1032,620.3188,481.5101
2023-07-28,69.4898,201.7485,150.3866,208.357,205.1114,47.6952,486.3085,215.4605,626.1045,484.2804
2023-07-31,69.4185,200.5418,150.5229,208.7432,205.0184,47.1767,486.197,215.5417,627.1353,485.5108
2023-08-01,70.3673,203.5812,152.6279,212.7255,208.3425,48.0772,492.6011,218.2829,636.3718,491.5485
2023-08-02,70.2635,203.6181,153.3869,214.812,209.4875,48.5132,490.7834,217.0716,638.0716,490.5151
2023-08-03,71.1206,205.8599,154.7344,217.9695,213.2757,49.9881,497.0894,219.9271,645.027,496.2171
2023-08-04,71.3104,206.5144,155.5408,218.718,215.014,50.328,498.0633,220.8329,647.5726,498.1993
2023-08-07,71.4225,207.4762,156.0757,220.3141,216.5603,50.678,499.7666,221.8877,653.8122,501.6204
2023-08-08,71.2103,206.6174,155.1811,219.6794,215.0647,50.4613,498.2361,221.3597,650.5691,498.9285
2023-08-09,70.5643,204.1627,154.578,218.4568,214.3744,50.5758,496.6781,220.2336,646.3875,496.5264
2023-08-10,70.7696,204.0305,155.7947,220.3085,214.9301,50.9281,498.7606,221.3693,647.9827,498.1836
2023-08-11,71.4066,205.5617,156.4363,221.0815,215.2734,51.0274,504.3019,222.9955,652.3018,503.2939
2023-08-14,71.5638,207.17,157.058,223.5318,215.9868,51.0982,499.8612,222.0201,653.12,500.3538
2023-08-15,70.7561,204.4624,154.8637,221.3302,213.3729,50.7156,495.0814,220.6677,647.8205,496.7878
2023-08-16,70.1793,202.9063,153.1176,218.4436,212.0665,50.3282,491.2471,218.9576,641.6947,494.2776
2023-08-17,69.4814,200.4368,151.2767,215.3795,209.5186,49.3161,487.9952,218.1595,638.7853,489.0569
2023-08-18,68.9422,198.3891,149.3809,213.7245,207.7241,48.4423,482.7706,215.3958,631.408,484.7495
2023-08-21,69.0244,197.8142,149.3387,215.026,207.866,48.3679,482.3393,216.5502,631.1621,485.6198
2023-08-22,69.5278,199.2748,150.9879,217.5573,210.6196,48.9782,487.1737,217.7772,637.1595,490.1241
2023-08-23,69.8115,199.6,151.3429,218.6291,211.1858,49.8175,491.5122,219.1508,638.5803,489.9732
2023-08-24,68.5643,196.8922,149.7263,217.5809,208.1007,49.0577,485.7458,217.0746,631.6229,483.6442
2023-08-25,68.5308,196.6051,149.5807,216.9546,206.9417,48.7707,484.1168,216.289,633.8533,485.6355
2023-08-28,68.5922,196.6518,148.9927,215.9999,207.5449,48.7357,484.4234,215.941,633.857,485.6656
2023-08-29,69.7212,199.7151,151.1087,219.3323,209.6367,49.3318,489.2575,218.0527,642.3244,489.151
2023-08-30,69.1089,198.1345,148.1693,214.4726,206.7855,48.7502,485.2899,215.4723,633.7331,483.3519
2023-08-31,69.278,199.7232,147.4695,215.1143,206.5451,48.4641,480.681,214.3641,631.0245,479.3102
2023-09-01,70.0651,201.0664,149.6266,217.4566,209.5346,48.7769,487.3047,217.1107,638.5203,484.7888
2023-09-04,70.1315,201.3852,150.3719,218.3537,209.2607,48.5839,489.5336,217.8808,638.8342,486.4809
2023-09-05,70.1319,200.0239,151.1358,221.3266,210.1805,48.5247,491.3437,218.2952,639.0094,491.5216
2023-09-06,70.4457,201.8663,150.9248,218.6674,210.5503,48.5405,495.2244,219.79,639.7585,495.1009
2023-09-07,70.7057,202.4499,151.8279,219.9831,211.2194,48.7318,496.8589,220.3145,642.3724,496.3855
2023-09-08,71.4266,203.253,152.7916,220.4155,212.7097,48.9061,504.0312,223.401,645.4819,502.302
2023-09-11,71.5774,202.6166,151.8415,218.9096,211.6069,49.1127,500.6934,222.5561,643.5577,500.9843
2023-09-12,71.6801,203.5752,151.8651,217.4723,212.3381,49.6015,502.2948,223.1037,648.2908,500.6894
2023-09-13,70.7621,199.5602,151.427,216.3677,209.3499,48.8625,496.172,221.0367,644.4536,493.4037
2023-09-14,70.252,198.3381,151.9411,217.0481,210.3248,48.765,497.1631,220.7974,649.5163,495.0004
2023-09-15,70.7601,199.4753,151.7378,216.9577,210.493,48.7852,500.4865,222.3166,654.5528,496.6284
2023-09-18,70.6487,199.0271,151.7364,217.8559,209.4413,48.5159,495.5948,220.7073,653.2883,491.9112
2023-09-19,70.7346,198.7694,151.3476,214.6861,209.6982,48.5488,493.6239,220.3631,652.652,489.0991
2023-09-20,70.1135,196.2888,150.9372,213.9858,208.0766,48.086,492.6051,220.0731,650.2959,488.0227
2023-09-21,69.6346,194.6144,150.0879,212.6306,207.03,47.567,488.7112,218.4578,648.1928,483.6304
2023-09-22,69.5859,195.0045,149.8072,212.1911,207.0374,47.5989,490.1276,218.4023,645.5994,484.1964
2023-09-25,69.1953,193.7259,148.2144,210.0343,204.8979,47.0655,486.8073,217.4922,643.1729,481.4779
2023-09-26,69.5303,195.0819,148.6246,209.7497,205.0365,47.0436,489.6188,219.0106,644.4718,484.1724
2023-09-27,69.4079,194.5996,147.767,207.0123,202.9613,46.6572,486.36,217.1944,640.1631,479.692
2023-09-28,69.6134,195.7266,148.3336,208.1417,204.119,46.9052,490.6398,219.467,642.1021,483.5922
2023-09-29,69.1454,194.7502,147.6696,206.31,202.6657,46.6405,483.415,216.4643,635.6624,478.7791
2023-10-02,68.8973,193.6477,147.7188,206.9441,201.4877,46.3005,482.7636,215.0157,633.1414,475.0398
2023-10-03,68.6651,192.29,147.5135,205.8207,201.0115,46.3247,479.5313,213.833,632.4434,471.3335
2023-10-04,69.5913,195.7509,149.3613,209.2349,202.9105,46.5445,482.5623,216.007,637.206,476.1123
2023-10-05,69.9061,196.0552,149.7494,209.8359,202.9595,46.2799,485.659,216.3425,640.7061,479.4948
2023-10-06,69.8991,196.4889,150.5764,211.1104,202.4827,45.9767,484.7296,215.6913,639.2823,477.0971
2023-10-09,70.0859,197.0941,151.4758,212.2021,203.5024,46.0565,486.7897,215.6238,640.1192,478.115
2023-10-10,69.5015,195.0986,149.3579,208.9909,200.9059,45.2255,480.962,213.2007,631.9469,470.9728
2023-10-11,69.2063,194.6406,149.8396,209.5433,201.5425,44.9747,481.514,213.3623,632.8936,471.75
2023-10-12,70.3012,198.9076,151.3338,212.9879,203.797,45.6729,485.308,216.5143,641.6024,479.0112
2023-10-13,70.3751,199.6206,151.152,211.1907,205.114,46.3834,485.6876,215.7995,642.5689,479.2663
2023-10-16,70.5831,200.3097,151.3505,210.9269,205.2618,46.6323,482.3654,215.3421,645.4403,480.2328
2023-10-17,70.8457,202.3583,151.8379,212.8876,205.6517,46.6291,484.8455,215.8302,648.0642,481.563
2023-10-18,71.0665,201.5817,152.3833,214.6312,207.5147,46.591,488.5576,219.3247,651.2794,485.9132
2023-10-19,70.1911,198.1509,150.8672,214.0425,205.6703,46.3412,483.2362,217.2038,641.4298,479.906
2023-10-20,69.7957,196.6628,149.6486,212.2891,202.8837,45.3934,476.5101,214.9547,636.3028,473.9975
2023-10-23,69.9568,198.2769,149.7855,211.0898,203.2001,45.5247,478.5423,216.8268,636.8737,476.6992
2023-10-24,69.6752,198.1974,149.3099,209.3387,202.758,45.3019,475.021,215.6422,633.7419,473.0324
2023-10-25,70.1865,198.2773,150.3064,210.5112,204.4747,45.1269,481.7458,218.375,640.5407,478.9121
2023-10-26,70.0501,197.5506,150.0569,211.0967,204.0127,45.5575,482.3086,218.7757,641.5603,479.391
2023-10-27,69.4921,194.9336,147.812,207.8206,200.5833,44.6075,477.1654,216.2735,634.0282,474.4987
2023-10-30,68.6999,192.6935,146.3875,205.6075,200.1544,44.5297,470.9153,212.6107,628.8616,467.1687
2023-10-31,67.7104,190.605,143.5059,202.1415,196.2808,43.8051,465.4988,210.262,617.922,462.1484
2023-11-01,67.616,191.1082,143.0219,201.5791,196.0107,43.7251,465.4674,210.3285,616.5941,460.6788
2023-11-02,67.6156,191.315,143.2917,201.5804,196.2892,44.0051,464.747,209.8827,615.6089,460.2027
2023-11-03,67.3331,190.1715,143.4326,200.8561,195.9284,43.8239,464.0318,209.3176,613.6801,459.9546
2023-11-06,68.0005,192.0284,144.3406,203.1936,197.2562,44.2932,468.9999,211.2003,619.2776,462.5576
2023-11-07,68.6331,194.3906,145.9396,206.5624,198.6265,44.7465,474.2895,213.0706,624.1761,468.8546
2023-11-08,68.6197,196.1759,146.3497,206.0705,198.9116,44.512,473.4643,213.1444,625.1026,465.6136
2023-11-09,67.6344,192.3168,144.5089,203.199,196.005,44.0658,467.5011,210.3731,616.5653,459.7374
2023-11-10,68.0615,194.7514,145.3224,205.0965,197.4766,44.1726,468.3888,209.8952,618.8521,460.6863
2023-11-13,68.0317,194.7743,145.9733,204.8872,198.0248,44.0696,470.7588,211.032,622.6316,464.4513
2023-11-14,68.2395,195.9389,146.189,205.668,198.7983,44.4105,471.1891,211.8211,624.0784,464.2383
2023-11-15,68.6477,197.1758,146.5668,205.94,199.5379,44.5492,475.0944,213.4747,628.0847,467.246
2023-11-16,67.8831,195.9284,145.4882,203.312,198.2006,44.4698,471.0925,211.5334,623.57,464.4886
2023-11-17,68.9488,199.1861,147.1519,207.577,201.9767,45.4398,478.2063,213.9804,633.4305,471.2662
2023-11-20,68.3831,196.8622,145.9903,205.6811,200.3143,44.7867,474.2865,212.0891,630.0328,468.4394
2023-11-21,68.6534,197.8892,146.3114,206.7402,201.0685,45.2355,476.6768,213.4967,634.6228,473.9601
2023-11-22,67.9598,196.6049,144.9675,203.7801,198.7654,44.9121,473.1383,211.6723,627.6503,470.5023
2023-11-23,67.4179,194.8508,143.8307,203.8854,197.8501,44.6326,468.9389,210.1112,625.1576,467.366
2023-11-24,68.1597,195.2598,144.6519,207.0527,199.7041,45.0541,475.2249,212.1431,631.7378,472.6013
2023-11-27,68.0591,194.7881,144.5298,205.2629,198.8044,45.1466,475.7147,212.4203,631.7235,471.0477
2023-11-28,68.1297,194.989,145.3805,206.2792,199.2583,45.2111,478.4214,213.9685,636.2112,473.7087
2023-11-29,68.1843,195.0316,146.0218,208.5606,199.1795,45.8307,477.4468,213.1467,636.5282,471.2352
2023-11-30,68.2154,194.6586,146.3733,208.5105,198.7114,46.1663,475.4646,212.0643,636.3413,468.9781
2023-12-01,68.7028,197.0559,147.4599,210.4287,201.1295,46.7154,479.3795,213.4105,643.0671,471.2362
2023-12-04,68.6205,194.8607,147.0483,208.0508,201.6346,46.7573,476.2566,211.8644,643.2182,468.1158
2023-12-05,67.9912,193.0836,145.5315,205.1711,200.7598,46.5207,473.2832,210.4032,637.2021,464.1727
2023-12-06,67.7269,192.3729,144.6921,204.3911,200.3722,46.2754,471.3058,209.7426,634.1772,461.0628
2023-12-07,67.977,194.6917,145.3744,204.7827,201.9315,46.655,472.6571,210.672,638.0529,463.393
2023-12-08,68.1115,194.9865,145.5358,204.7125,202.9309,47.072,471.5157,210.4044,639.3271,461.5179
2023-12-11,67.7329,194.1437,144.2216,201.4569,201.617,46.4137,465.3603,207.2934,631.9317,454.4303
2023-12-12,67.5357,193.572,143.7722,201.6525,201.6434,46.619,463.9662,206.0406,628.9267,451.8704
2023-12-13,67.368,193.0629,143.573,200.1497,201.1967,46.7947,465.8894,206.0222,627.7293,453.4837
2023-12-14,67.3874,194.3944,142.8095,200.8175,200.766,46.8576,464.1241,205.679,625.4374,451.8362
2023-12-15,66.8798,191.9101,141.5575,198.5062,198.8621,46.3984,460.6233,204.5541,618.7753,448.6538
2023-12-18,66.504,190.2024,140.3245,197.7197,198.4258,46.4412,457.7468,203.5636,615.0594,445.2552
2023-12-19,65.9294,189.0181,139.6595,197.5711,197.0587,46.4891,456.6988,202.8264,612.9811,444.9579
2023-12-20,66.4017,190.4994,140.1069,197.2605,198.0312,46.646,459.5123,204.6426,615.004,450.0634
2023-12-21,66.72,191.1147,140.764,197.6821,198.9941,46.8263,462.5959,205.7051,618.8885,453.0441
2023-12-22,66.496,190.3184,140.496,196.9687,198.6835,47.3275,460.9625,205.0819,618.2315,451.4907
2023-12-25,66.3312,190.4494,140.0937,196.1548,197.3688,47.0612,462.7834,205.6859,616.2876,452.0086
2023-12-26,66.2963,190.6123,139.5468,194.2721,198.5782,46.9753,463.3557,205.8177,616.2127,452.847
2023-12-27,66.0404,189.2078,138.6977,193.8118,197.6074,46.9629,462.8674,205.1906,613.2877,451.4724
2023-12-28,65.4866,187.6786,137.388,191.5066,196.2202,46.7148,460.1806,202.875,608.295,446.8023
2023-12-29,64.8347,185.6445,136.764,190.7164,195.9476,46.412,459.1654,202.4472,604.7663,446.6593
2024-01-01,64.4995,184.9264,135.6262,190.2833,195.4682,45.9556,457.6058,202.0874,602.6955,445.2729
2024-01-02,63.7723,182.4707,134.601,189.5311,194.6505,45.8174,454.5367,200.7802,598.7064,442.0968
2024-01-03,63.6617,181.1872,134.4021,188.7563,194.398,45.7173,454.7367,200.7724,600.2154,443.391
2024-01-04,64.12,182.9596,135.476,191.3376,196.4446,45.7902,456.21,201.5628,603.3414,444.7049
2024-01-05,63.6969,182.0628,134.1989,190.2623,194.8594,45.4199,451.3617,199.3969,596.5569,439.2011
2024-01-08,63.6786,182.966,134.211,189.638,194.5874,45.3159,450.2191,199.6738,597.2108,438.1602
2024-01-09,63.8092,182.276,133.6673,188.458,195.1411,45.4155,450.7951,200.2675,597.0426,438.5442
2024-01-10,63.9175,182.4677,133.6903,189.5124,195.3227,45.5878,451.9299,200.3299,598.3937,439.5188
2024-01-11,63.7328,181.6941,133.7255,190.3321,194.654,44.9582,449.6047,199.4886,598.2846,437.8719
2024-01-12,63.3335,180.1879,132.2735,186.8938,193.5821,44.4511,443.3491,196.5812,594.5029,432.4586
2024-01-15,62.8029,177.5041,131.2536,184.6104,191.6757,43.9529,438.4174,193.8506,588.9929,426.8817
2024-01-16,63.0517,177.4565,131.6997,185.9695,191.7148,44.351,438.5879,194.2665,589.6445,427.5721
2024-01-17,63.7606,179.7064,132.5289,186.0869,193.2489,45.3343,441.3983,195.2128,594.6078,429.9066
2024-01-18,62.6723,176.2383,130.3928,183.9961,191.2928,44.8946,435.204,192.6288,586.0286,424.8299
2024-01-19,62.9199,176.3893,130.0835,185.4266,191.5826,44.9518,436.5972,193.0527,587.3697,425.9443
2024-01-22,63.3103,178.5687,130.9485,186.9722,194.0965,44.8148,440.86,193.9339,591.7289,429.4746
2024-01-23,63.2998,180.2493,131.0539,186.2316,193.4611,44.9427,442.2083,193.831,591.3082,429.377
2024-01-24,63.6363,181.1328,132.3212,188.1759,194.1266,45.2121,444.4326,194.8303,594.3993,430.4665
2024-01-25,63.8305,180.5586,131.739,188.3417,193.5758,45.169,438.6689,192.0878,591.6597,427.02
2024-01-26,63.839,180.8597,131.6356,188.2514,192.81,44.6637,437.4073,192.292,594.8898,425.9879
2024-01-29,63.1812,177.4534,130.9152,187.6543,191.0078,44.8216,432.9841,190.3442,588.3084,422.4111
2024-01-30,62.313,174.0569,129.2141,184.4669,187.9229,44.5429,430.058,188.4609,581.0921,416.9007
2024-01-31,62.4457,174.7885,129.8186,184.6206,189.2242,44.8673,434.5827,190.4385,585.3642,422.0992
2024-02-01,62.0578,172.7741,129.0815,184.4352,188.3681,44.9063,430.5324,188.1902,581.9085,417.0954
2024-02-02,61.8932,172.1858,128.3629,182.7477,187.2398,44.6195,428.2163,187.646,581.7945,416.7567
2024-02-05,61.4483,169.9982,126.6949,178.1034,185.0409,44.3047,421.9478,185.0484,575.4199,412.4132
2024-02-06,60.9534,168.7574,125.044,175.663,183.3937,43.5397,420.0337,183.9682,570.7152,410.8792
2024-02-07,61.1136,170.0846,124.5696,175.3957,183.3367,42.9014,420.6437,183.5937,569.5379,411.7837
2024-02-08,60.862,169.0376,123.665,175.1647,182.2787,42.3478,419.0066,183.3852,566.5712,410.228
2024-02-09,61.1061,169.8099,124.3228,177.5806,183.1386,42.3422,419.3082,183.9764,567.6581,411.5134
2024-02-12,61.3585,170.0609,124.8746,178.4084,184.3106,42.4537,422.2436,185.6092,568.6203,414.7096
2024-02-13,61.3997,169.7779,124.9314,179.0539,184.2657,42.5925,425.7523,186.87,568.4392,417.1679
2024-02-14,61.4476,169.4698,125.104,179.3563,184.0331,42.5032,427.3373,188.1554,569.833,419.9536
2024-02-15,62.0615,171.8744,125.4497,180.1094,186.1155,42.9664,433.0548,190.2095,575.7869,424.2879
2024-02-16,61.6933,169.9847,124.1623,178.0689,185.2954,42.5161,427.1831,188.3171,571.6773,422.1998
2024-02-19,61.668,169.831,124.1673,178.368,184.5271,42.0736,427.4264,188.9826,572.4548,422.7435
2024-02-20,62.0819,171.4214,125.1523,179.034,185.6411,42.375,430.2629,190.9094,577.2846,426.407
2024-02-21,62.2694,172.7095,125.978,181.9505,186.8465,42.5435,434.6423,192.2764,581.9244,430.0863
2024-02-22,61.6274,171.3005,125.4347,178.9166,185.3352,42.2861,431.005,190.6231,579.7583,426.1584
2024-02-23,61.3531,170.5646,124.8033,178.5327,184.8805,42.3836,430.8731,190.9979,579.7453,425.5221
2024-02-26,61.7648,171.4317,125.3134,179.5014,186.7194,43.2394,437.0687,193.8668,587.6241,431.0403
2024-02-27,61.8146,172.3098,125.7574,180.4148,186.9311,43.2986,438.7374,193.7722,589.2543,429.8738
2024-02-28,61.7687,171.658,126.8527,180.824,186.4391,43.685,440.3578,194.3321,590.4767,429.6141
2024-02-29,61.8912,171.513,127.2603,179.8708,186.2823,43.7494,439.9147,194.3041,588.2409,428.9725
2024-03-01,61.4727,171.3643,127.1302,180.297,185.9898,43.8535,437.4989,194.5892,586.5336,428.8864
2024-03-04,61.6885,172.3001,126.4098,180.5361,186.7348,44.2708,436.993,195.1151,587.086,428.4885
2024-03-05,61.5631,172.2781,125.7745,179.823,186.1319,44.2929,439.326,196.1283,589.4905,429.7463
2024-03-06,61.4363,172.3796,125.9063,180.704,185.925,43.9897,441.6959,196.3203,588.6805,431.381
2024-03-07,61.4712,172.449,125.9181,180.246,185.6867,44.1928,442.6626,197.0411,588.8785,434.1017
2024-03-08,61.251,170.8696,124.9691,179.1718,184.6042,43.8119,442.4923,197.6409,584.7638,433.6631
2024-03-11,61.4027,171.5425,125.3597,180.7739,184.8628,43.9104,445.8042,198.3819,587.5975,435.6612
2024-03-12,62.5449,174.8469,127.6628,183.6389,189.2644,44.8666,454.6724,202.2506,597.9492,444.3126
2024-03-13,61.9225,172.538,126.2338,182.6215,187.5861,44.7667,447.0588,199.5426,592.2238,436.4804
2024-03-14,62.2744,172.8623,126.9114,181.9605,187.8248,44.8699,447.8095,199.7182,591.556,436.6372
2024-03-15,62.0138,172.1937,126.8728,181.2951,186.8826,44.2358,444.7695,198.5654,588.6715,430.212
2024-03-18,62.3535,172.3171,127.3181,182.3889,187.5101,44.8987,447.4443,199.1492,588.9756,433.1231
2024-03-19,62.2168,171.9612,127.4463,184.2652,187.777,45.1196,448.9052,199.5152,588.7771,433.0169
2024-03-20,62.7197,173.3239,128.5012,185.6465,188.3116,45.0162,449.4561,200.2424,591.5148,435.0675
2024-03-21,63.3474,175.1414,129.8998,186.537,189.5898,44.9291,451.5213,201.5017,595.4466,440.8
2024-03-22,63.5954,176.2548,131.0886,189.913,190.3905,45.321,452.5475,202.361,595.7873,443.7697
2024-03-25,64.1893,178.4943,132.4299,191.5435,193.2,45.6033,454.2937,202.7791,601.579,445.0246
2024-03-26,63.1992,175.2832,130.5862,189.42,190.0358,45.0981,448.1661,200.8573,595.5585,437.7083
2024-03-27,63.6923,177.4055,131.9969,190.943,192.2607,45.8322,454.4631,202.7945,602.3439,444.4965
2024-03-28,63.7236,177.4249,133.2484,192.7123,192.7833,45.7097,455.6861,201.9493,602.9362,442.5962
2024-03-29,63.925,179.3389,134.632,193.9841,194.4837,45.8313,459.1707,203.36,607.4153,447.6324
2024-04-01,63.7813,178.5511,132.9198,193.6294,192.6852,45.2818,453.2476,200.9615,602.3355,444.8096
2024-04-02,63.0063,175.2598,132.7529,194.3408,192.7706,45.0099,450.1686,200.2747,600.3187,442.9939
2024-04-03,63.1692,176.4013,133.0357,196.225,193.1927,45.1562,450.1952,200.0734,601.3879,443.1093
2024-04-04,63.2854,177.1024,132.4395,194.2799,193.529,45.32,453.2844,201.6055,599.2784,446.0812
2024-04-05,63.5243,178.6973,132.0829,191.7446,193.4229,45.4805,452.3126,200.9969,602.0723,445.0124
2024-04-08,63.6567,179.3237,133.3053,193.0274,193.7606,45.3016,455.5884,201.8309,607.7711,446.4992
2024-04-09,62.8237,178.6099,131.1336,192.1983,192.0054,45.14,450.0594,199.5457,602.8537,440.8589
2024-04-10,63.4844,180.3462,131.5047,192.1676,192.5254,44.9624,453.5688,200.7385,606.1338,444.557
2024-04-11,63.5304,181.1989,131.3877,192.7832,193.5136,45.3959,453.3628,200.4847,606.7642,441.7166
2024-04-12,63.3906,180.3499,131.9462,192.3328,191.7642,44.5997,452.019,199.7247,604.335,442.691
2024-04-15,62.5948,178.3448,131.4544,190.6317,189.8269,44.6068,446.0173,197.7727,598.6921,437.4206
2024-04-16,62.5215,178.5583,132.4874,191.861,190.6515,44.626,443.1051,197.8257,601.4458,437.1376
2024-04-17,61.8674,177.1708,130.5126,190.9123,186.7448,43.9314,436.5487,193.7221,591.3386,429.0151
2024-04-18,62.1815,178.5517,130.876,192.2531,188.5037,44.4741,438.3026,194.6977,594.4993,431.7355
2024-04-19,61.7037,174.769,129.5335,188.1092,186.7607,43.7339,436.4061,193.6312,589.1898,428.3096
2024-04-22,61.8042,174.9897,129.3946,188.3706,187.2504,44.0523,438.9102,193.9991,588.8592,430.0869
2024-04-23,61.9119,174.8788,129.4595,187.1958,187.7588,43.9977,439.8131,192.7762,590.7488,428.6561
2024-04-24,62.5803,176.5332,130.9987,188.6003,189.4483,44.2703,441.2763,193.0309,595.0576,428.2046
2024-04-25,62.4959,176.0956,130.8232,188.7367,190.3922,44.2897,441.4397,192.7278,594.7328,428.8886
2024-04-26,62.1788,175.8825,130.4228,189.376,190.5806,44.7664,441.0257,192.9923,590.2875,429.445
2024-04-29,61.9141,175.248,129.917,189.7636,190.1047,44.3323,441.1687,192.6897,589.1,429.4049
2024-04-30,62.4035,176.2855,131.2444,191.7593,192.3917,44.9379,444.5335,195.4803,593.5769,432.2196
2024-05-01,62.7742,176.3111,132.6292,193.8482,193.2037,44.9369,444.5456,195.7614,596.9198,433.3946
2024-05-02,62.8742,177.7163,132.3541,194.5261,193.7074,45.3431,442.6702,195.116,594.1163,431.4371
2024-05-03,62.9319,177.416,132.5763,193.0366,193.4561,45.9102,443.8222,196.1771,593.8845,435.0345
2024-05-06,62.1813,175.1758,130.9044,192.2017,190.5038,45.0468,436.0718,192.7176,585.2628,428.9366
2024-05-07,62.5342,177.716,131.5693,192.1801,191.1638,45.1927,434.6578,192.4268,587.7082,428.8936
2024-05-08,61.6777,174.759,129.533,189.29,188.6371,44.5046,427.6574,191.6443,580.9566,424.8236
2024-05-09,61.8442,175.0232,130.036,189.3166,190.7165,45.2085,429.0231,192.2504,584.5408,426.7683
2024-05-10,61.8649,175.2294,129.786,187.6811,190.8682,45.1322,428.4756,191.8013,584.3114,429.5695
2024-05-13,63.056,177.5053,132.0718,191.2261,194.2847,46.0881,434.2171,195.4548,592.1739,437.8813
2024-05-14,62.7673,175.4824,131.1587,190.0073,192.8046,45.6079,432.0519,195.0308,587.544,436.742
2024-05-15,62.714,175.0533,131.0344,189.5799,192.5203,46.1236,431.303,194.6355,587.589,436.2085
2024-05-16,63.3329,176.5702,132.4445,191.2919,194.7393,45.9321,434.0411,195.841,595.3454,441.0964
2024-05-17,63.87,178.273,133.8666,194.6549,197.2999,46.5579,439.6782,199.5553,600.4839,445.5164
2024-05-20,63.497,176.5923,134.0638,196.8915,196.7667,46.4007,438.6944,198.1706,596.8588,445.2939
2024-05-21,63.4483,176.8555,134.8334,198.9583,197.8507,46.5864,440.3976,199.2595,599.9073,448.1
2024-05-22,63.5081,175.5851,134.4988,198.4226,197.4523,46.5461,441.6979,199.5236,600.4353,449.1485
2024-05-23,63.8277,176.5677,135.0085,197.2126,198.0979,46.6662,442.2983,199.3749,600.9506,450.2618
2024-05-24,63.6934,176.5709,134.644,197.073,197.1283,46.4821,439.0236,197.798,598.9477,447.8543
2024-05-27,63.7024,176.9436,134.1878,196.8265,197.0256,46.5372,441.5833,198.3264,599.0802,448.4963
2024-05-28,63.3191,175.8455,132.6719,195.1307,196.1852,46.8026,439.3032,197.5262,592.8714,443.7216
2024-05-29,63.3271,175.5067,132.7632,193.8629,196.3718,46.008,437.3167,196.0589,593.249,443.3447
2024-05-30,63.6393,176.3696,133.0367,194.8548,197.0884,46.6575,441.3376,197.4556,596.2412,445.2704
2024-05-31,63.7245,177.6017,132.5696,195.4518,197.0346,47.3204,441.4815,197.5473,597.4079,444.0982
2024-06-03,62.8486,174.7736,131.5804,192.7637,194.0806,46.0969,434.6121,195.1373,589.4879,437.9699
2024-06-04,63.2862,176.7989,131.8727,193.5935,195.8461,46.4441,437.5869,196.632,594.5905,442.2535
2024-06-05,63.3083,177.7351,132.7591,193.8083,196.2328,46.8627,438.8614,196.5002,596.183,441.4036
2024-06-06,63.0796,175.8907,132.2752,192.793,194.8151,46.74,435.6037,195.8717,593.7991,439.387
2024-06-07,63.1391,176.0472,132.1809,191.5403,194.5566,47.0754,434.0194,194.5406,594.2922,437.4814
2024-06-10,62.4877,173.5918,131.0895,189.5029,193.6183,46.8705,430.2435,192.6831,586.0561,431.8474
2024-06-11,61.9322,171.0838,130.7759,188.6026,193.0648,46.0813,427.9826,191.1444,583.2712,429.7883
2024-06-12,61.6932,171.0802,130.7928,188.9042,192.5947,46.2763,426.0706,190.3014,582.8643,428.1247
2024-06-13,62.2213,173.0077,132.5284,192.088,194.7222,46.8445,432.1485,192.4846,586.8618,432.9782
2024-06-14,62.1027,172.9449,132.2752,192.7381,193.8779,46.9837,431.1043,192.2753,583.0087,431.8787
2024-06-17,62.4185,173.1708,133.6168,193.8137,194.812,46.6561,434.5038,193.4935,587.5543,436.073
2024-06-18,62.0555,172.3936,133.7077,194.1234,194.2854,46.1284,433.2677,192.1951,583.7973,434.8407
2024-06-19,62.0477,171.5661,133.8352,193.0649,194.305,46.0866,433.1188,192.2269,585.3304,436.5089
2024-06-20,62.0253,171.68,133.8447,192.8512,194.8277,46.5231,434.6525,193.4973,585.9118,438.1645
2024-06-21,62.6682,173.1556,134.2606,193.3695,196.1338,47.1974,437.5211,194.4954,589.755,439.8472
2024-06-24,62.4112,173.2883,133.8378,191.7793,195.3552,46.7327,435.6375,193.956,588.4402,438.1058
2024-06-25,61.6728,171.0481,132.301,190.0906,192.7628,45.9787,433.4045,192.6998,582.3896,434.0098
2024-06-26,61.2128,170.0081,131.3835,188.5699,191.723,46.4844,428.3681,190.2482,577.8151,427.5206
2024-06-27,61.4685,170.9872,131.0081,188.1158,190.3659,45.9278,427.7411,190.2491,575.2099,427.1336
2024-06-28,61.0004,169.6934,129.9252,187.6634,189.0285,45.7296,423.6491,188.8719,570.1067,424.9324
2024-07-01,61.307,170.7203,130.9933,188.6476,190.3543,45.8079,428.2451,189.9841,571.8253,427.7083
2024-07-02,61.0953,170.4055,130.9472,189.286,189.4307,45.6535,428.1405,189.8651,568.4394,427.5533
2024-07-03,61.7891,171.8325,133.0409,193.5087,192.8437,46.0856,434.438,193.3499,578.1084,435.0811
2024-07-04,61.0226,170.0205,131.8515,192.9518,190.6059,45.3001,430.4858,191.1547,568.735,430.4378
2024-07-05,61.1084,170.9295,132.8738,193.9913,190.8148,45.1966,430.0891,190.8852,570.1398,430.2675
2024-07-08,60.5011,169.5185,131.8157,191.3221,189.2655,44.6727,428.7031,190.367,566.7356,430.2564
2024-07-09,60.0354,167.99,131.7703,190.4111,188.0803,44.3051,426.4797,188.949,564.1318,427.4729
2024-07-10,60.3136,168.9494,132.1672,189.3341,188.7243,44.5617,423.1643,188.4814,563.436,426.6153
2024-07-11,59.585,166.6668,129.6013,186.3137,186.6553,44.5855,416.9952,185.5838,554.6912,422.1874
2024-07-12,59.8705,167.4505,129.682,187.0439,186.3409,44.3033,419.3839,186.9451,556.4909,425.4308
2024-07-15,60.7325,169.1548,132.2858,190.7235,189.1261,44.6023,425.7107,189.2213,563.9688,431.5067
2024-07-16,60.5948,169.7746,131.8535,188.6981,188.4552,44.4322,427.5232,189.319,561.33,430.2007
2024-07-17,60.7353,171.5406,132.0463,188.5761,188.9241,44.2813,425.8018,188.4195,562.5362,429.4326
2024-07-18,61.2731,172.5971,133.0084,191.2075,190.2752,44.1256,428.5211,189.8248,566.7109,431.5851
2024-07-19,61.3508,173.3759,132.871,191.5088,190.4941,44.468,428.0505,189.0093,566.4901,429.0575
2024-07-22,60.945,173.2049,132.079,191.0264,189.4739,44.2667,427.5043,188.4086,563.513,427.5208
2024-07-23,59.9716,169.6899,129.8597,190.8747,187.3627,43.8552,419.8892,185.0707,555.5694,421.0874
2024-07-24,60.4192,169.4935,130.8667,192.3637,189.309,43.7584,419.2846,185.7327,558.9953,419.5109
2024-07-25,60.5154,170.8359,131.6127,191.0846,189.4421,43.6546,421.2743,185.5828,559.3141,421.1235
2024-07-26,60.292,170.1821,131.0357,189.0493,187.4535,42.8953,419.2973,184.655,556.2635,420.0909
2024-07-29,60.5065,170.4419,131.4402,189.7952,187.7878,43.0071,419.8018,185.0484,558.6951,418.7849
2024-07-30,60.3795,170.1182,131.455,189.7105,187.9547,43.1215,419.2142,184.2059,556.9328,419.7366
2024-07-31,60.274,169.5724,130.9923,188.7753,187.1728,43.031,418.6084,183.6082,554.208,419.5057
2024-08-01,60.1122,171.1382,131.7865,189.6443,188.1681,43.1048,419.7708,183.9099,555.6361,419.0956
2024-08-02,59.4773,168.8815,131.3328,188.1706,185.4565,42.3587,415.1936,182.0877,551.1853,413.9788
2024-08-05,59.9514,170.4375,131.716,189.005,187.1621,42.7203,420.3416,183.4072,553.4344,418.0456
2024-08-06,59.2551,169.2451,130.7444,188.8812,185.4821,42.5105,419.511,182.0042,548.2192,416.6936
2024-08-07,59.1387,169.7024,130.2423,189.6806,183.8206,42.0578,418.718,181.4254,546.5951,415.6862
2024-08-08,59.975,172.8016,131.5033,192.9201,186.3076,42.3922,424.0624,184.3597,554.9691,419.0504
2024-08-09,60.3524,173.4861,132.2534,192.8102,187.7455,42.5251,425.2209,184.8448,557.4899,422.0839
2024-08-12,60.6749,174.2112,132.8704,193.4615,187.8982,42.4588,428.6287,184.8772,558.1043,423.6949
2024-08-13,60.4819,172.0369,132.2881,192.1295,186.7243,42.1748,426.2536,183.2963,554.7957,419.4376
2024-08-14,60.2843,171.3635,131.7864,191.8068,185.7642,41.7755,425.2438,182.716,553.0904,417.8312
2024-08-15,60.4705,171.8802,131.5698,191.2255,185.8318,41.7649,425.735,182.949,553.6442,418.1335
2024-08-16,60.681,172.9579,131.5715,190.8318,185.7873,42.1556,426.6307,183.0554,553.9061,417.3358
2024-08-19,60.6648,174.0953,131.8191,192.4153,185.8297,42.1571,427.4295,183.1558,554.7423,417.8009
2024-08-20,60.768,174.7902,131.7228,192.1528,186.0678,41.9613,425.3512,182.4091,555.409,415.9559
2024-08-21,60.6294,175.0141,131.9708,192.4129,185.8827,41.4382,424.4265,182.1071,555.8818,414.2231
2024-08-22,60.3587,174.0658,130.7616,190.8712,184.0417,41.6219,420.6931,180.2319,550.8588,410.2965
2024-08-23,60.2882,174.6195,130.6783,191.1812,182.7651,41.7155,421.6015,180.3422,548.8302,411.3894
2024-08-26,60.5512,175.2427,131.2029,192.3513,185.0075,42.3148,426.3958,181.9987,551.5046,413.9422
2024-08-27,59.81,173.6913,130.2595,192.2274,182.4852,42.1256,420.1867,179.3527,545.1674,407.7652
2024-08-28,59.8184,174.0984,129.9429,190.2319,182.0806,42.2035,422.204,179.9786,545.1318,409.1754
2024-08-29,59.6384,173.6463,129.4102,189.5364,182.4984,42.2949,421.7929,179.6367,542.9032,408.7429
2024-08-30,59.7929,172.8429,129.4577,189.2659,183.0734,42.1243,421.1929,179.1306,543.7925,407.6602
2024-09-02,59.7193,173.2337,129.233,188.4344,182.4524,42.5142,417.5069,177.4257,542.238,404.432
2024-09-03,60.3342,175.1462,130.5851,190.8839,184.4261,42.8337,421.4323,179.0254,547.2666,408.8789
2024-09-04,60.6277,176.3342,131.102,192.64,184.4874,42.7632,424.1858,180.0082,550.304,411.4837
2024-09-05,59.9327,174.3057,130.2369,190.5553,183.3951,42.5588,422.4111,179.6991,545.2886,409.9048
2024-09-06,60.141,175.0765,130.5883,192.4394,184.2149,42.7655,423.4674,180.0151,548.6739,411.159
2024-09-09,59.7909,174.7523,129.9978,189.9234,182.9275,42.653,423.3256,179.9763,546.329,411.8289
2024-09-10,59.5569,173.5092,129.9338,190.1706,182.9112,42.7742,419.4298,178.1849,544.0422,407.5265
2024-09-11,59.8706,174.5698,130.7117,190.1987,183.6476,42.7843,420.1177,178.4039,544.7533,407.6925
2024-09-12,59.7447,173.4531,129.994,188.3823,183.3199,42.7288,418.4801,177.7393,542.8895,406.1245
2024-09-13,60.2153,175.0736,130.9757,189.681,184.4565,43.1202,422.4689,179.3336,546.3771,409.5491
2024-09-16,59.9273,174.2106,130.1349,187.9656,183.3201,42.705,421.818,179.3014,543.3991,408.468
2024-09-17,59.7724,173.1307,129.1361,183.7795,182.844,42.9831,421.2876,179.1951,542.0122,407.7884
2024-09-18,59.6535,172.6836,128.9686,184.1113,182.6791,42.9299,417.5115,177.7877,539.7781,404.7716
2024-09-19,59.3991,171.3859,127.8884,183.2912,182.0696,43.1992,417.0747,177.5284,538.2388,404.8601
2024-09-20,59.8753,172.3884,129.0618,184.7368,184.1268,43.2514,420.4624,179.2534,542.4945,408.2349
2024-09-23,60.1291,173.2554,129.6654,185.3165,185.5771,43.7242,420.3635,179.1758,545.5305,408.0697
2024-09-24,60.6312,174.7892,131.0303,186.8465,187.6293,43.9126,422.4613,179.9889,551.5575,410.4102
2024-09-25,61.53,175.942,132.9986,187.9653,190.4337,44.34,429.1804,183.4318,559.9401,417.5411
2024-09-26,61.0637,174.7608,132.411,185.5151,189.3941,44.3603,427.1267,182.0496,555.6445,414.3943
2024-09-27,61.0832,174.5195,132.2477,186.1672,189.2187,44.2511,425.8163,181.6847,556.1094,413.3499
2024-09-30,60.4826,172.4085,131.4222,186.1066,187.8839,44.6477,423.1171,179.7679,552.7167,409.5668
2024-10-01,60.0897,170.4341,131.0159,186.1394,187.4568,44.6483,421.2967,179.026,550.2269,407.6957
2024-10-02,60.1525,170.5524,129.996,185.085,186.6536,44.2376,420.4501,178.5525,549.6404,405.9624
2024-10-03,59.7534,169.0142,129.0388,184.4684,185.1888,44.019,415.4009,176.6174,546.3317,401.6933
2024-10-04,59.2338,168.3542,128.6968,184.6155,184.0119,43.6578,414.9671,176.5168,542.4424,400.5111
2024-10-07,59.3654,167.5133,128.8951,184.108,184.078,43.8548,415.3778,176.7279,542.3546,401.3247
2024-10-08,58.9192,165.5863,128.3749,183.5573,183.2314,43.5459,413.0866,175.2971,537.3388,397.3245
2024-10-09,59.4255,166.3694,128.7558,183.7843,184.5825,43.9091,414.9917,176.1634,539.8703,398.9317
2024-10-10,59.194,165.9224,128.3184,182.8929,182.6069,43.4857,413.5482,175.4066,535.9039,397.5218
2024-10-11,60.58,170.7213,131.1143,187.8569,187.0847,44.4427,420.2162,178.649,545.9156,403.6221
2024-10-14,60.3722,170.4736,130.9372,189.0349,186.8091,44.6178,419.4743,178.703,544.4223,403.9731
2024-10-15,60.4358,169.906,131.1482,187.0056,186.8179,44.0843,418.5904,178.4073,545.9155,402.7289
2024-10-16,59.8912,168.0762,130.1782,185.398,185.1493,43.7217,416.1797,177.1974,541.4045,400.1191
2024-10-17,60.3535,168.8823,131.8163,187.3916,187.5502,44.0313,420.0722,178.3354,546.5652,403.9557
2024-10-18,60.6542,170.1343,132.4015,189.3122,188.89,43.9492,422.0596,178.9681,552.2977,405.7342
2024-10-21,60.787,170.2429,131.8526,187.1405,190.0272,43.977,425.387,179.6486,550.3028,407.4519
2024-10-22,60.2014,167.6638,131.2071,183.5016,188.9981,43.6132,423.4221,177.7404,545.7137,404.0165
2024-10-23,60.2967,168.4035,131.3102,184.5436,189.2392,43.6284,424.069,177.8689,546.8158,404.5534
2024-10-24,59.9622,168.358,130.6318,184.6002,188.3841,43.5626,417.3805,175.6319,542.9986,399.0809
2024-10-25,60.7101,170.4061,131.497,184.2083,190.296,44.1341,419.9701,176.682,548.8007,402.4353
2024-10-28,61.2504,172.0671,132.3725,185.4269,191.0382,44.1963,422.1656,177.8816,551.937,404.266
2024-10-29,61.2074,170.9381,133.3799,188.378,191.0916,44.6479,422.166,178.0955,552.8891,404.2714
2024-10-30,60.2625,166.9274,131.3294,184.6033,188.2252,43.9271,412.531,173.9387,543.7767,394.9244
2024-10-31,59.9223,164.8485,130.4403,183.574,186.9898,43.1542,410.2532,173.4127,539.1986,392.5972
2024-11-01,60.3215,166.0845,131.0834,185.0247,187.4561,43.1911,412.8097,174.0115,541.7145,394.3387
2024-11-04,61.1008,168.2093,132.6264,185.8972,189.2617,43.617,417.8279,176.3464,545.3492,398.6024
2024-11-05,61.2284,169.0827,133.212,186.3024,190.2999,43.0127,419.7733,176.7975,548.888,400.9341
2024-11-06,60.4045,166.7569,131.8315,182.9995,188.3133,42.9821,413.6566,173.8987,544.4374,394.1651
2024-11-07,60.4783,167.753,132.2546,183.6299,188.3984,43.0263,413.7833,173.4739,547.0077,393.9542
2024-11-08,60.8407,169.4689,133.1651,184.343,189.7022,43.0523,416.4153,173.952,551.7843,394.7477
2024-11-11,60.2288,167.5899,131.6881,182.7542,187.5265,42.4162,413.5349,173.0337,546.9343,390.8957
2024-11-12,59.9996,166.3506,132.2842,184.3572,186.8541,42.5432,410.2887,171.6761,547.1079,389.2002
2024-11-13,59.8704,164.8176,132.7439,186.4489,187.7748,43.0225,411.4253,171.532,549.0666,389.1106
2024-11-14,59.765,165.6086,132.9245,188.9979,187.375,42.8146,412.5587,172.0602,548.4459,388.7808
2024-11-15,59.2255,163.5682,131.5736,187.3161,185.6465,42.1566,408.3409,169.9539,543.9254,384.4959
2024-11-18,59.3373,163.0241,132.4963,188.3023,186.2265,42.3767,409.0952,170.1128,542.1339,384.327
2024-11-19,59.128,162.6708,132.3424,187.7467,185.3733,42.3379,406.3972,168.7838,541.7018,382.0105
2024-11-20,59.0941,161.7512,132.1776,186.6411,185.4032,42.5408,404.369,167.7087,540.3547,379.9991
2024-11-21,58.6045,160.6344,131.4645,186.1358,184.4498,42.2383,404.5696,167.6485,539.0122,380.5251
2024-11-22,58.686,160.8049,131.3894,185.6151,183.9842,42.1565,403.1373,167.4608,536.2613,379.5979
