strategy,cumulative_pnl,average_daily_pnl,sharpe,sortino,max_drawdown,win_rate,turnover,profit_factor,n_observations
baseline,25.604852973834163,0.03048196782599305,1.679812296472734,2.48542944883221,-2.5636248406937483,0.3488095238095238,410.0,1.3918990415786647,840
ml_filtered_logistic_regression,2.670080331721585,0.0031786670615733155,1.2883586559970825,599.3041068173476,-0.0015846401938026666,0.007142857142857143,12.0,307.6261053516206,840
