strategy,cumulative_pnl,sharpe,max_drawdown,win_rate,turnover,profit_factor
Baseline z-score,-0.05541993873253653,-0.28935791286010293,-0.11543036857353416,0.26666666666666666,83.0,0.9411430094616119
ML-filtered (logistic_regression),-0.044282802277594686,-0.4884765166884087,-0.053364998964251474,0.06547619047619048,18.0,0.8059875249669627
