strategy,cumulative_pnl,sharpe,max_drawdown,win_rate,turnover,profit_factor
Baseline z-score,-0.05541993873253476,-0.28935791286009505,-0.11543036857353194,0.26666666666666666,83.0,0.9411430094616134
ML-filtered (random_forest),-0.058576525204528135,-0.6060613320747968,-0.06425101463386629,0.06904761904761905,22.0,0.7697489468003607
