Date,asset_a_price,asset_b_price,alpha,hedge_ratio,spread,contemporaneous_zscore_for_outcomes,signal_zscore,abs_zscore,spread_change_lagged,spread_volatility,rolling_corr,spread_drawdown,half_life,deviation_persistence,regime_stress_proxy,asset_a,asset_b
2021-04-12,383.9425354003906,351.3420104980469,0.09072153562074714,0.9996944506998522,-0.00019772285883234986,-1.1439405201943582,-0.9276119619321809,0.9276119619321809,5.6158301848796555e-05,0.00018467363080310381,0.9998825256823128,-0.00040500488155892356,0.9458219329118075,0.0,0.7406380027739251,IVV,VOO
2021-04-13,385.0669555664063,352.2983093261719,0.09072153562074714,0.9996944506998522,9.2949695247313e-06,0.4569979717000565,-1.1439405201943582,1.1439405201943582,-3.778550119637458e-05,0.00018128250716904678,0.9998825268256313,-0.00044279038275529814,0.9659893358212687,1.0,0.7313701923076923,IVV,VOO
2021-04-14,383.78460693359375,351.1656188964844,0.09072153562074714,0.9996944506998522,-0.00010711747121749937,-0.3986328223732096,0.4569979717000565,0.4569979717000565,0.00020701782835708116,0.00017683833708226826,0.9998786664297206,-0.00023577255439821698,0.9515206630944454,0.0,0.7608058608058608,IVV,VOO
2021-04-15,387.9107666015625,354.93511962890625,0.09072153562074714,0.9996944506998522,-8.705096386840694e-05,-0.23758631866239666,-0.3986328223732096,0.3986328223732096,-0.00011641244074223067,0.00016745925708705866,0.999876990400733,-0.00035218499514044765,0.9576568581559206,0.0,0.7600057175528874,IVV,VOO
2021-04-16,389.2767639160156,356.17926025390625,0.09072153562074714,0.9996944506998522,-6.987898494070777e-05,-0.12199233874342093,-0.23758631866239666,0.23758631866239666,2.0066507349092433e-05,0.00016752163221904275,0.9998783738516881,-0.0003321184877913552,0.9641879133018728,0.0,0.7404100990375226,IVV,VOO
2021-04-19,387.3717346191406,354.4244384765625,0.09072153562074714,0.9996944506998522,-3.8197045157950527e-05,0.12869745159803483,-0.12199233874342093,0.12199233874342093,1.7171978927699172e-05,0.00016587478486168518,0.9998783733925056,-0.00031494650886365605,0.9799811525909516,0.0,0.7342047930283224,IVV,VOO
2021-04-20,384.5559387207031,351.8248596191406,0.09072153562074714,0.9996944506998522,2.57095230624671e-05,0.6195360988130445,0.12869745159803483,0.12869745159803483,3.168193978275724e-05,0.00016512303641733734,0.9998794213080177,-0.0002832645690808988,0.9838251555219056,0.0,0.6964499401675309,IVV,VOO
2021-04-21,388.15228271484375,355.130126953125,0.09072153562074714,0.9996944506998522,-1.3735421411809057e-05,0.34389751752092496,0.6195360988130445,0.6195360988130445,6.390656822041763e-05,0.0001656920576375083,0.9998827944024653,-0.00021935800086048118,0.9857513578032072,0.0,0.6642857142857143,IVV,VOO
2021-04-22,384.70452880859375,351.8711853027344,0.09072153562074714,0.9996944506998522,0.0002804051689428988,2.3859567314312167,0.34389751752092496,0.34389751752092496,-3.9444944474276156e-05,0.00012957544478720025,0.9998844130832933,-0.00025880294533475734,0.9987451891238863,0.0,0.5550691536607029,IVV,VOO
2021-04-23,388.7377624511719,355.6221923828125,0.09072153562074714,0.9996944506998522,0.00010929471847465067,1.0741852888161096,2.3859567314312167,2.3859567314312167,0.00029414059035470785,0.00011337085402682958,0.9998794903597689,0.0,1.0658254499977557,1.0,0.4365079365079365,IVV,VOO
2021-04-26,389.611328125,356.3926696777344,0.09072153562074714,0.9996944506998522,0.00019040212892917907,1.539926523600165,1.0741852888161096,1.0741852888161096,-0.00017111045046824813,0.00011933678934365282,0.9998668338288301,-0.00017111045046824813,1.135320816170926,2.0,0.583525275791005,IVV,VOO
2021-04-27,389.4905395507813,356.2813415527344,0.09072153562074714,0.9996944506998522,0.00019265904104148746,1.5607437317727282,1.539926523600165,1.539926523600165,8.11074104545284e-05,0.00011662400892810297,0.9998657362108788,-9.000304001371973e-05,1.1335129359700578,3.0,0.5700568990042674,IVV,VOO
2021-04-28,389.341796875,356.1141662597656,0.09072153562074714,0.9996944506998522,0.0002798851741552255,1.953510531901653,1.5607437317727282,1.5607437317727282,2.2569121123083846e-06,0.00011501722119701782,0.9998525447790502,-8.774612790141134e-05,1.0910092785640682,4.0,0.5350724637681159,IVV,VOO
2021-04-29,391.8044738769531,358.4910583496094,0.09072153562074714,0.9996944506998522,-6.511772017336881e-05,-0.3254281104123388,1.953510531901653,1.953510531901653,8.722613311373806e-05,0.00011494353328949476,0.9998451041549032,-5.199947876732836e-07,1.1823929989634088,5.0,0.5812159709618875,IVV,VOO
2021-04-30,389.2674560546875,356.1234741210937,0.09072153562074714,0.9996944506998522,6.279823763488679e-05,0.5087920661969488,-0.3254281104123388,0.3254281104123388,-0.0003450028943285943,0.00013825853577283418,0.9998294578953791,-0.0003455228891162676,1.1319945360582588,0.0,0.8097458097458097,IVV,VOO
2021-05-03,390.1038208007813,356.9312744140625,0.09072153562074714,0.9996944506998522,-5.6000117766075164e-05,-0.273175251414174,0.5087920661969488,0.5087920661969488,0.0001279159578082556,0.00013884898075923146,0.9998362326023197,-0.000217606931308012,1.1260696384776692,0.0,0.8049760973489787,IVV,VOO
2021-05-04,387.734130859375,354.7586669921875,0.09072153562074714,0.9996944506998522,-4.539393342817277e-05,-0.20588194618042457,-0.273175251414174,0.273175251414174,-0.00011879835540096195,0.00014048743934086516,0.9998337680830074,-0.00033640528670897396,1.1236534688681576,0.0,0.8108711839166046,IVV,VOO
2021-05-05,387.7899475097656,354.8236694335937,0.09072153562074714,0.9996944506998522,-8.460557014622339e-05,-0.6918354187676805,-0.20588194618042457,0.20588194618042457,1.0606184337902391e-05,0.00014012874351350602,0.9998362028762297,-0.00032579910237107157,1.1273133428881534,0.0,0.7979166666666666,IVV,VOO
2021-05-06,390.9401550292969,357.711181640625,0.09072153562074714,0.9996944506998522,-9.640301002455942e-05,-0.7873358263567529,-0.6918354187676805,0.6918354187676805,-3.921163671805061e-05,0.00014035656625165771,0.9998379755191178,-0.0003650107390891222,1.1272943680597924,0.0,0.7914498520559126,IVV,VOO
2021-05-07,393.7746276855469,360.2643127441406,0.09072153562074714,0.9996944506998522,1.7954163414657387e-05,0.1415076688985822,-0.7873358263567529,0.7873358263567529,-1.1797439878336036e-05,0.00013207872633121606,0.99983981877899,-0.0003768081789674582,1.17086669408896,0.0,0.7094162335065974,IVV,VOO
2021-05-10,389.9458312988281,356.7362976074219,0.09072153562074714,0.9996944506998522,8.516535392644187e-05,0.6407781244393658,0.1415076688985822,0.1415076688985822,0.00011435717343921681,0.0001337822211823467,0.9998390230466732,-0.0002624510055282414,1.1637244742530197,0.0,0.7342540895288471,IVV,VOO
2021-05-11,386.4702453613281,353.6073913574219,0.09072153562074714,0.9996944506998522,-6.086859436660319e-05,-0.5564125212574792,0.6407781244393658,0.6407781244393658,6.721119051178448e-05,0.0001339074749101388,0.9998439191611558,-0.00019523981501645693,1.1781849298266602,0.0,0.7067972350230414,IVV,VOO
2021-05-12,378.208740234375,346.0591735839844,0.09072153562074714,0.9996944506998522,-9.86244047584961e-05,-0.8169237149691889,-0.5564125212574792,0.5564125212574792,-0.00014603394829304506,0.00013054671774762462,0.9998442298523866,-0.000341273763309502,1.1643751211692754,0.0,0.6755294117647059,IVV,VOO
2021-05-13,382.69732666015625,350.172119140625,0.09072153562074714,0.9996944506998522,-0.00011189366427366565,-0.8811086297430141,-0.8169237149691889,0.8169237149691889,-3.775581039189291e-05,0.0001282507494770201,0.9998613386225161,-0.0003790295737013949,1.1526142486993225,0.0,0.5985603543743079,IVV,VOO
2021-05-14,388.6077575683594,355.5478515625,0.09072153562074714,0.9996944506998522,-1.618709601025614e-05,-0.07316623185393373,-0.8811086297430141,0.8811086297430141,-1.3269259515169551e-05,0.0001282012581802456,0.999865518448045,-0.00039229883321656445,1.165162991474082,0.0,0.5925423115214047,IVV,VOO
2021-05-17,387.6784057617188,354.6936950683594,0.09072153562074714,0.9996944506998522,-6.019313588900843e-06,0.026925502358715846,-0.07316623185393373,0.07316623185393373,9.570656826340951e-05,0.00012989665880417216,0.9998686286859245,-0.00029659226495315494,1.160501789355425,0.0,0.5948153409090908,IVV,VOO
2021-05-18,384.3421325683594,351.6297912597656,0.09072153562074714,0.9996944506998522,2.4004629453955317e-05,0.2684968631903685,0.026925502358715846,0.026925502358715846,1.0167782421355298e-05,0.0001297410591307007,0.9998690023050811,-0.00028642448253179964,1.1522306587932962,0.0,0.5890166361815172,IVV,VOO
2021-05-19,383.30126953125,350.701416015625,0.09072153562074714,0.9996944506998522,-4.49468549144072e-05,-0.28798509246510334,0.2684968631903685,0.2684968631903685,3.002394304285616e-05,0.0001291363351595098,0.9998748066763682,-0.0002564005394889435,1.1681660562649494,0.0,0.5756410256410256,IVV,VOO
2021-05-20,387.3531188964844,354.4429626464844,0.09072153562074714,0.9996944506998522,-0.0001385028448943615,-1.11225669442721,-0.28798509246510334,0.28798509246510334,-6.895148436836251e-05,0.00012974469206380917,0.9998786764870794,-0.000325352023857306,1.1759376673819772,0.0,0.5524284875429913,IVV,VOO
2021-05-21,387.1300354003906,354.1737365722656,0.09072153562074714,0.9996944506998522,4.5045224901230085e-05,0.3970288085038524,-1.11225669442721,1.11225669442721,-9.355598997995429e-05,0.00011184414383815026,0.9998782755588225,-0.0004189080138372603,1.1906636255690048,1.0,0.37961133069828723,IVV,VOO
2021-05-24,391.0238037109375,357.74822998046875,0.09072153562074714,0.9996944506998522,1.4008566828316305e-05,0.06869339332484896,0.3970288085038524,0.3970288085038524,0.00018354806979559157,0.00011470857732001764,0.9998580675300787,-0.0002353599440416687,1.1758791324600937,0.0,0.4724715013339801,IVV,VOO
2021-05-25,390.1781921386719,356.9961853027344,0.09072153562074714,0.9996944506998522,-4.715943213984275e-05,-0.47447164333674224,0.06869339332484896,0.06869339332484896,-3.103665807291378e-05,0.00011318053758553973,0.9998650684432727,-0.0002663966021145825,1.1754437116527734,0.0,0.4400603366147984,IVV,VOO
2021-05-26,390.8937377929688,357.6461486816406,0.09072153562074714,0.9996944506998522,-3.33784375392554e-05,-0.37674266670291945,-0.47447164333674224,0.47447164333674224,-6.116799896815905e-05,0.00011371306029698212,0.9998500490088028,-0.00032756460108274155,1.1759488692801052,0.0,0.46939571150097464,IVV,VOO
2021-05-27,391.0981750488281,357.803955078125,0.09072153562074714,0.9996944506998522,4.848040614380267e-05,0.34678033866373004,-0.37674266670291945,0.37674266670291945,1.3780994600587348e-05,0.00011161623081784866,0.9998471448781828,-0.0003137836064821542,1.1748323657873592,0.0,0.4739583333333333,IVV,VOO
2021-05-28,391.8415832519531,358.5002746582031,0.09072153562074714,0.9996944506998522,3.891380833564995e-06,-0.0969374722426421,0.34678033866373004,0.34678033866373004,8.185884368305807e-05,8.399375293411422e-05,0.9998414208936037,-0.00023192476279909613,1.1629942164486868,0.0,0.4469486041086613,IVV,VOO
2021-06-01,391.5349731445313,358.22174072265625,0.09072153562074714,0.9996944506998522,-1.8932510217339882e-06,-0.16405321596095654,-0.0969374722426421,0.0969374722426421,-4.458902531023767e-05,7.974848756606048e-05,0.9998335350880345,-0.0002765137881093338,1.1542629907293636,0.0,0.49341910677314404,IVV,VOO
2021-06-02,392.18548583984375,358.8252868652344,0.09072153562074714,0.9996944506998522,-2.4737193578872052e-05,-0.36520850616422423,-0.16405321596095654,0.16405321596095654,-5.784631855298983e-06,7.521434748060911e-05,0.9998231575171465,-0.0002822984199646328,1.1595733326161024,0.0,0.4985466172516532,IVV,VOO
2021-06-03,390.6893310546875,357.46044921875,0.09072153562074714,0.9996944506998522,-3.723375746478297e-05,-0.4754354769539349,-0.36520850616422423,0.36520850616422423,-2.2843942557138064e-05,7.539176298190834e-05,0.9998208665227893,-0.00030514236252177085,1.1601432859424798,0.0,0.5021428571428571,IVV,VOO
2021-06-04,394.2485656738281,360.7008361816406,0.09072153562074714,0.9996944506998522,1.023519904030934e-05,0.06899227548259863,-0.4754354769539349,0.4754354769539349,-1.2496563885910916e-05,7.49019695263332e-05,0.9998166794142775,-0.00031763892640768177,1.160299680979134,0.0,0.4985956042412752,IVV,VOO
2021-06-07,393.91400146484375,360.3943481445313,0.09072153562074714,0.9996944506998522,1.1065508053853534e-05,0.11577286729011008,0.06899227548259863,0.06899227548259863,4.746895650509231e-05,7.545324448712676e-05,0.9998182480140525,-0.00027016996990258946,1.154658274404092,0.0,0.5042805854736261,IVV,VOO
2021-06-08,393.9325866699219,360.4500427246094,0.09072153562074714,0.9996944506998522,-9.623346474008088e-05,-1.0236104932301824,0.11577286729011008,0.11577286729011008,8.303090135441948e-07,7.118749225521556e-05,0.9998237341903414,-0.00026933966088904526,1.1450980437879814,0.0,0.4792246588363093,IVV,VOO
2021-06-09,393.30072021484375,359.8837280273437,0.09072153562074714,0.9996944506998522,-0.0001296302887316969,-1.3870103839619472,-1.0236104932301824,1.0236104932301824,-0.00010729897279393441,7.304313883326177e-05,0.9998258148866616,-0.0003766386336829797,1.1634185912114172,1.0,0.47809829059829057,IVV,VOO
2021-06-10,395.2066650390625,361.5455627441406,0.09072153562074714,0.9996944506998522,9.902736458933248e-05,2.0467017575895556,-1.3870103839619472,1.3870103839619472,-3.339682399161603e-05,6.629641937957769e-05,0.9998373378284204,-0.0004100354576745957,1.1782110342152072,2.0,0.4463054187192118,IVV,VOO
2021-06-11,395.8590393066406,362.1769714355469,0.09072153562074714,0.9996944506998522,4.02428502610519e-06,0.45252243459220254,2.0467017575895556,2.0467017575895556,0.00022865765332102939,8.277868780346483e-05,0.9998417116522575,-0.00018137780435356632,1.154723766398899,3.0,0.4317653140346343,IVV,VOO
2021-06-14,396.8096618652344,363.0867919921875,0.09072153562074714,0.9996944506998522,-0.00010560942298631915,-1.269139448815453,0.45252243459220254,0.45252243459220254,-9.500307956322729e-05,8.578379727999604e-05,0.9998400690100564,-0.0002763808839167936,1.1317115954564865,0.0,0.45330281645368425,IVV,VOO
2021-06-15,396.03607177734375,362.3255615234375,0.09072153562074714,0.9996944506998522,4.10753815991427e-05,1.0905504176086336,-1.269139448815453,1.269139448815453,-0.00010963370801242434,8.669170408975315e-05,0.9998251337156923,-0.00038601459192921794,1.1527106842124801,1.0,0.5127627627627628,IVV,VOO
2021-06-16,393.8458251953125,360.338623046875,0.09072153562074714,0.9996944506998522,-7.43619556065056e-06,0.279485492612314,1.0905504176086336,1.0905504176086336,0.00014668480458546185,9.27391506778452e-05,0.9998231104663862,-0.0002393297873437561,1.1436666629269674,2.0,0.5252755372206145,IVV,VOO
2021-06-17,393.72467041015625,360.2086181640625,0.09072153562074714,0.9996944506998522,4.563680521130209e-05,1.0703452174674384,0.279485492612314,0.279485492612314,-4.851157715979326e-05,9.314623088818843e-05,0.9998227094386561,-0.00028784136450354936,1.1404772342280312,0.0,0.5284848484848484,IVV,VOO
2021-06-18,388.430908203125,355.4272155761719,0.09072153562074714,0.9996944506998522,-0.00013212522581085295,-1.748003819334582,1.0703452174674384,1.0703452174674384,5.307300077195265e-05,9.252729302417876e-05,0.999857505607843,-0.0002347683637315967,1.1459756521219848,1.0,0.36286617743571387,IVV,VOO
2021-06-21,393.9111022949219,360.4036254882813,0.09072153562074714,0.9996944506998522,-2.202842904175384e-05,0.011655314157152045,-1.748003819334582,1.748003819334582,-0.00017776203102215504,9.861056022872674e-05,0.999883237443073,-0.00041253039475375175,1.1394077632689608,2.0,0.2568139097744361,IVV,VOO
2021-06-22,395.784423828125,362.3162536621094,0.09072153562074714,0.9996944506998522,-0.0005688616187971007,-4.592375768935343,0.011655314157152045,0.011655314157152045,0.00011009679676909911,9.292183609200569e-05,0.9998873468199114,-0.00030243359798465264,1.1398870763226485,0.0,0.21716120076349124,IVV,VOO
2021-06-23,395.5514526367188,361.9263305664063,0.09072153562074714,0.9996944506998522,-8.122052716164063e-05,-0.31472043429070995,-4.592375768935343,4.592375768935343,-0.0005468331897553469,0.0001506636447216077,0.9998326042380455,-0.0008492667877399995,1.1480145472762886,1.0,0.8186375028480292,IVV,VOO
2021-06-24,397.8441162109375,363.9967041015625,0.09072153562074714,0.9996944506998522,-4.219329143850814e-06,0.3319173847606114,-0.31472043429070995,0.31472043429070995,0.0004876410916354601,0.0001877460867401072,0.9997943179201746,-0.00036162569610453943,1.044170264903748,0.0,0.9182328190743339,IVV,VOO
2021-06-25,399.3074340820313,365.3428955078125,0.09072153562074714,0.9996944506998522,-2.3259853509927098e-05,0.14002222557932487,0.3319173847606114,0.3319173847606114,7.700119801778982e-05,0.00018851082537059432,0.9997948087884139,-0.0002846244980867496,1.0392502826105692,0.0,0.9176613616268788,IVV,VOO
2021-06-28,400.1556091308594,366.104248046875,0.09072153562074714,0.9996944506998522,1.7467592149600364e-05,0.4875862583502109,0.14002222557932487,0.14002222557932487,-1.9040524366076284e-05,0.00018763974477098707,0.9997951258948998,-0.0003036650224528259,1.0259084188454843,0.0,0.9043769394087866,IVV,VOO
2021-06-29,400.3326416015625,366.2655029296875,0.09072153562074714,0.9996944506998522,1.9548701025051685e-05,0.49693630586489573,0.4875862583502109,0.4875862583502109,4.072744565952746e-05,0.00018762890736415464,0.9997915024865148,-0.00026293757679329843,1.0129919805556595,0.0,0.9103196738897232,IVV,VOO
2021-06-30,400.6868286132813,366.6007385253906,0.09072153562074714,0.9996944506998522,-1.0692801613920722e-05,0.2430510438398881,0.49693630586489573,0.49693630586489573,2.0811088754513207e-06,0.00018762319078835732,0.9997784942034937,-0.0002608564679178471,1.0170702135059453,0.0,0.9119496855345912,IVV,VOO
2021-07-01,402.9515380859375,368.6689758300781,0.09072153562074714,0.9996944506998522,1.3748097229537848e-06,0.3349949363619125,0.2430510438398881,0.2430510438398881,-3.0241502638972406e-05,0.00018767725792174332,0.99977865599833,-0.0002910979705568195,1.0157726296047997,0.0,0.9145833333333333,IVV,VOO
2021-07-02,406.017822265625,371.4730529785156,0.09072153562074714,0.9996944506998522,7.2751705735285555e-06,0.3482390957175342,0.3349949363619125,0.3349949363619125,1.2067611336874506e-05,0.00018766723969957882,0.9997803446755414,-0.000279030359219945,1.0107716480767541,0.0,0.907884605513064,IVV,VOO
2021-07-06,404.9832763671875,370.77435302734375,0.09072153562074714,0.9996944506998522,-0.0006619214897556347,-3.8244020981623743,0.3482390957175342,0.3482390957175342,5.900360850574771e-06,0.0001873813574692339,0.9997905086064068,-0.00027312999836937024,1.000376393600625,0.0,0.8879275450313702,IVV,VOO
2021-07-07,406.6422119140625,372.0506896972656,0.09072153562074714,0.9996944506998522,-9.375117625332052e-06,0.2962308919316663,-3.8244020981623743,3.8244020981623743,-0.0006691966603291633,0.00023742512571864614,0.9997075535782026,-0.0009423266586985335,0.9733923012189679,1.0,0.9631901840490797,IVV,VOO
2021-07-08,403.3802490234375,369.0881958007813,0.09072153562074714,0.9996944506998522,-7.138826216568361e-05,-0.09044276924531335,0.2962308919316663,0.2962308919316663,0.0006525463721303026,0.0002796413650558462,0.9996306522955252,-0.00028978028656823085,0.8935266774855862,0.0,1.0,IVV,VOO
2021-07-09,407.6675109863281,372.9822387695313,0.09072153562074714,0.9996944506998522,8.900821098833944e-06,0.40684971814533766,-0.09044276924531335,0.09044276924531335,-6.201314454035156e-05,0.00027990389021852175,0.9996472887655979,-0.0003517934311085824,0.8929426814709758,0.0,0.996,IVV,VOO
2021-07-12,409.1773071289063,374.3330383300781,0.09072153562074714,0.9996944506998522,9.158642736295519e-05,0.9123638321916933,0.40684971814533766,0.40684971814533766,8.028908326451756e-05,0.0002757579769153805,0.9996577443657374,-0.00027150434784406485,0.8927700484393766,0.0,0.9860393956779498,IVV,VOO
2021-07-13,407.7420349121094,373.0660400390625,0.09072153562074714,0.9996944506998522,-3.289533443950887e-05,0.1414108656246513,0.9123638321916933,0.9123638321916933,8.268560626412125e-05,0.00027556154886518416,0.9996460410135464,-0.0001888187415799436,0.8976185900476917,0.0,0.9870809561978405,IVV,VOO
2021-07-14,408.2825927734375,373.5784606933594,0.09072153562074714,0.9996944506998522,-8.021529846846676e-05,-0.1391086526655164,0.1414108656246513,0.1414108656246513,-0.00012448176180246406,0.0002758875217233781,0.9996447547121592,-0.00031330050338240767,0.8919719510436915,0.0,0.9901413690476191,IVV,VOO
2021-07-15,406.8846435546875,372.3766784667969,0.09072153562074714,0.9996944506998522,-0.00028891679855114205,-1.3507797180619487,-0.1391086526655164,0.1391086526655164,-4.7319964028957884e-05,0.00027409214102495455,0.9996404138251858,-0.00036062046741136555,0.8830256940920482,0.0,0.9813311315994679,IVV,VOO
2021-07-16,403.80902099609375,369.4794006347656,0.09072153562074714,0.9996944506998522,-6.804278453031998e-05,-0.0008986684899972204,-1.3507797180619487,1.3507797180619487,-0.0002087015000826753,0.0002775344107864526,0.9996274823616967,-0.0005693219674940408,0.8757095229162635,1.0,0.9941176470588236,IVV,VOO
2021-07-19,397.7788391113281,363.9551086425781,0.09072153562074714,0.9996944506998522,-5.406398299268034e-05,0.09759663656605647,-0.0008986684899972204,0.0008986684899972204,0.00022087401402082207,0.00028193891041386986,0.9996179960712491,-0.0003484479534732188,0.8600099217851358,0.0,1.0,IVV,VOO
2021-07-20,403.548095703125,369.0974731445313,0.09072153562074714,0.9996944506998522,0.0003194977347904526,2.136060158839637,0.09759663656605647,0.09759663656605647,1.397880153763964e-05,0.00027917096248546207,0.9996541284203065,-0.00033394915714790585,0.859106002245102,0.0,0.9647639182522904,IVV,VOO
2021-07-21,406.8193664550781,372.19970703125,0.09072153562074714,0.9996944506998522,2.5855025580057145e-05,0.4579392394112594,2.136060158839637,2.136060158839637,0.00037356171778313296,0.0002898817215769108,0.9996514177133025,0.0,0.8513395353603047,1.0,0.9736842105263157,IVV,VOO
2021-07-22,407.7047729492188,372.9914855957031,0.09072153562074714,0.9996944506998522,7.551575396558263e-05,0.6946610497257791,0.4579392394112594,0.4579392394112594,-0.0002936427092103955,0.0002698124686718927,0.9996418888302366,-0.0002936427092103955,0.8355666257578045,0.0,0.9563389946817635,IVV,VOO
2021-07-23,411.7217102050781,376.7179565429688,0.09072153562074714,0.9996944506998522,-5.829205587204456e-05,-0.023732068168867908,0.6946610497257791,0.6946610497257791,4.966072838552549e-05,0.00024870703648797933,0.9996416232392751,-0.00024398198082487,0.8171607597091702,0.0,0.9251851851851851,IVV,VOO
2021-07-26,412.8214416503906,377.6775207519531,0.09072153562074714,0.9996944506998522,6.604936470111511e-05,0.663568570863388,-0.023732068168867908,0.023732068168867908,-0.0001338078098376272,0.00025001612603513376,0.9996483975811505,-0.0003777897906624972,0.8142738284784476,0.0,0.9072526737967914,IVV,VOO
2021-07-27,410.9388122558594,376.0005798339844,0.09072153562074714,0.9996944506998522,-5.611071366651288e-05,-0.032277862398048605,0.663568570863388,0.663568570863388,0.00012434142057315967,0.0002514962125977498,0.9996636803978096,-0.0002534483700893375,0.8161605366887696,0.0,0.8960575693843045,IVV,VOO
2021-07-28,410.7151184082031,375.795654296875,0.09072153562074714,0.9996944506998522,-5.561134831655323e-05,-0.011378929523330576,-0.032277862398048605,0.032277862398048605,-0.000122160078367628,0.0002528239879249615,0.9996629029015667,-0.0003756084484569655,0.8127959864835097,0.0,0.8967187754437388,IVV,VOO
2021-07-29,412.5419006347656,377.4165954589844,0.09072153562074714,0.9996944506998522,7.956801421116211e-05,0.7306358223308298,-0.011378929523330576,0.011378929523330576,4.993653499596462e-07,0.0002528224211240678,0.9996653863219297,-0.00037510908310700586,0.8108187631465609,0.0,0.887383947590531,IVV,VOO
2021-07-30,410.45416259765625,375.5720520019531,0.09072153562074714,0.9996944506998522,-9.617710577902727e-05,-0.22951407052001324,0.7306358223308298,0.7306358223308298,0.00013517936252771534,0.0002545208778213908,0.999659022612383,-0.00023992972057929052,0.8119757307361252,0.0,0.8980158730158729,IVV,VOO
2021-08-02,409.624755859375,374.8081359863281,0.09072153562074714,0.9996944506998522,-8.347055275770288e-05,-0.167542914656894,-0.22951407052001324,0.22951407052001324,-0.00017574511999018938,0.0002575159991951161,0.9996593848136205,-0.0004156748405694799,0.8079444042048198,0.0,0.8978684220837742,IVV,VOO
2021-08-03,412.8960266113281,377.8357849121094,0.09072153562074714,0.9996944506998522,-0.00017212567948021729,-0.6358484452938791,-0.167542914656894,0.167542914656894,1.2706553021324396e-05,0.0002575345140516565,0.9996546283481704,-0.0004029682875481555,0.8094944076944421,0.0,0.9055486766754373,IVV,VOO
2021-08-04,410.9295349121094,376.0285339355469,0.09072153562074714,0.9996944506998522,-0.0001530073631741402,-0.7095720704374435,-0.6358484452938791,0.6358484452938791,-8.865512672251441e-05,0.00020915697721829825,0.999654962219187,-0.0004916234142706699,0.8137268564717743,0.0,0.8643815201192251,IVV,VOO
2021-08-05,413.4831237792969,378.376220703125,0.09072153562074714,0.9996944506998522,-0.00018012188093230463,-0.8558008539792937,-0.7095720704374435,0.7095720704374435,1.9118316306077077e-05,0.00015173085551560905,0.9996472732412139,-0.00047250509796459284,0.8219638155535668,0.0,0.7847222222222222,IVV,VOO
2021-08-06,414.2008056640625,379.02825927734375,0.09072153562074714,0.9996944506998522,-0.00016717377837149883,-0.7307452543159763,-0.8558008539792937,0.8558008539792937,-2.7114517758164425e-05,0.0001512902803211451,0.9996401212164735,-0.0004996196157227573,0.8323278209113019,0.0,0.8004659832246039,IVV,VOO
2021-08-09,413.9118347167969,378.6649475097656,0.09072153562074714,0.9996944506998522,9.36251222505291e-05,0.9105797115717964,-0.7307452543159763,0.7307452543159763,1.2948102560805808e-05,0.0001500895285529697,0.999560514451401,-0.00048667151316195145,0.8404897603676185,0.0,0.8010752688172043,IVV,VOO
2021-08-10,414.39654541015625,379.1401062011719,0.09072153562074714,0.9996944506998522,1.0331764870308291e-05,0.3834291522357573,0.9105797115717964,0.9105797115717964,0.00026079890062202793,0.00016019775187600744,0.9995250537713565,-0.00022587261253992352,0.8305673797715449,0.0,0.8235294117647058,IVV,VOO
2021-08-11,415.3751220703125,380.0530090332031,0.09072153562074714,0.9996944506998522,-3.5197724214341974e-05,0.10608136381936582,0.3834291522357573,0.3834291522357573,-8.329335738022081e-05,0.0001588419414375287,0.9994775985453789,-0.00030916596992014433,0.8319697994434162,0.0,0.8164893617021276,IVV,VOO
2021-08-12,416.3444213867188,381.16162109375,0.09072153562074714,0.9996944506998522,-0.0006162216305769519,-2.9185558533505667,0.10608136381936582,0.10608136381936582,-4.5529489084650265e-05,0.00015881453059774224,0.9994743763389439,-0.0003546954590047946,0.832382747837236,0.0,0.8148148148148149,IVV,VOO
2021-08-13,417.3976135253906,381.9161682128906,0.09072153562074714,0.9996944506998522,-6.683600865375894e-05,0.040128826735841575,-2.9185558533505667,2.9185558533505667,-0.0005810239063626099,0.00019915050497725913,0.9993630767100723,-0.0009357193653674045,0.833541553930923,1.0,0.9105263157894736,IVV,VOO
2021-08-16,418.4693908691406,382.8291931152344,0.09072153562074714,0.9996944506998522,0.00011057444045459164,0.9630727436465072,0.040128826735841575,0.040128826735841575,0.000549385621923193,0.00022930482485091552,0.9992797087001933,-0.00038633374344421156,0.8181253504667327,0.0,0.9162303664921466,IVV,VOO
2021-08-17,415.6268005371094,380.3045959472656,0.09072153562074714,0.9996944506998522,-9.103202952687184e-05,-0.2557780364607346,0.9630727436465072,0.9630727436465072,0.00017741044910835058,0.00023254439327257705,0.9992444083454908,-0.000208923294335861,0.8159586890597226,0.0,0.9166666666666667,IVV,VOO
2021-08-18,411.1438598632813,376.2148742675781,0.09072153562074714,0.9996944506998522,-0.0001268562704472842,-0.4628395624929098,-0.2557780364607346,0.2557780364607346,-0.00020160646998146348,0.00022085778962374858,0.9992711734861071,-0.00041052976431732446,0.8145263181093875,0.0,0.9086491245893867,IVV,VOO
2021-08-19,411.7496643066406,376.7458190917969,0.09072153562074714,0.9996944506998522,-6.433470321276502e-05,-0.05746342530987006,-0.4628395624929098,0.4628395624929098,-3.5824240920412365e-05,0.0002118821957701575,0.9992944200362265,-0.00044635400523773683,0.811468999870965,0.0,0.8974762351051011,IVV,VOO
2021-08-20,415.0302734375,379.72698974609375,0.09072153562074714,0.9996944506998522,-7.820915987721833e-06,0.31444063936675704,-0.05746342530987006,0.05746342530987006,6.252156723451918e-05,0.00021207453708441926,0.9992908015966628,-0.00038383243800321765,0.8080311427968808,0.0,0.898014888337469,IVV,VOO
2021-08-23,418.646484375,383.0899963378906,0.09072153562074714,0.9996944506998522,-0.0001471337777045889,-0.5477209764819008,0.31444063936675704,0.31444063936675704,5.651378722504319e-05,0.00021043431332425062,0.9993076463086267,-0.00032731865077817446,0.8101877882015646,0.0,0.8870355834641549,IVV,VOO
2021-08-24,419.3733520507813,383.6955261230469,0.09072153562074714,0.9996944506998522,8.677507896237557e-06,0.46851993966165556,-0.5477209764819008,0.5477209764819008,-0.00013931286171686708,0.00021064832105221391,0.9993211342863766,-0.00046663151249504153,0.8075041780068363,0.0,0.8844450192376088,IVV,VOO
2021-08-25,420.2495727539063,384.403564453125,0.09072153562074714,0.9996944506998522,0.000252805811495449,1.8748309526065652,0.46851993966165556,0.46851993966165556,0.00015581128560082647,0.00021199892124062382,0.9993157682879923,-0.00031082022689421507,0.8055255381075622,0.0,0.8875783147935047,IVV,VOO
2021-08-26,417.7703857421875,382.1584167480469,0.09072153562074714,0.9996944506998522,0.00019194919062659466,1.4054426852004287,1.8748309526065652,1.8748309526065652,0.00024412830359921145,0.00021839448823809387,0.9993010441510819,-6.669192329500362e-05,0.8109342556351706,1.0,0.8963370310672861,IVV,VOO
2021-08-27,421.4425048828125,385.5493774414063,0.09072153562074714,0.9996944506998522,0.00011200002446720703,0.8636398277811757,1.4054426852004287,1.4054426852004287,-6.085662086885435e-05,0.00021719549936502524,0.9993172570742878,-0.00012754854416385797,0.8311361070727421,2.0,0.8825,IVV,VOO
2021-08-30,423.3158874511719,387.3194274902344,0.09072153562074714,0.9996944506998522,-3.1758452252006464e-05,-0.018300768251726073,0.8636398277811757,0.8636398277811757,-7.994916615938763e-05,0.00021417840827455236,0.999324378598114,-0.0002074977103232456,0.8386732305400144,0.0,0.8744167361948023,IVV,VOO
2021-08-31,422.8591003417969,386.6580505371094,0.09072153562074714,0.9996944506998522,0.0005971021228470264,3.2609942002510297,-0.018300768251726073,0.018300768251726073,-0.0001437584767192135,0.0002167932232993347,0.9993018747901757,-0.0003512561870424591,0.843420095626757,0.0,0.8874220755408875,IVV,VOO
2021-09-01,423.0455322265625,387.0679016113281,0.09072153562074714,0.9996944506998522,-2.120906815150647e-05,-0.0007023346985759896,3.2609942002510297,3.2609942002510297,0.0006288605750990328,0.00025476852840012254,0.9992060878637132,0.0,0.8437792303541839,1.0,0.9458128078817734,IVV,VOO
2021-09-02,424.3130493164063,388.22308349609375,0.09072153562074714,0.9996944506998522,-8.604181969573688e-06,0.08122769038288565,-0.0007023346985759896,0.0007023346985759896,-0.0006183111909985328,0.00029230124112155617,0.9991160706455482,-0.0006183111909985328,0.8244136753854826,0.0,1.0,IVV,VOO
2021-09-03,424.1267395019531,388.073974609375,0.09072153562074714,0.9996944506998522,-6.374953635290836e-05,-0.21098732064916703,0.08122769038288565,0.08122769038288565,1.2604886181932784e-05,0.0002922004124553997,0.9991141523700342,-0.0006057063048166,0.8316720413814866,0.0,0.9975609756097561,IVV,VOO
2021-09-07,422.756591796875,386.639404296875,0.09072153562074714,0.9996944506998522,0.0004028655381747015,2.0514641937049563,-0.21098732064916703,0.21098732064916703,-5.514535438333468e-05,0.00029252615822292455,0.9991206159301755,-0.0006608516591999347,0.8305858765787059,0.0,0.9939759036144578,IVV,VOO
2021-09-08,422.1974182128906,386.2667541503906,0.09072153562074714,0.9996944506998522,4.3294005575233996e-05,0.26054247243301737,2.0514641937049563,2.0514641937049563,0.00046661507452760986,0.0003047046088471445,0.9990767836282212,-0.00019423658467232485,0.8264477650519563,1.0,1.0,IVV,VOO
2021-09-09,420.3148193359375,384.5339660644531,0.09072153562074714,0.9996944506998522,6.898065353677652e-05,0.3662462222464504,0.26054247243301737,0.26054247243301737,-0.0003595715325994675,0.00031495865069898623,0.9990510388139429,-0.0005538081172717924,0.827078606558867,0.0,1.0,IVV,VOO
2021-09-10,417.1086730957031,381.5621337890625,0.09072153562074714,0.9996944506998522,0.00016782330242648413,0.8311202478603166,0.3662462222464504,0.3662462222464504,2.568664796154252e-05,0.0003148076850440426,0.9990656709664958,-0.0005281214693102498,0.8287006840218669,0.0,0.9946490756207356,IVV,VOO
2021-09-13,418.0779113769531,382.4565734863281,0.09072153562074714,0.9996944506998522,0.00014814102339766322,0.6920182870052594,0.8311202478603166,0.8311202478603166,9.884264888970762e-05,0.0002849618390768819,0.999076674374434,-0.0004292788204205422,0.8291625613321849,0.0,0.9774509803921569,IVV,VOO
2021-09-14,415.8504638671875,380.4722595214844,0.09072153562074714,0.9996944506998522,6.323514388562046e-06,-0.0116351081832933,0.6920182870052594,0.6920182870052594,-1.9682279028820915e-05,0.0002599089640399447,0.9990772558877684,-0.00044896109944936313,0.8388515724848206,0.0,0.9338017238990051,IVV,VOO
2021-09-15,419.3081970214844,383.6490173339844,0.09072153562074714,0.9996944506998522,-2.5514332568477016e-05,-0.19313918300790564,-0.0116351081832933,0.0116351081832933,-0.00014181750900910117,0.0002589844081804218,0.998999022431959,-0.0005907786084584643,0.839184943942557,0.0,0.9433962264150944,IVV,VOO
2021-09-16,418.52532958984375,382.987548828125,0.09072153562074714,0.9996944506998522,-0.00016919388614944353,-0.8979258850664987,-0.19313918300790564,0.19313918300790564,-3.183784695703906e-05,0.00025516227559342354,0.9989396168624448,-0.0006226164554155034,0.8395397057179654,0.0,0.9272300469483568,IVV,VOO
2021-09-17,414.48974609375,379.233154296875,0.09072153562074714,0.9996944506998522,-1.0100197485485296e-05,-0.14423815116161545,-0.8979258850664987,0.8979258850664987,-0.0001436795535809665,0.0002570643091082031,0.9990132676685732,-0.0007662960089964699,0.8403850001520625,0.0,0.9218229670211624,IVV,VOO
2021-09-20,407.499755859375,373.0381164550781,0.09072153562074714,0.9996944506998522,-0.0005524400045633371,-2.509577800909273,-0.14423815116161545,0.14423815116161545,0.00015909368866395823,0.00025913178021552983,0.9991201691059471,-0.0006072023203325116,0.8388446257577826,0.0,0.9156146179401994,IVV,VOO
2021-09-21,407.2667236328125,372.6748352050781,0.09072153562074714,0.9996944506998522,-0.00015044049910439838,-0.6627983578491882,-2.509577800909273,2.509577800909273,-0.0005423398070778518,0.0002845382944391356,0.999180021841131,-0.0011495421274103634,0.8370928285088284,1.0,0.9473905723905723,IVV,VOO
2021-09-22,411.28369140625,376.2706604003906,0.09072153562074714,0.9996944506998522,6.496325750049436e-05,0.2920752689187896,-0.6627983578491882,0.6627983578491882,0.0004019995054589387,0.0002980156287728765,0.9991383491664907,-0.0007475426219514247,0.8419891104879517,0.0,0.9591892525189408,IVV,VOO
2021-09-23,416.2140197753906,380.8169250488281,0.09072153562074714,0.9996944506998522,-2.501366660379034e-05,-0.1113314633813523,0.2920752689187896,0.2920752689187896,0.00021540375660489275,0.00029985246905242177,0.9991642547680354,-0.000532138865346532,0.8348678175161673,0.0,0.9566024121224617,IVV,VOO
2021-09-24,417.0119323730469,381.450439453125,0.09072153562074714,0.9996944506998522,0.00022854719102394228,1.023001828273171,-0.1113314633813523,0.1113314633813523,-8.99769241042847e-05,0.00029521403280921197,0.9992034555780175,-0.0006221157894508167,0.8340560719074859,0.0,0.9466850335450626,IVV,VOO
2021-09-27,415.7022705078125,380.3697509765625,0.09072153562074714,0.9996944506998522,-8.072367434053263e-05,-0.5520944691945333,1.023001828273171,1.023001828273171,0.0002535608576277326,0.0003006167240861541,0.9991918021652246,-0.0003685549318230841,0.8338990973037117,1.0,0.9515151515151514,IVV,VOO
2021-09-28,407.4038391113281,372.7679748535156,0.09072153562074714,0.9996944506998522,-6.363917100138394e-05,-0.43534591972648123,-0.5520944691945333,0.5520944691945333,-0.0003092708653644749,0.00030780470630556277,0.9991706254440241,-0.000677825797187559,0.8271419257601672,0.0,0.9568010799730007,IVV,VOO
2021-09-29,408.10546875,373.35491943359375,0.09072153562074714,0.9996944506998522,8.423809682422956e-05,0.2896411841901972,-0.43534591972648123,0.43534591972648123,1.7084503339148682e-05,0.00030629286861560295,0.999275594172956,-0.0006607412938484103,0.8212819977679802,0.0,0.9355509355509355,IVV,VOO
2021-09-30,403.0535583496094,368.6255493164063,0.09072153562074714,0.9996944506998522,0.00037228887284079804,1.6185108489470732,0.2896411841901972,0.2896411841901972,0.0001478772678256135,0.00027291095931394595,0.9993500614250703,-0.0005128640260227968,0.8131873152755611,0.0,0.8587566468181038,IVV,VOO
2021-10-01,407.8529052734375,373.0370788574219,0.09072153562074714,0.9996944506998522,0.000316590174041842,1.2521295214017694,1.6185108489470732,1.6185108489470732,0.0002880507760165685,0.000244507852522577,0.9994310664740224,-0.00022481325000622832,0.828233385461217,1.0,0.7915372670807453,IVV,VOO
2021-10-04,402.55767822265625,368.447998046875,0.09072153562074714,0.9996944506998522,-0.0003771504967327033,-1.9059508150874982,1.2521295214017694,1.2521295214017694,-5.569869879895606e-05,0.0002450591483515212,0.9994444096612445,-0.0002805119488051844,0.8617895065914724,2.0,0.7898498498498498,IVV,VOO
2021-10-05,406.7770385742188,372.0277099609375,0.09072153562074714,0.9996944506998522,0.00038387893726365974,1.4198516914400812,-1.9059508150874982,1.9059508150874982,-0.0006937406707745453,0.00028980091376260746,0.9993849375191087,-0.0009742526195797296,0.8174829904976838,3.0,0.8798410885907317,IVV,VOO
2021-10-06,408.50775146484375,373.6820068359375,0.09072153562074714,0.9996944506998522,0.00019405959671026096,0.5519111231350146,1.4198516914400812,1.4198516914400812,0.000761029433996363,0.00031984531789076604,0.9993248602772925,-0.00021322318558336661,0.7736554715512025,4.0,0.9144385026737968,IVV,VOO
2021-10-07,411.8945007324219,376.897216796875,0.09072153562074714,0.9996944506998522,-0.0001142909799360936,-0.7513605768734971,0.5519111231350146,0.5519111231350146,-0.00018981934055339877,0.00031238131777543084,0.9993203590116027,-0.0004030425261367654,0.788879713934218,0.0,0.9136338185890258,IVV,VOO
2021-10-08,411.286376953125,376.1868591308594,0.09072153562074714,0.9996944506998522,0.00029416505011070626,1.020182277090219,-0.7513605768734971,0.7513605768734971,-0.00030835057664635457,0.0003198061222622745,0.9993150574446521,-0.00071139310278312,0.7827603407454236,0.0,0.9237425198123888,IVV,VOO
2021-10-11,408.21771240234375,373.4484252929688,0.09072153562074714,0.9996944506998522,0.00010889640397238054,0.214480620089377,1.020182277090219,1.020182277090219,0.00040845603004679987,0.0003319237027309221,0.9992925718041907,-0.0003029370727363201,0.7750105376953966,1.0,0.9368421052631579,IVV,VOO
2021-10-12,407.1886901855469,372.7007141113281,0.09072153562074714,0.9996944506998522,-0.0004114790172717875,-1.8752616919527292,0.214480620089377,0.214480620089377,-0.00018526864613832572,0.0003345239208695676,0.9992984643631202,-0.0004882057188746458,0.781278787612781,0.0,0.9319371727748691,IVV,VOO
2021-10-13,408.6387939453125,373.8970031738281,0.09072153562074714,0.9996944506998522,-6.0213016179311296e-05,-0.3829029766220567,-1.8752616919527292,1.8752616919527292,-0.000520375421244168,0.00035214716420035777,0.9992050560015228,-0.0010085811401188138,0.7642368365887378,1.0,0.953125,IVV,VOO
2021-10-14,415.6366882324219,380.1778564453125,0.09072153562074714,0.9996944506998522,0.0002659691033093381,1.020970775363347,-0.3829029766220567,0.3829029766220567,0.0003512660010924762,0.00036133048639386825,0.9991475818285377,-0.0006573151390263376,0.7599743564760247,0.0,0.966321243523316,IVV,VOO
2021-10-15,418.8269348144531,383.1407165527344,0.09072153562074714,0.9996944506998522,0.0001514578950336798,0.4903468120391292,1.020970775363347,1.020970775363347,0.0003261821194886494,0.0003665744963491017,0.9992198342441421,-0.00033113301953768826,0.7488411848826053,1.0,0.9458762886597938,IVV,VOO
2021-10-18,420.0431823730469,384.3089599609375,0.09072153562074714,0.9996944506998522,7.633638081649963e-06,-0.15306664478379647,0.4903468120391292,0.4903468120391292,-0.0001145112082756583,0.00036629923102750377,0.9992277789308899,-0.00044564422781334656,0.7452763592539133,0.0,0.9414620840152754,IVV,VOO
2021-10-19,423.34564208984375,387.2998352050781,0.09072153562074714,0.9996944506998522,8.909865317274779e-05,0.2639293774111308,-0.15306664478379647,0.15306664478379647,-0.00014382425695202983,0.0003460979926391523,0.9992091200093262,-0.0005894684847653764,0.7500811433612569,0.0,0.937953995157385,IVV,VOO
2021-10-20,424.9735107421875,388.8046875,0.09072153562074714,0.9996944506998522,5.018889845587182e-05,0.08341256774882344,0.2639293774111308,0.2639293774111308,8.146501509109783e-05,0.00033567279681686853,0.9992238941898457,-0.0005080034696742786,0.7514506325228737,0.0,0.9310758422754825,IVV,VOO
2021-10-21,426.0775146484375,389.7579956054688,0.09072153562074714,0.9996944506998522,0.00019649323544612685,0.7320246944103129,0.08341256774882344,0.08341256774882344,-3.8909754716875966e-05,0.00033252802568349224,0.9992207712606099,-0.0005469132243911545,0.7535053179436868,0.0,0.9272133095662507,IVV,VOO
2021-10-22,425.5628967285156,389.3654174804688,0.09072153562074714,0.9996944506998522,-4.604983930178719e-06,-0.1618843363114196,0.7320246944103129,0.7320246944103129,0.00014630433699025502,0.0003333440053571975,0.9992187237183575,-0.0004006088874008995,0.7560848490804167,0.0,0.9300792666260171,IVV,VOO
2021-10-25,427.78955078125,391.3843078613281,0.09072153562074714,0.9996944506998522,4.390801646980691e-05,0.07752535214191232,-0.1618843363114196,0.1618843363114196,-0.00020109821937630556,0.0003315303283272506,0.9992115343977198,-0.0006017071067772051,0.7551233488035944,0.0,0.9241666666666667,IVV,VOO
2021-10-26,428.2759399414063,391.7580871582031,0.09072153562074714,0.9996944506998522,0.00022597326966522502,0.8733723558084555,0.07752535214191232,0.07752535214191232,4.851300039998563e-05,0.00032456844878827863,0.9992117301779998,-0.0005531941063772194,0.7539563718803416,0.0,0.9199644928882558,IVV,VOO
2021-10-27,426.367431640625,390.05706787109375,0.09072153562074714,0.9996944506998522,0.00010989485853674097,0.3232853396837183,0.8733723558084555,0.8733723558084555,0.0001820652531954181,0.0003268281138283259,0.999204789483053,-0.00037112885318180133,0.7572767125850487,0.0,0.9302430243024302,IVV,VOO
2021-10-28,430.4651184082031,393.8704833984375,0.09072153562074714,0.9996944506998522,-5.140433817452106e-05,-0.43518579712237315,0.3232853396837183,0.3232853396837183,-0.00011607841112848405,0.0003265041872457789,0.9991999874149391,-0.0004872072643102854,0.7616771725410306,0.0,0.9309736666058506,IVV,VOO
2021-10-29,431.2791748046875,394.5714721679688,0.09072153562074714,0.9996944506998522,6.029944945940002e-05,0.06957551695531433,-0.43518579712237315,0.43518579712237315,-0.00016129919671126203,0.00032141880651997794,0.9992048431383703,-0.0006485064610215474,0.7615354225171168,0.0,0.919840887174542,IVV,VOO
2021-11-01,432.1678771972656,395.4032287597656,0.09072153562074714,0.9996944506998522,1.3661366707218292e-05,-0.27108305939298016,0.06957551695531433,0.06957551695531433,0.00011170378763392108,0.00032258858666233694,0.9991964229858381,-0.0005368026733876263,0.7598910485884957,0.0,0.9275261324041812,IVV,VOO
2021-11-02,433.8705749511719,396.9360656738281,0.09072153562074714,0.9996944506998522,7.785386311809361e-05,0.03375378856526244,-0.27108305939298016,0.27108305939298016,-4.663808275218173e-05,0.0002826494709456613,0.9991960275924872,-0.0005834407561398081,0.7581848789700929,0.0,0.8851724682295367,IVV,VOO
2021-11-03,436.536865234375,399.3287963867188,0.09072153562074714,0.9996944506998522,0.00019633854219236468,0.6565387725524467,0.03375378856526244,0.03375378856526244,6.419249641087532e-05,0.0002264645087021209,0.9992101298384574,-0.0005192482597289327,0.7584837391336243,0.0,0.7768878718535469,IVV,VOO
2021-11-04,438.5390319824219,401.1981201171875,0.09072153562074714,0.9996944506998522,0.00010351594926483187,0.1269518647908635,0.6565387725524467,0.6565387725524467,0.00011848467907427107,0.00022454543179295926,0.9992176292958108,-0.00040076358065466167,0.7619145479416735,0.0,0.7686104218362282,IVV,VOO
2021-11-05,440.0826416015625,402.5627136230469,0.09072153562074714,0.9996944506998522,0.00022273965527297435,0.7829264444575754,0.1269518647908635,0.1269518647908635,-9.282259292753281e-05,0.0002144268221539239,0.9992186312793987,-0.0004935861735821945,0.7657056585585155,0.0,0.7551545896504679,IVV,VOO
2021-11-08,440.54107666015625,403.04876708984375,0.09072153562074714,0.9996944506998522,5.759855419995574e-05,-0.15138262453956727,0.7829264444575754,0.7829264444575754,0.00011922370600814247,0.0001960959099958926,0.999278039859155,-0.000374362467574052,0.7708814349884952,0.0,0.7127619047619047,IVV,VOO
2021-11-09,439.0068359375,401.6373901367188,0.09072153562074714,0.9996944506998522,7.571797576222394e-05,-0.07729900219474978,-0.15138262453956727,0.15138262453956727,-0.0001651411010730186,0.00019521049360188703,0.9993187633206209,-0.0005395035686470706,0.7712694633975449,0.0,0.683550159551368,IVV,VOO
2021-11-10,435.5358581542969,398.4034729003906,0.09072153562074714,0.9996944506998522,0.00021981820227523485,0.7027153126394063,-0.07729900219474978,0.07729900219474978,1.81194215622682e-05,0.00015491029640037616,0.9993262786359276,-0.0005213841470848024,0.7738456728250674,0.0,0.5996930218628331,IVV,VOO
2021-11-11,435.713623046875,398.5343322753906,0.09072153562074714,0.9996944506998522,0.00029958192253598526,1.1835612373895479,0.7027153126394063,0.7027153126394063,0.0001441002265130109,0.00013879269464029108,0.9993272582675699,-0.0003772839205717915,0.7771648690501116,0.0,0.5761513525598032,IVV,VOO
2021-11-12,438.9226684570313,401.4972229003906,0.09072153562074714,0.9996944506998522,0.0002329208818103723,0.8342093884238752,1.1835612373895479,1.1835612373895479,7.97637202607504e-05,0.00012022896921928345,0.9992953260737145,-0.0002975202003110411,0.7902598517686183,1.0,0.5258121940364932,IVV,VOO
2021-11-15,439.0348815917969,401.68408203125,0.09072153562074714,0.9996944506998522,2.338867990125948e-05,-0.5236359962465436,0.8342093884238752,0.8342093884238752,-6.666104072561296e-05,0.00011835447995124391,0.9993029562708277,-0.00036418124103665406,0.8022649726572285,0.0,0.513030638612034,IVV,VOO
2021-11-16,440.7843017578125,403.2169189453125,0.09072153562074714,0.9996944506998522,0.00019256625394792337,0.681679909541615,-0.5236359962465436,0.5236359962465436,-0.00020953220190911281,0.00012322608998975373,0.9992843729032549,-0.0005737134429457669,0.8018855862458841,0.0,0.5615079365079365,IVV,VOO
2021-11-17,439.7458190917969,402.2449035644531,0.09072153562074714,0.9996944506998522,0.00024662234147942996,1.0387556107421188,0.681679909541615,0.681679909541615,0.0001691775740466639,0.00012750588649282192,0.9992747310859568,-0.000404535868899103,0.8025830311391564,0.0,0.5787890424987199,IVV,VOO
2021-11-18,441.1959533691406,403.6375122070313,0.09072153562074714,0.9996944506998522,8.380550020792299e-05,-0.14676729809290506,1.0387556107421188,1.0387556107421188,5.405608753150659e-05,0.00012750864396916358,0.9992797991426966,-0.0003504797813675964,0.811219911417679,1.0,0.5720110674239114,IVV,VOO
2021-11-19,440.4755859375,402.8805236816406,0.09072153562074714,0.9996944506998522,0.00032631426411899866,1.5828063877153198,-0.14676729809290506,0.14676729809290506,-0.00016281684127150697,0.00012875710254386358,0.9992848474847519,-0.0005132966226391034,0.8130681309622793,0.0,0.5738475755599043,IVV,VOO
2021-11-22,439.156494140625,401.8149108886719,0.09072153562074714,0.9996944506998522,-2.5198281259797284e-05,-0.8885581624490695,1.5828063877153198,1.5828063877153198,0.00024250876391107568,0.00013135779091747113,0.9992632363198382,-0.0002707878587280277,0.8175214658597201,1.0,0.6080808080808081,IVV,VOO
2021-11-23,439.7644958496094,402.3384094238281,0.09072153562074714,0.9996944506998522,5.6731163434520226e-05,-0.5641048539346055,-0.8885581624490695,0.8885581624490695,-0.00035151254537879595,0.00015354828824549127,0.9992346317664987,-0.0006223004041068236,0.8114655929062353,0.0,0.6662895927601811,IVV,VOO
2021-11-24,440.9059143066406,403.3291015625,0.09072153562074714,0.9996944506998522,0.00019033323405537317,0.6497666689181381,-0.5641048539346055,0.5641048539346055,8.192944469431751e-05,0.00014898202130499526,0.9992351013558602,-0.0005403709594125061,0.811040533691984,0.0,0.6525096525096525,IVV,VOO
2021-11-26,430.9328918457031,394.55279541015625,0.09072153562074714,0.9996944506998522,-0.0006956227821515171,-4.4799043038567685,0.6497666689181381,0.6497666689181381,0.00013360207062085294,0.00014989943247053567,0.9993077090323357,-0.00021253230411932833,0.8124085616513197,0.0,0.6100345220300377,IVV,VOO
2021-11-29,436.4339599609375,399.3194274902344,0.09072153562074714,0.9996944506998522,-1.5965534058359765e-05,-0.5829446452219611,-4.4799043038567685,4.4799043038567685,-0.0008859560162068902,0.00024370782459002578,0.9994162764857724,-0.0010984883203262186,0.7825350572060098,1.0,0.7142857142857143,IVV,VOO
2021-11-30,428.1356201171875,391.6740112304688,0.09072153562074714,0.9996944506998522,0.00011285006350369997,0.1268559899370505,-0.5829446452219611,0.5829446452219611,0.0006796572480931573,0.00028790505091386587,0.9994012754533851,-0.00041883107223306126,0.778530123930128,0.0,0.7745238095238096,IVV,VOO
2021-12-01,423.1398620605469,387.16900634765625,0.09072153562074714,0.9996944506998522,-5.9348762693645085e-05,-0.8135834434246925,0.1268559899370505,0.1268559899370505,0.00012881559756205974,0.00028913695818363693,0.9994398277016338,-0.00029001547467100153,0.7782757781393778,0.0,0.7685946059839865,IVV,VOO
2021-12-02,429.6606140136719,393.0760192871094,0.09072153562074714,0.9996944506998522,9.641767369927834e-05,0.052307227758288825,-0.8135834434246925,0.8135834434246925,-0.00017219882619734506,0.0002912976195194646,0.9994911781495449,-0.0004432276999573048,0.7765728726750941,0.0,0.7644832529193762,IVV,VOO
2021-12-03,425.80615234375,389.59912109375,0.09072153562074714,0.9996944506998522,-3.3012480346705786e-05,-0.6315919233388999,0.052307227758288825,0.052307227758288825,0.00015576643639292342,0.0002922116224000864,0.9995319856927056,-0.0002874612635643814,0.7762385268046008,0.0,0.7628446115288221,IVV,VOO
2021-12-06,430.9328918457031,394.2536315917969,0.09072153562074714,0.9996944506998522,6.266825901146689e-05,-0.10726221673335541,-0.6315919233388999,0.6315919233388999,-0.00012943015404598412,0.00029286993569892087,0.9995397831315597,-0.0004168914176103655,0.775530206065929,0.0,0.7654051431344008,IVV,VOO
2021-12-07,439.8861389160156,402.3570556640625,0.09072153562074714,0.9996944506998522,0.0002869730457870645,1.0892004841632572,-0.10726221673335541,0.10726221673335541,9.568073935817267e-05,0.00029240787904442363,0.9995517324601323,-0.00032121067825219285,0.7752093676055287,0.0,0.7600414078674949,IVV,VOO
2021-12-08,441.0462951660156,403.4880065917969,0.09072153562074714,0.9996944506998522,0.00011488883366439495,0.16054564352451284,1.0892004841632572,1.0892004841632572,0.00022430478677559762,0.0002942565987686187,0.9995886353836754,-9.690589147659523e-05,0.7783531728436485,1.0,0.7604617604617605,IVV,VOO
2021-12-09,438.0711975097656,400.74017333984375,0.09072153562074714,0.9996944506998522,0.00017789509828514127,0.49726760888320176,0.16054564352451284,0.16054564352451284,-0.00017208421212266956,0.0002969492798497538,0.9995817295895844,-0.0002689901035992648,0.7809291988471923,0.0,0.7632389162561577,IVV,VOO
2021-12-10,442.2717590332031,404.5628356933594,0.09072153562074714,0.9996944506998522,0.00023008438598637326,0.7358141490034468,0.49726760888320176,0.49726760888320176,6.300626462074632e-05,0.00029553098404728545,0.9995811011199911,-0.00020598383897851846,0.7791564833123072,0.0,0.7620410109680495,IVV,VOO
2021-12-13,438.3562622070313,400.9738159179688,0.09072153562074714,0.9996944506998522,0.0002457307276655385,0.7806973932025618,0.7358141490034468,0.7358141490034468,5.218928770123199e-05,0.00029521001873862183,0.9995880570755665,-0.00015379455127728647,0.7798591706040301,0.0,0.7545787545787546,IVV,VOO
2021-12-14,435.2591552734375,398.24462890625,0.09072153562074714,0.9996944506998522,-1.7040669833434663e-05,-0.6582278178424734,0.7806973932025618,0.7806973932025618,1.5646341679165232e-05,0.0002948739991676318,0.9995936805452444,-0.00013814820959812124,0.7869784335845519,0.0,0.7491303613644039,IVV,VOO
2021-12-15,442.1010437011719,404.4694213867188,0.09072153562074714,0.9996944506998522,7.487136364936475e-05,-0.15328524121086254,-0.6582278178424734,0.6582278178424734,-0.00026277139749897316,0.00029699200741774816,0.9995790197725516,-0.0004009196070970944,0.7836430845137821,0.0,0.7663438256658596,IVV,VOO
2021-12-16,438.0465393066406,400.81488037109375,0.09072153562074714,0.9996944506998522,-6.474288862001742e-05,-0.8642658764375565,-0.15328524121086254,0.15328524121086254,9.191203348279942e-05,0.0002952372725448959,0.9996151274479214,-0.000309007573614295,0.7831262437378946,0.0,0.7484930681133213,IVV,VOO
2021-12-17,433.70123291015625,396.65576171875,0.09072153562074714,0.9996944506998522,0.00039367488044828036,1.5137802531889861,-0.8642658764375565,0.8642658764375565,-0.00013961425226938218,0.00029628670320037005,0.9996192369737424,-0.00044862182588367716,0.7822604836874436,0.0,0.7470821661998133,IVV,VOO
2021-12-20,428.8302612304688,392.3656311035156,0.09072153562074714,0.9996944506998522,-2.9694188587114922e-05,-0.6525496916404476,1.5137802531889861,1.5137802531889861,0.0004584177690682978,0.00031140008034263774,0.9995878736277912,0.0,0.7755359449889566,1.0,0.7742329149232915,IVV,VOO
2021-12-21,436.4698791503906,399.3290100097656,0.09072153562074714,0.9996944506998522,4.234311679773839e-05,-0.2738274987201951,-0.6525496916404476,0.6525496916404476,-0.0004233690690353953,0.00032080328236404164,0.9995966324762129,-0.0004233690690353953,0.7687521265845749,0.0,0.7765873015873016,IVV,VOO
2021-12-22,440.87158203125,403.3627014160156,0.09072153562074714,0.9996944506998522,2.9185251766428166e-05,-0.3337694359898604,-0.2738274987201951,0.2738274987201951,7.203730538485331e-05,0.00031193206249251,0.9996236337299935,-0.00035133176365054197,0.7684524153369806,0.0,0.7571790818678785,IVV,VOO
2021-12-23,443.5745239257813,405.84869384765625,0.09072153562074714,0.9996944506998522,-1.0038547531010522e-06,-0.4544042294900564,-0.3337694359898604,0.3337694359898604,-1.3157865031310223e-05,0.0003114227898597807,0.9996002979539834,-0.0003644896286818522,0.7652414712235344,0.0,0.7622163190345008,IVV,VOO
2021-12-27,449.9283447265625,411.6365356445313,0.09072153562074714,0.9996944506998522,6.54853721711035e-05,-0.06758762582126937,-0.4544042294900564,0.4544042294900564,-3.018910651952922e-05,0.0003099155041736414,0.9996035451688429,-0.0003946787352013814,0.7676426187129756,0.0,0.7569811875367431,IVV,VOO
2021-12-28,449.5810852050781,411.3269958496094,0.09072153562074714,0.9996944506998522,4.540324066137913e-05,-0.1431236958966261,-0.06758762582126937,0.06758762582126937,6.648922692420456e-05,0.00023593657644976407,0.9996227870752332,-0.00032818950827717686,0.7663889738867309,0.0,0.6325136612021858,IVV,VOO
2021-12-29,450.0503234863281,411.8241271972656,0.09072153562074714,0.9996944506998522,-0.00011892260548140854,-0.9895946030752045,-0.1431236958966261,0.1431236958966261,-2.0082131509724377e-05,0.00018446770097504966,0.9996187662496524,-0.00034827163978690123,0.765938640633335,0.0,0.5560090702947846,IVV,VOO
2021-12-30,448.7833251953125,410.6609497070313,0.09072153562074714,0.9996944506998522,-0.00011054568166546375,-0.885982793478142,-0.9895946030752045,0.9895946030752045,-0.00016432584614278767,0.00018553686391345323,0.9996267571295935,-0.0005125974859296889,0.7661308180176336,0.0,0.5506678281068524,IVV,VOO
2021-12-31,447.6664123535156,409.5352478027344,0.09072153562074714,0.9996944506998522,0.000141715399361253,0.4726089899887819,-0.885982793478142,0.885982793478142,8.376923815944792e-06,0.00018185862184736718,0.9996729918596913,-0.0005042205621137441,0.7711058977527051,0.0,0.5010121457489878,IVV,VOO
2022-01-03,450.3412170410156,412.04925537109375,0.09072153562074714,0.9996944506998522,-1.911817716226949e-05,-0.3703628109000441,0.4726089899887819,0.4726089899887819,0.00025226108102671674,0.0001871967012432102,0.9996685852371096,-0.00025195948108702737,0.7660880970976037,0.0,0.5079685099846389,IVV,VOO
2022-01-04,450.1910095214844,411.8804626464844,0.09072153562074714,0.9996944506998522,5.68854493083748e-05,0.08763653301606228,-0.3703628109000441,0.3703628109000441,-0.00016083357652352248,0.00018842243965385767,0.9996783950358401,-0.00041279305761054985,0.7573493869858092,0.0,0.5208213807611397,IVV,VOO
2022-01-05,441.4158630371094,403.99114990234375,0.09072153562074714,0.9996944506998522,-0.0002933545515322322,-1.7200525282631527,0.08763653301606228,0.08763653301606228,7.600362647064429e-05,0.0001879747380891168,0.9996996306436029,-0.00033678943113990556,0.7518041041594149,0.0,0.5158571428571428,IVV,VOO
2022-01-06,441.0874633789063,403.4471130371094,0.09072153562074714,0.9996944506998522,0.0003095509146948672,1.3742719812423265,-1.7200525282631527,1.7200525282631527,-0.000350240000840607,0.00019521886820255197,0.999722141768815,-0.0006870294319805126,0.749026133902728,1.0,0.5366865869853918,IVV,VOO
2022-01-07,439.3229370117188,402.0494384765625,0.09072153562074714,0.9996944506998522,-0.00022958639323977792,-1.2844952126295854,1.3742719812423265,1.3742719812423265,0.0006029054662270994,0.00023569413388025876,0.9997045694562403,-8.412396575341319e-05,0.7359904964405218,2.0,0.5793650793650793,IVV,VOO
2022-01-10,438.4970397949219,401.5240783691406,0.09072153562074714,0.9996944506998522,-0.0008041274145238475,-3.88239303893243,-1.2844952126295854,1.2844952126295854,-0.0005391373079346451,0.00026375427487811934,0.9996917674961243,-0.0006232612736880583,0.7238908854223749,3.0,0.6190476190476191,IVV,VOO
2022-01-11,442.8236999511719,405.0418701171875,0.09072153562074714,0.9996944506998522,0.00029425701660024117,1.1948281113564043,-3.88239303893243,3.88239303893243,-0.0005745410212840696,0.00028926824658075323,0.9996460916090777,-0.0011978022949721279,0.7646452012043035,4.0,0.6825396825396826,IVV,VOO
2022-01-12,443.9967956542969,406.2519836425781,0.09072153562074714,0.9996944506998522,-4.238006940759931e-05,-0.32324541208631874,1.1948281113564043,1.1948281113564043,0.0010983844311240887,0.00038295481995306944,0.9995403387336012,-9.941786384803919e-05,0.7207783039972575,5.0,0.8353174603174602,IVV,VOO
2022-01-13,437.9057922363281,400.6517028808594,0.09072153562074714,0.9996944506998522,2.0972104976202388e-05,-0.04537756507427184,-0.32324541208631874,0.32324541208631874,-0.0003366370860078405,0.00038583994341017845,0.9995289594554264,-0.00043605494985587967,0.7179661426993673,0.0,0.8392857142857143,IVV,VOO
2022-01-14,438.0559692382813,400.7735900878906,0.09072153562074714,0.9996944506998522,5.97737890997152e-05,0.1386706150013251,-0.04537756507427184,0.04537756507427184,6.33521743838017e-05,0.00038554518298572146,0.9995385744709316,-0.000372702775472078,0.718501516391201,0.0,0.8333333333333333,IVV,VOO
2022-01-18,430.3131408691406,393.7474365234375,0.09072153562074714,0.9996944506998522,-9.216317934335194e-05,-0.5490755386676137,0.1386706150013251,0.1386706150013251,3.8801684123512814e-05,0.0003843361308852389,0.999537986743987,-0.00033390109134856516,0.7173114658893305,0.0,0.8313492063492063,IVV,VOO
2022-01-19,425.8645629882813,389.6105346679688,0.09072153562074714,0.9996944506998522,7.486841434189984e-05,0.21441434332048923,-0.5490755386676137,0.5490755386676137,-0.00015193696844306714,0.0003712274579414376,0.9995688331473556,-0.0004858380597916323,0.7174814388091468,0.0,0.8154761904761905,IVV,VOO
2022-01-20,421.1343688964844,385.3235168457031,0.09072153562074714,0.9996944506998522,-3.360578116495816e-05,-0.23919022472624218,0.21441434332048923,0.21441434332048923,0.00016703159368525178,0.00036167042728061933,0.9995729923059338,-0.0003188064661063805,0.7175241038558731,0.0,0.8075396825396826,IVV,VOO
2022-01-21,412.93170166015625,377.7532958984375,0.09072153562074714,0.9996944506998522,0.00013254947278262819,0.5368478802939662,-0.23919022472624218,0.23919022472624218,-0.000108474195506858,0.00036214261639940567,0.9995805967010003,-0.0004272806616132385,0.7149523220473416,0.0,0.8035714285714286,IVV,VOO
2022-01-24,414.3769836425781,379.3292846679688,0.09072153562074714,0.9996944506998522,-0.000535565089245793,-2.272298870209107,0.5368478802939662,0.5368478802939662,0.00016615525394758635,0.0003640147067702155,0.9995983192354481,-0.0002611254076656522,0.7104852914826908,0.0,0.7876984126984127,IVV,VOO
2022-01-25,409.6092834472656,374.7232971191406,0.09072153562074714,0.9996944506998522,0.00010506581475144827,0.5002702209740132,-2.272298870209107,2.272298870209107,-0.0006681145620284212,0.0003925459363679809,0.9995543584752815,-0.0009292399696940734,0.6973837513820591,1.0,0.8253968253968254,IVV,VOO
2022-01-26,408.6613159179688,373.8789978027344,0.09072153562074714,0.9996944506998522,4.3042497464895746e-05,0.26535518243328493,0.5002702209740132,0.5002702209740132,0.0006406309039972413,0.0004184520782681702,0.9995116755810362,-0.0002886090656968321,0.6868532903729471,0.0,0.8412698412698413,IVV,VOO
2022-01-27,406.5309753417969,371.9841613769531,0.09072153562074714,0.9996944506998522,-0.0001041849909988457,-0.3743365561862909,0.26535518243328493,0.26535518243328493,-6.202331728655253e-05,0.0004186624229577209,0.999511669948884,-0.0003506323829833846,0.681215851361299,0.0,0.8412698412698413,IVV,VOO
2022-01-28,416.4699096679688,381.1021423339844,0.09072153562074714,0.9996944506998522,-0.00015885153750350156,-0.5802659713544438,-0.3743365561862909,0.3743365561862909,-0.00014722748846374145,0.00041834357030894954,0.9995117712732211,-0.0004978598714471261,0.6824715463857864,0.0,0.8333333333333334,IVV,VOO
2022-01-31,423.9968566894531,388.0721130371094,0.09072153562074714,0.9996944506998522,-0.0003652367880482288,-1.3983408955855052,-0.5802659713544438,0.5802659713544438,-5.4666546504655855e-05,0.00041851160688262444,0.999554335290085,-0.0005525264179517819,0.6862461600137265,0.0,0.8174603174603174,IVV,VOO
2022-02-01,426.9250793457031,390.6048278808594,0.09072153562074714,0.9996944506998522,1.4050926213649007e-05,0.29078284168438584,-1.3983408955855052,1.3983408955855052,-0.00020638525054472723,0.0004164892055816464,0.9995671648095408,-0.0007589116684965092,0.6961361339215814,1.0,0.8055555555555556,IVV,VOO
2022-02-02,431.0263977050781,394.3290100097656,0.09072153562074714,0.9996944506998522,8.851344030791353e-05,0.6066181505179703,0.29078284168438584,0.29078284168438584,0.0003792877142618778,0.0004242671278050125,0.9995612743482574,-0.00037962395423463136,0.691405070131975,0.0,0.8134920634920635,IVV,VOO
2022-02-03,421.0217895507813,385.16412353515625,0.09072153562074714,0.9996944506998522,0.00011265458930687089,0.7007278129557323,0.6066181505179703,0.6066181505179703,7.446251409426452e-05,0.00042425375793662983,0.9995675059808331,-0.00030516144014036684,0.6818401561060649,0.0,0.8075396825396826,IVV,VOO
2022-02-04,423.1334228515625,386.9746398925781,0.09072153562074714,0.9996944506998522,0.0004274257262038006,1.9196825087804181,0.7007278129557323,0.7007278129557323,2.4141148998957362e-05,0.00041650615870126694,0.9995993023275168,-0.00028102029114140947,0.683278282018815,0.0,0.7718253968253967,IVV,VOO
2022-02-07,421.6317443847656,385.6988220214844,0.09072153562074714,0.9996944506998522,0.00017350616509226313,0.8214406964613912,1.9196825087804181,1.9196825087804181,0.0003147711368969297,0.0004007917738490525,0.9995953309043111,0.0,0.6882508156691566,1.0,0.7718253968253967,IVV,VOO
2022-02-08,424.9822998046875,388.8225708007813,0.09072153562074714,0.9996944506998522,2.488964259761417e-05,0.2115681368920387,0.8214406964613912,0.8214406964613912,-0.00025391956111153746,0.00038594413905640153,0.9995912571409256,-0.00025391956111153746,0.6918076656106433,0.0,0.7698412698412699,IVV,VOO
2022-02-09,431.251708984375,394.5260620117188,0.09072153562074714,0.9996944506998522,0.00011167160421265976,0.5603892048543767,0.2115681368920387,0.2115681368920387,-0.00014861652249464896,0.0003636487159017077,0.9995928425575688,-0.0004025360836061864,0.6888674210274485,0.0,0.75,IVV,VOO
2022-02-10,423.6308898925781,387.59368896484375,0.09072153562074714,0.9996944506998522,4.461091902108194e-06,0.10039635367765468,0.5603892048543767,0.5603892048543767,8.678196161504559e-05,0.00027189953238965534,0.9996028432356157,-0.00031575412199114083,0.6878402019445645,0.0,0.6031746031746033,IVV,VOO
2022-02-11,415.1559448242188,379.864013671875,0.09072153562074714,0.9996944506998522,-6.57394229124364e-05,-0.19709834223248687,0.10039635367765468,0.10039635367765468,-0.00010721051231055156,0.0002625179848571808,0.9996214341095847,-0.0004229646343016924,0.6860161319944277,0.0,0.5853174603174603,IVV,VOO
2022-02-14,413.8045349121094,378.6257934570313,0.09072153562074714,0.9996944506998522,-6.226795575514643e-05,-0.1555771970985838,-0.19709834223248687,0.19709834223248687,-7.020051481454459e-05,0.00026257972332386736,0.9996392117825326,-0.000493165149116237,0.6855854630526108,0.0,0.5734126984126984,IVV,VOO
2022-02-15,420.4586486816406,384.704345703125,0.09072153562074714,0.9996944506998522,-3.1730928185425e-05,-0.026106979580724287,-0.1555771970985838,0.1555771970985838,3.4714671572899647e-06,0.0002624023568386207,0.9996396105597388,-0.000489693681958947,0.6883977574385083,0.0,0.5674603174603174,IVV,VOO
2022-02-16,420.9372863769531,385.16412353515625,0.09072153562074714,0.9996944506998522,-8.807529538223946e-05,-0.24179323333771013,-0.026106979580724287,0.026106979580724287,3.053702756972143e-05,0.00026033725354698476,0.999652980187456,-0.0004591566543892256,0.6855491179153409,0.0,0.5416666666666666,IVV,VOO
2022-02-17,412.1057739257813,376.9747009277344,0.09072153562074714,0.9996944506998522,0.00019300756467188762,0.8740738310409618,-0.24179323333771013,0.24179323333771013,-5.634436719681446e-05,0.00025784102818748444,0.9996567307274784,-0.00051550102158604,0.6855766827440545,0.0,0.5257936507936508,IVV,VOO
2022-02-18,409.2620849609375,374.5638122558594,0.09072153562074714,0.9996944506998522,-0.0003173594346952413,-1.2008600931468953,0.8740738310409618,0.8740738310409618,0.0002810828600541271,0.0002641628940315327,0.9996703467915833,-0.00023441816153191297,0.6836832776799906,0.0,0.5257936507936508,IVV,VOO
2022-02-22,404.8228149414063,370.4644775390625,0.09072153562074714,0.9996944506998522,-0.00022237123260815395,-0.7985593446718636,-1.2008600931468953,1.2008600931468953,-0.0005103669993671289,0.00028468881049885744,0.9996583952401937,-0.0007447851608990419,0.6822631828028723,1.0,0.5654761904761905,IVV,VOO
2022-02-23,397.446044921875,363.7947387695313,0.09072153562074714,0.9996944506998522,-0.0004504520005292889,-2.109026585602104,-0.7985593446718636,0.7985593446718636,9.498820208708736e-05,0.0002438048859914434,0.9996608790550853,-0.0006497969588119545,0.6991978639762881,0.0,0.48412698412698413,IVV,VOO
2022-02-24,403.6966247558594,369.3857116699219,0.09072153562074714,0.9996944506998522,-9.28967562483507e-05,-0.2935505663251771,-2.109026585602104,2.109026585602104,-0.00022808076792113496,0.00020247269539894143,0.9996893141779091,-0.0008778777267330895,0.7167983073640682,1.0,0.42658730158730157,IVV,VOO
2022-02-25,412.5843811035156,377.4530334472656,0.09072153562074714,0.9996944506998522,8.602356309062031e-05,0.6018164455684107,-0.2935505663251771,0.2935505663251771,0.0003575552442809382,0.0002189073704318258,0.9997103424256578,-0.0005203224824521513,0.7237286962267968,0.0,0.4384920634920635,IVV,VOO
2022-02-28,411.74908447265625,376.5056762695313,0.09072153562074714,0.9996944506998522,0.0005716788572938114,2.6184027681048643,0.6018164455684107,0.6018164455684107,0.000178920319338971,0.00021998412365817625,0.9997178414517268,-0.0003414021631131803,0.7278311394535489,0.0,0.4365079365079365,IVV,VOO
2022-03-01,405.36724853515625,370.8583984375,0.09072153562074714,0.9996944506998522,5.916748646317416e-05,0.32424913288447604,2.6184027681048643,2.6184027681048643,0.0004856552942031911,0.0002424724890096052,0.9997014247375124,0.0,0.7326255759680124,1.0,0.45833333333333337,IVV,VOO
2022-03-02,412.7628173828125,377.66888427734375,0.09072153562074714,0.9996944506998522,-5.3108896083564616e-05,-0.1844869597273526,0.32424913288447604,0.32424913288447604,-0.0005125113708306372,0.00026585794849820737,0.9996885241297078,-0.0005125113708306372,0.7322910588398862,0.0,0.5138888888888888,IVV,VOO
2022-03-03,410.7824401855469,375.7739562988281,0.09072153562074714,0.9996944506998522,0.00016601162512941414,0.7781555612169844,-0.1844869597273526,0.1844869597273526,-0.00011227638254673877,0.000254080323796031,0.9996970007867889,-0.000624787753377376,0.7313038773890977,0.0,0.47420634920634924,IVV,VOO
2022-03-04,407.2723388671875,372.7345581054688,0.09072153562074714,0.9996944506998522,-0.00029684590124823274,-1.2102016477987778,0.7781555612169844,0.7781555612169844,0.00021912052121297876,0.0002582179872967167,0.9996892358875301,-0.00040566723216439726,0.7275251338592196,0.0,0.49206349206349204,IVV,VOO
2022-03-07,395.3062133789063,361.7309875488281,0.09072153562074714,0.9996944506998522,-0.00016169393828047163,-0.5826113168047623,-1.2102016477987778,1.2102016477987778,-0.0004628575263776469,0.0002774076999440606,0.9996645418553959,-0.0008685247585420441,0.7217492382761144,1.0,0.5376984126984128,IVV,VOO
2022-03-08,392.3592224121094,359.0011901855469,0.09072153562074714,0.9996944506998522,-7.178946066499492e-05,-0.2839389292416076,-0.5826113168047623,0.5826113168047623,0.0001351519629677611,0.00026919484187757687,0.9996916640976823,-0.000733372795574283,0.7295593099404424,0.0,0.503968253968254,IVV,VOO
2022-03-09,402.9176330566406,368.5695190429688,0.09072153562074714,0.9996944506998522,0.00018695611738728246,0.9239636637348517,-0.2839389292416076,0.2839389292416076,8.990447761547671e-05,0.00026526114785277444,0.99969161727468,-0.0006434683179588063,0.7304886186821665,0.0,0.5,IVV,VOO
2022-03-10,401.0687561035156,366.9278869628906,0.09072153562074714,0.9996944506998522,5.0322270135794156e-05,0.27953165412093234,0.9239636637348517,0.9239636637348517,0.0002587455780522774,0.0002696133485841232,0.9997108621616199,-0.00038472273990652894,0.7274133384384711,0.0,0.48611111111111116,IVV,VOO
2022-03-11,396.06640625,362.2469482421875,0.09072153562074714,0.9996944506998522,0.00033459354574372213,1.4929755024566977,0.27953165412093234,0.27953165412093234,-0.0001366338472514883,0.0002707480326909893,0.9997088522150047,-0.0005213565871580172,0.7244306108125298,0.0,0.4900793650793651,IVV,VOO
2022-03-14,393.0725402832031,359.6015014648437,0.09072153562074714,0.9996944506998522,7.431868033425104e-05,0.27907649642775534,1.4929755024566977,1.4929755024566977,0.000284271275607928,0.00027659942367007,0.9997095210116721,-0.00023708531155008927,0.7115392245315266,1.0,0.5,IVV,VOO
2022-03-15,401.7257385253906,367.49072265625,0.09072153562074714,0.9996944506998522,0.00015479129201700914,0.5961407842398623,0.27907649642775534,0.27907649642775534,-0.0002602748654094711,0.00028261531053852247,0.9996984747011451,-0.0004973601769595604,0.7134302620859525,0.0,0.5218253968253967,IVV,VOO
2022-03-16,410.6229248046875,375.7083129882813,0.09072153562074714,0.9996944506998522,-4.7734456516401735e-05,-0.36576978187023973,0.5961407842398623,0.5961407842398623,8.04726116827581e-05,0.00028306511114270267,0.999713758340028,-0.00041688756527680226,0.7142074598644171,0.0,0.5059523809523809,IVV,VOO
2022-03-17,415.728515625,380.3048706054688,0.09072153562074714,0.9996944506998522,0.00015294301562285284,0.5829386131104134,-0.36576978187023973,0.36576978187023973,-0.00020252574853341088,0.0002867877474629151,0.9997337245567111,-0.0006194133138102131,0.714495789757912,0.0,0.5059523809523809,IVV,VOO
2022-03-18,420.1770935058594,384.5074157714844,0.09072153562074714,0.9996944506998522,-0.00018971940816214783,-0.9891649574210533,0.5829386131104134,0.5829386131104134,0.00020067747213925458,0.0002897541471955502,0.9997411089784982,-0.00041873584167095856,0.7164161431124931,0.0,0.5099206349206349,IVV,VOO
2022-03-21,420.0926208496094,384.5262145996094,0.09072153562074714,0.9996944506998522,-0.00043965476695362327,-2.0125974058600073,-0.9891649574210533,0.9891649574210533,-0.00034266242378500067,0.00029267215218770537,0.9997296416342555,-0.0007613982654559592,0.7110198142440901,0.0,0.5277777777777778,IVV,VOO
2022-03-22,425.2169189453125,388.9914245605469,0.09072153562074714,0.9996944506998522,0.00014276282854730482,0.7118583234630733,-2.0125974058600073,2.0125974058600073,-0.00024993535879147544,0.00027583592697716245,0.9997237945178777,-0.0010113336242474347,0.727060746679253,1.0,0.4722222222222222,IVV,VOO
2022-03-23,419.88616943359375,383.9821472167969,0.09072153562074714,0.9996944506998522,0.0004842543421279544,2.0683637238270176,0.7118583234630733,0.7118583234630733,0.0005824175955009281,0.00030380736762989887,0.9997123398299846,-0.0004289160287465066,0.7164474462594188,0.0,0.5595238095238095,IVV,VOO
2022-03-24,425.9606323242188,389.689697265625,0.09072153562074714,0.9996944506998522,9.732835718700983e-05,0.3972196325024247,2.0683637238270176,2.0683637238270176,0.00034149151358064955,0.00030606831724770933,0.9997033685841878,-8.742451516585703e-05,0.7105664115348203,1.0,0.5734126984126984,IVV,VOO
2022-03-25,428.107666015625,391.6663513183594,0.09072153562074714,0.9996944506998522,6.710637094986538e-05,0.2570524008165567,0.3972196325024247,0.3972196325024247,-0.00038692598494094455,0.0003112311664364381,0.9997016503462234,-0.0004743505001068016,0.7296291982671067,0.0,0.5793650793650793,IVV,VOO
2022-03-28,431.11138916015625,394.3676452636719,0.09072153562074714,0.9996944506998522,0.00018773540727412552,0.7364449935752914,0.2570524008165567,0.2570524008165567,-3.022198623714445e-05,0.000308868018228549,0.9997037781911754,-0.000504572486343946,0.7522944985868772,0.0,0.5714285714285714,IVV,VOO
2022-03-29,436.6106262207031,399.356201171875,0.09072153562074714,0.9996944506998522,0.0002966889878539547,1.1292020101561508,0.7364449935752914,0.7364449935752914,0.00012062903632426014,0.0002897694443581682,0.9997048124296797,-0.0003839434500196859,0.7459993764611034,0.0,0.5119047619047619,IVV,VOO
2022-03-30,433.898681640625,396.8713684082031,0.09072153562074714,0.9996944506998522,0.0003055881727815901,1.0970675745710405,1.1292020101561508,1.1292020101561508,0.00010895358057982918,0.0002676825919463947,0.9997120311268365,-0.0002749898694398567,0.755820735134504,1.0,0.44047619047619047,IVV,VOO
2022-03-31,427.2131042480469,390.7721557617188,0.09072153562074714,0.9996944506998522,0.00026031430833572955,0.855796968817316,1.0970675745710405,1.0970675745710405,8.899184927635417e-06,0.0002661710215122901,0.9997132170411362,-0.0002660906845122213,0.7723628750658488,2.0,0.43452380952380953,IVV,VOO
2022-04-01,428.2489013671875,391.8546142578125,0.09072153562074714,0.9996944506998522,-8.345128937747859e-05,-0.5122608797285347,0.855796968817316,0.855796968817316,-4.527386444586057e-05,0.00026238947229269337,0.999719038563658,-0.00031136454895808185,0.778989390908232,0.0,0.41269841269841273,IVV,VOO
2022-04-04,432.0248718261719,395.1771240234375,0.09072153562074714,0.9996944506998522,0.000254526338883565,0.8147183358265928,-0.5122608797285347,0.5122608797285347,-0.00034376559771320814,0.00025289031086932423,0.9997089532394398,-0.00065513014667129,0.7787505044385852,0.0,0.4007936507936508,IVV,VOO
2022-04-05,426.4597473144531,390.2921447753906,0.09072153562074714,0.9996944506998522,-0.0002759193469863419,-1.394799589396495,0.8147183358265928,0.8147183358265928,0.0003379776282610436,0.00026159586271625536,0.999723113464548,-0.0003171525184102464,0.7697890438061427,0.0,0.40476190476190477,IVV,VOO
2022-04-06,422.3165588378906,386.33892822265625,0.09072153562074714,0.9996944506998522,0.00013867014556634416,0.2716935096836797,-1.394799589396495,1.394799589396495,-0.0005304456858699069,0.00028709895800921754,0.9997279354205918,-0.0008475982042801533,0.7621264203336089,1.0,0.47023809523809523,IVV,VOO
2022-04-07,424.406982421875,388.287353515625,0.09072153562074714,0.9996944506998522,4.72632975467846e-05,-0.16474262451014704,0.2716935096836797,0.2716935096836797,0.00041458949255268607,0.00029626156355016755,0.9997370112839201,-0.00043300871172746724,0.752626026211906,0.0,0.5059523809523809,IVV,VOO
2022-04-08,423.2770690917969,387.3460388183594,0.09072153562074714,0.9996944506998522,-0.0001921464072358603,-1.1867862562110876,-0.16474262451014704,0.16474262451014704,-9.140684801955956e-05,0.00029539979631695726,0.9997876727459535,-0.0005244155597470268,0.7533269052987961,0.0,0.49206349206349204,IVV,VOO
2022-04-11,415.96044921875,380.6350708007813,0.09072153562074714,0.9996944506998522,-0.00015692518804488742,-0.9939190532185508,-1.1867862562110876,1.1867862562110876,-0.0002394097047826449,0.0002922204100377633,0.9997901439980431,-0.0007638252645296717,0.7534106680121359,1.0,0.46825396825396826,IVV,VOO
2022-04-12,414.3691101074219,379.2420349121094,0.09072153562074714,0.9996944506998522,-0.00032459940112339325,-1.6547165372350785,-0.9939190532185508,0.9939190532185508,3.5221219190972874e-05,0.00028745016543222317,0.9997923107168575,-0.0007286040453386988,0.7598201194201394,0.0,0.44047619047619047,IVV,VOO
2022-04-13,419.2185363769531,383.5246276855469,0.09072153562074714,0.9996944506998522,8.481408297456028e-05,0.19845295944729618,-1.6547165372350785,1.6547165372350785,-0.00016767421307850583,0.0002885631358247591,0.9997913667551188,-0.0008962782584172047,0.7702136960002274,1.0,0.4444444444444445,IVV,VOO
2022-04-14,414.0395202636719,378.8655090332031,0.09072153562074714,0.9996944506998522,-0.00012728986438581558,-0.7270487787399197,0.19845295944729618,0.19845295944729618,0.00040941348409795353,0.0003002156479391103,0.9997822200499472,-0.0004868647743192511,0.766682002513811,0.0,0.5059523809523809,IVV,VOO
2022-04-18,414.190185546875,378.931396484375,0.09072153562074714,0.9996944506998522,6.269603411368507e-05,0.09012529759373107,-0.7270487787399197,0.7270487787399197,-0.00021210394736037586,0.0003003545633435432,0.9997828206230124,-0.000698968721679627,0.7654529407698945,0.0,0.503968253968254,IVV,VOO
2022-04-19,420.8758850097656,384.9835510253906,0.09072153562074714,0.9996944506998522,0.00023483215754716014,0.8499434801653031,0.09012529759373107,0.09012529759373107,0.00018998589849950065,0.0002935707091108711,0.9997792504619623,-0.0005089828231801263,0.7640156694398041,0.0,0.47817460317460314,IVV,VOO
2022-04-20,420.4991760253906,384.6917724609375,0.09072153562074714,0.9996944506998522,9.732626208425188e-05,0.16690169193870968,0.8499434801653031,0.8499434801653031,0.00017213612343347506,0.00028907416293941885,0.9997774081189237,-0.00033684669974665127,0.7631605056395362,0.0,0.45039682539682535,IVV,VOO
2022-04-21,414.4067993164063,378.9879150390625,0.09072153562074714,0.9996944506998522,0.00043644496218941953,1.680075297284441,0.16690169193870968,0.16690169193870968,-0.00013750589546290826,0.00026207045386765905,0.9997978855597323,-0.0004743525952095595,0.7656872084030011,0.0,0.3392857142857143,IVV,VOO
2022-04-22,402.8151550292969,368.6437683105469,0.09072153562074714,0.9996944506998522,-0.00026878683321562846,-1.456451418550357,1.680075297284441,1.680075297284441,0.00033911870010516765,0.00026191529470035954,0.9998133496132305,-0.00013523389510439188,0.7700654645969754,1.0,0.33531746031746035,IVV,VOO
2022-04-25,405.3010559082031,370.657958984375,0.09072153562074714,0.9996944506998522,0.00043631891386031185,1.614894522600111,-1.456451418550357,1.456451418550357,-0.000705231795405048,0.00029266404541688736,0.9998100049368451,-0.0008404656905094399,0.7496233185777212,2.0,0.44246031746031744,IVV,VOO
2022-04-26,393.5024108886719,360.0596923828125,0.09072153562074714,0.9996944506998522,-0.00010562525248758448,-0.7017307129531621,1.614894522600111,1.614894522600111,0.0007051057470759403,0.00033235461011117467,0.9997911343501795,-0.00013535994343349955,0.7318525641942254,3.0,0.5416666666666666,IVV,VOO
2022-04-27,394.6887817382813,360.9915161132813,0.09072153562074714,0.9996944506998522,0.0003209027675579179,1.0876817561852878,-0.7017307129531621,0.7017307129531621,-0.0005419441663478963,0.0003529062710929308,0.9997897519215686,-0.0006773041097813959,0.7224903318302625,0.0,0.5575396825396826,IVV,VOO
2022-04-28,404.6042175292969,370.0367431640625,0.09072153562074714,0.9996944506998522,0.0003924034959439382,1.2935920914956371,1.0876817561852878,1.0876817561852878,0.0004265280200455024,0.0003650469628126995,0.9997812686836555,-0.0002507760897358935,0.715982993905628,1.0,0.5734126984126984,IVV,VOO
2022-04-29,389.4250183105469,356.44537353515625,0.09072153562074714,0.9996944506998522,-0.0004357315951315499,-1.9037768845343568,1.2935920914956371,1.2935920914956371,7.150072838602028e-05,0.0003653677141033723,0.9997961029401788,-0.0001792753613498732,0.7268851230424759,2.0,0.5456349206349207,IVV,VOO
2022-05-02,391.9298095703125,358.6854553222656,0.09072153562074714,0.9996944506998522,-0.00028722728246055595,-1.3005508081643067,-1.9037768845343568,1.9037768845343568,-0.0008281350910754881,0.0004080307700701828,0.9998023676435392,-0.0010074104524253613,0.7053085493380621,3.0,0.5615079365079365,IVV,VOO
2022-05-03,393.7471008300781,360.23858642578125,0.09072153562074714,0.9996944506998522,1.9436914306503184e-05,-0.20619970486435082,-1.3005508081643067,1.3005508081643067,0.00014850431267099395,0.0004034729664680721,0.9997971465511439,-0.0008589061397543674,0.7225500501743888,4.0,0.5615079365079365,IVV,VOO
2022-05-04,405.6023559570313,371.166259765625,0.09072153562074714,0.9996944506998522,-0.0001905482431627803,-0.9960823898221683,-0.20619970486435082,0.20619970486435082,0.00030666419676705914,0.0004021775495148379,0.9997971841874441,-0.0005522419429873082,0.7215203245710314,0.0,0.5575396825396826,IVV,VOO
2022-05-05,391.2047119140625,358.1301574707031,0.09072153562074714,0.9996944506998522,-0.0005901376358270483,-2.3252226022781795,-0.9960823898221683,0.9960823898221683,-0.00020998515746928348,0.0003873019305389271,0.9998059079286926,-0.0007622271004565917,0.7158848087969875,0.0,0.5456349206349206,IVV,VOO
2022-05-06,389.0953674316406,355.880615234375,0.09072153562074714,0.9996944506998522,0.00030259278911870524,1.0150430489821138,-2.3252226022781795,2.3252226022781795,-0.00039958939266426796,0.0003848148460971671,0.9998214856997949,-0.0011618164931208597,0.7250665695511028,1.0,0.5257936507936508,IVV,VOO
2022-05-09,376.5810546875,344.3975524902344,0.09072153562074714,0.9996944506998522,0.000400064088383445,1.2979596714134842,1.0150430489821138,1.0150430489821138,0.0008927304249457535,0.00043437081491177223,0.9997893239736366,-0.00026908606817510616,0.7040715115240518,2.0,0.6011904761904762,IVV,VOO
2022-05-10,377.3249816894531,345.2823181152344,0.09072153562074714,0.9996944506998522,-0.00019135403567815956,-0.7914258842637476,1.2979596714134842,1.2979596714134842,9.747129926473974e-05,0.0004307822964262703,0.999795819028733,-0.00017161476891036642,0.715490247845209,3.0,0.5773809523809523,IVV,VOO
2022-05-11,371.3737487792969,339.7196350097656,0.09072153562074714,0.9996944506998522,0.00014753266681299948,0.4509545231569617,-0.7914258842637476,0.7914258842637476,-0.0005914181240616045,0.0004515240302437781,0.9997788036109374,-0.000763032892971971,0.7024500420987845,0.0,0.6130952380952381,IVV,VOO
2022-05-12,370.82757568359375,339.45611572265625,0.09072153562074714,0.9996944506998522,-0.000548472677039058,-1.8893733179909662,0.4509545231569617,0.4509545231569617,0.00033888670249115904,0.00045569300992797176,0.9997757323253484,-0.0004241461904808119,0.6981096372468714,0.0,0.6190476190476191,IVV,VOO
2022-05-13,379.8673706054688,347.46600341796875,0.09072153562074714,0.9996944506998522,0.00022147028046504147,0.7935802048628883,-1.8893733179909662,1.8893733179909662,-0.0006960053438520575,0.00047228271470126635,0.9997548799932536,-0.0011201515343328694,0.6886887274292158,1.0,0.6190476190476191,IVV,VOO
2022-05-16,378.2664794921875,346.2235412597656,0.09072153562074714,0.9996944506998522,-0.00042068300380648793,-1.3630892678198558,0.7935802048628883,0.7935802048628883,0.0007699429575040995,0.0005011394142114981,0.9997536920569742,-0.00035020857682876994,0.6787019902682965,0.0,0.6190476190476191,IVV,VOO
2022-05-17,386.1009826660156,353.1510314941406,0.09072153562074714,0.9996944506998522,0.00027422197532533943,0.9806461646291821,-1.3630892678198558,1.3630892678198558,-0.0006421532842715294,0.0005193014233378196,0.9997409204837073,-0.0009923618611002993,0.670576005541978,1.0,0.621031746031746,IVV,VOO
2022-05-18,370.5921630859375,339.1642761230469,0.09072153562074714,0.9996944506998522,-0.00032367060228288835,-1.0247407409137066,0.9806461646291821,0.9806461646291821,0.0006949049791318274,0.000541218377250487,0.9997462167001465,-0.000297456881968472,0.6603787740013194,0.0,0.6170634920634921,IVV,VOO
2022-05-19,368.2757568359375,336.8959655761719,0.09072153562074714,0.9996944506998522,0.00011451388477023983,0.44853096950191146,-1.0247407409137066,1.0247407409137066,-0.0005978925776082278,0.0005562432004277377,0.9997669028383204,-0.0008953494595766998,0.6638887566384752,1.0,0.6111111111111112,IVV,VOO
2022-05-20,368.4641418457031,336.98065185546875,0.09072153562074714,0.9996944506998522,0.00037465176053252947,1.2515736125777657,0.44853096950191146,0.44853096950191146,0.0004381844870531282,0.0005598577519975397,0.9997566646078565,-0.0004571649725235716,0.6572952659389024,0.0,0.6111111111111112,IVV,VOO
2022-05-23,375.3474731445313,343.3716125488281,0.09072153562074714,0.9996944506998522,0.00010142248733746584,0.32757919692248194,1.2515736125777657,1.2515736125777657,0.00026013787576228964,0.0005396116751111324,0.999752094448252,-0.00019702709676128194,0.6608502980386708,1.0,0.6091269841269842,IVV,VOO
2022-05-24,372.6544494628906,340.89617919921875,0.09072153562074714,0.9996944506998522,0.00013390916236755146,0.4032007916888951,0.32757919692248194,0.32757919692248194,-0.0002732292731950636,0.000520393514557367,0.9997440079452692,-0.00047025636995634557,0.664738636083432,0.0,0.6091269841269841,IVV,VOO
2022-05-25,375.9501037597656,343.7387084960937,0.09072153562074714,0.9996944506998522,0.0006374675639335692,1.8726210750650132,0.4032007916888951,0.4032007916888951,3.248667503008562e-05,0.000506274582045813,0.9997516952521345,-0.0003503451797604029,0.6661576027010575,0.0,0.6011904761904762,IVV,VOO
2022-05-26,383.3043518066406,350.572021484375,0.09072153562074714,0.9996944506998522,0.00033200907944763713,0.8722834263140266,1.8726210750650132,1.8726210750650132,0.0005035584015660177,0.0005096951114978847,0.9997497727069237,0.0,0.6730766618882118,1.0,0.6011904761904762,IVV,VOO
2022-05-27,392.899658203125,359.3631591796875,0.09072153562074714,0.9996944506998522,0.00029721234188695433,0.7174028923762016,0.8722834263140266,0.8722834263140266,-0.00030545848448593205,0.0005142374429443832,0.9997459363873002,-0.00030545848448593205,0.6913248685543741,0.0,0.6031746031746031,IVV,VOO
2022-05-31,390.6585693359375,357.36773681640625,0.09072153562074714,0.9996944506998522,0.00014334457652864785,0.2317645360360994,0.7174028923762016,0.7174028923762016,-3.47967375606828e-05,0.00047841028792922096,0.9997556508723454,-0.00034025522204661485,0.698127258657457,0.0,0.5813492063492064,IVV,VOO
2022-06-01,387.49462890625,354.3746643066406,0.09072153562074714,0.9996944506998522,0.0004194077692893927,1.0521317116023354,0.2317645360360994,0.2317645360360994,-0.00015386776535830649,0.00047941321241272726,0.999759666329404,-0.0004941229874049213,0.6989276534730582,0.0,0.5773809523809524,IVV,VOO
2022-06-02,394.7923278808594,361.1044616699219,0.09072153562074714,0.9996944506998522,0.0002704857850561737,0.5767068716402206,1.0521317116023354,1.0521317116023354,0.00027606319276074487,0.00047854881117719684,0.9997483129908276,-0.00021805979464417646,0.7019633997886415,1.0,0.5892857142857143,IVV,VOO
2022-06-03,388.3138732910156,355.2593688964844,0.09072153562074714,0.9996944506998522,3.8734082352220867e-05,-0.08815445455272565,0.5767068716402206,0.5767068716402206,-0.000148921984233219,0.000477264837385687,0.9997507069428538,-0.00036698177887739547,0.7078263200505083,0.0,0.5813492063492063,IVV,VOO
2022-06-06,389.4815368652344,356.2289123535156,0.09072153562074714,0.9996944506998522,0.0003166673681693766,0.7194281495542771,-0.08815445455272565,0.08815445455272565,-0.00023175170270395284,0.00047119663124509976,0.9997434555701034,-0.0005987334815813483,0.7039390472325597,0.0,0.5873015873015873,IVV,VOO
2022-06-07,393.0974426269531,359.7115173339844,0.09072153562074714,0.9996944506998522,-0.00016812831521928473,-0.7427025919489642,0.7194281495542771,0.7194281495542771,0.0002779332858171557,0.00043246784174568516,0.9997417933581328,-0.0003208001957641926,0.7052199096129721,0.0,0.5793650793650794,IVV,VOO
2022-06-08,388.8412170410156,355.7770690917969,0.09072153562074714,0.9996944506998522,-5.989245421478273e-05,-0.40593461116804475,-0.7427025919489642,0.7427025919489642,-0.0004847956833886613,0.0004444076201894227,0.9997357046286226,-0.0008055958791528539,0.7000331066965562,0.0,0.5873015873015873,IVV,VOO
2022-06-09,379.7099609375,347.4095153808594,0.09072153562074714,0.9996944506998522,-3.046125062500238e-05,-0.27816661206178817,-0.40593461116804475,0.40593461116804475,0.000108235861004502,0.00042586267063414413,0.9997368132012632,-0.0006973600181483519,0.7019900544883234,0.0,0.5773809523809523,IVV,VOO
2022-06-10,368.50726318359375,337.21588134765625,0.09072153562074714,0.9996944506998522,-0.00020591884429155272,-0.7838827225410926,-0.27816661206178817,0.27816661206178817,2.9431203589780353e-05,0.00041907530940453404,0.9997364429079357,-0.0006679288145585716,0.705622062853004,0.0,0.5714285714285714,IVV,VOO
2022-06-13,354.3386535644531,324.2174377441406,0.09072153562074714,0.9996944506998522,-0.0001163190253672397,-0.5482728014781695,-0.7838827225410926,0.7838827225410926,-0.00017545759366655034,0.0003908043732400202,0.9997448870540413,-0.0008433864082251219,0.7089756114680782,0.0,0.5317460317460317,IVV,VOO
2022-06-14,353.3941345214844,323.40802001953125,0.09072153562074714,0.9996944506998522,-0.0002865757024146376,-1.1197282762456227,-0.5482728014781695,0.5482728014781695,8.959981892431301e-05,0.00035142134313892904,0.9997583180052471,-0.0007537865893008089,0.7120181810901931,0.0,0.46825396825396826,IVV,VOO
2022-06-15,358.4286804199219,328.03887939453125,0.09072153562074714,0.9996944506998522,-0.0003538828576274966,-1.2673994266879587,-1.1197282762456227,1.1197282762456227,-0.00017025667704739789,0.0003233706500435909,0.9997603506917272,-0.0009240432663482068,0.7160574788272922,1.0,0.44047619047619047,IVV,VOO
2022-06-16,346.6497802734375,317.26177978515625,0.09072153562074714,0.9996944506998522,-0.0003739002909295408,-1.2867612175914176,-1.2673994266879587,1.2673994266879587,-6.730715521285902e-05,0.0002823280293973951,0.9997652012480013,-0.0009913504215610658,0.726830842396739,2.0,0.30952380952380953,IVV,VOO
2022-06-17,347.28271484375,318.09002685546875,0.09072153562074714,0.9996944506998522,-0.0011561159866637638,-3.2150445828205396,-1.2867612175914176,1.2867612175914176,-2.0017433302044196e-05,0.0002506698146888829,0.9997797087710847,-0.00101136785486311,0.7404900707669598,3.0,0.19642857142857145,IVV,VOO
2022-06-21,356.11456298828125,325.8834533691406,0.09072153562074714,0.9996944506998522,-0.00024078964430440664,-0.643481150696001,-3.2150445828205396,3.2150445828205396,-0.000782215695734223,0.0002824857525127769,0.9997663748078337,-0.001793583550597333,0.7864618002854787,4.0,0.30753968253968256,IVV,VOO
2022-06-22,355.5005187988281,325.19647216796875,0.09072153562074714,0.9996944506998522,0.0001430719428450189,0.4518252327087737,-0.643481150696001,0.643481150696001,0.0009153263423593572,0.00034841793965255835,0.9997641266044799,-0.0008782572082379758,0.7986859371200696,0.0,0.46031746031746035,IVV,VOO
2022-06-23,359.06158447265625,328.61297607421875,0.09072153562074714,0.9996944506998522,-0.00033768940150835647,-0.8830393113492621,0.4518252327087737,0.4518252327087737,0.00038386158714942553,0.00035492593368722917,0.9997597421387557,-0.0004943956210885503,0.7934945885354767,0.0,0.46825396825396826,IVV,VOO
2022-06-24,370.273681640625,338.8443298339844,0.09072153562074714,0.9996944506998522,-0.0002399312718583957,-0.5725522246079133,-0.8830393113492621,0.8830393113492621,-0.00048076134435337536,0.00037003316931254253,0.9997518701750883,-0.0009751569654419256,0.790379310764027,0.0,0.5,IVV,VOO
2022-06-27,368.9323425292969,337.5736083984375,0.09072153562074714,0.9996944506998522,-0.00011300556132365358,-0.26816411514328853,-0.5725522246079133,0.5725522246079133,9.775812964996078e-05,0.0003512196848394653,0.9997625691488544,-0.0008773988357919649,0.797216725058543,0.0,0.45238095238095233,IVV,VOO
2022-06-28,361.4041137695313,330.279052734375,0.09072153562074714,0.9996944506998522,0.001109480836483101,2.7565528128082137,-0.26816411514328853,0.26816411514328853,0.0001269257105347421,0.00034774272997090746,0.9997619651146601,-0.0007504731252572228,0.7991331337666773,0.0,0.4484126984126984,IVV,VOO
2022-06-29,361.1490173339844,330.4416198730469,0.09072153562074714,0.9996944506998522,-8.855658817719103e-05,-0.2782421624483165,2.7565528128082137,2.7565528128082137,0.0012224863978067546,0.00044094643671252313,0.9997188894430097,0.0,0.789138542030377,1.0,0.5992063492063493,IVV,VOO
2022-06-30,358.1358337402344,327.83319091796875,0.09072153562074714,0.9996944506998522,-0.0005442162518543014,-1.3389152507332314,-0.2782421624483165,0.2782421624483165,-0.001198037424660292,0.0005162651295853618,0.9996846817297812,-0.001198037424660292,0.7764645639727205,0.0,0.6765873015873016,IVV,VOO
2022-07-01,361.8575439453125,331.1976928710937,0.09072153562074714,0.9996944506998522,-0.0004133671304398234,-0.9987590573405024,-1.3389152507332314,1.3389152507332314,-0.0004556596636771104,0.0005204934614394415,0.9996804598635476,-0.0016536970883374025,0.7873444833378963,1.0,0.6805555555555556,IVV,VOO
2022-07-05,362.632080078125,331.7836608886719,0.09072153562074714,0.9996944506998522,-4.234578156481206e-05,-0.06752788785712448,-0.9987590573405024,0.9987590573405024,0.00013084912141447802,0.0005213568080219078,0.9996871237453951,-0.0015228479669229245,0.7882241995403592,0.0,0.6765873015873016,IVV,VOO
2022-07-06,363.9261474609375,332.98388671875,0.09072153562074714,0.9996944506998522,-9.002165021065878e-05,-0.14969709557505526,-0.06752788785712448,0.06752788785712448,0.00037102134887501137,0.0005264627459904299,0.9996889024218951,-0.001151826618047913,0.8158875576171891,0.0,0.6726190476190476,IVV,VOO
2022-07-07,369.3196716308594,337.8699951171875,0.09072153562074714,0.9996944506998522,5.897055398929041e-05,0.2294237845800439,-0.14969709557505526,0.14969709557505526,-4.767586864584672e-05,0.0005225105470100478,0.9996888842840782,-0.0011995024866937598,0.8186507907245835,0.0,0.6706349206349206,IVV,VOO
2022-07-08,369.02685546875,337.67156982421875,0.09072153562074714,0.9996944506998522,-0.00014692080354539172,-0.26663193675945146,0.2294237845800439,0.2294237845800439,0.00014899220419994919,0.000512504066329167,0.9996947776371683,-0.0010505102824938106,0.8181476295011746,0.0,0.6448412698412698,IVV,VOO
2022-07-11,364.8235168457031,333.8533630371094,0.09072153562074714,0.9996944506998522,-0.0002342223234998997,-0.43506521487198263,-0.26663193675945146,0.26663193675945146,-0.00020589135753468213,0.0005141052716963298,0.9996904035592812,-0.0012564016400284927,0.8172306868409872,0.0,0.6527777777777778,IVV,VOO
2022-07-12,361.5458679199219,330.7723693847656,0.09072153562074714,0.9996944506998522,9.570137891934394e-06,0.24567974481366994,-0.43506521487198263,0.43506521487198263,-8.730151995450797e-05,0.0005143511803864734,0.9996923250710202,-0.0013437031599830007,0.8207168879574183,0.0,0.6488095238095238,IVV,VOO
2022-07-13,359.69439697265625,329.2319030761719,0.09072153562074714,0.9996944506998522,-0.000457940330635509,-0.9542232382552256,0.24567974481366994,0.24567974481366994,0.00024379246139183408,0.000515729885018516,0.9996908092009791,-0.0010999106985911666,0.8204765327003564,0.0,0.6567460317460317,IVV,VOO
2022-07-14,358.82537841796875,328.3624267578125,0.09072153562074714,0.9996944506998522,-0.00023324586674355885,-0.3122910349009624,-0.9542232382552256,0.9542232382552256,-0.0004675104685274434,0.0005256696070687927,0.9996848007192222,-0.00156742116711861,0.8203556039165221,0.0,0.6845238095238095,IVV,VOO
2022-07-15,365.673583984375,334.5716552734375,0.09072153562074714,0.9996944506998522,-5.540730305320096e-05,0.2249985822675708,-0.3122910349009624,0.3122910349009624,0.00022469446389195014,0.0005269612905225427,0.9996841600636914,-0.0013427267032266599,0.8273417260393249,0.0,0.6904761904761905,IVV,VOO
2022-07-18,362.7171020507813,331.80255126953125,0.09072153562074714,0.9996944506998522,0.00013516786220346688,0.7881451703166208,0.2249985822675708,0.2249985822675708,0.0001778385636903579,0.0005280411042954415,0.9996860192790772,-0.001164888139536302,0.8347553743701327,0.0,0.6865079365079365,IVV,VOO
2022-07-19,372.4651489257813,340.8092346191406,0.09072153562074714,0.9996944506998522,-0.00011919695569506672,0.07300938123130567,0.7881451703166208,0.7881451703166208,0.00019057516525666784,0.0005293374734559608,0.9996857566613494,-0.0009743129742796341,0.8443094481241171,0.0,0.6884920634920635,IVV,VOO
2022-07-20,374.7698669433594,342.9924011230469,0.09072153562074714,0.9996944506998522,-0.00033397126202849847,-0.49738113486333463,0.07300938123130567,0.07300938123130567,-0.0002543648178985336,0.0005007993983329971,0.9996961122935119,-0.0012286777921781677,0.8421060097125181,0.0,0.623015873015873,IVV,VOO
2022-07-21,378.5953979492188,346.4608764648437,0.09072153562074714,0.9996944506998522,-0.00023657198140014657,-0.20173620388317395,-0.49738113486333463,0.49738113486333463,-0.00021477430633343175,0.0004624733695145622,0.9996929063724328,-0.0014434520985115995,0.8461147600428065,0.0,0.6130952380952381,IVV,VOO
2022-07-22,375.2232971191406,343.3043212890625,0.09072153562074714,0.9996944506998522,-3.3530340506793266e-05,0.39678392428881043,-0.20173620388317395,0.20173620388317395,9.73992806283519e-05,0.00045458755576975325,0.999705691233833,-0.0013460528178832476,0.8503371505544628,0.0,0.5873015873015873,IVV,VOO
2022-07-25,375.6104736328125,343.6444702148437,0.09072153562074714,0.9996944506998522,7.778303843686274e-06,0.5143776115800958,0.39678392428881043,0.39678392428881043,0.0002030416408933533,0.0004441661960160812,0.999697637620999,-0.0011430111769898943,0.8450454577232187,0.0,0.5992063492063493,IVV,VOO
2022-07-26,371.152099609375,339.52392578125,0.09072153562074714,0.9996944506998522,0.00012659898450895213,0.8230984764147519,0.5143776115800958,0.5143776115800958,4.130864435047954e-05,0.0004438118734823391,0.9997019639842776,-0.0011017025326394148,0.847956402253984,0.0,0.5892857142857143,IVV,VOO
2022-07-27,380.7489318847656,348.4172668457031,0.09072153562074714,0.9996944506998522,-0.00019365078001509772,-0.10466496286992004,0.8230984764147519,0.8230984764147519,0.00011882068066526585,0.0004437107889049255,0.999692413750064,-0.000982881851974149,0.8479472520853818,0.0,0.6071428571428571,IVV,VOO
2022-07-28,385.5852966308594,352.8213806152344,0.09072153562074714,0.9996944506998522,-0.00012868914180330648,0.06985557940492433,-0.10466496286992004,0.10466496286992004,-0.00032024976452404985,0.0003509725857592815,0.9996923672623853,-0.0013031316164981988,0.8442743397092214,0.0,0.5218253968253969,IVV,VOO
2022-07-29,391.31878662109375,357.9909973144531,0.09072153562074714,0.9996944506998522,8.994936702055867e-05,0.6654965719007592,0.06985557940492433,0.06985557940492433,6.496163821179124e-05,0.00023636714366070968,0.9996949109260922,-0.0012381699782864075,0.8410725978638202,0.0,0.2757936507936508,IVV,VOO
2022-08-01,390.06256103515625,356.91363525390625,0.09072153562074714,0.9996944506998522,-0.00011236677989234778,0.049129088862356514,0.6654965719007592,0.6654965719007592,0.00021863850882386515,0.00021651071913068393,0.999699605278689,-0.0010195314694625424,0.834965961451686,0.0,0.24404761904761907,IVV,VOO
2022-08-02,387.5783081054688,354.6075439453125,0.09072153562074714,0.9996944506998522,-2.1406239366861257e-05,0.2484438498119467,0.049129088862356514,0.049129088862356514,-0.00020231614691290645,0.00022101203606965885,0.9996848238640808,-0.0012218476163754488,0.8336950199543499,0.0,0.3055555555555556,IVV,VOO
2022-08-03,393.6236267089844,360.1457824707031,0.09072153562074714,0.9996944506998522,-3.6627148486623184e-05,0.1708050841792806,0.2484438498119467,0.2484438498119467,9.096054052548652e-05,0.00020640391441235939,0.9996644380530594,-0.0011308870758499623,0.8331744863435288,0.0,0.29563492063492064,IVV,VOO
2022-08-04,393.2457275390625,359.8622436523437,0.09072153562074714,0.9996944506998522,-0.00020978190460230195,-0.4096351110159346,0.1708050841792806,0.1708050841792806,-1.5220909119761927e-05,0.00020614189044185595,0.9996932707018116,-0.0011461079849697242,0.8332193475003682,0.0,0.24206349206349204,IVV,VOO
2022-08-05,392.5561828613281,359.1156921386719,0.09072153562074714,0.9996944506998522,0.00011127709779046313,0.6973542811021842,-0.4096351110159346,0.4096351110159346,-0.00017315475611567877,0.00020666453820052564,0.9996710576471817,-0.001319262741085403,0.8337364346849206,0.0,0.29365079365079366,IVV,VOO
2022-08-08,392.2161865234375,358.7943420410156,0.09072153562074714,0.9996944506998522,0.00013975739114613361,0.7515946973343205,0.6973542811021842,0.6973542811021842,0.0003210590023927651,0.0002139124055881207,0.9996790949963775,-0.000998203738692638,0.8305338668776355,0.0,0.2996031746031746,IVV,VOO
2022-08-09,390.5726013183594,357.376708984375,0.09072153562074714,0.9996944506998522,-0.00010183712927869237,-0.12147081846329885,0.7515946973343205,0.7515946973343205,2.8480293355670483e-05,0.00021268523496914004,0.9996775838463915,-0.0009697234453369674,0.8321039496384768,0.0,0.3015873015873016,IVV,VOO
2022-08-10,398.7526245117188,364.8617858886719,0.09072153562074714,0.9996944506998522,-9.631898354811597e-05,0.07081131287333507,-0.12147081846329885,0.12147081846329885,-0.000241594520424826,0.0002133079691355663,0.9996923201537459,-0.0012113179657617934,0.8302786278250286,0.0,0.2619047619047619,IVV,VOO
2022-08-11,398.8943176269531,364.8617858886719,0.09072153562074714,0.9996944506998522,0.00025895879472503935,1.9489767585523559,0.07081131287333507,0.07081131287333507,5.518145730576407e-06,0.00018514214602701956,0.9997077716637035,-0.001205799820031217,0.8324580477408732,0.0,0.18253968253968253,IVV,VOO
2022-08-12,405.4591064453125,371.10882568359375,0.09072153562074714,0.9996944506998522,-0.00038908365224799013,-1.732950477120585,1.9489767585523559,1.9489767585523559,0.0003552777782731553,0.00019438521173635064,0.9997169920942448,-0.0008505220417580617,0.8370292619628985,1.0,0.17261904761904762,IVV,VOO
2022-08-15,407.2443542480469,372.6966247558594,0.09072153562074714,0.9996944506998522,-0.00026381606840075733,-1.078757459822102,-1.732950477120585,1.732950477120585,-0.0006480424469730295,0.00023985317856107643,0.9997168481808937,-0.0014985644887310912,0.8211942202394632,2.0,0.24007936507936506,IVV,VOO
2022-08-16,408.0945739746094,373.3487854003906,0.09072153562074714,0.9996944506998522,7.396637161249942e-05,0.9406694433858707,-1.078757459822102,1.078757459822102,0.0001252675838472328,0.00023744174082539993,0.9996953108372119,-0.0013732969048838584,0.8200122007761326,3.0,0.2876984126984127,IVV,VOO
2022-08-17,405.0246887207031,370.7970275878906,0.09072153562074714,0.9996944506998522,-0.0006208038242725422,-2.7018406594617277,0.9406694433858707,0.9406694433858707,0.00033778244001325675,0.00024321399293768812,0.9996960155702496,-0.0010355144648706016,0.816447729240938,0.0,0.2916666666666667,IVV,VOO
2022-08-18,406.2147521972656,371.9405517578125,0.09072153562074714,0.9996944506998522,-0.0007651389211185133,-2.8435582903982692,-2.7018406594617277,2.7018406594617277,-0.0006947701958850416,0.00028437567646123155,0.9996812914747517,-0.0017302846607556432,0.8124510093486,1.0,0.42857142857142855,IVV,VOO
2022-08-19,400.8401184082031,366.8086853027344,0.09072153562074714,0.9996944506998522,-0.00019509385394300693,-0.29221240259625625,-2.8435582903982692,2.8435582903982692,-0.00014433509684597112,0.0002845066785701426,0.9996752874197721,-0.0018746197576016144,0.8444683247425508,2.0,0.4384920634920635,IVV,VOO
2022-08-22,392.4334106445313,359.0778503417969,0.09072153562074714,0.9996944506998522,-9.617420827989775e-05,0.12855407872410227,-0.29221240259625625,0.29221240259625625,0.0005700450671755064,0.0003094568213611731,0.9996673641373809,-0.001304574690426108,0.8480548441025688,0.0,0.5416666666666667,IVV,VOO
2022-08-23,391.564453125,358.2272644042969,0.09072153562074714,0.9996944506998522,5.7982369153997126e-05,0.8066189037577104,0.12855407872410227,0.12855407872410227,9.891964566310918e-05,0.0003101704378357255,0.9996888709187205,-0.0012056550447629988,0.8489898322283136,0.0,0.5079365079365079,IVV,VOO
2022-08-24,392.7829284667969,359.3141174316406,0.09072153562074714,0.9996944506998522,0.00013650621675065366,1.0882246347722837,0.8066189037577104,0.8066189037577104,0.00015415657743389488,0.00031097144568273383,0.999681807627939,-0.001051498467329104,0.8488165928348105,0.0,0.5257936507936508,IVV,VOO
2022-08-25,398.318115234375,364.5499572753906,0.09072153562074714,0.9996944506998522,-0.00033183160530381173,-1.0084419548070223,1.0882246347722837,1.0882246347722837,7.852384759665654e-05,0.00030269259269375364,0.9996661567300978,-0.0009729746197324474,0.8558465160616452,1.0,0.5297619047619048,IVV,VOO
2022-08-26,384.7067260742188,352.0558166503906,0.09072153562074714,0.9996944506998522,-0.00023829827640753365,-0.5594806048314122,-1.0084419548070223,1.0084419548070223,-0.0004683378220544654,0.0003202314205120033,0.99966445275289,-0.0014413124417869128,0.8482563852774037,2.0,0.5714285714285714,IVV,VOO
2022-08-29,382.392578125,349.7309875488281,0.09072153562074714,0.9996944506998522,0.0003516371869416446,1.9438248195171748,-0.5594806048314122,0.5594806048314122,9.353332889627808e-05,0.00031690573969158823,0.9996952185979291,-0.0013477791128906347,0.8525578892411321,0.0,0.4861111111111111,IVV,VOO
2022-08-30,378.0097961425781,345.9316101074219,0.09072153562074714,0.9996944506998522,-0.0002562066118247941,-0.6164731410341368,1.9438248195171748,1.9438248195171748,0.0005899354633491782,0.00033987492745962445,0.9996755188901115,-0.0007578436495414564,0.8450594616051946,1.0,0.5853174603174602,IVV,VOO
2022-08-31,375.1665649414063,343.2098083496094,0.09072153562074714,0.9996944506998522,9.051989407549144e-05,0.7917135565478842,-0.6164731410341368,0.6164731410341368,-0.0006078437987664387,0.0003660265026877419,0.9996595730166923,-0.0013656874483078951,0.8338368366945537,0.0,0.6408730158730158,IVV,VOO
2022-09-01,376.451171875,344.2682800292969,0.09072153562074714,0.9996944506998522,0.0004304185765127144,1.9989653640269445,0.7917135565478842,0.7917135565478842,0.00034672650590028553,0.000374262197492579,0.999659734025744,-0.0010189609424076096,0.8280297448726764,0.0,0.6488095238095238,IVV,VOO
2022-09-02,372.4272766113281,340.6579895019531,0.09072153562074714,0.9996944506998522,0.00022286292438078448,1.1179143398565095,1.9989653640269445,1.9989653640269445,0.000339898682437223,0.00037863622911160936,0.9996608496506142,-0.0006790622599703866,0.8314078998471234,1.0,0.6488095238095238,IVV,VOO
2022-09-06,370.94427490234375,339.5144348144531,0.09072153562074714,0.9996944506998522,-0.0004055570950098897,-1.2345639084039535,1.1179143398565095,1.1179143398565095,-0.00020755565213192995,0.0003759773004183802,0.999658711207878,-0.0008866179121023166,0.8371309583413599,2.0,0.6527777777777778,IVV,VOO
2022-09-07,377.6602783203125,345.600830078125,0.09072153562074714,0.9996944506998522,-0.0002248949116010479,-0.5101686691419085,-1.2345639084039535,1.2345639084039535,-0.0006284200193906742,0.0004004393448234964,0.9996283627746,-0.0015150379314929907,0.828463285623338,3.0,0.6865079365079365,IVV,VOO
2022-09-08,380.0405883789063,347.8596496582031,0.09072153562074714,0.9996944506998522,-0.0004545568084282081,-1.313461309559779,-0.5101686691419085,0.5101686691419085,0.00018066218340884177,0.0003997133675159767,0.9996109564571279,-0.001334375748084149,0.833104561519972,0.0,0.7003968253968254,IVV,VOO
2022-09-09,386.1047668457031,353.22772216796875,0.09072153562074714,0.9996944506998522,6.695173898219053e-05,0.5881467441456919,-1.313461309559779,1.313461309559779,-0.0002296618968271602,0.0004026456323041362,0.9995502601965497,-0.0015640376449113091,0.8428850292427256,1.0,0.7579365079365079,IVV,VOO
2022-09-12,390.2703857421875,357.1120300292969,0.09072153562074714,0.9996944506998522,-0.000135248175138436,-0.12886690218575322,0.5881467441456919,0.5881467441456919,0.0005215085474103986,0.0004118733027913643,0.9995452159780688,-0.0010425290975009105,0.8311978758879721,0.0,0.7638888888888888,IVV,VOO
2022-09-13,373.23968505859375,341.5369873046875,0.09072153562074714,0.9996944506998522,-0.0001743081718714734,-0.2656477890533799,-0.12886690218575322,0.12886690218575322,-0.00020219991412062654,0.00038809405150283576,0.9995404635559216,-0.001244729011621537,0.8389441059548095,0.0,0.746031746031746,IVV,VOO
2022-09-14,374.6659851074219,342.8128662109375,0.09072153562074714,0.9996944506998522,-8.778396284903067e-05,0.06289407616956594,-0.2656477890533799,0.2656477890533799,-3.9059996733037394e-05,0.0003873625311845799,0.9995762514248233,-0.0012837890083545744,0.8322618503485558,0.0,0.7242063492063492,IVV,VOO
2022-09-15,370.33984375,338.98516845703125,0.09072153562074714,0.9996944506998522,-0.00047669359276802936,-1.2873907944882195,0.06289407616956594,0.06289407616956594,8.652420902244273e-05,0.00038036012527092514,0.999603448615285,-0.0011972647993321317,0.830132138444258,0.0,0.6765873015873016,IVV,VOO
2022-09-16,367.534423828125,336.320068359375,0.09072153562074714,0.9996944506998522,-0.00019013685277435854,-0.25735702062713345,-1.2873907944882195,1.2873907944882195,-0.0003889096299189987,0.0003579309530949773,0.9996230301018321,-0.0015861744292511304,0.8308208179105933,1.0,0.6309523809523809,IVV,VOO
2022-09-19,370.396484375,338.90008544921875,0.09072153562074714,0.9996944506998522,-7.2814885217376e-05,0.18996577787664012,-0.25735702062713345,0.25735702062713345,0.0002865567399936708,0.0003611149753011535,0.9996285688639239,-0.0012996176892574596,0.831382311824513,0.0,0.625,IVV,VOO
2022-09-20,366.0419921875,335.08203125,0.09072153562074714,0.9996944506998522,-0.0005722689748965948,-1.5076771926502388,0.18996577787664012,0.18996577787664012,0.00011732196755698254,0.00034004980038339534,0.99963534261863,-0.001182295721700477,0.8248727668928663,0.0,0.6031746031746033,IVV,VOO
2022-09-21,359.7983093261719,329.1846008300781,0.09072153562074714,0.9996944506998522,-2.5450415465755327e-05,0.4281890143959675,-1.5076771926502388,1.5076771926502388,-0.0004994540896792188,0.00035649410389125384,0.9995950485376058,-0.0016817498113796958,0.8164232280723029,1.0,0.6607142857142858,IVV,VOO
2022-09-22,356.7567749023437,326.40606689453125,0.09072153562074714,0.9996944506998522,-4.093624302559107e-05,0.36602104656285867,0.4281890143959675,0.4281890143959675,0.0005468185594308395,0.0003760314128247113,0.9995951456123506,-0.0011349312519488564,0.8032073464690449,0.0,0.6924603174603174,IVV,VOO
2022-09-23,350.83428955078125,320.98126220703125,0.09072153562074714,0.9996944506998522,-2.6839455419924718e-05,0.4646912957256633,0.36602104656285867,0.36602104656285867,-1.548582755983574e-05,0.0003755555914231405,0.9996484401606324,-0.0004713548195383055,0.8050328287752164,0.0,0.6428571428571428,IVV,VOO
2022-09-26,347.37451171875,317.87188720703125,0.09072153562074714,0.9996944506998522,-0.00020601673268849652,-0.2162289258362877,0.4646912957256633,0.4646912957256633,1.409678760566635e-05,0.0003604595490197068,0.9997249772749721,-0.00045725803193263914,0.8056692062447048,0.0,0.4424603174603175,IVV,VOO
2022-09-27,346.4819641113281,316.9740600585937,0.09072153562074714,0.9996944506998522,4.889236947924758e-05,0.6863486325462961,-0.2162289258362877,0.2162289258362877,-0.0001791772772685718,0.00036239320139429097,0.9997344100327976,-0.0006364353092012109,0.812245275944216,0.0,0.4444444444444444,IVV,VOO
2022-09-28,353.21356201171875,323.2001647949219,0.09072153562074714,0.9996944506998522,-0.00015495970280809956,-0.037580943234603155,0.6863486325462961,0.6863486325462961,0.0002549091021677441,0.0003419795923344876,0.9997295571264683,-0.00038152620703346685,0.8149229698747658,0.0,0.4166666666666667,IVV,VOO
2022-09-29,345.95037841796875,316.46051025390625,0.09072153562074714,0.9996944506998522,0.0001344584665305959,0.9860985584159061,-0.037580943234603155,0.037580943234603155,-0.00020385207228734714,0.00031742342301238754,0.9997444933155345,-0.000585378279320814,0.8123929701457494,0.0,0.35317460317460314,IVV,VOO
2022-09-30,340.5194702148437,311.6382751464844,0.09072153562074714,0.9996944506998522,-0.0003379549494875178,-1.0011581671510772,0.9860985584159061,0.9860985584159061,0.00028941816933869546,0.0003145721072591597,0.9997509488597317,-0.0002959601099821185,0.812147229817793,0.0,0.3373015873015873,IVV,VOO
2022-10-03,349.5297241210937,319.8778076171875,0.09072153562074714,0.9996944506998522,-0.00030961193354883676,-0.8539520889184006,-1.0011581671510772,1.0011581671510772,-0.0004724134160181137,0.00032072824717783104,0.9997402325695115,-0.0007683735260002322,0.8060901938777539,1.0,0.373015873015873,IVV,VOO
2022-10-04,360.2300720214844,329.5886535644531,0.09072153562074714,0.9996944506998522,-5.246433407979367e-05,0.2357474573129933,-0.8539520889184006,0.8539520889184006,2.834301593868105e-05,0.0003186219992901,0.9997578250099014,-0.0007400305100615512,0.8089766465969477,0.0,0.32539682539682535,IVV,VOO
2022-10-05,359.3850402832031,329.0191345214844,0.09072153562074714,0.9996944506998522,-0.0006720958345010075,-2.1302988930199533,0.2357474573129933,0.2357474573129933,0.0002571475994690431,0.00029236582260922894,0.9997701984288447,-0.0004828829105925081,0.8121736847234217,0.0,0.23809523809523808,IVV,VOO
2022-10-06,355.83416748046875,325.55426025390625,0.09072153562074714,0.9996944506998522,-1.8116524607592055e-05,0.47776340916503335,-2.1302988930199533,2.1302988930199533,-0.0006196315004212138,0.00032070969333795874,0.9997559091489105,-0.001102514411013722,0.8125400582680575,1.0,0.3373015873015873,IVV,VOO
2022-10-07,345.912353515625,316.4130859375,0.09072153562074714,0.9996944506998522,0.00017436209790222534,1.1659013711352497,0.47776340916503335,0.47776340916503335,0.0006539793098934155,0.0003487487581438841,0.999749943916164,-0.0004485351011203065,0.8060774353794273,0.0,0.3968253968253968,IVV,VOO
2022-10-10,343.3393859863281,314.0494384765625,0.09072153562074714,0.9996944506998522,0.0002042360807914534,1.1994234634312895,1.1659013711352497,1.1659013711352497,0.0001924786225098174,0.0003321549290651958,0.9997654163934409,-0.0002560564786104891,0.803931085820722,1.0,0.33531746031746035,IVV,VOO
2022-10-11,340.9847412109375,311.98004150390625,0.09072153562074714,0.9996944506998522,-6.827168668976924e-05,0.21050726620616697,1.1994234634312895,1.1994234634312895,2.9873982889228046e-05,0.00032873697380187816,0.9997610326116231,-0.00022618249572126103,0.8056534544597783,2.0,0.3412698412698413,IVV,VOO
2022-10-12,339.88336181640625,311.0118408203125,0.09072153562074714,0.9996944506998522,-0.00019621383929369074,-0.3227161057600693,0.21050726620616697,0.21050726620616697,-0.00027250776748122263,0.0003346113454496783,0.9997587505072215,-0.0004986902632024837,0.7981418889429102,0.0,0.3611111111111111,IVV,VOO
2022-10-13,348.931640625,319.1564025878906,0.09072153562074714,0.9996944506998522,0.0002349222633348802,1.397983043946756,-0.3227161057600693,0.3227161057600693,-0.0001279421526039215,0.00033527243703017394,0.9997445361740203,-0.0006266324158064052,0.8093335358301353,0.0,0.40079365079365076,IVV,VOO
2022-10-14,340.937255859375,311.9705505371094,0.09072153562074714,0.9996944506998522,-0.00017712796733260205,-0.19339017204498385,1.397983043946756,1.397983043946756,0.00043113610262857094,0.0003360095069310909,0.9997519225331454,-0.00019549631317783422,0.8149446135740922,1.0,0.38492063492063494,IVV,VOO
2022-10-17,349.7101135253906,319.8968505859375,0.09072153562074714,0.9996944506998522,0.00014683463085063408,1.2612825425281882,-0.19339017204498385,0.19339017204498385,-0.00041205023066748225,0.0003443130695382223,0.9997517292511289,-0.0006075465438453165,0.8156868437833441,0.0,0.3968253968253968,IVV,VOO
2022-10-18,353.71685791015625,323.665283203125,0.09072153562074714,0.9996944506998522,-0.0001686978895580893,-0.1874238091735312,1.2612825425281882,1.2612825425281882,0.00032396259818323614,0.00035070024836792043,0.9997614572524116,-0.00028358394566208034,0.8145896467077511,1.0,0.376984126984127,IVV,VOO
2022-10-19,351.39068603515625,321.4250793457031,0.09072153562074714,0.9996944506998522,0.0001765167950971147,1.297027823032909,-0.1874238091735312,0.1874238091735312,-0.00031553252040872337,0.000339425137717729,0.9997604089991818,-0.0005991164660708037,0.7977982945053738,0.0,0.3650793650793651,IVV,VOO
2022-10-20,348.3998718261719,318.7861633300781,0.09072153562074714,0.9996944506998522,-0.00012985693923184272,-0.12218273623963041,1.297027823032909,1.297027823032909,0.000345214684655204,0.00032637823665162614,0.9997551326761756,-0.0002539017814155997,0.8132714978426604,1.0,0.3611111111111111,IVV,VOO
2022-10-21,356.8120422363281,326.4466247558594,0.09072153562074714,0.9996944506998522,-1.024239817581929e-05,0.4487907046982521,-0.12218273623963041,0.12218273623963041,-0.0003063737343289574,0.00033359588686196294,0.9997439756913529,-0.0005602755157445571,0.8061095574237385,0.0,0.41468253968253965,IVV,VOO
2022-10-24,361.1984558105469,330.42388916015625,0.09072153562074714,0.9996944506998522,0.00010196889394542552,0.9233940845946974,0.4487907046982521,0.4487907046982521,0.00011961454105602343,0.0003346800565488529,0.9997519191662537,-0.0004406609746885337,0.808139424235773,0.0,0.38888888888888884,IVV,VOO
2022-10-25,366.9996337890625,335.7967224121094,0.09072153562074714,0.9996944506998522,-8.944014400480427e-05,0.027518139020692396,0.9233940845946974,0.9233940845946974,0.00011221129212124481,0.0003328642890297645,0.9997516738506711,-0.0003284496825672889,0.8102785644706465,0.0,0.39087301587301587,IVV,VOO
2022-10-26,364.2271728515625,333.2906494140625,0.09072153562074714,0.9996944506998522,-0.00018375132400727523,-0.39259330221015637,0.027518139020692396,0.027518139020692396,-0.0001914090379502298,0.0003310149113531891,0.9997566635276733,-0.0005198587205175187,0.8044036625475748,0.0,0.36309523809523814,IVV,VOO
2022-10-27,362.2903747558594,331.506103515625,0.09072153562074714,0.9996944506998522,-0.00014842635498890644,-0.2956812119124031,-0.39259330221015637,0.39259330221015637,-9.431118000247096e-05,0.00032860855956613354,0.9997569678716982,-0.0006141699005199897,0.8264033117002128,0.0,0.3571428571428571,IVV,VOO
2022-10-28,370.7878723144531,339.24249267578125,0.09072153562074714,0.9996944506998522,-2.6229823273382635e-05,0.2730567382121869,-0.2956812119124031,0.2956812119124031,3.532496901836879e-05,0.00032196249330128715,0.9997523378005067,-0.0005788449315016209,0.8119217165871901,0.0,0.3650793650793651,IVV,VOO
2022-10-31,368.1864318847656,336.9357604980469,0.09072153562074714,0.9996944506998522,-0.0002461438499263835,-0.7641004404860541,0.2730567382121869,0.2730567382121869,0.0001221965317155238,0.00030529469877330594,0.9997632550890793,-0.00045664839978609706,0.8200163848555941,0.0,0.28968253968253965,IVV,VOO
2022-11-01,366.7242431640625,335.578369140625,0.09072153562074714,0.9996944506998522,-0.00018983866220345647,-0.6107649504463596,-0.7641004404860541,0.7641004404860541,-0.00021991402665300086,0.00030954104189764837,0.9997659100287521,-0.0006765624264390979,0.8218534026481138,0.0,0.2916666666666667,IVV,VOO
2022-11-02,357.3246765136719,327.0161437988281,0.09072153562074714,0.9996944506998522,-0.00031711485747454304,-1.2071345689587454,-0.6107649504463596,0.6107649504463596,5.630518772292703e-05,0.0003043531126187163,0.9997659355922571,-0.0006202572387161709,0.8348654176195446,0.0,0.28174603174603174,IVV,VOO
2022-11-03,353.73583984375,323.5323486328125,0.09072153562074714,0.9996944506998522,0.0002956399065991988,1.8102595501273793,-1.2071345689587454,1.2071345689587454,-0.00012727619527108658,0.0002719848697429048,0.9997767876514134,-0.0007475334339872575,0.8567528928126421,1.0,0.1865079365079365,IVV,VOO
2022-11-04,358.7394104003906,328.26922607421875,0.09072153562074714,0.9996944506998522,-0.000189067985807867,-0.5366357579118,1.8102595501273793,1.8102595501273793,0.0006127547640737419,0.0002672707681644262,0.9997569719731836,-0.00013477866991351561,0.8590597490205765,2.0,0.21825396825396826,IVV,VOO
2022-11-07,362.2428894042969,331.4206848144531,0.09072153562074714,0.9996944506998522,-2.1881789088240566e-05,0.2508559484703858,-0.5366357579118,0.5366357579118,-0.0004847078924070658,0.00028503377648634703,0.9997570371511686,-0.0006194865623205814,0.8673973612964522,0.0,0.25,IVV,VOO
2022-11-08,364.208251953125,333.2242736816406,0.09072153562074714,0.9996944506998522,-3.658906708992049e-05,0.19372704593413062,0.2508559484703858,0.2508559484703858,0.00016718619671962642,0.0002877491486533552,0.9997678964091956,-0.000452300365600955,0.8793313298752878,0.0,0.21825396825396826,IVV,VOO
2022-11-09,356.7740783691406,326.4181823730469,0.09072153562074714,0.9996944506998522,-2.954106037744708e-05,0.20827265785637006,0.19372704593413062,0.19372704593413062,-1.4707278001679924e-05,0.00028146523291855635,0.9997685163993998,-0.0004670076436026349,0.886707438036704,0.0,0.19444444444444445,IVV,VOO
2022-11-10,376.3137817382813,344.282958984375,0.09072153562074714,0.9996944506998522,2.276639696230376e-05,0.4922148456935843,0.20827265785637006,0.20827265785637006,7.048006712473409e-06,0.0002798924101758826,0.9997772178976565,-0.0004599596368901615,0.8773529633287479,0.0,0.1865079365079365,IVV,VOO
2022-11-11,379.9406127929688,347.57684326171875,0.09072153562074714,0.9996944506998522,9.541512324062751e-05,0.7996893611514616,0.4922148456935843,0.4922148456935843,5.230745733975084e-05,0.0002629440474478035,0.9998276467898233,-0.00040765217955041066,0.8730676758695384,0.0,0.10714285714285715,IVV,VOO
2022-11-14,376.75042724609375,344.7861022949219,0.09072153562074714,0.9996944506998522,-0.0002774940822423133,-1.12045363643025,0.7996893611514616,0.7996893611514616,7.264872627832375e-05,0.0002466597256720527,0.9998292317616313,-0.0003350034532720869,0.8710904048600336,0.0,0.07936507936507936,IVV,VOO
2022-11-15,379.9501037597656,347.6338195800781,0.09072153562074714,0.9996944506998522,-4.346591888637619e-05,0.08287686793616064,-1.12045363643025,1.12045363643025,-0.0003729092054829408,0.0002495637353320526,0.9998338182657057,-0.0007079126587550277,0.8490439516296074,1.0,0.07936507936507936,IVV,VOO
2022-11-16,377.1587219238281,344.9949645996094,0.09072153562074714,0.9996944506998522,0.00020024117266004282,1.4138466559568932,0.08287686793616064,0.08287686793616064,0.00023402816335593712,0.0002458727475931247,0.9998298428264252,-0.0004738844953990906,0.8224789710377768,0.0,0.07738095238095238,IVV,VOO
2022-11-17,375.8864440917969,343.9981994628906,0.09072153562074714,0.9996944506998522,-0.0002862691079910107,-1.4563781000491158,1.4138466559568932,1.4138466559568932,0.000243707091546419,0.00023979617784356457,0.9998291203808924,-0.0002301774038526716,0.8084002702089874,1.0,0.06944444444444445,IVV,VOO
2022-11-18,377.6714172363281,345.5169982910156,0.09072153562074714,0.9996944506998522,4.712273771101394e-05,0.5481233611990305,-1.4563781000491158,1.4563781000491158,-0.0004865102806510535,0.00025413347184480496,0.9998226992088088,-0.0007166876845037251,0.7928920434557767,2.0,0.09523809523809523,IVV,VOO
2022-11-21,376.228271484375,344.30194091796875,0.09072153562074714,0.9996944506998522,-0.00025960700408056425,-1.2268573618313854,0.5481233611990305,0.5481233611990305,0.0003333918457020246,0.00026358846854258216,0.9998248948974342,-0.0003832958388017005,0.7769383234065352,0.0,0.11706349206349206,IVV,VOO
2022-11-22,381.4122619628906,348.8867492675781,0.09072153562074714,0.9996944506998522,0.0002008519916323337,1.4772399124146278,-1.2268573618313854,1.2268573618313854,-0.0003067297417915782,0.0002706193874089203,0.9998106817885432,-0.0006900255805932787,0.7569737197916203,1.0,0.14285714285714285,IVV,VOO
2022-11-23,383.69085693359375,351.07012939453125,0.09072153562074714,0.9996944506998522,-7.954951903244023e-05,-0.1982745808784987,1.4772399124146278,1.4772399124146278,0.00046045899571289794,0.00028656635392667007,0.9998183746301088,-0.00022956658488038073,0.7475811023523515,2.0,0.17261904761904762,IVV,VOO
2022-11-25,383.6624145507813,351.0321655273437,0.09072153562074714,0.9996944506998522,-4.5570285556628676e-05,0.06298273766707999,-0.1982745808784987,0.1982745808784987,-0.0002804015106647739,0.0002928998538714877,0.9998245951739057,-0.0005099680955451547,0.7418148980513131,0.0,0.20634920634920637,IVV,VOO
2022-11-28,377.5859680175781,345.47906494140625,0.09072153562074714,0.9996944506998522,-6.939597294053357e-05,-0.10995328385151844,0.06298273766707999,0.06298273766707999,3.3979233475811554e-05,0.00029289308246246444,0.9998280710104192,-0.0004759888620693431,0.7457578115799194,0.0,0.20039682539682538,IVV,VOO
2022-11-29,376.9403381347656,344.8715209960937,0.09072153562074714,0.9996944506998522,-2.1182644645456605e-05,0.23706167512116894,-0.10995328385151844,0.10995328385151844,-2.3825687383904892e-05,0.00029170178511884283,0.9998340592669187,-0.0003650358795397324,0.7462868256669657,0.0,0.17658730158730157,IVV,VOO
2022-11-30,388.6280822753906,355.484130859375,0.09072153562074714,0.9996944506998522,0.00021529253513197233,1.6275715586822745,0.23706167512116894,0.23706167512116894,4.821332829507696e-05,0.00028751728325152254,0.9998336891307679,-0.0003168225512446554,0.7462541247753567,0.0,0.1626984126984127,IVV,VOO
2022-12-01,388.4666442871094,355.5316467285156,0.09072153562074714,0.9996944506998522,-0.0003338140762672026,-1.6737592836305841,1.6275715586822745,1.6275715586822745,0.00023647517977742893,0.00029158170490398817,0.9998525571907867,-8.034737146722648e-05,0.7498575784174296,1.0,0.1746031746031746,IVV,VOO
2022-12-02,388.04888916015625,355.01904296875,0.09072153562074714,0.9996944506998522,3.260672353633254e-05,0.5467246304803342,-1.6737592836305841,1.6737592836305841,-0.0005491066113991749,0.0003157458847436683,0.9998415514349401,-0.0006294539828664014,0.7416403099057258,2.0,0.25396825396825395,IVV,VOO
2022-12-05,381.0609436035156,348.697021484375,0.09072153562074714,0.9996944506998522,-0.0001768804396720114,-0.7005755693996227,0.5467246304803342,0.5467246304803342,0.00036642079980353515,0.00029574141548915987,0.9998391025378207,-0.00026303318306286627,0.738010265430042,0.0,0.21031746031746032,IVV,VOO
2022-12-06,375.6110229492188,343.65643310546875,0.09072153562074714,0.9996944506998522,-2.555981524743345e-05,0.25207655742503443,-0.7005755693996227,0.7005755693996227,-0.00020948716320834393,0.0002794328831091274,0.9998457966258996,-0.0004725203462712102,0.7326302613441446,0.0,0.13293650793650796,IVV,VOO
2022-12-07,374.8895263671875,342.9919738769531,0.09072153562074714,0.9996944506998522,-1.3489220332729701e-05,0.3107926210838265,0.25207655742503443,0.25207655742503443,0.00015132062442457794,0.00027898101912822627,0.9998469359719534,-0.00032119972184663226,0.7257428885425435,0.0,0.13293650793650796,IVV,VOO
2022-12-08,377.8328247070313,345.6973571777344,0.09072153562074714,0.9996944506998522,-4.729466506248059e-05,0.0740808083552394,0.3107926210838265,0.3107926210838265,1.2070594914703747e-05,0.000278972361727794,0.9998274238045319,-0.0003091291269319285,0.6995504386061632,0.0,0.15674603174603174,IVV,VOO
2022-12-09,375.04144287109375,343.17242431640625,0.09072153562074714,0.9996944506998522,-0.00013414907889774952,-0.4723933906306732,0.0740808083552394,0.0740808083552394,-3.380544472975089e-05,0.00027907128358866165,0.9998280192224813,-0.0003429345716616794,0.6843570149772129,0.0,0.15873015873015872,IVV,VOO
2022-12-12,380.3014221191406,348.0704345703125,0.09072153562074714,0.9996944506998522,-0.0003740405038357153,-1.7939533903780351,-0.4723933906306732,0.4723933906306732,-8.685441383526893e-05,0.0002793929027177971,0.9998312585724672,-0.00042978898549694833,0.6877009489524505,0.0,0.15277777777777776,IVV,VOO
2022-12-13,383.3374938964844,350.6429748535156,0.09072153562074714,0.9996944506998522,0.00021615868669666582,1.5610847489478075,-1.7939533903780351,1.7939533903780351,-0.00023989142493796578,0.0002831686453466353,0.9998331524277722,-0.0006696804104349141,0.6949136628986905,1.0,0.16865079365079363,IVV,VOO
2022-12-14,381.0394287109375,348.5261535644531,0.09072153562074714,0.9996944506998522,0.0002566460950070848,1.644212314381718,1.5610847489478075,1.5610847489478075,0.0005901991905323811,0.00030098157913697614,0.9998228219228651,-7.948121990253298e-05,0.6822550416460982,2.0,0.25595238095238093,IVV,VOO
2022-12-15,371.5992736816406,339.9544372558594,0.09072153562074714,0.9996944506998522,6.390549255197442e-05,0.5248202836435583,1.644212314381718,1.644212314381718,4.048740831041897e-05,0.00029718256681319604,0.9998290322716947,-3.8993811592114014e-05,0.6923469034882421,3.0,0.23809523809523808,IVV,VOO
2022-12-16,367.060302734375,335.90106201171875,0.09072153562074714,0.9996944506998522,-0.00023472248065115053,-1.1375666269802507,0.5248202836435583,0.5248202836435583,-0.00019274060245511038,0.00029560779285050755,0.9998433166441846,-0.0002317344140472244,0.7010690034556377,0.0,0.21031746031746032,IVV,VOO
2022-12-19,364.0089721679688,333.0059509277344,0.09072153562074714,0.9996944506998522,7.129938398442448e-05,0.6485415419899597,-1.1375666269802507,1.1375666269802507,-0.00029862797320312495,0.00028292775360710303,0.9998420334790218,-0.0005303623872503493,0.6997766726599668,1.0,0.15873015873015872,IVV,VOO
2022-12-20,364.4285583496094,333.5133056640625,0.09072153562074714,0.9996944506998522,-0.0002986195247984824,-1.468405379993061,0.6485415419899597,0.6485415419899597,0.000306021864635575,0.00028138631463753863,0.9998362765336759,-0.00022434052261477433,0.6970253086209162,0.0,0.15674603174603174,IVV,VOO
2022-12-21,369.86376953125,338.5016784667969,0.09072153562074714,0.9996944506998522,-0.00033615834512890075,-1.5586278177344564,-1.468405379993061,1.468405379993061,-0.0003699189087829069,0.0002851556726206003,0.9998312468529887,-0.0005942594313976812,0.6739774657395233,1.0,0.19246031746031744,IVV,VOO
2022-12-22,364.8290710449219,333.74224853515625,0.09072153562074714,0.9996944506998522,0.00011377986345806335,0.9008631617500374,-1.5586278177344564,1.5586278177344564,-3.753882033041833e-05,0.0002646997282395872,0.9998353744597398,-0.0006317982517280996,0.682238794762357,2.0,0.11904761904761904,IVV,VOO
2022-12-23,366.72662353515625,335.6116638183594,0.09072153562074714,0.9996944506998522,-0.000282528350076916,-1.1873654169320407,0.9008631617500374,0.9008631617500374,0.0004499382085869641,0.0002772804085712059,0.9998281808939807,-0.00018186004314113546,0.6761003086707189,0.0,0.16865079365079366,IVV,VOO
2022-12-27,365.3153991699219,334.2763366699219,0.09072153562074714,0.9996944506998522,-0.00015261129855215216,-0.4510196318485988,-1.1873654169320407,1.1873654169320407,-0.00039630821353497936,0.00029091712459441337,0.9998217431010871,-0.0005781682566761148,0.6714814274987609,1.0,0.25,IVV,VOO
2022-12-28,360.8813171386719,330.175048828125,0.09072153562074714,0.9996944506998522,-2.3286807887323846e-05,0.20646472069957006,-0.4510196318485988,0.4510196318485988,0.00012991705152476385,0.00029252585024570297,0.9998238592294229,-0.000448251205151351,0.6740185890152416,0.0,0.25396825396825395,IVV,VOO
2022-12-29,367.1270751953125,336.0313720703125,0.09072153562074714,0.9996944506998522,-0.0004405756501171254,-1.8954397940975163,0.20646472069957006,0.20646472069957006,0.00012932449066482832,0.00029378340475982834,0.9998172132822488,-0.00031892671448652266,0.6725262341127669,0.0,0.2757936507936508,IVV,VOO
2022-12-30,366.3642883300781,335.10614013671875,0.09072153562074714,0.9996944506998522,0.00023590851767796295,1.5808915305914228,-1.8954397940975163,1.8954397940975163,-0.00041728884222980156,0.00030190025778378474,0.999802861256819,-0.0007362155567163242,0.6714089295076993,1.0,0.30158730158730157,IVV,VOO
2023-01-03,364.7622985839844,333.81854248046875,0.09072153562074714,0.9996944506998522,-0.00029776628030209196,-1.1482281159779004,1.5808915305914228,1.5808915305914228,0.0006764841677950884,0.0003149815100693975,0.9998001491188839,-5.973138892123586e-05,0.6628104984761874,2.0,0.32936507936507936,IVV,VOO
2023-01-04,367.6039123535156,336.2221374511719,0.09072153562074714,0.9996944506998522,0.0002900490668462652,1.7298311582437609,-1.1482281159779004,1.1482281159779004,-0.0005336747979800549,0.00032753499788584946,0.999805029908845,-0.0005934061869012908,0.6487035900676349,3.0,0.34523809523809523,IVV,VOO
2023-01-05,363.4273071289063,332.54998779296875,0.09072153562074714,0.9996944506998522,-0.00015816637908905307,-0.4759196845464875,1.7298311582437609,1.7298311582437609,0.0005878153471483571,0.00034941248299653833,0.9997829297297283,-5.5908397529336185e-06,0.6406801433541826,4.0,0.4146825396825397,IVV,VOO
2023-01-06,371.7232360839844,340.1136169433594,0.09072153562074714,0.9996944506998522,-7.054419384200372e-05,0.0006658755890243105,-0.4759196845464875,0.4759196845464875,-0.00044821544593531826,0.00036261568865942993,0.9997780117596019,-0.0004538062856882519,0.6383139466442949,0.0,0.45436507936507936,IVV,VOO
2023-01-09,371.46575927734375,339.8656616210937,0.09072153562074714,0.9996944506998522,-3.4361696632956296e-05,0.17668668561636625,0.0006658755890243105,0.0006658755890243105,8.762218524704934e-05,0.00036318391779259116,0.9997868169913324,-0.00036618410044120253,0.6385603724155704,0.0,0.44047619047619047,IVV,VOO
2023-01-10,374.1357421875,342.2882385253906,0.09072153562074714,0.9996944506998522,2.7037906718874183e-05,0.4743404839192884,0.17668668561636625,0.17668668561636625,3.6182497209047426e-05,0.00036320599721720634,0.9997869599337553,-0.0003300016032321551,0.6377786191914105,0.0,0.44047619047619047,IVV,VOO
2023-01-11,378.798583984375,346.6566772460937,0.09072153562074714,0.9996944506998522,-0.00026484526142134257,-0.9536417072042719,0.4743404839192884,0.4743404839192884,6.139960335183048e-05,0.0003628572344081768,0.9997820045455015,-0.0002686019998803246,0.633764680640929,0.0,0.4464285714285714,IVV,VOO
2023-01-12,380.2765808105469,347.95379638671875,0.09072153562074714,0.9996944506998522,-0.00010430956655493873,-0.1408601826666329,-0.9536417072042719,0.9536417072042719,-0.00029188316814021675,0.00036480530571115095,0.9997744055882773,-0.0005604851680205414,0.632339478184869,0.0,0.47420634920634924,IVV,VOO
2023-01-13,381.773681640625,349.30816650390625,0.09072153562074714,0.9996944506998522,-5.880738234154137e-05,0.13634274512374162,-0.1408601826666329,0.1408601826666329,0.00016053569486640384,0.0003416545061390583,0.9997660328919066,-0.00039994947315413754,0.6325676214594633,0.0,0.4365079365079365,IVV,VOO
2023-01-17,381.0680236816406,348.7740783691406,0.09072153562074714,0.9996944506998522,-0.00037919398469909993,-1.4964422021791837,0.13634274512374162,0.13634274512374162,4.5502184213397356e-05,0.0003416977246110597,0.9997687108557545,-0.0003544472889407402,0.6304072384603244,0.0,0.4305555555555556,IVV,VOO
2023-01-18,375.0606384277344,343.1085510253906,0.09072153562074714,0.9996944506998522,0.00010311849639421666,0.9500582971818912,-1.4964422021791837,1.4964422021791837,-0.00032038660235755856,0.0003461072104640794,0.9997691273797962,-0.0006748338912982987,0.6315111044493289,1.0,0.4365079365079365,IVV,VOO
2023-01-19,372.39068603515625,340.6381530761719,0.09072153562074714,0.9996944506998522,0.00018282282349701973,1.2620335228066013,0.9500582971818912,0.9500582971818912,0.0004823124810933166,0.00035660627565930304,0.9997656434597157,-0.00019252141020498215,0.6260912524467219,0.0,0.47817460317460314,IVV,VOO
2023-01-20,379.2277221679688,346.9045715332031,0.09072153562074714,0.9996944506998522,0.00015277998925000702,1.0636679236872453,1.2620335228066013,1.2620335228066013,7.970432710280306e-05,0.0003507954580183704,0.9997561759765274,-0.00011281708310217908,0.6324205199185836,1.0,0.5079365079365079,IVV,VOO
2023-01-23,383.7284240722656,351.1299133300781,0.09072153562074714,0.9996944506998522,-0.00015186845154602224,-0.3918021971547818,1.0636679236872453,1.0636679236872453,-3.0042834247012706e-05,0.00034026794133114406,0.99976032093799,-0.0001428599173491918,0.6399292985596254,2.0,0.46825396825396826,IVV,VOO
2023-01-24,383.4710083007813,350.7579040527344,0.09072153562074714,0.9996944506998522,0.0002367795390041394,1.3964256862163653,-0.3918021971547818,0.3918021971547818,-0.00030464844079602926,0.00034752963076712404,0.9997554853072017,-0.00044750835814522105,0.638901135874975,0.0,0.5079365079365079,IVV,VOO
2023-01-25,383.5377807617188,350.88189697265625,0.09072153562074714,0.9996944506998522,5.756132798939717e-05,0.5261285605252001,1.3964256862163653,1.3964256862163653,0.00038864799055016164,0.0003438808984568292,0.9997477056310055,-5.8860367595059415e-05,0.6363510131766804,1.0,0.5376984126984127,IVV,VOO
2023-01-26,387.7524108886719,354.63037109375,0.09072153562074714,0.9996944506998522,0.00036334837317042457,1.802894879793004,0.5261285605252001,0.5261285605252001,-0.00017921821101474222,0.0003342988042205968,0.9997453457364942,-0.00023807857860980164,0.6423547356070978,0.0,0.5218253968253969,IVV,VOO
2023-01-27,388.7155151367188,355.641357421875,0.09072153562074714,0.9996944506998522,-1.8101933036973605e-06,0.16855854238621026,1.802894879793004,1.802894879793004,0.0003057870451810274,0.00033942697425987176,0.9997323095152421,0.0,0.6512801568316685,1.0,0.5674603174603174,IVV,VOO
2023-01-30,383.7760925292969,351.1966857910156,0.09072153562074714,0.9996944506998522,-0.000217740073757966,-0.7856372961016779,0.16855854238621026,0.16855854238621026,-0.0003651585664741219,0.00034886365737788285,0.9997267335209753,-0.0003651585664741219,0.6515399713889954,0.0,0.6031746031746033,IVV,VOO
2023-01-31,389.3449401855469,356.1850280761719,0.09072153562074714,0.9996944506998522,8.905289401806016e-05,0.6775462800062922,-0.7856372961016779,0.7856372961016779,-0.00021592988045426864,0.00033942252737179183,0.9997288212821639,-0.0005810884469283906,0.650694341973254,0.0,0.5714285714285714,IVV,VOO
2023-02-01,393.5024108886719,360.0860900878906,0.09072153562074714,0.9996944506998522,-0.0001789149666864276,-0.6152044607153585,0.6775462800062922,0.6775462800062922,0.00030679296777602616,0.0003116126275957895,0.9997104812683099,-0.0002742954791523644,0.6483840467723638,0.0,0.5535714285714286,IVV,VOO
2023-02-02,399.2141418457031,365.2461242675781,0.09072153562074714,0.9996944506998522,7.909730615374144e-06,0.29446961914197173,-0.6152044607153585,0.6152044607153585,-0.00026796786070448775,0.00029405940087736944,0.9997241446907765,-0.0005422633398568522,0.6475005714361421,0.0,0.4900793650793651,IVV,VOO
2023-02-03,395.1043395996094,361.3450622558594,0.09072153562074714,0.9996944506998522,0.0003946268203760539,1.958168726027443,0.29446961914197173,0.29446961914197173,0.00018682469730180173,0.00026603771927594057,0.9997350894072338,-0.0003554386425550504,0.6568074761478502,0.0,0.3650793650793651,IVV,VOO
2023-02-06,392.6727294921875,359.2562255859375,0.09072153562074714,0.9996944506998522,1.698876751721201e-05,0.16802420314243854,1.958168726027443,1.958168726027443,0.00038671708976067976,0.0002600841688062303,0.9997304696397101,0.0,0.654425189840996,1.0,0.34523809523809523,IVV,VOO
2023-02-07,397.7457275390625,363.89166259765625,0.09072153562074714,0.9996944506998522,3.697713878292319e-05,0.2772765260500661,0.16802420314243854,0.16802420314243854,-0.0003776380528588419,0.00027410803198690023,0.9997248044025491,-0.0003776380528588419,0.6629317116796755,0.0,0.4087301587301587,IVV,VOO
2023-02-08,393.406982421875,359.90478515625,0.09072153562074714,0.9996944506998522,8.202244116972679e-05,0.4461211190126498,0.2772765260500661,0.2772765260500661,1.998837126571118e-05,0.0002740367918154873,0.9997148337610617,-0.0003576496815931307,0.6726720672185786,0.0,0.42658730158730157,IVV,VOO
2023-02-09,390.069580078125,356.8240661621094,0.09072153562074714,0.9996944506998522,0.00015653704844442728,0.761210267820106,0.4461211190126498,0.4461211190126498,4.50453023868036e-05,0.00027388736095942224,0.9996159704696279,-0.0003126043792063271,0.6314145576742433,0.0,0.5892857142857143,IVV,VOO
2023-02-10,390.9182434082031,357.6920166015625,0.09072153562074714,0.9996944506998522,-9.889119447148431e-05,-0.4804277443518583,0.761210267820106,0.761210267820106,7.45146072747005e-05,0.0002656986436847315,0.999615804100796,-0.00023808977193162661,0.6193767871298234,0.0,0.5694444444444444,IVV,VOO
2023-02-13,395.5143737792969,361.8219909667969,0.09072153562074714,0.9996944506998522,0.0001132784932602604,0.5087770555426403,-0.4804277443518583,0.4804277443518583,-0.0002554282429159116,0.00027020954347381753,0.9996162784211521,-0.0004935180148475382,0.6182132296207467,0.0,0.5833333333333334,IVV,VOO
2023-02-14,395.3045654296875,361.68841552734375,0.09072153562074714,0.9996944506998522,-4.820204684996554e-05,-0.306721760024699,0.5087770555426403,0.5087770555426403,0.00021216968773174472,0.0002740191841659352,0.999620155114248,-0.0002813483271157935,0.617938897139304,0.0,0.5892857142857143,IVV,VOO
2023-02-15,396.5632629394531,362.89984130859375,0.09072153562074714,0.9996944506998522,-0.00021188442172448418,-1.2408148495295814,-0.306721760024699,0.306721760024699,-0.00016148054011022595,0.0002665672100959146,0.9996194671966795,-0.00044282886722601944,0.615955500787791,0.0,0.5694444444444444,IVV,VOO
2023-02-16,391.2234191894531,357.8541259765625,0.09072153562074714,0.9996944506998522,0.00022849993963891535,1.2415913265889997,-1.2408148495295814,1.2408148495295814,-0.00016368237487451864,0.00024656080199592274,0.9996328172752881,-0.0006065112421005381,0.6209724821440387,1.0,0.5119047619047619,IVV,VOO
2023-02-17,390.1363525390625,356.9289245605469,0.09072153562074714,0.9996944506998522,3.397041932196032e-05,0.10668779313931057,1.2415913265889997,1.2415913265889997,0.00044038436136339953,0.00026535704339306727,0.9996361903013343,-0.00016612688073713855,0.6103176295636236,2.0,0.5456349206349207,IVV,VOO
2023-02-21,382.4030151367188,349.84234619140625,0.09072153562074714,0.9996944506998522,6.066645835822726e-05,0.23568386216022114,0.10668779313931057,0.10668779313931057,-0.00019452952031695503,0.00026875871206371926,0.9996396281087481,-0.0003606564010540936,0.6215382717608006,0.0,0.5575396825396826,IVV,VOO
2023-02-22,381.7546081542969,349.4035339355469,0.09072153562074714,0.9996944506998522,-0.00038166619228885423,-2.0765601820097026,0.23568386216022114,0.23568386216022114,2.669603903626694e-05,0.00025990134123573513,0.9996647796119849,-0.00033396036201782664,0.6298792892905697,0.0,0.5,IVV,VOO
2023-02-23,383.76654052734375,351.1585693359375,0.09072153562074714,0.9996944506998522,-0.0001341241036483254,-0.7229577121359391,-2.0765601820097026,2.0765601820097026,-0.0004423326506470815,0.00026255664675086304,0.9996555366691692,-0.0007762930126649081,0.6286175804630536,1.0,0.5297619047619048,IVV,VOO
2023-02-24,379.61859130859375,347.4006042480469,0.09072153562074714,0.9996944506998522,-0.0002454775438822665,-1.320363685805764,-0.7229577121359391,0.7229577121359391,0.00024754208864052885,0.0002669423499974254,0.9996526858950172,-0.0005287509240243793,0.6243035114367464,0.0,0.5496031746031745,IVV,VOO
2023-02-27,380.9440612792969,348.60235595703125,0.09072153562074714,0.9996944506998522,-0.00021221867223264468,-1.1071134406509746,-1.320363685805764,1.320363685805764,-0.00011135344023394111,0.00025762006438413373,0.9996455814856698,-0.0006401043642583204,0.6069785735092241,1.0,0.5138888888888888,IVV,VOO
2023-02-28,379.4851379394531,347.2861022949219,0.09072153562074714,0.9996944506998522,-0.00026753537405710404,-1.3201980340811612,-1.1071134406509746,1.1071134406509746,3.3258871649621824e-05,0.00024611452504912903,0.999646019358419,-0.0006068454926086986,0.6202946154103026,2.0,0.496031746031746,IVV,VOO
2023-03-01,378.1310729980469,346.0175476074219,0.09072153562074714,0.9996944506998522,-0.0001837447716432905,-0.9749080624059318,-1.3201980340811612,1.3201980340811612,-5.531670182445936e-05,0.0002418647370778318,0.9996022694085758,-0.0006621621944331579,0.6160887759248493,3.0,0.5178571428571428,IVV,VOO
2023-03-02,381.1061706542969,348.60235595703125,0.09072153562074714,0.9996944506998522,0.00021323721151933483,1.1006077798501823,-0.9749080624059318,0.9749080624059318,8.379060241381353e-05,0.0002323007760520509,0.9996246647628749,-0.0005783715920193444,0.6118888342509458,0.0,0.49206349206349204,IVV,VOO
2023-03-03,387.2184753417969,354.1248474121094,0.09072153562074714,0.9996944506998522,0.0004114739272527146,1.9821269257602427,1.1006077798501823,1.1006077798501823,0.00039698198316262534,0.00024094529394126285,0.9996259643376024,-0.00018138960885671906,0.6117696626228757,1.0,0.5,IVV,VOO
2023-03-06,387.6571350097656,354.5540771484375,0.09072153562074714,0.9996944506998522,0.00033269892543952295,1.5128376221546702,1.9821269257602427,1.9821269257602427,0.00019823671573337975,0.00024135378440112322,0.9996225972147638,0.0,0.6294493943217757,2.0,0.5059523809523809,IVV,VOO
2023-03-07,381.5447998046875,349.0697631835937,0.09072153562074714,0.9996944506998522,2.401635464455154e-05,0.006949629496209297,1.5128376221546702,1.5128376221546702,-7.877500181319164e-05,0.0002268964332161691,0.9996104783529993,-7.877500181319164e-05,0.6533453651950253,3.0,0.5059523809523809,IVV,VOO
2023-03-08,382.2122802734375,349.6134033203125,0.09072153562074714,0.9996944506998522,0.00021619378730353134,0.9439904745196721,0.006949629496209297,0.006949629496209297,-0.0003086825707949714,0.00022164200217123634,0.999617919396772,-0.00038745757260816305,0.6575117111999318,0.0,0.496031746031746,IVV,VOO
2023-03-09,375.1369934082031,343.2134094238281,0.09072153562074714,0.9996944506998522,1.2052966704700907e-06,-0.09142734024126957,0.9439904745196721,0.9439904745196721,0.0001921774326589798,0.0002255474132151288,0.9996121328300598,-0.00019528013994918325,0.6581503224891087,0.0,0.503968253968254,IVV,VOO
2023-03-10,369.86376953125,338.2918395996094,0.09072153562074714,0.9996944506998522,0.00028374935844777127,1.3201784135550954,-0.09142734024126957,0.09142734024126957,-0.00021498849063306125,0.00023053232352659157,0.9996259065944867,-0.0004102686305822445,0.651048041122294,0.0,0.4880952380952381,IVV,VOO
2023-03-13,369.0914916992188,337.7195739746094,0.09072153562074714,0.9996944506998522,-0.00011389166452246968,-0.6277572493717553,1.3201784135550954,1.3201784135550954,0.0002825440617773012,0.00023840083744726295,0.999624429929223,-0.00012772456880494332,0.6522433305054021,1.0,0.498015873015873,IVV,VOO
2023-03-14,375.299072265625,343.327880859375,0.09072153562074714,0.9996944506998522,9.97934930913047e-05,0.3797439008713339,-0.6277572493717553,0.6277572493717553,-0.00039764102297024095,0.00024802942160826076,0.999634043845244,-0.0005253655917751843,0.6480799654292009,0.0,0.5059523809523809,IVV,VOO
2023-03-15,372.9915161132813,341.2104797363281,0.09072153562074714,0.9996944506998522,0.00011672541297436112,0.45934413915964467,0.3797439008713339,0.3797439008713339,0.00021368515761377438,0.0002480946803442604,0.9996443147660462,-0.0003116804341614099,0.6450449239298135,0.0,0.5,IVV,VOO
2023-03-16,379.408935546875,347.0476379394531,0.09072153562074714,0.9996944506998522,0.00021831677201511468,0.9060782258233255,0.45934413915964467,0.45934413915964467,1.6931919883056423e-05,0.00024534457119430246,0.9996152050859872,-0.00029474851427835347,0.6479015259311999,0.0,0.5277777777777778,IVV,VOO
2023-03-17,374.9080810546875,343.2515869140625,0.09072153562074714,0.9996944506998522,-0.0007203862356410795,-3.0495212630722195,0.9060782258233255,0.9060782258233255,0.00010159135904075356,0.00024284917713191496,0.999628593333758,-0.0001931571552375999,0.6530862762637925,0.0,0.49603174603174605,IVV,VOO
2023-03-20,378.626953125,346.3514404296875,0.09072153562074714,0.9996944506998522,0.00016259430916409912,0.6731909112611056,-3.0495212630722195,3.0495212630722195,-0.0009387030076561942,0.00030257014163621415,0.9995754912441823,-0.001131860162893794,0.6321885876196117,1.0,0.7182539682539683,IVV,VOO
2023-03-21,383.54730224609375,350.88189697265625,0.09072153562074714,0.9996944506998522,8.238643432090242e-05,0.3176420213168416,0.6731909112611056,0.6731909112611056,0.0008829805448051786,0.00036173047727934457,0.9995353891516061,-0.0002488796180886155,0.623532366997641,0.0,0.8571428571428572,IVV,VOO
2023-03-22,377.1203308105469,345.06378173828125,0.09072153562074714,0.9996944506998522,-0.00010094638874758033,-0.44974947547178895,0.3176420213168416,0.3176420213168416,-8.020787484319669e-05,0.00036218110151729337,0.9995314006150728,-0.00032908749293181216,0.6275405664832158,0.0,0.8571428571428572,IVV,VOO
2023-03-23,378.0759887695313,345.88409423828125,0.09072153562074714,0.9996944506998522,5.6210003638312855e-05,0.2280157392741304,-0.44974947547178895,0.44974947547178895,-0.00018333282306848275,0.00035053809804172243,0.9995547767900601,-0.0005124203160002949,0.628898833697586,0.0,0.8194444444444444,IVV,VOO
2023-03-24,380.5751953125,348.1893310546875,0.09072153562074714,0.9996944506998522,4.16050531448775e-06,0.02661147744710695,0.2280157392741304,0.2280157392741304,0.00015715639238589318,0.0003480724806975252,0.999564713344731,-0.00035526392361440173,0.6336278691062412,0.0,0.8075396825396826,IVV,VOO
2023-03-27,381.2359008789063,348.76397705078125,0.09072153562074714,0.9996944506998522,9.020683864680024e-05,0.3717070009318271,0.02661147744710695,0.02661147744710695,-5.2049498323825105e-05,0.0003472818735438045,0.9995667770191435,-0.00040731342193822684,0.6237671914467334,0.0,0.7996031746031746,IVV,VOO
2023-03-28,380.52734375,348.1510314941406,0.09072153562074714,0.9996944506998522,-1.161343984446006e-05,-0.05108644936491987,0.3717070009318271,0.3717070009318271,8.604633333231249e-05,0.0003476301706610945,0.9995579579638466,-0.00032126708860591435,0.6226055745017219,0.0,0.8035714285714286,IVV,VOO
2023-03-29,386.0331115722656,353.1024475097656,0.09072153562074714,0.9996944506998522,0.0002359609108886218,0.9679224373297817,-0.05108644936491987,0.05108644936491987,-0.0001018202784912603,0.0003482485032523121,0.9995594387977169,-0.00042308736709717465,0.6213543770261364,0.0,0.8055555555555556,IVV,VOO
2023-03-30,388.1780395507813,355.2094116210937,0.09072153562074714,0.9996944506998522,-0.000170542201257895,-0.7803045853421359,0.9679224373297817,0.9679224373297817,0.00024757435073308187,0.0003517299925554138,0.9996057535779946,-0.00017551301636409278,0.616431294023424,0.0,0.8075396825396826,IVV,VOO
2023-03-31,393.62646484375,360.1704406738281,0.09072153562074714,0.9996944506998522,-9.786091862107327e-05,-0.42629324098190186,-0.7803045853421359,0.7803045853421359,-0.0004065031121465168,0.00035237573338721824,0.9996100124905619,-0.0005820161285106096,0.6128941135423395,0.0,0.8055555555555556,IVV,VOO
2023-04-03,395.0244445800781,361.5973510742188,0.09072153562074714,0.9996944506998522,-0.00050534282656578,-1.9740615619262298,-0.42629324098190186,0.42629324098190186,7.268128263682172e-05,0.0003495533690015799,0.9996399057161793,-0.0005093348458737879,0.6086871607721092,0.0,0.7400793650793651,IVV,VOO
2023-04-04,393.0040588378906,359.5574645996094,0.09072153562074714,0.9996944506998522,2.2512879165326183e-05,0.1688450747040563,-1.9740615619262298,1.9740615619262298,-0.00040748190794470673,0.0003592660963933656,0.9996293705128318,-0.0009168167538184946,0.6129500462975372,1.0,0.7757936507936507,IVV,VOO
2023-04-05,392.0752258300781,358.6859130859375,0.09072153562074714,0.9996944506998522,8.245435043718885e-05,0.3621158349499754,0.1688450747040563,0.1688450747040563,0.0005278557057311062,0.00037415938200171546,0.9995788558380541,-0.0003889610480873884,0.612739205814616,0.0,0.8531746031746031,IVV,VOO
2023-04-06,393.5594177246094,360.05548095703125,0.09072153562074714,0.9996944506998522,5.0927574911874274e-05,0.20452190036320614,0.3621158349499754,0.3621158349499754,5.994147127186267e-05,0.00037186499420664823,0.9995791381403638,-0.00032901957681552574,0.6179629470096052,0.0,0.8492063492063492,IVV,VOO
2023-04-10,394.0094604492188,360.4480590820313,0.09072153562074714,0.9996944506998522,0.00010439357340352728,0.3875151076810386,0.20452190036320614,0.20452190036320614,-3.1526775525314576e-05,0.0003688642068158378,0.9995769545820165,-0.0003605463523408403,0.6227046607905146,0.0,0.8472222222222222,IVV,VOO
2023-04-11,393.9999084472656,360.4959716796875,0.09072153562074714,0.9996944506998522,-5.2725461219260694e-05,-0.3148071514045479,0.3875151076810386,0.3875151076810386,5.346599849165301e-05,0.000363507820955263,0.9995771323961029,-0.0003070803538491873,0.6267860108114404,0.0,0.8353174603174602,IVV,VOO
2023-04-12,392.5252685546875,359.0594482421875,0.09072153562074714,0.9996944506998522,0.00018910487558709832,0.6863719410097429,-0.3148071514045479,0.3148071514045479,-0.00015711903462278798,0.000354312579896972,0.9995760211943473,-0.0004641993884719753,0.6291613263555831,0.0,0.8095238095238095,IVV,VOO
2023-04-13,397.6385498046875,363.7139587402344,0.09072153562074714,0.9996944506998522,0.00025579066894376723,0.9192950263576867,0.6863719410097429,0.6863719410097429,0.00024183033680635901,0.00035520113244115497,0.9995709763386885,-0.00022236905166561627,0.631734209242339,0.0,0.8134920634920635,IVV,VOO
2023-04-14,396.6618957519531,362.9669189453125,0.09072153562074714,0.9996944506998522,-0.00014796068758737846,-0.8230092362256669,0.9192950263576867,0.9192950263576867,6.668579335666891e-05,0.00035545386928232574,0.9995894815465161,-0.00015568325830894736,0.6418752588817767,0.0,0.7976190476190477,IVV,VOO
2023-04-17,398.1268615722656,364.202392578125,0.09072153562074714,0.9996944506998522,0.00014147094677952055,0.5258792577884404,-0.8230092362256669,0.8230092362256669,-0.0004037513565311457,0.00036564343395067116,0.9995848583565825,-0.000559434614840093,0.6384833648688147,0.0,0.8313492063492063,IVV,VOO
2023-04-18,398.3567199707031,364.4513854980469,0.09072153562074714,0.9996944506998522,3.54300472427127e-05,0.08196640998454878,0.5258792577884404,0.5258792577884404,0.000289431634366899,0.0003038155541558422,0.9995755069121814,-0.00027000298047319404,0.6359388291982071,0.0,0.6726190476190476,IVV,VOO
2023-04-19,398.3280029296875,364.4321899414063,0.09072153562074714,0.9996944506998522,1.5993716179885098e-05,-0.010355013567787237,0.08196640998454878,0.08196640998454878,-0.00010604089953680784,0.00023600838983811077,0.9995535479654757,-0.0003760438800100019,0.638257962221856,0.0,0.5218253968253967,IVV,VOO
2023-04-20,396.096923828125,362.3731689453125,0.09072153562074714,0.9996944506998522,6.337110595566742e-05,0.24599757698410385,-0.010355013567787237,0.010355013567787237,-1.9436331062827605e-05,0.00023542852493721616,0.9995572354556528,-0.0003954802110728295,0.637269806701426,0.0,0.5178571428571428,IVV,VOO
2023-04-21,396.3171691894531,362.5838623046875,0.09072153562074714,0.9996944506998522,3.817571044795187e-05,0.11678426108056136,0.24599757698410385,0.24599757698410385,4.737738977578232e-05,0.00023195213814791672,0.9995742030361311,-0.00034810282129704717,0.6349443951426168,0.0,0.503968253968254,IVV,VOO
2023-04-24,396.8150634765625,363.062744140625,0.09072153562074714,0.9996944506998522,-2.578327041646844e-05,-0.14989124740307544,0.11678426108056136,0.11678426108056136,-2.5195395507715546e-05,0.00022948924966995516,0.999576993644854,-0.0003732982168047627,0.6353451796932517,0.0,0.4900793650793651,IVV,VOO
2023-04-25,390.514404296875,357.32598876953125,0.09072153562074714,0.9996944506998522,-0.00010896221766110159,-0.5701146425349125,-0.14989124740307544,0.14989124740307544,-6.395898086442031e-05,0.0002296365982961259,0.9995731208025133,-0.00043725719766918303,0.6351658775047758,0.0,0.503968253968254,IVV,VOO
2023-04-26,388.9249572753906,355.7361145019531,0.09072153562074714,0.9996944506998522,0.00027052730938326164,1.2816669954086624,-0.5701146425349125,0.5701146425349125,-8.317894724463315e-05,0.00022937257106733994,0.99960564767753,-0.0005204361449138162,0.6299495972069703,0.0,0.46825396825396826,IVV,VOO
2023-04-27,396.6427612304688,362.7945556640625,0.09072153562074714,0.9996944506998522,0.0002786401878172029,1.2648289824324617,1.2816669954086624,1.2816669954086624,0.00037948952704436323,0.00024329855165166367,0.999581134731527,-0.00014094661786945295,0.6204442775716144,1.0,0.5158730158730158,IVV,VOO
2023-04-28,399.9270629882813,365.89752197265625,0.09072153562074714,0.9996944506998522,1.0812666103809931e-05,0.012267210826580508,1.2648289824324617,1.2648289824324617,8.112878433941262e-06,0.00023733368476222495,0.9995973222074265,-0.0001328337394355117,0.6416014508102366,2.0,0.4880952380952381,IVV,VOO
2023-05-01,399.6397705078125,365.6485595703125,0.09072153562074714,0.9996944506998522,-2.7368396567695186e-05,-0.3812420542394382,0.012267210826580508,0.012267210826580508,-0.00026782752171339297,0.00022709898241700757,0.9995949663039262,-0.00040066126114890466,0.6492554878061011,0.0,0.47420634920634924,IVV,VOO
2023-05-02,395.1680908203125,361.5494995117188,0.09072153562074714,0.9996944506998522,-9.467913240968073e-06,-0.2306020292339799,-0.3812420542394382,0.3812420542394382,-3.818106267150512e-05,0.00022683145732132424,0.9995806248052145,-0.0004388423238204098,0.6486848774225955,0.0,0.4781746031746032,IVV,VOO
2023-05-03,392.32421875,359.0307006835937,0.09072153562074714,0.9996944506998522,-0.00024317992108802144,-1.6189199516378663,-0.2306020292339799,0.2306020292339799,1.7900483326727112e-05,0.00020631080751034523,0.9996004564505899,-0.00042094184049368266,0.6486467234787463,0.0,0.4444444444444444,IVV,VOO
2023-05-04,389.5856323242188,356.4065246582031,0.09072153562074714,0.9996944506998522,8.558458683793901e-05,0.4076424766803566,-1.6189199516378663,1.6189199516378663,-0.00023371200784705337,0.00017833081698466374,0.9996088065011614,-0.000654653848340736,0.6485424973746089,1.0,0.42857142857142855,IVV,VOO
2023-05-05,396.7097778320313,362.9478149414063,0.09072153562074714,0.9996944506998522,2.5362814641383125e-05,0.03387749355569806,0.4076424766803566,0.4076424766803566,0.00032876450792596046,0.00019288077544279045,0.9995868495070118,-0.0003258893404147756,0.6462131865106082,0.0,0.4523809523809524,IVV,VOO
2023-05-08,396.9203796386719,363.1488952636719,0.09072153562074714,0.9996944506998522,2.395897671370051e-06,-0.1108977443738084,0.03387749355569806,0.03387749355569806,-6.022177219655589e-05,0.00019321754669935197,0.9996016070171908,-0.00038611111261133146,0.6462785649684109,0.0,0.44047619047619047,IVV,VOO
2023-05-09,395.3021240234375,361.5783081054688,0.09072153562074714,0.9996944506998522,0.00025000141422459876,1.3776788151032633,-0.1108977443738084,0.1108977443738084,-2.2966916970013074e-05,0.00019285250515437563,0.9995973757586534,-0.00040907802958134454,0.6498962855094231,0.0,0.44047619047619047,IVV,VOO
2023-05-10,396.9682922363281,363.1585083007813,0.09072153562074714,0.9996944506998522,9.663656651159869e-05,0.4145132637481061,1.3776788151032633,1.3776788151032633,0.0002476055165532287,0.0001970281545756979,0.9995983882251283,-0.00016147251302811583,0.6485544969711253,1.0,0.44642857142857145,IVV,VOO
2023-05-11,396.3746032714844,362.6509094238281,0.09072153562074714,0.9996944506998522,-1.756500450866838e-06,-0.14289725261851435,0.4145132637481061,0.4145132637481061,-0.00015336484771300007,0.00019307969821694002,0.9995886948338916,-0.0003148373607411159,0.6535495488598094,0.0,0.45436507936507936,IVV,VOO
2023-05-12,395.8575134277344,362.1624145507813,0.09072153562074714,0.9996944506998522,4.0350942361655484e-05,0.07982555527166811,-0.14289725261851435,0.14289725261851435,-9.839306696246553e-05,0.0001933831158668679,0.9995904643388921,-0.0004132304277035814,0.6610358895422549,0.0,0.45436507936507936,IVV,VOO
2023-05-15,397.1693115234375,363.41705322265625,0.09072153562074714,0.9996944506998522,-0.00010856867897857114,-0.8774270434044222,0.07982555527166811,0.07982555527166811,4.210744281252232e-05,0.00017149955285823562,0.9995927688525452,-0.0003711229848910591,0.6625799140743024,0.0,0.44047619047619047,IVV,VOO
2023-05-16,394.5169372558594,361.0132141113281,0.09072153562074714,0.9996944506998522,-0.00017467090797040896,-1.6934487938931304,-0.8774270434044222,0.8774270434044222,-0.00014891962134022663,0.00016206409041418738,0.9996025428342076,-0.0005200426062312857,0.6637707813936827,0.0,0.42063492063492064,IVV,VOO
2023-05-17,399.3047180175781,365.3229370117188,0.09072153562074714,0.9996944506998522,2.4552475135664054e-05,-0.11245875153272658,-1.6934487938931304,1.6934487938931304,-6.610222899183782e-05,0.0001611426527167871,0.9996083648507765,-0.0005861448352231236,0.673265421309968,1.0,0.4126984126984127,IVV,VOO
2023-05-18,403.1731262207031,368.895263671875,0.09072153562074714,0.9996944506998522,-6.22847474289756e-05,-0.7575425610768721,-0.11245875153272658,0.11245875153272658,0.00019922338310607302,0.00016745965691091638,0.9995868841952963,-0.00038692145211705053,0.6745619108469346,0.0,0.45039682539682535,IVV,VOO
2023-05-19,402.5890502929688,368.3110656738281,0.09072153562074714,0.9996944506998522,7.238023384914527e-05,0.2971491015419224,-0.7575425610768721,0.7575425610768721,-8.683722256463966e-05,0.00016813164677693235,0.9996091744309782,-0.0004737586746816902,0.6738968367600207,0.0,0.4126984126984127,IVV,VOO
2023-05-22,402.7039184570313,368.51214599609375,0.09072153562074714,0.9996944506998522,-0.00018797353097088632,-1.6064942802457054,0.2971491015419224,0.2971491015419224,0.00013466498127812088,0.0001708209346640138,0.9996105787698807,-0.0003390936934035693,0.672937755815591,0.0,0.4087301587301588,IVV,VOO
2023-05-23,398.2992248535156,364.3940124511719,0.09072153562074714,0.9996944506998522,4.847623112969046e-05,0.15362243302466777,-1.6064942802457054,1.6064942802457054,-0.0002603537648200316,0.00017972651160201908,0.999592503902058,-0.0005994474582236009,0.6707803731561189,1.0,0.4523809523809524,IVV,VOO
2023-05-24,395.3117065429688,361.6644592285156,0.09072153562074714,0.9996944506998522,3.607921509818368e-05,0.10085405479699354,0.15362243302466777,0.15362243302466777,0.00023644976210057678,0.00018642667096721444,0.9995939890728129,-0.00036299769612302413,0.6699373434387373,0.0,0.4523809523809524,IVV,VOO
2023-05-25,398.7972106933594,364.81536865234375,0.09072153562074714,0.9996944506998522,0.00014267680852597664,1.0025030723805974,0.10085405479699354,0.10085405479699354,-1.239701603150678e-05,0.00016579060673643106,0.9995978651335832,-0.0003753947121545309,0.6805816543847082,0.0,0.42658730158730157,IVV,VOO
2023-05-26,404.034912109375,369.5560302734375,0.09072153562074714,0.9996944506998522,0.0002838875894015658,1.9578342329399814,1.0025030723805974,1.0025030723805974,0.00010659759342779296,0.00016775752251226662,0.9996022134247659,-0.00026879711872673795,0.683127526657256,1.0,0.4226190476190476,IVV,VOO
2023-05-30,404.1115417480469,369.6710510253906,0.09072153562074714,0.9996944506998522,0.00016243368929913515,0.9966891509794431,1.9578342329399814,1.9578342329399814,0.00014121078087558914,0.00015941399511588362,0.9996218253570057,-0.0001275863378511488,0.6906359938724438,2.0,0.373015873015873,IVV,VOO
2023-05-31,401.6219482421875,367.6597290039063,0.09072153562074714,0.9996944506998522,-0.0005632497598568875,-3.452921960894536,0.9966891509794431,0.9966891509794431,-0.00012145390010243062,0.00016178333461395813,0.9996044294228478,-0.0001702652361403878,0.6971497243161889,0.0,0.4107142857142857,IVV,VOO
2023-06-01,405.758544921875,371.1842041015625,0.09072153562074714,0.9996944506998522,0.00014612679409786722,0.753247664947475,-3.452921960894536,3.452921960894536,-0.0007256834491560227,0.00022762255085555485,0.9995617030186568,-0.0008471373492584533,0.6833010689054151,1.0,0.5515873015873016,IVV,VOO
2023-06-02,411.5420837402344,376.6336669921875,0.09072153562074714,0.9996944506998522,-0.00027096474722299035,-1.5784958415764536,0.753247664947475,0.753247664947475,0.0007093765539547547,0.000273184007274057,0.9995025109231225,-0.00013776079530369856,0.6724313120659715,0.0,0.6666666666666666,IVV,VOO
2023-06-05,410.8334655761719,375.9057922363281,0.09072153562074714,0.9996944506998522,-6.0450669026934634e-05,-0.36673386666459584,-1.5784958415764536,1.5784958415764536,-0.00041709154132085757,0.00027925713091336873,0.9994987406017233,-0.0005548523366245561,0.6664603650212912,1.0,0.6845238095238095,IVV,VOO
2023-06-06,411.7048034667969,376.6815490722656,0.09072153562074714,0.9996944506998522,-2.737426796350917e-06,-0.044768059114867,-0.36673386666459584,0.36673386666459584,0.00021051407819605572,0.0002834050627876616,0.999450915523683,-0.0003443382584285004,0.6624719229040258,0.0,0.7043650793650793,IVV,VOO
2023-06-07,410.34954833984375,375.4459838867188,0.09072153562074714,0.9996944506998522,-1.5460635410136092e-05,-0.13530805663387552,-0.044768059114867,0.044768059114867,5.771324223058372e-05,0.0002836845793725125,0.9994344112818222,-0.0002866250161979167,0.6724742655689625,0.0,0.7063492063492063,IVV,VOO
2023-06-08,412.7220153808594,377.69671630859375,0.09072153562074714,0.9996944506998522,-0.00022563377946926977,-1.2534825691621483,-0.13530805663387552,0.13530805663387552,-1.2723208613785175e-05,0.00027792714982943073,0.9994522648562165,-0.00029934822481170187,0.6645840101634471,0.0,0.6746031746031746,IVV,VOO
2023-06-09,413.5481262207031,378.3288269042969,0.09072153562074714,0.9996944506998522,0.00010229808823503106,0.699430476681334,-1.2534825691621483,1.2534825691621483,-0.00021017314405913368,0.00027962944966605075,0.9994202286299579,-0.0005095213688708355,0.6620550875010106,1.0,0.6924603174603174,IVV,VOO
2023-06-12,417.30377197265625,381.805419921875,0.09072153562074714,0.9996944506998522,-1.7525411921681666e-06,0.07686086752654304,0.699430476681334,0.699430476681334,0.00032793186770430083,0.00028864876905714676,0.9993982925836963,-0.00018158950116653472,0.6612958258863446,0.0,0.7261904761904762,IVV,VOO
2023-06-13,420.0317077636719,384.3240966796875,0.09072153562074714,0.9996944506998522,-5.9058463277139595e-05,-0.26088777979680716,0.07686086752654304,0.07686086752654304,-0.00010405062942719923,0.00028947093697062826,0.999367375136985,-0.00028564013059373394,0.6634317726519823,0.0,0.7281746031746031,IVV,VOO
2023-06-14,420.5215148925781,384.62103271484375,0.09072153562074714,0.9996944506998522,0.00033429702661713634,1.9009009830005799,-0.26088777979680716,0.26088777979680716,-5.730592208497143e-05,0.0002878316742640036,0.9994495528107495,-0.00034294605267870537,0.6664255839688845,0.0,0.7182539682539683,IVV,VOO
2023-06-15,425.718017578125,389.5532836914063,0.09072153562074714,0.9996944506998522,-0.000122393505220586,-0.7031327413813799,1.9009009830005799,1.9009009830005799,0.00039335548989427593,0.00029953886526590257,0.9995243698971829,0.0,0.6500908853267764,1.0,0.7380952380952381,IVV,VOO
2023-06-16,424.2004089355469,388.1166687011719,0.09072153562074714,0.9996944506998522,-4.3555573370213096e-08,0.016887620091050173,-0.7031327413813799,0.7031327413813799,-0.00045669053183772235,0.00031426260384067776,0.9994957457933871,-0.00045669053183772235,0.649601030164553,0.0,0.7678571428571428,IVV,VOO
2023-06-20,422.1929321289063,386.3257446289063,0.09072153562074714,0.9996944506998522,-0.00011999282415686707,-0.643426156229762,0.016887620091050173,0.016887620091050173,0.0001223499496472158,0.00031492335957891037,0.9994521218631693,-0.00033434058219050655,0.6538958080492848,0.0,0.7718253968253967,IVV,VOO
2023-06-21,419.9644775390625,384.209228515625,0.09072153562074714,0.9996944506998522,7.970576900362403e-05,0.48524762663994797,-0.643426156229762,0.643426156229762,-0.00011994926858349686,0.0003144941133508133,0.9994602666703581,-0.0004542898507740034,0.6473173407204742,0.0,0.7638888888888888,IVV,VOO
2023-06-22,421.4820556640625,385.6074523925781,0.09072153562074714,0.9996944506998522,5.52701062348504e-05,0.3965076658862279,0.48524762663994797,0.48524762663994797,0.0001996985931604911,0.0003121293122402305,0.9994598454325839,-0.0002545912576135123,0.6454291627159341,0.0,0.7599206349206349,IVV,VOO
2023-06-23,418.2738952636719,382.7151184082031,0.09072153562074714,0.9996944506998522,-5.8771527225331965e-05,-0.2492693722983766,0.3965076658862279,0.3965076658862279,-2.4435662768773625e-05,0.0003079580381605188,0.9994614983641291,-0.00027902692038228594,0.6443989313149137,0.0,0.746031746031746,IVV,VOO
2023-06-26,416.5065612792969,381.1349182128906,0.09072153562074714,0.9996944506998522,-0.00015682288227125696,-0.7936676006047265,-0.2492693722983766,0.2492693722983766,-0.00011404163346018237,0.000308963375514014,0.9994719936257509,-0.0003930685538424683,0.6562620802320618,0.0,0.746031746031746,IVV,VOO
2023-06-27,421.1171569824219,385.3584289550781,0.09072153562074714,0.9996944506998522,-0.00016504985913279313,-0.7948702754418756,-0.7936676006047265,0.7936676006047265,-9.805135504592499e-05,0.0003084949918076955,0.9994613647973793,-0.0004911199088883933,0.6677213873531697,0.0,0.748015873015873,IVV,VOO
2023-06-28,421.2515869140625,385.5308227539063,0.09072153562074714,0.9996944506998522,-0.0002930015528885832,-1.4554913244388896,-0.7948702754418756,0.7948702754418756,-8.226976861536173e-06,0.0003064243919408133,0.9994956781920076,-0.0004993468857499295,0.6852368760682482,0.0,0.7400793650793651,IVV,VOO
2023-06-29,422.9324951171875,387.0076599121094,0.09072153562074714,0.9996944506998522,-0.00013284266686408586,-0.5625791994219902,-1.4554913244388896,1.4554913244388896,-0.00012795169375579007,0.0003065326185134566,0.9994700118569748,-0.0006272985795057195,0.7011093379623421,1.0,0.7440476190476191,IVV,VOO
2023-06-30,428.119384765625,391.5940551757813,0.09072153562074714,0.9996944506998522,0.0002790260446969839,1.6463432579228838,-0.5625791994219902,0.5625791994219902,0.00016015888602449735,0.0002626202462067953,0.9994908872428109,-0.0004671396934812222,0.7057416785226724,0.0,0.6111111111111112,IVV,VOO
2023-07-03,428.7341918945313,392.3439636230469,0.09072153562074714,0.9996944506998522,-0.0001985384429232795,-0.9012473667798394,1.6463432579228838,1.6463432579228838,0.00041186871156106974,0.00022958528016415206,0.9995149303561511,-5.527098192015245e-05,0.6990181133487273,1.0,0.5396825396825398,IVV,VOO
2023-07-05,427.99456787109375,391.468994140625,0.09072153562074714,0.9996944506998522,0.0003067539897632088,1.6762644195097942,-0.9012473667798394,0.9012473667798394,-0.0004775644876202634,0.00023546882335230755,0.9994785288621459,-0.0005328354695404158,0.6900714062852024,0.0,0.5615079365079365,IVV,VOO
2023-07-06,424.488525390625,388.2768859863281,0.09072153562074714,0.9996944506998522,0.0002663290714677302,1.364393884543723,1.6762644195097942,1.6762644195097942,0.0005052924326864883,0.00025626508894460877,0.9994409228536694,-2.754303685392756e-05,0.6816139412206449,1.0,0.626984126984127,IVV,VOO
2023-07-07,423.4031677246094,387.3730773925781,0.09072153562074714,0.9996944506998522,3.593867081530533e-05,0.21561236265577394,1.364393884543723,1.364393884543723,-4.042491829547856e-05,0.00025640411423899284,0.9994559614526443,-6.796795514940612e-05,0.6890570585497331,2.0,0.6190476190476191,IVV,VOO
2023-07-10,424.5269775390625,388.4114990234375,0.09072153562074714,0.9996944506998522,1.0382217372040259e-05,0.09221467952594145,0.21561236265577394,0.21561236265577394,-0.0002303904006524249,0.0002618460422881532,0.9994535986511269,-0.000298358355801831,0.688926770604978,0.0,0.626984126984127,IVV,VOO
2023-07-11,427.3797607421875,390.9017333984375,0.09072153562074714,0.9996944506998522,0.00031890222266017787,1.5530075662970613,0.09221467952594145,0.09221467952594145,-2.555645344326507e-05,0.00025739991219540613,0.9994582927527069,-0.0003239148092450961,0.6847512848319669,0.0,0.6170634920634921,IVV,VOO
2023-07-12,430.58795166015625,393.9785461425781,0.09072153562074714,0.9996944506998522,-4.0334635470706814e-05,-0.13682109749813573,1.5530075662970613,1.5530075662970613,0.0003085200052881376,0.0002562400134402084,0.9994263952147114,-1.539480395695847e-05,0.6898754498585056,1.0,0.628968253968254,IVV,VOO
2023-07-13,434.2572021484375,397.18988037109375,0.09072153562074714,0.9996944506998522,0.00032953383732969854,1.628661517267456,-0.13682109749813573,0.13682109749813573,-0.0003592368581308847,0.0002677382037704812,0.9994367032869718,-0.00037463166208784315,0.6849886139001798,0.0,0.6626984126984127,IVV,VOO
2023-07-14,433.8249816894531,396.8726196289063,0.09072153562074714,0.9996944506998522,0.0001325667942841946,0.6466471616525898,1.628661517267456,1.628661517267456,0.00036986847280040536,0.0002792595444855887,0.999435804016687,-4.763189287437797e-06,0.6786528178067134,1.0,0.6944444444444444,IVV,VOO
2023-07-17,435.4386291503906,398.2571411132813,0.09072153562074714,0.9996944506998522,0.0003638040115774288,1.7950720250873196,0.6466471616525898,0.6466471616525898,-0.00019696704304550394,0.00026919331184251067,0.9994324022478713,-0.00020173023233294174,0.6880544910875954,0.0,0.6686507936507936,IVV,VOO
2023-07-18,438.5988159179688,401.2761840820313,0.09072153562074714,0.9996944506998522,4.533316994326242e-05,0.0646642023494379,1.7950720250873196,1.7950720250873196,0.0002312372172932342,0.00025341867972496695,0.9994251132060922,0.0,0.7002025247627515,1.0,0.626984126984127,IVV,VOO
2023-07-19,439.4056091308594,402.1415100097656,0.09072153562074714,0.9996944506998522,-0.00027033266754461494,-1.5692801574163848,0.0646642023494379,0.0646642023494379,-0.0003184708416341664,0.00026292500455163094,0.999406683029617,-0.0003184708416341664,0.7001992329546423,0.0,0.6527777777777778,IVV,VOO
2023-07-20,436.6681213378906,399.5165710449219,0.09072153562074714,0.9996944506998522,2.69976986784215e-05,-0.003027678105792743,-1.5692801574163848,1.5692801574163848,-0.00031566583748787735,0.0002708155371491957,0.9993917754694397,-0.0006341366791220437,0.6968768709196569,1.0,0.6845238095238095,IVV,VOO
2023-07-21,436.6585693359375,399.5647277832031,0.09072153562074714,0.9996944506998522,-0.0001153707133658699,-0.7319977916926429,-0.003027678105792743,0.003027678105792743,0.00029733036622303644,0.00027534869876102703,0.9993912855169783,-0.0003368063128990073,0.6971420986147702,0.0,0.6984126984126984,IVV,VOO
2023-07-24,438.5892333984375,401.2569274902344,0.09072153562074714,0.9996944506998522,7.145976534594922e-05,0.20157558893756095,-0.7319977916926429,0.7319977916926429,-0.0001423684120442914,0.00027701017796184405,0.9993281937570792,-0.0004791747249432987,0.6963033973680285,0.0,0.7023809523809523,IVV,VOO
2023-07-25,439.7706909179688,402.4396057128906,0.09072153562074714,0.9996944506998522,-0.0001805935557204208,-1.0886664872823655,0.20157558893756095,0.20157558893756095,0.00018683047871181913,0.0002790341208965251,0.9993379236395065,-0.0002923442462314796,0.6979147032854166,0.0,0.7103174603174603,IVV,VOO
2023-07-26,439.8090515136719,402.5357055664063,0.09072153562074714,0.9996944506998522,-0.0003320604975574071,-1.73614898249969,-1.0886664872823655,1.0886664872823655,-0.00025205332106637,0.0002838958768771224,0.9992502095431367,-0.0005443975672978496,0.6984471727803898,1.0,0.7400793650793651,IVV,VOO
2023-07-27,436.9659118652344,399.8050842285156,0.09072153562074714,0.9996944506998522,-1.2948495940356963e-05,-0.141818312011373,-1.73614898249969,1.73614898249969,-0.00015146694183698628,0.0002857836204242849,0.9992465198144019,-0.0006958645091348359,0.7092473083935048,2.0,0.75,IVV,VOO
2023-07-28,441.0962524414063,403.6991271972656,0.09072153562074714,0.9996944506998522,-0.00029478985508912814,-1.4659951382055028,-0.141818312011373,0.141818312011373,0.0003191120016170501,0.00029294876084644456,0.9992456449955728,-0.0003767525075177858,0.7103874009945927,0.0,0.7777777777777778,IVV,VOO
2023-07-31,442.0182800292969,404.4779052734375,0.09072153562074714,0.9996944506998522,-0.0001333202103852571,-0.6445046132419666,-1.4659951382055028,1.4659951382055028,-0.0002818413591487712,0.00029772246755411055,0.9992021386043177,-0.000658593866666557,0.7114743910186776,1.0,0.7896825396825398,IVV,VOO
2023-08-01,440.788818359375,403.2279968261719,0.09072153562074714,0.9996944506998522,0.00017534796193530156,0.8776523757474602,-0.6445046132419666,0.6445046132419666,0.00016146964470387104,0.0002847823587595156,0.9991842092826587,-0.0004971242219626859,0.7179285413324609,0.0,0.7440476190476191,IVV,VOO
2023-08-02,434.63177490234375,397.6417541503906,0.09072153562074714,0.9996944506998522,5.503884149238303e-05,0.24844352880477888,0.8776523757474602,0.8776523757474602,0.00030866817232055865,0.0002730146477295213,0.9991656676471864,-0.00018845604964212725,0.713506546963628,0.0,0.6865079365079365,IVV,VOO
2023-08-03,433.3831176757813,396.5167541503906,0.09072153562074714,0.9996944506998522,1.0319603635622343e-05,0.035479890268791545,0.24844352880477888,0.24844352880477888,-0.00012030912044291853,0.000250371256918847,0.999155173228233,-0.0003087651700850458,0.7128835478211225,0.0,0.626984126984127,IVV,VOO
2023-08-04,431.3659973144531,394.5746154785156,0.09072153562074714,0.9996944506998522,0.0002536292032138121,1.198118156969377,0.035479890268791545,0.035479890268791545,-4.4719237856760685e-05,0.00025039687951831837,0.9991608883068468,-0.00035348440794180647,0.7156155213626731,0.0,0.625,IVV,VOO
2023-08-07,435.1792907714844,398.1320495605469,0.09072153562074714,0.9996944506998522,8.209775293543942e-05,0.33189584994491167,1.198118156969377,1.198118156969377,0.00024330959957818976,0.0002510975262692293,0.9991636748088691,-0.0001101748083636167,0.7177664770768003,1.0,0.623015873015873,IVV,VOO
2023-08-08,433.3542785644531,396.4111022949219,0.09072153562074714,0.9996944506998522,0.00021017723388361276,0.8997852459679956,0.33189584994491167,0.33189584994491167,-0.0001715314502783727,0.00025415365063139166,0.9991783514969061,-0.0002817062586419894,0.721567700239231,0.0,0.623015873015873,IVV,VOO
2023-08-09,430.4246520996094,393.7765197753906,0.09072153562074714,0.9996944506998522,9.310556571762163e-05,0.2870892870350814,0.8997852459679956,0.8997852459679956,0.00012807948094817334,0.00024624859614879685,0.9991857241310337,-0.00015362677769381605,0.7220665857222488,0.0,0.5972222222222222,IVV,VOO
2023-08-10,430.6168212890625,394.00732421875,0.09072153562074714,0.9996944506998522,-4.6309680729272884e-05,-0.4680674489925944,0.2870892870350814,0.2870892870350814,-0.00011707166816599113,0.0002342138786608351,0.999200877543668,-0.0002706984458598072,0.7331347508651949,0.0,0.5595238095238095,IVV,VOO
2023-08-11,430.357421875,393.6419982910156,0.09072153562074714,0.9996944506998522,0.00027847108115519603,1.1411603180598602,-0.4680674489925944,0.4680674489925944,-0.00013941524644689451,0.00022063364881387695,0.9992001755203079,-0.0004101136923067017,0.7317834231062189,0.0,0.5317460317460317,IVV,VOO
2023-08-14,432.6626892089844,395.8630065917969,0.09072153562074714,0.9996944506998522,-3.817205660894274e-06,-0.27292604037139656,1.1411603180598602,1.1411603180598602,0.0003247807618844689,0.00022872135683836466,0.9991631030045232,-8.533293042223278e-05,0.7289721471780556,1.0,0.5535714285714286,IVV,VOO
2023-08-15,427.763916015625,391.3248596191406,0.09072153562074714,0.9996944506998522,0.00013583981429032832,0.4160189777350332,-0.27292604037139656,0.27292604037139656,-0.0002822882868160903,0.00023095371211239203,0.9991255174483875,-0.0003676212172383231,0.7310574588185034,0.0,0.5674603174603174,IVV,VOO
2023-08-16,424.5654296875,388.4306640625,0.09072153562074714,0.9996944506998522,5.1628763267252964e-05,0.005938433690762397,0.4160189777350332,0.4160189777350332,0.0001396570199512226,0.00022262304961020952,0.9991540116096341,-0.0002279641972871005,0.7219004089560374,0.0,0.5436507936507936,IVV,VOO
2023-08-17,421.2995910644531,385.2866821289063,0.09072153562074714,0.9996944506998522,0.000454213387182989,2.1009364244141464,0.005938433690762397,0.005938433690762397,-8.421105102307536e-05,0.00021141116798782311,0.9991754012951546,-0.00031217524831017585,0.7159704379584854,0.0,0.5277777777777778,IVV,VOO
2023-08-18,421.3764953613281,385.6423645019531,0.09072153562074714,0.9996944506998522,-0.00028571774294139374,-1.6683767388796753,2.1009364244141464,2.1009364244141464,0.000402584623915736,0.00021950170473778336,0.9991871030825553,0.0,0.7084136036264017,1.0,0.5218253968253969,IVV,VOO
2023-08-21,424.2196044921875,388.1903381347656,0.09072153562074714,0.9996944506998522,-0.0001445300238991365,-0.9193628773028379,-1.6683767388796753,1.6683767388796753,-0.0007399311301243827,0.0002737265092145767,0.9990404404269994,-0.0007399311301243827,0.6764445139222851,2.0,0.6904761904761905,IVV,VOO
2023-08-22,423.0093688964844,387.1038208007813,0.09072153562074714,0.9996944506998522,-0.00019946152905081505,-1.1191018340670291,-0.9193628773028379,0.9193628773028379,0.00014118771904225724,0.0002722747424238958,0.9990192156096839,-0.0005987434110821255,0.6752441953679635,0.0,0.6865079365079365,IVV,VOO
2023-08-23,427.6775512695313,391.2767333984375,0.09072153562074714,0.9996944506998522,5.687404097276527e-05,0.15051337804754367,-1.1191018340670291,1.1191018340670291,-5.493150515167855e-05,0.0002668775075076247,0.9990049911603511,-0.000653674916233804,0.6868287992537326,1.0,0.6686507936507937,IVV,VOO
2023-08-24,421.9335632324219,386.0751037597656,0.09072153562074714,0.9996944506998522,-8.572555687269556e-05,-0.5148310590853671,0.15051337804754367,0.15051337804754367,0.0002563355700235803,0.0002701566273957855,0.9989751760699277,-0.0003973393462102237,0.6743681662226513,0.0,0.6805555555555556,IVV,VOO
2023-08-25,424.94964599609375,388.632568359375,0.09072153562074714,0.9996944506998522,0.00043668212587189004,2.0122237107502547,-0.5148310590853671,0.5148310590853671,-0.00014259959784546083,0.00026320077136856375,0.9990514957842161,-0.0005399389440556845,0.6547625461048467,0.0,0.6488095238095237,IVV,VOO
2023-08-28,427.5141906738281,391.190185546875,0.09072153562074714,0.9996944506998522,-0.00010402000854270455,-0.5677768269440308,2.0122237107502547,2.0122237107502547,0.0005224076827445856,0.0002786108772398546,0.9991017402173044,-1.7531261311098945e-05,0.647399606756438,1.0,0.7063492063492063,IVV,VOO
2023-08-29,433.6904602050781,396.74755859375,0.09072153562074714,0.9996944506998522,0.0001375059953572233,0.6409066546858724,-0.5677768269440308,0.5677768269440308,-0.0005407021344145946,0.0003037660619771473,0.9991384650709371,-0.0005582333957256935,0.6419535073103502,0.0,0.7936507936507937,IVV,VOO
2023-08-30,435.5923461914063,398.4013366699219,0.09072153562074714,0.9996944506998522,0.00035486793313310727,1.6159121238231073,0.6409066546858724,0.6409066546858724,0.00024152600389992784,0.00030070803967535616,0.999143783801437,-0.0003167073918257657,0.6400774915992021,0.0,0.7857142857142857,IVV,VOO
2023-08-31,434.8239135742188,397.8917236328125,0.09072153562074714,0.9996944506998522,-0.00013122687907873853,-0.7786946331972425,1.6159121238231073,1.6159121238231073,0.00021736193777588397,0.00030305570086634813,0.9991430795670502,-9.934545404988171e-05,0.6463985802562939,1.0,0.7936507936507937,IVV,VOO
2023-09-01,435.74603271484375,398.7378234863281,0.09072153562074714,0.9996944506998522,-0.00013635054981264716,-0.79850331128582,-0.7786946331972425,0.7786946331972425,-0.0004860948122118458,0.00032207426291524095,0.9990978673785366,-0.0005854402662617275,0.6447562879169995,0.0,0.8472222222222222,IVV,VOO
2023-09-05,433.8729553222656,396.99755859375,0.09072153562074714,0.9996944506998522,-7.151941293770392e-05,-0.4540189790614877,-0.79850331128582,0.79850331128582,-5.123670733908625e-06,0.00031692750490867124,0.9990920498260883,-0.0005905639369956361,0.6493905419344556,0.0,0.8373015873015872,IVV,VOO
2023-09-06,430.85687255859375,394.25732421875,0.09072153562074714,0.9996944506998522,-0.00012311684054377992,-0.7230917156815811,-0.4540189790614877,0.4540189790614877,6.483113687494324e-05,0.0003154413736284919,0.9991004485900273,-0.0005257328001206929,0.6501446574199503,0.0,0.8313492063492063,IVV,VOO
2023-09-07,429.6658935546875,393.0842895507813,0.09072153562074714,0.9996944506998522,8.767209075166704e-05,0.2671836780009824,-0.7230917156815811,0.7230917156815811,-5.1597427606075996e-05,0.00031400229375820897,0.9991405360688809,-0.0005773302277267689,0.6487893492139095,0.0,0.8134920634920635,IVV,VOO
2023-09-08,430.1941223144531,393.6227111816406,0.09072153562074714,0.9996944506998522,-5.2069140276778114e-05,-0.4571691874145057,0.2671836780009824,0.2671836780009824,0.00021078893129544696,0.0003168775614214227,0.999113452597321,-0.00036654129643132194,0.6686730670813018,0.0,0.8333333333333333,IVV,VOO
2023-09-11,433.10455322265625,396.2090759277344,0.09072153562074714,0.9996944506998522,0.00014336240456191973,0.5129687120071131,-0.4571691874145057,0.4571691874145057,-0.00013974123102844516,0.0003168847264321084,0.9990972207484478,-0.0005062825274597671,0.6827651188135966,0.0,0.8412698412698413,IVV,VOO
2023-09-12,430.7608337402344,394.0841979980469,0.09072153562074714,0.9996944506998522,9.303850488251442e-05,0.19842093424145607,0.5129687120071131,0.5129687120071131,0.00019543154483869785,0.00031145774056772147,0.999132979833083,-0.00031085098262106925,0.6795095831031005,0.0,0.8075396825396826,IVV,VOO
2023-09-13,431.164306640625,394.5457458496094,0.09072153562074714,0.9996944506998522,-0.00014089610989476142,-1.0381159091801178,0.19842093424145607,0.19842093424145607,-5.0323899679405315e-05,0.0003052382649249335,0.9991340877769811,-0.00036117488230047456,0.6825968419056825,0.0,0.7916666666666666,IVV,VOO
2023-09-14,435.01605224609375,397.95904541015625,0.09072153562074714,0.9996944506998522,0.00014142226962476911,0.5036340835386806,-1.0381159091801178,1.0381159091801178,-0.00023393461477727584,0.0003078367425360014,0.9991208580747115,-0.0005951094970777504,0.6812922588151235,1.0,0.8035714285714286,IVV,VOO
2023-09-15,429.4065551757813,392.9977722167969,0.09072153562074714,0.9996944506998522,-0.0002960359760795228,-1.7481302879923355,0.5036340835386806,0.5036340835386806,0.00028231837951953054,0.00031395121932405206,0.9991246436528094,-0.00031279111755821987,0.6780640096741329,0.0,0.8174603174603174,IVV,VOO
2023-09-18,430.1461486816406,393.4304504394531,0.09072153562074714,0.9996944506998522,0.00032481759292934953,1.4496115299425483,-1.7481302879923355,1.7481302879923355,-0.0004374582457042919,0.0003140750020264182,0.9991509841885707,-0.0007502493632625118,0.6717152240771431,1.0,0.8055555555555556,IVV,VOO
2023-09-19,429.1855773925781,392.6420593261719,0.09072153562074714,0.9996944506998522,9.447970461451405e-05,0.26660505098701,1.4496115299425483,1.4496115299425483,0.0006208535690088723,0.0003016893477004326,0.9990750941489419,-0.00012939579425363945,0.6571078727860484,2.0,0.7956349206349207,IVV,VOO
2023-09-20,425.1225280761719,388.9690856933594,0.09072153562074714,0.9996944506998522,-2.1832915149566645e-05,-0.2930406982584199,0.26660505098701,0.26660505098701,-0.00023033788831483548,0.00030571491690824996,0.9990458959208997,-0.00035973368256847493,0.6625535772518888,0.0,0.8154761904761905,IVV,VOO
2023-09-21,418.1586608886719,382.594482421875,0.09072153562074714,0.9996944506998522,-1.9144999149567354e-05,-0.2598276105015162,-0.2930406982584199,0.2930406982584199,-0.0001163126197640807,0.00030667752199622515,0.9990737111086418,-0.0004760463023325556,0.6682611459203529,0.0,0.8174603174603174,IVV,VOO
2023-09-22,417.15966796875,381.6714782714844,0.09072153562074714,0.9996944506998522,3.6318529224033114e-06,-0.15072799274773754,-0.2598276105015162,0.2598276105015162,2.6879159999992908e-06,0.0003013809882763659,0.9991258212665,-0.00047335838633255634,0.6648547667747314,0.0,0.7718253968253969,IVV,VOO
2023-09-25,418.888671875,383.2579345703125,0.09072153562074714,0.9996944506998522,-6.947869072959634e-06,-0.1607876223363076,-0.15072799274773754,0.15072799274773754,2.2776852071970666e-05,0.000299723526684359,0.9991304093907466,-0.00045058153426058567,0.655384951444027,0.0,0.7658730158730158,IVV,VOO
2023-09-26,412.758544921875,377.6332092285156,0.09072153562074714,0.9996944506998522,3.097694298404008e-05,0.035819731794958364,-0.1607876223363076,0.1607876223363076,-1.0579721995362945e-05,0.00027517674785514226,0.9991342743422015,-0.0004611612562559486,0.6529198687049754,0.0,0.6666666666666666,IVV,VOO
2023-09-27,412.8645935058594,377.7197570800781,0.09072153562074714,0.9996944506998522,5.878170331996557e-05,0.19938324598961368,0.035819731794958364,0.035819731794958364,3.792481205699971e-05,0.0002482391502348465,0.9991737107152096,-0.0004232364441989489,0.652871366472115,0.0,0.5535714285714286,IVV,VOO
2023-09-28,415.2769165039063,379.9232177734375,0.09072153562074714,0.9996944506998522,6.981038034581388e-05,0.2552692275460987,0.19938324598961368,0.19938324598961368,2.7804760335925494e-05,0.00024243485119327228,0.9992134459501577,-0.0003954316838630234,0.6525917484751785,0.0,0.5158730158730159,IVV,VOO
2023-09-29,414.3699035644531,379.0159606933594,0.09072153562074714,0.9996944506998522,0.0002734322096209496,1.4733055942113698,0.2552692275460987,0.2552692275460987,1.102867702584831e-05,0.0002371302960898416,0.9992691086149564,-0.0003844030068371751,0.6524895243767754,0.0,0.49603174603174605,IVV,VOO
2023-10-02,414.2251586914063,378.9870300292969,0.09072153562074714,0.9996944506998522,3.6857614826857343e-07,-0.1539791117187769,1.4733055942113698,1.4733055942113698,0.00020362182927513572,0.0002151353842221094,0.9992465637523783,-0.00018078117756203937,0.6555248940919982,1.0,0.45436507936507936,IVV,VOO
2023-10-03,408.7057800292969,373.8910217285156,0.09072153562074714,0.9996944506998522,0.00011969129019107072,0.5216315101011436,-0.1539791117187769,0.1539791117187769,-0.00027306363347268103,0.00022443874551251097,0.9992411396279145,-0.0004538448110347204,0.6571982014715013,0.0,0.46825396825396826,IVV,VOO
2023-10-04,411.60052490234375,376.64166259765625,0.09072153562074714,0.9996944506998522,-0.0001501919359858661,-1.1587366980559006,0.5216315101011436,0.5216315101011436,0.00011932271404280215,0.0002254546931029893,0.9992780958699831,-0.00033452209699191826,0.6501668590059714,0.0,0.45833333333333337,IVV,VOO
2023-10-05,411.4075622558594,376.3232116699219,0.09072153562074714,0.9996944506998522,0.00022648789484858156,1.1219939247584947,-1.1587366980559006,1.1587366980559006,-0.00026988322617693683,0.0002332983559403344,0.9992830660665291,-0.0006044053231688551,0.6534368777564487,1.0,0.48611111111111116,IVV,VOO
2023-10-06,416.2418518066406,380.8111572265625,0.09072153562074714,0.9996944506998522,5.699502234968179e-05,0.06331079858551089,1.1219939247584947,1.1219939247584947,0.00037667983083444767,0.0002434226099560553,0.9992642805680836,-0.00022772549233440742,0.650990603234237,2.0,0.5198412698412699,IVV,VOO
2023-10-09,418.9822692871094,383.3494873046875,0.09072153562074714,0.9996944506998522,-2.2309312674551052e-05,-0.36747770186378736,0.06331079858551089,0.06331079858551089,-0.00016949287249889977,0.0002444033863032408,0.9992997420546478,-0.0003972183648333072,0.6522079265913696,0.0,0.5138888888888888,IVV,VOO
2023-10-10,421.1726379394531,385.3280944824219,0.09072153562074714,0.9996944506998522,4.538514458829468e-05,0.06262688628891533,-0.36747770186378736,0.36747770186378736,-7.930433502423284e-05,0.00024103717423348676,0.9993171148852235,-0.00047652269985754003,0.6519759873007225,0.0,0.5,IVV,VOO
2023-10-11,422.957763671875,386.9591979980469,0.09072153562074714,0.9996944506998522,5.20933015843994e-05,0.13007627308386088,0.06262688628891533,0.06262688628891533,6.769445726284573e-05,0.0002413801199013385,0.9993289530733855,-0.0004088282425946943,0.6518592548805683,0.0,0.5,IVV,VOO
2023-10-12,420.4200134277344,384.6331176757813,0.09072153562074714,0.9996944506998522,6.148710481390651e-05,0.290585161585819,0.13007627308386088,0.13007627308386088,6.708156996104719e-06,0.00023546317520380932,0.9993362108607527,-0.0004021200855985896,0.6518519056628385,0.0,0.4801587301587302,IVV,VOO
2023-10-13,418.2103271484375,382.6063232421875,0.09072153562074714,0.9996944506998522,7.34651489526783e-05,0.3380214502787513,0.290585161585819,0.290585161585819,9.393803229507114e-06,0.00022702262858405366,0.999357672085638,-0.00039272628236908247,0.6521941417985659,0.0,0.44841269841269843,IVV,VOO
2023-10-16,422.5621643066406,386.6117858886719,0.09072153562074714,0.9996944506998522,1.426832776196818e-05,-0.17313406345974125,0.3380214502787513,0.3380214502787513,1.1978044138771793e-05,0.00020408970601792258,0.9993698702028568,-0.0003807482382303107,0.6514947215826271,0.0,0.4206349206349206,IVV,VOO
2023-10-17,422.6875305175781,386.6213989257813,0.09072153562074714,0.9996944506998522,0.00028604850867886,1.8443427656665092,-0.17313406345974125,0.17313406345974125,-5.9196821190710125e-05,0.00015051607610200223,0.9993966370935927,-0.0004399450594210208,0.6566973264946508,0.0,0.376984126984127,IVV,VOO
2023-10-18,417.14886474609375,381.44818115234375,0.09072153562074714,0.9996944506998522,0.0005627773979455242,3.172853696787599,1.8443427656665092,1.8443427656665092,0.0002717801809168918,0.0001544179101042077,0.9993858118365729,-0.00016816487850412898,0.645088755285697,1.0,0.3829365079365079,IVV,VOO
2023-10-19,413.3663940429688,378.21484375,0.09072153562074714,0.9996944506998522,-3.601078476389574e-05,-0.6541568955770684,3.172853696787599,3.172853696787599,0.00027672888926666417,0.00016197137729905808,0.9994123906903171,0.0,0.6700278761672588,2.0,0.37896825396825395,IVV,VOO
2023-10-20,408.28118896484375,373.5049133300781,0.09072153562074714,0.9996944506998522,0.00011317819264089479,0.26732338879784723,-0.6541568955770684,0.6541568955770684,-0.0005987881827094199,0.00021216842864994555,0.9993721275795886,-0.0005987881827094199,0.6660978527667584,0.0,0.4305555555555555,IVV,VOO
2023-10-23,407.567138671875,372.8486328125,0.09072153562074714,0.9996944506998522,0.00012082396142343299,0.32212512035536484,0.26732338879784723,0.26732338879784723,0.00014918897740479053,0.0002146464081942035,0.9994015990078,-0.0004495992053046294,0.6649240179909052,0.0,0.4206349206349206,IVV,VOO
2023-10-24,410.6355590820313,375.6379089355469,0.09072153562074714,0.9996944506998522,0.00017038412214098742,0.6219242835447554,0.32212512035536484,0.32212512035536484,7.645768782538198e-06,0.00021461498972230432,0.9993946392226524,-0.0004419534365220912,0.664681813030707,0.0,0.4246031746031746,IVV,VOO
2023-10-25,404.7978210449219,370.3392333984375,0.09072153562074714,0.9996944506998522,5.391364870188653e-05,-0.1737741893618333,0.6219242835447554,0.6219242835447554,4.9560160717554425e-05,0.00021471543474844583,0.9994096141235179,-0.00039239327580453676,0.6688221369970707,0.0,0.41865079365079366,IVV,VOO
2023-10-26,399.9153137207031,365.7933654785156,0.09072153562074714,0.9996944506998522,0.00026604753037240414,1.1816702027946677,-0.1737741893618333,0.1737741893618333,-0.00011647047343910089,0.000216311945815795,0.9994496370545043,-0.0005088637492436376,0.6695049998249581,0.0,0.4007936507936508,IVV,VOO
2023-10-27,398.0819091796875,364.1719055175781,0.09072153562074714,0.9996944506998522,0.00011224189378378213,0.10534192210014381,1.1816702027946677,1.1816702027946677,0.0002121338816705176,0.00022122070925133,0.9994366554811742,-0.00029672986757312003,0.67037329451278,1.0,0.4126984126984127,IVV,VOO
2023-10-30,402.81005859375,368.55364990234375,0.09072153562074714,0.9996944506998522,-3.7024448007905164e-05,-0.9299130275537617,0.10534192210014381,0.10534192210014381,-0.000153805636588622,0.0002192706892836856,0.9994348899292204,-0.00045053550416174204,0.6748070689394804,0.0,0.4107142857142857,IVV,VOO
2023-10-31,405.2127380371094,370.7832946777344,0.09072153562074714,0.9996944506998522,-0.00011959501536917827,-1.4461130321411295,-0.9299130275537617,0.9299130275537617,-0.0001492663417916873,0.00021337040568324245,0.9994644144958106,-0.0005998018459534293,0.6713518938734883,0.0,0.36706349206349204,IVV,VOO
2023-11-01,409.6417236328125,374.8657836914063,0.09072153562074714,0.9996944506998522,-0.00019579577389094993,-1.856793204747521,-1.4461130321411295,1.4461130321411295,-8.25705673612731e-05,0.00021217040369097135,0.9994605039136851,-0.0006823724133147024,0.6734140360107781,1.0,0.371031746031746,IVV,VOO
2023-11-02,417.534912109375,381.9886169433594,0.09072153562074714,0.9996944506998522,7.242740889434884e-05,-0.024134374695163434,-1.856793204747521,1.856793204747521,-7.620075852177166e-05,0.00020445710004488311,0.9994811166531636,-0.0007585731718364741,0.6792262413598761,2.0,0.35119047619047616,IVV,VOO
2023-11-03,421.2787780761719,385.5211181640625,0.09072153562074714,0.9996944506998522,-0.00020329048032508013,-1.7947488678757233,-0.024134374695163434,0.024134374695163434,0.0002682231827852988,0.0001955795681859733,0.9995201059913961,-0.0004903499890511753,0.6780238631207075,0.0,0.33333333333333337,IVV,VOO
2023-11-06,422.29193115234375,386.2642822265625,0.09072153562074714,0.9996944506998522,0.0002735261295381264,1.256435195870753,-1.7947488678757233,1.7947488678757233,-0.00027571788921942897,0.00020126092205957597,0.9995223525618326,-0.0007660678782706043,0.6716512928630257,1.0,0.3353174603174603,IVV,VOO
2023-11-07,423.4113159179688,387.35491943359375,0.09072153562074714,0.9996944506998522,0.00010204439006678001,0.13747760087541605,1.256435195870753,1.256435195870753,0.0004768166098632065,0.0002269576583368464,0.9995090929738272,-0.0002892512684073978,0.6624184407269744,2.0,0.3869047619047619,IVV,VOO
2023-11-08,423.7586669921875,387.6734008789063,0.09072153562074714,0.9996944506998522,0.00010046480838088456,0.11835279189004978,0.13747760087541605,0.13747760087541605,-0.00017148173947134637,0.0002301341389191802,0.9995128740809559,-0.00046073300787874416,0.665440204811004,0.0,0.4027777777777778,IVV,VOO
2023-11-09,420.5647888183594,384.7490234375,0.09072153562074714,0.9996944506998522,0.00010458313588745938,0.1373988617360701,0.11835279189004978,0.11835279189004978,-1.5795816858954481e-06,0.00023013424962409334,0.9995014141844158,-0.0004623125895646396,0.6667538595796446,0.0,0.4087301587301587,IVV,VOO
2023-11-10,427.1455993652344,390.7522888183594,0.09072153562074714,0.9996944506998522,0.00015311560264663626,0.4868569673252886,0.1373988617360701,0.1373988617360701,4.118327506574815e-06,0.00023012912688553794,0.9995020403432711,-0.0004581942620580648,0.6689268186636392,0.0,0.40476190476190477,IVV,VOO
2023-11-13,426.6534729003906,390.3565368652344,0.09072153562074714,0.9996944506998522,1.3321831985102506e-05,-0.43802547504945316,0.4868569673252886,0.4868569673252886,4.8532466759176884e-05,0.0002303449458167438,0.9995445549269872,-0.0004096617952988879,0.6704548057242022,0.0,0.3908730158730158,IVV,VOO
2023-11-14,435.0194396972656,397.8558044433594,0.09072153562074714,0.9996944506998522,0.00040858968431578546,1.9644861630734234,-0.43802547504945316,0.43802547504945316,-0.00013979377066153376,0.0002321132353926664,0.9996075183821855,-0.0005494555659604217,0.6700962242197305,0.0,0.3115079365079365,IVV,VOO
2023-11-15,435.8974304199219,398.7243957519531,0.09072153562074714,0.9996944506998522,0.0002446998071139461,0.8971017065276842,1.9644861630734234,1.9644861630734234,0.00039526785233068296,0.0002407439009655601,0.9996257174870858,-0.0001541877136297387,0.6687332895787741,1.0,0.2976190476190476,IVV,VOO
2023-11-16,436.4378051757813,399.28424072265625,0.09072153562074714,0.9996944506998522,8.093875891379554e-05,-0.10637006538268697,0.8971017065276842,0.8971017065276842,-0.00016388987720183934,0.00023506655228186372,0.9996217311402452,-0.00031807759083157805,0.6774765945867378,0.0,0.28968253968253965,IVV,VOO
2023-11-17,436.9010314941406,399.8729248046875,0.09072153562074714,0.9996944506998522,-0.0003310566591085973,-2.3799491868540086,-0.10637006538268697,0.10637006538268697,-0.00016376104820015058,0.00019720178511995596,0.9996139856376836,-0.00048183863903172863,0.6739425835202956,0.0,0.21626984126984128,IVV,VOO
2023-11-20,440.4134216308594,402.88421630859375,0.09072153562074714,0.9996944506998522,0.00017601161260838438,0.4860942827077137,-2.3799491868540086,2.3799491868540086,-0.0004119954180223928,0.00021401756752603059,0.9995770977853339,-0.0008938340570541214,0.6834272829521806,1.0,0.30357142857142855,IVV,VOO
2023-11-21,439.4002380371094,401.8322143554688,0.09072153562074714,0.9996944506998522,0.0004866259771771908,2.026065271269036,0.4860942827077137,0.4860942827077137,0.0005070682717169817,0.00024319180752342698,0.9995804701848864,-0.0003867657853371398,0.685259310859913,0.0,0.4007936507936508,IVV,VOO
2023-11-22,441.0695190429688,403.5695190429688,0.09072153562074714,0.9996944506998522,-3.439361842350053e-05,-0.7263831385038751,2.026065271269036,2.026065271269036,0.0003106143645688064,0.0002521925868433382,0.9996040271961578,-7.615142076833337e-05,0.7020545953614626,1.0,0.3849206349206349,IVV,VOO
2023-11-24,441.3976135253906,403.7914733886719,0.09072153562074714,0.9996944506998522,0.00015953221974207565,0.28052060398262746,-0.7263831385038751,0.7263831385038751,-0.0005210195956006913,0.000276995361140214,0.9995548648386583,-0.0005971710163690247,0.689744680950199,0.0,0.5396825396825398,IVV,VOO
2023-11-27,440.5774230957031,403.0869140625,0.09072153562074714,0.9996944506998522,4.5486578435394165e-05,-0.316246046116763,0.28052060398262746,0.28052060398262746,0.00019392583816557618,0.00027631120877743957,0.9995536858295498,-0.0004032451782034485,0.6872811197185238,0.0,0.5416666666666667,IVV,VOO
2023-11-28,440.9536743164063,403.4825744628906,0.09072153562074714,0.9996944506998522,-8.167687431726023e-05,-0.9582461709030207,-0.316246046116763,0.316246046116763,-0.00011404564130668149,0.0002753772302078721,0.9995810145474532,-0.00051729081951013,0.6867196178734358,0.0,0.49603174603174605,IVV,VOO
2023-11-29,440.75103759765625,403.2219848632813,0.09072153562074714,0.9996944506998522,0.00010453772470331302,0.04406156051103295,-0.9582461709030207,0.9582461709030207,-0.0001271634527526544,0.0002748331860339003,0.9995785688385448,-0.0006444542722627844,0.6838226588971233,0.0,0.5,IVV,VOO
2023-11-30,442.3432312011719,404.78558349609375,0.09072153562074714,0.9996944506998522,-0.0001585954783323018,-1.3319839217545129,0.04406156051103295,0.04406156051103295,0.00018621459902057325,0.00027713818745393645,0.9995728233239792,-0.00045823967324221115,0.6849486776493979,0.0,0.5317460317460317,IVV,VOO
2023-12-01,444.9581604003906,407.1598205566406,0.09072153562074714,0.9996944506998522,-0.00011095868856436653,-1.0302914799709453,-1.3319839217545129,1.3319839217545129,-0.0002631332030356148,0.0002830182509136726,0.9995589732174697,-0.000721372876277826,0.6834404662300978,1.0,0.5714285714285714,IVV,VOO
2023-12-04,442.7581481933594,405.11370849609375,0.09072153562074714,0.9996944506998522,-3.107568143612127e-05,-0.5449884006034287,-1.0302914799709453,1.0302914799709453,4.7636789767935284e-05,0.00027664958566958267,0.9995669474700491,-0.0006737360865098907,0.6882313793216145,2.0,0.5277777777777778,IVV,VOO
2023-12-05,442.6616516113281,404.9882507324219,0.09072153562074714,0.9996944506998522,6.0594970817007265e-05,-0.012856133917867166,-0.5449884006034287,0.5449884006034287,7.988300712824525e-05,0.00027030163073911597,0.9995714581622446,-0.0005938530793816454,0.6956937041187857,0.0,0.49603174603174605,IVV,VOO
2023-12-06,440.8282775878906,403.29925537109375,0.09072153562074714,0.9996944506998522,8.821290589722253e-05,0.1608628533688656,-0.012856133917867166,0.012856133917867166,9.167065225312854e-05,0.0002491510358776061,0.99957025130686,-0.0005021824271285169,0.7042606237140822,0.0,0.4384920634920635,IVV,VOO
2023-12-07,444.2152099609375,406.4552917480469,0.09072153562074714,0.9996944506998522,-5.074358357060049e-05,-0.6107529240519287,0.1608628533688656,0.1608628533688656,2.761793508021526e-05,0.0002464892447312518,0.9995688217945937,-0.00047456449204830164,0.7030322232591627,0.0,0.4305555555555556,IVV,VOO
2023-12-08,446.1353759765625,408.1829223632813,0.09072153562074714,0.9996944506998522,2.2366303308096747e-05,-0.15239384402554199,-0.6107529240519287,0.6107529240519287,-0.00013895648946782302,0.0002483255658262422,0.9995783595118963,-0.0006135209815161247,0.700867390246588,0.0,0.4126984126984127,IVV,VOO
2023-12-11,447.8722534179688,409.7658081054688,0.09072153562074714,0.9996944506998522,3.87687823408811e-05,-0.04258067319677414,-0.15239384402554199,0.15239384402554199,7.310988687869724e-05,0.00024894226703276904,0.9995809819836095,-0.0005404110946374274,0.7023497438519598,0.0,0.4027777777777778,IVV,VOO
2023-12-12,450.0916137695313,411.80224609375,0.09072153562074714,0.9996944506998522,2.5936443091012507e-05,-0.13033353144664991,-0.04258067319677414,0.04258067319677414,1.6402479032784356e-05,0.00024870091555010884,0.999586464777564,-0.0005240086156046431,0.7023353077529874,0.0,0.3948412698412698,IVV,VOO
2023-12-13,456.2575378417969,417.4098510742188,0.09072153562074714,0.9996944506998522,0.00011100046804290997,0.32852207143196127,-0.13033353144664991,0.13033353144664991,-1.2832339249868596e-05,0.0002468107657567975,0.9996388234015406,-0.0005368409548545117,0.7025329655651852,0.0,0.2837301587301587,IVV,VOO
2023-12-14,457.6855773925781,418.6355895996094,0.09072153562074714,0.9996944506998522,0.0003046749287882733,1.3906821017858262,0.32852207143196127,0.32852207143196127,8.506402495189747e-05,0.00023074772853298194,0.9996582607043426,-0.0004517769299026142,0.6983302426524728,0.0,0.20634920634920634,IVV,VOO
2023-12-15,456.9136352539063,417.99853515625,0.09072153562074714,0.9996944506998522,0.00013906342444514053,0.38431818496960035,1.3906821017858262,1.3906821017858262,0.00019367446074536332,0.00023235622497358343,0.9996457461365695,-0.0002581024691572509,0.6931400995934532,1.0,0.22222222222222224,IVV,VOO
2023-12-18,459.451416015625,420.3631591796875,0.09072153562074714,0.9996944506998522,3.852560072914457e-05,-0.2777636081022348,0.38431818496960035,0.38431818496960035,-0.00016561150434313276,0.00023242296810626419,0.9996106437723512,-0.00042371397350038364,0.6834623273232993,0.0,0.2777777777777778,IVV,VOO
2023-12-19,462.1050109863281,422.9208679199219,0.09072153562074714,0.9996944506998522,-0.0002667487587091344,-1.983201677283901,-0.2777636081022348,0.2777636081022348,-0.00010053782371599596,0.0002137891160805936,0.9996093122358096,-0.0005242517972163796,0.6710625515491703,0.0,0.21031746031746035,IVV,VOO
2023-12-20,455.4830932617188,416.8162536621094,0.09072153562074714,0.9996944506998522,-0.00016515187113519403,-1.285101429694454,-1.983201677283901,1.983201677283901,-0.00030527435943827896,0.0001932896324764617,0.9995977425484452,-0.0008295261566546586,0.6795573951641969,1.0,0.21626984126984125,IVV,VOO
2023-12-21,460.1043701171875,420.87689208984375,0.09072153562074714,0.9996944506998522,0.00023767947665209732,1.0130973863727106,-1.285101429694454,1.285101429694454,0.00010159688757394036,0.00018022477683282985,0.9995955230659861,-0.0007279292690807182,0.7032110843364717,2.0,0.21031746031746032,IVV,VOO
2023-12-22,460.9859619140625,421.8556823730469,0.09072153562074714,0.9996944506998522,-0.0001702724830980884,-1.2342983463467523,1.0130973863727106,1.0130973863727106,0.00040283134778729135,0.00016702853187006993,0.9995802870263941,-0.00032509792129342685,0.7078056406046273,3.0,0.22817460317460317,IVV,VOO
2023-12-26,462.9720764160156,423.6098937988281,0.09072153562074714,0.9996944506998522,-1.955282024734828e-05,-0.36382865755043764,-1.2342983463467523,1.2342983463467523,-0.0004079519597501857,0.00018507441898890856,0.9995553062907508,-0.0007330498810436126,0.6897982732398276,4.0,0.2976190476190476,IVV,VOO
2023-12-27,463.8537292480469,424.38519287109375,0.09072153562074714,0.9996944506998522,5.498092661060383e-05,0.04500141519734682,-0.36382865755043764,0.36382865755043764,0.00015071966285074012,0.0001870812484834001,0.9995568122012813,-0.0005823302181928725,0.6932353183331997,0.0,0.29960317460317465,IVV,VOO
2023-12-28,464.06683349609375,424.4530334472656,0.09072153562074714,0.9996944506998522,0.00035450213085219673,1.763660576350102,0.04500141519734682,0.04500141519734682,7.453374685795211e-05,0.00018556000981194618,0.9995656288406645,-0.0005077964713349203,0.6930650966956972,0.0,0.2837301587301587,IVV,VOO
2023-12-29,462.7395629882813,423.319091796875,0.09072153562074714,0.9996944506998522,0.00016461320679539426,0.7062905065895261,1.763660576350102,1.763660576350102,0.0002995212042415929,0.00019254831565619916,0.9995240292444293,-0.00020827526709332744,0.6953536189948032,1.0,0.32142857142857145,IVV,VOO
2024-01-02,460.0849304199219,420.6152648925781,0.09072153562074714,0.9996944506998522,0.0008170552991648705,3.3794636493863237,0.7062905065895261,0.7062905065895261,-0.00018988892405680247,0.0001879117765988103,0.9995300323178147,-0.0003981641911501299,0.7066127962050553,0.0,0.3174603174603175,IVV,VOO
2024-01-03,456.325927734375,417.4946594238281,0.09072153562074714,0.9996944506998522,5.7787483213722624e-05,-0.1059264000905765,3.3794636493863237,3.3794636493863237,0.0006524420923694763,0.00023364404876676534,0.9994955573077241,0.0,0.7289074223057144,1.0,0.46031746031746035,IVV,VOO
2024-01-04,454.921142578125,416.1766052246094,0.09072153562074714,0.9996944506998522,0.00013565468014142823,0.2731513298113301,-0.1059264000905765,0.1059264000905765,-0.0007592678159511479,0.0002919385908854278,0.9994167584858792,-0.0007592678159511479,0.7209379431185657,0.0,0.7123015873015873,IVV,VOO
2024-01-05,455.4637145996094,416.7096252441406,0.09072153562074714,0.9996944506998522,4.807284467833739e-05,-0.08181767569363757,0.2731513298113301,0.2731513298113301,7.78671969277056e-05,0.0002917478143825275,0.9994159517183994,-0.0006814006190234423,0.716813836674342,0.0,0.7123015873015873,IVV,VOO
2024-01-08,461.7320251464844,422.6697998046875,0.09072153562074714,0.9996944506998522,-0.0004805723344070145,-2.437690025091881,-0.08181767569363757,0.08181767569363757,-8.758183546309084e-05,0.00029235635004879607,0.9994126696975495,-0.0007689824544865331,0.7177184532313955,0.0,0.7162698412698413,IVV,VOO
2024-01-09,461.2960510253906,421.6425476074219,0.09072153562074714,0.9996944506998522,0.001007371084055464,3.359747253802815,-2.437690025091881,2.437690025091881,-0.0005286451790853519,0.0003130850085164969,0.9993947605991166,-0.001297627633571885,0.717766709578019,1.0,0.7777777777777778,IVV,VOO
2024-01-10,463.8827819824219,424.4239807128906,0.09072153562074714,0.9996944506998522,2.6246736595680886e-05,-0.1823649822701194,3.359747253802815,3.359747253802815,0.0014879434184624785,0.00045441175870510937,0.999068739684047,0.0,0.6377297990578324,2.0,0.9880952380952381,IVV,VOO
2024-01-11,463.630859375,424.2786254882813,0.09072153562074714,0.9996944506998522,-0.00017454416722717525,-0.889061572672076,-0.1823649822701194,0.1823649822701194,-0.000981124347459783,0.000506983271601374,0.9989205198655725,-0.000981124347459783,0.6423488465863982,0.0,1.0,IVV,VOO
2024-01-12,464.0280456542969,424.4723510742188,0.09072153562074714,0.9996944506998522,0.00022541931876762789,0.5268085212341801,-0.889061572672076,0.889061572672076,-0.00020079090382285614,0.0005088610462653744,0.998891652759957,-0.0011819152512826392,0.643233193219814,0.0,1.0,IVV,VOO
2024-01-16,462.41986083984375,423.02838134765625,0.09072153562074714,0.9996944506998522,0.00016025111557382843,0.2594358783984186,0.5268085212341801,0.5268085212341801,0.00039996348599480314,0.0005163758916719267,0.9988784189444103,-0.000781951765287836,0.6396516016048873,0.0,1.0,IVV,VOO
2024-01-17,459.8233947753906,420.6734008789063,0.09072153562074714,0.9996944506998522,0.00011027811529729092,0.053113650109143984,0.2594358783984186,0.2594358783984186,-6.516820319379946e-05,0.0005147441111727719,0.9988191019626176,-0.0008471199684816355,0.6304256566724064,0.0,0.998015873015873,IVV,VOO
2024-01-18,463.76654052734375,424.4142456054688,0.09072153562074714,0.9996944506998522,-0.00020143786841231304,-1.0440714776965743,0.053113650109143984,0.053113650109143984,-4.9973000276537505e-05,0.0005135806466523449,0.998856023488606,-0.000897092968758173,0.625657510039104,0.0,0.9940476190476191,IVV,VOO
2024-01-19,469.56976318359375,429.6088562011719,0.09072153562074714,0.9996944506998522,7.26916553226431e-05,-0.06346277295198735,-1.0440714776965743,1.0440714776965743,-0.00031171598370960396,0.0005176641246597223,0.9987808298417403,-0.001208808952467777,0.6210930511788336,1.0,1.0,IVV,VOO
2024-01-22,470.5870971679688,430.5876770019531,0.09072153562074714,0.9996944506998522,-3.824122106799166e-05,-0.4443030685901085,-0.06346277295198735,0.06346277295198735,0.00027412952373495614,0.0005166524757532499,0.998800922726373,-0.0009346794287328208,0.6121743018413993,0.0,0.996031746031746,IVV,VOO
2024-01-23,472.0499877929688,431.866943359375,0.09072153562074714,0.9996944506998522,9.992044653284182e-05,0.03122617360229642,-0.4443030685901085,0.4443030685901085,-0.00011093287639063476,0.0005169881750880631,0.998788899533571,-0.0010456123051234556,0.6138901236533332,0.0,0.996031746031746,IVV,VOO
2024-01-24,472.4083862304688,432.2254943847656,0.09072153562074714,0.9996944506998522,2.923377410279926e-05,-0.22308079888789448,0.03122617360229642,0.03122617360229642,0.00013816166760083348,0.0005100101691823353,0.9986657655087801,-0.0009074506375226221,0.6136844410300485,0.0,0.9880952380952381,IVV,VOO
2024-01-25,475.0435791015625,434.6580505371094,0.09072153562074714,0.9996944506998522,-1.8544111531682006e-05,-0.3868047105954666,-0.22308079888789448,0.22308079888789448,-7.068667243004256e-05,0.0005019829677274398,0.9985559998356487,-0.0009781373099526647,0.613472464742398,0.0,0.9821428571428572,IVV,VOO
2024-01-26,474.5495300292969,434.3963928222656,0.09072153562074714,0.9996944506998522,-0.00045711071158294203,-1.7921998851448193,-0.3868047105954666,0.3868047105954666,-4.7777885634481265e-05,0.0005010635884702294,0.9985331694746866,-0.001025915195587146,0.615017292136821,0.0,0.9801587301587302,IVV,VOO
2024-01-29,478.2795715332031,437.5557861328125,0.09072153562074714,0.9996944506998522,0.00012780244148125064,0.1817351758857501,-1.7921998851448193,1.7921998851448193,-0.00043856660005126,0.0005096551743901157,0.9984556311530353,-0.001464481795638406,0.6192897749941118,1.0,0.9861111111111112,IVV,VOO
2024-01-30,477.9210205078125,437.2456665039063,0.09072153562074714,0.9996944506998522,8.664215721676527e-05,0.06798695104792059,0.1817351758857501,0.1817351758857501,0.0005849131530641927,0.0005223945173586189,0.9983943485213149,-0.0008795686425742133,0.6187990240274169,0.0,1.0,IVV,VOO
2024-01-31,470.0735778808594,430.12249755859375,0.09072153562074714,0.9996944506998522,-4.947828858270498e-05,-0.3745911503485703,0.06798695104792059,0.06798695104792059,-4.116028426448537e-05,0.0005208561540424379,0.9983572558462467,-0.0009207289268386987,0.6182504931973427,0.0,0.998015873015873,IVV,VOO
2024-02-01,476.3128356933594,435.7822570800781,0.09072153562074714,0.9996944506998522,6.74790468471187e-05,0.0207163468530546,-0.3745911503485703,0.3745911503485703,-0.00013612044579947025,0.0004990706717109645,0.998417045702362,-0.001056849372638169,0.6183113300689772,0.0,0.9682539682539683,IVV,VOO
2024-02-02,481.2247314453125,440.25970458984375,0.09072153562074714,0.9996944506998522,0.00010804207183667813,0.1189538240749132,0.0207163468530546,0.0207163468530546,0.00011695733542982367,0.0004720254990901835,0.9984781389120863,-0.0009398920372083452,0.6207447770320327,0.0,0.9623015873015872,IVV,VOO
2024-02-05,479.6164245605469,438.65087890625,0.09072153562074714,0.9996944506998522,0.0004201725333921047,1.1266447989938957,0.1189538240749132,0.1189538240749132,4.056302498955944e-05,0.0004717896813188624,0.9985612604909027,-0.0008993290122187858,0.6216906514806347,0.0,0.9543650793650793,IVV,VOO
2024-02-06,480.9147033691406,440.017333984375,0.09072153562074714,0.9996944506998522,1.4087126579021003e-05,-0.24857650164960848,1.1266447989938957,1.1266447989938957,0.00031213046155542656,0.00047616069393622884,0.9985646616255093,-0.0005871985506633592,0.6240560714853124,1.0,0.9543650793650793,IVV,VOO
2024-02-07,484.819091796875,443.63226318359375,0.09072153562074714,0.9996944506998522,-7.93822970877045e-05,-0.586896738838202,-0.24857650164960848,0.24857650164960848,-0.0004060854068130837,0.0004698248754085334,0.9985319439907705,-0.000993283957476443,0.6237337122723196,0.0,0.9543650793650793,IVV,VOO
2024-02-08,485.1387634277344,443.9327392578125,0.09072153562074714,0.9996944506998522,-9.710960507991473e-05,-0.6367660982109499,-0.586896738838202,0.586896738838202,-9.34694236667255e-05,0.00032883521262278974,0.9984945217061887,-0.0010867533811431684,0.6249587379187173,0.0,0.9126984126984127,IVV,VOO
2024-02-09,487.9483337402344,446.4524536132813,0.09072153562074714,0.9996944506998522,1.934136614867299e-05,-0.2283992670808193,-0.6367660982109499,0.6367660982109499,-1.772730799221023e-05,0.00025086370998048905,0.9983844636926544,-0.0011044806891353787,0.6410537761005154,0.0,0.7321428571428572,IVV,VOO
2024-02-12,487.6867980957031,446.2489318847656,0.09072153562074714,0.9996944506998522,-6.096387120724245e-05,-0.46416707670962143,-0.2283992670808193,0.2283992670808193,0.00011645097122858772,0.0002480702643097856,0.9983867598808568,-0.000988029717906791,0.6326924934817226,0.0,0.7142857142857143,IVV,VOO
2024-02-13,481.1375122070313,439.959228515625,0.09072153562074714,0.9996944506998522,0.0006093030804015243,1.7398244241555867,-0.46416707670962143,0.46416707670962143,-8.030523735591544e-05,0.0002318441367751,0.9982023597892749,-0.0010683349552627064,0.6266944608239644,0.0,0.6488095238095238,IVV,VOO
2024-02-14,485.4294128417969,444.14593505859375,0.09072153562074714,0.9996944506998522,2.183524403065462e-05,-0.1409862265776042,1.7398244241555867,1.7398244241555867,0.0006702669516087667,0.0002751420860274246,0.998318906473222,-0.0003980680036539397,0.618264952705029,1.0,0.7996031746031746,IVV,VOO
2024-02-15,488.6265258789063,447.1502380371094,0.09072153562074714,0.9996944506998522,-0.00015299465938856116,-0.7585646532698204,-0.1409862265776042,0.1409862265776042,-0.0005874678363708696,0.0003054812420072608,0.9983039927279478,-0.0009855358400248093,0.6193127880425288,0.0,0.875,IVV,VOO
2024-02-16,486.3013610839844,444.8630676269531,0.09072153562074714,0.9996944506998522,0.00020362731989909122,0.5466129599080948,-0.7585646532698204,0.7585646532698204,-0.00017482990341921578,0.00030000401621014736,0.9983527658909644,-0.001160365743444025,0.6262074104126998,0.0,0.8531746031746033,IVV,VOO
2024-02-20,483.5983581542969,442.4208068847656,0.09072153562074714,0.9996944506998522,0.00013319335759476303,0.27693081461726093,0.5466129599080948,0.5466129599080948,0.0003566219792876524,0.0003042483003226459,0.9984072497600152,-0.0008037437641563727,0.628686195120923,0.0,0.8571428571428572,IVV,VOO
2024-02-21,484.0343017578125,442.8666076660156,0.09072153562074714,0.9996944506998522,2.7420606871331188e-05,-0.18639768606117518,0.27693081461726093,0.27693081461726093,-7.043396230432819e-05,0.00030359373524834187,0.9984407646342544,-0.0008741777264607009,0.6309978062129914,0.0,0.8472222222222222,IVV,VOO
2024-02-22,494.14886474609375,452.17034912109375,0.09072153562074714,0.9996944506998522,-7.55591615941853e-05,-0.6123362667556296,-0.18639768606117518,0.18639768606117518,-0.00010577275072343184,0.0003030419962185671,0.998484800065954,-0.0009799504771841328,0.6283698737008088,0.0,0.8373015873015872,IVV,VOO
2024-02-23,494.4298400878906,452.3738708496094,0.09072153562074714,0.9996944506998522,4.302297627400975e-05,0.020796176322174894,-0.6123362667556296,0.6123362667556296,-0.00010297976846551649,0.00030348072342947975,0.9986852429488808,-0.0010829302456496492,0.6344228881988889,0.0,0.8234126984126984,IVV,VOO
2024-02-26,492.5696411132813,450.7166442871094,0.09072153562074714,0.9996944506998522,-5.737806571559645e-05,-0.5485637253055408,0.020796176322174894,0.020796176322174894,0.00011858213786819505,0.00030447902551611447,0.9986813523938611,-0.0009643481077814542,0.6300855985399381,0.0,0.8313492063492063,IVV,VOO
2024-02-27,493.4416198730469,451.5501098632813,0.09072153562074714,0.9996944506998522,-0.00013560683706170806,-0.9127107215282776,-0.5485637253055408,0.5485637253055408,-0.0001004010419896062,0.00028845185577868696,0.9986948752637458,-0.0010647491497710604,0.6267971831778223,0.0,0.7837301587301587,IVV,VOO
2024-02-28,492.8215637207031,450.8523254394531,0.09072153562074714,0.9996944506998522,0.0001530398618259099,0.6703173365214538,-0.9127107215282776,0.9127107215282776,-7.822877134611161e-05,0.00025812844603895115,0.9986960710129088,-0.001142977921117172,0.6266240858122861,0.0,0.7063492063492063,IVV,VOO
2024-02-29,494.5363464355469,452.5192565917969,0.09072153562074714,0.9996944506998522,-6.282198694140817e-05,-0.4811881887508951,0.6703173365214538,0.6703173365214538,0.00028864669888761796,0.00026622147081987194,0.998698136940751,-0.000854331222229554,0.6251624827667305,0.0,0.7123015873015873,IVV,VOO
2024-03-01,499.3223876953125,456.88031005859375,0.09072153562074714,0.9996944506998522,-1.9721266326655496e-05,-0.28552834118015424,-0.4811881887508951,0.4811881887508951,-0.00021586184876731807,0.00026886395468183255,0.9986857097509828,-0.0010701930709968721,0.6242782280907361,0.0,0.7202380952380952,IVV,VOO
2024-03-04,498.7314147949219,456.3376770019531,0.09072153562074714,0.9996944506998522,-1.593731144922117e-05,-0.24761666143734284,-0.28552834118015424,0.28552834118015424,4.3100720614752674e-05,0.00026772783608855196,0.9986893837756018,-0.0010270923503821194,0.626578505709513,0.0,0.7142857142857143,IVV,VOO
2024-03-05,493.6934814453125,451.7632446289063,0.09072153562074714,0.9996944506998522,-9.707022688676403e-05,-0.6886522501225858,-0.24761666143734284,0.24761666143734284,3.7839548774343257e-06,0.0002675392021749583,0.9986925585780577,-0.0010233083955046851,0.6270802816411802,0.0,0.7103174603174603,IVV,VOO
2024-03-06,496.367431640625,454.1571044921875,0.09072153562074714,0.9996944506998522,2.1209167174518484e-05,-0.012985257164541382,-0.6886522501225858,0.6886522501225858,-8.113291543754286e-05,0.00025769101261644814,0.9987354181573097,-0.001104441310942228,0.6292841102330378,0.0,0.6865079365079365,IVV,VOO
2024-03-07,501.2987060546875,458.6538696289063,0.09072153562074714,0.9996944506998522,5.7275049866412076e-05,0.18382981701611256,-0.012985257164541382,0.012985257164541382,0.00011827939406128252,0.0002439828154377576,0.9987235933669587,-0.0009861619168809455,0.631714054866712,0.0,0.6369047619047619,IVV,VOO
2024-03-08,498.2566528320313,455.87249755859375,0.09072153562074714,0.9996944506998522,5.125392787075356e-05,0.13715803917948532,0.18382981701611256,0.18382981701611256,3.606588269189359e-05,0.00024312396775737053,0.9987483671184969,-0.0009500960341890519,0.6349915731884886,0.0,0.625,IVV,VOO
2024-03-11,498.014404296875,455.4945068359375,0.09072153562074714,0.9996944506998522,0.000394192777257274,2.036659345218013,0.13715803917948532,0.13715803917948532,-6.021121995658518e-06,0.00024307822249756573,0.9987722715202352,-0.0009561171561847104,0.6450072973774621,0.0,0.621031746031746,IVV,VOO
2024-03-12,503.2073059082031,460.3692626953125,0.09072153562074714,0.9996944506998522,0.00012541325272863446,0.4225765729062573,2.036659345218013,2.036659345218013,0.0003429388493865204,0.000252968533482424,0.998753193303145,-0.00061317830679819,0.6428523708068571,1.0,0.6666666666666666,IVV,VOO
2024-03-13,502.4033203125,459.6715087890625,0.09072153562074714,0.9996944506998522,4.2739046351769616e-05,-0.06541953796653038,0.4225765729062573,0.4225765729062573,-0.0002687795245286395,0.0002598984357117403,0.9987250066272574,-0.0008819578313268295,0.646627627903267,0.0,0.6865079365079365,IVV,VOO
2024-03-14,501.30853271484375,458.6635437011719,0.09072153562074714,0.9996944506998522,5.579161383373332e-05,-0.008098818231345896,-0.06541953796653038,0.06541953796653038,-8.267420637686484e-05,0.00021144836923841733,0.9987337338218256,-0.0009646320377036943,0.6454801814290296,0.0,0.5138888888888888,IVV,VOO
2024-03-15,497.2297058105469,455.5042114257813,0.09072153562074714,0.9996944506998522,-0.001204002944913185,-4.3494283110786744,-0.008098818231345896,0.008098818231345896,1.3052567481963706e-05,0.00016811487981448109,0.9987415094227474,-0.0009515794702217306,0.6447765101663905,0.0,0.45833333333333337,IVV,VOO
2024-03-18,500.73681640625,458.3534851074219,0.09072153562074714,0.9996944506998522,-0.0004092807667088749,-1.4041805729454473,-4.3494283110786744,4.3494283110786744,-0.0012597945587469184,0.0003214495156599212,0.9984853919880441,-0.002211374028968649,0.6460033179553711,1.0,0.8908730158730158,IVV,VOO
2024-03-19,503.6336364746094,460.9216918945313,0.09072153562074714,0.9996944506998522,-0.0002266028910469231,-0.7198211090754011,-1.4041805729454473,1.4041805729454473,0.0007947221782043101,0.00036107118629567477,0.998388933098192,-0.0014166518507643389,0.7189554329462826,2.0,0.9325396825396826,IVV,VOO
2024-03-20,508.31298828125,464.9436340332031,0.09072153562074714,0.9996944506998522,0.00033631798206723573,1.211098182377447,-0.7198211090754011,0.7198211090754011,0.00018267787566195182,0.00036387968092313385,0.9982456561495191,-0.001233973975102387,0.7328645093494297,0.0,0.9503968253968254,IVV,VOO
2024-03-21,509.8827209472656,466.4942321777344,0.09072153562074714,0.9996944506998522,9.122405947081802e-05,0.34203340828108664,1.211098182377447,1.211098182377447,0.0005629208731141588,0.00038441918955569356,0.9982082671350587,-0.0006710531019882282,0.7234074933936296,1.0,0.9583333333333333,IVV,VOO
2024-03-22,509.2023315429688,465.8845520019531,0.09072153562074714,0.9996944506998522,6.332485362481322e-05,0.22717097972857436,0.34203340828108664,0.34203340828108664,-0.0002450939225964177,0.0003878407219099303,0.9982290307792302,-0.0009161470245846459,0.7238175031990286,0.0,0.9563492063492063,IVV,VOO
2024-03-25,507.6084289550781,464.6790161132813,0.09072153562074714,0.9996944506998522,-0.0004815894715104463,-1.5355274420565224,0.22717097972857436,0.22717097972857436,-2.7899205846004804e-05,0.00038707204610563176,0.9982342809134811,-0.0009440462304306507,0.7253668088666774,0.0,0.9523809523809523,IVV,VOO
2024-03-26,506.539306640625,463.3761596679688,0.09072153562074714,0.9996944506998522,0.0002168517029783601,0.7450597490077577,-1.5355274420565224,1.5355274420565224,-0.0005449143251352595,0.0004046213954120505,0.9981938652722308,-0.0014889605555659102,0.7251348458354823,1.0,0.9603174603174602,IVV,VOO
2024-03-27,510.9518127441406,467.4207458496094,0.09072153562074714,0.9996944506998522,0.00020222522522939101,0.7922983823265045,0.7450597490077577,0.7450597490077577,0.0006984411744888064,0.0004335237145057259,0.9981333337794794,-0.0007905193810771038,0.7158558052913332,0.0,0.9603174603174602,IVV,VOO
2024-03-28,510.9614868164063,467.3624572753906,0.09072153562074714,0.9996944506998522,0.00034583073324334634,1.2263428426896958,0.7922983823265045,0.7922983823265045,-1.462647774896908e-05,0.0004290596478913606,0.9981612478300459,-0.0008051458588260729,0.722290442766911,0.0,0.9563492063492063,IVV,VOO
2024-04-01,510.1354370117188,466.7499084472656,0.09072153562074714,0.9996944506998522,3.897426687959893e-05,0.15478063485697785,1.2263428426896958,1.2263428426896958,0.00014360550801395533,0.00042706211145832204,0.9981933909387635,-0.0006615403508121176,0.7270191355224265,1.0,0.9523809523809523,IVV,VOO
2024-04-02,506.8017578125,463.697021484375,0.09072153562074714,0.9996944506998522,4.285111315027734e-05,0.18808113059552792,0.15478063485697785,0.15478063485697785,-0.0003068564663637474,0.00043290424770966047,0.9982317592713702,-0.000968396817175865,0.7261855845081605,0.0,0.9444444444444444,IVV,VOO
2024-04-03,507.3655090332031,464.1150817871094,0.09072153562074714,0.9996944506998522,0.00025370397773283315,0.8958103546907991,0.18808113059552792,0.18808113059552792,3.8768462706784135e-06,0.00043290425729376975,0.9982617236055225,-0.0009645199709051866,0.7261635391432261,0.0,0.9384920634920635,IVV,VOO
2024-04-04,501.1257629394531,458.398193359375,0.09072153562074714,0.9996944506998522,0.0002696597153821756,0.9098046768707182,0.8958103546907991,0.8958103546907991,0.0002108528645825558,0.0004347423936659905,0.9982556143418259,-0.0007536671063226308,0.7259364938112295,0.0,0.9404761904761905,IVV,VOO
2024-04-05,506.3546752929688,463.2692260742188,0.09072153562074714,0.9996944506998522,8.301637028651498e-05,0.26069696312381596,0.9098046768707182,0.9098046768707182,1.595573764934244e-05,0.00043412839638171693,0.9983284996119034,-0.0007377113686732883,0.7302932025864837,0.0,0.9305555555555556,IVV,VOO
2024-04-08,506.49066162109375,463.4539184570313,0.09072153562074714,0.9996944506998522,-4.693082124163084e-05,-0.16859277779615037,0.26069696312381596,0.26069696312381596,-0.0001866433450956606,0.00043623030237706785,0.9987490170679488,-0.0005262867101150093,0.7306313806117072,0.0,0.8630952380952381,IVV,VOO
2024-04-09,507.1225280761719,464.027587890625,0.09072153562074714,0.9996944506998522,-3.684001893411448e-05,-0.1368429750412556,-0.16859277779615037,0.16859277779615037,-0.00012994719152814582,0.0004371692276136703,0.9989051555467015,-0.0006562339016431551,0.7304153242202247,0.0,0.8432539682539683,IVV,VOO
2024-04-10,502.2045593261719,459.5357666015625,0.09072153562074714,0.9996944506998522,-5.7703641304307496e-05,-0.21685276283456445,-0.1368429750412556,0.1368429750412556,1.0090802307516356e-05,0.00042988521665658647,0.9989105993889762,-0.0006461430993356387,0.7324308177072677,0.0,0.8273809523809523,IVV,VOO
2024-04-11,505.9659118652344,462.8511657714844,0.09072153562074714,0.9996944506998522,0.00021749732048359505,0.7064395133268663,-0.21685276283456445,0.21685276283456445,-2.0863622370193013e-05,0.0004261356428213782,0.9989830283649174,-0.0006670067217058318,0.7212009207927994,0.0,0.8154761904761905,IVV,VOO
2024-04-12,498.8904113769531,456.5412292480469,0.09072153562074714,0.9996944506998522,-0.0001430065748211362,-0.5006028998699852,0.7064395133268663,0.7064395133268663,0.00027520096178790254,0.0004301675158441106,0.9989756702595167,-0.0003918057599179292,0.7250374769061818,0.0,0.8214285714285714,IVV,VOO
2024-04-15,492.7090759277344,450.74658203125,0.09072153562074714,0.9996944506998522,0.00015925818333073494,0.4948857970289922,-0.5006028998699852,0.5006028998699852,-0.00036050389530473126,0.00043762001265310816,0.999020329117115,-0.0007523096552226605,0.7220150432335075,0.0,0.8273809523809523,IVV,VOO
2024-04-16,491.7662963867188,449.9396362304688,0.09072153562074714,0.9996944506998522,3.526395296216123e-05,0.07343853836875582,0.4948857970289922,0.4948857970289922,0.00030226475815187115,0.0003349297802572933,0.9990589785954218,-0.0004500448970707893,0.7190954480052657,0.0,0.7797619047619048,IVV,VOO
2024-04-17,488.908935546875,447.2270202636719,0.09072153562074714,0.9996944506998522,0.00025315728688823924,0.7590496256080801,0.07343853836875582,0.07343853836875582,-0.0001239942303685737,0.00029243746575110223,0.9990295808628145,-0.000574039127439363,0.7179758061827066,0.0,0.7023809523809523,IVV,VOO
2024-04-18,487.7814636230469,446.2061462402344,0.09072153562074714,0.9996944506998522,0.00022898233418366942,0.6507628585020896,0.7590496256080801,0.7590496256080801,0.00021789333392607801,0.0002935023198532126,0.9990360546169078,-0.000356145793513285,0.7176768771131374,0.0,0.7043650793650793,IVV,VOO
2024-04-19,483.5537109375,442.4727478027344,0.09072153562074714,0.9996944506998522,-7.64926889926798e-05,-0.34284289843103216,0.6507628585020896,0.6507628585020896,-2.417495270456982e-05,0.0002662244540313964,0.9990392995785307,-0.00038032074621785483,0.7213164985755499,0.0,0.6130952380952381,IVV,VOO
2024-04-22,488.0147705078125,446.3130798339844,0.09072153562074714,0.9996944506998522,0.000467621332494339,1.3597986218159546,-0.34284289843103216,0.34284289843103216,-0.0003054750231763492,0.0002692510686196774,0.9990513408592397,-0.0006857957693942041,0.7175058492846934,0.0,0.6190476190476191,IVV,VOO
2024-04-23,493.8948059082031,451.94244384765625,0.09072153562074714,0.9996944506998522,-8.582731689887879e-05,-0.3619709015542928,1.3597986218159546,1.3597986218159546,0.0005441140214870188,0.00029482521304945636,0.999025734085085,-0.00014168174790718524,0.7125638454247584,1.0,0.7063492063492063,IVV,VOO
2024-04-24,493.7003784179688,451.6118774414063,0.09072153562074714,0.9996944506998522,0.0002519122377417915,0.7184562243152456,-0.3619709015542928,0.3619709015542928,-0.0005534486493932178,0.0002956478740631229,0.9990407024564919,-0.000695130397300403,0.7047997425374292,0.0,0.6964285714285714,IVV,VOO
2024-04-25,491.61077880859375,449.7451477050781,0.09072153562074714,0.9996944506998522,0.00015118713329709266,0.3803195008712803,0.7184562243152456,0.7184562243152456,0.0003377395546406703,0.00026288506646486245,0.999058925748644,-0.00035739084265973275,0.6978834591962272,0.0,0.5853174603174602,IVV,VOO
2024-04-26,496.4217224121094,454.2467346191406,0.09072153562074714,0.9996944506998522,-6.669576392948073e-05,-0.3084369061717487,0.3803195008712803,0.3803195008712803,-0.00010072510444469884,0.0002638213404874829,0.999063321184865,-0.0004581159471044316,0.7001606639904021,0.0,0.5853174603174603,IVV,VOO
2024-04-29,498.190673828125,455.83148193359375,0.09072153562074714,0.9996944506998522,8.7737034872859e-06,-0.28906113248424,-0.3084369061717487,0.3084369061717487,-0.0002178828972265734,0.0002655659755787691,0.9989979831378984,-0.000675998844331005,0.6994112442725396,0.0,0.6130952380952381,IVV,VOO
2024-04-30,490.26953125,448.6270751953125,0.09072153562074714,0.9996944506998522,-9.246442184895898e-05,-0.8931636284164256,-0.28906113248424,0.28906113248424,7.546946741676663e-05,0.00025792477576873216,0.9989532059046973,-0.0006005293769142384,0.705713161576056,0.0,0.6011904761904762,IVV,VOO
2024-05-01,488.7339477539063,447.168701171875,0.09072153562074714,0.9996944506998522,2.554851515235157e-05,-0.34037642482604763,-0.8931636284164256,0.8931636284164256,-0.00010123812533624488,0.00025883083434865916,0.9990084250890963,-0.0007017675022504832,0.705456406787413,0.0,0.5912698412698413,IVV,VOO
2024-05-02,493.2047424316406,451.3396301269531,0.09072153562074714,0.9996944506998522,-0.00014968040560248141,-1.2073458257436842,-0.34037642482604763,0.34037642482604763,0.00011801293700131055,0.0002556999127820351,0.999020624379397,-0.0005837545652491727,0.7056095701730696,0.0,0.5694444444444444,IVV,VOO
2024-05-03,499.4055786132813,456.93988037109375,0.09072153562074714,0.9996944506998522,1.6535877165324564e-05,-0.2894796289246358,-1.2073458257436842,1.2073458257436842,-0.00017522892075483298,0.0002580610330853605,0.9990611885147143,-0.0007589834860040057,0.7059300335645166,1.0,0.5575396825396826,IVV,VOO
2024-05-06,504.6051940917969,461.5483703613281,0.09072153562074714,0.9996944506998522,0.0003423531040276373,1.3818631468188816,-0.2894796289246358,0.2894796289246358,0.00016621628276780598,0.0002581930841817233,0.9990812362798492,-0.0005927672032361997,0.7060030312580805,0.0,0.5496031746031746,IVV,VOO
2024-05-07,505.2563781738281,462.20941162109375,0.09072153562074714,0.9996944506998522,0.0002012401129114494,0.6187188871664385,1.3818631468188816,1.3818631468188816,0.00032581722686231274,0.00026600637691550125,0.9990914055940755,-0.00026694997637388695,0.7054181510354012,1.0,0.5654761904761905,IVV,VOO
2024-05-08,505.2078247070313,462.2289123535156,0.09072153562074714,0.9996944506998522,6.296232988312056e-05,-0.2122316171829662,0.6187188871664385,0.6187188871664385,-0.00014111299111618791,0.0002683041086555939,0.9990833229858709,-0.00040806296749007487,0.7110162421300401,0.0,0.5773809523809523,IVV,VOO
2024-05-09,507.9777221679688,464.8831481933594,0.09072153562074714,0.9996944506998522,-0.00019340436544812434,-1.6663865203092796,-0.2122316171829662,0.2122316171829662,-0.00013827778302832883,0.0002702344762053065,0.9990812670115342,-0.0005463407505184037,0.7043944266478874,0.0,0.5853174603174603,IVV,VOO
2024-05-10,508.6872863769531,465.456787109375,0.09072153562074714,0.9996944506998522,-3.0342525851878577e-05,-0.6334909032491004,-1.6663865203092796,1.6663865203092796,-0.0002563666953312449,0.0002685896274765891,0.9990941867813309,-0.0006610256979424634,0.7034897045024123,1.0,0.5674603174603174,IVV,VOO
2024-05-13,508.8621826171875,465.4859008789063,0.09072153562074714,0.9996944506998522,0.00025088941240003493,1.0593416815805659,-0.6334909032491004,0.6334909032491004,0.00016306183959624576,0.00025954202117782916,0.9991291841275977,-0.0004979638583462176,0.7065776273826251,0.0,0.5138888888888888,IVV,VOO
2024-05-14,511.18505859375,467.6930236816406,0.09072153562074714,0.9996944506998522,7.645021606883518e-05,-0.01699977569017122,1.0593416815805659,1.0593416815805659,0.0002812319382519135,0.0002583779672788726,0.9991142930292104,-0.0002167319200943041,0.7101834402784988,1.0,0.5178571428571428,IVV,VOO
2024-05-15,517.5217895507812,473.3903503417969,0.09072153562074714,0.9996944506998522,0.00029194024391010487,1.285528419639493,-0.01699977569017122,0.01699977569017122,-0.00017443919633119975,0.00025986274668070704,0.9991267312431397,-0.00039117111642550384,0.7049895177120893,0.0,0.5119047619047619,IVV,VOO
2024-05-16,516.3069458007812,472.4861755371094,0.09072153562074714,0.9996944506998522,-0.00014700399225819893,-1.2906217563108606,1.285528419639493,1.285528419639493,0.0002154900278412697,0.0002597634499794094,0.9991459335304028,-0.00017568108858423415,0.709894272162654,1.0,0.4900793650793651,IVV,VOO
2024-05-17,517.1817626953125,473.1862487792969,0.09072153562074714,0.9996944506998522,6.580499903829917e-05,-0.0013769467257546575,-1.2906217563108606,1.2906217563108606,-0.0004389442361683038,0.0002770050119614639,0.9991238537477133,-0.000614625324752538,0.7057111629006428,2.0,0.5892857142857143,IVV,VOO
2024-05-20,517.7843017578125,473.6528930664063,0.09072153562074714,0.9996944506998522,0.0002447824677229704,1.0113993561043626,-0.0013769467257546575,0.0013769467257546575,0.0002128089912964981,0.0002731907817176553,0.9990090115911057,-0.00040181633345603984,0.7052950704200194,0.0,0.6329365079365079,IVV,VOO
2024-05-21,519.0477294921875,474.9265747070313,0.09072153562074714,0.9996944506998522,-2.7555760526709605e-06,-0.47846621297352054,1.0113993561043626,1.0113993561043626,0.00017897746868467124,0.0002477061266749762,0.9990062313161437,-0.0002228388647713686,0.7056625701710828,1.0,0.5218253968253967,IVV,VOO
2024-05-22,517.5706176757812,473.54595947265625,0.09072153562074714,0.9996944506998522,5.7728031800152735e-05,-0.1397792286251514,-0.47846621297352054,0.47846621297352054,-0.00024753804377564137,0.00022184160923097252,0.9989887537428624,-0.00047037690854701,0.705306417626559,0.0,0.44841269841269843,IVV,VOO
2024-05-23,513.7897338867188,470.0263671875,0.09072153562074714,0.9996944506998522,0.00018375487811539415,0.6357331439607032,-0.1397792286251514,0.1397792286251514,6.0483607852823695e-05,0.0002088449092255145,0.9989932178115454,-0.0004098933006941863,0.7064632645949229,0.0,0.4126984126984127,IVV,VOO
2024-05-24,517.2012329101562,473.2251586914063,0.09072153562074714,0.9996944506998522,2.1249957872448988e-05,-0.4016421612550332,0.6357331439607032,0.6357331439607032,0.00012602684631524141,0.00020974907436110054,0.9990237669278413,-0.00028386645437894487,0.7031116865725329,0.0,0.3948412698412698,IVV,VOO
2024-05-28,517.599609375,473.6042785644531,0.09072153562074714,0.9996944506998522,-9.36739023771338e-06,-0.5579924498486281,-0.4016421612550332,0.4016421612550332,-0.00016250492024294516,0.0002071828523921628,0.9990349708640122,-0.00044637137462189,0.7012565981126971,0.0,0.38492063492063494,IVV,VOO
2024-05-29,513.896728515625,470.2694396972656,0.09072153562074714,0.9996944506998522,-0.00012487575004893614,-1.2191457490762032,-0.5579924498486281,0.5579924498486281,-3.061734811016237e-05,0.00020665269603071588,0.9990083629530284,-0.0004769887227320524,0.701536704373068,0.0,0.39880952380952384,IVV,VOO
2024-05-30,510.5630187988281,467.109619140625,0.09072153562074714,0.9996944506998522,0.00010665731132686318,0.23385382954181572,-1.2191457490762032,1.2191457490762032,-0.00011550835981122276,0.00020702218346764717,0.9990266438451535,-0.0005924970825432752,0.7026564624102296,1.0,0.3829365079365079,IVV,VOO
2024-05-31,515.07275390625,471.1737060546875,0.09072153562074714,0.9996944506998522,0.0002405213466811773,1.0656361176976008,0.23385382954181572,0.23385382954181572,0.00023153306137579932,0.00021172715780380633,0.9989917392269023,-0.00036096402116747583,0.7019940734372161,0.0,0.41666666666666663,IVV,VOO
2024-06-03,515.393310546875,471.6889953613281,0.09072153562074714,0.9996944506998522,-0.0002300176878033966,-1.761082253414306,1.0656361176976008,1.0656361176976008,0.00013386403535431413,0.00020934400562143852,0.9990069456085725,-0.0002270999858131617,0.7027362839394871,1.0,0.4007936507936508,IVV,VOO
2024-06-04,516.1514892578125,472.2626037597656,0.09072153562074714,0.9996944506998522,2.5006405531158293e-05,-0.1654463958120236,-1.761082253414306,1.761082253414306,-0.0004705390344845739,0.00023182437549397475,0.9989377891825987,-0.0006976390202977356,0.6972142208185306,2.0,0.4861111111111111,IVV,VOO
2024-06-05,522.3329467773438,477.911376953125,0.09072153562074714,0.9996944506998522,4.3430158696011745e-05,-0.07213459168746644,-0.1654463958120236,0.1654463958120236,0.0002550240933345549,0.00022712719244862562,0.9989106443163717,-0.0004426149269631807,0.697900678927607,0.0,0.4722222222222222,IVV,VOO
2024-06-06,522.3134155273438,477.8044128417969,0.09072153562074714,0.9996944506998522,0.00022980956563944943,1.204023560845385,-0.07213459168746644,0.07213459168746644,1.842375316485345e-05,0.0002253832332584524,0.9989775255051613,-0.00042419117379832727,0.6980793575301548,0.0,0.4543650793650793,IVV,VOO
2024-06-07,521.6524047851562,477.18212890625,0.09072153562074714,0.9996944506998522,0.0002662966127724431,1.3892068199679979,1.204023560845385,1.204023560845385,0.0001863794069434377,0.00022709269845291538,0.9989575010087525,-0.00023781176685488958,0.6964229423738625,1.0,0.4662698412698413,IVV,VOO
2024-06-10,523.2074584960938,478.7475280761719,0.09072153562074714,0.9996944506998522,-3.125953168314766e-05,-0.5986236068789821,1.3892068199679979,1.3892068199679979,3.6487047132993666e-05,0.00021884411649403395,0.9989574337619254,-0.00020132471972189592,0.6980708133899698,2.0,0.4444444444444445,IVV,VOO
2024-06-11,524.5049438476562,479.8364562988281,0.09072153562074714,0.9996944506998522,0.00017428009993292193,0.7321062388602964,-0.5986236068789821,0.5986236068789821,-0.00029755614445559075,0.00022697705274715694,0.998938901717447,-0.0004988808641774867,0.6963696519059953,0.0,0.46825396825396826,IVV,VOO
2024-06-12,528.8722534179688,483.8323974609375,0.09072153562074714,0.9996944506998522,0.00017564553522042559,0.6891827856229127,0.7321062388602964,0.7321062388602964,0.00020553963161606958,0.00022284898241351755,0.9991741312390374,-0.0002933412325614171,0.6949439758875577,0.0,0.30952380952380953,IVV,VOO
2024-06-13,529.9835815429688,484.7463073730469,0.09072153562074714,0.9996944506998522,0.00038821821927026434,1.9046427315236478,0.6891827856229127,0.6891827856229127,1.365435287503658e-06,0.00021938637995810148,0.9992826143201768,-0.00029197579727391343,0.6893090295357174,0.0,0.2638888888888889,IVV,VOO
2024-06-14,530.1687622070312,485.13525390625,0.09072153562074714,0.9996944506998522,-6.423903001362419e-05,-0.9757464419536725,1.9046427315236478,1.9046427315236478,0.00021257268404983876,0.00021924727834885858,0.9992743186760491,-7.940311322407467e-05,0.6972640946883724,1.0,0.2638888888888889,IVV,VOO
2024-06-17,534.5067749023438,488.9853515625,0.09072153562074714,0.9996944506998522,0.00018239972938527416,0.5710489091082124,-0.9757464419536725,0.9757464419536725,-0.00045245724928388853,0.0002206302191122071,0.9992729328372217,-0.0005318603625079632,0.6972529073103119,0.0,0.2718253968253968,IVV,VOO
2024-06-18,535.8032836914062,490.28814697265625,0.09072153562074714,0.9996944506998522,-5.484740751260375e-05,-0.8923176129512698,0.5710489091082124,0.5710489091082124,0.00024663875939889834,0.00022234653898394033,0.9992862505611516,-0.00028522160310906486,0.6938837888619023,0.0,0.2698412698412698,IVV,VOO
2024-06-20,534.1460571289062,488.9269714355469,0.09072153562074714,0.9996944506998522,-0.00037332810093726465,-2.5566937558845844,-0.8923176129512698,0.8923176129512698,-0.0002372471368978779,0.00022463345154748833,0.9992753946578706,-0.0005224687400069428,0.6924170790706885,0.0,0.2837301587301587,IVV,VOO
2024-06-21,533.2394409179688,487.85748291015625,0.09072153562074714,0.9996944506998522,0.00011705747188006654,0.3196049746239383,-2.5566937558845844,2.5566937558845844,-0.0003184806934246609,0.00022879918305661128,0.999310575616125,-0.0008409494334316037,0.6976468796677026,1.0,0.28968253968253965,IVV,VOO
2024-06-24,531.874755859375,486.54498291015625,0.09072153562074714,0.9996944506998522,0.00024767918944590406,1.023505949579587,0.3196049746239383,0.3196049746239383,0.0004903855728173312,0.0002540168564527657,0.9993554938700019,-0.00035056386061427247,0.6916782897062888,0.0,0.37103174603174605,IVV,VOO
2024-06-25,533.892578125,488.56732177734375,0.09072153562074714,0.9996944506998522,-0.00011235515557039832,-1.1079482703689147,1.023505949579587,1.023505949579587,0.00013062171756583751,0.0002541301062049359,0.9993398739551138,-0.00021994214304843496,0.6846691512196681,1.0,0.373015873015873,IVV,VOO
2024-06-26,534.7114868164062,489.1117248535156,0.09072153562074714,0.9996944506998522,0.0003069911009125903,1.3475777619360967,-1.1079482703689147,1.1079482703689147,-0.0003600343450163024,0.0002640237581776346,0.9993221269378871,-0.0005799764880647373,0.679981086458643,2.0,0.4285714285714286,IVV,VOO
2024-06-27,535.4913940429688,489.8700866699219,0.09072153562074714,0.9996944506998522,0.00021567176108572284,0.7782334112687511,1.3475777619360967,1.3475777619360967,0.0004193462564829886,0.00027972961409516496,0.9993051611623356,-0.00016063023158174872,0.6757069087725345,3.0,0.503968253968254,IVV,VOO
2024-06-28,533.4539184570312,487.9811096191406,0.09072153562074714,0.9996944506998522,0.0002658948947624751,1.080072633503063,0.7782334112687511,0.7782334112687511,-9.131933982686746e-05,0.00027921100310122795,0.9992891286127057,-0.0002519495714086162,0.6801990648512988,0.0,0.503968253968254,IVV,VOO
2024-07-01,534.604248046875,489.1031799316406,0.09072153562074714,0.9996944506998522,0.000123881635436085,0.20730513001568746,1.080072633503063,1.080072633503063,5.022313367675224e-05,0.0002750110261126108,0.99930268546969,-0.00020172643773186394,0.6837015720142123,1.0,0.4761904761904762,IVV,VOO
2024-07-02,538.01611328125,492.2742004394531,0.09072153562074714,0.9996944506998522,2.5206289219426026e-05,-0.37572169210148637,0.20730513001568746,0.20730513001568746,-0.00014201325932639008,0.00027526869280943835,0.9992494346208725,-0.000343739697058254,0.7440642667941585,0.0,0.503968253968254,IVV,VOO
2024-07-03,540.375244140625,494.4988403320313,0.09072153562074714,0.9996944506998522,-0.00010705798827093105,-1.0912228355979412,-0.37572169210148637,0.37572169210148637,-9.867534621665897e-05,0.0002550696162802658,0.9992368367100378,-0.000442415043274913,0.7564128766973889,0.0,0.41666666666666663,IVV,VOO
2024-07-05,543.7189331054688,497.4552307128906,0.09072153562074714,0.9996944506998522,0.00010265667794850941,0.13680901673136475,-1.0912228355979412,1.0912228355979412,-0.00013226427749035707,0.00025060443408118574,0.9992397531624044,-0.0005746793207652701,0.7561954775796488,1.0,0.39682539682539686,IVV,VOO
2024-07-08,544.3524780273438,497.933349609375,0.09072153562074714,0.9996944506998522,0.0003068106332699827,1.2703402554519279,0.13680901673136475,0.13680901673136475,0.00020971466621944046,0.0002549891287237808,0.9992392242841923,-0.0003649646545458296,0.7613051844176382,0.0,0.41468253968253965,IVV,VOO
2024-07-09,544.8594360351562,498.4797973632813,0.09072153562074714,0.9996944506998522,0.00014118726441925133,0.3179124970950284,1.2703402554519279,1.2703402554519279,0.0002041539553214733,0.0002556569576889506,0.9991915003919912,-0.0001608106992243563,0.7607940374915987,1.0,0.4285714285714286,IVV,VOO
2024-07-10,550.0454711914062,503.28021240234375,0.09072153562074714,0.9996944506998522,3.318392573525841e-05,-0.31412592201275175,0.3179124970950284,0.3179124970950284,-0.00016562336885073137,0.0002581494951345946,0.9991875684613797,-0.0003264340680750877,0.7626235253311339,0.0,0.4444444444444444,IVV,VOO
2024-07-11,545.3761596679688,498.9676513671875,0.09072153562074714,0.9996944506998522,0.00011119309429297175,0.118071691004425,-0.31412592201275175,0.31412592201275175,-0.00010800333868399292,0.0002506514779849304,0.9991508693220431,-0.0004344374067590806,0.7646293282842636,0.0,0.4365079365079365,IVV,VOO
2024-07-12,548.8659057617188,502.05084228515625,0.09072153562074714,0.9996944506998522,0.00033135009726237286,1.316660261304022,0.118071691004425,0.118071691004425,7.800916855771334e-05,0.0002470193117937308,0.999129165154541,-0.00035642823820136726,0.7661804972208398,0.0,0.4365079365079365,IVV,VOO
2024-07-15,550.3964233398438,503.5729064941406,0.09072153562074714,0.9996944506998522,8.979640531947553e-05,-0.09302793603202542,1.316660261304022,1.316660261304022,0.0002201570029694011,0.0002517761756507066,0.9991245969516083,-0.00013627123523196616,0.7689684221323467,1.0,0.4722222222222222,IVV,VOO
2024-07-16,553.662109375,506.4317626953125,0.09072153562074714,0.9996944506998522,0.00034623730611116343,1.3561528266145184,-0.09302793603202542,0.09302793603202542,-0.00024155369194289733,0.00025275930340671444,0.9990955569299174,-0.0003778249271748635,0.7700124245322246,0.0,0.4920634920634921,IVV,VOO
2024-07-17,545.9317626953125,499.35791015625,0.09072153562074714,0.9996944506998522,0.00034783861884779554,1.3054214017665018,1.3561528266145184,1.3561528266145184,0.0002564409007916879,0.0002382034760628424,0.9990774656070889,-0.00012138402638317558,0.7717452110208083,1.0,0.44642857142857145,IVV,VOO
2024-07-18,541.6132202148438,495.6014099121094,0.09072153562074714,0.9996944506998522,-4.523008594503608e-05,-1.0084858986284075,1.3054214017665018,1.3054214017665018,1.60131273663211e-06,0.00023249148872073438,0.9991626966070669,-0.00011978271364654347,0.7831544452417104,2.0,0.3611111111111111,IVV,VOO
2024-07-19,538.0843505859375,492.293701171875,0.09072153562074714,0.9996944506998522,0.00011242891758378448,-0.09463063872229967,-1.0084858986284075,1.0084858986284075,-0.0003930687047928316,0.00024296363163409497,0.9992122766722392,-0.0004334483052153004,0.7705495883755418,3.0,0.35317460317460314,IVV,VOO
2024-07-22,543.6701049804688,497.4065246582031,0.09072153562074714,0.9996944506998522,0.00011073396773575439,-0.08169202611887352,-0.09463063872229967,0.09463063872229967,0.00015765900352882056,0.0002336941982418044,0.9992625697358105,-0.00027578930168647986,0.7792102024340704,0.0,0.3134920634920635,IVV,VOO
2024-07-23,542.7634887695312,496.5771484375,0.09072153562074714,0.9996944506998522,0.00011003974898660118,-0.05554021641113046,-0.08169202611887352,0.08169202611887352,-1.6949498480300917e-06,0.0002077956235561869,0.999313657583445,-0.00027748425153450995,0.7793731041162322,0.0,0.17857142857142858,IVV,VOO
2024-07-24,530.5099487304688,485.2101440429688,0.09072153562074714,0.9996944506998522,0.00042478669999113094,1.6835287897901905,-0.05554021641113046,0.05554021641113046,-6.942187491532081e-07,0.00020561780574389083,0.9993080906583498,-0.00027817847028366316,0.7800747658508345,0.0,0.1746031746031746,IVV,VOO
2024-07-25,527.7122192382812,482.7610473632813,0.09072153562074714,0.9996944506998522,0.0001959034596339393,0.3516392449585212,1.6835287897901905,1.6835287897901905,0.00031474695100452976,0.0002001918725226716,0.9994315362851667,0.0,0.782855129864413,1.0,0.125,IVV,VOO
2024-07-26,533.6099243164062,488.17626953125,0.09072153562074714,0.9996944506998522,0.00015856579940809468,0.1387662701529779,0.3516392449585212,0.3516392449585212,-0.00022888324035719165,0.00018599476025151152,0.9994289963851491,-0.00022888324035719165,0.7877892528441465,0.0,0.11507936507936509,IVV,VOO
2024-07-29,533.9803466796875,488.5372924804688,0.09072153562074714,0.9996944506998522,0.00011347209066947528,-0.07223238955821397,0.1387662701529779,0.1387662701529779,-3.7337660225844616e-05,0.00018512021290560858,0.9993870849730404,-0.00026622090058303627,0.7871676025227883,0.0,0.13293650793650794,IVV,VOO
2024-07-30,531.1046752929688,485.9809265136719,0.09072153562074714,0.9996944506998522,-4.1602743997337654e-05,-1.0158719299841017,-0.07223238955821397,0.07223238955821397,-4.50937087386194e-05,0.00018491922059624103,0.9993839918042187,-0.00031131460932165567,0.793368190857519,0.0,0.1349206349206349,IVV,VOO
2024-07-31,539.390625,493.6402282714844,0.09072153562074714,0.9996944506998522,-0.00019351671970824214,-1.760891736294414,-1.0158719299841017,1.0158719299841017,-0.00015507483466681293,0.0001854150995751715,0.9993810704870444,-0.0004663894439884686,0.7911783147618845,1.0,0.14285714285714285,IVV,VOO
2024-08-01,532.3035888671875,486.9078674316406,0.09072153562074714,0.9996944506998522,0.00030828741920618796,1.0431690724995908,-1.760891736294414,1.760891736294414,-0.00015191397571090448,0.00018706863464178536,0.9994019349900612,-0.0006183034196993731,0.7921297028476657,2.0,0.1349206349206349,IVV,VOO
2024-08-02,522.2824096679688,478.0093994140625,0.09072153562074714,0.9996944506998522,-0.00025834943870073346,-2.3522136500870126,1.0431690724995908,1.0431690724995908,0.0005018041389144301,0.00021540350895732225,0.9994150267745909,-0.00011649928078494298,0.7795470438651071,3.0,0.19047619047619047,IVV,VOO
2024-08-05,507.08489990234375,463.65673828125,0.09072153562074714,0.9996944506998522,0.000688230421552305,2.7960644522191473,-2.3522136500870126,2.3522136500870126,-0.0005666368579069214,0.0002456806708408651,0.9994279939663385,-0.0006831361386918644,0.7651716473530387,4.0,0.2976190476190476,IVV,VOO
2024-08-06,511.9005432128906,468.2815551757813,0.09072153562074714,0.9996944506998522,0.00021793432012628955,0.3649248062487016,2.7960644522191473,2.7960644522191473,0.0009465798602530384,0.0003209950663894892,0.9994800214812384,0.0,0.744256433737517,5.0,0.5,IVV,VOO
2024-08-07,508.3618774414063,465.0324401855469,0.09072153562074714,0.9996944506998522,0.00024156507237016456,0.4389949200988103,0.3649248062487016,0.3649248062487016,-0.0004702961014260154,0.0003362650385374293,0.9994740935555725,-0.0004702961014260154,0.7603739164635807,0.0,0.5099206349206349,IVV,VOO
2024-08-08,520.1378173828125,475.88232421875,0.09072153562074714,0.9996944506998522,8.543219173251515e-05,-0.3594973349170705,0.4389949200988103,0.4389949200988103,2.363075224387501e-05,0.0003352984181703397,0.9994833951498866,-0.0004466653491821404,0.7621363393385874,0.0,0.503968253968254,IVV,VOO
2024-08-09,522.3604125976562,477.9215698242188,0.09072153562074714,0.9996944506998522,7.469054303843592e-05,-0.39184327819594245,-0.3594973349170705,0.3594973349170705,-0.0001561328806376494,0.00033681824360449895,0.9995497880847453,-0.0006027982298197898,0.7671030243571396,0.0,0.4861111111111111,IVV,VOO
2024-08-12,522.6138916015625,478.16552734375,0.09072153562074714,0.9996944506998522,4.966079411872215e-05,-0.48934497963339213,-0.39184327819594245,0.39184327819594245,-1.0741648694079231e-05,0.00033296518860257036,0.9995514991717908,-0.000613539878513869,0.7661872654457029,0.0,0.4781746031746032,IVV,VOO
2024-08-13,531.309326171875,486.1077880859375,0.09072153562074714,0.9996944506998522,8.272515712537398e-05,-0.3027386649543549,-0.48934497963339213,0.48934497963339213,-2.5029748919713768e-05,0.0003288470618415986,0.9995485226576838,-0.0006385696274335828,0.7666500581026824,0.0,0.4801587301587301,IVV,VOO
2024-08-14,533.0444946289062,487.65911865234375,0.09072153562074714,0.9996944506998522,0.00015796327816186562,0.0800437940941991,-0.3027386649543549,0.3027386649543549,3.306436300665183e-05,0.0003236315597149322,0.9995919768836758,-0.000605505264426931,0.7655942034911719,0.0,0.43452380952380953,IVV,VOO
2024-08-15,542.1688842773438,496.0307312011719,0.09072153562074714,0.9996944506998522,0.00011456287992483993,-0.2023073046388411,0.0800437940941991,0.0800437940941991,7.523812103649163e-05,0.000324197103619707,0.9995966221591931,-0.0005302671433904393,0.7652794271420436,0.0,0.43253968253968256,IVV,VOO
2024-08-16,543.3971557617188,497.0747375488281,0.09072153562074714,0.9996944506998522,0.0002756113343540534,0.6647123365926678,-0.2023073046388411,0.2023073046388411,-4.3400398237025684e-05,0.00031224844038367223,0.999620592237109,-0.000573667541627465,0.7650078527764524,0.0,0.3948412698412699,IVV,VOO
2024-08-19,548.4467163085938,501.8556518554688,0.09072153562074714,0.9996944506998522,-4.393619786835501e-05,-1.0443988885521858,0.6647123365926678,0.6647123365926678,0.00016104845442921345,0.00031233053631217185,0.9996230346720367,-0.0004126190871982516,0.7620109220627429,0.0,0.3928571428571429,IVV,VOO
2024-08-20,547.6279907226562,501.0263366699219,0.09072153562074714,0.9996944506998522,0.00011549955726941619,-0.1568243588966677,-1.0443988885521858,1.0443988885521858,-0.0003195475322224084,0.0003204099181366091,0.9996213388270089,-0.00073216661942066,0.7608057061549129,1.0,0.41269841269841273,IVV,VOO
2024-08-21,549.7628173828125,502.78265380859375,0.09072153562074714,0.9996944506998522,0.0005079964554584038,1.8255497244902892,-0.1568243588966677,0.1568243588966677,0.0001594357551377712,0.0003224797856776395,0.9996148843816136,-0.0005727308642828888,0.7615740773495899,0.0,0.4226190476190476,IVV,VOO
2024-08-22,545.11279296875,498.71392822265625,0.09072153562074714,0.9996944506998522,0.0001366382080894013,-0.12521558261127466,1.8255497244902892,1.8255497244902892,0.0003924968981889876,0.00032668851469253805,0.9995974119899277,-0.0001802339660939012,0.7618907158065613,1.0,0.44047619047619047,IVV,VOO
2024-08-23,551.0007934570312,504.1095581054688,0.09072153562074714,0.9996944506998522,0.00012246215633648916,-0.16527743758362776,-0.12521558261127466,0.12521558261127466,-0.00037135824736900247,0.00033318145937920345,0.9995845288177311,-0.0005515922134629037,0.7612713996468397,0.0,0.4563492063492064,IVV,VOO
2024-08-26,549.4411010742188,502.8705139160156,0.09072153562074714,0.9996944506998522,-0.00025204497127084835,-1.9565542260508837,-0.16527743758362776,0.16527743758362776,-1.4176051752912144e-05,0.0003331002102898733,0.9995897214220976,-0.0005657682652158158,0.7588926157012998,0.0,0.45238095238095233,IVV,VOO
2024-08-27,550.4451293945312,503.5436096191406,0.09072153562074714,0.9996944506998522,0.00023644710667714008,0.49294047783818384,-1.9565542260508837,1.9565542260508837,-0.0003745071276073375,0.0003428353967640834,0.9995730827804115,-0.0009402753928231533,0.755803516359178,1.0,0.48214285714285715,IVV,VOO
2024-08-28,547.228271484375,500.6653442382813,0.09072153562074714,0.9996944506998522,0.00010586823565983394,-0.12599209799627856,0.49294047783818384,0.49294047783818384,0.0004884920779479884,0.0003583373439591667,0.9995473547913246,-0.0004517833148751649,0.747101489153669,0.0,0.5119047619047619,IVV,VOO
2024-08-29,547.3158569335938,500.7434387207031,0.09072153562074714,0.9996944506998522,0.00010998670521544796,-0.13324513681858102,-0.12599209799627856,0.12599209799627856,-0.00013057887101730614,0.0003578735842062132,0.9995706379523366,-0.000582362185892471,0.747110879115861,0.0,0.4861111111111111,IVV,VOO
2024-08-30,552.4824829101562,505.4560546875,0.09072153562074714,0.9996944506998522,0.00014127707652189514,0.02452793638466857,-0.13324513681858102,0.13324513681858102,4.118469555614013e-06,0.00034001433957470345,0.9995770812885301,-0.000578243716336857,0.7487384456534465,0.0,0.4761904761904762,IVV,VOO
2024-09-03,541.2818603515625,495.2306823730469,0.09072153562074714,0.9996944506998522,9.08679880895491e-05,-0.23416384074658517,0.02452793638466857,0.02452793638466857,3.1290371306447184e-05,0.00031512520305438237,0.999573039702064,-0.0005469533450304098,0.748181721582333,0.0,0.4365079365079365,IVV,VOO
2024-09-04,540.1509399414062,494.001220703125,0.09072153562074714,0.9996944506998522,0.0004842761872128065,1.6618975123739745,-0.23416384074658517,0.23416384074658517,-5.040908843234604e-05,0.00023267450334093918,0.9996079946296225,-0.0005973624334627559,0.7484466873132701,0.0,0.1746031746031746,IVV,VOO
2024-09-05,538.6497802734375,492.7815551757813,0.09072153562074714,0.9996944506998522,0.00017250872220397895,0.16638506305986017,1.6618975123739745,1.6618975123739745,0.0003934081991232574,0.00022700608720444267,0.9995955080885417,-0.00020395423433949844,0.7485424972408509,1.0,0.15873015873015872,IVV,VOO
2024-09-06,529.6910400390625,484.575927734375,0.09072153562074714,0.9996944506998522,0.00018752006665678778,0.24465711206057505,0.16638506305986017,0.16638506305986017,-0.00031176746500882757,0.00023775872990040582,0.9995929014949736,-0.000515721699348326,0.7454053548736337,0.0,0.20634920634920634,IVV,VOO
2024-09-09,535.6375122070312,490.0301513671875,0.09072153562074714,0.9996944506998522,0.00016190589058329152,0.11307016492799404,0.24465711206057505,0.24465711206057505,1.5011344452808828e-05,0.00023517541104330392,0.9996167323431513,-0.0005007103548955172,0.6543735325801133,0.0,0.17857142857142858,IVV,VOO
2024-09-10,537.6163940429688,492.0498352050781,0.09072153562074714,0.9996944506998522,-0.0002622826534670608,-1.869097334890449,0.11307016492799404,0.11307016492799404,-2.5614176073496253e-05,0.00023524784303527156,0.9996204530751027,-0.0005263245309690134,0.626954498452912,0.0,0.18055555555555555,IVV,VOO
2024-09-11,543.4166259765625,497.08447265625,0.09072153562074714,0.9996944506998522,0.000291862614542282,0.7378288640050533,-1.869097334890449,1.869097334890449,-0.00042418854405035233,0.00025314573626128016,0.9996120952081353,-0.0009505130750193658,0.6337327614543653,1.0,0.25595238095238093,IVV,VOO
2024-09-12,548.017822265625,501.3580932617188,0.09072153562074714,0.9996944506998522,0.0001653683627829139,0.07558218781117339,0.7378288640050533,0.7378288640050533,0.0005541452680093428,0.00028198559481126584,0.9996039705377736,-0.00039636780701002294,0.6252954894308144,0.0,0.3630952380952381,IVV,VOO
2024-09-13,550.8253784179688,504.0217590332031,0.09072153562074714,0.9996944506998522,-2.1817078020625047e-05,-0.8107853277852304,0.07558218781117339,0.07558218781117339,-0.00012649425175936813,0.0002830937756762904,0.9996106837876395,-0.0005228620587693911,0.6273122007168758,0.0,0.35714285714285715,IVV,VOO
2024-09-16,551.74169921875,504.7828369140625,0.09072153562074714,0.9996944506998522,0.0001319321165871301,-0.11065212435686589,-0.8107853277852304,0.8107853277852304,-0.00018718544080353894,0.0002859256265475597,0.9996140000045052,-0.00071004749957293,0.6225815111850423,0.0,0.3551587301587301,IVV,VOO
2024-09-17,551.9464111328125,505.0171508789063,0.09072153562074714,0.9996944506998522,3.8953676136266324e-05,-0.5867091806827195,-0.11065212435686589,0.11065212435686589,0.00015374919460775516,0.00028571570461442445,0.9996211794557988,-0.0005562983049651749,0.6260551140453869,0.0,0.3472222222222222,IVV,VOO
2024-09-18,550.2989501953125,503.3777770996094,0.09072153562074714,0.9996944506998522,0.00030013100078196686,1.0508741140856845,-0.5867091806827195,0.5867091806827195,-9.297844045086379e-05,0.00027747903448962276,0.9996388544440421,-0.0006492767454160386,0.6241010855648748,0.0,0.3273809523809524,IVV,VOO
2024-09-19,559.7352294921875,512.1591186523438,0.09072153562074714,0.9996944506998522,1.3187113947488172e-05,-0.7097853634077371,1.0508741140856845,1.0508741140856845,0.00026117732464570054,0.00028118723518169776,0.999635248369056,-0.0003880994207703381,0.6185533606794826,1.0,0.3373015873015873,IVV,VOO
2024-09-20,558.5654907226562,511.154296875,0.09072153562074714,0.9996944506998522,-0.00011554701968918835,-1.427378524663613,-0.7097853634077371,0.7097853634077371,-0.0002869438868344787,0.0002737764441986018,0.9996571231604717,-0.0006750433076048168,0.6179187637222379,0.0,0.30357142857142855,IVV,VOO
2024-09-23,560.115478515625,512.412841796875,0.09072153562074714,0.9996944506998522,0.0001971687195396754,0.448725839534812,-1.427378524663613,1.427378524663613,-0.00012873413363667652,0.00026332473317195707,0.9996704957436586,-0.0008037774412414933,0.6205836283565799,1.0,0.2718253968253968,IVV,VOO
2024-09-24,561.743408203125,513.88623046875,0.09072153562074714,0.9996944506998522,0.00022898083684896875,0.6037644335919533,0.448725839534812,0.448725839534812,0.00031271573922886375,0.0002726984865236702,0.9996625420243139,-0.0004910617020126296,0.6197705563257297,0.0,0.30357142857142855,IVV,VOO
2024-09-25,560.4173583984375,512.8421020507812,0.09072153562074714,0.9996944506998522,-0.00010113328519611997,-1.3172724600715706,0.6037644335919533,0.6037644335919533,3.181211730929334e-05,0.0002585300248859331,0.9996614837267536,-0.0004592495847033362,0.6175580884239984,0.0,0.2638888888888889,IVV,VOO
2024-09-26,562.81494140625,514.8814086914062,0.09072153562074714,0.9996944506998522,0.00020056830529480152,0.4457446853458014,-1.3172724600715706,1.3172724600715706,-0.0003301141220450887,0.00024626992955505963,0.9996536296645395,-0.0007893637067484249,0.6140551689520408,1.0,0.20833333333333331,IVV,VOO
2024-09-27,561.7972412109375,514.21484375,0.09072153562074714,0.9996944506998522,-0.0003142590230291731,-2.257992822503422,0.4457446853458014,0.4457446853458014,0.0003017015904909215,0.0002541849910103958,0.9996444830187364,-0.00048766211625750344,0.6114446766091715,0.0,0.251984126984127,IVV,VOO
2024-09-30,564.4884033203125,516.4561767578125,0.09072153562074714,0.9996944506998522,0.00011662962601821647,0.06324078817006984,-2.257992822503422,2.257992822503422,-0.0005148273283239746,0.0002782696167891469,0.9996224515664354,-0.001002489444581478,0.6021687283589171,1.0,0.35714285714285715,IVV,VOO
2024-10-01,559.1549072265625,511.6310424804688,0.09072153562074714,0.9996944506998522,7.164386826019609e-06,-0.5394841788623059,0.06324078817006984,0.06324078817006984,0.00043088864904738955,0.0002951554150068093,0.9996095533546084,-0.0005716007955340885,0.6015547259511981,0.0,0.4126984126984127,IVV,VOO
2024-10-02,559.3800048828125,511.7191162109375,0.09072153562074714,0.9996944506998522,0.0002375753451397955,0.6829448797448425,-0.5394841788623059,0.5394841788623059,-0.00010946523919219686,0.0002959270182620416,0.9996173061876656,-0.0006810660347262854,0.6033881518152266,0.0,0.4007936507936508,IVV,VOO
2024-10-03,558.3132934570312,510.75006103515625,0.09072153562074714,0.9996944506998522,0.0002237426893616501,0.7122543392249809,0.6829448797448425,0.6829448797448425,0.0002304109583137759,0.00028697407990027336,0.9996150786001488,-0.00045065507641250946,0.6054373989968916,0.0,0.38492063492063494,IVV,VOO
2024-10-04,563.382568359375,515.4580078125,0.09072153562074714,0.9996944506998522,8.971070783658774e-05,-0.057713449916970215,0.7122543392249809,0.7122543392249809,-1.3832655778145408e-05,0.0002786562990607297,0.999610415553668,-0.00046448773219065487,0.6085472427156438,0.0,0.380952380952381,IVV,VOO
2024-10-07,558.3328857421875,510.818603515625,0.09072153562074714,0.9996944506998522,0.0001246843469564496,0.14525798251887356,-0.057713449916970215,0.057713449916970215,-0.00013403198152506235,0.00028021231273532625,0.9996095169912416,-0.0005985197137157172,0.6089973543088839,0.0,0.3888888888888889,IVV,VOO
2024-10-08,563.6272583007812,515.6536254882812,0.09072153562074714,0.9996944506998522,0.00014462458583341942,0.19912937430743957,0.14525798251887356,0.14525798251887356,3.4973639119861843e-05,0.0002802993877049244,0.9996180297334564,-0.0005635460745958554,0.6103785096533975,0.0,0.3670634920634921,IVV,VOO
2024-10-09,567.45361328125,519.1771240234375,0.09072153562074714,0.9996944506998522,0.00010273642666014382,-0.03642151171622111,0.19912937430743957,0.19912937430743957,1.994023887696983e-05,0.00026302159837870396,0.9996264242887443,-0.0005436058357188855,0.6074956093377527,0.0,0.28174603174603174,IVV,VOO
2024-10-10,566.4555053710938,518.30615234375,0.09072153562074714,0.9996944506998522,2.07594623153895e-05,-0.5361983560186078,-0.03642151171622111,0.03642151171622111,-4.1888159173275596e-05,0.000232892153519409,0.999633563293969,-0.0005854939948921611,0.6104501578640583,0.0,0.17063492063492064,IVV,VOO
2024-10-11,569.9002075195312,521.3890991210938,0.09072153562074714,0.9996944506998522,0.00015480916905374897,0.3007400495450418,-0.5361983560186078,0.5361983560186078,-8.197696434475432e-05,0.00023197385406717696,0.9996208143068879,-0.0006674709592369155,0.6197444030759891,0.0,0.1765873015873016,IVV,VOO
2024-10-14,574.5975952148438,525.656494140625,0.09072153562074714,0.9996944506998522,0.00021463812378286207,0.658250445504125,0.3007400495450418,0.3007400495450418,0.00013404970673835948,0.00023007108240610834,0.9996317269583489,-0.000533421252498556,0.6277276426275252,0.0,0.1488095238095238,IVV,VOO
2024-10-15,570.0371704101562,521.6533813476562,0.09072153562074714,0.9996944506998522,-0.00011148959540818737,-1.3031808534962783,0.658250445504125,0.658250445504125,5.982895472911309e-05,0.00022801453632918632,0.9996316511685054,-0.0004735922977694429,0.6325912157480632,0.0,0.1468253968253968,IVV,VOO
2024-10-16,572.5718994140625,523.845703125,0.09072153562074714,0.9996944506998522,0.00013270356091510394,0.2798488221279949,-1.3031808534962783,1.3031808534962783,-0.00032612771919104944,0.00023840482688779823,0.9996197245583897,-0.0007997200169604923,0.6274776610106513,1.0,0.21428571428571427,IVV,VOO
2024-10-17,572.7380981445312,523.9240112304688,0.09072153562074714,0.9996944506998522,0.0002734983237706601,1.181306088754851,0.2798488221279949,0.2798488221279949,0.0002441931563232913,0.00023747462957868763,0.9996143665215161,-0.000555526860637201,0.6285288307157181,0.0,0.22023809523809523,IVV,VOO
2024-10-18,574.9010009765625,525.9402465820312,0.09072153562074714,0.9996944506998522,0.00020303519624498279,0.7113190035359965,1.181306088754851,1.181306088754851,0.00014079476285555614,0.00023058446023199508,0.9995756721227999,-0.0004147320977816449,0.6261014461246965,1.0,0.251984126984127,IVV,VOO
2024-10-21,574.049560546875,525.1279907226562,0.09072153562074714,0.9996944506998522,0.00026602609282111445,1.0842323261723292,0.7113190035359965,0.7113190035359965,-7.04631275256773e-05,0.00022913858318380478,0.9995784782172058,-0.0004851952253073222,0.6257805454537695,0.0,0.23412698412698413,IVV,VOO
2024-10-22,573.599365234375,524.7658081054688,0.09072153562074714,0.9996944506998522,0.000171204385996937,0.41727804645830285,1.0842323261723292,1.0842323261723292,6.299089657613166e-05,0.00021921498467056876,0.9995712664897536,-0.0004222043287311905,0.6248014517069606,1.0,0.21626984126984128,IVV,VOO
2024-10-23,568.3734741210938,519.9797973632812,0.09072153562074714,0.9996944506998522,0.00017807343586451196,0.5059449435036063,0.41727804645830285,0.41727804645830285,-9.482170682417745e-05,0.00022013104010325444,0.9995707452901471,-0.000517026035555368,0.622918449083541,0.0,0.22420634920634921,IVV,VOO
2024-10-24,569.5870361328125,521.1541748046875,0.09072153562074714,0.9996944506998522,5.567616423096666e-05,-0.36557231181266303,0.5059449435036063,0.5059449435036063,6.869049867574972e-06,0.00020694134831766668,0.9995789186318993,-0.000510156985687793,0.6180965694169053,0.0,0.1607142857142857,IVV,VOO
2024-10-25,569.4598388671875,520.9486694335938,0.09072153562074714,0.9996944506998522,0.00022662099489867416,0.8314419191865654,-0.36557231181266303,0.36557231181266303,-0.0001223972716335453,0.0001979014664291841,0.9995612674270455,-0.0006325542573213383,0.6210109448209294,0.0,0.1865079365079365,IVV,VOO
2024-10-28,571.1724243164062,522.5734252929688,0.09072153562074714,0.9996944506998522,0.00011645805836302259,0.02377750873556684,0.8314419191865654,0.8314419191865654,0.0001709448306677075,0.00016338557041193404,0.9995603204793534,-0.0004616094266536308,0.6157760291238149,0.0,0.15674603174603174,IVV,VOO
2024-10-29,572.0531616210938,523.4053955078125,0.09072153562074714,0.9996944506998522,6.694020588415839e-05,-0.34903456466456856,0.02377750873556684,0.02377750873556684,-0.00011016293653565157,0.00013692978041734437,0.9995679792385486,-0.0005717723631892824,0.6166427556795941,0.0,0.15079365079365079,IVV,VOO
2024-10-30,570.2133178710938,521.8294677734375,0.09072153562074714,0.9996944506998522,-0.00013992122687334074,-1.7328299330843877,-0.34903456466456856,0.34903456466456856,-4.95178524788642e-05,0.0001351454805885358,0.9995505660713652,-0.0004410562495742454,0.6140204774882675,0.0,0.17261904761904762,IVV,VOO
2024-10-31,559.0277709960938,511.5624084472656,0.09072153562074714,0.9996944506998522,-8.611805239233661e-05,-1.289764579035593,-1.7328299330843877,1.7328299330843877,-0.00020686143275749913,0.00013191700713984132,0.9995728721323254,-0.0006479176823317445,0.6067139981532517,1.0,0.1369047619047619,IVV,VOO
2024-11-01,561.4546508789062,513.7842407226562,0.09072153562074714,0.9996944506998522,-8.676247829431105e-05,-1.3136519591643325,-1.289764579035593,1.289764579035593,5.3803174481004135e-05,0.0001328664505816052,0.9996141340315561,-0.0005941145078507404,0.6193100677345545,2.0,0.06746031746031746,IVV,VOO
2024-11-04,560.3292846679688,512.66845703125,0.09072153562074714,0.9996944506998522,8.024436713593985e-05,-0.09369482246831189,-1.3136519591643325,1.3136519591643325,-6.444259019744436e-07,0.0001300671483713601,0.9995693620906717,-0.0005947589337527148,0.6271976918344441,3.0,0.15277777777777776,IVV,VOO
2024-11-05,567.101318359375,518.8345336914062,0.09072153562074714,0.9996944506998522,0.0001415967789251127,0.374712986934031,-0.09369482246831189,0.09369482246831189,0.0001670068454302509,0.00013536539188013726,0.9995650480648437,-0.0004277520883224639,0.6299728443159893,0.0,0.17063492063492064,IVV,VOO
2024-11-06,581.1837158203125,531.7540893554688,0.09072153562074714,0.9996944506998522,8.191581289196392e-05,-0.10989439132567738,0.374712986934031,0.374712986934031,6.135241178917283e-05,0.0001360037828320832,0.9995788787748645,-0.0003663996765332911,0.6373038635274324,0.0,0.13293650793650794,IVV,VOO
2024-11-07,585.7147827148438,535.8942260742188,0.09072153562074714,0.9996944506998522,9.466686254988588e-05,0.013470495587856979,-0.10989439132567738,0.10989439132567738,-5.9680966033148763e-05,0.00013633168417563515,0.999610408385746,-0.00042608064256643985,0.6340119269711526,0.0,0.09126984126984128,IVV,VOO
2024-11-08,588.2786865234375,538.2627563476562,0.09072153562074714,0.9996944506998522,5.382100896333952e-05,-0.47974081094588733,0.013470495587856979,0.013470495587856979,1.2751049657921953e-05,0.00013507729055894506,0.9996146324537869,-0.0004133295929085179,0.6351697286059242,0.0,0.06944444444444445,IVV,VOO
2024-11-11,588.7289428710938,538.7031860351562,0.09072153562074714,0.9996944506998522,1.2491600180908335e-06,-0.9213229710523864,-0.47974081094588733,0.47974081094588733,-4.0845853586546355e-05,0.00013198100869822815,0.9995909087278242,-0.00045417544649506425,0.6377613918342018,0.0,0.11507936507936509,IVV,VOO
2024-11-12,586.9282836914062,537.0882568359375,0.09072153562074714,0.9996944506998522,-6.059766964661151e-05,-1.435421739961154,-0.9213229710523864,0.9213229710523864,-5.257184894524869e-05,0.0001314909153798603,0.9995940919519726,-0.0005067472954403129,0.6376490304116091,0.0,0.10912698412698413,IVV,VOO
2024-11-13,587.3685913085938,537.3623046875,0.09072153562074714,0.9996944506998522,0.00017934955102028027,0.7522943131112214,-1.435421739961154,1.435421739961154,-6.184682966470234e-05,0.00011077233426062085,0.9996042608609769,-0.0005685941251050153,0.6418789662222003,1.0,0.09325396825396826,IVV,VOO
2024-11-14,583.4833984375,533.9464111328125,0.09072153562074714,0.9996944506998522,-8.207634311396816e-05,-1.5191883495761762,0.7522943131112214,0.7522943131112214,0.00023994722066689178,0.00011031212055964442,0.9995993648639017,-0.0003286469044381235,0.641253752358002,0.0,0.09722222222222221,IVV,VOO
2024-11-15,576.0753173828125,527.0560913085938,0.09072153562074714,0.9996944506998522,0.00012486913476728034,0.3298166472363488,-1.5191883495761762,1.5191883495761762,-0.00026142589413424844,0.00011951626185519448,0.9996180421607487,-0.0005663525303267747,0.6369420626699418,1.0,0.05555555555555555,IVV,VOO
2024-11-18,578.4728393554688,529.2387084960938,0.09072153562074714,0.9996944506998522,0.00014671889150985606,0.5178159225873429,0.3298166472363488,0.3298166472363488,0.0002069454778812485,0.0001283667180307547,0.9996359087403023,-0.0003594070524455262,0.6319086564712195,0.0,0.02976190476190476,IVV,VOO
2024-11-19,580.4888305664062,531.1668090820312,0.09072153562074714,0.9996944506998522,-9.743917409821279e-06,-0.829595298828355,0.5178159225873429,0.5178159225873429,2.184975674257572e-05,0.00012760557021974022,0.999627475113408,-0.00033755729570295046,0.6308326405102492,0.0,0.03968253968253968,IVV,VOO
2024-11-20,580.7530517578125,531.362548828125,0.09072153562074714,0.9996944506998522,7.699414618222988e-05,-0.051912535393391905,-0.829595298828355,0.829595298828355,-0.00015646280891967734,0.00013042769673290893,0.9996419538340203,-0.0004940201046226278,0.6302376873030587,0.0,0.031746031746031744,IVV,VOO
2024-11-21,583.72802734375,534.0443725585938,0.09072153562074714,0.9996944506998522,0.00015369788398622575,0.589583462491577,-0.051912535393391905,0.051912535393391905,8.673806359205116e-05,0.0001320663190627732,0.9996729287159601,-0.00040728204103057664,0.6387812871434381,0.0,0.023809523809523808,IVV,VOO
2024-11-22,585.656005859375,535.83544921875,0.09072153562074714,0.9996944506998522,0.00010396364082332354,0.16415257767213928,0.589583462491577,0.589583462491577,7.670373780399586e-05,0.00013033860943107329,0.9996716045174812,-0.00033057830322658077,0.6311692294877229,0.0,0.017857142857142856,IVV,VOO
2024-11-25,587.3880615234375,537.55810546875,0.09072153562074714,0.9996944506998522,-0.00015169897838340773,-1.92136875579724,0.16415257767213928,0.16415257767213928,-4.97342431629022e-05,0.00012504850929364241,0.9996715915778954,-0.000380312546389483,0.6298539827288677,0.0,0.013888888888888888,IVV,VOO
2024-11-26,590.8525390625,540.5725708007812,0.09072153562074714,0.9996944506998522,0.00013875399667906407,0.5071259199892667,-1.92136875579724,1.92136875579724,-0.0002556626192067313,0.00013474548736643066,0.999656756494871,-0.0006359751655962143,0.6317552855891225,1.0,0.047619047619047616,IVV,VOO
2024-11-27,588.9539794921875,538.8500366210938,0.09072153562074714,0.9996944506998522,0.00011093785133819978,0.26692803303407786,0.5071259199892667,0.5071259199892667,0.0002904529750624718,0.00014972898669116737,0.9995948347035141,-0.00034552219053374245,0.6281261241970396,0.0,0.15873015873015872,IVV,VOO
2024-11-29,592.1344604492188,541.6882934570312,0.09072153562074714,0.9996944506998522,0.00024480927734416014,1.4885789793854605,0.26692803303407786,0.26692803303407786,-2.7816145340864296e-05,0.0001420332393951806,0.9996211803148234,-0.00018919314944376708,0.6316709133622026,0.0,0.09523809523809523,IVV,VOO
2024-12-02,593.7394409179688,543.2152709960938,0.09072153562074714,0.9996944506998522,0.0001375454327749992,0.5483374276651276,1.4885789793854605,1.4885789793854605,0.00013387142600596036,0.00014425090432231967,0.9996326613606454,-5.5321723437806725e-05,0.6329520074807962,1.0,0.08333333333333333,IVV,VOO
2024-12-03,593.9840698242188,543.3424682617188,0.09072153562074714,0.9996944506998522,0.0003154171553587659,2.105690775769248,0.5483374276651276,0.5483374276651276,-0.00010726384456916094,0.0001467364181028464,0.9995864168483884,-0.00016258556800696766,0.6330895657395322,0.0,0.18055555555555555,IVV,VOO
2024-12-04,597.6441040039062,546.7681274414062,0.09072153562074714,0.9996944506998522,0.00017527381838178258,0.8528303519858363,2.105690775769248,2.105690775769248,0.0001778717225837667,0.00014733108652959306,0.999567953766147,0.0,0.6307657395197106,1.0,0.2242063492063492,IVV,VOO
2024-12-05,596.69482421875,545.8577880859375,0.09072153562074714,0.9996944506998522,0.0002514656456327202,1.4724825110773383,0.8528303519858363,0.8528303519858363,-0.00014014333697698333,0.00015045159063519425,0.9996001293259688,-0.00014014333697698333,0.6416305135499898,0.0,0.1607142857142857,IVV,VOO
2024-12-06,597.7713012695312,546.9441528320312,0.09072153562074714,0.9996944506998522,6.629454427820036e-05,-0.14027522368276238,1.4724825110773383,1.4724825110773383,7.619182725093765e-05,0.00015059487859595287,0.9996440450246181,-6.395150972604569e-05,0.6452507147795438,1.0,0.08134920634920634,IVV,VOO
2024-12-09,594.6887817382812,544.0960693359375,0.09072153562074714,0.9996944506998522,0.0001155413617190959,0.32869139792140367,-0.14027522368276238,0.14027522368276238,-0.00018517110135451986,0.0001563808179673866,0.9996340631716328,-0.00024912261108056555,0.6464417954541116,0.0,0.09523809523809523,IVV,VOO
2024-12-10,592.96630859375,542.5496826171875,0.09072153562074714,0.9996944506998522,6.020833709463602e-05,-0.14874696556288078,0.32869139792140367,0.32869139792140367,4.924681744089554e-05,0.00015647776985259153,0.999644126487744,-0.00019987579363967,0.6303855451401673,0.0,0.08531746031746032,IVV,VOO
2024-12-11,597.5365600585938,546.6604614257812,0.09072153562074714,0.9996944506998522,0.0001921838575613677,0.9775150228336404,-0.14874696556288078,0.14874696556288078,-5.533302462445988e-05,0.0001565280253409144,0.999650169766451,-0.0002552088182641299,0.6255176864150161,0.0,0.08333333333333333,IVV,VOO
2024-12-12,594.36572265625,543.8416748046875,0.09072153562074714,0.9996944506998522,3.967404760274462e-05,-0.444746791217786,0.9775150228336404,0.9775150228336404,0.00013197552046673167,0.0001582074344347645,0.9996538652747786,-0.00012323329779739822,0.6247681693844678,0.0,0.08333333333333333,IVV,VOO
2024-12-13,594.2581176757812,543.8024291992188,0.09072153562074714,0.9996944506998522,-6.923982866169354e-05,-1.485637322735582,-0.444746791217786,0.444746791217786,-0.00015250980995862307,0.00015305160605962097,0.9996659870246981,-0.0002757431077560213,0.6293255070758544,0.0,0.06746031746031746,IVV,VOO
2024-12-16,596.792724609375,545.9360961914062,0.09072153562074714,0.9996944506998522,0.0002721186274143861,1.636653695166953,-1.485637322735582,1.485637322735582,-0.00010891387626443816,0.0001436979192916907,0.9996508106674589,-0.00038465698402045945,0.6404663582201332,1.0,0.06944444444444445,IVV,VOO
2024-12-17,594.194091796875,543.6458740234375,0.09072153562074714,0.9996944506998522,0.00011085678674316313,0.09775919345135128,1.636653695166953,1.636653695166953,0.0003413584560760796,0.00015582123139118337,0.9996321224523079,-4.329852794437983e-05,0.6304381465901515,2.0,0.10912698412698413,IVV,VOO
2024-12-18,576.7233276367188,527.6824951171875,0.09072153562074714,0.9996944506998522,6.168075635670789e-05,-0.343700394448905,0.09775919345135128,0.09775919345135128,-0.00016126184067122296,0.00016002389017871394,0.9996501962543104,-0.00020456036861560278,0.6275373729491978,0.0,0.09722222222222221,IVV,VOO
2024-12-19,576.3010864257812,527.4866943359375,0.09072153562074714,0.9996944506998522,-0.0002997122385286488,-3.02417254175269,-0.343700394448905,0.343700394448905,-4.917603038645524e-05,0.0001565087553900577,0.9997439151329899,-0.000253736399002058,0.6268220828572006,0.0,0.06944444444444445,IVV,VOO
2024-12-20,582.6844482421875,533.45703125,0.09072153562074714,0.9996944506998522,-0.0005356175079160863,-3.54664121295779,-3.02417254175269,3.02417254175269,-0.0003613929948853567,0.00017408918756465645,0.9997398912216858,-0.0006151293938874147,0.6315127573105468,1.0,0.08531746031746032,IVV,VOO
2024-12-23,586.9171752929688,537.275634765625,0.09072153562074714,0.9996944506998522,-0.0004282341082371133,-2.495983683911844,-3.54664121295779,3.54664121295779,-0.0002359052693874375,0.00017878007954027247,0.9997507500249749,-0.0008510346632748522,0.6872857767574142,2.0,0.08531746031746032,IVV,VOO
2024-12-24,593.5165405273438,542.8036499023438,0.09072153562074714,0.9996944506998522,0.0005198621934896508,2.17995936582481,-2.495983683911844,2.495983683911844,0.00010738339967897303,0.00018136980173978423,0.9997873581794762,-0.0007436512635958792,0.766663741925394,3.0,0.08531746031746032,IVV,VOO
2024-12-26,593.2318115234375,542.7938232421875,0.09072153562074714,0.9996944506998522,5.811302999791934e-05,-0.054159065565758405,2.17995936582481,2.17995936582481,0.0009480963017267641,0.0002723082191173972,0.9997013221216788,0.0,0.7124023496764881,4.0,0.3115079365079365,IVV,VOO
2024-12-27,586.80908203125,537.1676025390625,0.09072153562074714,0.9996944506998522,-0.00041138941010654406,-2.0652179651679297,-0.054159065565758405,0.054159065565758405,-0.00046174916349173145,0.000285841674300954,0.9996632983462962,-0.00046174916349173145,0.7065107077101767,0.0,0.35912698412698413,IVV,VOO
2024-12-30,580.3765258789062,531.1879272460938,0.09072153562074714,0.9996944506998522,-0.00024297347676949244,-1.2586995715371185,-2.0652179651679297,2.0652179651679297,-0.0004695024401044634,0.0003033522637577326,0.9996601698429141,-0.0009312516035961949,0.7116659698855448,1.0,0.39285714285714285,IVV,VOO
2024-12-31,578.117919921875,529.0474853515625,0.09072153562074714,0.9996944506998522,-0.00010574269727392505,-0.6208675791680143,-1.2586995715371185,1.2586995715371185,0.00016841593333705163,0.0003043549715448742,0.9996647568489043,-0.0007628356702591432,0.7441433725418845,2.0,0.39285714285714285,IVV,VOO
2025-01-02,576.909912109375,527.7218627929688,0.09072153562074714,0.9996944506998522,0.00031057425700087293,1.1489063080697821,-0.6208675791680143,0.6208675791680143,0.0001372307794955674,0.00030568798419468724,0.9996602369723616,-0.0006256048907635758,0.7556258896847616,0.0,0.40476190476190477,IVV,VOO
2025-01-03,583.9414672851562,534.5361328125,0.09072153562074714,0.9996944506998522,-0.0004008372242036984,-1.741811795385852,1.1489063080697821,1.1489063080697821,0.000416316954274798,0.00031729659731628585,0.9996284658018325,-0.00020928793648877786,0.7474847788434138,1.0,0.4563492063492064,IVV,VOO
2025-01-06,587.5653076171875,537.6487426757812,0.09072153562074714,0.9996944506998522,-1.8534931606417615e-05,-0.17980033462714853,-1.741811795385852,1.741811795385852,-0.0007114114812045713,0.00035237868338438704,0.9995599615868805,-0.0009206994176933492,0.7270113805125825,2.0,0.6130952380952381,IVV,VOO
2025-01-07,580.9560546875,531.600341796875,0.09072153562074714,0.9996944506998522,-2.0794398863266395e-05,-0.16607785025840846,-0.17980033462714853,0.17980033462714853,0.00038230229259728077,0.00036309191395179506,0.9995405241138694,-0.0005383971250960684,0.7232668501906001,0.0,0.6309523809523809,IVV,VOO
2025-01-08,581.56494140625,532.317138671875,0.09072153562074714,0.9996944506998522,-0.00032032171691565026,-1.2913037607833306,-0.16607785025840846,0.16607785025840846,-2.2594672568487795e-06,0.0003609499493935131,0.9995570727055544,-0.0005406565923529172,0.731862395020152,0.0,0.6170634920634921,IVV,VOO
2025-01-10,572.8639526367188,524.2166137695312,0.09072153562074714,0.9996944506998522,-6.494032222903456e-05,-0.2933201266069172,-1.2913037607833306,1.2913037607833306,-0.00029952731805238386,0.0003663242469186429,0.9995440173132444,-0.000840183910405301,0.7405745844257998,1.0,0.6349206349206349,IVV,VOO
2025-01-13,573.6986694335938,524.89404296875,0.09072153562074714,0.9996944506998522,0.00010005268891966068,0.3692589671382301,-0.2933201266069172,0.2933201266069172,0.0002553813946866157,0.00037112954022601924,0.9995533270931446,-0.0005848025157186854,0.7493464373724162,0.0,0.626984126984127,IVV,VOO
2025-01-14,574.4940185546875,525.561767578125,0.09072153562074714,0.9996944506998522,0.00021452977960567665,0.8053330274430301,0.3692589671382301,0.3692589671382301,0.00016499301114869525,0.000371813566860311,0.9995559913882085,-0.0004198095045699901,0.7484264535962437,0.0,0.628968253968254,IVV,VOO
2025-01-15,584.9431762695312,535.1743774414062,0.09072153562074714,0.9996944506998522,0.00012018116114997923,0.453724028655981,0.8053330274430301,0.8053330274430301,0.00011447709068601597,0.0003710557918593313,0.9995598506547243,-0.00030533241388397414,0.7471143600011753,0.0,0.625,IVV,VOO
2025-01-16,583.9513549804688,534.3790283203125,0.09072153562074714,0.9996944506998522,-9.004321555661221e-05,-0.357906307333209,0.453724028655981,0.453724028655981,-9.434861845569742e-05,0.00037083838485183233,0.9995940858677418,-0.00039968103233967156,0.742094779755818,0.0,0.5773809523809523,IVV,VOO
2025-01-17,589.4901733398438,539.5045166015625,0.09072153562074714,0.9996944506998522,-0.00019253769860316794,-0.7150058539440591,-0.357906307333209,0.357906307333209,-0.00021022437670659144,0.0003656040756174087,0.9995887804753305,-0.000609905409046263,0.7392916941615243,0.0,0.5853174603174602,IVV,VOO
2025-01-21,594.83251953125,544.4139404296875,0.09072153562074714,0.9996944506998522,-0.00022665494389784158,-0.799537026580321,-0.7150058539440591,0.7150058539440591,-0.00010249448304655573,0.0003646767191155604,0.9995958535656789,-0.0007123998920928187,0.7467455608653791,0.0,0.5694444444444444,IVV,VOO
2025-01-22,598.3678588867188,547.5068969726562,0.09072153562074714,0.9996944506998522,3.572195826428981e-05,0.30955195468672203,-0.799537026580321,0.799537026580321,-3.411724529467364e-05,0.0003646212713655485,0.999603156160986,-0.0007465171373874924,0.7615453199509854,0.0,0.5615079365079365,IVV,VOO
2025-01-23,601.7069702148438,550.5408935546875,0.09072153562074714,0.9996944506998522,7.608440766304625e-05,0.4766077752841553,0.30955195468672203,0.30955195468672203,0.0002623769021621314,0.0003602597147519915,0.9995883454831301,-0.000484140235225361,0.7566979062387078,0.0,0.5833333333333334,IVV,VOO
2025-01-24,599.929443359375,548.8815307617188,0.09072153562074714,0.9996944506998522,0.00013526014071807424,0.7197202590695672,0.4766077752841553,0.4766077752841553,4.036244939875644e-05,0.0003555724902184631,0.9995917566030484,-0.00044377778582660454,0.7696606846148737,0.0,0.5734126984126984,IVV,VOO
2025-01-27,591.5623168945312,541.2423706054688,0.09072153562074714,0.9996944506998522,0.00010139962910304945,0.5712090983487932,0.7197202590695672,0.7197202590695672,5.917573305502799e-05,0.0003552069229410547,0.9995959916860223,-0.00038460205277157655,0.786306421173173,0.0,0.5595238095238095,IVV,VOO
2025-01-28,596.5903930664062,545.7786865234375,0.09072153562074714,0.9996944506998522,0.00022131293053018197,1.0614646372877352,0.5712090983487932,0.5712090983487932,-3.386051161502479e-05,0.00028572887861962255,0.9996159859127288,-0.00041846256438660134,0.8347921133989329,0.0,0.43452380952380953,IVV,VOO
2025-01-29,594.0565795898438,543.3828735351562,0.09072153562074714,0.9996944506998522,0.00036314449364294177,1.5397377657768196,1.0614646372877352,1.0614646372877352,0.00011991330142713252,0.00026845954880869334,0.9996197774403089,-0.0002985492629594688,0.8291736893391596,1.0,0.37896825396825395,IVV,VOO
2025-01-30,597.0323486328125,546.220458984375,0.09072153562074714,0.9996944506998522,0.00015298049770073874,0.6700432936373737,1.5397377657768196,1.5397377657768196,0.0001418315631127598,0.0002462144197580763,0.9996233450772648,-0.00015671769984670902,0.8339355938310504,2.0,0.2777777777777778,IVV,VOO
2025-01-31,593.8111572265625,543.3043823242188,0.09072153562074714,0.9996944506998522,9.434499673854901e-05,0.47094846257835904,0.6700432936373737,0.6700432936373737,-0.00021016399594220303,0.00025003919187126044,0.9995814537538589,-0.00036688169578891205,0.8369236273413339,0.0,0.3888888888888889,IVV,VOO
2025-02-03,589.9026489257812,539.740234375,0.09072153562074714,0.9996944506998522,7.024700818636376e-05,0.3804160125631201,0.47094846257835904,0.47094846257835904,-5.8635500962189724e-05,0.00024908181465082543,0.9995839762830074,-0.0004255171967511018,0.8370769415069903,0.0,0.3888888888888889,IVV,VOO
2025-02-04,593.8406372070312,543.323974609375,0.09072153562074714,0.9996944506998522,0.00010793947079879018,0.5247655257458782,0.3804160125631201,0.3804160125631201,-2.4097988552185257e-05,0.0002309988971152464,0.9995917179427234,-0.00044961518530328703,0.8370498272709604,0.0,0.3313492063492064,IVV,VOO
2025-02-05,596.276123046875,545.5528564453125,0.09072153562074714,0.9996944506998522,0.00010813235927731313,0.4793813070939558,0.5247655257458782,0.5247655257458782,3.7692462612426425e-05,0.00016620309993718013,0.9995831420076895,-0.0004119227226908606,0.8371023245308568,0.0,0.2619047619047619,IVV,VOO
2025-02-06,598.4661254882812,547.5166625976562,0.09072153562074714,0.9996944506998522,0.0001821019488312814,0.7396675556470884,0.4793813070939558,0.4793813070939558,1.9288847852294566e-07,0.00014464695969761783,0.999519906715653,-0.00041172983421233766,0.8371604687796912,0.0,0.29563492063492064,IVV,VOO
2025-02-07,592.9666748046875,542.1948852539062,0.09072153562074714,0.9996944506998522,0.0007147844331729658,2.715426602088226,0.7396675556470884,0.7396675556470884,7.396958955396826e-05,0.00014537282031304633,0.9995134167518118,-0.0003377602446583694,0.8374976690920297,0.0,0.2996031746031746,IVV,VOO
2025-02-10,596.845703125,546.0733032226562,0.09072153562074714,0.9996944506998522,0.00010967075580570196,0.30806579772777953,2.715426602088226,2.715426602088226,0.0005326824843416844,0.00016810491692362625,0.9994859223704958,0.0,0.852935195347086,1.0,0.3333333333333333,IVV,VOO
2025-02-11,597.317138671875,546.5642700195312,0.09072153562074714,0.9996944506998522,8.300422411622321e-07,-0.16062312173511753,0.30806579772777953,0.30806579772777953,-0.0006051136773672638,0.00021426338386805374,0.9994432632005634,-0.0006051136773672638,0.8470556576850191,0.0,0.386904761904762,IVV,VOO
2025-02-12,595.3333129882812,544.757568359375,0.09072153562074714,0.9996944506998522,-1.5899283243747675e-05,-0.3128259395488405,-0.16062312173511753,0.16062312173511753,-0.00010884071356453973,0.00021258313141933813,0.9994407060897689,-0.0007139543909318036,0.8481643444555766,0.0,0.38888888888888895,IVV,VOO
2025-02-13,601.6774291992188,550.5112915039062,0.09072153562074714,0.9996944506998522,8.074189806173138e-05,0.09374196106251285,-0.3128259395488405,0.3128259395488405,-1.6729325484909907e-05,0.00021081318748487828,0.9994503518922615,-0.0007306837164167135,0.8458104783339604,0.0,0.38293650793650796,IVV,VOO
2025-02-14,601.6873168945312,550.5309448242188,0.09072153562074714,0.9996944506998522,6.148673480499411e-05,-0.027267499336433628,0.09374196106251285,0.09374196106251285,9.664118130547905e-05,0.00021117042422495443,0.9994665960060485,-0.0006340425351112344,0.8468311229480908,0.0,0.38492063492063494,IVV,VOO
2025-02-18,603.4549560546875,552.1216430664062,0.09072153562074714,0.9996944506998522,0.0001106419158283245,0.2532842440414724,-0.027267499336433628,0.027267499336433628,-1.9255163256737262e-05,0.00020578692142336584,0.9994445859639975,-0.0006532976983679717,0.8462018180108319,0.0,0.37103174603174605,IVV,VOO
2025-02-19,604.8004150390625,553.45703125,0.09072153562074714,0.9996944506998522,-7.723702752482353e-05,-0.8190690323329478,0.2532842440414724,0.2532842440414724,4.9155181023330385e-05,0.00020438057952103407,0.9994432349121737,-0.0006041425173446413,0.8502711392517835,0.0,0.373015873015873,IVV,VOO
2025-02-20,602.4533081054688,551.1300048828125,0.09072153562074714,0.9996944506998522,0.0002465232095740788,0.9098476366550714,-0.8190690323329478,0.8190690323329478,-0.00018787894335314803,0.0002089309150029923,0.999440845282809,-0.0007920214606977893,0.8678648124289098,0.0,0.39285714285714285,IVV,VOO
2025-02-21,592.0533447265625,541.7529907226562,0.09072153562074714,0.9996944506998522,-1.1581507771474264e-05,-0.5024144160834771,0.9098476366550714,0.9098476366550714,0.00032376023709890234,0.00021306290438821896,0.9994313262331906,-0.000468261223598887,0.8596538762405059,0.0,0.4146825396825397,IVV,VOO
2025-02-24,589.2347412109375,539.1902465820312,0.09072153562074714,0.9996944506998522,-4.3434144056497814e-05,-0.7873422487885618,-0.5024144160834771,0.5024144160834771,-0.00025810471734555307,0.0002207648675698499,0.9994652016598835,-0.0007263659409444401,0.854047266042663,0.0,0.41865079365079366,IVV,VOO
2025-02-25,586.3672485351562,536.509765625,0.09072153562074714,0.9996944506998522,6.040052056377476e-05,-0.19998192978413223,-0.7873422487885618,0.7873422487885618,-3.185263628502355e-05,0.00022034552881602422,0.9994673190441409,-0.0007582185772294636,0.8556555327147418,0.0,0.4146825396825397,IVV,VOO
2025-02-26,586.5636596679688,536.8435668945312,0.09072153562074714,0.9996944506998522,-0.00022648123677804222,-1.7558388236554365,-0.19998192978413223,0.19998192978413223,0.00010383466462027258,0.0002216067102706667,0.9994763660253866,-0.000654383912609191,0.8552096912916949,0.0,0.4186507936507936,IVV,VOO
2025-02-27,577.2340087890625,528.2227172851562,0.09072153562074714,0.9996944506998522,-7.615113946091157e-05,-0.8451254585235232,-1.7558388236554365,1.7558388236554365,-0.000286881757341817,0.00022805379728338296,0.9994724513340669,-0.000941265669951008,0.8539519502199705,1.0,0.4444444444444445,IVV,VOO
2025-02-28,586.3279418945312,536.43115234375,0.09072153562074714,0.9996944506998522,0.00013985728132226427,0.3736033986410873,-0.8451254585235232,0.8451254585235232,0.00015033009731713065,0.00022836709297995774,0.9995010025929959,-0.0007909355726338774,0.8572645882964992,0.0,0.4365079365079365,IVV,VOO
2025-03-03,576.26171875,527.1917724609375,0.09072153562074714,0.9996944506998522,0.00019106765738108322,0.615367238452155,0.3736033986410873,0.3736033986410873,0.00021600842078317584,0.0002296912860236518,0.9995220783164528,-0.0005749271518507015,0.8504758077015104,0.0,0.4384920634920635,IVV,VOO
2025-03-04,569.3088989257812,520.8389892578125,0.09072153562074714,0.9996944506998522,0.00017202490759871125,0.4557627364645285,0.615367238452155,0.615367238452155,5.121037605881895e-05,0.0002295524956772738,0.9995518283074273,-0.0005237167757918826,0.8502925151805427,0.0,0.42460317460317465,IVV,VOO
2025-03-05,575.544921875,526.68115234375,0.09072153562074714,0.9996944506998522,-8.48409848082099e-05,-1.1479401113468184,0.4557627364645285,0.4557627364645285,-1.904274978237197e-05,0.00022952327826540364,0.9995674939189629,-0.0005427595255742546,0.8621800070759782,0.0,0.4087301587301587,IVV,VOO
2025-03-06,565.2136840820312,517.12744140625,0.09072153562074714,0.9996944506998522,0.00010214049246659584,-0.0006802577504940952,-1.1479401113468184,1.1479401113468184,-0.00025686589240692115,0.00023630888600467508,0.9995710208045337,-0.0007996254179811757,0.8838316494777226,1.0,0.42658730158730157,IVV,VOO
2025-03-07,568.1304321289062,519.916015625,0.09072153562074714,0.9996944506998522,-0.00012699568596019617,-1.3421207791180203,-0.0006802577504940952,0.0006802577504940952,0.00018698147727480574,0.00024017246384766116,0.9995939828958222,-0.00061264394070637,0.8772569031287363,0.0,0.39285714285714285,IVV,VOO
2025-03-10,553.3307495117188,506.1696166992188,0.09072153562074714,0.9996944506998522,0.00026517983674789747,0.9818653882952505,-1.3421207791180203,1.3421207791180203,-0.00022913617842679201,0.00024453147687261896,0.9995948488767128,-0.000841780119133162,0.8781503576415002,1.0,0.39682539682539686,IVV,VOO
2025-03-11,548.6168823242188,502.0162353515625,0.09072153562074714,0.9996944506998522,-5.3545833680779253e-05,-0.8683664741018777,0.9818653882952505,0.9818653882952505,0.00039217552270809364,0.0002302860968287467,0.9996297074462208,-0.00044960459642506834,0.8672526319284898,0.0,0.27380952380952384,IVV,VOO
2025-03-12,551.4058837890625,504.4513244628906,0.09072153562074714,0.9996944506998522,0.00017985845565871017,0.5100052034362643,-0.8683664741018777,0.8683664741018777,-0.0003187256704286767,0.00020060314681078682,0.9996232579995177,-0.0007683302668537451,0.8592655748282086,0.0,0.19047619047619047,IVV,VOO
2025-03-13,544.1190795898438,497.8629150390625,0.09072153562074714,0.9996944506998522,1.9375847609026664e-05,-0.38385226142376094,0.5100052034362643,0.5100052034362643,0.00023340428933948942,0.00020581461751710878,0.9996173650367022,-0.0005349259775142556,0.8564226062679235,0.0,0.2242063492063492,IVV,VOO
2025-03-14,555.4127197265625,508.0843200683594,0.09072153562074714,0.9996944506998522,0.00024629267702103164,0.9789409079698471,-0.38385226142376094,0.38385226142376094,-0.0001604826080496835,0.00020907035594833022,0.9996245304860177,-0.0006954085855639391,0.860430232896527,0.0,0.21230158730158732,IVV,VOO
2025-03-17,559.3900756835938,511.9626159667969,0.09072153562074714,0.9996944506998522,-0.00022000928337462256,-1.6954301156601193,0.9789409079698471,0.9789409079698471,0.00022691682941200497,0.0002138985586669112,0.9996473813598168,-0.00046849175615193417,0.8560139285489784,0.0,0.19642857142857142,IVV,VOO
2025-03-18,553.5631713867188,506.5623168945313,0.09072153562074714,0.9996944506998522,-9.015637823850398e-05,-0.9039460515665322,-1.6954301156601193,1.6954301156601193,-0.0004663019603956542,0.00023764753076358487,0.9996438852481544,-0.0009347937165475884,0.8484449110740604,1.0,0.2876984126984127,IVV,VOO
2025-03-19,559.5525512695312,511.8841247558594,0.09072153562074714,0.9996944506998522,0.00022367910979248506,0.8456964337083291,-0.9039460515665322,0.9039460515665322,0.00012985290513611858,0.00023936567479266688,0.9996492087145593,-0.0008049408114114698,0.8506132538631531,0.0,0.2857142857142857,IVV,VOO
2025-03-20,558.301513671875,510.7059326171875,0.09072153562074714,0.9996944506998522,0.0002890201607774756,1.1519676243066046,0.8456964337083291,0.8456964337083291,0.00031383548803098904,0.0002456217837683822,0.9995980147504938,-0.0004911053233804807,0.8516220503980724,0.0,0.40674603174603174,IVV,VOO
2025-03-21,558.1439819335938,510.83349609375,0.09072153562074714,0.9996944506998522,-0.00024285335706597522,-1.6183377930752376,1.1519676243066046,1.1519676243066046,6.534105098499055e-05,0.0002356360755052739,0.9996095005311009,-0.0004257642723954902,0.8676597215094517,1.0,0.375,IVV,VOO
2025-03-24,568.1329345703125,519.798095703125,0.09072153562074714,0.9996944506998522,0.00010417112725136235,0.40536898038062263,-1.6183377930752376,1.6183377930752376,-0.0005318735178434508,0.00025731056736820555,0.9995789012592724,-0.000957637790238941,0.861292951934749,2.0,0.5,IVV,VOO
2025-03-25,569.3544921875,521.0353393554688,0.09072153562074714,0.9996944506998522,-0.00012469490530975236,-1.0768330305632028,0.40536898038062263,0.40536898038062263,0.00034702448431733757,0.0002688094986670185,0.9995875233288553,-0.0006106133059216035,0.8659830795303031,0.0,0.5317460317460317,IVV,VOO
2025-03-26,562.9117431640625,514.95751953125,0.09072153562074714,0.9996944506998522,0.00022478323996466543,1.1778068651628777,-1.0768330305632028,1.0768330305632028,-0.0002288660325611147,0.00027259358986664247,0.9996554941959741,-0.0008394793384827182,0.8647206780752321,1.0,0.376984126984127,IVV,VOO
2025-03-27,561.1385498046875,513.5407104492188,0.09072153562074714,0.9996944506998522,-0.0001759639951641745,-1.358238781433946,1.1778068651628777,1.1778068651628777,0.0003494781452744178,0.000275455093480957,0.9996711160679268,-0.0004900011932083004,0.8573963942381401,2.0,0.369047619047619,IVV,VOO
2025-03-28,549.809814453125,503.2837829589844,0.09072153562074714,0.9996944506998522,-0.0004024316305555331,-2.4079405543471535,-1.358238781433946,1.358238781433946,-0.0004007472351288399,0.00028854750301175703,0.9996737749528546,-0.0008907484283371403,0.8399253577400583,3.0,0.39682539682539686,IVV,VOO
2025-03-31,553.5335693359375,506.3480224609375,0.09072153562074714,0.9996944506998522,0.0002793636070839156,1.3676811313477608,-2.4079405543471535,2.4079405543471535,-0.0002264676353913586,0.0002877164792836702,0.9996822620949529,-0.001117216063728499,0.8654469368491075,4.0,0.39682539682539686,IVV,VOO
2025-04-01,555.3856201171875,508.210205078125,0.09072153562074714,0.9996944506998522,-5.0157984015086754e-05,-0.40996648050064005,1.3676811313477608,1.3676811313477608,0.0006817952376394487,0.00032650817347657185,0.9996463405619035,-0.0004354208260890502,0.8292205572439616,5.0,0.48412698412698413,IVV,VOO
2025-04-02,558.7546997070312,511.2743835449219,0.09072153562074714,0.9996944506998522,-1.1696428980911833e-05,-0.21193598289533888,-0.40996648050064005,0.40996648050064005,-0.00032952159109900236,0.0003345366307664745,0.999652614687453,-0.0007649424171880526,0.8205916247830846,0.0,0.4861111111111111,IVV,VOO
2025-04-03,532.028564453125,486.8886413574219,0.09072153562074714,0.9996944506998522,-0.00016903966806136594,-1.0108388628729161,-0.21193598289533888,0.21193598289533888,3.846155503417492e-05,0.00032984807916594473,0.9996841702683377,-0.0007264808621538776,0.8209956696752729,0.0,0.4424603174603175,IVV,VOO
2025-04-04,500.0519104003906,458.6700744628906,0.09072153562074714,0.9996944506998522,-0.0024682740757517863,-4.993315512510651,-1.0108388628729161,1.0108388628729161,-0.0001573432390804541,0.0003288145754797746,0.9997755301147442,-0.0008838241012343317,0.824549875558653,1.0,0.4325396825396825,IVV,VOO
2025-04-07,498.8402099609375,456.7389221191406,0.09072153562074714,0.9996944506998522,-0.0006764348088319494,-1.1901745336451701,-4.993315512510651,4.993315512510651,-0.0022992344076904203,0.0005969067633747466,0.9996837272169926,-0.003183058508924752,0.9721166341170836,2.0,0.5158730158730158,IVV,VOO
2025-04-08,491.3730773925781,450.019287109375,0.09072153562074714,0.9996944506998522,-0.0009416172654201915,-1.5892415042999712,-1.1901745336451701,1.1901745336451701,0.0017918392669198369,0.0007215465099008343,0.9995452982089533,-0.0013912192420049152,0.9639103764455514,3.0,0.7916666666666667,IVV,VOO
2025-04-09,538.1165771484375,491.7559509277344,0.09072153562074714,0.9996944506998522,0.0012649177239731912,2.3430168751064953,-1.5892415042999712,1.5892415042999712,-0.00026518245658824213,0.000720632408546077,0.9995518492070832,-0.0016564016985931573,1.0384040809524016,4.0,0.7777777777777778,IVV,VOO
2025-04-10,519.2122802734375,474.9666748046875,0.09072153562074714,0.9996944506998522,0.00022981360790996774,0.5111750137890346,2.3430168751064953,2.3430168751064953,0.0022065349893933828,0.0008712378069356096,0.9997215007510261,0.0,0.8756532183350997,5.0,0.5119047619047619,IVV,VOO
2025-04-11,528.984619140625,483.3317260742188,0.09072153562074714,0.9996944506998522,0.0014231086327383125,2.2833679333690373,0.5111750137890346,0.5111750137890346,-0.0010351041160632235,0.000902314957942174,0.9997316364482529,-0.0010351041160632235,0.8681470039050904,0.0,0.5119047619047619,IVV,VOO
2025-04-14,533.4569702148438,488.1892395019531,0.09072153562074714,0.9996944506998522,-0.0001546753176748794,-0.19373760175973181,2.2833679333690373,2.2833679333690373,0.0011932950248283447,0.0009377866721221813,0.9997209163918835,0.0,0.888672553082512,1.0,0.5158730158730158,IVV,VOO
2025-04-15,532.1467895507812,486.8196411132813,0.09072153562074714,0.9996944506998522,0.00019483476462411886,0.35833496610986476,-0.19373760175973181,0.19373760175973181,-0.0015777839504131919,0.0009982452826695545,0.9996485900199006,-0.0015777839504131919,0.8381818260438603,0.0,0.5714285714285714,IVV,VOO
2025-04-16,520.2762451171875,476.1194458007813,0.09072153562074714,0.9996944506998522,-0.0001464680276574981,-0.17854352696086132,0.35833496610986476,0.35833496610986476,0.00034951008229899827,0.0010007827146008002,0.9996456255911566,-0.0012282738681141936,0.8342200550861245,0.0,0.5773809523809523,IVV,VOO
2025-04-17,520.7982788085938,476.7796020507813,0.09072153562074714,0.9996944506998522,-0.0005287443974104633,-0.7434811608206917,-0.17854352696086132,0.17854352696086132,-0.000341302792281617,0.0010011624811126789,0.9996518114424916,-0.0015695766603958106,0.8308889976858003,0.0,0.5634920634920635,IVV,VOO
2025-04-21,508.6913757324219,465.4192810058594,0.09072153562074714,0.9996944506998522,5.8254233936239075e-05,0.16732159818286607,-0.7434811608206917,0.7434811608206917,-0.0003822763697529652,0.001004036989936583,0.9996467380794541,-0.0019518530301487758,0.8368357638436377,0.0,0.5773809523809523,IVV,VOO
2025-04-22,521.4977416992188,477.1638793945313,0.09072153562074714,0.9996944506998522,7.999164680860815e-06,0.10238172806353651,0.16732159818286607,0.16732159818286607,0.0005869986313467024,0.0010062898973954145,0.9996317362972842,-0.0013648543988020734,0.8317784521135687,0.0,0.6071428571428571,IVV,VOO
2025-04-23,529.8416748046875,484.8294067382813,0.09072153562074714,0.9996944506998522,-5.0935991667167e-05,0.00947603567383073,0.10238172806353651,0.10238172806353651,-5.025506925537826e-05,0.0010034579604552537,0.999638287221034,-0.0014151094680574516,0.8309297601893572,0.0,0.5912698412698413,IVV,VOO
2025-04-24,541.0422973632812,495.0172729492188,0.09072153562074714,0.9996944506998522,7.907597270850886e-05,0.21975760561721516,0.00947603567383073,0.00947603567383073,-5.893515634802782e-05,0.0010022435256280282,0.9996390184493913,-0.0014740446244054795,0.8307939995643914,0.0,0.5873015873015873,IVV,VOO
2025-04-25,544.9532470703125,498.6627807617188,0.09072153562074714,0.9996944506998522,-5.355618749547375e-05,0.014492918580414174,0.21975760561721516,0.21975760561721516,0.00013001196437567586,0.0009995954261250624,0.9996442066504682,-0.0013440326600298036,0.8309810398210865,0.0,0.5734126984126984,IVV,VOO
2025-04-28,545.1896362304688,498.96826171875,0.09072153562074714,0.9996944506998522,-0.00023209704283289057,-0.24266441717603307,0.014492918580414174,0.014492918580414174,-0.0001326321602039826,0.0009960202209010997,0.9996444923177228,-0.0014766648202337862,0.8298389099801766,0.0,0.5674603174603174,IVV,VOO
2025-04-29,548.6572265625,501.9930725097656,0.09072153562074714,0.9996944506998522,6.611614675389177e-05,0.21399638034028012,-0.24266441717603307,0.24266441717603307,-0.00017854085533741682,0.0009955152772811312,0.9996450606744861,-0.001655205675571203,0.8303706997149067,0.0,0.5654761904761905,IVV,VOO
2025-04-30,549.6522216796875,502.2393798828125,0.09072153562074714,0.9996944506998522,0.001387594577416884,2.057699969828045,0.21399638034028012,0.21399638034028012,0.00029821318958678233,0.000986009043467658,0.999645021905939,-0.0013569924859844207,0.8294927316831127,0.0,0.5654761904761905,IVV,VOO
2025-05-01,552.7553100585938,505.7962341308594,0.09072153562074714,0.9996944506998522,-3.760729426183218e-05,-0.013187628525010018,2.057699969828045,2.057699969828045,0.0013214784306629923,0.0010242293332618157,0.9996099094317282,-3.551405532142837e-05,0.8330584220741881,1.0,0.6904761904761905,IVV,VOO
2025-05-02,560.8628540039062,513.0479736328125,0.09072153562074714,0.9996944506998522,0.0002922568365262279,0.4699249449233593,-0.013187628525010018,0.013187628525010018,-0.0014252018716787163,0.0010750339222286888,0.9995578350321312,-0.0014607159270001446,0.8103642706833367,0.0,0.8035714285714286,IVV,VOO
2025-05-05,557.7399291992188,510.367919921875,0.09072153562074714,0.9996944506998522,-5.549564704931953e-05,-0.04878284668700885,0.4699249449233593,0.4699249449233593,0.0003298641307880601,0.0010767405902568628,0.9995618661634066,-0.0011308517962120845,0.8092113259781438,0.0,0.7956349206349207,IVV,VOO
2025-05-06,553.1788940429688,506.02288818359375,0.09072153562074714,0.9996944506998522,0.0002805368663647556,0.4345527205881722,-0.04878284668700885,0.04878284668700885,-0.00034775248357554744,0.0009418445635670471,0.9995601436557043,-0.001478604279787632,0.8074229270197492,0.0,0.7738095238095237,IVV,VOO
2025-05-07,555.375732421875,508.3088073730469,0.09072153562074714,0.9996944506998522,-0.00026190206690124285,-0.352052947333232,0.4345527205881722,0.4345527205881722,0.00033603251341407514,0.0008628133859055431,0.9995650004506711,-0.0011425717663735568,0.8062599951650473,0.0,0.7599206349206349,IVV,VOO
2025-05-08,558.8826904296875,511.69818115234375,0.09072153562074714,0.9996944506998522,-0.0006109663403970345,-0.8137395312651173,-0.352052947333232,0.352052947333232,-0.0005424389332659985,0.0008699294839467705,0.9995673790155908,-0.0016850106996395553,0.8017877603733636,0.0,0.7579365079365079,IVV,VOO
2025-05-09,558.4492797851562,511.0182189941406,0.09072153562074714,0.9996944506998522,-5.745022181891102e-05,-0.018241065249130838,-0.8137395312651173,0.8137395312651173,-0.0003490642734957916,0.0007153932112768038,0.9995641556359838,-0.002034074973135347,0.8119193917612852,0.0,0.7559523809523809,IVV,VOO
2025-05-12,576.9891357421875,528.0341186523438,0.09072153562074714,0.9996944506998522,-0.00014346071231940982,-0.1559759150414634,-0.018241065249130838,0.018241065249130838,0.0005535161185781234,0.0006943525589715897,0.9995574165627642,-0.0014805588545572235,0.8125564858456289,0.0,0.7698412698412698,IVV,VOO
2025-05-13,581.1560668945312,531.5023803710938,0.09072153562074714,0.9996944506998522,0.0005076646040409472,0.7747197010814504,-0.1559759150414634,0.1559759150414634,-8.60104905004988e-05,0.0006366856901546379,0.9995679809145639,-0.0015665693450577223,0.8138823499739707,0.0,0.7400793650793651,IVV,VOO
2025-05-14,581.4910278320312,532.1625366210938,0.09072153562074714,0.9996944506998522,-0.0001570384144704562,-0.18028068322258867,0.7747197010814504,0.7747197010814504,0.000651125316360357,0.0005541979615366008,0.9995631666230392,-0.0009154440286973653,0.8088555270172781,0.0,0.751984126984127,IVV,VOO
2025-05-15,584.3477783203125,534.7735595703125,0.09072153562074714,0.9996944506998522,-0.00014921052000538282,-0.16228891393547196,-0.18028068322258867,0.18028068322258867,-0.0006647030185114033,0.0005691275950304382,0.9995532709149763,-0.0015801470472087686,0.8029723067568401,0.0,0.7757936507936508,IVV,VOO
2025-05-16,588.1503295898438,538.2219848632812,0.09072153562074714,0.9996944506998522,-8.866733209789146e-05,-0.07882034715585164,-0.16228891393547196,0.16228891393547196,7.82789446507337e-06,0.0005642644960060942,0.9995546346733396,-0.0015723191527436953,0.8044342461427296,0.0,0.7718253968253969,IVV,VOO
2025-05-19,588.88916015625,538.7738037109375,0.09072153562074714,0.9996944506998522,0.0001423134991060948,0.17025514610190287,-0.07882034715585164,0.07882034715585164,6.054318790749136e-05,0.000557482540923177,0.9995582205223917,-0.001511775964836204,0.8048430266396321,0.0,0.7619047619047619,IVV,VOO
2025-05-20,586.7022705078125,536.8623046875,0.09072153562074714,0.9996944506998522,-2.5091548501166017e-05,-0.19653086306791198,0.17025514610190287,0.17025514610190287,0.00023098083120398627,0.0005446948922576601,0.9995520419779972,-0.0012807951336322176,0.8036374153356771,0.0,0.7738095238095237,IVV,VOO
2025-05-21,576.94970703125,527.8862915039062,0.09072153562074714,0.9996944506998522,6.811289034125423e-05,-0.08530698785416466,-0.19653086306791198,0.19653086306791198,-0.00016740504760726083,0.0005458776391852072,0.9995516362378382,-0.0014482001812394785,0.8040307060944774,0.0,0.7797619047619048,IVV,VOO
2025-05-22,577.038330078125,528.1327514648438,0.09072153562074714,0.9996944506998522,-0.0002449219132882874,-0.7158492090472819,-0.08530698785416466,0.08530698785416466,9.320443884242025e-05,0.0005460864296045105,0.9995544390142534,-0.0013549957423970582,0.8051480671403718,0.0,0.7698412698412698,IVV,VOO
2025-05-23,573.334228515625,524.5659790039062,0.09072153562074714,0.9996944506998522,8.961711146149298e-05,0.08604702011081461,-0.7158492090472819,0.7158492090472819,-0.0003130348036295416,0.0005495796279737568,0.9995541362257852,-0.0016680305460265998,0.8040497032984165,0.0,0.7718253968253967,IVV,VOO
2025-05-27,585.0964965820312,535.3450317382812,0.09072153562074714,0.9996944506998522,6.353046732421319e-05,0.1648842138723947,0.08604702011081461,0.08604702011081461,0.00033453902474978037,0.0005540444125097476,0.9995495891315903,-0.0013334915212768195,0.8016010416480224,0.0,0.7916666666666666,IVV,VOO
2025-05-28,581.6486206054688,532.2906494140625,0.09072153562074714,0.9996944506998522,-0.0001266976098959205,-0.4030851766377057,0.1648842138723947,0.1648842138723947,-2.608664413727979e-05,0.0005524836217066431,0.9995504285114798,-0.0013595781654140993,0.8006987323183121,0.0,0.7876984126984127,IVV,VOO
2025-05-29,583.9537353515625,534.3399658203125,0.09072153562074714,0.9996944506998522,-1.2887706535735788e-05,-0.04447024723304791,-0.4030851766377057,0.4030851766377057,-0.00019022807722013368,0.0005502058516592468,0.9995473722622251,-0.001549806242634233,0.7986097129126983,0.0,0.7936507936507937,IVV,VOO
2025-05-30,583.3331298828125,533.7882690429688,0.09072153562074714,0.9996944506998522,-4.351717851402981e-05,-0.14668557133586418,-0.04447024723304791,0.04447024723304791,0.0001138099033601847,0.00045961768684697524,0.9995452861497136,-0.0014359963392740482,0.7967719186689785,0.0,0.7896825396825397,IVV,VOO
2025-06-02,586.7219848632812,536.891845703125,0.09072153562074714,0.9996944506998522,-4.649712260462735e-05,-0.2132744717398049,-0.14668557133586418,0.14668557133586418,-3.062947197829402e-05,0.00033858321988952,0.9995468840919479,-0.0014666258112523423,0.7950206867328184,0.0,0.75,IVV,VOO
2025-06-03,590.0122680664062,539.9364013671875,0.09072153562074714,0.9996944506998522,-0.00010721442142980209,-0.3855066180806193,-0.2132744717398049,0.2132744717398049,-2.9799440905975416e-06,0.00033001776506701684,0.9995455785784308,-0.0014696057553429398,0.7948115057971666,0.0,0.7361111111111112,IVV,VOO
2025-06-04,589.8546752929688,539.591552734375,0.09072153562074714,0.9996944506998522,0.0002643416931196185,0.7432130561631017,-0.3855066180806193,0.3855066180806193,-6.071729882517474e-05,0.00032144931765368614,0.9995471712443886,-0.0015303230541681145,0.7948017792030934,0.0,0.7162698412698413,IVV,VOO
2025-06-05,587.1060791015625,537.0692749023438,0.09072153562074714,0.9996944506998522,0.00027761385428881624,0.7439121874855552,0.7432130561631017,0.7432130561631017,0.0003715561145494206,0.0003234076375093389,0.9995446245454656,-0.001158766939618694,0.7930362619614681,0.0,0.7281746031746033,IVV,VOO
2025-06-06,593.0364379882812,542.5572509765625,0.09072153562074714,0.9996944506998522,0.00016452485569207198,0.38682937221090424,0.7439121874855552,0.7439121874855552,1.3272161169197716e-05,0.0002986005188079661,0.9995437884022874,-0.0011454947784494962,0.7956166541506022,0.0,0.7083333333333333,IVV,VOO
2025-06-09,593.5980224609375,543.1386108398438,0.09072153562074714,0.9996944506998522,4.042418586802654e-05,-0.0031922430916762616,0.38682937221090424,0.38682937221090424,-0.00011308899859674426,0.0002879820474370314,0.9995441440316984,-0.0012585837770462405,0.7971878380854416,0.0,0.6984126984126984,IVV,VOO
2025-06-10,597.0064697265625,546.232421875,0.09072153562074714,0.9996944506998522,8.773937391737263e-05,0.11065012983846839,-0.0031922430916762616,0.0031922430916762616,-0.00012410066982404544,0.00026431840982251494,0.999539730891624,-0.001382684446870286,0.7974018356727147,0.0,0.6547619047619048,IVV,VOO
2025-06-11,595.3121337890625,544.7249145507812,0.09072153562074714,0.9996944506998522,8.450109931779082e-06,-0.12969028712037775,0.11065012983846839,0.11065012983846839,4.731518804934609e-05,0.0002636220451665866,0.9995327844129892,-0.0013353692588209398,0.7985956200908735,0.0,0.6527777777777778,IVV,VOO
2025-06-12,597.4793090820312,546.7841186523438,0.09072153562074714,0.9996944506998522,-0.00012974252612174553,-0.6271656076789673,-0.12969028712037775,0.12969028712037775,-7.928926398559355e-05,0.00021937025575173582,0.9995396720610471,-0.0014146585228065334,0.7976512281350293,0.0,0.5238095238095238,IVV,VOO
2025-06-13,590.8594360351562,540.695068359375,0.09072153562074714,0.9996944506998522,-7.608530672431613e-05,-0.360215641107765,-0.6271656076789673,0.6271656076789673,-0.0001381926360535246,0.00016615606914784773,0.9995386607680715,-0.001552851158860058,0.79743036208428,0.0,0.4662698412698413,IVV,VOO
2025-06-16,596.62744140625,545.9170532226562,0.09072153562074714,0.9996944506998522,2.9999090740417955e-05,0.20257622514468862,-0.360215641107765,0.360215641107765,5.36572193974294e-05,0.00016654496329672686,0.9995388180538444,-0.0014991939394626286,0.7987464845012388,0.0,0.47023809523809523,IVV,VOO
2025-06-17,591.6864624023438,541.2665405273438,0.09072153562074714,0.9996944506998522,0.0002665962843853009,1.2969897970953277,0.20257622514468862,0.20257622514468862,0.00010608439746473408,0.00016761506445111429,0.9995404718913581,-0.0013931095419978945,0.7908552481252852,0.0,0.46825396825396826,IVV,VOO
2025-06-18,591.548095703125,541.1581420898438,0.09072153562074714,0.9996944506998522,0.0002329445387223572,1.1520022536850494,1.2969897970953277,1.2969897970953277,0.00023659719364488296,0.00016799613979725812,0.9995447473730362,-0.0011565123483530115,0.7808730382919121,1.0,0.46031746031746035,IVV,VOO
2025-06-20,589.611328125,539.6604614257812,0.09072153562074714,0.9996944506998522,-0.0002759559860976424,-1.3449102420471986,1.1520022536850494,1.1520022536850494,-3.365174566294371e-05,0.00016355507163914678,0.9995390544548914,-0.0011901640940159552,0.7956458924388267,2.0,0.47023809523809523,IVV,VOO
2025-06-23,595.8072509765625,545.2175903320312,0.09072153562074714,0.9996944506998522,-6.396590847668193e-05,-0.47258359131396943,-1.3449102420471986,1.3449102420471986,-0.0005089005248199996,0.00019782667507804074,0.9995362434013888,-0.0016990646188359548,0.7926289013424661,3.0,0.5059523809523809,IVV,VOO
2025-06-24,602.3095092773438,551.2080078125,0.09072153562074714,0.9996944506998522,-0.00013367349779258575,-0.8586884210457187,-0.47258359131396943,0.47258359131396943,0.00021199007762096045,0.00019156445233626157,0.999542148312293,-0.0014870745412149944,0.7942299345734928,0.0,0.49206349206349204,IVV,VOO
2025-06-25,602.7542724609375,551.48388671875,0.09072153562074714,0.9996944506998522,0.00010426298918631005,0.48217589368018793,-0.8586884210457187,0.8586884210457187,-6.970758931590382e-05,0.00017692171939594545,0.9995449993128834,-0.0015567821305308982,0.7902640838981613,0.0,0.46825396825396826,IVV,VOO
2025-06-26,607.4974975585938,555.8487548828125,0.09072153562074714,0.9996944506998522,6.150988774855648e-05,0.3743953168851911,0.48217589368018793,0.48217589368018793,0.0002379364869788958,0.00018498231437167947,0.9995342289604449,-0.0013188456435520024,0.7882231993901037,0.0,0.5059523809523809,IVV,VOO
2025-06-27,610.1655883789062,558.6076049804688,0.09072153562074714,0.9996944506998522,-0.0005056907229112895,-2.96209464276835,0.3743953168851911,0.3743953168851911,-4.275310143775357e-05,0.00018004472954437145,0.999542226637716,-0.001361598744989756,0.7903383588164088,0.0,0.4841269841269842,IVV,VOO
2025-06-30,613.56494140625,561.3995971679688,0.09072153562074714,0.9996944506998522,6.588986891653548e-05,0.37592340558425247,-2.96209464276835,2.96209464276835,-0.000567200610659846,0.00021756772437854865,0.9995365752743365,-0.001928799355649602,0.7960856538525615,1.0,0.5575396825396826,IVV,VOO
2025-07-01,613.337646484375,561.142578125,0.09072153562074714,0.9996944506998522,0.0001531548517119674,0.8425787862179088,0.37592340558425247,0.37592340558425247,0.000571580591827825,0.0002533796309662488,0.9995304307331235,-0.001357218763821777,0.7933020212761394,0.0,0.6626984126984127,IVV,VOO
2025-07-02,616.0551147460938,563.6332397460938,0.09072153562074714,0.9996944506998522,0.00014661270176219432,0.8024227284694853,0.8425787862179088,0.8425787862179088,8.726498279543193e-05,0.0002539917808203939,0.9994814037560064,-0.001269953781026345,0.793580146860334,0.0,0.6785714285714286,IVV,VOO
2025-07-03,620.7490234375,568.505615234375,0.09072153562074714,0.9996944506998522,-0.0008677722244234687,-3.6807140566878793,0.8024227284694853,0.8024227284694853,-6.542149949773091e-06,0.0002535117688544922,0.9993932563725397,-0.0012764959309761181,0.7936971702762957,0.0,0.7182539682539683,IVV,VOO
2025-07-07,616.4603881835938,563.949462890625,0.09072153562074714,0.9996944506998522,0.0002435335093728952,1.081794297432087,-3.6807140566878793,3.6807140566878793,-0.001014384926185663,0.00032522488261793245,0.9994686565030437,-0.002290880857161781,0.7870292204914838,1.0,0.7936507936507937,IVV,VOO
2025-07-08,615.9662475585938,563.5739135742188,0.09072153562074714,0.9996944506998522,0.0001075803600194547,0.46059401960118385,1.081794297432087,1.081794297432087,0.0011113057337963639,0.0004131751923701852,0.9994065485139548,-0.0011795751233654173,0.7730682945453099,2.0,0.8869047619047619,IVV,VOO
2025-07-09,619.62255859375,566.9144287109375,0.09072153562074714,0.9996944506998522,0.0001178538510000493,0.4998862976104758,0.46059401960118385,0.46059401960118385,-0.0001359531493534405,0.0004135132929383531,0.9989319830073529,-0.0013155282727188577,0.7730450000545104,0.0,0.9246031746031746,IVV,VOO
2025-07-10,621.4210205078125,568.5748901367188,0.09072153562074714,0.9996944506998522,9.239090139967487e-05,0.3857769534115338,0.4998862976104758,0.4998862976104758,1.0273490980594602e-05,0.0004125791925938464,0.9987683290846804,-0.0013052547817382631,0.7726536914104035,0.0,0.9206349206349207,IVV,VOO
2025-07-11,619.0394897460938,566.5289916992188,0.09072153562074714,0.9996944506998522,-0.00014368654618301946,-0.6243219129692,0.3857769534115338,0.3857769534115338,-2.546294960037443e-05,0.0004125009165945415,0.9988676093679111,-0.0012952036760172092,0.7735591853495754,0.0,0.9166666666666667,IVV,VOO
2025-07-14,620.3240966796875,567.6458129882812,0.09072153562074714,0.9996944506998522,-3.9472948838437105e-05,-0.17372081649382454,-0.6243219129692,0.6243219129692,-0.00023607744758269433,0.00041541724214512487,0.999067755833221,-0.0015312811235999035,0.7719446887134389,0.0,0.9186507936507937,IVV,VOO
2025-07-15,617.6066284179688,565.1848754882812,0.09072153562074714,0.9996944506998522,-8.638267244442943e-05,-0.36796235016299556,-0.17372081649382454,0.17372081649382454,0.00010421359734458235,0.00041496643351714895,0.9990717609762803,-0.0014270675262553212,0.770039627960598,0.0,0.9146825396825397,IVV,VOO
2025-07-16,619.83984375,567.0429077148438,0.09072153562074714,0.9996944506998522,0.00024193213953971338,0.9792998771390448,-0.36796235016299556,0.36796235016299556,-4.6909723605992326e-05,0.00041494977840313884,0.9989881792100953,-0.0014739772498613135,0.7707963258302225,0.0,0.9146825396825398,IVV,VOO
2025-07-17,623.4765014648438,570.4428100585938,0.09072153562074714,0.9996944506998522,0.00011576372609667374,0.41746852015399244,0.9792998771390448,0.9792998771390448,0.0003283148119841428,0.00042059259439791485,0.9989932535899294,-0.0011456624378771707,0.7695883326252998,0.0,0.9166666666666666,IVV,VOO
2025-07-18,623.2195434570312,570.185791015625,0.09072153562074714,0.9996944506998522,0.00015406574911214221,0.6020364766031243,0.41746852015399244,0.41746852015399244,-0.00012616841344303964,0.00041827091122764867,0.9988405097343067,-0.0012718308513202103,0.7700745947036147,0.0,0.9206349206349207,IVV,VOO
2025-07-21,624.2669677734375,571.203857421875,0.09072153562074714,0.9996944506998522,4.995943035890349e-05,0.19427657066949242,0.6020364766031243,0.6020364766031243,3.830202301546848e-05,0.000418340300379042,0.9987012734468859,-0.0012335288283047419,0.77025944792094,0.0,0.9226190476190477,IVV,VOO
2025-07-22,624.2769165039062,571.203857421875,0.09072153562074714,0.9996944506998522,6.589596345829563e-05,0.28010012372121096,0.19427657066949242,0.19427657066949242,-0.00010410631875323872,0.0004029286891067164,0.9986390500328638,-0.0013376351470579806,0.7696172340364983,0.0,0.9047619047619048,IVV,VOO
2025-07-23,629.8009033203125,576.0565185546875,0.09072153562074714,0.9996944506998522,0.0004185631964528369,1.6857139252418742,0.28010012372121096,0.28010012372121096,1.5936533099392136e-05,0.0004004255603622042,0.998513118809748,-0.0013216986139585885,0.7665678793434686,0.0,0.9027777777777778,IVV,VOO
2025-07-24,630.0479125976562,576.451904296875,0.09072153562074714,0.9996944506998522,0.00012476732569766114,0.45325188617184026,1.6857139252418742,1.6857139252418742,0.0003526672329945413,0.0004069350411314479,0.9984984970595486,-0.0009690313809640472,0.7658020131929911,1.0,0.9047619047619048,IVV,VOO
2025-07-25,632.4986572265625,578.7447509765625,0.09072153562074714,0.9996944506998522,3.858303492876303e-05,0.08998879481850305,0.45325188617184026,0.45325188617184026,-0.00029379587075517577,0.00040968597991527394,0.9984896268983622,-0.001262827251719223,0.7666916667002703,0.0,0.9047619047619048,IVV,VOO
2025-07-28,632.3602294921875,578.6064453125,0.09072153562074714,0.9996944506998522,5.863130796157634e-05,0.14824992447063026,0.08998879481850305,0.08998879481850305,-8.618429076889811e-05,0.0004100272360732475,0.99849863830613,-0.001349011542488121,0.7665825754642669,0.0,0.9007936507936508,IVV,VOO
2025-07-29,630.8582153320312,577.1040649414062,0.09072153562074714,0.9996944506998522,0.00027968723449767197,1.0098873219611206,0.14824992447063026,0.14824992447063026,2.0048273032813313e-05,0.000388923861524246,0.9987660579228602,-0.0004490332960793708,0.7664106962185523,0.0,0.8829365079365079,IVV,VOO
2025-07-30,629.978759765625,576.4024658203125,0.09072153562074714,0.9996944506998522,0.0001007441231815065,0.2609404742740676,1.0098873219611206,1.0098873219611206,0.00022105592653609563,0.00037155310878870694,0.9990552350471927,-0.0002279773695432752,0.7665624647424921,1.0,0.8650793650793651,IVV,VOO
2025-07-31,627.3995971679688,574.2379760742188,0.09072153562074714,0.9996944506998522,-0.00024061667541808163,-1.0723194290142106,0.2609404742740676,0.2609404742740676,-0.00017894311131616547,0.00037333549485211645,0.9990318390681042,-0.00040692048085944066,0.7666100334641129,0.0,0.8670634920634921,IVV,VOO
2025-08-01,617.2706909179688,564.7796630859375,0.09072153562074714,0.9996944506998522,8.652841376299847e-05,0.2942807526942717,-1.0723194290142106,1.0723194290142106,-0.0003413607985995881,0.0003805727423318543,0.9990277108411838,-0.0007482812794590288,0.7603986691150061,1.0,0.8670634920634921,IVV,VOO
2025-08-04,626.6781616210938,573.3682250976562,0.09072153562074714,0.9996944506998522,0.0001241423403230968,0.40438624327593015,0.2942807526942717,0.2942807526942717,0.0003271450891810801,0.0003111850108173416,0.9990982990112186,-0.0004211361902779487,0.7579669540914775,0.0,0.7638888888888888,IVV,VOO
2025-08-05,623.664306640625,570.6107788085938,0.09072153562074714,0.9996944506998522,0.00012262093925663464,0.37159282612963457,0.40438624327593015,0.40438624327593015,3.761392656009832e-05,0.00019338541381011328,0.9991785678673559,-0.00038352226371785036,0.7584367608824505,0.0,0.5714285714285714,IVV,VOO
2025-08-06,628.279052734375,574.8507080078125,0.09072153562074714,0.9996944506998522,9.400877846132971e-05,0.21941331508263706,0.37159282612963457,0.37159282612963457,-1.521401066462147e-06,0.0001910731303641914,0.9991993994569351,-0.0003850436647843125,0.7589665623287051,0.0,0.5674603174603174,IVV,VOO
2025-08-07,627.9331665039062,574.5048217773438,0.09072153562074714,0.9996944506998522,0.00014502224076995418,0.43144206570072,0.21941331508263706,0.21941331508263706,-2.861216079530493e-05,0.00019116417232955087,0.999243350629237,-0.00041365582557961744,0.759435255192359,0.0,0.5674603174603174,IVV,VOO
2025-08-08,632.6863403320312,578.90283203125,0.09072153562074714,0.9996944506998522,6.22478875245136e-05,0.07714634380895284,0.43144206570072,0.43144206570072,5.101346230862447e-05,0.00019140516629172132,0.9989701168331815,-0.000362642363270993,0.7597793765128189,0.0,0.5892857142857143,IVV,VOO
2025-08-11,631.4313354492188,577.7168579101562,0.09072153562074714,0.9996944506998522,0.00012679798265846642,0.2921136515444868,0.07714634380895284,0.07714634380895284,-8.277435324544058e-05,0.0001846423352465713,0.9990620248635328,-0.0003563153089283233,0.7598002246465163,0.0,0.5714285714285714,IVV,VOO
2025-08-12,638.1114501953125,583.884033203125,0.09072153562074714,0.9996944506998522,3.5287574323916715e-05,-0.13767872810488238,0.2921136515444868,0.2921136515444868,6.455009513395282e-05,0.0001838341954904919,0.9991492075051221,-0.0002917652137943705,0.7605122281985529,0.0,0.5634920634920635,IVV,VOO
2025-08-13,640.4534912109375,585.9200439453125,0.09072153562074714,0.9996944506998522,0.0002189550455611311,0.7197753103521874,-0.13767872810488238,0.13767872810488238,-9.151040833454971e-05,0.00018475875892404967,0.9991715201199606,-0.0003832756221289202,0.7616059954638842,0.0,0.5654761904761905,IVV,VOO
2025-08-14,640.4732666015625,585.9298095703125,0.09072153562074714,0.9996944506998522,0.00023316980606136184,0.7672624642458092,0.7197753103521874,0.7197753103521874,0.00018366747123721439,0.00017455269824764107,0.9991598130521986,-0.0001996081508917058,0.7623260878471232,0.0,0.5535714285714286,IVV,VOO
2025-08-15,639.0304565429688,584.6648559570312,0.09072153562074714,0.9996944506998522,0.00013845962075365037,0.28707902633482624,0.7672624642458092,0.7672624642458092,1.4214760500230739e-05,0.000172190834270837,0.9991697573376649,-0.00018539339039147507,0.7642016139280563,0.0,0.5496031746031746,IVV,VOO
2025-08-18,638.7340087890625,584.457275390625,0.09072153562074714,0.9996944506998522,2.9446115489939473e-05,-0.5449206071449061,0.28707902633482624,0.28707902633482624,-9.471018530771147e-05,0.00017337440327081118,0.9991710752272671,-0.00028010357569918654,0.7653864990461257,0.0,0.5496031746031746,IVV,VOO
2025-08-19,635.3545532226562,581.2649536132812,0.09072153562074714,0.9996944506998522,0.0001998602136756844,0.8204870575533745,-0.5449206071449061,0.5449206071449061,-0.0001090135052637109,0.00017352386445003735,0.9990516247479138,-0.00038911708096289743,0.7658993471139475,0.0,0.5674603174603174,IVV,VOO
2025-08-20,633.6547241210938,579.7330322265625,0.09072153562074714,0.9996944506998522,0.0001590410905194517,0.47612470316460687,0.8204870575533745,0.8204870575533745,0.00017041409818574493,0.00017749948468013388,0.9990900441623224,-0.0002187029827771525,0.765135181976376,0.0,0.5654761904761905,IVV,VOO
2025-08-21,631.1546630859375,577.4500122070312,0.09072153562074714,0.9996944506998522,0.00015039755268020372,0.38952194372785365,0.47612470316460687,0.47612470316460687,-4.0819123156232706e-05,0.0001588935334846717,0.9990845352281732,-0.0002595221059333852,0.7667521486908608,0.0,0.5357142857142857,IVV,VOO
2025-08-22,640.8389282226562,586.2857055664062,0.09072153562074714,0.9996944506998522,0.0001968971124313157,0.7177736057874485,0.38952194372785365,0.38952194372785365,-8.643537839247983e-06,0.000145264678687753,0.998941070589577,-0.0002681656437726332,0.7666181615179226,0.0,0.5297619047619048,IVV,VOO
2025-08-25,638.0126342773438,583.8049926757812,0.09072153562074714,0.9996944506998522,1.57567981995399e-05,-0.8722456662216267,0.7177736057874485,0.7177736057874485,4.6499559751111974e-05,0.00014414414532626992,0.999016751666156,-0.00022166608402152121,0.7665342941792849,0.0,0.5178571428571428,IVV,VOO
2025-08-26,640.601806640625,586.1373901367188,0.09072153562074714,0.9996944506998522,7.974055741932773e-05,-0.3804841472908671,-0.8722456662216267,0.8722456662216267,-0.0001811403142317758,0.0001498535666913891,0.9990214211182039,-0.000402806398253297,0.7672132780590679,0.0,0.5317460317460317,IVV,VOO
2025-08-27,642.12353515625,587.4815063476562,0.09072153562074714,0.9996944506998522,0.00016253986089065364,0.4176935369674099,-0.3804841472908671,0.3804841472908671,6.398375921978783e-05,0.00014185256523683475,0.9990203591496188,-0.0003388226390335092,0.7676570689687953,0.0,0.5119047619047619,IVV,VOO
2025-08-28,644.4358520507812,589.5570678710938,0.09072153562074714,0.9996944506998522,0.0002314404309142759,1.0125012445861135,0.4176935369674099,0.4176935369674099,8.279930347132591e-05,0.00013767463289891482,0.9990109832012327,-0.00025602333556218326,0.7686294987904232,0.0,0.5138888888888888,IVV,VOO
2025-08-29,640.6610107421875,586.1572265625,0.09072153562074714,0.9996944506998522,0.00013832408318226186,0.15535951322761343,1.0125012445861135,1.0125012445861135,6.890057002362227e-05,0.00011321555208628753,0.999003953596928,-0.000187122765538561,0.7717827487149251,1.0,0.47619047619047616,IVV,VOO
2025-09-02,635.8189086914062,581.8382568359375,0.09072153562074714,0.9996944506998522,-5.50618151686777e-05,-1.5487425889799358,0.15535951322761343,0.15535951322761343,-9.311634773201405e-05,9.19265265136034e-05,0.999049627998288,-0.00028023911327057505,0.773918277037855,0.0,0.4583333333333333,IVV,VOO
2025-09-03,639.238037109375,584.8130493164062,0.09072153562074714,0.9996944506998522,0.00020988596885285205,0.773339829020588,-1.5487425889799358,1.5487425889799358,-0.00019338589835093956,0.00010087652275135911,0.9990540370802826,-0.0004736250116215146,0.7740383429564178,1.0,0.45634920634920634,IVV,VOO
2025-09-04,644.5050659179688,589.6262817382812,0.09072153562074714,0.9996944506998522,0.00022147990910514892,1.050332038083153,0.773339829020588,0.773339829020588,0.00026494778402152974,0.00011724790352978133,0.9990093525348749,-0.00020867722759998486,0.7734455998217186,0.0,0.4801587301587302,IVV,VOO
2025-09-05,642.78564453125,588.0151977539062,0.09072153562074714,0.9996944506998522,0.0002853835475224997,1.564635519655665,1.050332038083153,1.050332038083153,1.1593940252296875e-05,0.0001170097209978548,0.9990333649501272,-0.00019708328734768799,0.7750994936085307,1.0,0.4662698412698413,IVV,VOO
2025-09-08,644.4161376953125,589.5372924804688,0.09072153562074714,0.9996944506998522,0.0002343814201708483,1.007974903630973,1.564635519655665,1.564635519655665,6.39036384173508e-05,0.0001172889972379965,0.9990325346703286,-0.00013317964893033718,0.7803303181876637,2.0,0.47023809523809523,IVV,VOO
2025-09-09,645.8983764648438,590.9703369140625,0.09072153562074714,0.9996944506998522,0.00010476309487117419,-0.23833481881366908,1.007974903630973,1.007974903630973,-5.100212735165144e-05,0.00011627281885068558,0.999027969481259,-0.00018418177628198862,0.7814088230774734,3.0,0.46825396825396826,IVV,VOO
2025-09-10,647.746337890625,592.6801147460938,0.09072153562074714,0.9996944506998522,7.363908628477134e-05,-0.48564550033514037,-0.23833481881366908,0.23833481881366908,-0.0001296183252996741,0.00011926415731066313,0.9990260372552133,-0.0003138001015816627,0.783151413865544,0.0,0.47817460317460314,IVV,VOO
2025-09-11,653.141845703125,597.5130615234375,0.09072153562074714,0.9996944506998522,0.00024995608367639477,1.1773334028992657,-0.48564550033514037,0.48564550033514037,-3.112400858640285e-05,0.00011769113567892194,0.9989525713129981,-0.00034492411016806557,0.7810209122366164,0.0,0.496031746031746,IVV,VOO
2025-09-12,652.9144897460938,597.3845825195312,0.09072153562074714,0.9996944506998522,0.00011677998262449307,-0.29384404526738284,1.1773334028992657,1.1773334028992657,0.00017631699739162343,0.00011713315086509156,0.998936150654675,-0.00016860711277644214,0.7854156788048069,1.0,0.49404761904761907,IVV,VOO
2025-09-15,656.32373046875,600.4978637695312,0.09072153562074714,0.9996944506998522,0.00012836988118625214,-0.16455238080537404,-0.29384404526738284,0.29384404526738284,-0.0001331761010519017,0.00012068720702195847,0.998887390353519,-0.00030178321382834383,0.7874729977333363,0.0,0.5079365079365079,IVV,VOO
2025-09-16,655.4564819335938,599.7070922851562,0.09072153562074714,0.9996944506998522,0.00012344794875396303,-0.2277386615640333,-0.16455238080537404,0.16455238080537404,1.1589898561759071e-05,0.00011898415540117695,0.9988925246493067,-0.00029019331526658476,0.78842417341936,0.0,0.501984126984127,IVV,VOO
2025-09-17,654.7329711914062,599.0153198242188,0.09072153562074714,0.9996944506998522,0.00017284138626028067,0.38724585316001225,-0.2277386615640333,0.2277386615640333,-4.921932432289111e-06,0.00011637184769715408,0.9989579890827741,-0.00029511524769887387,0.7904887885209395,0.0,0.48214285714285715,IVV,VOO
2025-09-18,657.8353271484375,601.8320922851562,0.09072153562074714,0.9996944506998522,0.0002101207053044618,0.813713734407426,0.38724585316001225,0.38724585316001225,4.939343750631764e-05,0.00011060113062675421,0.9989382619365055,-0.00024572181019255623,0.7933513091378728,0.0,0.4801587301587301,IVV,VOO
2025-09-19,660.977294921875,604.6389770507812,0.09072153562074714,0.9996944506998522,0.0003233369715296419,2.0277900069559798,0.813713734407426,0.813713734407426,3.7279319044181136e-05,0.00011051737266848526,0.9988918531380205,-0.0002084424911483751,0.7898558220682688,0.0,0.48611111111111116,IVV,VOO
2025-09-22,664.158935546875,607.5841674804688,0.09072153562074714,0.9996944506998522,0.0002676484676031876,1.2741774982570395,2.0277900069559798,2.0277900069559798,0.0001132162662251801,0.00011306194312084406,0.9989073526489385,-9.522622492319499e-05,0.7988862591350764,1.0,0.4880952380952381,IVV,VOO
2025-09-23,660.6105346679688,604.4016723632812,0.09072153562074714,0.9996944506998522,0.00016073769746949296,0.0020086920984933297,1.2741774982570395,1.2741774982570395,-5.56885039264543e-05,0.00011354386255417008,0.9988890173584681,-0.0001509147288496493,0.803233244791615,2.0,0.49603174603174605,IVV,VOO
2025-09-24,658.390380859375,602.3855590820312,0.09072153562074714,0.9996944506998522,0.00013458968480328792,-0.35876721738148243,0.0020086920984933297,0.0020086920984933297,-0.00010691077013369465,0.00010854989370337383,0.9989888257679364,-0.00025782549898334395,0.8039882474697853,0.0,0.4603174603174603,IVV,VOO
2025-09-25,655.3772583007812,599.509521484375,0.09072153562074714,0.9996944506998522,0.00033197186477362806,1.8986495265678165,-0.35876721738148243,0.35876721738148243,-2.6148012666205034e-05,0.00010797035178735143,0.9990849482481292,-0.000283973511649549,0.8037517851444519,0.0,0.41666666666666663,IVV,VOO
2025-09-26,659.0148315429688,603.037841796875,0.09072153562074714,0.9996944506998522,6.746168192961477e-07,-1.756482910677983,1.8986495265678165,1.8986495265678165,0.00019738217997034013,0.00011488494217214555,0.9990951302470154,-8.659133167920885e-05,0.776681489988295,1.0,0.4305555555555556,IVV,VOO
2025-09-29,660.8682861328125,604.732666015625,0.09072153562074714,0.9996944506998522,3.511832808555937e-06,-1.601312893408438,-1.756482910677983,1.756482910677983,-0.0003312972479543319,0.00013560130785868598,0.9990758042019277,-0.00041788857963354076,0.6898220756659592,2.0,0.49007936507936506,IVV,VOO
2025-09-30,663.3858032226562,606.9628295898438,0.09072153562074714,0.9996944506998522,0.00012574048896496492,-0.3567597084410458,-1.601312893408438,1.601312893408438,2.8372159892597892e-06,0.00013432155734366465,0.9993183154457178,-0.00041505136364428097,0.6430665404268979,3.0,0.4543650793650794,IVV,VOO
2025-10-01,665.9034423828125,609.1334228515625,0.09072153562074714,0.9996944506998522,0.0003450076635962418,1.8564712830461827,-0.3567597084410458,0.3567597084410458,0.000122228656156409,0.0001299349063055977,0.9996334256774687,-0.000292822707487872,0.7228069072600299,0.0,0.15277777777777776,IVV,VOO
2025-10-02,666.5575561523438,609.8074340820312,0.09072153562074714,0.9996944506998522,0.0002212620147128419,0.5668249686007601,1.8564712830461827,1.8564712830461827,0.00021926717463127687,0.00012575053542336075,0.9996259087096044,-7.355553285659511e-05,0.7126769962194938,1.0,0.16865079365079363,IVV,VOO
2025-10-03,666.4782104492188,609.85693359375,0.09072153562074714,0.9996944506998522,2.1072622271134378e-05,-1.3780814079523287,0.5668249686007601,0.5668249686007601,-0.0001237456488833999,0.0001289099299119071,0.999616650987251,-0.000197301181739995,0.6980060546504826,0.0,0.1984126984126984,IVV,VOO
2025-10-06,668.9264526367188,611.9384155273438,0.09072153562074714,0.9996944506998522,0.0002815302801186803,1.1320837549822955,-1.3780814079523287,1.3780814079523287,-0.00020018939244170753,0.0001350656335924496,0.9996053135006735,-0.00039749057418170253,0.7339484576887413,1.0,0.24206349206349206,IVV,VOO
2025-10-07,666.4782104492188,609.7578735351562,0.09072153562074714,0.9996944506998522,0.00018346781541112023,0.13833626505972485,1.1320837549822955,1.1320837549822955,0.00026045765784754593,0.00014721979224993406,0.9995974281158327,-0.0001370329163341566,0.7364639557372026,2.0,0.2876984126984127,IVV,VOO
2025-10-08,670.4429321289062,613.2963256835938,0.09072153562074714,0.9996944506998522,0.0003301040951688705,1.4818445343035507,0.13833626505972485,0.13833626505972485,-9.806246470756008e-05,0.00014596063003962056,0.999603029973326,-0.00023509538104171668,0.7425708095833302,0.0,0.2777777777777778,IVV,VOO
2025-10-09,668.5597534179688,611.6410522460938,0.09072153562074714,0.9996944506998522,0.0002190955360168445,0.38144111145202697,1.4818445343035507,1.4818445343035507,0.0001466362797577503,0.00014893700206373062,0.9995960546950656,-8.845910128396639e-05,0.7298314586875642,1.0,0.29365079365079366,IVV,VOO
2025-10-10,650.401611328125,595.1978149414062,0.09072153562074714,0.9996944506998522,-7.319029411068101e-05,-2.1699864515299905,0.38144111145202697,0.38144111145202697,-0.00011100855915202601,0.00014630805252607404,0.9996251584238466,-0.0001994676604359924,0.7344564377629764,0.0,0.2361111111111111,IVV,VOO
2025-10-13,660.3429565429688,604.21728515625,0.09072153562074714,0.9996944506998522,6.0636199441965744e-05,-0.9379530560403987,-2.1699864515299905,2.1699864515299905,-0.0002922858301275255,0.00015717175965314974,0.999739364190225,-0.0004917534905635179,0.7313406509458774,1.0,0.15674603174603174,IVV,VOO
2025-10-14,659.5995483398438,603.3649291992188,0.09072153562074714,0.9996944506998522,0.0003454534351723382,1.4986113875091898,-0.9379530560403987,0.9379530560403987,0.00013382649355264675,0.00016022008113799038,0.9997585047216202,-0.00035792699701087116,0.7303810036626804,0.0,0.15873015873015875,IVV,VOO
2025-10-15,662.3748779296875,606.021240234375,0.09072153562074714,0.9996944506998522,0.000152733958681317,-0.2345597229497217,1.4986113875091898,1.4986113875091898,0.00028481723573037243,0.00017208590748949283,0.9997451014676911,-7.310976128049873e-05,0.729689717923838,1.0,0.18055555555555555,IVV,VOO
2025-10-16,658.11279296875,602.0169067382812,0.09072153562074714,0.9996944506998522,0.0003248724667086478,1.2650478873738544,-0.2345597229497217,0.2345597229497217,-0.00019271947649102117,0.00017740016663573478,0.9997377822444183,-0.0002658292377715199,0.7313962616549169,0.0,0.20238095238095238,IVV,VOO
2025-10-17,661.7900390625,605.3571166992188,0.09072153562074714,0.9996944506998522,0.00036554242793851444,1.5558403780708576,1.2650478873738544,1.2650478873738544,0.00017213850802733077,0.0001812484645259279,0.9997481591915415,-2.0580968463690397e-05,0.7278205364065018,1.0,0.20238095238095238,IVV,VOO
2025-10-20,668.629150390625,611.71044921875,0.09072153562074714,0.9996944506998522,0.00020947166191476185,0.22099513357671893,1.5558403780708576,1.5558403780708576,4.066996122986666e-05,0.00017978119673346446,0.9997658866006016,0.0,0.7353034806032974,2.0,0.19642857142857142,IVV,VOO
2025-10-21,668.4705200195312,611.631103515625,0.09072153562074714,0.9996944506998522,0.00010187633671154828,-0.7054392908492817,0.22099513357671893,0.22099513357671893,-0.00015607076602375258,0.0001827022559394842,0.9997678305938759,-0.00015607076602375258,0.7434902594832619,0.0,0.20436507936507936,IVV,VOO
2025-10-22,665.2293701171875,608.5386962890625,0.09072153562074714,0.9996944506998522,0.0003087547630942211,1.0076055216968842,-0.7054392908492817,0.7054392908492817,-0.00010759532520321358,0.00018272179971052073,0.9997659269392875,-0.00026366609122696616,0.7966640878586119,0.0,0.20833333333333334,IVV,VOO
2025-10-23,669.0057373046875,611.97802734375,0.09072153562074714,0.9996944506998522,0.000335338665050422,1.1870934471993477,1.0076055216968842,1.0076055216968842,0.00020687842638267284,0.00018821751323799832,0.9997683282415272,-5.678766484429332e-05,0.8032013540021284,1.0,0.21626984126984128,IVV,VOO
2025-10-24,674.5067138671875,617.0427856445312,0.09072153562074714,0.9996944506998522,0.00028486309808162247,0.7136502189028049,1.1870934471993477,1.1870934471993477,2.658390195620086e-05,0.00018327298377296278,0.9997749939092608,-3.0203762888092456e-05,0.8214079368325994,2.0,0.20833333333333334,IVV,VOO
2025-10-27,682.5153198242188,624.4269409179688,0.09072153562074714,0.9996944506998522,0.00019587344120175487,-0.05422892600890497,0.7136502189028049,0.7136502189028049,-5.047556696879951e-05,0.00016741147811645074,0.9997953909873738,-8.067932985689197e-05,0.83697824972829,0.0,0.16666666666666666,IVV,VOO
2025-10-28,684.2399291992188,626.1019287109375,0.09072153562074714,0.9996944506998522,4.1499662293276174e-05,-1.3079206501075031,-0.05422892600890497,0.05422892600890497,-8.89896568798676e-05,0.00016891287318683744,0.9998027390836984,-0.00016966898673675956,0.8575243954308309,0.0,0.1746031746031746,IVV,VOO
2025-10-29,684.6066284179688,626.3596801757812,0.09072153562074714,0.9996944506998522,0.00016581204345733624,-0.277107168415717,-1.3079206501075031,1.3079206501075031,-0.0001543737789084787,0.00017044323356598805,0.9997834013347997,-0.00032404276564523826,0.8039790526425472,1.0,0.18253968253968253,IVV,VOO
2025-10-30,677.1927490234375,619.7090454101562,0.09072153562074714,0.9996944506998522,-5.122613996011438e-05,-1.8753240804281766,-0.277107168415717,0.277107168415717,0.00012431238116406007,0.00016539991897497453,0.999776725770478,-0.0001997303844811782,0.7930216699256317,0.0,0.16666666666666666,IVV,VOO
2025-10-31,679.175048828125,621.4931030273438,0.09072153562074714,0.9996944506998522,-2.1197699746622334e-06,-1.3883095511535861,-1.8753240804281766,1.8753240804281766,-0.00021703818341745063,0.0001698276059971009,0.9997820551826906,-0.0004167685678986288,0.7822827895726586,1.0,0.18253968253968253,IVV,VOO
2025-11-03,680.6221923828125,622.7122802734375,0.09072153562074714,0.9996944506998522,0.00016718034714191532,-0.0709592032624372,-1.3883095511535861,1.3883095511535861,4.910636998545215e-05,0.00016474974252939645,0.9997823853825101,-0.00036766219791317667,0.8111788806144205,2.0,0.1626984126984127,IVV,VOO
2025-11-04,672.8118286132812,615.49658203125,0.09072153562074714,0.9996944506998522,0.00027713041159760365,0.7381567789148422,-0.0709592032624372,0.0709592032624372,0.00016930011711657755,0.00015859492274165348,0.999776237401627,-0.00019836208079659912,0.8440013423149031,0.0,0.15873015873015872,IVV,VOO
2025-11-05,674.8931884765625,617.35009765625,0.09072153562074714,0.9996944506998522,0.00035990879587366464,1.2770952387264425,0.7381567789148422,0.7381567789148422,0.00010995006445568833,0.00015901806836650343,0.9997845519805597,-8.841201634091078e-05,0.8324060705511765,0.0,0.1527777777777778,IVV,VOO
2025-11-06,667.5685424804688,610.7886352539062,0.09072153562074714,0.9996944506998522,0.00012959057259642748,-0.38857393014462305,1.2770952387264425,1.2770952387264425,8.277838427606099e-05,0.00015676083723134673,0.9997803206025218,-5.633632064849792e-06,0.832980273052812,1.0,0.15079365079365079,IVV,VOO
2025-11-07,668.3812866210938,611.4329223632812,0.09072153562074714,0.9996944506998522,0.000292352728899381,0.7843853788828145,-0.38857393014462305,0.38857393014462305,-0.00023031822327723717,0.00016307155555819516,0.9997904534783679,-0.00023595185534208696,0.8353025913181585,0.0,0.15476190476190477,IVV,VOO
2025-11-10,678.7686767578125,620.9281616210938,0.09072153562074714,0.9996944506998522,0.0003085115410863537,0.8514753126900864,0.7843853788828145,0.7843853788828145,0.00016276215630295354,0.00015274597040752317,0.9997857732114644,-7.318969903913342e-05,0.8379226917140379,0.0,0.12896825396825395,IVV,VOO
2025-11-11,680.0968627929688,622.3553466796875,0.09072153562074714,0.9996944506998522,-3.177398233145112e-05,-1.7169839116203842,0.8514753126900864,0.8514753126900864,1.6158812186972682e-05,0.00015043057903618145,0.9998008822959435,-5.7030886852160734e-05,0.8460342790715153,0.0,0.11706349206349206,IVV,VOO
2025-11-12,680.5726318359375,622.6626586914062,0.09072153562074714,0.9996944506998522,0.0001740262019058747,-0.12318658262484401,-1.7169839116203842,1.7169839116203842,-0.0003402855234178048,0.00015543771178285414,0.9997820560917137,-0.00039731641026996556,0.8318844163674365,1.0,0.14087301587301587,IVV,VOO
2025-11-13,669.4815063476562,612.523193359375,0.09072153562074714,0.9996944506998522,0.00015608679533940517,-0.2448590231332203,-0.12318658262484401,0.12318658262484401,0.00020580018423732582,0.00015740440310608992,0.9997786888299938,-0.00019151622603263974,0.8320747446581094,0.0,0.1607142857142857,IVV,VOO
2025-11-14,669.3427124023438,612.3645629882812,0.09072153562074714,0.9996944506998522,0.0002076826787744679,0.10843219480396857,-0.2448590231332203,0.2448590231332203,-1.793940656646953e-05,0.0001524485678095844,0.9997980991865645,-0.00020945563259910926,0.832322802984932,0.0,0.11904761904761904,IVV,VOO
2025-11-17,663.0785522460938,606.625732421875,0.09072153562074714,0.9996944506998522,0.00021784549134551412,0.20763566342881257,0.10843219480396857,0.10843219480396857,5.159588343506272e-05,0.0001526430232777683,0.9997961768031272,-0.00015785974916404655,0.8299979466297742,0.0,0.12103174603174603,IVV,VOO
2025-11-18,657.5875244140625,601.63037109375,0.09072153562074714,0.9996944506998522,0.00016848784198320033,-0.1834753784836478,0.20763566342881257,0.20763566342881257,1.0162812571046231e-05,0.00014882632979903114,0.9997886954908412,-0.00014769693659300032,0.8259191324348002,0.0,0.1111111111111111,IVV,VOO
2025-11-19,660.0654296875,603.8109741210938,0.09072153562074714,0.9996944506998522,0.0003127501517035114,0.9804112033791011,-0.1834753784836478,0.1834753784836478,-4.9357649362313794e-05,0.0001472458155251324,0.9997964146452487,-0.0001970545859553141,0.8215498888102147,0.0,0.10119047619047619,IVV,VOO
2025-11-20,649.9754028320312,594.6527099609375,0.09072153562074714,0.9996944506998522,0.00018727242735305794,-0.020141341354628556,0.9804112033791011,0.9804112033791011,0.00014426230972031107,0.00014350271617145704,0.9997940416650016,-5.2792276235003044e-05,0.8174424915852683,0.0,0.08531746031746032,IVV,VOO
2025-11-21,656.4279174804688,600.56982421875,0.09072153562074714,0.9996944506998522,0.0001673097548247071,-0.26649040112698497,-0.020141341354628556,0.020141341354628556,-0.00012547772435045346,0.00014591147385587623,0.9998093540687392,-0.0001782700005854565,0.809502223878343,0.0,0.08531746031746032,IVV,VOO
2025-11-24,666.1214599609375,609.5001220703125,0.09072153562074714,0.9996944506998522,7.071880895548333e-05,-1.1176923221105626,-0.26649040112698497,0.26649040112698497,-1.9962672528350822e-05,0.00014561235019758492,0.9998136382860127,-0.00019823267311380732,0.8214167207903894,0.0,0.08333333333333334,IVV,VOO
2025-11-25,672.3855590820312,615.1694946289062,0.09072153562074714,0.9996944506998522,0.00017476453525411273,-0.1596370951928206,-1.1176923221105626,1.1176923221105626,-9.659094586922379e-05,0.00014583853018329995,0.9998190930915467,-0.0002948236189830311,0.8154594948895444,1.0,0.08333333333333334,IVV,VOO
2025-11-26,677.0242309570312,619.421630859375,0.09072153562074714,0.9996944506998522,0.00016365022872655288,-0.2635847581614509,-0.1596370951928206,0.1596370951928206,0.0001040457262986294,0.0001435734994780379,0.9998222660549317,-0.0001907778926844017,0.8137636175205247,0.0,0.06746031746031747,IVV,VOO
2025-11-28,680.8104858398438,622.8510131835938,0.09072153562074714,0.9996944506998522,0.00022109583841345426,0.2940003382283785,-0.2635847581614509,0.2635847581614509,-1.1114306527559847e-05,0.00014103628919402795,0.9998313984369124,-0.00020189219921196155,0.8152804232028841,0.0,0.05952380952380952,IVV,VOO
2025-12-01,677.618896484375,619.9866333007812,0.09072153562074714,0.9996944506998522,0.00013016578663549438,-0.4965783355193263,0.2940003382283785,0.2940003382283785,5.744560968690138e-05,0.00013234640023069468,0.9998297067159565,-0.00014444658952506018,0.815693962779921,0.0,0.051587301587301584,IVV,VOO
2025-12-02,678.7786254882812,621.0371704101562,0.09072153562074714,0.9996944506998522,0.00014767969412599058,-0.3071097999743544,-0.4965783355193263,0.4965783355193263,-9.093005177795987e-05,0.00013397783797974584,0.9998307540788841,-0.00023537664130302005,0.8141907455363759,0.0,0.05357142857142857,IVV,VOO
2025-12-03,681.1871337890625,623.2078247070312,0.09072153562074714,0.9996944506998522,0.00020164834848390711,0.18432405827549825,-0.3071097999743544,0.3071097999743544,1.7513907490496194e-05,0.00012874420148989622,0.999831043653705,-0.00021786273381252386,0.8061454726480467,0.0,0.047619047619047616,IVV,VOO
2025-12-04,681.7718505859375,623.7330932617188,0.09072153562074714,0.9996944506998522,0.00021742513386779905,0.3770771987369771,0.18432405827549825,0.18432405827549825,5.3968654357916535e-05,0.00012689742393083114,0.9998335542778068,-0.00016389407945460732,0.7940882682779723,0.0,0.04563492063492063,IVV,VOO
2025-12-05,683.020751953125,624.9026489257812,0.09072153562074714,0.9996944506998522,0.00017483405057472368,0.0048660697885798635,0.3770771987369771,0.3770771987369771,1.5776785383891934e-05,0.00012544432379645176,0.999833576520077,-0.0001481172940707154,0.7911896034535487,0.0,0.04365079365079365,IVV,VOO
2025-12-08,680.9889526367188,623.0491943359375,0.09072153562074714,0.9996944506998522,0.00016516415181655475,-0.0557591138230105,0.0048660697885798635,0.0048660697885798635,-4.259108329307537e-05,0.0001149795231637848,0.9998338036274457,-0.00019070837736379076,0.7961769321707106,0.0,0.023809523809523808,IVV,VOO
2025-12-09,680.4437866210938,622.543701171875,0.09072153562074714,0.9996944506998522,0.0001756958168117606,0.06413584312534301,-0.0557591138230105,0.0557591138230105,-9.669898758168927e-06,0.0001089268801226294,0.9998367447003734,-0.00020037827612195969,0.7933300837545496,0.0,0.011904761904761904,IVV,VOO
2025-12-10,684.8147583007812,626.5678100585938,0.09072153562074714,0.9996944506998522,0.00013765144657185147,-0.3893914324651259,0.06413584312534301,0.06413584312534301,1.0531664995205858e-05,0.00010887560766708937,0.9998358592283714,-0.00018984661112675383,0.8059828923767143,0.0,0.013888888888888888,IVV,VOO
2025-12-11,686.4700317382812,628.1041259765625,0.09072153562074714,0.9996944506998522,0.0001036408168166858,-0.7352354276357581,-0.3893914324651259,0.3893914324651259,-3.804437023990914e-05,7.815940365354549e-05,0.9998367133414925,-0.00022789098136666297,0.7881924034405031,0.0,0.005952380952380952,IVV,VOO
2025-12-12,679.1156005859375,621.3246459960938,0.09072153562074714,0.9996944506998522,0.00018135236848593195,0.03385472588226511,-0.7352354276357581,0.7352354276357581,-3.401062975516567e-05,6.409695717037923e-05,0.9998369076479894,-0.00026190161112182864,0.7735661223627627,0.0,0.003968253968253968,IVV,VOO
2025-12-15,678.1046752929688,620.4227294921875,0.09072153562074714,0.9996944506998522,0.00014386582066716613,-0.5299605717287135,0.03385472588226511,0.03385472588226511,7.771155166924615e-05,6.637071981954843e-05,0.9998402402677272,-0.0001841900594525825,0.7725306628128193,0.0,0.005952380952380952,IVV,VOO
2025-12-16,676.21875,618.6881713867188,0.09072153562074714,0.9996944506998522,0.00015764799727957524,-0.3408172388328743,-0.5299605717287135,0.5299605717287135,-3.7486547818765814e-05,6.583040443351792e-05,0.9998409218240477,-0.0002216766072713483,0.7717376851376182,0.0,0.005952380952380952,IVV,VOO
2025-12-17,668.8283081054688,611.8887939453125,0.09072153562074714,0.9996944506998522,0.00021586773718151875,0.4762023969784503,-0.3408172388328743,0.3408172388328743,1.3782176612409103e-05,6.587182677168426e-05,0.9998410096441968,-0.0002078944306589392,0.7571242822565251,0.0,0.007936507936507936,IVV,VOO
2025-12-18,673.8911743164062,616.507568359375,0.09072153562074714,0.9996944506998522,0.00023937122993622495,0.9431003188422458,0.4762023969784503,0.4762023969784503,5.821973990194351e-05,6.625868094053532e-05,0.9998450636881023,-0.0001496746907569957,0.7518501441717244,0.0,0.00992063492063492,IVV,VOO
2025-12-19,679.8493041992188,622.0084838867188,0.09072153562074714,0.9996944506998522,0.00016147869359706135,-0.25428323662384505,0.9431003188422458,0.9431003188422458,2.35034927547062e-05,5.8046565609383155e-05,0.9998466979907695,-0.00012617119800228949,0.7541130881334394,0.0,0.003968253968253968,IVV,VOO
2025-12-22,684.1661987304688,625.9256591796875,0.09072153562074714,0.9996944506998522,0.00021522705432452938,0.6350907792663713,-0.25428323662384505,0.25428323662384505,-7.78925363391636e-05,5.382686177133157e-05,0.9998529632273037,-0.00020406373434145308,0.7542912078239454,0.0,0.003968253968253968,IVV,VOO
2025-12-23,687.2893676757812,628.8479614257812,0.09072153562074714,0.9996944506998522,0.00011328588052528232,-0.9570479973834617,0.6350907792663713,0.6350907792663713,5.3748360727468025e-05,5.4934261351593036e-05,0.9998687102286995,-0.00015031537361398506,0.7539979063574194,0.0,0.005952380952380952,IVV,VOO
2025-12-24,689.6965942382812,630.9451904296875,0.09072153562074714,0.9996944506998522,0.00028119269743065445,2.092302097240697,-0.9570479973834617,0.9570479973834617,-0.00010194117379924705,5.5426464390679795e-05,0.9998673050257543,-0.0002522565474132321,0.8630350883817464,0.0,0.00992063492063492,IVV,VOO
2025-12-26,689.5772094726562,631.0048828125,0.09072153562074714,0.9996944506998522,1.3505708155392426e-05,-2.817264561291736,2.092302097240697,2.092302097240697,0.00016790681690537212,6.25832626159736e-05,0.9998656169653406,-8.434973050785999e-05,0.8630195149310093,1.0,0.015873015873015872,IVV,VOO
2025-12-29,687.229736328125,628.7783813476562,0.09072153562074714,0.9996944506998522,0.00013713824158489984,-0.6346011888507808,-2.817264561291736,2.817264561291736,-0.000267686989275262,8.640175647612745e-05,0.9998620259644984,-0.000352036719783122,0.8469400453669361,2.0,0.031746031746031744,IVV,VOO
2025-12-30,686.2449951171875,627.9036865234375,0.09072153562074714,0.9996944506998522,9.484156345962447e-05,-1.2774284984713495,-0.6346011888507808,0.6346011888507808,0.00012363253342950742,9.001805392328668e-05,0.9998620101307087,-0.0002284041863536146,0.8447459341483247,0.0,0.03571428571428571,IVV,VOO
2025-12-31,681.29150390625,623.3414306640625,0.09072153562074714,0.9996944506998522,0.0001405587936096353,-0.4575940849412677,-1.2774284984713495,1.2774284984713495,-4.229667812527538e-05,8.828244139491105e-05,0.9998670666862797,-0.00027070086447888997,0.8326933077266695,1.0,0.031746031746031744,IVV,VOO
2026-01-02,682.534912109375,624.5043334960938,0.09072153562074714,0.9996944506998522,0.0001006828113485625,-1.0817658031989117,-0.4575940849412677,0.4575940849412677,4.5717230150010835e-05,8.880286369984422e-05,0.9998763026359965,-0.00022498363432887913,0.8020109165026499,0.0,0.02976190476190476,IVV,VOO
2026-01-05,687.1103515625,628.6392822265625,0.09072153562074714,0.9996944506998522,0.00018458238406804384,0.4530502113758844,-1.0817658031989117,1.0817658031989117,-3.9875982261072807e-05,8.828626272266261e-05,0.9998766031186708,-0.00026485961658995194,0.7736459107035468,1.0,0.02976190476190476,IVV,VOO
2026-01-06,691.1885986328125,632.3665771484375,0.09072153562074714,0.9996944506998522,0.00019256438638404205,0.5996709080407423,0.4530502113758844,0.4530502113758844,8.389957271948134e-05,9.031480629716626e-05,0.9998785970171349,-0.0001809600438704706,0.7902547043745742,0.0,0.03571428571428571,IVV,VOO
2026-01-07,688.9406127929688,630.3388671875,0.09072153562074714,0.9996944506998522,0.00014562862776923424,-0.2730483214620556,0.5996709080407423,0.5996709080407423,7.982002315998216e-06,8.983963790697096e-05,0.9998805092644425,-0.00017297804155447238,0.7938340252488431,0.0,0.03373015873015873,IVV,VOO
2026-01-08,688.8609619140625,630.2295532226562,0.09072153562074714,0.9996944506998522,0.0002033913764449835,0.7645967455330864,-0.2730483214620556,0.2730483214620556,-4.693575861480781e-05,9.042380927755497e-05,0.9998611328346542,-0.0002199138001692802,0.7933072037170075,0.0,0.05952380952380952,IVV,VOO
2026-01-09,693.3668823242188,634.453857421875,0.09072153562074714,0.9996944506998522,4.481112868415238e-05,-2.092574777805039,0.7645967455330864,0.7645967455330864,5.7762748675749265e-05,9.130598405529058e-05,0.9998539750035326,-0.00016215105149353093,0.7921379500118148,0.0,0.06349206349206349,IVV,VOO
2026-01-12,694.5107421875,635.4776611328125,0.09072153562074714,0.9996944506998522,8.128595131218219e-05,-1.3380194562006609,-2.092574777805039,2.092574777805039,-0.00015858024776083113,9.747906475980632e-05,0.9998650903444618,-0.00032073129925436206,0.782039714824895,1.0,0.061507936507936505,IVV,VOO
2026-01-13,693.157958984375,634.1755981445312,0.09072153562074714,0.9996944506998522,0.00018199152600928414,0.4626124375362165,-1.3380194562006609,1.3380194562006609,3.647482262802981e-05,9.762761656135567e-05,0.9998702964472121,-0.00028425647662633224,0.8062488572182068,2.0,0.05555555555555555,IVV,VOO
2026-01-14,689.7960205078125,631.104248046875,0.09072153562074714,0.9996944506998522,0.0001733563369743507,0.2829939802739165,0.4626124375362165,0.4626124375362165,0.00010070557469710195,9.867890463410167e-05,0.9998716073381358,-0.0001835509019292303,0.8186075278104341,0.0,0.057539682539682536,IVV,VOO
2026-01-15,691.6162719726562,632.7740478515625,0.09072153562074714,0.9996944506998522,0.00016716955956486146,0.16038718473466396,0.2829939802739165,0.2829939802739165,-8.635189034933433e-06,9.83301544584714e-05,0.9998723136124996,-0.00018655245889931393,0.8153895289692568,0.0,0.057539682539682536,IVV,VOO
2026-01-16,690.9597778320312,632.247314453125,0.09072153562074714,0.9996944506998522,5.001306315399745e-05,-1.7667048124846885,0.16038718473466396,0.16038718473466396,-6.1867774094892525e-06,9.830149156021524e-05,0.999872590339124,-0.00019273923630880319,0.8071151984919045,0.0,0.057539682539682536,IVV,VOO
2026-01-20,676.974609375,619.385498046875,0.09072153562074714,0.9996944506998522,0.0001486709086098159,-0.03868634837346646,-1.7667048124846885,1.7667048124846885,-0.00011715649641086401,0.00010055568501055996,0.9998723028591169,-0.0003098957327196672,0.817664476363974,1.0,0.06746031746031746,IVV,VOO
2026-01-21,684.6535034179688,626.4822998046875,0.09072153562074714,0.9996944506998522,3.859312542431326e-05,-1.783951697863428,-0.03868634837346646,0.03868634837346646,9.865784545581846e-05,0.00010304706043540877,0.9998934001848869,-0.00021123788726384873,0.8247878201043292,0.0,0.05952380952380952,IVV,VOO
2026-01-22,688.274169921875,629.7424926757812,0.09072153562074714,0.9996944506998522,0.0001240919449232436,-0.34556948423466655,-1.783951697863428,1.783951697863428,-0.00011007778318550265,0.00010442224109174279,0.9998947912848478,-0.0003213156704493514,0.8067852410625358,1.0,0.061507936507936505,IVV,VOO
2026-01-23,688.5526733398438,630.0009765625,0.09072153562074714,0.9996944506998522,0.00011840027924492347,-0.4088086021774435,-0.34556948423466655,0.34556948423466655,8.549881949893035e-05,0.00010555591250191519,0.9998926928688381,-0.00023581685095042104,0.8017744257920804,0.0,0.06746031746031746,IVV,VOO
2026-01-26,692.1832275390625,633.2412719726562,0.09072153562074714,0.9996944506998522,0.00024871191522102265,1.6126268327865485,-0.4088086021774435,0.4088086021774435,-5.691665678320135e-06,0.00010317348932245897,0.9998893985080644,-0.00024150851662874118,0.8011679951035716,0.0,0.06746031746031746,IVV,VOO
2026-01-27,694.9285278320312,635.83544921875,0.09072153562074714,0.9996944506998522,0.00011996712232686946,-0.434575132136098,1.6126268327865485,1.6126268327865485,0.00013031163597609918,0.00010040726046456252,0.9998914234759299,-0.000111196880652642,0.796200309074377,1.0,0.061507936507936505,IVV,VOO
2026-01-28,694.978271484375,635.736083984375,0.09072153562074714,0.9996944506998522,0.0003477850589206355,2.695796407920133,-0.434575132136098,0.434575132136098,-0.0001287447928941532,8.54509522987755e-05,0.9998915243492288,-0.0002399416735467952,0.7896841770531947,0.0,0.031746031746031744,IVV,VOO
2026-01-29,693.3768920898438,634.4141235351562,0.09072153562074714,0.9996944506998522,0.00012185722612123584,-0.41740730456137964,2.695796407920133,2.695796407920133,0.00022781793659376604,9.513185886959238e-05,0.9998866828693218,-1.2123736953029152e-05,0.7816434239164571,1.0,0.05952380952380952,IVV,VOO
2026-01-30,691.327880859375,632.37646484375,0.09072153562074714,0.9996944506998522,0.00037842414217159615,2.633997797907108,-0.41740730456137964,0.41740730456137964,-0.00022592783279939965,0.00010780489318066982,0.999878372527846,-0.0002380515697524288,0.7701665884841626,0.0,0.09126984126984126,IVV,VOO
2026-02-02,694.819091796875,635.8155517578125,0.09072153562074714,0.9996944506998522,-6.239054192391791e-06,-1.8084365161366103,2.633997797907108,2.633997797907108,0.0002565669160503603,0.00012111604213564018,0.99987286129342,0.0,0.7597890979810454,1.0,0.14087301587301587,IVV,VOO
2026-02-03,688.8809204101562,630.3190307617188,0.09072153562074714,0.9996944506998522,9.044148909342908e-05,-0.6538767286489635,-1.8084365161366103,1.8084365161366103,-0.00038466319636398794,0.00014866320591583936,0.9998449673346537,-0.00038466319636398794,0.7265990149029224,2.0,0.23214285714285715,IVV,VOO
2026-02-04,685.6183471679688,627.0985717773438,0.09072153562074714,0.9996944506998522,0.00046392674891038155,2.958513736077686,-0.6538767286489635,0.6538767286489635,9.668054328582087e-05,0.00014907237401212906,0.9998486976986053,-0.00028798265307816706,0.7403986695684562,0.0,0.23412698412698413,IVV,VOO
2026-02-05,676.8951416015625,619.335693359375,0.09072153562074714,0.9996944506998522,0.00011166588100586239,-0.4068919038442497,2.958513736077686,2.958513736077686,0.00037348525981695246,0.0001703878266818588,0.999831995816447,0.0,0.7222031177007128,1.0,0.31547619047619047,IVV,VOO
2026-02-06,690.08447265625,631.4024047851562,0.09072153562074714,0.9996944506998522,0.00011925843318216778,-0.3356312156258043,-0.4068919038442497,0.4068919038442497,-0.00035226086790451916,0.00018790279221300154,0.99982244531447,-0.00035226086790451916,0.710821941102816,0.0,0.3630952380952381,IVV,VOO
2026-02-09,693.3768920898438,634.3743286132812,0.09072153562074714,0.9996944506998522,0.00018456706953173807,0.33577830286248395,-0.3356312156258043,0.3356312156258043,7.592552176305389e-06,0.00018742652613012162,0.9998297638286197,-0.00034466831572821377,0.7098904242493198,0.0,0.35912698412698413,IVV,VOO
2026-02-10,691.4471435546875,632.59521484375,0.09072153562074714,0.9996944506998522,0.00020516988310070872,0.4907484552194013,0.33577830286248395,0.33577830286248395,6.530863634957029e-05,0.00018453575648137284,0.9998475105081751,-0.0002793596793786435,0.712205773671405,0.0,0.3174603174603175,IVV,VOO
2026-02-11,691.3477172851562,632.5056762695312,0.09072153562074714,0.9996944506998522,0.00020287350522085745,0.44373027581341445,0.4907484552194013,0.4907484552194013,2.0602813568970646e-05,0.00018444134519768102,0.9998542773794123,-0.00025875686580967283,0.7127148808103405,0.0,0.3095238095238095,IVV,VOO
2026-02-12,680.684814453125,622.705322265625,0.09072153562074714,0.9996944506998522,0.000270353569661097,1.0583545732396393,0.44373027581341445,0.44373027581341445,-2.2963778798512635e-06,0.000183164054268008,0.9998406566424937,-0.0002610532436895241,0.7131985655863504,0.0,0.3253968253968254,IVV,VOO
2026-02-13,681.1124877929688,623.1029052734375,0.09072153562074714,0.9996944506998522,0.000260376700716769,0.9056880917277244,1.0583545732396393,1.0583545732396393,6.748006444023957e-05,0.00018371333482091208,0.9998532119617466,-0.00019357317924928452,0.7154132616731146,1.0,0.3134920634920635,IVV,VOO
2026-02-17,682.186767578125,624.1961669921875,0.09072153562074714,0.9996944506998522,8.390562167281956e-05,-0.8371377219850501,0.9056880917277244,0.9056880917277244,-9.976868944328032e-06,0.00018372657593812978,0.999848741678595,-0.00020355004819361255,0.7229714024410497,0.0,0.3194444444444445,IVV,VOO
2026-02-18,685.6780395507812,627.337158203125,0.09072153562074714,0.9996944506998522,0.00017071431371284973,0.02561547124345524,-0.8371377219850501,0.8371377219850501,-0.00017647107904394943,0.00018613200080703376,0.9998405981790967,-0.000380021127237562,0.7092064846170035,0.0,0.35119047619047616,IVV,VOO
2026-02-19,684.0169067382812,625.7269287109375,0.09072153562074714,0.9996944506998522,0.00031444502119004625,1.3625199782490234,0.02561547124345524,0.02561547124345524,8.680869204003017e-05,0.0001858410547649563,0.9998433448420148,-0.0002932124351975318,0.7087344527960124,0.0,0.34523809523809523,IVV,VOO
2026-02-20,688.811279296875,630.1898193359375,0.09072153562074714,0.9996944506998522,0.00019429533566395207,0.1963011704129926,1.3625199782490234,1.3625199782490234,0.00014373070747719652,0.00018648041891971396,0.9998305910831106,-0.0001494817277203353,0.7088290652872181,1.0,0.38293650793650796,IVV,VOO
2026-02-23,681.838623046875,623.8384399414062,0.09072153562074714,0.9996944506998522,0.00014652874916443182,-0.243331399991037,0.1963011704129926,0.1963011704129926,-0.00012014968552609417,0.00018790730683265774,0.9998259552536745,-0.0002696314132464295,0.7114765095306173,0.0,0.3948412698412698,IVV,VOO
2026-02-24,686.8319091796875,628.3907470703125,0.09072153562074714,0.9996944506998522,0.0001745749890282866,-0.016377229752294595,-0.243331399991037,0.243331399991037,-4.776658649952026e-05,0.00018823379561229805,0.9998202989891426,-0.00031739799974594973,0.7059676661111002,0.0,0.40476190476190477,IVV,VOO
2026-02-25,692.541259765625,633.6785888671875,0.09072153562074714,0.9996944506998522,7.567738955849279e-05,-0.9860226562499567,-0.016377229752294595,0.016377229752294595,2.8046239863854794e-05,0.00018603890072532096,0.9998206418767216,-0.00028935175988209494,0.7113965768489151,0.0,0.3928571428571429,IVV,VOO
2026-02-26,688.7216796875,630.1202392578125,0.09072153562074714,0.9996944506998522,0.00017459193036639675,-0.011923119372777092,-0.9860226562499567,0.9860226562499567,-9.889759946979382e-05,0.0001851474682942055,0.9998209058107116,-0.00038824935935188876,0.7106467136867399,0.0,0.3908730158730158,IVV,VOO
2026-02-27,685.7078857421875,627.227783203125,0.09072153562074714,0.9996944506998522,0.00038855132056525576,1.8909549253137188,-0.011923119372777092,0.011923119372777092,9.891454080790396e-05,0.00017917492297988974,0.9998210460692842,-0.0002893348185439848,0.707459676776637,0.0,0.3611111111111111,IVV,VOO
2026-03-02,685.7775268554688,627.4663696289062,0.09072153562074714,0.9996944506998522,0.00010991317298714165,-0.6499884916039197,1.8909549253137188,1.8909549253137188,0.000213959390198859,0.0001781504703202011,0.9998159133980666,-7.537542834512578e-05,0.7034451531276971,1.0,0.37103174603174605,IVV,VOO
2026-03-03,679.7299194335938,621.9398803710938,0.09072153562074714,0.9996944506998522,9.612444308615409e-05,-0.8012390112015456,-0.6499884916039197,0.6499884916039197,-0.0002786381475781141,0.00017979374521271508,0.9998012624914551,-0.0003540135759232399,0.6971575704421643,0.0,0.38492063492063494,IVV,VOO
2026-03-04,684.61376953125,626.3729858398438,0.09072153562074714,0.9996944506998522,0.0001550068294537965,-0.2578113477007235,-0.8012390112015456,0.8012390112015456,-1.3788729900987562e-05,0.00015840157252020585,0.9998066034472457,-0.00036780230582422746,0.6959663686484717,0.0,0.3273809523809524,IVV,VOO
2026-03-05,680.8140869140625,623.0233154296875,0.09072153562074714,0.9996944506998522,-5.01267812653694e-05,-2.0372953746772695,-0.2578113477007235,0.2578113477007235,5.8882386367642425e-05,0.0001575208956982771,0.999808850335577,-0.00030891991945658503,0.7015128172542432,0.0,0.3273809523809524,IVV,VOO
2026-03-06,671.8023681640625,614.6939697265625,0.09072153562074714,0.9996944506998522,8.010300472172105e-05,-0.8630798434248346,-2.0372953746772695,2.0372953746772695,-0.00020513361071916592,0.00013889584103607647,0.9998023861584348,-0.000514053530175751,0.7070469666388459,1.0,0.28174603174603174,IVV,VOO
2026-03-09,677.720703125,620.031494140625,0.09072153562074714,0.9996944506998522,0.00020806321183730603,0.2351724182682127,-0.8630798434248346,0.8630798434248346,0.00013022978598709045,0.0001208047830344726,0.9998120043982278,-0.0003838237441886605,0.7175557689159151,0.0,0.24801587301587302,IVV,VOO
2026-03-10,676.4971923828125,618.9580078125,0.09072153562074714,0.9996944506998522,0.00013341247843712267,-0.3903274537656847,0.2351724182682127,0.2351724182682127,0.00012796020711558498,0.00012406602600208497,0.9998128780493402,-0.0002558635370730755,0.7141114191192797,0.0,0.251984126984127,IVV,VOO
2026-03-11,675.7711181640625,618.272216796875,0.09072153562074714,0.9996944506998522,0.00016780337344712848,-0.10066473884168528,-0.3903274537656847,0.3903274537656847,-7.465073340018336e-05,0.0001243821862246443,0.9998094329195584,-0.0003305142704732589,0.7132596328156768,0.0,0.25793650793650796,IVV,VOO
2026-03-12,665.38671875,608.7998046875,0.09072153562074714,0.9996944506998522,0.00011640835919646264,-0.506556754841268,-0.10066473884168528,0.10066473884168528,3.4390895010005806e-05,0.0001245467481591534,0.999808992861769,-0.00029612337546325307,0.7134164395990679,0.0,0.2638888888888889,IVV,VOO
2026-03-13,661.6566772460938,605.4104614257812,0.09072153562074714,0.9996944506998522,7.591503299408942e-05,-0.8573576012443498,-0.506556754841268,0.506556754841268,-5.139501425066584e-05,0.00012501400429695554,0.9998154527415973,-0.0003475183897139189,0.71041653168743,0.0,0.25595238095238093,IVV,VOO
2026-03-16,668.3309326171875,611.4735717773438,0.09072153562074714,0.9996944506998522,0.00015055295646071443,-0.1144842953101231,-0.8573576012443498,0.8573576012443498,-4.0493326202373225e-05,0.0001241248705183711,0.9998168086577088,-0.00038801171591629213,0.7052631923552143,0.0,0.25,IVV,VOO
2026-03-17,670.18994140625,613.1632690429688,0.09072153562074714,0.9996944506998522,0.00016959475641264987,0.014727012563254597,-0.1144842953101231,0.1144842953101231,7.463792346662501e-05,0.00012547872445487813,0.9998210472288442,-0.0003133737924496671,0.7069517464269373,0.0,0.25,IVV,VOO
2026-03-18,661.0744018554688,604.7046508789062,0.09072153562074714,0.9996944506998522,0.00036166284235683577,1.7997271800221015,0.014727012563254597,0.014727012563254597,1.9041799951935445e-05,0.00011923814103977727,0.9998149292762886,-0.0002943319924977317,0.7067513157322538,0.0,0.24801587301587302,IVV,VOO
2026-03-19,659.1595458984375,603.0845336914062,0.09072153562074714,0.9996944506998522,0.00014284131800135214,-0.26972656579694587,1.7997271800221015,1.7997271800221015,0.0001920680859441859,0.00012495062035821524,0.9998181549204888,-0.00010226390655354578,0.7101308097518959,1.0,0.25992063492063494,IVV,VOO
2026-03-20,649.5553588867188,594.3277587890625,0.09072153562074714,0.9996944506998522,8.725533628162196e-05,-0.8880866889365518,-0.26972656579694587,0.26972656579694587,-0.00021882152435548363,0.00013035109690554586,0.999806318960131,-0.0003210854309090294,0.7233972775169565,0.0,0.3035714285714286,IVV,VOO
2026-03-23,656.5765380859375,600.778564453125,0.09072153562074714,0.9996944506998522,4.628850969545795e-05,-1.2919421249306562,-0.8880866889365518,0.8880866889365518,-5.558598171973017e-05,0.00012833190117724475,0.9998144463584974,-0.0003766714126287596,0.707727608115449,0.0,0.28174603174603174,IVV,VOO
2026-03-24,654.47216796875,598.7409057617188,0.09072153562074714,0.9996944506998522,0.00023250032354393824,0.7409158746417339,-1.2919421249306562,1.2919421249306562,-4.096682658616402e-05,0.00012822804765007448,0.9998211904107932,-0.0004176382392149236,0.7097705508379376,1.0,0.2599206349206349,IVV,VOO
2026-03-25,657.9727783203125,602.0010375976562,0.09072153562074714,0.9996944506998522,0.0001384503332602094,-0.2652868666918199,0.7409158746417339,0.7409158746417339,0.0001862118138484803,0.0001347352088710924,0.9998202892645296,-0.0002314264253664433,0.7098389616161085,0.0,0.28968253968253965,IVV,VOO
2026-03-26,646.274169921875,591.3259887695312,0.09072153562074714,0.9996944506998522,8.496389763124057e-05,-0.8028357594359579,-0.2652868666918199,0.2652868666918199,-9.404999028372885e-05,0.00013455611111690697,0.9998314560304229,-0.00032547641565017216,0.7035551590103754,0.0,0.2599206349206349,IVV,VOO
2026-03-27,635.28369140625,581.267333984375,0.09072153562074714,0.9996944506998522,8.422895844617528e-05,-0.755438811714148,-0.8028357594359579,0.8028357594359579,-5.348643562896882e-05,0.00013322518832818586,0.9998449317381346,-0.000378962851279141,0.7100157585629584,0.0,0.2281746031746032,IVV,VOO
2026-03-30,633.2291870117188,579.2431640625,0.09072153562074714,0.9996944506998522,0.00033234371531065676,1.8864845554714853,-0.755438811714148,0.755438811714148,-7.349391850652864e-07,0.0001234852197210787,0.9998549037082325,-0.00037969779046420626,0.7259431690974281,0.0,0.1746031746031746,IVV,VOO
2026-03-31,651.4602661132812,595.81494140625,0.09072153562074714,0.9996944506998522,0.0005171915918564807,3.0689842387674133,1.8864845554714853,1.8864845554714853,0.0002481147568644815,0.00012063385569063727,0.9998465125680274,-0.00013158303359972479,0.7158781479841066,1.0,0.1865079365079365,IVV,VOO
2026-04-01,656.2972412109375,600.5511474609375,0.09072153562074714,0.9996944506998522,-6.924591753332265e-07,-1.3997705958167952,3.0689842387674133,3.0689842387674133,0.0001848478765458239,0.00012622163865325266,0.9998692133993019,0.0,0.751418823160063,2.0,0.18055555555555555,IVV,VOO
2026-04-02,657.1948852539062,601.2391357421875,0.09072153562074714,0.9996944506998522,0.0002215238314704493,0.5325518557309455,-1.3997705958167952,1.3997705958167952,-0.0005178840510318139,0.00017190514243903778,0.9998433461485524,-0.0005178840510318139,0.706060989626093,3.0,0.3492063492063492,IVV,VOO
2026-04-06,660.0870361328125,603.9113159179688,0.09072153562074714,0.9996944506998522,0.00017936717775590694,0.1690568277280528,0.5325518557309455,0.5325518557309455,0.00022221629064578252,0.00017260507700751442,0.9998367613354726,-0.0002956677603860314,0.707531053321369,0.0,0.37103174603174605,IVV,VOO
2026-04-07,660.605712890625,604.2802734375,0.09072153562074714,0.9996944506998522,0.00035425552027490426,1.5663935659563963,0.1690568277280528,0.1690568277280528,-4.215665371454236e-05,0.00017086027514275274,0.9998375904003417,-0.00033782441410057373,0.692449314918337,0.0,0.3630952380952381,IVV,VOO
2026-04-08,677.1712036132812,619.535888671875,0.09072153562074714,0.9996944506998522,0.00019632742507358358,0.23942891459509932,1.5663935659563963,1.5663935659563963,0.00017488834251899732,0.0001728439830354552,0.9998348206184077,-0.00016293607158157641,0.704294778726439,1.0,0.38492063492063494,IVV,VOO
2026-04-09,681.180419921875,623.2052001953125,0.09072153562074714,0.9996944506998522,0.00019600218915361012,0.205154423231512,0.23942891459509932,0.23942891459509932,-0.00015792809520132067,0.0001757469908298217,0.9998535026869626,-0.0003208641667828971,0.7088134520979102,0.0,0.3472222222222222,IVV,VOO
2026-04-10,680.7914428710938,622.786376953125,0.09072153562074714,0.9996944506998522,0.0002968728806242993,1.0037392482172476,0.205154423231512,0.205154423231512,-3.2523591997346557e-07,0.00017560119926963972,0.999854568346402,-0.00032118940270287055,0.7110425758877158,0.0,0.34325396825396826,IVV,VOO
2026-04-13,687.6929321289062,628.8886108398438,0.09072153562074714,0.9996944506998522,0.0006356770500808295,3.191195465113313,1.0037392482172476,1.0037392482172476,0.00010087069147068917,0.00017644552404245291,0.9998544531721851,-0.00022031871123218139,0.6956189181929786,1.0,0.34920634920634924,IVV,VOO
2026-04-14,695.8211059570312,636.4964599609375,0.09072153562074714,0.9996944506998522,0.00036482357046985214,1.19294628277911,3.191195465113313,3.191195465113313,0.00033880416945653025,0.00018996982803231834,0.9998457561262246,0.0,0.7270757682112668,2.0,0.43452380952380953,IVV,VOO
2026-04-15,701.306396484375,641.5816650390625,0.09072153562074714,0.9996944506998522,0.00026191283411236554,0.4442197100200363,1.19294628277911,1.19294628277911,-0.0002708534796109774,0.0002003662371805433,0.9998433795321872,-0.0002708534796109774,0.7735820339213246,3.0,0.45634920634920634,IVV,VOO
2026-04-16,702.8522338867188,642.987548828125,0.09072153562074714,0.9996944506998522,0.00027550069306325753,0.5092598504872423,0.4442197100200363,0.4442197100200363,-0.0001029107363574866,0.00020187001671594389,0.9998455081924038,-0.000373764215968464,0.7875688218305785,0.0,0.4523809523809524,IVV,VOO
2026-04-17,711.4490966796875,650.8845825195312,0.09072153562074714,0.9996944506998522,0.00022945169813759492,0.13259592590458275,0.5092598504872423,0.5092598504872423,1.3587858950891984e-05,0.00019727892548692064,0.9998332220161423,-0.000360176357017572,0.7804958429642722,0.0,0.49206349206349204,IVV,VOO
2026-04-20,710.1825561523438,649.6481323242188,0.09072153562074714,0.9996944506998522,0.00034851019995585375,0.9400080446793327,0.13259592590458275,0.13259592590458275,-4.604899492566261e-05,0.00019139138788606228,0.9998346123437024,-0.0004062253519432346,0.7741226695471973,0.0,0.4801587301587302,IVV,VOO
2026-04-21,705.3355102539062,645.37060546875,0.09072153562074714,0.9996944506998522,0.00010417156665543104,-0.8166022804448806,0.9400080446793327,0.9400080446793327,0.00011905850181825883,0.00019243969904079308,0.9998336696982517,-0.0002871668501249758,0.7790968987602439,0.0,0.49007936507936506,IVV,VOO
2026-04-22,712.6459350585938,652.0013427734375,0.09072153562074714,0.9996944506998522,0.00019652900103928062,-0.16340202675675902,-0.8166022804448806,0.8166022804448806,-0.0002443386333004227,0.00020024098293759928,0.9998292155849229,-0.0005315054834253985,0.770838900137485,0.0,0.5218253968253969,IVV,VOO
2026-04-23,709.8334350585938,649.3689575195312,0.09072153562074714,0.9996944506998522,0.00028648923448137964,0.4630284866016313,-0.16340202675675902,0.16340202675675902,9.235743438384958e-05,0.0001969628018989321,0.9998322509889764,-0.0004391480490415489,0.7697464860667262,0.0,0.501984126984127,IVV,VOO
2026-04-24,715.358642578125,654.5139770507812,0.09072153562074714,0.9996944506998522,0.00015068784405336544,-0.5370287770125796,0.4630284866016313,0.4630284866016313,8.996023344209902e-05,0.00019673627913460002,0.999833254433693,-0.0003491878155994499,0.768998639117315,0.0,0.5,IVV,VOO
2026-04-27,716.5753784179688,655.5908813476562,0.09072153562074714,0.9996944506998522,0.00020662313299357749,-0.16267105198280127,-0.5370287770125796,0.5370287770125796,-0.0001358013904280142,0.00019881703691554062,0.9998381346579882,-0.0004849892060274641,0.7433554578329592,0.0,0.48412698412698413,IVV,VOO
2026-04-28,713.0448608398438,652.3602905273438,0.09072153562074714,0.9996944506998522,0.00020594098495863022,-0.18252390712968672,-0.16267105198280127,0.16267105198280127,5.593528894021205e-05,0.00019914309741103707,0.9998423867410741,-0.00042905391708725205,0.7424447081116332,0.0,0.47619047619047616,IVV,VOO
2026-04-29,712.9750366210938,652.34033203125,0.09072153562074714,0.9996944506998522,0.00013859757469347755,-0.6775720526987896,-0.18252390712968672,0.18252390712968672,-6.821480349472608e-07,0.00019125233748472088,0.9998486706829575,-0.0004297360651221993,0.7436724886751175,0.0,0.43452380952380953,IVV,VOO
2026-04-30,720.1358032226562,658.6619262695312,0.09072153562074714,0.9996944506998522,0.000490960779388594,1.8405360290762827,-0.6775720526987896,0.6775720526987896,-6.734341026515267e-05,0.00018648696205505536,0.9998607903453391,-0.000497079475387352,0.7333981854021329,0.0,0.39880952380952384,IVV,VOO
2026-05-01,722.0706176757812,660.5963134765625,0.09072153562074714,0.9996944506998522,0.00024244981031351642,0.04039795346651328,1.8405360290762827,1.8405360290762827,0.0003523632046951164,0.00016531548690041484,0.9998502841461597,-0.00014471627069223558,0.7319863354006035,1.0,0.32142857142857145,IVV,VOO
2026-05-04,719.4576416015625,658.2032470703125,0.09072153562074714,0.9996944506998522,0.0002452136171164909,0.02284509609345827,0.04039795346651328,0.04039795346651328,-0.0002485109690750775,0.00016897131067501972,0.999856479495902,-0.0003932272397673131,0.7427796743663386,0.0,0.32142857142857145,IVV,VOO
2026-05-05,725.0326538085938,663.3682250976562,0.09072153562074714,0.9996944506998522,0.00015018434295566152,-0.7209919206677236,0.02284509609345827,0.02284509609345827,2.7638068029745e-06,0.00016868041364530452,0.9998638491948135,-0.0003904634329643386,0.7373448719069953,0.0,0.3115079365079365,IVV,VOO
2026-05-06,735.4346923828125,672.7009887695312,0.09072153562074714,0.9996944506998522,0.0004287955422634937,1.296456957186292,-0.7209919206677236,0.7209919206677236,-9.50292741608294e-05,0.0001651727587948014,0.9998551453954709,-0.000485492707125168,0.7524946754125756,0.0,0.30952380952380953,IVV,VOO
2026-05-07,732.9912719726562,670.587158203125,0.09072153562074714,0.9996944506998522,0.00024713659383301945,-0.06385654091248971,1.296456957186292,1.296456957186292,0.0002786111993078322,0.0001728733500396571,0.999852324324969,-0.00020688150781733583,0.7480333474876968,1.0,0.36706349206349204,IVV,VOO
2026-05-08,738.9851684570312,676.0711669921875,0.09072153562074714,0.9996944506998522,0.0002490186612247314,-0.09309750332460891,-0.06385654091248971,0.06385654091248971,-0.00018165894843047425,0.00017794312374373074,0.9998491790551675,-0.0003885404562478101,0.7539020700239887,0.0,0.39087301587301587,IVV,VOO
2026-05-11,740.7603759765625,677.5469360351562,0.09072153562074714,0.9996944506998522,0.0004685461373092892,1.476687168554028,-0.09309750332460891,0.09309750332460891,1.882067391711928e-06,0.00017651062100972908,0.9998505960716605,-0.00038665838885609816,0.7563489212781392,0.0,0.3829365079365079,IVV,VOO
2026-05-12,739.6234130859375,676.6993408203125,0.09072153562074714,0.9996944506998522,0.00018388484942644112,-0.6441387402655272,1.476687168554028,1.476687168554028,0.0002195274760845578,0.00016661961143803807,0.999837753108622,-0.00016713091277154035,0.7662512142135288,1.0,0.386904761904762,IVV,VOO
2026-05-13,743.7423706054688,680.4285278320312,0.09072153562074714,0.9996944506998522,0.00024338888648856027,-0.1334739550717433,-0.6441387402655272,0.6441387402655272,-0.00028466128788284806,0.00016773074193160813,0.999829817807534,-0.0004517922006543884,0.7613093995993073,0.0,0.4365079365079365,IVV,VOO
2026-05-14,749.5468139648438,685.7330322265625,0.09072153562074714,0.9996944506998522,0.00025424025660392147,-0.1243235031532675,-0.1334739550717433,0.1334739550717433,5.950403706211915e-05,0.00016691943127665923,0.9998332391172229,-0.00039228816359226926,0.7626775893301366,0.0,0.4166666666666667,IVV,VOO
2026-05-15,740.4612426757812,677.4671630859375,0.09072153562074714,0.9996944506998522,0.00018235417719925096,-0.7375996317262097,-0.1243235031532675,0.1243235031532675,1.0851370115361192e-05,0.00016690859917943635,0.9998348211272802,-0.00038143679347690806,0.7655379748397909,0.0,0.4027777777777778,IVV,VOO
2026-05-18,739.922607421875,676.9386596679688,0.09072153562074714,0.9996944506998522,0.00023484004938278957,-0.2995993829919196,-0.7375996317262097,0.7375996317262097,-7.188607940467051e-05,0.00016735118756126905,0.9998419224641674,-0.0004533228728815786,0.764973752877836,0.0,0.38095238095238093,IVV,VOO
2026-05-19,735.2152709960938,672.6312866210938,0.09072153562074714,0.9996944506998522,0.00023398403676910817,-0.27423725306330293,-0.2995993829919196,0.2995993829919196,5.248587218353862e-05,0.00016555559536819667,0.9998422244608242,-0.00040083700069803996,0.7631786019730916,0.0,0.37103174603174605,IVV,VOO
2026-05-20,742.794921875,679.5910034179688,0.09072153562074714,0.9996944506998522,0.00019994277299240082,-0.576940961105308,-0.27423725306330293,0.27423725306330293,-8.560126136814006e-07,0.0001562491519137867,0.9998401435981487,-0.00040169301331172136,0.7637204959925111,0.0,0.3551587301587302,IVV,VOO
2026-05-21,744.1812133789062,680.8572998046875,0.09072153562074714,0.9996944506998522,0.0002035026704287901,-0.5483335478310573,-0.576940961105308,0.576940961105308,-3.404126377670735e-05,0.00015520097335503465,0.9998414285243833,-0.0004357342770884287,0.7635362362708783,0.0,0.34325396825396826,IVV,VOO
2026-05-22,747.13330078125,683.5593872070312,0.09072153562074714,0.9996944506998522,0.00020295853806562292,-0.5236165889024355,-0.5483335478310573,0.5483335478310573,3.559897436389292e-06,0.00015383805057219896,0.9998409722711012,-0.0004321743796520394,0.7641120041076153,0.0,0.3472222222222222,IVV,VOO
2026-05-26,752.0101928710938,688.0064697265625,0.09072153562074714,0.9996944506998522,0.0002264985056497082,-0.24659253393376274,-0.5236165889024355,0.5236165889024355,-5.441323631671935e-07,0.00015084576920367573,0.9998407830793927,-0.0004327185120152066,0.7652752474452934,0.0,0.34523809523809523,IVV,VOO
2026-05-27,752.1497802734375,687.9566040039062,0.09072153562074714,0.9996944506998522,0.0004845593568960638,2.392588382196146,-0.24659253393376274,0.24659253393376274,2.3539967584085275e-05,0.0001504378866856222,0.9998453473291963,-0.00040917854443112134,0.7639981250659041,0.0,0.3194444444444444,IVV,VOO
2026-05-28,756.1390991210938,691.8950805664062,0.09072153562074714,0.9996944506998522,6.761031833413256e-05,-1.7419444566500617,2.392588382196146,2.392588382196146,0.0002580608512463556,0.00016052483208083912,0.9998464796485622,-0.00015111769318476576,0.7699687519625857,1.0,0.35119047619047616,IVV,VOO
2026-05-29,758.0140380859375,693.4705200195312,0.09072153562074714,0.9996944506998522,0.0002704544093461436,0.2395870042354834,-1.7419444566500617,1.7419444566500617,-0.0004169490385619312,0.00018551351035355778,0.9998252293884609,-0.000568066731746697,0.7449547667430325,2.0,0.5753968253968254,IVV,VOO
2026-06-01,759.9788208007812,695.2752685546875,0.09072153562074714,0.9996944506998522,0.0002608015707963318,0.13514719930024738,0.2395870042354834,0.2395870042354834,0.00020284409101201106,0.00017365367175448303,0.9998203365111104,-0.0003652226407346859,0.7395911070785556,0.0,0.5357142857142857,IVV,VOO
2026-06-02,761.0159912109375,696.2325439453125,0.09072153562074714,0.9996944506998522,0.0002491451229653663,0.05459085332818817,0.13514719930024738,0.13514719930024738,-9.652838549811804e-06,0.0001649032661022112,0.9998227273978108,-0.0003748754792844977,0.7416222296765301,0.0,0.4642857142857143,IVV,VOO
2026-06-03,755.2215576171875,691.3467407226562,0.09072153562074714,0.9996944506998522,-0.0003539917479455923,-4.00395245666358,0.05459085332818817,0.05459085332818817,-1.1656447830965533e-05,0.00016492514121416637,0.9998156496873133,-0.00038653192711546325,0.7429406635752175,0.0,0.49603174603174605,IVV,VOO
2026-06-04,758.7919921875,694.0388793945312,0.09072153562074714,0.9996944506998522,0.00047723285187828424,1.5758389377411843,-4.00395245666358,4.00395245666358,-0.0006031368709109586,0.00021048048157727966,0.9997816822112098,-0.0009896687980264218,0.7276072316307806,1.0,0.7301587301587302,IVV,VOO
2026-06-05,738.92529296875,676.0313110351562,0.09072153562074714,0.9996944506998522,0.00022692747527397472,-0.05814761334724961,1.5758389377411843,1.5758389377411843,0.0008312245998238765,0.00027494937400877764,0.9997077282873892,-0.0001584441982025453,0.6614324514256387,2.0,0.7757936507936508,IVV,VOO
2026-06-08,740.6705932617188,677.7064208984375,0.09072153562074714,0.9996944506998522,0.00011204924658336779,-0.8021879984235476,-0.05814761334724961,0.05814761334724961,-0.0002503053766043095,0.00027764121286230387,0.9997472884878066,-0.0004087495748068548,0.6650263125224993,0.0,0.7718253968253967,IVV,VOO
2026-06-09,738.7657470703125,675.7322387695312,0.09072153562074714,0.9996944506998522,0.0004533448053800626,1.337963356749665,-0.8021879984235476,0.8021879984235476,-0.00011487822869060693,0.00027874439153449654,0.9997315259889867,-0.0005236278034974617,0.6639105355884961,0.0,0.7817460317460317,IVV,VOO
2026-06-10,726.9674072265625,665.1130981445312,0.09072153562074714,0.9996944506998522,0.0001890677818545683,-0.3366298728488591,1.337963356749665,1.337963356749665,0.0003412955587966948,0.0002848846730643617,0.9997175567032345,-0.00018233224470076692,0.6561877579761082,1.0,0.7857142857142857,IVV,VOO
2026-06-11,739.06494140625,676.2606201171875,0.09072153562074714,0.9996944506998522,7.68604253211791e-05,-1.0242578876499278,-0.3366298728488591,0.3366298728488591,-0.0002642770235254943,0.00028390192374914714,0.9997262528211026,-0.00044660926822626124,0.6567793088396039,0.0,0.7837301587301587,IVV,VOO
2026-06-12,743.14404296875,679.9698486328125,0.09072153562074714,0.9996944506998522,0.00011270742194113836,-0.7458101538720879,-1.0242578876499278,1.0242578876499278,-0.0001122073565333892,0.00028457604988151594,0.9997350019507847,-0.0005588166247596504,0.6569071250013074,1.0,0.7817460317460317,IVV,VOO
2026-06-15,756.3499755859375,691.8153686523438,0.09072153562074714,0.9996944506998522,0.00046163677455801633,1.4224205528957956,-0.7458101538720879,0.7458101538720879,3.584699661995927e-05,0.00028471238360064236,0.9997293509439988,-0.0005229696281396912,0.6608029445247193,0.0,0.7857142857142857,IVV,VOO
2026-06-16,752.010009765625,687.7471923828125,0.09072153562074714,0.9996944506998522,0.0006030639361584988,2.0638808245033076,1.4224205528957956,1.4224205528957956,0.00034892935261687796,0.00029452576720226506,0.9997359121206065,-0.0001740402755228132,0.6541307965701113,1.0,0.7837301587301587,IVV,VOO
2026-06-17,742.6099853515625,679.431396484375,0.09072153562074714,0.9996944506998522,0.00018575105952312043,-0.3609343003766826,2.0638808245033076,2.0638808245033076,0.00014142716160048252,0.0002957427871564175,0.9997221276195117,-3.261311392233068e-05,0.6894695632098247,2.0,0.7936507936507936,IVV,VOO
2026-06-18,750.1099853515625,686.1119384765625,0.09072153562074714,0.9996944506998522,0.0004530722000151144,1.1812238469894547,-0.3609343003766826,0.3609343003766826,-0.0004173128766353784,0.0003106516013063453,0.9997186002477635,-0.0004499259905577091,0.6897841782882382,0.0,0.7956349206349207,IVV,VOO
2026-06-22,747.780029296875,684.1077880859375,0.09072153562074714,0.9996944506998522,0.00026649161504099794,0.09915831736400751,1.1812238469894547,1.1812238469894547,0.00026732114049199396,0.000316014456003346,0.9997198787237561,-0.00018260485006571514,0.693163747647936,1.0,0.7976190476190477,IVV,VOO
2026-06-23,737.1400146484375,674.3761596679688,0.09072153562074714,0.9996944506998522,0.0002585454469601345,0.051404783319989905,0.09915831736400751,0.09915831736400751,-0.00018658058497411645,0.0003189912001031858,0.9997196964489584,-0.0003691854350398316,0.6937426803601431,0.0,0.7996031746031746,IVV,VOO
2026-06-24,736.6599731445312,673.72802734375,0.09072153562074714,0.9996944506998522,0.0005683643197933463,1.7705713837529622,0.051404783319989905,0.051404783319989905,-7.946168080863458e-06,0.00031899956469466385,0.9997124991411576,-0.00037713160312069505,0.6922832141000533,0.0,0.8055555555555556,IVV,VOO
2026-06-25,736.5,673.7479858398438,0.09072153562074714,0.9996944506998522,0.0003215661735627151,0.3594276820949691,1.7705713837529622,1.7705713837529622,0.00030981887283321186,0.00032595697054024634,0.9996820316847622,-6.731273028748319e-05,0.6955578839564176,1.0,0.8115079365079365,IVV,VOO
2026-06-26,730.1699829101562,670.260009765625,0.09072153562074714,0.9996944506998522,-0.0031214739598572905,-5.167221093749751,0.3594276820949691,0.3594276820949691,-0.00024679814623063123,0.0003258671606472283,0.9996827834534857,-0.0003141108765181144,0.7048493927913496,0.0,0.8095238095238095,IVV,VOO
2026-06-29,744.1900024414062,681.010009765625,0.09072153562074714,0.9996944506998522,-8.88404712284796e-06,-0.23007143090792023,-5.167221093749751,5.167221093749751,-0.0034430401334200056,0.0008153920038720374,0.9983786861384719,-0.00375715100993812,0.6089469364808645,1.0,1.0,IVV,VOO
