Date,SPY,IVV,VOO,QQQ,QQQM,GLD,IAU,IWM,VTWO,VTI,ITOT,AGG,BND
2020-10-13,323.7304077148437,324.0262145996094,296.3729248046875,284.6213073730469,116.80087280273438,177.72000122070312,36.09999847412109,151.8928680419922,60.80595016479492,165.14581298828125,73.3608169555664,98.92169952392578,73.4598159790039
2020-10-14,321.6962280273437,321.9974670410156,294.5208740234375,282.24395751953125,115.75877380371094,178.27000427246094,36.220001220703125,150.38975524902344,60.162628173828125,164.04788208007812,72.9078140258789,98.9803695678711,73.50150299072266
2020-10-15,321.29864501953125,321.60113525390625,294.17071533203125,280.3498840332031,114.92607879638672,178.9199981689453,36.36000061035156,151.93948364257812,60.80595016479492,164.10328674316406,72.88007354736328,98.89656829833984,73.4598159790039
2020-10-16,321.1045227050781,321.315185546875,293.92193603515625,278.8133239746094,114.3403778076172,178.3000030517578,36.220001220703125,151.5661163330078,60.69024658203125,163.80804443359375,72.78762817382812,98.8462142944336,73.40150451660156
2020-10-19,316.2226867675781,316.4924621582031,289.48077392578125,274.2616271972656,112.3623275756836,178.38999938964844,36.2599983215332,149.75497436523438,59.977500915527344,161.4646453857422,71.69669342041016,98.72885131835938,73.33480072021484
2020-10-20,317.48931884765625,317.7373352050781,290.6232604980469,274.8511657714844,112.78688049316406,179.25,36.43999862670898,150.0817108154297,60.07930374145508,162.02740478515625,71.90010070800781,98.64498901367188,73.20977783203125
2020-10-21,316.8883361816406,317.1195678710937,290.0981140136719,274.6385192871094,112.93163299560548,180.6000061035156,36.7400016784668,148.7933349609375,59.57946395874024,161.473876953125,71.742919921875,98.52761840820312,73.12644958496094
2020-10-22,318.6266174316406,318.9267578125,291.6921081542969,274.6287536621094,112.62286376953124,178.8300018310547,36.34000015258789,151.36070251464844,60.54214096069336,162.61785888671875,72.2236557006836,98.3515396118164,73.00147247314453
2020-10-23,319.7083435058594,319.9411315917969,292.6872253417969,275.1699523925781,112.8930206298828,178.63999938964844,36.31999969482422,152.23826599121094,60.930912017822266,163.1529998779297,72.49176788330078,98.49406433105467,73.09307861328125
2020-10-26,313.8002319335937,314.06719970703125,287.2969970703125,271.04351806640625,111.13692474365234,178.5500030517578,36.29999923706055,148.95208740234375,59.57484436035156,160.1914520263672,71.1512222290039,98.62822723388672,73.20144653320312
2020-10-27,312.7183837890625,312.99755859375,286.3478698730469,273.15985107421875,112.01498413085938,179.02000427246094,36.400001525878906,147.6730499267578,59.10738754272461,159.545654296875,70.8923568725586,98.85460662841795,73.3764877319336
2020-10-28,302.030029296875,302.3470153808594,276.4888610839844,262.5102844238281,107.7694091796875,176.1300048828125,35.779998779296875,143.1265411376953,57.288482666015625,154.2591094970703,68.56255340576172,98.7120590209961,73.27647399902344
2020-10-29,305.09979248046875,305.3623962402344,279.40045166015625,267.1006774902344,109.52555084228516,175.39999389648438,35.63999938964844,144.83499145507812,58.03826522827149,155.71682739257812,69.21897888183594,98.5359878540039,73.11812591552734
2020-10-30,301.9190673828125,302.1072998046875,276.2584533691406,260.3262634277344,106.96855926513672,176.1999969482422,35.779998779296875,142.92117309570312,57.23757553100586,154.06536865234375,68.46087646484375,98.26768493652344,72.99311065673828
2020-11-02,305.3031311035156,305.55596923828125,279.4741516113281,260.90606689453125,107.0071792602539,177.91000366210938,36.13999938964844,145.46983337402344,58.23727416992188,155.67068481445312,69.19123840332031,98.44572448730467,73.0941162109375
2020-11-03,310.6935119628906,311.01495361328125,284.4036560058594,265.4190979003906,109.4493179321289,178.9199981689453,36.34000015258789,149.59620666503906,59.958980560302734,158.659912109375,70.50406646728516,98.40374755859376,73.07740783691406
2020-11-04,317.6372375488281,317.8848876953125,290.8075866699219,277.26708984375,113.6552963256836,178.82000732421875,36.36000061035156,149.7642822265625,59.91733169555664,162.11965942382812,72.00177001953125,99.05885314941406,73.57836151123047
2020-11-05,323.83209228515625,324.1000061035156,296.5018920898437,284.4956970214844,116.67545318603516,182.92999267578125,37.15999984741211,153.95603942871094,61.68994903564453,165.46868896484375,73.51799011230469,99.15119934082033,73.6534652709961
2020-11-06,323.7581787109375,324.072265625,296.4650573730469,284.7082824707031,116.7526397705078,183.19000244140625,37.220001220703125,152.75169372558594,61.12531280517578,165.38565063476562,73.47176361083984,98.93284606933594,73.48649597167969
2020-11-09,327.8264465332031,328.1204528808594,300.159912109375,278.8905639648437,114.3403778076172,175.0800018310547,35.599998474121094,158.28781127929688,63.434818267822266,167.35084533691406,74.33157348632812,98.47091674804688,73.14421081542969
2020-11-10,327.34552001953125,327.6963195800781,299.7729797363281,273.8943176269531,112.23402404785156,175.66000366210938,35.70000076293945,161.22857666015625,64.4668960571289,167.0740509033203,74.28533935546875,98.31136322021484,73.00223541259766
2020-11-11,329.7772827148437,330.056884765625,301.88299560546875,280.02130126953125,114.92897033691406,174.89999389648438,35.540000915527344,161.16323852539062,64.55482482910156,168.4302978515625,74.7660903930664,98.3701400756836,73.05239868164062
2020-11-12,326.578125,326.9124450683594,299.0910949707031,278.7070007324219,114.26319885253906,175.9600067138672,35.779998779296875,158.68923950195312,63.45332336425781,166.76959228515625,74.10043334960938,98.78168487548828,73.29449462890625
2020-11-13,331.0994567871094,331.35711669921875,303.1545715332031,281.1518859863281,115.35354614257812,177.16000366210938,36.0,161.97547912597656,64.86031341552734,169.13143920898438,75.12667083740234,98.79849243164062,73.31953430175781
2020-11-16,335.2324523925781,335.4698181152344,306.8309936523437,283.3456420898437,115.85526275634766,177.14999389648438,36.0,165.8311309814453,66.38763427734375,171.19810485839844,76.1066665649414,98.79004669189452,73.36132049560547
2020-11-17,333.429443359375,333.7638854980469,305.3013916015625,282.4469299316406,115.84562683105467,176.5,35.880001068115234,166.60597229003906,66.77176666259766,170.81063842773438,75.90325164794922,98.9916000366211,73.48649597167969
2020-11-18,329.4166259765625,329.7434387207031,301.5973815917969,280.3594665527344,115.35157012939452,175.49000549316406,35.68000030517578,164.27200317382812,65.80448150634766,169.0022735595703,75.08968353271484,99.05885314941406,73.57003021240234
2020-11-19,330.8036193847656,331.08056640625,302.8596496582031,282.55322265625,115.91316986083984,175.16000366210938,35.619998931884766,165.53237915039062,66.3413314819336,169.9433135986328,75.5057144165039,99.24359893798828,73.72029876708984
2020-11-20,328.5382995605469,328.858154296875,300.8325500488281,280.6203918457031,115.19915008544922,175.69000244140625,35.7400016784668,165.70977783203125,66.2950668334961,169.04843139648438,75.10816955566406,99.3443603515625,73.78704833984375
2020-11-23,330.5077514648437,330.83154296875,302.6109619140625,280.6301574707031,115.1123046875,172.22999572753906,35.0,168.8092041015625,67.63726043701172,170.4323272705078,75.71837615966797,99.31917572021484,73.7286376953125
2020-11-24,335.83331298828125,336.1246032714844,307.51275634765625,284.5729675292969,116.79122924804688,169.58999633789062,34.47999954223633,171.9833984375,68.93778228759766,173.07093811035156,76.89250946044922,99.1847915649414,73.6534652709961
2020-11-25,335.3157043457031,335.6451110839844,307.0060729980469,286.3222045898437,117.4463882446289,169.50999450683594,34.459999084472656,171.3952178955078,68.6277084350586,173.00640869140625,76.84628295898438,99.15119934082033,73.62010192871094
2020-11-27,336.2494812011719,336.55792236328125,307.88140869140625,288.9602966308594,118.44120025634766,167.7899932861328,34.08000183105469,172.1234588623047,68.91001892089844,173.61529541015625,77.13287353515625,99.31917572021484,73.77875518798828
2020-11-30,334.76092529296875,335.0270690917969,306.4993591308594,289.5498962402344,118.69208526611328,166.6699981689453,33.900001525878906,168.99594116210938,67.74834442138672,172.24984741210938,76.67060852050781,99.45352935791016,73.8789291381836
2020-12-01,338.4223327636719,338.7156677246094,309.87158203125,293.2608642578125,120.34204864501952,170.17999267578125,34.58000183105469,170.56436157226562,68.22966003417969,174.43641662597656,77.48419189453125,99.13892364501952,73.65562438964844
2020-12-02,339.1341857910156,339.4349670410156,310.52587890625,293.6377868652344,120.45784759521484,171.4600067138672,34.84000015258789,170.74172973632812,68.40555572509766,174.58401489257812,77.58589935302734,99.02951049804688,73.53020477294922
2020-12-03,339.0417785644531,339.3704528808594,310.4336242675781,294.05322265625,120.63150787353516,172.80999755859375,35.119998931884766,171.70330810546875,68.8035659790039,174.93460083007812,77.7245864868164,99.19781494140624,73.67237854003906
2020-12-04,341.9635925292969,342.2842712402344,313.1058044433594,295.25164794921875,121.04641723632812,172.32000732421875,35.040000915527344,175.6990203857422,70.39105987548828,176.6875457763672,78.50116729736328,98.92857360839844,73.48006439208984
2020-12-07,341.2608337402344,341.6479797363281,312.5252685546875,296.9234619140625,121.41307067871094,174.88999938964844,35.540000915527344,175.86703491210938,70.36328887939453,176.4938507080078,78.43647766113281,99.08000946044922,73.58038330078125
2020-12-08,342.25946044921875,342.5977783203125,313.4282531738281,297.928466796875,122.16087341308594,175.5,35.65999984741211,178.12632751464844,71.34910583496094,177.2595672607422,78.76004791259766,99.0884246826172,73.60543060302734
2020-12-09,339.1897277832031,339.6009521484375,310.6456298828125,291.1830749511719,119.50257110595705,172.5,35.099998474121094,176.82862854003906,70.81221771240234,175.5158233642578,77.91873168945312,98.94539642333984,73.48006439208984
2020-12-10,339.0787658691406,339.41650390625,310.4981994628906,292.35235595703125,119.89820861816406,172.1699981689453,35.0,178.53709411621094,71.50183868408203,175.774169921875,78.06663513183594,99.18936157226562,73.63054656982422
2020-12-11,338.68115234375,338.9923400878906,310.1019287109375,291.7049560546875,119.61837768554688,172.49000549316406,35.08000183105469,177.65953063964844,71.1408462524414,175.4604949951172,77.9834213256836,99.29875946044922,73.74761962890625
2020-12-14,337.164794921875,337.45489501953125,308.6830139160156,293.8213806152344,120.5060806274414,171.5399932861328,34.880001068115234,177.86740112304688,71.23340606689453,174.96231079101562,77.74393463134766,99.23986053466795,73.7225341796875
2020-12-15,341.7230834960937,342.0487060546875,312.94921875,296.9621276855469,121.7990493774414,173.94000244140625,35.380001068115234,182.3157196044922,73.10784149169922,177.3610382080078,78.8393325805664,99.29875946044922,73.75598907470703
2020-12-16,342.25946044921875,342.59521484375,313.4282531738281,298.5953369140625,122.45518493652344,174.89999389648438,35.560001373291016,181.6602020263672,72.77460479736328,177.6101837158203,78.93213653564453,99.25667572021484,73.68070220947266
2020-12-17,344.17333984375,344.5030517578125,315.1329040527344,300.54742431640625,123.27535247802734,176.74000549316406,35.939998626708984,183.82351684570312,73.61597442626953,179.0032958984375,79.51696014404297,99.25247955322266,73.69745635986328
2020-12-18,342.799072265625,343.1415710449219,313.87060546875,299.6390686035156,122.95692443847656,176.44000244140625,35.86000061035156,182.93380737304688,73.11394500732422,178.49586486816406,79.33131408691406,99.20191955566406,73.67237854003906
2020-12-21,341.57342529296875,342.01171875,312.9030456542969,299.0784912109375,122.63410186767578,175.8800048828125,35.779998779296875,182.84019470214844,73.20226287841797,177.97918701171875,79.12708282470703,99.20191955566406,73.68070220947266
2020-12-22,340.9977111816406,341.3541259765625,312.2860107421875,299.8916931152344,122.97238159179688,174.49000549316406,35.52000045776367,184.9192047119141,74.07616424560547,178.01611328125,79.14566040039062,99.34512329101562,73.79776763916016
2020-12-23,341.3041381835937,341.65045166015625,312.53570556640625,298.38140869140625,122.41184997558594,175.64999389648438,35.720001220703125,186.49249267578125,74.72692108154297,178.32057189941406,79.22920989990234,99.2777328491211,73.71475219726562
2020-12-24,342.6319580078125,342.9748840332031,313.7846984863281,299.6980285644531,122.924072265625,176.35000610351562,35.84000015258789,186.3707275390625,74.67113494873047,178.61886596679688,79.39629364013672,99.37036895751952,73.8405990600586
2020-12-28,345.57537841796875,345.9572448730469,316.5140380859375,302.7186889648437,124.17076873779295,175.7100067138672,35.7400016784668,185.67774963378903,74.3829345703125,179.74896240234375,79.81402587890625,99.38721466064452,73.81539916992188
2020-12-29,344.9161071777344,345.2903137207031,315.84796142578125,302.9896850585937,124.31576538085938,176.35000610351562,35.81999969482422,182.0815887451172,72.88616180419922,178.9986572265625,79.51696014404297,99.40406799316406,73.8405990600586
2020-12-30,345.4082946777344,345.7442321777344,316.2735595703125,302.9993896484375,124.2191162109375,177.6999969482422,36.09999847412109,183.93588256835935,73.66710662841797,179.4803466796875,79.7118911743164,99.46300506591795,73.89095306396484
2020-12-31,347.16314697265625,347.6800231933594,317.9758605957031,303.7449035644531,124.58635711669922,178.36000061035156,36.2599983215332,183.6080780029297,73.5694808959961,180.3048095703125,80.03682708740234,99.53880310058594,73.99163055419922
2021-01-04,342.4369506835937,342.8915405273437,313.6644287109375,299.4559936523437,122.8177261352539,182.3300018310547,37.09999847412109,181.2106475830078,72.5003662109375,177.73883056640625,79.01570892333984,99.41249084472656,73.89095306396484
2021-01-05,344.79541015625,345.16070556640625,315.7276611328125,301.9248046875,123.79869079589844,182.8699951171875,37.18000030517578,184.0107879638672,73.67173767089844,179.17469787597656,79.60980987548828,99.31143951416016,73.76508331298828
2021-01-06,346.8567810058594,347.2445983886719,317.642822265625,297.74237060546875,122.0929183959961,179.89999389648438,36.59999847412109,191.54019165039065,76.72569274902344,180.7864990234375,80.33387756347656,98.8229751586914,73.43787384033203
2021-01-07,352.0102233886719,352.385009765625,322.38897705078125,304.94537353515625,125.11792755126952,179.47999572753906,36.47999954223633,194.9490203857422,78.11556243896484,183.6860198974609,81.55918884277344,98.72190856933594,73.28683471679688
2021-01-08,354.0158996582031,354.394775390625,324.2023620605469,308.8663330078125,126.7415542602539,173.33999633789062,35.2599983215332,194.5275421142578,77.93429565429688,184.5752716064453,81.9490737915039,98.60398864746094,73.21973419189453
2021-01-11,351.62945556640625,352.0793151855469,322.0836486816406,304.4032592773437,124.84729766845705,173.0,35.15999984741211,194.3590087890625,77.80411529541016,183.47293090820312,81.51277160644531,98.4439697265625,73.14421081542969
2021-01-12,351.70379638671875,352.1348571777344,322.1114196777344,303.9191589355469,124.80866241455078,174.1199951171875,35.36000061035156,197.84274291992188,79.26836395263672,184.121337890625,81.75411987304688,98.52814483642578,73.12743377685547
2021-01-13,352.6509094238281,353.0240478515625,322.9163513183594,305.9716491699219,125.48518371582033,173.3699951171875,35.2400016784668,196.42864990234372,78.7012710571289,184.32516479492188,81.82840728759766,98.83979034423828,73.3204116821289
2021-01-14,351.41583251953125,351.8013916015625,321.8246459960937,304.3355712890625,124.80866241455078,173.27999877929688,35.220001220703125,200.35255432128903,80.22591400146484,184.1491851806641,81.81909942626953,98.64608001708984,73.22811889648438
2021-01-15,348.8531799316406,349.2637023925781,319.5301513671875,301.9248046875,123.80354309082033,171.1300048828125,34.79999923706055,197.3651123046875,79.0126953125,182.546630859375,81.13217163085938,98.74712371826172,73.28683471679688
2021-01-19,351.5923156738281,351.9959411621094,322.05596923828125,306.329833984375,125.66881561279295,172.5800018310547,35.099998474121094,199.89370727539065,80.0539321899414,184.21397399902344,81.81909942626953,98.8818817138672,73.38753509521484
2021-01-20,356.4580078125,356.8398742675781,326.4320068359375,313.455322265625,128.6068572998047,175.38999938964844,35.65999984741211,200.77398681640625,80.48159790039062,186.5391845703125,82.8309555053711,98.89031982421876,73.3791732788086
2021-01-21,356.7828369140625,357.1546936035156,326.7372741699219,315.9628295898437,129.650634765625,175.27999877929688,35.63999938964844,199.03207397460935,79.76107788085938,186.40020751953125,82.7567138671875,98.74712371826172,73.27845001220703
2021-01-22,355.52008056640625,355.94146728515625,325.5716247558594,315.05279541015625,129.2930145263672,173.89999389648438,35.380001068115234,201.34524536132807,80.7000503540039,186.0945281982422,82.66385650634766,98.74712371826172,73.31202697753906
2021-01-25,356.92218017578125,357.3585510253906,326.89453125,317.65704345703125,130.11456298828125,174.0500030517578,35.380001068115234,201.1485595703125,80.5280532836914,186.6225433349609,82.93305969238281,98.9998016357422,73.47985076904297
2021-01-26,356.3650207519531,356.8305053710937,326.4042053222656,318.1217956542969,130.5107879638672,173.6199951171875,35.29999923706055,199.7531890869141,80.04463195800781,185.94630432128903,82.65460205078125,98.96614074707033,73.47142791748047
2021-01-27,347.6553649902344,348.1245422363281,318.48468017578125,309.25360107421875,127.0411376953125,172.52000427246094,35.099998474121094,196.09153747558597,78.51067352294922,181.48129272460935,80.59378051757812,98.9745101928711,73.47142791748047
2021-01-28,350.645263671875,351.0697937011719,321.158447265625,311.0834045410156,127.65001678466795,172.67999267578125,35.099998474121094,195.46409606933597,78.42699432373047,182.9078826904297,81.32711791992188,98.90717315673828,73.41270446777344
2021-01-29,343.6254272460937,344.09552001953125,314.7284240722656,304.5386657714844,125.03095245361328,172.61000061035156,35.099998474121094,192.5047607421875,77.16264343261719,179.7026824951172,79.82331848144531,98.79768371582033,73.35397338867188
2021-02-01,349.34527587890625,349.7267761230469,319.9002380371094,312.1483764648437,128.09458923339844,174.22999572753906,35.41999816894531,197.23403930664065,79.09172058105469,182.7689208984375,81.19717407226562,98.89216613769533,73.37833404541016
2021-02-02,354.2850952148437,354.6911315917969,324.4984436035156,317.2408142089844,130.19671630859375,172.11000061035156,34.97999954223633,200.04351806640625,80.06787872314453,185.39047241210935,82.32039642333984,98.74028778076172,73.2859115600586
2021-02-03,354.5635986328125,354.96905517578125,324.8221435546875,315.9823303222656,129.71826171875,171.85000610351562,34.91999816894531,200.64285278320312,80.3467788696289,185.6683654785156,82.47819519042969,98.6221923828125,73.15985870361328
2021-02-04,358.593505859375,358.9886169433594,328.4581298828125,319.71923828125,131.10028076171875,168.14999389648438,34.18000030517578,204.7353057861328,81.98297882080078,188.0212860107422,83.44361877441406,98.5800323486328,73.17668151855469
2021-02-05,360.0049133300781,360.3963928222656,329.7719421386719,320.80352783203125,131.6222381591797,169.80999755859375,34.540000915527344,207.5728759765625,83.23806762695312,189.07733154296875,83.94487762451172,98.45347595214844,73.0758285522461
2021-02-08,362.6048583984375,363.1101989746094,332.2052307128906,322.952880859375,132.44371032714844,171.52000427246094,34.900001525878906,212.87339782714844,85.32981872558594,190.7725830078125,84.68750762939453,98.55474090576172,73.15985870361328
2021-02-09,362.3634033203125,362.8045043945313,331.9368591308594,322.8851013183594,132.41470336914062,172.0800018310547,34.97999954223633,213.8753967285156,85.73423767089844,190.8466796875,84.78034210205078,98.596923828125,73.12623596191406
2021-02-10,362.2055969238281,362.6562805175781,331.8072814941406,322.1492614746094,132.08609008789062,172.7100067138672,35.13999938964844,212.47071838378903,85.17176055908203,190.76333618164065,84.75249481201172,98.6896743774414,73.24388122558594
2021-02-11,362.7905578613281,363.2676086425781,332.3439025878906,323.92095947265625,132.829345703125,171.2100067138672,34.81999969482422,212.2272186279297,85.0927505493164,191.21722412109372,84.94742584228516,98.57159423828124,73.16825866699219
2021-02-12,364.5826721191406,365.08294677734375,334.0370483398437,325.7313537597656,133.6517333984375,170.69000244140625,34.720001220703125,212.8265686035156,85.32049560546875,192.20838928222656,85.30017852783203,98.34384155273438,72.97498321533203
2021-02-16,364.2669677734375,364.7957458496094,333.72247314453125,324.8503723144531,133.2845001220703,168.24000549316406,34.20000076293945,211.4873809814453,84.7719955444336,191.86566162109372,85.23522186279297,97.87987518310548,72.63043212890625
2021-02-17,364.3504943847656,364.8421325683594,333.7965087890625,323.29168701171875,132.62730407714844,166.3300018310547,33.84000015258789,209.82980346679688,84.14448547363281,191.4673309326172,85.1052474975586,98.07389068603516,72.78169250488281
2021-02-18,362.79986572265625,363.29541015625,332.3717041015625,321.8782958984375,132.0667724609375,166.32000732421875,33.81999969482422,206.5802001953125,82.81040954589844,190.3650054931641,84.61326599121094,98.02328491210938,72.73969268798828
2021-02-19,362.15911865234375,362.6099548339844,331.76104736328125,320.47442626953125,131.3999481201172,167.00999450683594,33.959999084472656,210.8880157470703,84.43268585205078,190.8003692626953,84.75249481201172,97.71961212158205,72.48756408691406
2021-02-22,359.3735656738281,359.8499755859375,329.1520690917969,312.16778564453125,128.10427856445312,169.50999450683594,34.459999084472656,209.5207672119141,83.9910888671875,188.9847412109375,83.96345520019531,97.4158935546875,72.28589630126953
2021-02-23,359.8099670410156,360.2296447753906,329.5683898925781,311.2383728027344,127.72735595703124,169.1199951171875,34.400001525878906,207.6758728027344,83.26128387451172,188.9569091796875,83.88920593261719,97.4412078857422,72.26909637451172
2021-02-24,363.7748107910156,364.1845397949219,333.21356201171875,313.8039245605469,128.77114868164062,169.0,34.36000061035156,212.5831298828125,85.1624755859375,191.0782470703125,84.8917465209961,97.407470703125,72.22705841064453
2021-02-25,355.0093994140625,355.4505615234375,325.2200622558594,302.86383056640625,124.2191162109375,165.82000732421875,33.720001220703125,204.72593688964844,82.08061218261719,186.0852508544922,82.64527893066406,96.5132827758789,71.59680938720703
2021-02-26,353.18017578125,353.5889587402344,323.4344482421875,304.1322326660156,125.36920928955078,161.80999755859375,32.880001068115234,204.4449920654297,81.83891296386719,185.3441467285156,82.3482437133789,97.29779815673828,72.21864318847656
2021-03-01,361.74127197265625,362.1654357910156,331.3262634277344,313.2810363769531,128.50054931640625,161.52999877929688,32.84000015258789,211.71214294433597,84.86033630371094,190.1055908203125,84.44617462158203,97.2471160888672,72.1252670288086
2021-03-02,358.91851806640625,359.3775634765625,328.7635192871094,308.2564392089844,126.41297149658205,162.41000366210938,33.02000045776367,207.63839721679688,83.18228912353516,188.31776428222656,83.6107177734375,97.26400756835938,72.11685180664062
2021-03-03,354.1644287109375,354.5799255371094,324.4244079589844,299.310791015625,122.78875732421876,160.6199951171875,32.68000030517578,205.3908843994141,82.31303405761719,185.60354614257807,82.4410629272461,96.90912628173828,71.88959503173828
2021-03-04,349.78173828125,350.18994140625,320.4276123046875,294.4119567871094,120.72053527832033,159.0399932861328,32.34000015258789,199.6501922607422,80.14688110351562,182.66702270507807,81.13217163085938,96.63030242919922,71.66236877441406
2021-03-05,356.2164306640625,356.6454162597656,326.302490234375,298.8461303710937,122.7210922241211,159.13999938964844,32.36000061035156,203.8831024169922,81.73664093017578,185.9647979736328,82.6174545288086,96.56267547607422,71.6202621459961
2021-03-08,354.4429931640625,354.9041442871094,324.701904296875,290.3844909667969,119.11620330810548,157.49000549316406,32.040000915527344,204.8477020263672,82.1038589477539,185.05697631835935,82.19043731689453,96.18245697021484,71.29205322265625
2021-03-09,359.5035705566406,359.9055480957031,329.2445983886719,301.837646484375,123.93883514404295,160.83999633789062,32.720001220703125,209.155517578125,83.70752716064453,187.92868041992188,83.50859832763672,96.54579162597656,71.52774810791016
2021-03-10,361.74127197265625,362.10980224609375,331.2799072265625,300.9760131835937,123.41695404052734,161.66000366210938,32.86000061035156,212.78909301757807,85.28799438476562,189.27191162109372,84.01913452148438,96.70631408691406,71.66236877441406
2021-03-11,365.4090881347656,365.8330993652344,334.77716064453125,307.90789794921875,126.3936538696289,161.52000427246094,32.86000061035156,217.4715576171875,87.18451690673828,191.7452392578125,85.17024230957031,96.69788360595705,71.67079162597656
2021-03-12,365.9012145996094,366.4073181152344,335.2489929199219,305.4100646972656,125.27257537841795,161.49000549316406,32.880001068115234,218.75454711914065,87.7887954711914,192.1250457763672,85.35589599609375,96.1486587524414,71.2415771484375
2021-03-15,368.0833129882813,368.6301879882813,337.19189453125,308.6727294921875,126.64490509033205,162.1999969482422,32.97999954223633,219.5318298339844,88.02120971679688,193.46826171875,85.94070434570312,96.25005340576172,71.3257064819336
2021-03-16,367.6189880371094,368.1115112304688,336.8125305175781,310.3669738769531,127.311767578125,162.35000610351562,33.02000045776367,215.8608245849609,86.54769134521484,192.69009399414065,85.58794403076172,96.21625518798828,71.31729125976562
2021-03-17,368.87255859375,369.3155517578125,337.9134826660156,311.6449279785156,127.8239974975586,163.50999450683594,33.2400016784668,217.55584716796875,87.21240234375,193.42193603515625,85.94070434570312,96.2078094482422,71.29205322265625
2021-03-18,363.5055847167969,363.9252014160156,332.9452819824219,302.0990600585937,123.96782684326172,162.55999755859375,33.060001373291016,210.9348297119141,84.59537506103516,189.9018402099609,84.4183120727539,95.83601379394533,70.99752044677734
2021-03-19,362.83294677734375,363.2491149902344,332.3531494140625,303.1640014648437,124.46076965332033,163.24000549316406,33.220001220703125,212.5269012451172,85.12992858886719,190.14263916015625,84.47401428222656,95.9120635986328,71.05640411376953
2021-03-22,365.7301330566406,366.1202087402344,334.980712890625,308.849365234375,126.741455078125,163.0,33.13999938964844,210.92552185058597,84.54888153076172,191.17092895507807,84.91030883789062,96.09796142578124,71.25837707519531
2021-03-23,362.8515625,363.2676086425781,332.519775390625,307.501953125,126.08344268798828,161.80999755859375,32.880001068115234,203.27438354492188,81.56464385986328,188.99400329589844,83.97274017333984,96.34298706054688,71.41831970214844
2021-03-24,361.00689697265625,361.406005859375,330.6786499023437,302.3157958984375,124.05140686035156,162.3699951171875,33.0,198.5731506347656,79.55656433105469,187.428466796875,83.23941040039062,96.46131134033205,71.52774810791016
2021-03-25,363.0379028320313,363.469970703125,332.5382080078125,301.7923889160156,123.83854675292967,161.77999877929688,32.880001068115234,203.2813415527344,81.38336944580078,188.81515502929688,83.84104919433594,96.4106216430664,71.47722625732422
2021-03-26,368.8882446289063,369.35247802734375,337.963134765625,306.3192749023437,125.73511505126952,162.24000549316406,33.0,206.9874267578125,82.82918548583984,191.90090942382807,85.25672149658203,96.25005340576172,71.3509521484375
2021-03-29,368.7018737792969,369.16650390625,337.75897216796875,306.2320861816406,125.46418762207033,160.30999755859375,32.599998474121094,201.16087341308597,80.64996337890625,190.99935913085935,84.81896209716797,96.08950805664062,71.25837707519531
2021-03-30,367.7238159179688,368.2558288574219,336.8953857421875,304.6907653808594,125.02874755859376,157.57000732421875,32.040000915527344,204.54800415039065,82.03292083740234,190.943603515625,84.84693145751953,96.16554260253906,71.33416748046875
2021-03-31,369.2142639160156,369.6963195800781,338.2323608398437,309.3533935546875,126.9737319946289,159.9600067138672,32.52000045776367,207.29708862304688,83.01080322265625,192.10536193847656,85.3125991821289,96.18245697021484,71.30046844482422
2021-04-01,373.2014465332031,373.6551208496094,341.81610107421875,314.6268005371094,129.07347106933594,161.97999572753906,32.91999816894531,209.92416381835935,84.10505676269531,194.5126495361328,86.39298248291016,96.50572204589844,71.52992248535156
2021-04-05,378.55810546875,379.0172729492188,346.7461853027344,320.9082336425781,131.69577026367188,161.9199981689453,32.900001525878906,211.0781707763672,84.53345489501953,196.7804107666016,87.4267807006836,96.31108856201172,71.42024230957031
2021-04-06,378.3344421386719,378.7849426269531,346.5513000488281,320.685302734375,131.49745178222656,163.22000122070312,33.220001220703125,210.458984375,84.27734375,196.8547821044922,87.39883422851562,96.64957427978516,71.67333221435547
2021-04-07,378.7723083496094,379.25885009765625,346.9875793457031,321.4608154296875,131.86029052734375,162.75999450683594,33.099998474121094,207.06251525878903,83.00146484375,196.68746948242188,87.3336410522461,96.49725341796876,71.5889663696289
2021-04-08,380.5703125,381.0245971679688,348.67742919921875,324.8147888183594,133.2246551513672,164.50999450683594,33.459999084472656,208.8169860839844,83.70928955078125,197.83071899414065,87.87384033203125,96.73419189453124,71.74925994873047
2021-04-09,383.3370971679688,383.78460693359375,351.1841735839844,326.7825012207031,134.01809692382812,163.27000427246094,33.220001220703125,208.84515380859372,83.72325134277344,199.0297088623047,88.4512939453125,96.62416076660156,71.65641784667969
2021-04-12,383.4768371582031,383.9425354003906,351.3420104980469,326.3560791015625,133.91168212890625,162.27999877929688,33.0,208.0289001464844,83.31812286376953,199.08544921875,88.46990966796875,96.59882354736328,71.63957977294922
2021-04-13,384.6133117675781,385.0669555664063,352.2983093261719,330.1656188964844,135.4405517578125,163.42999267578125,33.220001220703125,207.4846954345703,83.17843627929688,199.64309692382807,88.68411254882812,96.8780746459961,71.82514953613281
2021-04-14,383.29986572265625,383.78460693359375,351.1656188964844,326.2009582519531,133.78585815429688,162.72000122070312,33.099998474121094,209.5301055908203,83.9886245727539,199.1969757080078,88.54443359375,96.80187225341795,71.77450561523438
2021-04-15,387.41748046875,387.9107666015625,354.93511962890625,331.1446533203125,135.7985382080078,165.35000610351562,33.63999938964844,210.4402008056641,84.3285903930664,201.31614685058597,89.41058349609375,97.18269348144533,72.07820129394531
2021-04-16,388.7122497558594,389.2767639160156,356.17926025390625,331.5324401855469,136.0404510498047,166.35000610351562,33.81999969482422,210.7779693603516,84.54276275634766,201.8272857666016,89.63410949707031,96.9288558959961,71.88419342041016
2021-04-19,386.8025512695313,387.3717346191406,354.4244384765625,328.4984130859375,134.81161499023438,165.88999938964844,33.7400016784668,208.0382537841797,83.40194702148438,200.5074462890625,89.13116455078125,96.85271453857422,71.84201049804688
2021-04-20,383.9705810546875,384.5559387207031,351.8248596191406,326.10400390625,133.77618408203125,166.47999572753906,33.86000061035156,203.7786407470703,81.60919189453125,198.66722106933597,88.2929458618164,97.00501251220705,71.96009826660156
2021-04-21,387.6036987304688,388.15228271484375,355.130126953125,328.8957214355469,134.88894653320312,168.1300048828125,34.20000076293945,208.7607421875,83.66735076904297,201.0372467041016,89.31744384765625,97.09809112548828,72.0360107421875
2021-04-22,384.0636901855469,384.70452880859375,351.8711853027344,324.9310913085937,133.37945556640625,167.0399932861328,34.0,207.89756774902344,83.37865447998047,199.46652221679688,88.55374145507812,97.12348175048828,72.06977844238281
2021-04-23,388.2279052734375,388.7377624511719,355.6221923828125,329.0218811035156,134.98574829101562,166.39999389648438,33.81999969482422,211.8194122314453,84.89667510986328,201.8831024169922,89.68067169189453,97.10657501220705,72.07820129394531
2021-04-26,389.038330078125,389.611328125,356.3926696777344,331.1640930175781,135.8566436767578,166.83999633789062,33.939998626708984,214.02430725097656,85.8000259399414,202.6173095703125,89.97870635986328,97.0219268798828,72.02758026123047
2021-04-27,388.95452880859375,389.4905395507813,356.2813415527344,329.7294616699219,135.16958618164062,166.4199981689453,33.84000015258789,214.3433380126953,85.91177368164062,202.5243682861328,89.99736022949219,96.78498840332033,71.84201049804688
2021-04-28,388.84271240234375,389.341796875,356.1141662597656,328.6146240234375,134.74386596679688,166.91000366210938,33.939998626708984,214.70925903320312,86.1352767944336,202.4964599609375,89.9507827758789,96.83574676513672,71.87576293945312
2021-04-29,391.32080078125,391.8044738769531,358.4910583496094,329.7972717285156,135.26637268066406,166.22000122070312,33.79999923706055,213.91172790527344,85.73480224609375,203.26792907714844,90.3605728149414,96.78498840332033,71.81671905517578
2021-04-30,388.7495422363281,389.2674560546875,356.1234741210937,327.6356201171875,134.33741760253906,165.66000366210938,33.70000076293945,211.0031280517578,84.5986557006836,201.78079223632807,89.68067169189453,96.88652801513672,71.91795349121094
2021-05-03,389.5880126953125,390.1038208007813,356.9312744140625,325.8907775878906,133.6697540283203,167.80999755859375,34.13999938964844,212.0352325439453,84.99909973144531,202.13401794433597,89.7831039428711,96.94841003417967,71.9356918334961
2021-05-04,387.1845397949219,387.734130859375,354.7586669921875,320.0261535644531,131.41514587402344,166.5800018310547,33.880001068115234,209.501953125,83.91879272460938,200.61903381347656,89.09391784667969,97.06707000732422,72.02863311767578
2021-05-05,387.3056335449219,387.7899475097656,354.8236694335937,318.9501037597656,130.85391235351562,167.27000427246094,34.040000915527344,208.6669006347656,83.64873504638672,200.58187866210935,89.0101089477539,97.14332580566406,72.07083129882812
2021-05-06,390.39849853515625,390.9401550292969,357.711181640625,321.35418701171875,131.84092712402344,170.05999755859375,34.599998474121094,208.84515380859372,83.68597412109375,201.604248046875,89.56888580322266,97.16027069091795,72.10462188720703
2021-05-07,393.2398376464844,393.7746276855469,360.2643127441406,323.9617614746094,132.9827423095703,171.58999633789062,34.900001525878906,211.47227478027344,84.70106506347656,203.3144073486328,90.31401824951172,97.1348876953125,72.11309814453125
2021-05-10,389.3458251953125,389.9458312988281,356.7362976074219,315.78033447265625,129.60569763183594,172.11000061035156,35.040000915527344,206.09608459472656,82.6429214477539,200.92572021484372,89.22432708740234,96.9822769165039,71.94412231445312
2021-05-11,385.8710021972656,386.4702453613281,353.6073913574219,315.34405517578125,129.4218292236328,172.13999938964844,35.040000915527344,205.4393310546875,82.32628631591797,199.30853271484372,88.51648712158203,96.77042388916016,71.8005142211914
2021-05-12,377.6731262207031,378.208740234375,346.0591735839844,307.1820373535156,126.04473876953124,170.42999267578125,34.68000030517578,198.76837158203125,79.71867370605469,194.8193359375,86.55132293701172,96.43140411376952,71.54707336425781
2021-05-13,382.2099304199219,382.69732666015625,350.172119140625,309.5569763183594,126.9737319946289,171.1300048828125,34.84000015258789,202.4275360107422,81.0783462524414,196.96633911132807,87.51991271972656,96.65178680419922,71.69068908691406
2021-05-14,388.0787658691406,388.6077575683594,355.5478515625,316.3910217285156,129.84756469726562,172.69000244140625,35.119998931884766,207.3721160888672,82.9968490600586,200.33090209960935,89.01942443847656,96.87213134765624,71.85964965820312
2021-05-17,387.0912780761719,387.6784057617188,354.6936950683594,314.4715881347656,128.9863739013672,174.6999969482422,35.560001373291016,207.65359497070312,83.18309020996094,199.90333557128903,88.7586441040039,96.787353515625,71.79206085205078
2021-05-18,383.7563171386719,384.3421325683594,351.6297912597656,312.3487548828125,128.07681274414062,175.0399932861328,35.599998474121094,206.07733154296875,82.59637451171875,198.3418884277344,88.13461303710938,96.66870880126952,71.71600341796875
2021-05-19,382.7501831054688,383.30126953125,350.701416015625,312.7073974609375,128.35745239257812,175.16000366210938,35.63999938964844,204.49169921875,81.93516540527344,197.7656707763672,87.87384033203125,96.53311157226562,71.63999938964844
2021-05-20,386.86767578125,387.3531188964844,354.4429626464844,318.7562561035156,130.74749755859375,175.9600067138672,35.79999923706055,205.8521423339844,82.47529602050781,199.91265869140625,88.81450653076172,96.86365509033205,71.87654113769531
2021-05-21,386.5510559082031,387.1300354003906,354.1737365722656,316.991943359375,129.98306274414062,176.0399932861328,35.84000015258789,206.386962890625,82.7360610961914,199.80111694335935,88.7772445678711,96.906005859375,71.89344024658203
2021-05-24,390.4915771484375,391.0238037109375,357.74822998046875,322.32354736328125,132.20860290527344,176.35000610351562,35.880001068115234,207.7286529541016,83.2482681274414,201.8180084228516,89.61547088623047,96.99927520751952,71.9779281616211
2021-05-25,389.625244140625,390.1781921386719,356.9961853027344,322.7693786621094,132.460205078125,177.9499969482422,36.20000076293945,205.72076416015625,82.47529602050781,201.2603302001953,89.34539031982422,97.2365493774414,72.16376495361328
2021-05-26,390.39849853515625,390.8937377929688,357.6461486816406,323.8938293457031,132.89566040039062,177.63999938964844,36.13999938964844,209.55825805664065,84.0119400024414,201.9852752685547,89.7179183959961,97.20267486572266,72.13843536376953
2021-05-27,390.6034240722656,391.0981750488281,357.803955078125,322.68218994140625,132.460205078125,177.7100067138672,36.15999984741211,211.7162170410156,84.82217407226562,202.35708618164065,89.91352081298828,97.08399963378906,72.03704833984375
2021-05-28,391.30218505859375,391.8415832519531,358.5002746582031,323.6999816894531,132.78921508789062,178.3800048828125,36.2599983215332,211.5754852294922,84.84078216552734,202.7009735107422,90.08116149902344,97.08399963378906,72.02863311767578
2021-06-01,390.9574279785156,391.5349731445313,358.22174072265625,322.6240539550781,132.3828125,177.89999389648438,36.20000076293945,213.9774169921875,85.7720718383789,202.7845916748047,90.11841583251952,97.03900146484376,72.02352142333984
2021-06-02,391.572265625,392.18548583984375,358.8252868652344,323.2541198730469,132.595703125,178.77000427246094,36.369998931884766,214.2307281494141,85.8652114868164,203.0541534423828,90.22086334228516,97.16633605957033,72.09970092773438
2021-06-03,390.1189270019531,390.6893310546875,357.46044921875,319.8903503417969,131.2022705078125,175.27000427246094,35.63999938964844,212.43865966796875,85.12017822265625,202.15261840820312,89.79244995117188,96.93717193603516,71.96429443359375
2021-06-04,393.6869812011719,394.2485656738281,360.7008361816406,325.31884765625,133.48593139648438,177.16000366210938,36.040000915527344,213.35818481445312,85.49269104003906,203.9092559814453,90.58411407470705,97.33610534667967,72.25199127197266
2021-06-07,393.3049926757813,393.91400146484375,360.3943481445313,326.2881774902344,133.85362243652344,177.8699951171875,36.18999862670898,216.2198028564453,86.6102523803711,204.0765380859375,90.68655395507812,97.26818084716795,72.20120239257812
2021-06-08,393.3889465332031,393.9325866699219,360.4500427246094,326.443359375,133.87298583984375,177.32000732421875,36.06999969482422,218.5091552734375,87.56016540527344,204.49473571777344,90.7796859741211,97.44642639160156,72.33659362792969
2021-06-09,392.8019409179688,393.30072021484375,359.8837280273437,326.5208740234375,133.9890594482422,176.97999572753906,36.0099983215332,217.05487060546875,87.0293197631836,203.9185333251953,90.56546020507812,97.64163208007812,72.48046112060547
2021-06-10,394.6278381347656,395.2066650390625,361.5455627441406,329.92333984375,135.34864807128906,177.74000549316406,36.15999984741211,215.44520568847656,86.39603424072266,204.820068359375,90.98184967041016,97.84532928466795,72.63274383544922
2021-06-11,395.2799682617188,395.8590393066406,362.1769714355469,330.7860412597656,135.6824188232422,175.74000549316406,35.7599983215332,217.71917724609372,87.28076171875,205.4242248535156,91.26195526123048,97.80290985107422,72.6158218383789
2021-06-14,396.16497802734375,396.8096618652344,363.0867919921875,333.9559020996094,136.9239044189453,174.7100067138672,35.54999923706055,217.0802459716797,87.00139617919922,205.74020385742188,91.37398529052734,97.55680084228516,72.42964172363281
2021-06-15,395.4383239746094,396.03607177734375,362.3255615234375,331.7748413085937,136.17596435546875,174.0500030517578,35.40999984741211,216.4600982666016,86.7592544555664,205.20114135742188,91.11257934570312,97.59919738769533,72.42964172363281
2021-06-16,393.2305603027344,393.8458251953125,360.338623046875,330.5632019042969,135.63406372070312,171.11000061035156,34.81999969482422,215.9996337890625,86.59160614013672,204.17872619628903,90.71112060546876,97.28517150878906,72.22660064697266
2021-06-17,393.1000671386719,393.72467041015625,360.2086181640625,334.7604064941406,137.34677124023438,165.85000610351562,33.75,213.5753173828125,85.54855346679688,203.98358154296875,90.63643646240234,97.59071350097656,72.47197723388672
2021-06-18,387.7969665527344,388.430908203125,355.4272155761719,332.1334533691406,136.23402404785156,164.92999267578125,33.560001373291016,208.72666931152344,83.56490325927734,201.4554901123047,89.44139862060547,97.85381317138672,72.7004623413086
2021-06-21,393.34869384765625,393.9111022949219,360.4036254882813,334.1976623535156,137.1079559326172,166.9499969482422,33.970001220703125,213.19004821777344,85.3995590209961,204.2345428466797,90.72044372558594,97.59919738769533,72.44660186767578
2021-06-22,395.45159912109375,395.784423828125,362.3162536621094,337.3129577636719,138.3966064453125,166.25,33.83000183105469,214.1579132080078,85.87451934814453,205.39633178710935,91.1686019897461,97.70104217529295,72.54816436767578
2021-06-23,394.9748840332031,395.5514526367188,361.9263305664063,337.4779968261719,138.3966064453125,166.13999938964844,33.79999923706055,214.8626708984375,86.11664581298828,205.31268310546875,91.17792510986328,97.65011596679688,72.49737548828125
2021-06-24,397.3114929199219,397.8441162109375,363.9967041015625,339.5646057128906,139.2491912841797,166.0399932861328,33.77000045776367,217.8977203369141,87.28076171875,206.7064514160156,91.74742889404295,97.6841049194336,72.53119659423828
2021-06-25,398.7228088378906,399.3074340820313,365.3428955078125,339.1471862792969,139.15231323242188,166.58999633789062,33.880001068115234,218.26422119140625,87.33665466308594,207.4802398681641,92.111572265625,97.48887634277344,72.39583587646484
2021-06-28,399.526611328125,400.1556091308594,366.104248046875,343.2717590332031,140.85757446289062,166.5800018310547,33.880001068115234,216.53521728515625,86.78717803955078,207.71331787109372,92.24224853515624,97.76895141601562,72.5904312133789
2021-06-29,399.7415771484375,400.3326416015625,366.2655029296875,344.5139465332031,141.31295776367188,164.8300018310547,33.529998779296875,215.5016326904297,86.3944091796875,207.7226409912109,92.29828643798828,97.81990051269533,72.62429809570312
2021-06-30,400.0780334472656,400.6868286132813,366.6007385253906,343.970458984375,141.19668579101562,165.6300048828125,33.709999084472656,215.52980041503903,86.36640930175781,207.73194885253903,92.2049331665039,97.8877944946289,72.67508697509766
2021-07-01,402.2930908203125,402.9515380859375,368.6689758300781,344.1064147949219,141.19668579101562,166.1999969482422,33.810001373291016,217.4278717041016,87.14079284667969,208.86001586914065,92.78376770019533,97.83338928222656,72.66827392578125
2021-07-02,405.3680419921875,406.017822265625,371.4730529785156,348.05633544921875,142.78562927246094,167.2899932861328,34.040000915527344,215.3606719970703,86.30110931396484,210.0160675048828,93.26925659179688,98.0458755493164,72.79537963867188
2021-07-06,404.6296997070313,404.9832763671875,370.77435302734375,349.560546875,143.35733032226562,168.1199951171875,34.220001220703125,212.23155212402344,85.06022644042969,209.5592498779297,93.0171890258789,98.36032104492188,73.05809020996094
2021-07-07,406.05963134765625,406.6422119140625,372.0506896972656,350.29815673828125,143.63827514648438,168.75999450683594,34.34000015258789,210.2582855224609,84.2951889038086,209.8389129638672,93.2225570678711,98.5302963256836,73.21063995361328
2021-07-08,402.7510986328125,403.3802490234375,369.0881958007813,348.1824645996094,142.85348510742188,168.64999389648438,34.33000183105469,208.3225860595703,83.51148223876953,208.06759643554688,92.39163208007812,98.64077758789062,73.27843475341797
2021-07-09,407.0503540039063,407.6675109863281,372.9822387695313,350.3563232421875,143.72544860839844,169.2100067138672,34.43000030517578,212.7201995849609,85.24684143066406,210.5847625732422,93.50264739990234,98.31779479980467,73.04961395263672
2021-07-12,408.5083923339844,409.1773071289063,374.3330383300781,351.7247619628906,144.31651306152344,169.0,34.400001525878906,212.8987274169922,85.35877227783203,211.17208862304688,93.78274536132812,98.25835418701172,73.02423095703125
2021-07-13,407.1158142089844,407.7420349121094,373.0660400390625,351.7247619628906,144.30682373046875,169.22000122070312,34.45000076293945,208.88638305664065,83.772705078125,209.99745178222656,93.25057220458984,98.0458755493164,72.79537963867188
2021-07-14,407.7232971191406,408.2825927734375,373.5784606933594,352.35552978515625,144.5393524169922,171.0399932861328,34.79999923706055,205.6633453369141,82.49451446533203,209.7084197998047,93.17589569091795,98.3773422241211,73.0411605834961
2021-07-15,406.3306884765625,406.8846435546875,372.3766784667969,349.8808288574219,143.5316925048828,171.07000732421875,34.810001373291016,204.4982147216797,81.98139190673828,208.97190856933597,92.85845947265624,98.5898208618164,73.21913146972656
2021-07-16,403.1435546875,403.80902099609375,369.4794006347656,347.04693603515625,142.38841247558594,169.41000366210938,34.47999954223633,201.97987365722656,80.99240112304688,207.3311004638672,92.09288787841795,98.50481414794922,73.15132141113281
2021-07-19,397.1900634765625,397.7788391113281,363.9551086425781,344.2035217285156,141.24513244628906,169.61000061035156,34.5,198.9541931152344,79.73290252685547,204.3850250244141,90.86981964111328,99.02323150634766,73.5665512084961
2021-07-20,402.8819274902344,403.548095703125,369.0974731445313,348.20184326171875,142.8728485107422,169.38999938964844,34.470001220703125,205.12774658203125,82.15862274169922,207.91842651367188,92.29828643798828,98.92977905273438,73.49029541015625
2021-07-21,406.1438598632813,406.8193664550781,372.19970703125,350.8901062011719,143.89988708496094,168.75999450683594,34.34000015258789,208.66087341308597,83.63277435302734,209.7830352783203,93.19456481933594,98.60678100585938,73.25298309326172
2021-07-22,406.9943237304688,407.7047729492188,372.9914855957031,353.20965576171875,144.91722106933594,169.08999633789062,34.40999984741211,205.3438720703125,82.28926086425781,209.96017456054688,93.21324157714844,98.8362808227539,73.4140396118164
2021-07-23,411.181396484375,411.7217102050781,376.7179565429688,357.33416748046875,146.515869140625,168.55999755859375,34.290000915527344,206.3023681640625,82.69046020507812,212.0577850341797,94.14686584472656,98.76831817626952,73.32930755615234
2021-07-26,412.1907958984375,412.8214416503906,377.6775207519531,357.6156616210937,146.7193603515625,168.16000366210938,34.22999954223633,206.9037322998047,82.9423599243164,212.4866180419922,94.33358001708984,98.68328094482422,73.28691864013672
2021-07-27,410.3122863769531,410.9388122558594,376.0005798339844,353.67547607421875,145.14007568359375,168.44000244140625,34.290000915527344,204.48878479003903,81.96270751953125,211.3398895263672,93.82940673828124,98.9127426147461,73.47335052490234
2021-07-28,410.1440734863281,410.7151184082031,375.795654296875,355.0341186523437,145.6632537841797,169.2899932861328,34.439998626708984,207.4957275390625,83.22225189208984,211.6661834716797,93.99748992919922,99.00624084472656,73.54115295410156
2021-07-29,411.8450317382813,412.5419006347656,377.4165954589844,355.6649169921875,145.9151611328125,171.1699981689453,34.83000183105469,209.09312438964844,83.84735107421875,212.59849548339844,94.38961029052734,98.8447723388672,73.4140396118164
2021-07-30,409.8449096679688,410.45416259765625,375.5720520019531,353.8113708496094,145.17881774902344,169.82000732421875,34.560001373291016,207.71180725097656,83.26890563964844,211.3398895263672,93.8854522705078,98.98078155517578,73.52418518066406
2021-08-02,408.9850769042969,409.624755859375,374.8081359863281,353.8404235839844,145.16915893554688,169.61000061035156,34.529998779296875,206.67819213867188,82.8583755493164,211.0415496826172,93.76408386230467,99.1910171508789,73.69906616210938
2021-08-03,412.3123168945313,412.8960266113281,377.8357849121094,355.9851379394531,146.0508270263672,169.49000549316406,34.4900016784668,207.53323364257807,83.20359802246094,212.55186462402344,94.43626403808594,99.22502899169922,73.71601867675781
2021-08-04,410.28424072265625,410.9295349121094,376.0285339355469,356.4996032714844,146.273681640625,169.52999877929688,34.5099983215332,204.94921875,82.13998413085938,211.6009826660156,93.93212127685548,99.21653747558594,73.71601867675781
2021-08-05,412.8825073242188,413.4831237792969,378.376220703125,358.76080322265625,147.19412231445312,168.86000061035156,34.349998474121094,208.63270568847656,83.6234130859375,213.11122131347656,94.63233947753906,98.99525451660156,73.54627990722656
2021-08-06,413.564697265625,414.2008056640625,379.02825927734375,357.1885986328125,146.55470275878906,164.63999938964844,33.52000045776367,209.91065979003903,84.10858154296875,213.37229919433597,94.74439239501952,98.55265045166016,73.19824981689453
2021-08-09,413.2283020019531,413.9118347167969,378.6649475097656,357.8485107421875,146.825927734375,161.72000122070312,32.90999984741211,208.75485229492188,83.67940521240234,213.28836059570312,94.66036224365234,98.3739013671875,73.06246948242188
2021-08-10,413.7423095703125,414.39654541015625,379.1401062011719,356.0143127441406,146.0799102783203,161.77000427246094,32.93000030517578,209.16830444335935,83.82868957519531,213.42825317382807,94.6883544921875,98.2462387084961,72.95211029052734
2021-08-11,414.7703857421875,415.3751220703125,380.0530090332031,355.4028625488281,145.81829833984375,164.0,33.380001068115234,210.1925201416016,84.23921203613281,213.8477783203125,94.9311065673828,98.33982849121094,73.0030288696289
2021-08-12,416.0134582519531,416.3444213867188,381.16162109375,356.6839904785156,146.35118103027344,164.0399932861328,33.38999938964844,209.6945037841797,84.03394317626953,214.4444274902344,95.2112045288086,98.3483657836914,73.01152801513672
2021-08-13,416.77056884765625,417.3976135253906,381.9161682128906,357.9359130859375,146.85501098632812,166.38999938964844,33.869998931884766,207.78700256347656,83.30620574951172,214.5655975341797,95.25788879394533,98.70584869384766,73.30012512207031
2021-08-16,417.7519226074219,418.4693908691406,382.8291931152344,358.09112548828125,146.9324951171875,167.22000122070312,34.029998779296875,205.8513336181641,82.51316833496094,214.6495361328125,95.36990356445312,98.75692749023438,73.36803436279297
2021-08-17,415.013427734375,415.6268005371094,380.3045959472656,354.9371032714844,145.6342010498047,166.97000122070312,33.97999954223633,203.3423767089844,81.51487731933594,213.05532836914065,94.6230010986328,98.6803207397461,73.29164123535156
2021-08-18,410.47119140625,411.1438598632813,376.2148742675781,351.5209655761719,144.23899841308594,167.10000610351562,34.02000045776367,201.5664520263672,80.83380126953125,210.92970275878903,93.68938446044922,98.68882751464844,73.274658203125
2021-08-19,411.1066589355469,411.7496643066406,376.7458190917969,353.2192687988281,144.91722106933594,166.61000061035156,33.90999984741211,199.15155029296875,79.84484100341797,210.77122497558597,93.64270782470705,98.85905456542967,73.4359359741211
2021-08-20,414.3779296875,415.0302734375,379.72698974609375,356.8780517578125,146.4189910888672,166.6999969482422,33.91999816894531,202.5155029296875,81.21632385253906,212.6637420654297,94.46430206298828,98.8675765991211,73.41893768310547
2021-08-23,418.0230102539063,418.646484375,383.0899963378906,362.2157287597656,148.58934020996094,168.72999572753906,34.33000183105469,206.36810302734372,82.70909881591797,214.72409057617188,95.4166030883789,98.8675765991211,73.4359359741211
2021-08-24,418.6865539550781,419.3733520507813,383.6955261230469,363.3220520019531,149.08348083496094,168.64999389648438,34.31999969482422,208.39773559570312,83.53014373779297,215.4886016845703,95.6780014038086,98.72286987304688,73.29164123535156
2021-08-25,419.565185546875,420.2495727539063,384.403564453125,363.7394104003906,149.17063903808594,167.47999572753906,34.09000015258789,209.13067626953125,83.86601257324219,216.10389709472656,95.99545288085938,98.53560638427734,73.17276763916016
2021-08-26,417.0882568359375,417.7703857421875,382.1584167480469,361.42962646484375,148.30836486816406,167.6699981689453,34.130001068115234,206.91311645507807,82.95167541503906,214.6588897705078,95.39791870117188,98.54410552978516,73.18132019042969
2021-08-27,420.8175354003906,421.4425048828125,385.5493774414063,364.9428405761719,149.72293090820312,170.19000244140625,34.619998931884766,212.74838256835935,85.27483367919922,216.9708709716797,96.40624237060548,98.81651306152344,73.39351654052734
2021-08-30,422.6679992675781,423.3158874511719,387.3194274902344,369.0383605957031,151.41847229003906,169.35000610351562,34.459999084472656,211.87451171875,84.90162658691406,217.79132080078125,96.73302459716795,98.92713928222656,73.47830963134766
2021-08-31,422.0418395996094,422.8591003417969,386.6580505371094,368.73736572265625,151.27316284179688,169.69000244140625,34.529998779296875,212.28797912597656,85.08819580078125,217.3811492919922,96.54627227783205,98.78246307373048,73.38500213623047
2021-09-01,422.2661437988281,423.0455322265625,387.0679016113281,369.3488159179688,151.54441833496094,169.6999969482422,34.54999923706055,213.7162628173828,85.66667938232422,217.76336669921875,96.72367095947266,98.81396484375,73.39775085449219
2021-09-02,423.5653381347656,424.3130493164063,388.22308349609375,369.1741638183594,151.48629760742188,169.25,34.45000076293945,215.200927734375,86.31043243408203,218.4998779296875,97.05977630615234,98.91629791259766,73.49976348876953
2021-09-03,423.4624633789063,424.1267395019531,388.073974609375,370.3096618652344,151.9416961669922,171.05999755859375,34.81999969482422,214.2048797607422,85.89057922363281,218.4252777099609,97.00376892089844,98.74578857421876,73.34672546386719
2021-09-07,421.9483642578125,422.756591796875,386.639404296875,370.8336791992188,152.15484619140625,167.7100067138672,34.130001068115234,212.7296295166016,85.28414916992188,217.4836883544922,96.54627227783205,98.48155975341795,73.13418579101562
2021-09-08,421.4342651367188,422.1974182128906,386.2667541503906,369.5428771972656,151.6413116455078,167.2899932861328,34.040000915527344,210.40863037109372,84.30450439453125,216.9708709716797,96.34088134765624,98.6435317993164,73.25322723388672
2021-09-09,419.6304626464844,420.3148193359375,384.5339660644531,368.2716064453125,151.1084747314453,168.02999877929688,34.18000030517578,210.30528259277344,84.35116577148438,216.2157745361328,95.99545288085938,98.95890808105467,73.51676177978516
2021-09-10,416.3219909667969,417.1086730957031,381.5621337890625,365.47650146484375,149.9844970703125,167.17999267578125,34.040000915527344,208.24740600585935,83.52078247070312,214.50033569335935,95.22986602783205,98.76284790039062,73.33821868896484
2021-09-13,417.3873596191406,418.0779113769531,382.4565734863281,365.2242126464844,149.86825561523438,167.74000549316406,34.13999938964844,209.431396484375,83.9406509399414,214.98513793945312,95.44459533691406,98.89070129394533,73.44876861572266
2021-09-14,415.1349487304688,415.8504638671875,380.4722595214844,364.1858825683594,149.4419403076172,168.82000732421875,34.369998931884766,206.7627868652344,82.89572143554688,213.68927001953125,94.80973815917967,99.11231231689452,73.62728118896484
2021-09-15,418.6023864746094,419.3081970214844,383.6490173339844,366.8934631347656,150.527099609375,167.8300018310547,34.15999984741211,208.63270568847656,83.71673583984375,215.4513092041016,95.68732452392578,99.01856231689452,73.55928039550781
2021-09-16,417.9388732910156,418.52532958984375,382.987548828125,367.1458129882813,150.63368225097656,164.02999877929688,33.38999938964844,208.7830352783203,83.69807434082031,215.2555389404297,95.57530975341795,98.84808349609376,73.42324829101562
2021-09-17,413.86767578125,414.48974609375,379.233154296875,362.7980041503906,148.88966369628906,163.77000427246094,33.34000015258789,209.0555419921875,83.72607421875,213.5307159423828,94.8284149169922,98.76284790039062,73.32972717285156
2021-09-20,406.9667663574219,407.499755859375,373.0381164550781,355.3014221191406,145.87893676757812,164.94000244140625,33.58000183105469,204.0847625732422,81.8414535522461,209.82962036132807,93.16656494140624,98.9503936767578,73.53377532958984
2021-09-21,406.582275390625,407.2667236328125,372.6748352050781,355.7385559082031,145.92752075195312,166.0399932861328,33.790000915527344,204.39483642578125,81.94407653808594,209.8109588623047,93.14787292480467,98.99298095703124,73.51676177978516
2021-09-22,410.5484924316406,411.28369140625,376.2706604003906,359.06134033203125,147.3047637939453,165.4199981689453,33.650001525878906,207.57086181640625,83.24092102050781,211.92724609375,94.0908432006836,99.027099609375,73.5932846069336
2021-09-23,415.5366516113281,416.2140197753906,380.8169250488281,362.37445068359375,148.643310546875,163.50999450683594,33.27000045776367,211.24493408203125,84.70568084716797,214.5096435546875,95.25788879394533,98.54125213623048,73.20220947265625
2021-09-24,416.22113037109375,417.0119323730469,381.450439453125,362.7144775390625,148.82757568359375,163.3000030517578,33.25,210.22610473632807,84.31385040283203,214.76596069335935,95.2831802368164,98.37077331542967,73.04918670654297
2021-09-27,415.0303649902344,415.7022705078125,380.3697509765625,359.8192138671875,147.64425659179688,163.63999938964844,33.31999969482422,213.4211883544922,85.58270263671875,214.29833984375,95.12388610839844,98.23439025878906,72.96419525146484
2021-09-28,406.666748046875,407.4038391113281,372.7679748535156,349.63720703125,143.5996551513672,162.0500030517578,32.97999954223633,208.5672912597656,83.63277435302734,209.8092193603516,93.09996032714844,97.82524871826172,72.649658203125
2021-09-29,407.3511657714844,408.10546875,373.35491943359375,349.0640563964844,143.23104858398438,161.32000732421875,32.849998474121094,208.12432861328125,83.4372787475586,209.9494781494141,93.21241760253906,97.89344787597656,72.65812683105469
2021-09-30,402.3724365234375,403.0535583496094,368.6255493164063,347.78155517578125,142.68788146972656,164.22000122070312,33.40999984741211,206.1733245849609,82.68903350830078,207.6768951416016,92.18170166015624,97.87638854980467,72.6411361694336
2021-10-01,407.15423583984375,407.8529052734375,373.0370788574219,349.9384155273437,143.58023071289062,164.58999633789062,33.4900016784668,209.50035095214844,84.05457305908203,210.5387115478516,93.36233520507812,98.17520141601562,72.8880386352539
2021-10-04,401.9035339355469,402.55767822265625,368.447998046875,342.5933532714844,140.65098571777344,165.36000061035156,33.650001525878906,207.59649658203125,83.2969970703125,207.3682556152344,92.05052947998048,98.10691833496094,72.83698272705078
2021-10-05,406.08538818359375,406.7770385742188,372.0277099609375,347.218017578125,142.46481323242188,164.58999633789062,33.5,208.3128204345703,83.54951477050781,209.30419921875,92.91259002685548,97.87638854980467,72.6581802368164
2021-10-06,407.7731018066406,408.50775146484375,373.6820068359375,349.4428405761719,143.43475341796875,165.02999877929688,33.59000015258789,207.22889709472656,83.11929321289062,210.1739501953125,93.24988555908205,97.91905975341795,72.6922378540039
2021-10-07,411.298583984375,411.8945007324219,376.897216796875,352.64898681640625,144.69566345214844,164.16000366210938,33.400001525878906,210.42401123046875,84.37256622314453,212.1940460205078,94.15876007080078,97.64588165283205,72.48789978027344
2021-10-08,410.5484924316406,411.286376953125,376.1868591308594,350.8905639648437,143.98760986328125,164.22999572753906,33.41999816894531,208.8406219482422,83.74592590332031,211.72645568847656,93.90579223632812,97.43248748779295,72.30912780761719
2021-10-11,407.576171875,408.21771240234375,373.4484252929688,348.1993103027344,142.89157104492188,163.9199981689453,33.36000061035156,207.64358520507807,83.26893615722656,210.2019500732422,93.29673767089844,97.27880096435548,72.19845581054688
2021-10-12,406.572998046875,407.1886901855469,372.7007141113281,346.9848327636719,142.40660095214844,164.66000366210938,33.52000045776367,208.78407287597656,83.75529479980469,210.0523681640625,93.20304107666016,97.6373519897461,72.46234130859375
2021-10-13,408.0356140136719,408.6387939453125,373.8970031738281,349.7634582519531,143.50259399414062,167.58999633789062,34.11000061035156,209.7737274169922,84.13874816894531,211.00631713867188,93.64342498779295,97.85930633544922,72.6581802368164
2021-10-14,414.8991088867188,415.6366882324219,380.1778564453125,356.2049560546875,146.1602783203125,168.0,34.20000076293945,212.88397216796875,85.2891616821289,214.513427734375,95.21758270263672,98.0471649169922,72.7859115600586
2021-10-15,418.058837890625,418.8269348144531,383.1407165527344,358.4493103027344,147.10110473632812,165.3300018310547,33.65999984741211,212.21481323242188,85.064697265625,215.7852935791016,95.7516632080078,97.80811309814452,72.60710144042969
2021-10-18,419.2966003417969,420.0431823730469,384.3089599609375,362.05377197265625,148.56568908691406,164.9199981689453,33.56999969482422,212.0922698974609,85.07404327392578,216.5709381103516,96.12647247314452,97.73979949951172,72.56453704833984
2021-10-19,422.5313720703125,423.34564208984375,387.2998352050781,364.7936401367188,149.62294006347656,165.4499969482422,33.68000030517578,212.88397216796875,85.3639907836914,218.1514587402344,96.7729949951172,97.45807647705078,72.36019897460938
2021-10-20,424.19091796875,424.9735107421875,388.8046875,364.3175659179688,149.47744750976562,166.89999389648438,33.97999954223633,214.29771423339844,85.93451690673828,219.0024871826172,97.1759033203125,97.38978576660156,72.2750473022461
2021-10-21,425.2973327636719,426.0775146484375,389.7579956054688,366.5424499511719,150.4182891845703,166.75,33.95000076293945,214.84439086914065,86.14962005615234,219.60108947753903,97.47573852539062,97.18490600585938,72.1728515625
2021-10-22,424.856689453125,425.5628967285156,389.3654174804688,363.4625549316406,149.13796997070312,167.77000427246094,34.150001525878906,214.3354339599609,85.92515563964844,219.18017578125,97.27898406982422,97.37272644042967,72.32612609863281
2021-10-25,427.1351013183594,427.78955078125,391.3843078613281,367.1836853027344,150.68020629882812,168.92999267578125,34.38999938964844,216.37124633789065,86.77629089355469,220.5269317626953,97.82244873046876,97.46663665771484,72.36019897460938
2021-10-26,427.5195617675781,428.2759399414063,391.7580871582031,368.3398132324219,151.08755493164062,167.67999267578125,34.130001068115234,214.7407073974609,86.13092041015625,220.4427795410156,97.85053253173828,97.64588165283205,72.50495910644531
2021-10-27,425.6254577636719,426.367431640625,390.05706787109375,369.19476318359375,151.5143280029297,168.1199951171875,34.220001220703125,210.7915954589844,84.55963134765625,218.93707275390625,97.11968231201172,97.9703140258789,72.76883697509766
2021-10-28,429.7322998046875,430.4651184082031,393.8704833984375,373.2948303222656,153.1632537841797,168.0800018310547,34.220001220703125,214.9951629638672,86.1870346069336,221.27513122558597,98.225341796875,97.89346313476562,72.67526245117188
2021-10-29,430.6043090820313,431.2791748046875,394.5714721679688,375.1310119628906,153.97801208496094,166.64999389648438,33.93000030517578,214.9386444091797,86.22444915771484,221.5650177001953,98.3284149169922,97.86785125732422,72.6922378540039
2021-11-01,431.3450317382813,432.1678771972656,395.4032287597656,376.4135437011719,154.43385314941406,167.52000427246094,34.099998474121094,220.50889587402344,88.4223861694336,222.6686248779297,98.82501220703124,97.8080062866211,72.63594818115234
2021-11-02,433.0889587402344,433.8705749511719,396.9360656738281,377.9874267578125,155.08372497558594,167.16000366210938,34.029998779296875,220.9706573486328,88.60008239746094,223.36070251464844,99.11549377441406,98.00466918945312,72.77239990234375
2021-11-03,435.7330627441406,436.536865234375,399.3287963867188,382.0000305175781,156.77142333984375,165.77000427246094,33.75,224.91976928710935,90.20880126953124,224.9412384033203,99.87445068359376,97.8080062866211,72.64447021484375
2021-11-04,437.7864990234375,438.5390319824219,401.1981201171875,386.8967590332031,158.759765625,167.64999389648438,34.099998474121094,224.83497619628903,90.15267944335938,225.792236328125,100.2117691040039,98.13288879394533,72.9770736694336
2021-11-05,439.3055114746094,440.0826416015625,402.5627136230469,387.2659606933594,158.90530395507812,169.83999633789062,34.560001373291016,227.90753173828125,91.41531372070312,226.66204833984372,100.5865707397461,98.5176773071289,73.19876098632812
2021-11-08,439.6804809570313,440.54107666015625,403.04876708984375,386.7412109375,158.70159912109375,170.4499969482422,34.70000076293945,228.6143951416016,91.66785430908205,227.0361328125,100.80208587646484,98.338134765625,73.03672790527344
2021-11-09,438.2272644042969,439.0068359375,401.6373901367188,384.0792236328125,157.62493896484375,171.2899932861328,34.869998931884766,227.2854766845703,91.14408111572266,226.3814697265625,100.44602966308594,98.61174774169922,73.24140930175781
2021-11-10,434.7016906738281,435.5358581542969,398.4034729003906,378.4343566894531,155.3067626953125,173.14999389648438,35.2599983215332,223.70396423339844,89.70372772216797,224.1556396484375,99.50901794433594,97.94478607177734,72.74681091308594
2021-11-11,434.8423461914063,435.713623046875,398.5343322753906,379.483642578125,155.72386169433594,174.1199951171875,35.45000076293945,225.50411987304688,90.42391204833984,224.42681884765625,99.64958190917967,97.76525115966795,72.62743377685547
2021-11-12,438.1240539550781,438.9226684570313,401.4972229003906,383.4768371582031,157.35337829589844,174.4499969482422,35.5,225.73031616210935,90.54550170898438,226.09153747558597,100.3710479736328,97.74813842773438,72.63594818115234
2021-11-15,438.2740173339844,439.0348815917969,401.68408203125,383.3893127441406,157.3242950439453,174.17999267578125,35.45000076293945,224.83497619628903,90.14332580566406,226.09153747558597,100.31483459472656,97.38902282714844,72.3375244140625
2021-11-16,440.0086059570313,440.7843017578125,403.2169189453125,386.1194763183594,158.46881103515625,172.9199981689453,35.209999084472656,225.2496795654297,90.32103729248048,227.06414794921875,100.7927017211914,97.35480499267578,72.28633880615234
2021-11-17,438.9397583007813,439.7458190917969,402.2449035644531,386.3235168457031,158.5172882080078,174.5,35.529998779296875,222.29959106445312,89.17996215820312,226.12896728515625,100.3710479736328,97.585693359375,72.4398422241211
2021-11-18,440.4305725097656,441.1959533691406,403.6375122070313,390.3263244628906,160.14682006835938,173.94000244140625,35.40999984741211,221.35708618164065,88.78714752197266,226.48431396484372,100.54907989501952,97.67118072509766,72.52510070800781
2021-11-19,439.6430358886719,440.4755859375,402.8805236816406,392.502685546875,161.07791137695312,172.61000061035156,35.150001525878906,219.34014892578125,87.97344970703125,225.8390350341797,100.23050689697266,97.85929107666016,72.67860412597656
2021-11-22,438.4052734375,439.156494140625,401.8149108886719,387.9460754394531,159.2447509765625,168.74000549316406,34.34000015258789,218.4070587158203,87.56192779541016,224.75418090820312,99.7339096069336,97.38902282714844,72.32046508789062
2021-11-23,438.9866943359375,439.7644958496094,402.3384094238281,386.1777648925781,158.478515625,167.27999877929688,34.06999969482422,218.03005981445312,87.42162322998047,224.82899475097656,99.8276138305664,97.00425720214844,72.030517578125
2021-11-24,440.1587219238281,440.9059143066406,403.3291015625,387.4213562011719,158.97315979003906,167.1199951171875,34.029998779296875,218.2656707763672,87.57128143310547,225.5865173339844,100.05248260498048,97.22660064697266,72.20108032226562
2021-11-26,430.3416442871094,430.9328918457031,394.55279541015625,380.0763854980469,155.9663848876953,166.85000610351562,33.959999084472656,210.03762817382807,84.40064239501953,220.70465087890625,97.7943344116211,97.9191436767578,72.71272277832031
2021-11-29,435.6205749511719,436.4339599609375,399.3194274902344,388.3249816894531,159.32232666015625,166.6199951171875,33.939998626708984,209.90565490722656,84.19486999511719,222.7808532714844,98.89059448242188,97.97046661376952,72.70418548583984
2021-11-30,427.1444396972656,428.1356201171875,391.6740112304688,382.621826171875,157.0236053466797,165.5,33.68000030517578,205.62664794921875,82.64229583740234,218.3291473388672,96.91353607177734,98.13288879394533,72.84060668945312
2021-12-01,422.4000244140625,423.1398620605469,387.16900634765625,376.1123046875,154.43385314941406,166.16000366210938,33.84000015258789,200.9989471435547,80.66883087158203,215.2522735595703,95.50804901123048,98.1517562866211,72.8875961303711
2021-12-02,428.8696594238281,429.6606140136719,393.0760192871094,378.8230285644531,155.49110412597656,165.24000549316406,33.63999938964844,206.60687255859372,82.87611389160156,218.75,97.1103057861328,98.13463592529295,72.89612579345703
2021-12-03,425.1379699707031,425.80615234375,389.59912109375,372.23583984375,152.80435180664062,166.6300048828125,33.93000030517578,202.3656005859375,81.19258117675781,216.21554565429688,96.05149841308594,98.52848052978516,73.17796325683594
2021-12-06,430.1729736328125,430.9328918457031,394.2536315917969,375.2184753417969,153.98768615722656,166.22000122070312,33.83000183105469,206.4277801513672,82.7638931274414,218.99317932128903,97.22277069091795,98.18598175048828,72.9815444946289
2021-12-07,439.071044921875,439.8861389160156,402.3570556640625,386.5177917480469,158.70159912109375,166.80999755859375,33.959999084472656,211.2157745361328,84.67188262939453,223.6786346435547,99.29352569580078,98.0318832397461,72.81927490234375
2021-12-08,440.2336730957031,441.0462951660156,403.4880065917969,388.2472229003906,159.3611602783203,166.89999389648438,33.970001220703125,212.6578063964844,85.29851531982422,224.64193725585935,99.67768096923828,97.7750015258789,72.59718322753906
2021-12-09,437.2613525390625,438.0711975097656,400.74017333984375,382.5344848632813,157.09152221679688,165.8800048828125,33.7599983215332,207.841552734375,83.36245727539062,222.5003204345703,98.72195434570312,97.78353881835938,72.63131713867188
2021-12-10,441.3775634765625,442.2717590332031,404.5628356933594,386.6927490234375,158.73068237304688,166.5800018310547,33.90999984741211,207.26663208007807,83.10993957519531,224.01536560058597,99.40595245361328,97.80924987792967,72.65697479248047
2021-12-13,437.4677734375,438.3562622070313,400.9738159179688,381.1062622070313,156.42222595214844,167.0,34.0,204.23764038085935,81.96887969970703,221.9765472412109,98.48169708251952,98.1517562866211,72.90465545654297
2021-12-14,434.45794677734375,435.2591552734375,398.24462890625,377.1616821289063,154.87033081054688,165.44000244140625,33.70000076293945,202.47930908203125,81.22999572753906,220.3118438720703,97.85173034667967,97.96337890625,72.78508758544922
2021-12-15,441.2463073730469,442.1010437011719,404.4694213867188,385.760009765625,158.2165985107422,166.14999389648438,33.81999969482422,205.6935272216797,82.53004455566406,223.7067108154297,99.31851196289062,97.88629913330078,72.6911392211914
2021-12-16,437.3551635742188,438.0465393066406,400.81488037109375,375.8403015136719,154.3368377685547,168.16000366210938,34.220001220703125,201.53390502929688,80.86092376708984,221.2003173828125,98.18082427978516,98.0208969116211,72.78508758544922
2021-12-17,432.7004089355469,433.70123291015625,396.65576171875,373.9651794433594,153.4930419921875,167.8000030517578,34.15999984741211,203.38682556152344,81.69783782958984,220.19027709960935,97.56964111328124,98.14088439941406,72.91319274902344
2021-12-20,428.0994262695313,428.8302612304688,392.3656311035156,370.3375854492188,152.02603149414062,167.08999633789062,34.0099983215332,200.5318145751953,80.39076232910156,217.09469604492188,96.40374755859376,97.99517059326172,72.79364776611328
2021-12-21,435.7019653320313,436.4698791503906,399.3290100097656,378.6258850097656,155.3367156982422,167.02000427246094,34.0099983215332,206.2607421875,82.71343231201172,221.3499298095703,98.34064483642578,97.91803741455078,72.71674346923828
2021-12-22,440.0584716796875,440.87158203125,403.3627014160156,383.237060546875,157.23956298828125,168.58999633789062,34.33000183105469,208.2460479736328,83.55036163330078,223.53842163085935,99.27151489257812,98.00375366210938,72.79364776611328
2021-12-23,442.7965393066406,443.5745239257813,405.84869384765625,386.126220703125,158.49191284179688,168.97000122070312,34.40999984741211,209.9098663330078,84.18976593017578,225.0814666748047,99.92025756835938,97.88372802734376,72.68311309814453
2021-12-27,449.0630493164063,449.9283447265625,411.6365356445313,392.5079040527344,161.064697265625,169.3699951171875,34.47999954223633,211.8762359619141,84.96086120605469,228.0370635986328,101.18020629882812,97.93517303466795,72.71736907958984
2021-12-28,448.696044921875,449.5810852050781,411.3269958496094,390.6886596679688,160.37539672851562,168.63999938964844,34.34000015258789,210.58108520507807,84.49068450927734,227.5677947998047,100.99214935302734,97.89230346679688,72.70880889892578
2021-12-29,449.2700805664063,450.0503234863281,411.8241271972656,390.63031005859375,160.33657836914062,168.58999633789062,34.33000183105469,210.8079833984375,84.5377197265625,227.69921875,101.08618927001952,97.60090637207033,72.46890258789062
2021-12-30,448.028076171875,448.7833251953125,410.6609497070313,389.4629211425781,159.71522521972656,169.8000030517578,34.56999969482422,210.75125122070312,84.54712677001953,227.3331451416016,100.87933349609376,97.8152084350586,72.6316909790039
2021-12-31,446.8988952636719,447.6664123535156,409.5352478027344,387.0309753417969,158.783203125,170.9600067138672,34.810001373291016,210.2974853515625,84.45307159423828,226.6104431152344,100.5878677368164,97.78089904785156,72.61456298828125
2022-01-03,449.4864196777344,450.3412170410156,412.04925537109375,390.7567443847656,160.42391967773438,168.3300018310547,34.2599983215332,213.0106658935547,85.42162322998047,228.0464630126953,101.19901275634766,97.11234283447266,72.12616729736328
2022-01-04,449.33587646484375,450.1910095214844,411.8804626464844,385.6884460449219,158.3172149658203,169.57000732421875,34.52000045776367,212.68927001953125,85.32759857177734,227.6147308349609,101.0297622680664,97.10375213623048,72.11760711669922
2022-01-05,440.7077331542969,441.4158630371094,403.99114990234375,373.8397216796875,153.54055786132812,169.05999755859375,34.40999984741211,205.48558044433597,82.45013427734375,222.6777801513672,98.87659454345705,96.8037567138672,71.86914825439453
2022-01-06,440.2936706542969,441.0874633789063,403.4471130371094,373.5769653320313,153.3561553955078,166.99000549316406,34.0,206.6578063964844,82.8544692993164,222.6214904785156,98.87659454345705,96.70091247558594,71.79202270507812
2022-01-07,438.5529479980469,439.3229370117188,402.0494384765625,369.5301513671875,151.71539306640625,167.75,34.150001525878906,204.2659912109375,81.89531707763672,221.60784912109372,98.39706420898438,96.41802978515624,71.594970703125
2022-01-10,438.00726318359375,438.4970397949219,401.5240783691406,369.7733154296875,151.8610076904297,168.25999450683594,34.25,203.55697631835935,81.64143371582031,221.22300720214844,98.24662017822266,96.3323745727539,71.53500366210938
2022-01-11,441.9967041015625,442.8236999511719,405.0418701171875,375.3280334472656,153.98716735839844,170.2899932861328,34.68000030517578,205.72189331054688,82.47834777832031,223.4286651611328,99.24329376220705,96.5123519897461,71.68064880371094
2022-01-12,443.191650390625,443.9967956542969,406.2519836425781,376.8165283203125,154.71530151367188,170.74000549316406,34.75,204.19039916992188,81.89531707763672,223.7759246826172,99.35612487792967,96.5123519897461,71.6549301147461
2022-01-13,437.0851135253906,437.9057922363281,400.6517028808594,367.3899841308594,150.93869018554688,170.16000366210938,34.650001525878906,202.31851196289065,81.23706817626953,220.50027465820312,97.93635559082033,96.68378448486328,71.77489471435547
2022-01-14,437.2640075683594,438.0559692382813,400.7735900878906,369.6760559082031,151.72509765625,169.6699981689453,34.540000915527344,202.60220336914065,81.27468872070312,220.58477783203125,97.97395324707033,96.14378356933594,71.3807601928711
2022-01-18,429.5201721191406,430.3131408691406,393.7474365234375,360.4732971191406,148.17178344726562,169.38999938964844,34.5,196.4761505126953,78.7921371459961,216.2954559326172,96.06525421142578,95.56092071533205,70.93521881103516
2022-01-19,425.0601806640625,425.8645629882813,389.6105346679688,356.5140075683594,146.38540649414062,172.0800018310547,35.04999923706055,193.28082275390625,77.53207397460938,214.02410888671875,95.04976654052734,95.76666259765624,71.10658264160156
2022-01-20,420.3556213378906,421.1343688964844,385.3235168457031,351.8834228515625,144.47279357910156,171.64999389648438,34.959999084472656,189.7829742431641,76.13097381591797,211.5274658203125,93.95909881591795,95.81807708740234,71.1836929321289
2022-01-21,412.103759765625,412.93170166015625,377.7532958984375,342.1261901855469,140.42434692382812,171.08999633789062,34.84000015258789,186.22837829589844,74.7580337524414,207.34141540527344,92.0597915649414,96.19522094726562,71.4493179321289
2022-01-24,413.8538513183594,414.3769836425781,379.3292846679688,343.6923522949219,141.01658630371094,172.02999877929688,35.0099983215332,190.5203399658203,76.48827362060547,208.6742248535156,92.64273834228516,96.08377838134766,71.33789825439453
2022-01-25,408.8011169433594,409.6092834472656,374.7232971191406,335.72515869140625,137.68653869628906,172.5800018310547,35.130001068115234,187.9773101806641,75.45390319824219,205.75526428222656,91.36400604248048,95.98950958251952,71.2436752319336
2022-01-26,407.7754821777344,408.6613159179688,373.8789978027344,335.19989013671875,137.67681884765625,169.7899932861328,34.560001373291016,185.26409912109372,74.25025177001953,204.95741271972656,90.97850036621094,95.4495086669922,70.84954071044922
2022-01-27,405.761962890625,406.5309753417969,371.9841613769531,331.82427978515625,136.26910400390625,167.60000610351562,34.13999938964844,181.05718994140625,72.6046371459961,203.43695068359372,90.37671661376952,95.76666259765624,71.08088684082031
2022-01-28,415.8391723632813,416.4699096679688,381.1021423339844,342.23321533203125,140.463134765625,167.10000610351562,34.029998779296875,184.5834197998047,74.01516723632812,208.448974609375,92.58633422851562,95.83522033691406,71.16653442382812
2022-01-31,423.3289184570313,423.9968566894531,388.0721130371094,353.17724609375,144.95819091796875,168.08999633789062,34.220001220703125,190.2462310791016,76.19678497314453,212.8790283203125,94.62667083740234,95.82662963867188,71.1151351928711
2022-02-01,426.1892700195313,426.9250793457031,390.6048278808594,355.5801086425781,145.95822143554688,168.22999572753906,34.27000045776367,192.25038146972656,77.09954071044922,214.50277709960935,95.33186340332033,95.7931900024414,71.08683013916016
2022-02-02,430.3292846679688,431.0263977050781,394.3290100097656,358.4693908691406,147.1426544189453,168.83999633789062,34.380001068115234,190.34075927734372,76.27201080322266,215.9200592041016,95.89600372314452,95.89617156982422,71.1898193359375
2022-02-03,420.2144470214844,421.0217895507813,385.16412353515625,343.9356384277344,141.2398681640625,168.60000610351562,34.36000061035156,186.7388610839844,74.91790008544922,210.78602600097656,93.5735855102539,95.50990295410156,70.88944244384766
2022-02-04,422.1904602050781,423.1334228515625,386.9746398925781,348.2743225097656,142.86119079589844,168.86000061035156,34.38999938964844,187.54241943359372,75.20940399169922,212.1844940185547,94.22235870361328,94.90904235839844,70.45172119140625
2022-02-07,420.8354797363281,421.6317443847656,385.6988220214844,345.4726257324219,141.84176635742188,170.11000061035156,34.65999984741211,188.4688720703125,75.65137481689453,211.6495056152344,93.98731994628906,94.99486541748048,70.51185607910156
2022-02-08,424.2980346679688,424.9822998046875,388.8225708007813,349.3542175292969,143.43402099609375,170.6300048828125,34.72999954223633,191.68313598632807,76.85503387451172,213.59239196777344,94.86173248291016,94.70304107666016,70.28008270263672
2022-02-09,430.5081176757813,431.251708984375,394.5260620117188,356.7572021484375,146.40478515625,171.2100067138672,34.869998931884766,195.3228454589844,78.33137512207031,217.06509399414065,96.33792114257812,94.76313018798828,70.33159637451172
2022-02-10,422.7737426757813,423.6308898925781,387.59368896484375,348.6828918457031,143.2204132080078,170.55999755859375,34.72999954223633,192.3260040283203,77.19355773925781,213.38589477539065,94.73950958251952,93.88760375976562,69.68790435791016
2022-02-11,414.4372863769531,415.1559448242188,379.864013671875,337.62213134765625,138.64772033691406,173.80999755859375,35.40999984741211,190.37857055664065,76.31903076171875,209.2467498779297,92.9060287475586,94.50563049316406,70.14280700683594
2022-02-14,413.0822448730469,413.8045349121094,378.6257934570313,338.0403747558594,138.8224334716797,174.74000549316406,35.58000183105469,189.71676635742188,76.1121597290039,208.4770965576172,92.58633422851562,93.95626068115234,69.74797821044922
2022-02-15,419.7439575195313,420.4586486816406,384.704345703125,346.44537353515625,142.171875,173.0800018310547,35.22999954223633,194.8028717041016,78.13390350341797,212.1844940185547,94.24117279052734,93.80176544189452,69.60212707519531
2022-02-16,420.2144470214844,420.9372863769531,385.16412353515625,346.35791015625,142.171875,174.86000061035156,35.61000061035156,195.2093811035156,78.26557159423828,212.38156127929688,94.2975845336914,93.91338348388672,69.69649505615234
2022-02-17,411.238037109375,412.1057739257813,376.9747009277344,336.0559387207031,137.96804809570312,177.25,36.09999847412109,190.20835876464844,76.32843780517578,207.55731201171875,92.18202209472656,94.11077117919922,69.85095977783203
2022-02-18,408.57525634765625,409.2620849609375,374.5638122558594,332.2231140136719,136.4147186279297,177.1199951171875,36.060001373291016,188.5729217529297,75.64198303222656,205.89599609375,91.46743774414062,94.30817413330078,69.97113800048828
2022-02-22,404.1906433105469,404.8228149414063,370.4644775390625,328.8863525390625,135.0458221435547,177.49000549316406,36.150001525878906,185.9164123535156,74.57937622070312,203.5308074951172,90.45198059082033,94.2052001953125,69.92821502685547
2022-02-23,397.0208435058594,397.446044921875,363.7947387695313,320.4618835449219,131.52163696289062,178.2899932861328,36.310001373291016,182.43739318847656,73.15943908691406,199.785888671875,88.75010681152344,93.78459930419922,69.57634735107422
2022-02-24,402.9955749511719,403.6966247558594,369.3857116699219,331.2308349609375,135.89047241210938,177.13999938964844,36.08000183105469,187.22100830078125,75.13419342041016,203.2867584228516,90.3391571044922,93.95626068115234,69.7308349609375
2022-02-25,411.8873291015625,412.5843811035156,377.4530334472656,336.3671875,138.0943145751953,176.5500030517578,35.959999084472656,191.43736267089844,76.77978515625,207.81069946289065,92.34186553955078,94.05071258544922,69.79090881347656
2022-02-28,410.8334655761719,411.74908447265625,376.5056762695313,337.369140625,138.62823486328125,178.3800048828125,36.310001373291016,192.2125701904297,77.014892578125,207.58547973632807,92.2196273803711,94.72879791259766,70.30585479736328
2022-03-01,404.5763854980469,405.36724853515625,370.8583984375,332.2035827636719,136.3273162841797,181.6199951171875,36.9900016784668,188.5917816162109,75.65137481689453,204.34738159179688,90.77165222167967,95.26262664794922,70.67459869384766
2022-03-02,412.0191040039063,412.7628173828125,377.66888427734375,337.7777709960937,138.67681884765625,179.72999572753906,36.61000061035156,193.08233642578125,77.4944839477539,208.22369384765625,92.44530487060548,94.11930847167967,69.8064193725586
2022-03-03,409.9679260253906,410.7824401855469,375.7739562988281,332.9526672363281,136.71568298339844,180.8000030517578,36.81999969482422,190.7945251464844,76.54471588134766,206.63751220703125,91.74951171875,94.43739318847656,70.11587524414062
2022-03-04,406.6370239257813,407.2723388671875,372.7345581054688,328.1274719238281,134.7351531982422,183.67999267578125,37.400001525878906,187.80714416503903,75.33167266845703,204.57261657714844,90.83745574951172,94.81563568115234,70.36518096923828
2022-03-07,394.6496887207031,395.3062133789063,361.7309875488281,316.0258178710937,129.75462341308594,186.41000366210935,37.95000076293945,183.1370086669922,73.46036529541016,198.26536560058597,88.10133361816406,94.26544952392578,70.02130889892578
2022-03-08,391.6575317382813,392.3592224121094,359.0011901855469,314.55694580078125,129.16244506835938,191.50999450683597,38.97999954223633,184.14854431152344,73.88350677490234,197.14845275878903,87.6124267578125,93.9302215576172,69.69469451904297
2022-03-09,402.1582946777344,402.9176330566406,368.5695190429688,325.8803100585937,133.69635009765625,185.82000732421875,37.84000015258789,189.3386383056641,75.9334945678711,202.62034606933597,90.01004791259766,93.73251342773438,69.50557708740234
2022-03-10,400.34228515625,401.0687561035156,366.9278869628906,322.261474609375,132.3079833984375,186.3999938964844,37.970001220703125,188.99827575683597,75.77365112304688,201.7099609375,89.62454223632812,93.20811462402344,69.13594818115234
2022-03-11,395.2518310546875,396.06640625,362.2469482421875,315.57830810546875,129.5896453857422,185.08999633789065,37.68000030517578,185.9825897216797,74.57937622070312,198.9693145751953,88.37401580810547,93.19097137451172,69.08438873291016
2022-03-14,392.3632507324219,393.0725402832031,359.6015014648437,309.51776123046875,127.1042022705078,182.3000030517578,37.11000061035156,182.1822204589844,73.15943908691406,197.00765991210935,87.52777862548828,92.28834533691406,68.44828796386719
2022-03-15,400.9914855957031,401.7257385253906,367.49072265625,319.226318359375,131.08470153808594,178.88999938964844,36.45000076293945,185.08450317382807,74.21263122558594,201.1186370849609,89.34246063232422,92.4946517944336,68.56004333496094
2022-03-16,409.8831481933594,410.6229248046875,375.7083129882813,331.0653991699219,135.84194946289062,180.00999450683594,36.650001525878906,190.90794372558597,76.57292938232422,206.14944458007807,91.58967590332033,92.5634536743164,68.66317749023438
2022-03-17,415.0112609863281,415.728515625,380.3048706054688,335.0733337402344,137.521484375,180.88999938964844,36.84999847412109,193.90480041503903,77.81420135498047,208.9088592529297,92.79319763183594,92.7181625366211,68.72335052490234
2022-03-18,419.55670166015625,420.1770935058594,384.5074157714844,341.93170166015625,140.36607360839844,179.3000030517578,36.5,195.94677734375,78.53825378417969,211.34915161132807,93.94969940185548,92.92448425292967,68.92107391357422
2022-03-21,419.43408203125,420.0926208496094,384.5262145996094,340.98101806640625,140.01998901367188,180.6699981689453,36.77999877929688,194.21673583984372,77.88941955566406,211.15206909179688,93.76165008544922,92.0132827758789,68.21623229980469
2022-03-22,424.3420104980469,425.2169189453125,388.9914245605469,347.6820983886719,142.73233032226562,179.36000061035156,36.540000915527344,196.16421508789065,78.65111541748047,213.74249267578125,94.91813659667967,91.76397705078124,68.04429626464844
2022-03-23,418.877197265625,419.88616943359375,383.9821472167969,342.6855163574219,140.70054626464844,181.80999755859372,36.9900016784668,192.7608642578125,77.26878356933594,210.83140563964844,93.64881134033205,92.14220428466795,68.35375213623047
2022-03-24,425.19146728515625,425.9606323242188,389.689697265625,350.3022766113281,143.76278686523438,183.1300048828125,37.290000915527344,194.97740173339844,78.23124694824219,213.8347930908203,95.01192474365234,91.9358901977539,68.26778411865234
2022-03-25,427.2678833007813,428.107666015625,391.6663513183594,350.0101013183594,143.7045135498047,182.3800048828125,37.15999984741211,195.24261474609372,78.35367584228516,214.74807739257807,95.40812683105467,91.20521545410156,67.66609191894531
2022-03-28,430.3070983886719,431.11138916015625,394.3676452636719,355.42559814453125,145.8529510498047,179.05999755859375,36.47999954223633,195.30892944335935,78.34427642822266,216.14146423339844,96.0118408203125,91.42871856689452,67.86377716064453
2022-03-29,435.6303405761719,436.6106262207031,399.356201171875,361.5423889160156,148.41944885253906,179.13999938964844,36.5,200.53761291503903,80.45376586914062,219.41790771484372,97.45513916015624,91.85853576660156,68.16463470458984
2022-03-30,432.9403991699219,433.898681640625,396.8713684082031,357.5489196777344,146.84457397460938,180.5800018310547,36.7599983215332,196.51190185546875,78.90929412841797,217.63848876953125,96.66275024414062,92.10785675048828,68.31934356689453
2022-03-31,426.27685546875,427.2131042480469,390.7721557617188,353.1171875,144.8224639892578,180.6499938964844,36.83000183105469,194.43746948242188,78.02406311035156,214.3526306152344,95.21945190429688,92.06487274169922,68.3709487915039
2022-04-01,427.4849853515625,428.2489013671875,391.8546142578125,352.445068359375,144.69607543945312,179.5,36.540000915527344,196.6161193847656,78.8245620727539,215.2093811035156,95.6250991821289,91.9012680053711,68.22269439697266
2022-04-04,431.1470642089844,432.0248718261719,395.1771240234375,359.7014465332031,147.64169311523438,180.3699951171875,36.72999954223633,196.9381256103516,79.05998992919922,217.0359039306641,96.39860534667967,91.97875213623048,68.27442932128906
2022-04-05,425.7011413574219,426.4597473144531,390.2921447753906,351.714599609375,144.385009765625,179.24000549316406,36.4900016784668,192.27777099609372,77.1859130859375,213.863037109375,95.0213623046875,91.04898834228516,67.58502960205078
2022-04-06,421.44439697265625,422.3165588378906,386.33892822265625,344.0783386230469,141.1963348388672,179.66000366210938,36.58000183105469,189.54977416992188,76.06521606445312,211.4056854248047,93.91766357421876,90.81653594970705,67.37823486328125
2022-04-07,423.5680541992188,424.406982421875,388.287353515625,344.8965148925781,141.5657196044922,180.33999633789065,36.70000076293945,188.9341278076172,75.8015365600586,212.2059631347656,94.2478256225586,90.61852264404295,67.24034118652344
2022-04-08,422.4355163574219,423.2770690917969,387.3460388183594,340.0752258300781,139.66033935546875,181.47000122070312,36.970001220703125,187.427978515625,75.24590301513672,211.54693603515625,93.95539093017578,90.1622543334961,66.87842559814453
2022-04-11,415.2150573730469,415.96044921875,380.6350708007813,332.0299072265625,136.43275451660156,182.3699951171875,37.13999938964844,186.16818237304688,74.69969940185547,208.24224853515625,92.5215301513672,89.77483367919922,66.56822204589844
2022-04-12,413.6766052246094,414.3691101074219,379.2420349121094,330.62725830078125,135.7425079345703,183.7700042724609,37.41999816894531,186.7554931640625,74.88804626464844,207.6020050048828,92.24797058105467,90.05897521972656,66.78361511230469
2022-04-13,418.4147338867188,419.2185363769531,383.5246276855469,337.34796142578125,138.50341796875,184.6499938964844,37.619998931884766,190.3075714111328,76.33832550048828,210.3229522705078,93.4271469116211,90.23976135253906,66.8611831665039
2022-04-14,413.2046813964844,414.0395202636719,378.8655090332031,329.6338195800781,135.33421325683594,184.0399932861328,37.470001220703125,188.46046447753903,75.59434509277344,207.7620849609375,92.28569793701172,89.50798034667969,66.40449523925781
2022-04-18,413.3746337890625,414.190185546875,378.931396484375,329.8870849609375,135.50921630859375,184.6100006103516,37.59000015258789,187.19119262695312,75.10464477539062,207.40426635742188,92.14419555664062,89.23246002197266,66.18905639648438
2022-04-19,420.0474853515625,420.8758850097656,384.9835510253906,337.2603759765625,138.4451141357422,181.82000732421875,37.0099983215332,190.9232635498047,76.6114501953125,211.05734252929688,93.7667236328125,88.69013977050781,65.77540588378906
2022-04-20,419.7360229492188,420.4991760253906,384.6917724609375,332.34161376953125,136.45216369628906,182.7100067138672,37.220001220703125,191.6526336669922,76.8563003540039,210.7843017578125,93.67239379882812,89.19805908203125,66.18905639648438
2022-04-21,413.4595031738281,414.4067993164063,378.9879150390625,325.4649963378906,133.6815185546875,182.05999755859372,37.09000015258789,187.36166381835935,75.13288879394531,207.33840942382807,92.09703826904295,88.70733642578125,65.83570861816406
2022-04-22,402.1145629882813,402.8151550292969,368.6437683105469,316.94244384765625,130.12342834472656,180.2899932861328,36.720001220703125,182.5118865966797,73.20230865478516,201.68939208984372,89.61607360839844,88.62125396728516,65.74956512451172
2022-04-25,404.4458618164063,405.3010559082031,370.657958984375,321.0138244628906,131.8247528076172,177.0500030517578,36.060001373291016,183.62014770507807,73.68260192871094,202.79095458984372,90.1726531982422,89.21526336669922,66.1632080078125
2022-04-26,392.7327270507813,393.5024108886719,360.0596923828125,308.897216796875,126.85698699951172,177.32000732421875,36.11000061035156,177.8325958251953,71.31881713867188,197.0101318359375,87.55020141601562,89.4907455444336,66.33551788330078
2022-04-27,393.8370666503906,394.6887817382813,360.9915161132813,308.5270690917969,126.7305908203125,175.97999572753906,35.84000015258789,177.09371948242188,71.04569244384766,197.39610290527344,87.70113372802734,89.12918090820312,66.12871551513672
2022-04-28,403.78509521484375,404.6042175292969,370.0367431640625,319.4846496582031,131.1927947998047,176.92999267578125,36.040000915527344,180.3995361328125,72.34529876708984,202.20718383789065,89.80474853515625,89.09475708007812,66.10287475585938
2022-04-29,388.8630676269531,389.4250183105469,356.44537353515625,305.1083374023437,125.35011291503906,176.91000366210938,36.040000915527344,175.18980407714844,70.33938598632812,194.77874755859372,86.62574005126953,88.56097412109375,65.65478515625
2022-05-02,391.2037048339844,391.9298095703125,358.6854553222656,310.202392578125,127.41110229492188,173.6300048828125,35.369998931884766,177.0274200439453,71.05512237548828,196.2474365234375,87.2105941772461,88.0788803100586,65.31893920898438
2022-05-03,392.99700927734375,393.7471008300781,360.23858642578125,310.5335693359375,127.58609008789062,174.08999633789062,35.470001220703125,178.54302978515625,71.63899993896484,197.1795654296875,87.57850646972656,88.27722930908203,65.47434997558594
2022-05-04,404.9649658203125,405.6023559570313,371.166259765625,321.0332946777344,131.8636016845703,175.8000030517578,35.81999969482422,183.3075256347656,73.54133605957031,202.9604339599609,90.2009506225586,88.8464584350586,65.89735412597656
2022-05-05,390.57135009765625,391.2047119140625,358.1301574707031,304.8648376464844,125.39875793457033,175.1300048828125,35.66999816894531,175.87181091308594,70.518310546875,195.47540283203125,86.86157989501953,87.96674346923828,65.24121856689453
2022-05-06,388.2401123046875,389.0953674316406,355.880615234375,301.2122802734375,123.72661590576172,175.4199981689453,35.7400016784668,172.94483947753906,69.37879943847656,193.90310668945312,86.16350555419922,87.59593963623047,64.96498107910156
2022-05-09,375.80963134765625,376.5810546875,344.3975524902344,289.4267272949219,118.97276306152344,172.8800048828125,35.209999084472656,165.67013549804688,66.449951171875,187.03012084960935,83.14485168457031,88.02716064453125,65.25848388671875
2022-05-10,376.6780090332031,377.3249816894531,345.2823181152344,292.94287109375,120.36295318603516,171.4199981689453,34.90999984741211,165.71751403808594,66.46878814697266,187.4067230224609,83.30522155761719,88.29446411132812,65.44844055175781
2022-05-11,370.6940307617188,371.3737487792969,339.7196350097656,284.2547302246094,116.76597595214844,172.82000732421875,35.20000076293945,161.5971221923828,64.81130981445312,184.01731872558597,81.79591369628906,88.62220764160156,65.67291259765625
2022-05-12,370.3069763183594,370.82757568359375,339.45611572265625,283.58270263671875,116.49378204345705,170.1699981689453,34.65999984741211,163.4915313720703,65.64002990722656,184.21505737304688,81.89025115966797,88.78608703613281,65.80241394042969
2022-05-13,379.1602783203125,379.8673706054688,347.46600341796875,294.0922546386719,120.63516235351562,168.7899932861328,34.38999938964844,168.67288208007812,67.67423248291016,189.1485137939453,84.05989837646484,88.40660095214844,65.56067657470703
2022-05-16,377.6217956542969,378.2664794921875,346.2235412597656,290.6832580566406,119.43941497802734,170.39999389648438,34.709999084472656,167.86773681640625,67.36343383789062,188.21641540527344,83.64482879638672,88.60496520996094,65.66426849365234
2022-05-17,385.3896484375,386.1009826660156,353.1510314941406,298.2122802734375,122.48226928710938,169.3300018310547,34.5099983215332,173.001708984375,69.45413970947266,192.2366180419922,85.47486877441406,88.12202453613281,65.27580261230469
2022-05-18,369.85400390625,370.5921630859375,339.1642761230469,283.5729675292969,116.5423812866211,169.4199981689453,34.5099983215332,166.939453125,67.11858367919922,184.71405029296875,82.06004333496094,88.47559356689453,65.55204772949219
2022-05-19,367.5886840820313,368.2757568359375,336.8959655761719,282.0534973144531,115.78410339355467,171.91000366210938,35.029998779296875,167.21414184570312,67.10916900634766,183.8949279785156,81.74874114990234,88.69981384277344,65.6901626586914
2022-05-20,367.7492370605469,368.4641418457031,336.98065185546875,281.1768493652344,115.4729995727539,172.02999877929688,35.040000915527344,166.7878875732422,66.98675537109375,183.8949279785156,81.7581787109375,88.9671630859375,65.88873291015625
2022-05-23,374.62982177734375,375.3474731445313,343.3716125488281,285.85211181640625,117.329833984375,172.8300018310547,35.22999954223633,168.80548095703125,67.7213134765625,187.0395050048828,83.13542175292969,88.67394256591797,65.6556396484375
2022-05-24,371.7700500488281,372.6544494628906,340.89617919921875,279.7743835449219,114.87998962402344,174.1300048828125,35.47999954223633,166.30482482910156,66.6948013305664,185.1659393310547,82.39020538330078,89.35525512695312,66.1908950805664
2022-05-25,375.0545654296875,375.9501037597656,343.7387084960937,283.6898193359375,116.47431182861328,173.0800018310547,35.2599983215332,169.29803466796875,67.93790435791016,187.22784423828125,83.21090698242188,89.72610473632812,66.45852661132812
2022-05-26,382.5485534667969,383.3043518066406,350.572021484375,291.5500793457031,119.71160125732422,172.75999450683594,35.20000076293945,173.07745361328125,69.41647338867188,191.05978393554688,84.9466323852539,89.65713500976562,66.38949584960938
2022-05-27,391.93988037109375,392.899658203125,359.3631591796875,301.06610107421875,123.64885711669922,172.85000610351562,35.22999954223633,177.73780822753906,71.28114318847656,195.89910888671875,87.097412109375,89.80371856689453,66.57940673828125
2022-05-31,389.74072265625,390.6585693359375,357.36773681640625,300.2674255371094,123.4058074951172,171.13999938964844,34.869998931884766,175.5308074951172,70.40530395507812,194.28909301757807,86.44650268554688,89.23454284667969,66.19950103759766
2022-06-01,386.58831787109375,387.49462890625,354.3746643066406,298.0467224121094,122.36561584472656,172.22999572753906,35.09000015258789,174.5362091064453,70.009765625,193.00868225097656,85.81448364257812,88.86820983886719,65.9037094116211
2022-06-02,393.95025634765625,394.7923278808594,361.1044616699219,306.2089538574219,125.7584228515625,174.35000610351562,35.52000045776367,178.79872131347656,71.69549560546875,196.9442138671875,87.5690689086914,88.98051452636719,65.9642562866211
2022-06-03,387.4849243164063,388.3138732910156,355.2593688964844,298.2415771484375,122.4044952392578,172.5800018310547,35.150001525878906,177.18844604492188,71.13988494873047,193.799560546875,86.14466094970703,88.83364868164062,65.86911010742188
2022-06-06,388.6647338867188,389.4815368652344,356.2289123535156,299.2350158691406,122.97806549072266,171.82000732421875,34.97999954223633,177.95567321777344,71.40357208251953,194.3738555908203,86.418212890625,88.28934478759766,65.47985076904297
2022-06-07,392.3929443359375,393.0974426269531,359.7115173339844,301.816162109375,123.92105865478516,172.94000244140625,35.209999084472656,180.82579040527344,72.51481628417969,196.48287963867188,87.3143539428711,88.62632751464844,65.70476531982422
2022-06-08,388.1268005371094,388.8412170410156,355.7770690917969,299.6440734863281,123.01696014404295,172.77999877929688,35.20000076293945,178.03147888183594,71.44123840332031,194.2797088623047,86.36161041259766,88.26343536376953,65.43663024902344
2022-06-09,378.89599609375,379.7099609375,347.4095153808594,291.6181945800781,119.77964782714844,172.22999572753906,35.09000015258789,174.3408660888672,69.96269226074219,189.62869262695312,84.30182647705078,88.16841125488281,65.35013580322266
2022-06-10,367.9096984863281,368.50726318359375,337.21588134765625,281.33270263671875,115.50216674804688,174.5399932861328,35.560001373291016,169.61123657226562,68.04150390625,183.99847412109372,81.81348419189453,87.48585510253906,64.79651641845703
2022-06-13,353.9407958984375,354.3386535644531,324.2174377441406,268.2518310546875,110.2622299194336,169.92999267578125,34.619998931884766,161.64308166503906,64.80188751220703,176.48526000976562,78.49250030517578,86.05165100097656,63.74985885620117
2022-06-14,352.87420654296875,353.3941345214844,323.40802001953125,268.73883056640625,110.427490234375,168.57000732421875,34.34000015258789,160.86428833007812,64.5947036743164,175.98626708984375,78.23704528808594,85.54188537597656,63.40388870239258
2022-06-15,357.9049377441406,358.4286804199219,328.03887939453125,275.4496765136719,113.15925598144533,170.77000427246094,34.79999923706055,163.21958923339844,65.48936462402344,178.54713439941406,79.39132690429688,86.49229431152344,64.13046264648438
2022-06-16,346.0596923828125,346.6497802734375,317.26177978515625,264.3363647460937,108.6095733642578,172.69000244140625,35.189998626708984,155.65977478027344,62.447513580322266,172.3144073486328,76.60018157958984,86.69965362548828,64.26888275146484
2022-06-17,346.80572509765625,347.28271484375,318.09002685546875,267.55047607421875,109.85394287109376,171.27000427246094,34.88999938964844,156.8754119873047,62.99371337890625,172.96405029296875,76.92188262939453,86.69100189208984,64.303466796875
2022-06-21,355.5360717773437,356.11456298828125,325.8834533691406,274.3006591796875,112.60528564453124,170.6300048828125,34.7599983215332,159.68663024902344,64.08616638183594,177.1537322998047,78.75741577148438,86.34540557861328,64.00939178466797
2022-06-22,354.8915405273437,355.5005187988281,325.19647216796875,273.9005432128906,112.46892547607422,171.30999755859375,34.91999816894531,159.38272094726562,63.97313690185547,177.12547302246094,78.70063781738281,87.07978057861328,64.53702545166016
2022-06-23,358.3703918457031,359.06158447265625,328.61297607421875,277.9797668457031,114.1148452758789,170.25999450683594,34.68000030517578,161.2916717529297,64.72654724121094,178.7314910888672,79.48595428466797,87.44264221191406,64.8484115600586
2022-06-24,369.7642822265625,370.273681640625,338.8443298339844,287.5042724609375,118.24430084228516,170.08999633789062,34.65999984741211,166.2871856689453,66.72306823730469,184.50714111328125,81.95538330078125,87.30441284179688,64.7273178100586
2022-06-27,368.3520202636719,368.9323425292969,337.5736083984375,285.3964538574219,117.1632308959961,169.89999389648438,34.630001068115234,166.90451049804688,67.03384399414062,183.9399261474609,81.73778533935547,86.9156265258789,64.41594696044922
2022-06-28,360.8254699707031,361.4041137695313,330.279052734375,276.70135498046875,113.62787628173828,169.6199951171875,34.560001373291016,163.77044677734375,65.7436294555664,180.1493988037109,80.07256317138672,86.9501953125,64.45053100585938
2022-06-29,360.5316162109375,361.1490173339844,330.4416198730469,276.9550170898437,113.73501586914062,169.49000549316406,34.54999923706055,162.10841369628906,65.04267883300781,179.84689331054688,79.92118835449219,87.45128631591797,64.82246398925781
2022-06-30,357.6025695800781,358.1358337402344,327.83319091796875,273.5198974609375,112.19622039794922,168.4600067138672,34.310001373291016,160.84530639648438,64.58921813964844,178.29666137695312,79.2683334350586,87.84869384765625,65.09927368164062
2022-07-01,361.3847961425781,361.8575439453125,331.1976928710937,275.32537841796875,113.0337905883789,168.32000732421875,34.29999923706055,162.79220581054688,65.36387634277344,180.1777191162109,80.07256317138672,88.58097076416016,65.61845397949219
2022-07-05,362.0672302246094,362.632080078125,331.7836608886719,280.0388488769531,114.93294525146484,164.75,33.58000183105469,164.14080810546875,65.90234375,180.82052612304688,80.31855010986328,88.74543762207031,65.7311019897461
2022-07-06,363.2901306152344,363.9261474609375,332.98388671875,281.8344421386719,115.66340637207033,162.13999938964844,33.04999923706055,162.9251708984375,65.3922119140625,181.1797637939453,80.45101928710938,88.14817810058594,65.3324203491211
2022-07-07,368.7311096191406,369.3196716308594,337.8699951171875,287.8654479980469,118.16636657714844,162.22999572753906,33.06999969482422,166.7810516357422,66.93207550048828,184.1668243408203,81.7945327758789,87.9491195678711,65.15042877197266
2022-07-08,368.42779541015625,369.02685546875,337.67156982421875,288.2264404296875,118.29298400878906,162.3000030517578,33.09000015258789,166.7620391845703,66.93207550048828,183.97775268554688,81.71886444091797,87.62022399902344,64.93370056152344
2022-07-11,364.2190246582031,364.8235168457031,333.8533630371094,282.0687255859375,115.7705307006836,161.42999267578125,32.880001068115234,163.4095001220703,65.60946655273438,181.65237426757807,80.68757629394531,88.02700805664062,65.17639923095703
2022-07-12,360.9960632324219,361.5458679199219,330.7723693847656,279.336181640625,114.67971801757812,160.8300018310547,32.77000045776367,162.84921264648438,65.38275909423828,180.0832061767578,79.99687194824219,88.14817810058594,65.2890853881836
2022-07-13,359.1001892089844,359.69439697265625,329.2319030761719,278.760498046875,114.49466705322266,161.60000610351562,32.939998626708984,162.70675659179688,65.2977294921875,179.29864501953125,79.65625762939453,88.46846771240234,65.4970932006836
2022-07-14,358.2281799316406,358.82537841796875,328.3624267578125,279.7558288574219,114.88426208496094,159.3300018310547,32.45000076293945,161.03521728515625,64.65531921386719,178.50465393066406,79.30618286132812,88.15685272216797,65.2890853881836
2022-07-15,365.0721740722656,365.673583984375,334.5716552734375,284.83038330078125,116.88079833984376,159.00999450683594,32.400001525878906,164.3877716064453,65.95902252197266,181.9737701416016,80.8294677734375,88.5030746459961,65.5230941772461
2022-07-18,362.0577697753906,362.7171020507813,331.80255126953125,282.4200134277344,115.93609619140624,159.16000366210938,32.41999816894531,163.92237854003906,65.7984390258789,180.7165679931641,80.25232696533203,88.21745300292969,65.32373809814453
2022-07-19,371.84027099609375,372.4651489257813,340.8092346191406,291.1053161621094,119.44222259521484,159.5399932861328,32.5099983215332,169.7061767578125,68.10348510742188,185.7642974853516,82.51361083984375,88.0962905883789,65.27173614501953
2022-07-20,374.2100830078125,374.7698669433594,342.9924011230469,295.7212219238281,121.40955352783205,158.0399932861328,32.209999084472656,172.3654327392578,69.20881652832031,187.2672576904297,83.21376037597656,88.03567504882812,65.21106719970703
2022-07-21,378.0206909179688,378.5953979492188,346.4608764648437,299.96630859375,123.15288543701172,160.27000427246094,32.65999984741211,173.2487030029297,69.52999877929688,189.12001037597656,84.01799774169922,88.77143859863281,65.74842834472656
2022-07-22,374.513427734375,375.2232971191406,343.3043212890625,294.70635986328125,121.02971649169922,160.6699981689453,32.75,170.48500061035156,68.4246826171875,187.0687713623047,83.1002426147461,89.4638671875,66.28580474853516
2022-07-25,374.968505859375,375.6104736328125,343.6444702148437,293.0278015136719,120.35771942138672,160.22999572753906,32.650001525878906,171.36822509765625,68.82147979736328,187.32395935058597,83.23269653320312,89.13494873046875,66.04310607910156
2022-07-26,370.53216552734375,371.152099609375,339.52392578125,287.2701416015625,117.9813232421875,160.0399932861328,32.61000061035156,170.31402587890625,68.38689422607422,185.00808715820312,82.1824722290039,89.11762237548828,66.06043243408203
2022-07-27,380.1535339355469,380.7489318847656,348.4172668457031,299.4101257324219,122.9581069946289,161.6699981689453,32.95000076293945,174.1888885498047,69.85121154785156,189.86676025390625,84.3586196899414,89.42922973632812,66.24247741699219
2022-07-28,384.9216003417969,385.5852966308594,352.8213806152344,302.33770751953125,124.14629364013672,163.63999938964844,33.349998474121094,176.58221435546875,70.8620376586914,192.3433837890625,85.44666290283203,90.0697250366211,66.7018051147461
2022-07-29,390.5332336425781,391.31878662109375,357.9909973144531,307.8514404296875,126.4058074951172,164.10000610351562,33.45000076293945,177.8358612060547,71.35328674316406,194.9617462158203,86.60098266601562,90.07842254638672,66.64981842041016
2022-08-01,389.3767700195313,390.06256103515625,356.91363525390625,307.666015625,126.34732818603516,165.02999877929688,33.630001068115234,177.7693328857422,71.31549072265625,194.50802612304688,86.38337707519531,90.39058685302734,66.93899536132812
2022-08-02,386.8080139160156,387.5783081054688,354.6075439453125,306.74871826171875,125.91883087158205,164.0500030517578,33.41999816894531,177.59841918945312,71.3060302734375,193.4587860107422,85.9103012084961,89.4626693725586,66.2615966796875
2022-08-03,392.8651428222656,393.6236267089844,360.1457824707031,315.10223388671875,129.2691192626953,164.4499969482422,33.52000045776367,180.21018981933597,72.30741882324219,196.56874084472656,87.26329040527344,89.86161041259766,66.59162139892578
2022-08-04,392.5997619628906,393.2457275390625,359.8622436523437,316.5758361816406,130.01904296875,167.1699981689453,34.04999923706055,179.8302764892578,72.250732421875,196.37966918945312,87.20652770996094,90.07842254638672,66.75659942626953
2022-08-05,391.9361572265625,392.5561828613281,359.1156921386719,313.9896850585937,128.94773864746094,165.2899932861328,33.68000030517578,181.2073516845703,72.75142669677734,196.31349182128903,87.17813110351562,89.07239532470703,66.00108337402344
2022-08-08,391.4812316894531,392.2161865234375,358.7943420410156,312.9748229980469,128.50950622558594,166.69000244140625,33.970001220703125,183.12583923339844,73.5261001586914,196.49310302734372,87.20652770996094,89.47998046875,66.29635620117188
2022-08-09,389.9266052246094,390.5726013183594,357.376708984375,309.43231201171875,127.048583984375,167.1999969482422,34.06999969482422,180.6280517578125,72.4963607788086,195.2547912597656,86.69561004638672,89.28053283691406,66.14871978759766
2022-08-10,398.1166687011719,398.7526245117188,364.8617858886719,318.0689392089844,130.53524780273438,166.77999877929688,34.0099983215332,185.7849884033203,74.5274658203125,199.7070159912109,88.67304229736328,89.50604248046875,66.3310775756836
2022-08-11,398.1166687011719,398.8943176269531,364.8617858886719,316.2635498046875,129.90220642089844,166.33999633789062,33.900001525878906,186.4783477783203,74.86754608154297,199.7164459228516,88.69198608398438,89.02903747558594,65.9576644897461
2022-08-12,404.85638427734375,405.4591064453125,371.10882568359375,322.4213562011719,132.41494750976562,167.8699951171875,34.209999084472656,190.2866973876953,76.33186340332031,203.1761474609375,90.205810546875,89.427978515625,66.2615966796875
2022-08-15,406.524658203125,407.2443542480469,372.6966247558594,325.0269775390625,133.447265625,165.7100067138672,33.779998779296875,190.9610748291016,76.62472534179688,203.9701995849609,90.55587768554688,89.54071044921875,66.3310775756836
2022-08-16,407.3208923339844,408.0945739746094,373.3487854003906,324.2657775878906,133.2135467529297,165.4199981689453,33.709999084472656,190.88507080078125,76.61526489257812,204.40499877929688,90.73566436767578,89.41061401367188,66.24425506591797
2022-08-17,404.4297790527344,405.0246887207031,370.7970275878906,320.567138671875,131.63575744628906,164.35000610351562,33.5,187.67501831054688,75.3304672241211,202.57118225097656,89.94088745117188,88.88160705566406,65.85346221923828
2022-08-18,405.6051635742188,406.2147521972656,371.9405517578125,321.3381042480469,131.9376983642578,163.9199981689453,33.40999984741211,188.91912841796875,75.84059143066406,203.10052490234372,90.19634246826172,89.07239532470703,65.97502899169922
2022-08-19,400.1546325683594,400.8401184082031,366.8086853027344,315.07293701171875,129.35679626464844,162.72000122070312,33.150001525878906,184.86376953125,74.17792510986328,200.19854736328125,88.91903686523438,88.44800567626953,65.55818176269531
2022-08-22,391.8224487304688,392.4334106445313,359.0778503417969,306.77801513671875,126.00650787353516,161.63999938964844,32.93000030517578,181.0554351806641,72.6664047241211,195.9164581298828,87.03620910644531,88.0664291381836,65.26290893554688
2022-08-23,390.8744812011719,391.564453125,358.2272644042969,306.5242919921875,125.87986755371094,162.77000427246094,33.18000030517578,181.34983825683597,72.78923797607422,195.5478515625,86.8564453125,88.03173828125,65.23686218261719
2022-08-24,392.1257629394531,392.7829284667969,359.3141174316406,307.412353515625,126.17205047607422,163.25,33.27000045776367,182.73643493652344,73.34658813476562,196.3702392578125,87.18759155273438,87.7976303100586,65.07183837890625
2022-08-25,397.6615905761719,398.318115234375,364.5499572753906,312.8480529785156,128.46075439453125,163.75,33.380001068115234,185.5760803222656,74.51801300048828,199.2154998779297,88.474365234375,88.2832260131836,65.42792510986328
2022-08-26,384.2010498046875,384.7067260742188,352.0558166503906,300.0248718261719,123.23079681396484,161.75999450683594,32.97999954223633,179.47885131835938,72.01457214355469,192.6175079345703,85.49398040771484,88.11845397949219,65.29766845703125
2022-08-29,381.6607666015625,382.392578125,349.7309875488281,297.0680236816406,121.96468353271484,161.86000061035156,32.9900016784668,177.82638549804688,71.37215423583984,191.20904541015625,84.92633056640625,87.69353485107422,65.00238037109375
2022-08-30,377.4709777832031,378.0097961425781,345.9316101074219,293.759765625,120.62067413330078,160.50999450683594,32.709999084472656,175.3380584716797,70.40857696533203,189.0821990966797,83.98015594482422,87.8062744140625,65.05448913574219
2022-08-31,374.5987854003906,375.1665649414063,343.2098083496094,292.052001953125,120.0071029663086,159.27000427246094,32.459999084472656,174.27438354492188,69.90788269042969,187.69265747070312,83.30840301513672,87.33797454833984,64.7852783203125
2022-09-01,375.7742004394531,376.451171875,344.2682800292969,292.17877197265625,119.9583969116211,157.8699951171875,32.15999984741211,172.37493896484375,69.16156768798828,187.8060760498047,83.42192077636719,86.9590835571289,64.43368530273438
2022-09-02,371.8118591308594,372.4272766113281,340.6579895019531,288.0508728027344,118.3416748046875,159.25999450683594,32.470001220703125,171.0358123779297,68.67031860351562,185.94390869140625,82.57040405273438,87.21112060546875,64.59905242919922
2022-09-06,370.408935546875,370.94427490234375,339.5144348144531,285.98193359375,117.46515655517578,158.3300018310547,32.27000045776367,169.3452911376953,68.00902557373047,185.1876678466797,82.22979736328125,86.39425659179688,64.0159683227539
2022-09-07,377.0633850097656,377.6602783203125,345.600830078125,291.7592163085937,119.80257415771484,159.94000244140625,32.61000061035156,173.03024291992188,69.42607879638672,188.60952758789065,83.7530746459961,86.99385070800781,64.47721099853516
2022-09-08,379.5278930664063,380.0405883789063,347.8596496582031,293.27178955078125,120.39667510986328,158.97999572753906,32.400001525878906,174.4738311767578,70.04959106445312,190.10308837890625,84.36807250976562,86.71576690673828,64.27705383300781
2022-09-09,385.4240417480469,386.1047668457031,353.22772216796875,299.683349609375,122.9581069946289,159.82000732421875,32.58000183105469,177.97830200195312,71.41940307617188,193.2602996826172,85.74944305419922,86.70708465576172,64.25093841552734
2022-09-12,389.56640625,390.2703857421875,357.1120300292969,303.2453308105469,124.47740936279295,160.6300048828125,32.75,180.1342010498047,72.31686401367188,195.33987426757807,86.72399139404297,86.57672882080078,64.17262268066406
2022-09-13,372.6270446777344,373.23968505859375,341.5369873046875,286.6163024902344,117.68915557861328,158.5399932861328,32.310001373291016,173.08721923828125,69.5111083984375,186.9458923339844,82.99616241455078,86.09012603759766,63.85064697265625
2022-09-14,374.0490112304688,374.6659851074219,342.8128662109375,288.8901062011719,118.64362335205078,157.92999267578125,32.189998626708984,173.76150512695312,69.77562713623047,187.67376708984372,83.31783294677734,86.20305633544922,63.9289436340332
2022-09-15,369.8022766113281,370.33984375,338.98516845703125,284.0790405273437,116.6275863647461,154.97999572753906,31.57999992370605,172.49838256835938,69.21824645996094,185.66976928710935,82.38115692138672,85.94236755371094,63.73748397827149
2022-09-16,366.9810180664063,367.534423828125,336.320068359375,282.3420104980469,115.8289566040039,155.83999633789062,31.75,169.99114990234375,68.21685028076172,183.97775268554688,81.65261840820312,85.88154602050781,63.66787338256836
2022-09-19,369.8270263671875,370.396484375,338.90008544921875,284.54058837890625,116.84882354736328,155.9600067138672,31.780000686645508,171.44419860839844,68.81202697753906,185.28219604492188,82.26761627197266,85.75122833251953,63.6243896484375
2022-09-20,365.5819396972656,366.0419921875,335.08203125,282.2724914550781,115.90216827392578,155.07000732421875,31.61000061035156,169.10787963867188,67.90510559082031,183.12701416015625,81.27416229248047,85.36885070800781,63.3110580444336
2022-09-21,359.20477294921875,359.7983093261719,329.1846008300781,277.2181396484375,113.82341003417967,155.7899932861328,31.739999771118164,166.5246124267578,66.83760070800781,179.99818420410156,79.91171264648438,85.63824462890625,63.48512649536133
2022-09-22,356.1875,356.7567749023437,326.40606689453125,273.80621337890625,112.42782592773438,155.6999969482422,31.729999542236328,162.77320861816406,65.33553314208984,177.98472595214844,79.00341033935547,84.72577667236328,62.83243179321289
2022-09-23,350.2196655273437,350.83428955078125,320.98126220703125,269.34820556640625,110.67115020751952,153.00999450683594,31.18000030517578,158.8983154296875,63.7956657409668,174.91476440429688,77.5936508178711,84.46512603759766,62.65835952758789
2022-09-26,346.7550964355469,347.37451171875,317.87188720703125,268.233642578125,110.0075225830078,151.22999572753906,30.81999969482422,156.72271728515625,62.945430755615234,172.99720764160156,76.72362518310547,83.37889099121094,61.85773468017578
2022-09-27,345.8698425292969,346.4819641113281,316.9740600585937,268.3412170410156,110.20270538330078,151.5399932861328,30.8799991607666,157.25730895996094,63.12492370605469,172.7408905029297,76.66656494140625,83.0226058959961,61.58794784545898
2022-09-28,352.67535400390625,353.21356201171875,323.2001647949219,273.6790771484375,112.43758392333984,154.69000244140625,31.520000457763672,162.2310028076172,65.11353302001953,176.37667846679688,78.24498748779297,84.3608169555664,62.54524993896485
2022-09-29,345.3083190917969,345.95037841796875,316.46051025390625,265.78955078125,109.24626159667967,154.66000366210938,31.520000457763672,158.5938262939453,63.65243148803711,172.71243286132812,76.6475601196289,83.91765594482422,62.223243713378906
2022-09-30,339.9686584472656,340.5194702148437,311.6382751464844,261.2827453613281,107.30416107177734,154.6699981689453,31.530000686645508,157.438720703125,63.216007232666016,170.36769104003906,75.63015747070312,83.7177734375,62.075294494628906
2022-10-03,348.9442443847656,349.5297241210937,319.8778076171875,267.41241455078125,109.82207489013672,158.42999267578125,32.279998779296875,161.6104736328125,64.93324279785156,174.6964111328125,77.53184509277344,84.39796447753906,62.59513854980469
2022-10-04,359.7568359375,360.2300720214844,329.5886535644531,275.820068359375,113.2964096069336,160.6999969482422,32.75,168.01611328125,67.43799591064453,180.306640625,80.07059478759766,84.62439727783203,62.75210571289063
2022-10-05,358.91925048828125,359.3850402832031,329.0191345214844,275.6734924316406,113.1695327758789,159.80999755859375,32.58000183105469,166.7750244140625,67.030029296875,179.96493530273438,79.8328857421875,84.18022918701172,62.420684814453125
2022-10-06,355.2167053222656,355.83416748046875,325.55426025390625,273.5031433105469,112.34976196289062,159.6300048828125,32.54999923706055,165.83953857421875,66.60308837890625,178.2467498779297,79.11973571777344,83.84929656982422,62.18520736694336
2022-10-07,345.3083190917969,345.912353515625,316.4130859375,263.0815734863281,108.00684356689452,157.8800048828125,32.189998626708984,160.9613037109375,64.60118865966797,173.14907836914062,76.83771514892578,83.40513610839844,61.862491607666016
2022-10-10,342.6717529296875,343.3393859863281,314.0494384765625,260.4516906738281,106.9040298461914,155.47999572753906,31.690000534057617,160.06394958496094,64.25965118408203,171.77264404296875,76.22917938232422,83.0306396484375,61.58340835571289
2022-10-11,340.50164794921875,340.9847412109375,311.98004150390625,256.8735656738281,105.55724334716795,155.16000366210938,31.6200008392334,160.11167907714844,64.26913452148438,170.6714630126953,75.7157211303711,83.08291625976562,61.60083770751953
2022-10-12,339.3785095214844,339.88336181640625,311.0118408203125,256.7855529785156,105.5084457397461,155.99000549316406,31.809999465942383,159.67251586914062,64.0983657836914,170.20631408691406,75.53507232666016,83.15257263183594,61.67061614990234
2022-10-13,348.33502197265625,348.931640625,319.1564025878906,262.8078308105469,107.89947509765624,154.91000366210938,31.56999969482422,163.624755859375,65.67330169677734,174.43063354492188,77.39871978759766,82.89131927490234,61.45257186889648
2022-10-14,340.3969116210937,340.937255859375,311.9705505371094,254.90853881835935,104.69840240478516,152.97999572753906,31.170000076293945,159.24295043945312,63.9844970703125,170.32022094726562,75.5540771484375,82.43844604492188,61.15605926513672
2022-10-17,349.14410400390625,349.7101135253906,319.8968505859375,263.3259582519531,108.0751495361328,153.4199981689453,31.280000686645508,164.32164001464844,65.96739959716797,174.86729431152344,77.62692260742188,82.61262512207031,61.28688049316406
2022-10-18,353.2464294433594,353.71685791015625,323.665283203125,265.4083557128906,109.03157806396484,153.75,31.34000015258789,166.26910400390625,66.66949462890625,177.00320434570312,78.53023529052734,82.7519760131836,61.426414489746094
2022-10-19,350.74322509765625,351.39068603515625,321.4250793457031,264.4404602050781,108.62168884277344,151.69000244140625,30.920000076293945,163.44334411621094,65.59739685058594,175.49380493164062,77.83612823486328,82.037841796875,60.920555114746094
2022-10-20,347.8020935058594,348.3998718261719,318.7861633300781,263.0912780761719,108.00684356689452,151.4499969482422,30.8799991607666,161.3622589111328,64.77198028564453,173.97499084472656,77.19904327392578,81.54141998291016,60.51063919067383
2022-10-21,356.2541809082031,356.8120422363281,326.4466247558594,269.2602233886719,110.60282135009766,154.14999389648438,31.43000030517578,164.8657684326172,66.25203704833984,177.98092651367188,78.99613189697266,81.6633529663086,60.61530685424805
2022-10-24,360.6134338378906,361.1984558105469,330.42388916015625,272.2225036621094,111.81298065185548,153.64999389648438,31.31999969482422,165.57220458984375,66.4892349243164,179.89849853515625,79.81387329101562,81.55010986328125,60.52810287475586
2022-10-25,366.3719177246094,366.9996337890625,335.7967224121094,277.8536071777344,114.0674057006836,154.0,31.38999938964844,170.08766174316406,68.25393676757812,183.15451049804688,81.28767395019531,82.35135650634766,61.10367584228516
2022-10-26,363.611572265625,364.2271728515625,333.2906494140625,271.71405029296875,111.54949188232422,154.97999572753906,31.600000381469727,170.927734375,68.62394714355469,182.0248870849609,80.72667694091797,82.7171630859375,61.347923278808594
2022-10-27,361.6699523925781,362.2903747558594,331.506103515625,266.7672119140625,109.5097885131836,154.74000549316406,31.559999465942383,170.96591186523438,68.62394714355469,181.17051696777344,80.4319076538086,83.13514709472656,61.67061614990234
2022-10-28,370.27435302734375,370.7878723144531,339.24249267578125,274.93048095703125,112.89627838134766,153.16000366210938,31.21999931335449,174.8512725830078,70.18940734863281,185.3853454589844,82.27656555175781,82.9261474609375,61.54853439331055
2022-10-31,367.5997619628906,368.1864318847656,336.9357604980469,271.73370361328125,111.59828186035156,151.91000366210938,30.979999542236328,175.01356506347656,70.26531219482422,184.18923950195312,81.71556091308594,82.64745330810547,61.35662078857422
2022-11-01,365.9912109375,366.7242431640625,335.578369140625,268.95709228515625,110.44667053222656,153.4600067138672,31.290000915527344,175.25222778320312,70.38864135742188,183.61964416503903,81.4493179321289,82.80107116699219,61.42045593261719
2022-11-02,356.8061828613281,357.3246765136719,327.0161437988281,259.7380676269531,106.7088394165039,152.38999938964844,31.059999465942383,169.43850708007812,68.02621459960938,178.7877960205078,79.30992889404297,82.66143035888672,61.32429122924805
2022-11-03,353.1322326660156,353.73583984375,323.5323486328125,254.6641845703125,104.6301040649414,151.80999755859375,30.959999084472656,168.30247497558594,67.64672088623047,177.0791473388672,78.58728790283203,82.35591125488281,61.08826446533203
2022-11-04,358.2149353027344,358.7394104003906,328.26922607421875,258.76043701171875,106.22086334228516,156.47000122070312,31.90999984741211,170.5745086669922,68.48162841796875,179.35740661621094,79.58565521240234,82.34716033935547,61.10573196411133
2022-11-07,361.6414184570313,362.2428894042969,331.4206848144531,261.60528564453125,107.41150665283205,155.85000610351562,31.770000457763672,171.34776306152344,68.8421630859375,180.9901580810547,80.30831146240234,82.0853271484375,60.86971282958984
2022-11-08,363.5925903320313,364.208251953125,333.2242736816406,263.5118103027344,108.21178436279295,159.4499969482422,32.4900016784668,171.41458129882812,68.83267211914062,181.93942260742188,80.70765686035156,82.43445587158203,61.14071273803711
2022-11-09,356.1019592285156,356.7740783691406,326.4181823730469,257.4308166503906,105.73291015625,158.64999389648438,32.34000015258789,166.7082061767578,66.95413970947266,178.01889038085938,78.98662567138672,82.53048706054688,61.22813034057617
2022-11-10,375.671142578125,376.3137817382813,344.282958984375,276.4262390136719,113.44280242919922,163.47999572753906,33.33000183105469,176.9705810546875,71.0243148803711,188.09078979492188,83.49364471435547,84.30243682861328,62.49570083618164
2022-11-11,379.30706787109375,379.9406127929688,347.57684326171875,281.5197448730469,115.609375,164.55999755859375,33.560001373291016,178.421630859375,71.6410140991211,190.0083465576172,84.38744354248047,84.24131774902344,62.49570083618164
2022-11-14,376.0804138183594,376.75042724609375,344.7861022949219,279.0561218261719,114.59439849853516,164.9199981689453,33.63999938964844,176.42645263671875,70.90099334716797,188.2901763916016,83.55068969726562,84.00566864013672,62.29466247558594
2022-11-15,379.2880554199219,379.9501037597656,347.6338195800781,282.9178161621094,116.18518829345705,165.5,33.7400016784668,179.04212951660156,71.93513488769531,190.1981964111328,84.41595458984375,84.62537384033203,62.73174285888672
2022-11-16,376.39453125,377.1587219238281,344.9949645996094,279.0561218261719,114.57489013671876,165.1199951171875,33.65999984741211,175.891845703125,70.587890625,188.26165771484372,83.5887451171875,85.14915466308594,63.09017181396485
2022-11-17,375.2427673339844,375.8864440917969,343.9981994628906,278.440185546875,114.35041809082033,163.9199981689453,33.40999984741211,174.2593994140625,69.99964904785156,187.47373962402344,83.2178955078125,84.79124450683594,62.827903747558594
2022-11-18,376.9465942382813,377.6714172363281,345.5169982910156,278.4499816894531,114.46753692626952,162.7899932861328,33.189998626708984,175.38587951660156,70.33171081542969,188.35659790039065,83.60774230957031,84.6690444946289,62.72299575805664
2022-11-21,375.5759582519531,376.228271484375,344.30194091796875,275.5855407714844,113.18905639648438,161.8800048828125,33.0099983215332,174.4694366455078,70.02810668945312,187.55923461914065,83.24641418457031,84.61670684814453,62.72299575805664
2022-11-22,380.6300964355469,381.4122619628906,348.8867492675781,279.5547180175781,114.76030731201172,162.07000732421875,33.029998779296875,176.33096313476562,70.80609130859375,190.01780700683597,84.34939575195312,85.0530776977539,63.04645156860352
2022-11-23,383.0286560058594,383.69085693359375,351.07012939453125,282.36053466796875,116.03880310058594,163.0800018310547,33.2400016784668,176.7892303466797,70.98636627197266,191.17599487304688,84.89139556884766,85.55935668945312,63.43107986450195
2022-11-25,382.9430541992188,383.6624145507813,351.0321655273437,280.5030212402344,115.19947814941406,163.22000122070312,33.279998779296875,177.16151428222656,71.15714263916016,191.3183441162109,84.86286163330078,85.57685852050781,63.43107986450195
2022-11-28,376.8323669433594,377.5859680175781,345.47906494140625,276.3871459960937,113.48184204101562,161.92999267578125,33.0099983215332,173.59115600585938,69.6960678100586,188.21420288085935,83.51265716552734,85.4371566772461,63.3524169921875
2022-11-29,376.1850891113281,376.9403381347656,344.8715209960937,274.2950134277344,112.68156433105467,162.72999572753906,33.189998626708984,174.0971221923828,69.91427612304688,187.919921875,83.44608306884766,85.13166046142578,63.11637878417969
2022-11-30,388.03521728515625,388.6280822753906,355.484130859375,286.79888916015625,117.83451080322266,164.80999755859375,33.599998474121094,178.8702850341797,71.77384185791016,193.7105407714844,85.99436950683594,85.7950439453125,63.60594177246094
2022-12-01,387.7496337890625,388.4666442871094,355.5316467285156,287.1509094238281,117.95164489746094,167.83999633789062,34.22999954223633,178.47891235351562,71.68843841552734,193.824462890625,86.03239440917969,86.50896453857422,64.1360092163086
2022-12-02,387.3023071289063,388.04888916015625,355.01904296875,286.007080078125,117.45389556884766,167.25999450683594,34.119998931884766,179.51943969726562,72.0869369506836,193.6440887451172,85.92781066894531,86.86766052246094,64.39888000488281
2022-12-05,380.3350524902344,381.0609436035156,348.697021484375,281.2069091796875,115.54106903076172,164.38999938964844,33.5099983215332,174.57444763183594,70.1324691772461,189.8374786376953,84.2542953491211,86.18521881103516,63.89067840576172
2022-12-06,374.8525695800781,375.6110229492188,343.65643310546875,275.38018798828125,113.23785400390624,164.83999633789062,33.619998931884766,171.9014434814453,69.01293182373047,186.98963928222656,83.00872039794922,86.43898010253906,64.10098266601562
2022-12-07,374.21484375,374.8895263671875,342.9919738769531,274.25592041015625,112.61325073242188,166.3300018310547,33.90999984741211,171.3955078125,68.8421630859375,186.68585205078125,82.85657501220703,87.20887756347656,64.66173553466797
2022-12-08,377.14642333984375,377.8328247070313,345.6973571777344,277.5016784667969,113.93077087402344,166.47000122070312,33.939998626708984,172.6365203857422,69.31656646728516,188.2996063232422,83.49364471435547,86.94639587402344,64.47772216796875
2022-12-09,374.3291320800781,375.04144287109375,343.17242431640625,275.732177734375,113.27688598632812,167.05999755859375,34.04999923706055,170.51724243164062,68.4626693725586,186.7238311767578,82.88509368896484,86.43021392822266,64.10098266601562
2022-12-12,379.725830078125,380.3014221191406,348.0704345703125,279.1929626464844,114.64319610595705,165.67999267578125,33.7599983215332,172.52197265625,69.30706787109375,189.4102783203125,84.02610778808594,86.44771575927734,64.10098266601562
2022-12-13,382.600341796875,383.3374938964844,350.6429748535156,282.1942443847656,115.92168426513672,168.50999450683594,34.36000061035156,173.95095825195312,69.84786224365234,190.82473754882807,84.70049285888672,87.02513122558594,64.5390625
2022-12-14,380.1541442871094,381.0394287109375,348.5261535644531,280.1022033691406,114.9359893798828,168.10000610351562,34.279998779296875,172.80966186523438,69.37348175048828,189.7615203857422,84.25155639648438,87.21761322021484,64.69676208496094
2022-12-15,370.85498046875,371.5992736816406,339.9544372558594,270.69732666015625,111.25670623779295,165.35000610351562,33.720001220703125,168.48439025878906,67.64258575439453,185.0341033935547,82.13093566894531,87.34564971923828,64.73182678222656
2022-12-16,366.4765930175781,367.060302734375,335.90106201171875,268.1163330078125,110.1441421508789,166.7899932861328,34.0,167.22804260253906,67.1750259399414,182.91720581054688,81.1948013305664,87.11766052246094,64.56534576416016
2022-12-19,363.3689880371094,364.0089721679688,333.0059509277344,264.3483581542969,108.59846496582033,166.32000732421875,33.90999984741211,164.96470642089844,66.24943542480469,181.07557678222656,80.41150665283203,86.58274841308594,64.17981719970703
2022-12-20,363.8661804199219,364.4285583496094,333.5133056640625,264.1426086425781,108.4810562133789,169.0800018310547,34.4900016784668,165.83740234375,66.58341217041016,181.45526123046875,80.51657104492188,85.99524688720703,63.759254455566406
2022-12-21,369.306884765625,369.86376953125,338.5016784667969,267.9743347167969,110.05608367919922,168.8000030517578,34.43000030517578,168.69537353515625,67.72844696044922,184.19873046875,81.73929595947266,86.23200225830078,63.90821075439453
2022-12-22,364.0383605957031,364.8290710449219,333.74224853515625,261.4182434082031,107.40496826171876,166.75999450683594,33.9900016784668,166.48960876464844,66.90784454345703,181.5861053466797,80.58345031738281,86.20569610595703,63.89941787719727
2022-12-23,366.1323547363281,366.72662353515625,335.6116638183594,262.0062255859375,107.63973236083984,167.25999450683594,34.11000061035156,167.2472381591797,67.14639282226562,182.58767700195312,81.051513671875,85.9075698852539,63.69921112060547
2022-12-27,364.6885986328125,365.3153991699219,334.2763366699219,258.30194091796875,106.03536987304688,168.6699981689453,34.380001068115234,166.12518310546875,66.736083984375,181.8245849609375,80.69808959960938,85.28499603271484,63.20740509033203
2022-12-28,360.1562194824219,360.8813171386719,330.175048828125,254.8916015625,104.67556762695312,167.91000366210938,34.220001220703125,163.54534912109375,65.65785217285156,179.5353546142578,79.70464324951172,85.13592529296875,63.119571685791016
2022-12-29,366.6391296386719,367.1270751953125,336.0313720703125,261.1047058105469,107.26800537109376,168.85000610351562,34.439998626708984,167.6884002685547,67.3181381225586,182.83566284179688,81.18524932861328,85.45160675048828,63.35669708251953
2022-12-30,365.6734619140625,366.3642883300781,335.10614013671875,260.9478454589844,107.1506118774414,169.63999938964844,34.59000015258789,167.21844482421875,67.14639282226562,182.3682861328125,81.0037612915039,85.04824829101562,63.09321212768555
2023-01-03,364.1339416503906,364.7622985839844,333.81854248046875,259.1838684082031,106.38755798339844,171.05999755859375,34.880001068115234,166.29779052734375,66.75518035888672,181.62429809570312,80.64075469970703,85.54801177978516,63.42695236206055
2023-01-04,366.9451293945313,367.6039123535156,336.2221374511719,260.4186706542969,106.93537902832033,172.6699981689453,35.209999084472656,168.3693084716797,67.61393737792969,183.23629760742188,81.31898498535156,86.02157592773438,63.78704452514648
2023-01-05,362.7570495605469,363.4273071289063,332.54998779296875,256.3419494628906,105.36036682128906,170.52000427246094,34.790000915527344,166.56631469726562,66.89828491210938,181.0901031494141,80.35420227050781,85.95140075683594,63.716773986816406
2023-01-06,371.0758361816406,371.7232360839844,340.1136169433594,263.41729736328125,108.138671875,173.7100067138672,35.43000030517578,170.30654907226562,68.36775970458984,185.08677673339844,82.1882553100586,86.88967895507812,64.41935729980469
2023-01-09,370.865478515625,371.46575927734375,339.8656616210937,265.12255859375,108.92127990722656,174.10000610351562,35.5,170.5942840576172,68.5108871459961,185.16310119628903,82.19779968261719,87.10888671875,64.59505462646484
2023-01-10,373.4662780761719,374.1357421875,342.2882385253906,267.36669921875,109.8310775756836,174.74000549316406,35.619998931884766,173.11656188964844,69.51277923583984,186.6224822998047,82.866455078125,86.77568054199219,64.34031677246094
2023-01-11,378.1898193359375,378.798583984375,346.6566772460937,271.9921875,111.75829315185548,174.6199951171875,35.61000061035156,175.2744140625,70.36202239990234,189.0834503173828,83.9267578125,87.31055450439453,64.68284606933594
2023-01-12,379.5667724609375,380.2765808105469,347.95379638671875,273.4620666503906,112.3158950805664,176.63999938964844,36.02000045776367,178.21865844726562,71.57384490966797,189.99917602539065,84.375732421875,87.94192504882812,65.1834487915039
2023-01-13,381.0392456054688,381.773681640625,349.30816650390625,275.3436889648437,113.0887451171875,178.75999450683594,36.45000076293945,179.388671875,72.01276397705078,190.8099365234375,84.71005249023438,87.61746215820312,64.96387481689453
2023-01-17,380.34124755859375,381.0680236816406,348.7740783691406,275.9023132324219,113.32352447509766,177.58999633789062,36.209999084472656,179.16812133789062,71.92688751220703,190.55239868164065,84.58587646484375,87.45964813232422,64.87606048583984
2023-01-18,374.33642578125,375.0606384277344,343.1085510253906,272.3155517578125,111.83654022216795,177.0800018310547,36.11000061035156,176.27182006835938,70.75323486328125,187.54771423339844,83.2867660522461,88.32776641845703,65.47328186035156
2023-01-19,371.611328125,372.39068603515625,340.6381530761719,269.64019775390625,110.74089050292967,179.88999938964844,36.68999862670898,174.5839080810547,70.07575225830078,186.0215759277344,82.62763977050781,88.12604522705078,65.34151458740234
2023-01-20,378.5340881347656,379.2277221679688,346.9045715332031,277.0194396972656,113.7833251953125,179.2899932861328,36.54999923706055,177.46102905273438,71.2303237915039,189.5889892578125,84.1846694946289,87.76655578613281,65.05168914794922
2023-01-23,383.0759582519531,383.7284240722656,351.1299133300781,283.17364501953125,116.27793884277344,179.6300048828125,36.619998931884766,179.6572723388672,72.14635467529297,191.99270629882807,85.28321075439453,87.54732513427734,64.89359283447266
2023-01-24,382.6648254394531,383.4710083007813,350.7579040527344,282.59552001953125,116.06271362304688,180.27999877929688,36.75,179.2736358642578,71.95552062988281,191.67794799804688,85.13036346435547,87.93314361572266,65.1834487915039
2023-01-25,382.8082580566406,383.5377807617188,350.88189697265625,281.9683532714844,115.81814575195312,181.1100006103516,36.93999862670898,179.7723388671875,72.18451690673828,191.7733459472656,85.15902709960938,88.03836822509766,65.26245880126953
2023-01-26,387.0154113769531,387.7524108886719,354.63037109375,287.4659423828125,118.06817626953124,179.47000122070312,36.59000015258789,180.8368377685547,72.62345123291016,193.747802734375,86.0760269165039,87.88933563232422,65.13951873779297
2023-01-27,387.90472412109375,388.7155151367188,355.641357421875,290.3275146484375,119.22254180908205,179.22000122070312,36.54999923706055,181.8150634765625,72.98603057861328,194.53001403808597,86.42948150634766,87.75777435302734,65.06928253173828
2023-01-30,383.0376892089844,383.7760925292969,351.1966857910156,284.4574584960937,116.79642486572266,178.75999450683594,36.43999862670898,179.28321838378906,72.01276397705078,191.92593383789065,85.25454711914062,87.5210189819336,64.88485717773438
2023-01-31,388.6696166992188,389.3449401855469,356.1850280761719,288.7203674316406,118.586669921875,179.41000366210938,36.59000015258789,183.6372833251953,73.71121215820312,194.9973602294922,86.6109848022461,87.88052368164062,65.1834487915039
2023-02-01,392.80029296875,393.5024108886719,360.0860900878906,294.8941955566406,121.13018798828124,181.6699981689453,37.06999969482422,186.52398681640625,74.88489532470703,197.3724822998047,87.62352752685547,88.5002670288086,65.60247802734375
2023-02-02,398.5182800292969,399.2141418457031,365.2461242675781,305.4779052734375,125.41503143310548,177.89999389648438,36.2599983215332,190.19711303710935,76.38296508789062,200.31988525390625,88.97994995117188,88.596923828125,65.64652252197266
2023-02-03,394.282470703125,395.1043395996094,361.3450622558594,300.04888916015625,123.25304412841795,173.4600067138672,35.369998931884766,188.9215850830078,75.84861755371094,198.25003051757807,88.07246398925781,87.74427032470703,65.06546020507812
2023-02-06,391.8728942871094,392.6727294921875,359.2562255859375,297.5107116699219,122.15737915039062,173.82000732421875,35.45000076293945,186.1883087158203,74.76083374023438,196.7620086669922,87.41336822509766,87.26082611083984,64.6605224609375
2023-02-07,396.998046875,397.7457275390625,363.89166259765625,303.6747436523437,124.72045135498048,173.97999572753906,35.47999954223633,187.5693359375,75.32380676269531,199.24203491210935,88.54054260253906,87.11136627197266,64.57247924804688
2023-02-08,392.6569213867188,393.406982421875,359.90478515625,298.27508544921875,122.49976348876952,174.41000366210938,35.58000183105469,184.8264617919922,74.2073974609375,197.11489868164065,87.5089111328125,87.2344741821289,64.68695831298828
2023-02-09,389.2528991699219,390.069580078125,356.8240661621094,295.6389465332031,121.43344116210938,173.02999877929688,35.290000915527344,182.1507110595703,73.19596099853516,195.19769287109372,86.68739318847656,86.89160919189453,64.42283630371094
2023-02-10,390.1612854003906,390.9182434082031,357.6920166015625,293.6986389160156,120.64104461669922,173.36000061035156,35.349998474121094,182.51516723632807,73.29137420654297,195.5505828857422,86.84977722167969,86.51365661621094,64.14994049072266
2023-02-13,394.7413330078125,395.5143737792969,361.8219909667969,298.4024658203125,122.58782196044922,172.47999572753906,35.18000030517578,184.7113800048828,74.15968322753906,197.8780059814453,87.84320831298828,86.77735900878906,64.3260269165039
2023-02-14,394.5597229003906,395.3045654296875,361.68841552734375,300.60748291015625,123.46826171875,172.61000061035156,35.20000076293945,184.62506103515625,74.14060974121094,197.954345703125,87.89098358154297,86.4697036743164,64.10591888427734
2023-02-15,395.8410339355469,396.5632629394531,362.89984130859375,302.910400390625,124.4171905517578,170.88999938964844,34.84000015258789,186.4952087402344,74.91352081298828,198.8414001464844,88.33039093017578,86.30266571044922,63.96505737304688
2023-02-16,390.3908081054688,391.2234191894531,357.8541259765625,297.2265014648437,122.07910919189452,170.75,34.84000015258789,184.7113800048828,74.19786834716797,196.189697265625,87.1458969116211,85.9422836303711,63.71857452392578
2023-02-17,389.4154968261719,390.1363525390625,356.9289245605469,295.12939453125,121.20845794677734,171.25999450683594,34.93000030517578,185.21969604492188,74.33145141601562,195.61737060546875,86.92620086669922,86.14447021484375,63.85940933227539
2023-02-21,381.60345458984375,382.4030151367188,349.84234619140625,288.1422119140625,118.3812255859375,170.6199951171875,34.790000915527344,179.75314331054688,72.19407653808594,191.56349182128903,85.08260345458984,85.33575439453125,63.30479431152344
2023-02-22,381.07757568359375,381.7546081542969,349.4035339355469,288.3578491210937,118.39100646972656,169.66000366210938,34.61000061035156,180.2422790527344,72.42308044433594,191.4013519287109,84.9870834350586,85.5643081665039,63.4456672668457
2023-02-23,383.1046752929688,383.76654052734375,351.1585693359375,290.87628173828125,119.427978515625,169.57000732421875,34.58000183105469,181.52735900878903,72.90016174316406,192.42193603515625,85.48379516601562,85.87196350097656,63.67454147338867
2023-02-24,379.0121765136719,379.61859130859375,347.4006042480469,286.005859375,117.44208526611328,168.35000610351562,34.33000183105469,179.82986450195312,72.22268676757812,190.2757568359375,84.56676483154297,85.37972259521484,63.322410583496094
2023-02-27,380.3030090332031,380.9440612792969,348.60235595703125,288.0540466308594,118.30294799804688,169.00999450683594,34.45000076293945,180.46282958984372,72.48986053466797,190.9530334472656,84.83423614501953,85.5467529296875,63.42804718017578
2023-02-28,378.8974304199219,379.4851379394531,347.2861022949219,287.6815490722656,118.1659927368164,169.77999877929688,34.619998931884766,180.47238159179688,72.46123504638672,190.31390380859372,84.61453247070312,85.53794860839844,63.4456672668457
2023-03-01,377.4440307617188,378.1310729980469,346.0175476074219,285.36883544921875,117.17794036865234,170.75999450683594,34.84000015258789,180.70260620117188,72.58528137207031,190.771728515625,84.31841278076172,85.0479965209961,63.069801330566406
2023-03-02,380.3795776367188,381.1061706542969,348.60235595703125,287.7305603027344,118.24427032470705,170.66000366210938,34.83000183105469,181.1341552734375,72.76656341552734,191.06748962402344,84.91065216064453,84.87179565429688,62.93743896484375
2023-03-03,386.47998046875,387.2184753417969,354.1248474121094,293.6790771484375,120.6214828491211,172.49000549316406,35.189998626708984,183.6564483642578,73.73985290527344,194.17706298828125,86.26708984375,85.54144287109375,63.42271041870117
2023-03-06,386.7476806640625,387.6571350097656,354.5540771484375,294.0122375488281,120.7682113647461,171.6199951171875,35.02000045776367,180.97113037109372,72.66162109375,193.9194793701172,86.17156219482422,85.32998657226562,63.27272415161133
2023-03-07,380.81939697265625,381.5447998046875,349.0697631835937,290.4058837890625,119.28123474121094,168.6199951171875,34.380001068115234,178.87081909179688,71.83145904541016,191.02931213378903,84.86289978027344,85.21542358398438,63.20212936401367
2023-03-08,381.4408874511719,382.2122802734375,349.6134033203125,291.8562927246094,119.8682098388672,168.5399932861328,34.38999938964844,178.95713806152344,71.8505630493164,191.2772979736328,84.9870834350586,85.12732696533203,63.14922332763672
2023-03-09,374.40338134765625,375.1369934082031,343.2134094238281,286.799560546875,117.75513458251952,170.1999969482422,34.70000076293945,173.97972106933594,69.8753662109375,187.5000762939453,83.31541442871094,85.43573760986328,63.36097717285156
2023-03-10,369.0009460449219,369.86376953125,338.2918395996094,282.7718505859375,116.16053009033205,173.8699951171875,35.459999084472656,168.9639434814453,67.8143310546875,184.3427276611328,81.89212036132812,86.43141174316406,64.11980438232422
2023-03-13,368.47503662109375,369.0914916992188,337.7195739746094,284.8690490722656,116.95293426513672,177.86000061035156,36.290000915527344,166.21145629882812,66.69792175292969,183.5796661376953,81.67241668701172,87.11869812011719,64.63155364990234
2023-03-14,374.56591796875,375.299072265625,343.327880859375,291.4153137207031,119.61385345458984,176.8300018310547,36.06999969482422,169.29000854492188,68.0051498413086,186.85140991210935,83.00019836425781,86.6076431274414,64.22566223144531
2023-03-15,372.2232360839844,372.9915161132813,341.2104797363281,292.9440612792969,120.26929473876952,178.2100067138672,36.34000015258789,166.49917602539062,66.88874816894531,185.41110229492188,82.34107971191406,87.4711685180664,64.88740539550781
2023-03-16,378.7540588378906,379.408935546875,347.0476379394531,300.666259765625,123.45848083496094,178.57000732421875,36.43000030517578,168.77212524414062,67.8047866821289,188.61607360839844,83.77392578125,87.12753295898438,64.5785903930664
2023-03-17,374.3253173828125,374.9080810546875,343.2515869140625,299.24530029296875,122.90084075927734,183.7700042724609,37.4900016784668,164.21665954589844,66.02045440673828,186.1837158203125,82.70407104492188,87.67383575439453,65.04623413085938
2023-03-20,377.9247741699219,378.626953125,346.3514404296875,300.30731201171875,123.296875,183.83999633789065,37.5,166.3457489013672,66.84105682373047,187.8052673339844,83.42048645019531,87.32136535644531,64.76388549804688
2023-03-21,382.8870849609375,383.54730224609375,350.88189697265625,304.5963439941406,125.09075164794922,180.3699951171875,36.79999923706055,169.41465759277344,68.10057830810547,190.485595703125,84.66228485107422,87.05704498291016,64.58740234375
2023-03-22,376.3601989746094,377.1203308105469,345.06378173828125,300.4544982910156,123.36551666259766,183.44000244140625,37.41999816894531,164.60987854003906,66.10631561279297,187.08038330078125,83.11480712890625,87.89412689208984,65.16093444824219
2023-03-23,377.3776550292969,378.0759887695313,345.88409423828125,304.01727294921875,124.89471435546876,185.7400054931641,37.900001525878906,163.8792724609375,65.79810333251953,187.4212646484375,83.25101470947266,88.10557556152344,65.3109359741211
2023-03-24,379.85400390625,380.5751953125,348.1893310546875,305.1362609863281,125.3358154296875,183.6499938964844,37.459999084472656,165.36166381835938,66.40115356445312,188.59922790527344,83.78811645507812,88.25538635253906,65.44327545166016
2023-03-27,380.5642700195313,381.2359008789063,348.76397705078125,303.045654296875,124.49279022216795,181.9499969482422,37.119998931884766,167.20016479492188,67.19561767578125,189.0781097412109,84.01829528808594,87.30374908447266,64.76388549804688
2023-03-28,379.7099914550781,380.52734375,348.1510314941406,301.43603515625,123.8262176513672,183.44000244140625,37.43000030517578,166.95953369140625,67.08075714111328,188.8099365234375,83.8648452758789,87.17156982421875,64.64918518066406
2023-03-29,385.22900390625,386.0331115722656,353.1024475097656,306.932373046875,126.10041809082033,182.52999877929688,37.2400016784668,168.8557891845703,67.84651184082031,191.52980041503903,85.10208892822266,87.27732849121094,64.71975708007812
2023-03-30,387.4846496582031,388.1780395507813,355.2094116210937,309.8375549316406,127.27672576904295,184.17999267578125,37.56999969482422,168.62478637695312,67.73164367675781,192.5641021728516,85.55287170410156,87.37422943115234,64.80799865722656
2023-03-31,392.9461364746094,393.62646484375,360.1704406738281,314.9903869628906,129.4038848876953,183.22000122070312,37.369998931884766,171.7243194580078,68.99515533447266,195.4659423828125,86.8476791381836,87.79719543457031,65.14327239990234
2023-04-03,394.4434814453125,395.0244445800781,361.5973510742188,314.224853515625,129.06080627441406,184.5399932861328,37.650001525878906,171.8013153076172,68.99515533447266,195.98309326171875,87.09705352783203,88.1788101196289,65.42017364501953
2023-04-04,392.2550048828125,393.0040588378906,359.5574645996094,313.1648254394531,128.63929748535156,187.97999572753903,38.34999847412109,168.7884521484375,67.7795181274414,194.6710662841797,86.46403503417969,88.50566864013672,65.68550109863281
2023-04-05,391.2280578613281,392.0752258300781,358.6859130859375,310.0731506347656,127.31595611572266,187.8300018310547,38.31999969482422,167.13279724121094,67.11904907226562,193.9623565673828,86.16670227050781,88.80599212646484,65.86244201660156
2023-04-06,392.7541198730469,393.5594177246094,360.05548095703125,312.1636657714844,128.2275848388672,186.4900054931641,38.04999923706055,167.38307189941406,67.24347686767578,194.60403442382807,86.44485473632812,88.72650146484375,65.8447265625
2023-04-10,393.1572570800781,394.0094604492188,360.4480590820313,311.987060546875,128.13934326171875,185.1100006103516,37.77000045776367,169.1734619140625,67.96137237548828,195.0445556640625,86.61750030517578,88.11698150634766,65.40243530273438
2023-04-11,393.2628173828125,393.9999084472656,360.4959716796875,309.9847717285156,127.3061065673828,186.27999877929688,37.9900016784668,170.51145935058594,68.47827911376953,195.2456512451172,86.7229995727539,88.16997528076172,65.42899322509766
2023-04-12,391.6599426269531,392.5252685546875,359.0594482421875,307.2464599609375,126.16905975341795,187.19000244140625,38.18999862670898,169.26010131835938,67.9900894165039,194.42202758789065,86.32976531982422,88.27598571777344,65.49974822998047
2023-04-13,396.8622131347656,397.6385498046875,363.7139587402344,313.2629699707031,128.7078857421875,189.72000122070312,38.70000076293945,171.50294494628906,68.87071990966797,196.95034790039065,87.4806900024414,88.2406234741211,65.4643783569336
2023-04-14,395.8928527832031,396.6618957519531,362.9669189453125,312.674072265625,128.4530487060547,186.3600006103516,38.0099983215332,169.905029296875,68.24854278564453,196.40447998046875,87.20255279541016,87.80779266357422,65.17250061035156
2023-04-17,397.3133850097656,398.1268615722656,364.202392578125,312.93902587890625,128.55104064941406,185.52999877929688,37.86000061035156,172.09010314941406,69.11958312988281,197.18978881835935,87.57661437988281,87.3660888671875,64.81864166259766
2023-04-18,397.5724792480469,398.3567199707031,364.4513854980469,312.958740234375,128.5216522216797,186.25,37.9900016784668,171.35853576660156,68.80371856689453,197.2855682373047,87.63416290283203,87.48974609375,64.91596984863281
2023-04-19,397.50531005859375,398.3280029296875,364.4321899414063,312.8115234375,128.5216522216797,185.3600006103516,37.79999923706055,171.57989501953125,68.95687866210938,197.38134765625,87.6629409790039,87.35726165771484,64.82750701904297
2023-04-20,395.3361206054688,396.096923828125,362.3731689453125,310.42645263671875,127.502197265625,186.08999633789065,37.97999954223633,170.69435119628906,68.56441497802734,196.15550231933597,87.1258316040039,87.75480651855469,65.1105728149414
2023-04-21,395.6432800292969,396.3171691894531,362.5838623046875,310.7503356933594,127.6198272705078,184.25,37.59000015258789,170.91574096679688,68.65057373046875,196.32785034179688,87.212158203125,87.60462188720703,64.99560546875
2023-04-24,396.0559692382813,396.8150634765625,363.062744140625,310.1025695800781,127.38457489013672,184.80999755859372,37.709999084472656,170.80023193359375,68.60269927978516,196.40447998046875,87.25051879882812,87.94915008544922,65.25209045410156
2023-04-25,389.7691040039063,390.514404296875,357.32598876953125,304.2528686523437,124.96332550048828,185.75,37.88999938964844,166.58412170410156,66.92759704589844,193.1291656494141,85.76387786865234,88.49683380126953,65.67666625976562
2023-04-26,388.1181335449219,388.9249572753906,355.7361145019531,306.0980834960937,125.69851684570312,184.7400054931641,37.68000030517578,164.97662353515625,66.29584503173828,192.2576446533203,85.38983917236328,88.16997528076172,65.44667053222656
2023-04-27,395.84478759765625,396.6427612304688,362.7945556640625,314.4211730957031,129.13925170898438,184.75,37.68999862670898,167.18092346191406,67.12861633300781,195.86817932128903,86.98197174072266,87.85195922851562,65.16364288330078
2023-04-28,399.2234191894531,399.9270629882813,365.89752197265625,316.5902709960937,130.06065368652344,184.8000030517578,37.709999084472656,168.64405822753906,67.75080108642578,197.5728759765625,87.73006439208984,88.30245208740234,65.52631378173828
2023-05-01,398.8202819824219,399.6397705078125,365.6485595703125,316.2270812988281,129.8646240234375,183.97000122070312,37.52000045776367,168.7403106689453,67.78907775878906,197.47708129882807,87.70130157470703,87.3982925415039,64.8523941040039
2023-05-02,394.3378601074219,395.1680908203125,361.5494995117188,313.46905517578125,128.71768188476562,187.5200042724609,38.25,165.27500915527344,66.38200378417969,195.06369018554688,86.60791015625,88.24847412109375,65.4908447265625
2023-05-03,391.6311645507813,392.32421875,359.0307006835937,311.41778564453125,127.9237060546875,189.1100006103516,38.56999969482422,165.8814239501953,66.6500015258789,193.9240264892578,86.10916900634766,88.63813018798828,65.76567840576172
2023-05-04,388.8572692871094,389.5856323242188,356.4065246582031,310.3185119628906,127.5315933227539,190.44000244140625,38.86000061035156,164.023681640625,65.90340423583984,192.4779052734375,85.44738006591797,88.53185272216797,65.67701721191406
2023-05-05,396.0559692382813,396.7097778320313,362.9478149414063,316.9141540527344,130.20770263671875,187.4600067138672,38.2400016784668,167.922119140625,67.46363830566406,196.03097534179688,87.08744812011719,88.24847412109375,65.43761444091797
2023-05-08,396.1615295410156,396.9203796386719,363.1488952636719,317.69927978515625,130.55078125,187.69000244140625,38.290000915527344,167.537109375,67.27220153808594,196.2416839599609,87.1162338256836,87.7613754272461,65.12726593017578
2023-05-09,394.42425537109375,395.3021240234375,361.5783081054688,315.68731689453125,129.707763671875,189.0200042724609,38.54999923706055,167.03656005859375,67.09032440185547,195.4372100830078,86.7901382446289,87.68170166015625,65.05632781982422
2023-05-10,396.2671508789063,396.9682922363281,363.1585083007813,319.1224975585937,131.0801239013672,188.75,38.5099983215332,167.88363647460938,67.43490600585938,196.2991180419922,87.18338012695312,88.24847412109375,65.45533752441406
2023-05-11,395.57611083984375,396.3746032714844,362.6509094238281,320.16290283203125,131.5310516357422,187.1300048828125,38.18999862670898,166.59378051757812,66.89888000488281,196.04052734375,86.943603515625,88.5141372680664,65.66815948486328
2023-05-12,395.0577697753906,395.8575134277344,362.1624145507813,319.0144958496094,131.0115203857422,186.80999755859372,38.11000061035156,166.25686645507812,66.77445220947266,195.5808563232422,86.79972839355469,88.01819610595703,65.3223648071289
2023-05-15,396.4207458496094,397.1693115234375,363.41705322265625,320.741943359375,131.77610778808594,187.2100067138672,38.18999862670898,168.28787231445312,67.59764099121094,196.4140625,87.22174072265625,87.79680633544922,65.15391540527344
2023-05-16,393.7715759277344,394.5169372558594,361.0132141113281,321.10516357421875,131.9035186767578,184.8699951171875,37.720001220703125,165.83331298828125,66.62129974365234,194.8913116455078,86.51199340820312,87.5931396484375,64.99427032470703
2023-05-17,398.5515441894531,399.3047180175781,365.3229370117188,324.9917907714844,133.462158203125,184.22999572753903,37.59000015258789,169.5296173095703,68.14324188232422,197.41964721679688,87.6629409790039,87.46028900146484,64.87903594970703
2023-05-18,402.3908996582031,403.1731262207031,368.895263671875,331.0279541015625,135.9716339111328,181.83999633789065,37.09000015258789,170.55960083007812,68.52611541748047,199.3829345703125,88.51654052734375,87.05292510986328,64.61300659179688
2023-05-19,401.8053588867188,402.5890502929688,368.3110656738281,330.28204345703125,135.64813232421875,183.63999938964844,37.45000076293945,169.52000427246094,68.0666732788086,198.9040679931641,88.32472229003906,86.85809326171875,64.4356918334961
2023-05-22,401.9685974121094,402.7039184570313,368.51214599609375,331.39117431640625,136.19708251953125,183.2100067138672,37.38999938964844,171.5895233154297,68.90900421142578,199.24884033203125,88.4877700805664,86.77839660644531,64.41793060302734
2023-05-23,397.4573059082031,398.2992248535156,364.3940124511719,327.1903991699219,134.39340209960938,183.42999267578125,37.41999816894531,170.78099060058594,68.63141632080078,197.14190673828125,87.53824615478516,86.8758316040039,64.4622573852539
2023-05-24,394.5777893066406,395.3117065429688,361.6644592285156,325.5119934082031,133.73663330078125,181.9499969482422,37.130001068115234,168.97134399414062,67.87522888183594,195.61917114257807,86.86686706542969,86.65441131591797,64.28492736816406
2023-05-25,397.994873046875,398.7972106933594,364.81536865234375,333.4327087402344,136.96165466308594,180.1999969482422,36.7599983215332,167.652587890625,67.35833740234375,196.95034790039065,87.44233703613281,86.33560180664062,64.04551696777344
2023-05-26,403.1491088867188,404.034912109375,369.5560302734375,341.9519348144531,140.48080444335938,180.9199981689453,36.91999816894531,169.55850219726562,68.09540557861328,199.5457305908203,88.60285949707031,86.40644073486328,64.12531280517578
2023-05-30,403.30267333984375,404.1115417480469,369.6710510253906,343.50274658203125,141.0885772705078,182.0399932861328,37.13999938964844,168.93283081054688,67.88481140136719,199.61273193359372,88.6412124633789,86.98208618164062,64.55093383789062
2023-05-31,401.0663146972656,401.6219482421875,367.6597290039063,341.5495910644531,140.26515197753906,182.32000732421875,37.20000076293945,167.26756286621094,67.15734100341797,198.41563415527344,88.1233139038086,87.29203796386719,64.76371765136719
2023-06-01,404.8768615722656,405.758544921875,371.1842041015625,345.49517822265625,141.93157958984375,183.75999450683597,37.4900016784668,169.0771942138672,67.91351318359375,200.39810180664065,88.98649597167969,87.5566177368164,64.93887329101562
2023-06-02,410.7318115234375,411.5420837402344,376.6336669921875,348.0863342285156,143.0294952392578,181.0500030517578,36.93999862670898,175.20884704589844,70.3543930053711,203.7117462158203,90.46354675292967,87.09490966796875,64.57438659667969
2023-06-05,409.9447937011719,410.8334655761719,375.9057922363281,348.3316955566406,143.07850646972656,182.13999938964844,37.15999984741211,172.8601531982422,69.41632080078125,203.1753692626953,90.23336029052734,87.08604431152344,64.58328247070312
2023-06-06,410.8374328613281,411.7048034667969,376.6815490722656,348.2727966308594,143.07850646972656,182.33999633789065,37.20000076293945,177.41317749023438,71.24458312988281,204.10433959960935,90.674560546875,87.19259643554688,64.67218017578125
2023-06-07,409.4168395996094,410.34954833984375,375.4459838867188,342.3641662597656,140.6572723388672,180.1499938964844,36.7599983215332,180.7326812744141,72.59423828125,203.7021484375,90.47541809082033,86.73088073730469,64.30770111083984
2023-06-08,411.8932800292969,412.7220153808594,377.69671630859375,346.6141052246094,142.31385803222656,182.52999877929688,37.25,180.05694580078125,72.28792572021484,204.65982055664065,90.92755889892578,87.19259643554688,64.62773132324219
2023-06-09,412.63226318359375,413.5481262207031,378.3288269042969,347.93914794921875,142.90203857421875,182.0399932861328,37.13999938964844,178.59947204589844,71.70404815673828,204.8800811767578,90.97564697265624,86.98836517333984,64.49437713623047
2023-06-12,416.3756103515625,417.30377197265625,381.805419921875,353.8182373046875,145.34286499023438,181.8800048828125,37.11000061035156,179.34266662597656,72.04862976074219,206.7188720703125,91.80296325683594,87.13931274414062,64.62773132324219
2023-06-13,419.1207580566406,420.0317077636719,384.3240966796875,356.5370178222656,146.4995574951172,180.5399932861328,36.83000183105469,181.3986968994141,72.86225891113281,208.2416229248047,92.50520324707033,86.73088073730469,64.34324645996094
2023-06-14,419.619873046875,420.5215148925781,384.62103271484375,359.12811279296875,147.5582733154297,180.63999938964844,36.86000061035156,179.4488525390625,72.1060791015625,208.2416229248047,92.54369354248048,86.810791015625,64.3966064453125
2023-06-15,424.8221435546875,425.718017578125,389.5532836914063,363.407470703125,149.28353881835938,181.91000366210935,37.11000061035156,180.9256896972656,72.67082214355469,210.77951049804688,93.63075256347656,87.41453552246094,64.796630859375
2023-06-16,423.3751831054688,424.2004089355469,388.1166687011719,361.12054443359375,148.3327178955078,181.6300048828125,37.060001373291016,179.47781372070312,72.0199203491211,209.984619140625,93.2940673828125,87.13931274414062,64.6543960571289
2023-06-20,421.1786193847656,422.1929321289063,386.3257446289063,360.6035461425781,148.18247985839844,179.75,36.68000030517578,178.6959686279297,71.78060913085938,208.9502868652344,92.82266998291016,87.29913330078125,64.7432861328125
2023-06-21,419.02056884765625,419.9644775390625,384.209228515625,355.6893615722656,146.2289581298828,179.49000549316406,36.630001068115234,178.28089904785156,71.6466064453125,207.80105590820312,92.30319213867188,87.44120025634766,64.84996795654297
2023-06-22,420.5331115722656,421.4820556640625,385.6074523925781,359.8861694335937,147.878173828125,177.7100067138672,36.2599983215332,176.9585418701172,71.08186340332031,208.35650634765625,92.5629425048828,86.98836517333984,64.53883361816406
2023-06-23,417.35394287109375,418.2738952636719,382.7151184082031,356.3183288574219,146.3860321044922,178.1999969482422,36.34999847412109,174.29446411132812,69.95357513427734,206.63284301757807,91.73562622070312,87.24586486816406,64.72552490234375
2023-06-26,415.6487121582031,416.5065612792969,381.1349182128906,351.54180908203125,144.50123596191406,178.50999450683594,36.41999816894531,174.46820068359375,70.12642669677734,205.9118194580078,91.45665740966795,87.35240936279297,64.80551147460938
2023-06-27,420.2055969238281,421.1171569824219,385.3584289550781,357.5862731933594,146.94557189941406,177.69000244140625,36.25,176.98751831054688,71.12506103515625,208.42095947265625,92.55332946777344,87.18370819091797,64.68107604980469
2023-06-28,420.4175415039063,421.2515869140625,385.5308227539063,358.2840881347656,147.24009704589844,177.27999877929688,36.16999816894531,177.856201171875,71.49955749511719,208.59396362304688,92.6591339111328,87.44120025634766,64.8855209350586
2023-06-29,422.0745239257813,422.9324951171875,387.0076599121094,357.56658935546875,146.9357452392578,177.08999633789062,36.150001525878906,179.90255737304688,72.40217590332031,209.59378051757807,93.10165405273438,86.76638793945312,64.3966064453125
2023-06-30,427.0553283691406,428.119384765625,391.5940551757813,363.080322265625,149.19361877441406,178.27000427246094,36.38999938964844,180.76161193847656,72.61344909667969,211.7664337158203,94.12136840820312,86.97061920166016,64.61885833740234
2023-07-03,427.546630859375,428.7341918945313,392.3439636230469,363.9354248046875,149.5666046142578,178.47000122070312,36.40999984741211,181.12838745117188,72.9111328125,212.40090942382807,94.31375885009766,86.86821746826172,64.43526458740234
2023-07-05,426.9107971191406,427.99456787109375,391.468994140625,363.9255676269531,149.51754760742188,177.83999633789062,36.290000915527344,179.32337951660156,72.06610870361328,211.7568206787109,94.0444107055664,86.47652435302734,64.16790008544922
2023-07-06,423.5678405761719,424.488525390625,388.2768859863281,361.1539916992188,148.36900329589844,177.30999755859375,36.18000030517578,176.42762756347656,70.89460754394531,209.87258911132807,93.22671508789062,85.91569519042969,63.7579345703125
2023-07-07,422.4985046386719,423.4031677246094,387.3730773925781,359.95489501953125,147.94686889648438,178.63999938964844,36.459999084472656,178.2905731201172,71.73002624511719,209.61300659179688,93.10165405273438,85.9334945678711,63.72225189208984
2023-07-10,423.5678405761719,424.5269775390625,388.4114990234375,360.0728454589844,147.97633361816406,178.77999877929688,36.47999954223633,181.3407287597656,72.94953155517578,210.5262908935547,93.49607849121094,86.17384338378906,63.945068359375
2023-07-11,426.2653503417969,427.3797607421875,390.9017333984375,361.8517761230469,148.6536865234375,179.4499969482422,36.619998931884766,183.20367431640625,73.62168884277344,212.17984008789065,94.25604248046876,86.36078643798828,64.07876586914062
2023-07-12,429.6950073242188,430.58795166015625,393.9785461425781,366.4219970703125,150.5482940673828,181.8800048828125,37.119998931884766,185.20172119140625,74.4378890991211,213.8045196533203,94.9582977294922,87.06409454345703,64.58676147460938
2023-07-13,433.1054382324219,434.2572021484375,397.18988037109375,372.6434020996094,153.0810089111328,182.00999450683597,37.13999938964844,186.6978759765625,75.05245971679688,215.6118621826172,95.80485534667967,87.60713195800781,64.97888946533203
2023-07-14,432.8357543945313,433.8249816894531,396.8726196289063,372.564697265625,153.1104736328125,181.42999267578125,37.02000045776367,184.87353515625,74.34188079833984,215.29461669921875,95.58360290527344,87.18870544433594,64.67589569091797
2023-07-17,434.3385620117188,435.4386291503906,398.2571411132813,376.04388427734375,154.455322265625,181.55999755859372,37.040000915527344,186.8523101806641,75.1004638671875,216.1117706298828,96.00687408447266,87.28665161132812,64.74716186523438
2023-07-18,437.5660400390625,438.5988159179688,401.2761840820313,379.1202392578125,155.7903594970703,183.63999938964844,37.459999084472656,189.1592254638672,76.07991027832031,217.8325653076172,96.74761199951172,87.35786437988281,64.82737731933594
2023-07-19,438.53912353515625,439.4056091308594,402.1415100097656,379.0318298339844,155.62351989746094,183.6699981689453,37.47999954223633,189.9603729248047,76.3871841430664,218.39976501464844,97.00733184814452,87.62492370605469,64.97888946533203
2023-07-20,435.629638671875,436.6681213378906,399.5165710449219,370.29443359375,152.14842224121094,182.7400054931641,37.290000915527344,188.3002014160156,75.7342300415039,216.8231201171875,96.29547882080078,87.17089080810547,64.67589569091797
2023-07-21,435.629638671875,436.6585693359375,399.5647277832031,369.1838073730469,151.7066650390625,182.17999267578125,37.16999816894531,187.7017364501953,75.41735076904297,216.80393981933597,96.31471252441406,87.23322296142578,64.72045135498047
2023-07-24,437.57568359375,438.5892333984375,401.2569274902344,369.77349853515625,151.9520721435547,181.3999938964844,37.02000045776367,188.16500854492188,75.6478042602539,217.572998046875,96.670654296875,87.0729751586914,64.61347961425781
2023-07-25,438.7702331542969,439.7706909179688,402.4396057128906,372.2796936035156,153.02210998535156,182.41000366210935,37.220001220703125,188.14573669433597,75.65741729736328,218.1210021972656,96.87266540527344,86.97505187988281,64.54216766357422
2023-07-26,438.8376770019531,439.8090515136719,402.5357055664063,371.0413513183594,152.44290161132812,183.3000030517578,37.41999816894531,189.6322021484375,76.25276184082031,218.28440856933597,96.9592514038086,87.25990295410156,64.7560806274414
2023-07-27,435.92822265625,436.9659118652344,399.8050842285156,370.1567687988281,152.0895233154297,180.4199981689453,36.84000015258789,187.18048095703125,75.26371765136719,216.6020355224609,96.2281265258789,86.51212310791016,64.20352935791016
2023-07-28,440.1961059570313,441.0962524414063,403.6991271972656,376.8990783691406,154.8381805419922,181.8600006103516,37.119998931884766,189.60321044921875,76.2431640625,218.86122131347656,97.27669525146484,86.85040283203125,64.42634582519531
2023-07-31,441.0342712402344,442.0182800292969,404.4779052734375,377.0956115722656,155.03451538085938,182.3500061035156,37.20000076293945,191.80401611328125,77.11697387695312,219.5245513916016,97.53644561767578,86.95726013183594,64.54216766357422
2023-08-01,439.772216796875,440.788818359375,403.2279968261719,376.2208862304688,154.60256958007812,180.4600067138672,36.84000015258789,190.92562866210935,76.7616958618164,218.9285125732422,97.22860717773438,86.38148498535156,64.14276123046875
2023-08-02,433.6545715332031,434.63177490234375,397.6417541503906,367.9650268554688,151.20602416992188,179.60000610351562,36.66999816894531,188.32911682128903,75.71502685546875,215.8233337402344,95.87220001220705,86.17619323730469,63.93725204467773
2023-08-03,432.4118347167969,433.3831176757813,396.5167541503906,367.3753356933594,150.92132568359375,179.5399932861328,36.650001525878906,187.7982177734375,75.51335906982422,215.198486328125,95.6028289794922,85.59595489501953,63.54403305053711
2023-08-04,430.4561462402344,431.3659973144531,394.5746154785156,365.6553649902344,150.25381469726562,180.19000244140625,36.77000045776367,187.4217987060547,75.37894439697266,214.28515625,95.16032409667967,86.30115509033203,64.07127380371094
2023-08-07,434.2133483886719,435.1792907714844,398.1320495605469,368.7513122558594,151.4906768798828,179.77999877929688,36.68999862670898,187.54725646972656,75.41735076904297,215.9290771484375,95.96839904785156,86.31900024414062,63.97294616699219
2023-08-08,432.3251037597656,433.3542785644531,396.4111022949219,365.6160278320313,150.20469665527344,178.63999938964844,36.459999084472656,186.3697052001953,74.96604919433594,214.9292907714844,95.48739624023438,86.52432250976562,64.2052993774414
2023-08-09,429.4349365234375,430.4246520996094,393.7765197753906,361.5962219238281,148.53585815429688,177.7899932861328,36.27999877929688,184.9121856689453,74.34188079833984,213.39112854003903,94.82362365722656,86.58677673339844,64.2231674194336
2023-08-10,429.5890808105469,430.6168212890625,394.00732421875,362.26458740234375,148.87945556640625,177.60000610351562,36.2400016784668,184.0917205810547,74.02499389648438,213.4295959472656,94.82362365722656,86.02444458007812,63.8657341003418
2023-08-11,429.3385925292969,430.357421875,393.6419982910156,359.95489501953125,147.90760803222656,177.60000610351562,36.2400016784668,184.35232543945312,74.14983367919922,213.2277069091797,94.737060546875,85.75662994384766,63.660186767578125
2023-08-14,431.7085571289063,432.6626892089844,395.8630065917969,363.994384765625,149.60586547851562,177.05999755859375,36.13999938964844,184.0338134765625,74.00579071044922,214.28515625,95.17955780029295,85.69414520263672,63.57977294921875
2023-08-15,426.6796569824219,427.763916015625,391.3248596191406,360.1318664550781,148.01559448242188,176.58999633789062,36.02999877929688,181.6013641357422,73.03595733642578,211.8529510498047,94.10211944580078,85.46207427978516,63.43680191040039
2023-08-16,423.5485229492188,424.5654296875,388.4306640625,356.3183288574219,146.39584350585938,175.57000732421875,35.83000183105469,179.3813018798828,72.13330078125,210.10330200195312,93.3517608642578,85.25675964355469,63.258094787597656
2023-08-17,420.3211364746094,421.2995910644531,385.2866821289063,352.4263610839844,144.80552673339844,175.3000030517578,35.77000045776367,177.2674102783203,71.3075180053711,208.38247680664065,92.58218383789062,85.16747283935547,63.19552993774414
2023-08-18,420.52349853515625,421.3764953613281,385.6423645019531,351.984130859375,144.6092071533203,175.3300018310547,35.779998779296875,178.23263549804688,71.70121002197266,208.622802734375,92.6783676147461,85.35494232177734,63.32958984375
2023-08-21,423.2594909667969,424.2196044921875,388.1903381347656,357.655029296875,147.00448608398438,175.80999755859375,35.869998931884766,177.9720458984375,71.56678771972656,209.8245086669922,93.23634338378906,84.92648315429688,63.02573776245117
2023-08-22,422.1130676269531,423.0093688964844,387.1038208007813,357.1440124511719,146.759033203125,176.10000610351562,35.939998626708984,177.44117736816406,71.3747329711914,209.2669219970703,92.90925598144533,85.01573944091797,63.10616683959961
2023-08-23,426.814453125,427.6775512695313,391.2767333984375,362.775634765625,149.11508178710938,177.88999938964844,36.310001373291016,179.33303833007812,72.09490966796875,211.554931640625,93.95783996582033,85.82806396484375,63.678070068359375
2023-08-24,420.8992919921875,421.9335632324219,386.0751037597656,355.02105712890625,145.85594177246094,177.85000610351562,36.29999923706055,176.8523406982422,71.14427947998047,208.71896362304688,92.7072525024414,85.63167572021484,63.526145935058594
2023-08-25,423.8664855957031,424.94964599609375,388.632568359375,357.77301025390625,147.0634002685547,177.6199951171875,36.2599983215332,177.60525512695312,71.4323501586914,210.14175415039065,93.34215545654295,85.57811737060547,63.526145935058594
2023-08-28,426.5543518066406,427.5141906738281,391.190185546875,360.4659729003906,148.18247985839844,178.1300048828125,36.369998931884766,179.18824768066406,72.0468978881836,211.48765563964844,93.93858337402344,85.76556396484375,63.64236068725586
2023-08-29,432.7200927734375,433.6904602050781,396.74755859375,368.3385620117188,151.3238067626953,179.8699951171875,36.70000076293945,181.68821716308597,73.0455551147461,214.56396484375,95.3142318725586,86.31900024414062,64.03555297851562
2023-08-30,434.5024719238281,435.5923461914063,398.4013366699219,370.3926086425781,152.2367706298828,180.32000732421875,36.810001373291016,182.37355041503903,73.36243438720703,215.5157012939453,95.70865631103516,86.28329467773438,64.00872039794922
2023-08-31,433.8665466308594,434.8239135742188,397.8917236328125,371.5032653808594,152.58035278320312,180.02000427246094,36.75,182.05502319335935,73.18959045410156,215.28497314453125,95.63170623779295,86.40826416015625,64.1159439086914
2023-09-01,434.67578125,435.74603271484375,398.7378234863281,371.1100769042969,152.52142333984375,180.11000061035156,36.7599983215332,184.21717834472656,74.07300567626953,215.9963836669922,95.9202880859375,85.96075439453125,63.80770111083984
2023-09-05,432.7972106933594,433.8729553222656,396.99755859375,371.5818786621094,152.69815063476562,178.63999938964844,36.47999954223633,180.3368682861328,72.54622650146484,214.7081756591797,95.37195587158205,85.49531555175781,63.45824432373047
2023-09-06,429.8877258300781,430.85687255859375,394.25732421875,368.3090515136719,151.40234375,177.8300018310547,36.290000915527344,179.66122436523438,72.27735137939453,213.3622589111328,94.79476165771484,85.41474914550781,63.38654708862305
2023-09-07,428.5678405761719,429.6658935546875,393.0842895507813,365.6749877929688,150.25381469726562,178.02000427246094,36.34000015258789,177.92379760742188,71.5955810546875,212.6316680908203,94.44843292236328,85.68329620361328,63.60163879394531
2023-09-08,429.2132873535156,430.1941223144531,393.6227111816406,366.1860961914063,150.4697723388672,178.0800018310547,36.34999847412109,177.52801513671875,71.42274475097656,212.8623962402344,94.56388854980467,85.72804260253906,63.61952590942383
2023-09-11,432.0361022949219,433.10455322265625,396.2090759277344,370.5008239746094,152.2662353515625,178.41000366210938,36.40999984741211,177.9527130126953,71.56678771972656,214.1986541748047,95.15069580078124,85.62960052490234,63.52096176147461
2023-09-12,429.6661376953125,430.7608337402344,394.0841979980469,366.39251708984375,150.57772827148438,177.49000549316406,36.22999954223633,177.77899169921875,71.51876831054688,213.160400390625,94.66971588134766,85.65642547607422,63.56575775146485
2023-09-13,430.1671142578125,431.164306640625,394.5457458496094,367.78814697265625,151.166748046875,177.0800018310547,36.150001525878906,176.6110382080078,71.03865051269531,213.18923950195312,94.68895721435548,85.78175354003906,63.664310455322266
2023-09-14,433.8761596679688,435.01605224609375,397.95904541015625,370.7955627441406,152.38400268554688,177.1699981689453,36.16999816894531,179.10134887695312,72.02770233154297,215.0157928466797,95.52589416503906,85.66536712646484,63.556785583496094
2023-09-15,428.6487426757813,429.4065551757813,392.9977722167969,364.446533203125,149.70408630371094,178.33999633789062,36.41999816894531,177.2288055419922,71.27872467041016,212.4874725341797,94.381103515625,85.46844482421875,63.431373596191406
2023-09-18,428.9000854492188,430.1461486816406,393.4304504394531,364.8263854980469,149.93515014648438,179.38999938964844,36.619998931884766,176.05120849609375,70.80819702148438,212.50668334960935,94.37150573730467,85.59378814697266,63.494083404541016
2023-09-19,428.0106506347656,429.1855773925781,392.6420593261719,364.048828125,149.63034057617188,179.22000122070312,36.58000183105469,175.36585998535156,70.53933715820312,211.96832275390625,94.16947174072266,85.3431625366211,63.35966491699219
2023-09-20,424.0758056640625,425.1225280761719,388.9690856933594,358.8027648925781,147.4770050048828,179.35000610351562,36.61000061035156,173.60911560058594,69.8287353515625,210.0936737060547,93.30368041992188,85.29842376708984,63.27901840209961
2023-09-21,417.0664978027344,418.1586608886719,382.594482421875,352.22784423828125,144.69442749023438,178.0500030517578,36.34000015258789,170.91607666015625,68.767822265625,206.5699615478516,91.73562622070312,84.7166519165039,62.884765625
2023-09-22,416.1287536621094,417.15966796875,381.6714782714844,352.27703857421875,144.78294372558594,178.6199951171875,36.459999084472656,170.5299835205078,68.57490539550781,206.13577270507807,91.5143585205078,85.07465362548828,63.14463424682617
2023-09-25,417.8786315917969,418.888671875,383.2579345703125,353.95025634765625,145.47120666503906,177.6999969482422,36.27000045776367,171.2925262451172,68.9124755859375,206.96556091308597,91.8703155517578,84.40335845947266,62.67866516113281
2023-09-26,411.7394714355469,412.758544921875,377.6332092285156,348.6352844238281,143.2490692138672,176.27999877929688,35.97999954223633,169.09014892578125,68.01549530029297,203.98411560058597,90.578125,84.29593658447266,62.61594772338867
2023-09-27,411.90380859375,412.8645935058594,377.7197570800781,349.4522399902344,143.6128692626953,174.10000610351562,35.540000915527344,170.67091369628906,68.66170501708984,204.19639587402344,90.6747817993164,84.00057220458984,62.39193344116211
2023-09-28,414.2917785644531,415.2769165039063,379.9232177734375,352.3755187988281,144.7632598876953,173.22999572753906,35.349998474121094,172.2128448486328,69.29827117919922,205.54721069335935,91.32229614257812,84.25120544433594,62.55323028564453
2023-09-29,413.286376953125,414.3699035644531,379.0159606933594,352.6313781738281,144.94021606445312,171.4499969482422,34.9900016784668,171.39825439453125,68.90283966064453,204.94895935058597,91.03236389160156,84.170654296875,62.5263671875
2023-10-02,413.1219787597656,414.2251586914063,378.9870300292969,355.5743713378906,146.1594696044922,169.64999389648438,34.63999938964844,168.80892944335938,67.870849609375,204.6788024902344,90.87772369384766,83.5845947265625,62.09687423706055
2023-10-03,407.59185791015625,408.7057800292969,373.8910217285156,349.3341979980469,143.54403686523438,169.16000366210938,34.529998779296875,165.96751403808594,66.75202941894531,201.70700073242188,89.57299041748047,82.92937469482422,61.59370422363281
2023-10-04,410.5599670410156,411.60052490234375,376.64166259765625,354.088134765625,145.53016662597656,169.13999938964844,34.52000045776367,166.04507446289062,66.76168823242188,203.16395568847656,90.2688446044922,83.51278686523438,61.99801254272461
2023-10-05,410.4052429199219,411.4075622558594,376.3232116699219,353.0448303222656,145.05824279785156,168.8300018310547,34.470001220703125,166.17115783691406,66.8677749633789,203.05783081054688,90.14321899414062,83.56666564941406,62.04294967651367
2023-10-06,415.2778930664063,416.2418518066406,380.8111572265625,358.960205078125,147.4770050048828,169.6999969482422,34.63999938964844,167.77125549316406,67.47539520263672,205.47967529296875,91.28365325927734,83.24352264404297,61.80033493041992
2023-10-09,417.9366149902344,418.9822692871094,383.3494873046875,360.7909240722656,148.2635955810547,172.82000732421875,35.290000915527344,168.7410430908203,67.88048553466797,206.7725982666016,91.86354064941406,84.10511779785156,62.429298400878906
2023-10-10,420.1119079589844,421.1726379394531,385.3280944824219,362.78900146484375,149.0698699951172,172.52999877929688,35.220001220703125,170.65150451660156,68.62313842773438,208.0558624267578,92.39510345458984,84.02435302734375,62.36642074584961
2023-10-11,421.8328247070313,422.957763671875,386.9591979980469,365.3775634765625,150.1514434814453,173.7899932861328,35.47999954223633,170.36058044433594,68.50739288330078,208.87600708007807,92.72370147705078,84.41026306152344,62.65393829345703
2023-10-12,419.2611083984375,420.4200134277344,384.6331176757813,364.10784912109375,149.6106719970703,173.25999450683594,35.369998931884766,166.51055908203125,67.00281524658203,207.19715881347656,91.98918151855467,83.68331909179688,62.11483383178711
2023-10-13,417.1728515625,418.2103271484375,382.6063232421875,359.5310363769531,147.7523193359375,178.8300018310547,36.5,165.123779296875,66.40481567382812,206.02963256835935,91.47695922851562,84.04230499267578,62.4023551940918
2023-10-16,421.5620422363281,422.5621643066406,386.6117858886719,363.5960998535156,149.46315002441406,177.9600067138672,36.34000015258789,167.79066467285156,67.47539520263672,208.42251586914065,92.54974365234376,83.57564544677734,62.07887268066406
2023-10-17,421.542724609375,422.6875305175781,386.6213989257813,362.4051208496094,148.96173095703125,178.2899932861328,36.38999938964844,169.662353515625,68.26628112792969,208.69268798828125,92.63671875,82.97428131103516,61.67457580566406
2023-10-18,415.9256286621094,417.14886474609375,381.44818115234375,357.651123046875,146.9853973388672,180.8699951171875,36.91999816894531,166.17115783691406,66.8388442993164,205.6051025390625,91.30298614501952,82.58833312988281,61.40500259399414
2023-10-19,412.2711181640625,413.3663940429688,378.21484375,354.3046264648437,145.58917236328125,183.08999633789065,37.369998931884766,163.523681640625,65.78754425048828,203.66567993164065,90.43314361572266,82.27422332763672,61.13543701171875
2023-10-20,407.2051696777344,408.28118896484375,373.5049133300781,349.0191345214844,143.4456787109375,183.58999633789065,37.470001220703125,161.40956115722656,64.94844055175781,201.1473846435547,89.31204223632812,82.57039642333984,61.36006927490234
2023-10-23,406.4994201660156,407.567138671875,372.8486328125,350.0722961425781,143.86851501464844,182.97000122070312,37.34999847412109,160.04214477539062,64.3890609741211,200.59735107421875,89.05110168457031,82.89350128173828,61.59370422363281
2023-10-24,409.5641479492188,410.6355590820313,375.6379089355469,353.47784423828125,145.25489807128906,182.9499969482422,37.34000015258789,161.43862915039062,64.91950988769531,202.1122131347656,89.75662231445312,83.18968200683594,61.80033493041992
2023-10-25,403.68597412109375,404.7978210449219,370.3392333984375,344.826171875,141.71522521972656,183.72000122070312,37.5099983215332,158.77175903320312,63.87786865234375,199.1114959716797,88.37457275390625,82.57039642333984,61.3331184387207
2023-10-26,398.8520202636719,399.9153137207031,365.7933654785156,338.2514038085937,138.8932647705078,184.00999450683597,37.56999969482422,159.17904663085938,64.05147552490234,197.0466766357422,87.48541259765625,83.12684631347656,61.74643325805664
2023-10-27,397.0440979003906,398.0819091796875,364.1719055175781,339.8753967285156,139.70936584472656,186.1499938964844,38.0099983215332,157.3074188232422,63.28953170776367,195.9852600097656,87.0215072631836,83.09991455078125,61.74643325805664
2023-10-30,401.7911071777344,402.81005859375,368.55364990234375,343.7041931152344,141.26287841796875,185.1000061035156,37.790000915527344,158.18017578125,63.62711334228516,198.24313354492188,88.0073013305664,82.9024658203125,61.59370422363281
2023-10-31,404.314453125,405.2127380371094,370.7832946777344,345.3478088378906,141.911865234375,184.08999633789065,37.59000015258789,159.54757690429688,64.2057876586914,199.52638244628903,88.59684753417969,82.8486099243164,61.57571029663086
2023-11-01,408.6263122558594,409.6417236328125,374.8657836914063,351.3420104980469,144.46827697753906,183.50999450683597,37.459999084472656,160.4591522216797,64.52407836914062,201.523681640625,89.44735717773438,83.76412963867188,62.17319107055664
2023-11-02,416.45745849609375,417.534912109375,381.9886169433594,357.7200012207031,147.00503540039062,184.1199951171875,37.59999847412109,164.73583984375,66.26013946533203,205.52789306640625,91.21601104736328,84.26824188232422,62.53368377685547
2023-11-03,420.2569580078125,421.2787780761719,385.5211181640625,361.92279052734375,148.76507568359375,184.7899932861328,37.72999954223633,169.21624755859375,68.02516174316406,207.84359741210935,92.25013732910156,84.7813491821289,62.90318298339844
2023-11-06,421.2237548828125,422.29193115234375,386.2642822265625,363.3992004394531,149.32550048828125,183.3500061035156,37.43000030517578,167.10211181640625,67.23426818847656,207.9304351806641,92.27911376953124,84.35824584960938,62.6328125
2023-11-07,422.4225158691406,423.4113159179688,387.35491943359375,366.8343505859375,150.76107788085938,182.58999633789065,37.27000045776367,166.51055908203125,67.04138946533203,208.5479736328125,92.5884017944336,84.80838012695312,62.9482307434082
2023-11-08,422.7319030761719,423.7586669921875,387.6734008789063,367.0705261230469,150.8790283203125,180.7700042724609,36.900001525878906,164.73583984375,66.26013946533203,208.51901245117188,92.55940246582033,85.09645080566406,63.14648818969727
2023-11-09,419.4351501464844,420.5647888183594,384.7490234375,364.2456665039063,149.7384490966797,181.4900054931641,37.040000915527344,162.1853790283203,65.23779296875,206.74362182617188,91.78621673583984,84.38526916503906,62.6778678894043
2023-11-10,425.9802856445313,427.1455993652344,390.7522888183594,372.4347229003906,153.03236389160156,179.50999450683594,36.63999938964844,163.99884033203125,65.9515151977539,209.8216094970703,93.15860748291016,84.58331298828125,62.79502487182617
2023-11-13,425.5743713378906,426.6534729003906,390.3565368652344,371.2732543945313,152.619384765625,180.50999450683597,36.86000061035156,164.05703735351562,65.9708023071289,209.6961669921875,93.1006317138672,84.57430267333984,62.777000427246094
2023-11-14,433.8307495117188,435.0194396972656,397.8558044433594,379.2655334472656,155.87393188476562,182.1199951171875,37.18000030517578,173.06626892089844,69.56832122802734,214.3468780517578,95.17855834960938,85.63658142089844,63.54302215576172
2023-11-15,434.7491760253906,435.8974304199219,398.7243957519531,379.5509338378906,156.00173950195312,181.63999938964844,37.08000183105469,173.36688232421875,69.71302032470703,214.8775329589844,95.42984008789062,85.1054458618164,63.19155883789063
2023-11-16,435.2809143066406,436.4378051757813,399.28424072265625,379.8758239746094,156.13941955566406,183.69000244140625,37.5,170.56422424316406,68.65206146240234,214.73280334472656,95.38150787353516,85.57353973388672,63.57003021240234
2023-11-17,435.8223571777344,436.9010314941406,399.8729248046875,379.9643859863281,156.17872619628906,183.6699981689453,37.5,172.90138244628906,69.51046752929688,215.27313232421875,95.60379028320312,85.74459075927734,63.6601791381836
2023-11-20,439.1770935058594,440.4134216308594,402.88421630859375,384.59033203125,158.06655883789062,183.3699951171875,37.43000030517578,173.9099578857422,69.9251937866211,216.89410400390625,96.34798431396484,85.87960052490234,63.750267028808594
2023-11-21,438.219970703125,439.4002380371094,401.8322143554688,382.3561096191406,157.15213012695312,185.3500061035156,37.83000183105469,171.6697540283203,69.04750061035156,216.3055419921875,96.04837036132812,85.96963500976562,63.84040832519531
2023-11-22,439.9118957519531,441.0695190429688,403.5695190429688,383.9210815429688,157.80108642578125,184.55999755859372,37.66999816894531,172.74623107910156,69.48152923583984,217.23182678222656,96.49295043945312,86.05064392089844,63.89450073242188
2023-11-24,440.18255615234375,441.3976135253906,403.7914733886719,383.3797302246094,157.57493591308594,185.5200042724609,37.869998931884766,173.9099578857422,69.91554260253906,217.46339416503903,96.56062316894533,85.6545639038086,63.58806610107422
2023-11-27,439.3898620605469,440.5774230957031,403.0869140625,383.0450744628906,157.41763305664062,186.7700042724609,38.13999938964844,173.3280792236328,69.72264099121094,217.18359375,96.4059829711914,86.14067840576172,63.97558975219727
2023-11-28,439.8248901367188,440.9536743164063,403.4825744628906,384.0490112304688,157.83059692382812,189.25999450683597,38.63999938964844,172.65895080566406,69.42366790771484,217.3186492919922,96.49295043945312,86.51876068115234,64.24595642089844
2023-11-29,439.5154724121094,440.75103759765625,403.2219848632813,383.6749877929688,157.71258544921875,189.5399932861328,38.709999084472656,173.5705108642578,69.7901611328125,217.4151611328125,96.51227569580078,86.94185638427734,64.57939147949219
2023-11-30,441.24603271484375,442.3432312011719,404.78558349609375,382.7104187011719,157.27015686035156,188.75,38.540000915527344,174.22998046875,70.03128814697266,218.3125,96.95686340332033,86.6537857055664,64.37211608886719
2023-12-01,443.8564453125,444.9581604003906,407.1598205566406,383.8029479980469,157.74209594726562,192.00999450683597,39.209999084472656,179.32130432128906,72.13385772705078,220.1553955078125,97.7493896484375,87.41573333740234,64.89718627929688
2023-12-04,441.5264587402344,442.7581481933594,405.11370849609375,380.2399291992188,156.26724243164062,187.8600006103516,38.369998931884766,181.241455078125,72.89581298828125,219.3642120361328,97.40143585205078,87.08168029785156,64.63507843017578
2023-12-05,441.439453125,442.6616516113281,404.9882507324219,381.1946716308594,156.68019104003906,187.1499938964844,38.220001220703125,178.8170166015625,71.92166900634766,218.9396514892578,97.2081527709961,87.65949249267578,65.05084991455078
2023-12-06,439.6605529785156,440.8282775878906,403.29925537109375,378.9898986816406,155.74610900878906,187.83999633789065,38.36000061035156,178.4969940185547,71.71913146972656,218.0133819580078,96.87954711914062,87.88516998291016,65.2406005859375
2023-12-07,443.0153503417969,444.2152099609375,406.4552917480469,384.28521728515625,157.99774169921875,188.1499938964844,38.41999816894531,179.7867889404297,72.31710815429688,219.75979614257807,97.60440826416016,87.9122543334961,65.22252655029297
2023-12-08,444.919921875,446.1353759765625,408.1829223632813,385.9978637695313,158.66635131835938,185.63999938964844,37.900001525878906,181.15419006347656,72.82830047607422,220.8115081787109,98.03932189941406,87.46989440917969,64.90619659423828
2023-12-11,446.6504821777344,447.8722534179688,409.7658081054688,389.2951354980469,160.02320861816406,183.58999633789065,37.5,181.53240966796875,72.99224853515625,221.71847534179688,98.44523620605467,87.47891235351562,64.91522979736328
2023-12-12,448.6904296875,450.0916137695313,411.80224609375,392.3955078125,161.33094787597656,183.4900054931641,37.470001220703125,181.3481292724609,72.92475128173828,222.5579376220703,98.84149169921876,87.7407455444336,65.10504913330078
2023-12-13,454.8779296875,456.2575378417969,417.4098510742188,397.3857421875,163.33676147460938,187.6300048828125,38.31999969482422,187.48683166503903,75.49993133544922,226.01222229003903,100.3975067138672,88.84211730957031,65.93643951416016
2023-12-14,456.3377990722656,457.6855773925781,418.6355895996094,397.041259765625,163.1892852783203,188.72999572753903,38.54999923706055,192.7042236328125,77.47711944580078,227.35337829589844,100.99674224853516,89.55917358398438,66.43351745605469
2023-12-15,455.5863952636719,456.9136352539063,417.99853515625,398.9605712890625,163.8382110595703,187.0,38.18000030517578,191.08470153808597,76.83092498779297,227.04461669921875,100.81310272216795,89.35096740722656,66.33411407470703
2023-12-18,458.149169921875,459.451416015625,420.3631591796875,401.4734497070313,165.05136108398438,187.8500061035156,38.36000061035156,191.15255737304688,76.85985565185547,228.02877807617188,101.25768280029295,89.16986846923828,66.19857025146484
2023-12-19,460.9350280761719,462.1050109863281,422.9208679199219,403.52484130859375,165.849609375,189.1300048828125,38.619998931884766,194.85711669921875,78.41179656982422,229.697998046875,102.02120208740234,89.27850341796875,66.32508087158203
2023-12-20,454.54779052734375,455.4830932617188,416.8162536621094,397.5286254882813,163.40557861328125,188.1000061035156,38.40999984741211,191.0455474853516,76.85111999511719,226.27268981933597,100.5096206665039,89.60445404052734,66.54198455810547
2023-12-21,458.8577880859375,460.1043701171875,420.87689208984375,402.1539611816406,165.3174591064453,189.42999267578125,38.68000030517578,194.29644775390625,78.20822143554688,228.77468872070312,101.60665130615234,89.59539794921875,66.53295135498047
2023-12-22,459.7799377441406,460.9859619140625,421.8556823730469,402.755615234375,165.58355712890625,190.2700042724609,38.86000061035156,196.10687255859372,78.88678741455078,229.2979736328125,101.87848663330078,89.47767639160156,66.48855590820312
2023-12-26,461.7213134765625,462.9720764160156,423.6098937988281,405.2211608886719,166.57888793945312,191.72000122070312,39.13999938964844,198.6570281982422,79.87553405761719,230.43174743652344,102.35418701171876,89.65876007080078,66.55196380615234
2023-12-27,462.55615234375,463.8537292480469,424.38519287109375,406.0461120605469,166.8942413330078,192.58999633789065,39.34000015258789,199.3577880859375,80.16634368896484,230.8677520751953,102.53866577148438,90.22915649414062,66.97795867919922
2023-12-28,462.7309265136719,464.06683349609375,424.4530334472656,405.8487243652344,166.8252716064453,191.47000122070312,39.09999847412109,198.59860229492188,79.84644317626953,230.7515106201172,102.60661315917967,90.02996063232422,66.81480407714844
2023-12-29,461.3913269042969,462.7395629882813,423.319091796875,404.0923461914063,166.09600830078125,191.1699981689453,39.02999877929688,195.35739135742188,78.6153564453125,229.8696746826172,102.16002655029295,89.85794830322266,66.66073608398438
2024-01-02,458.8092041015625,460.0849304199219,420.6152648925781,397.2541809082031,163.29718017578125,190.72000122070312,38.93999862670898,194.1991271972656,78.13067626953125,228.32894897460935,101.46102905273438,89.43242645263672,66.37977600097656
2024-01-03,455.062255859375,456.325927734375,417.4946594238281,393.0506286621094,161.5430145263672,189.1300048828125,38.63999938964844,189.02102661132807,76.01746368408203,226.1389923095703,100.41253662109376,89.47767639160156,66.43413543701172
2024-01-04,453.596435546875,454.921142578125,416.1766052246094,391.0278015136719,160.74473571777344,189.32000732421875,38.66999816894531,188.6511688232422,75.91083526611328,225.5575714111328,100.15040588378906,89.11552429199219,66.13504791259766
2024-01-05,454.2177734375,455.4637145996094,416.7096252441406,391.4916076660156,160.9517059326172,189.3500061035156,38.65999984741211,188.09637451171875,75.69757843017578,225.896728515625,100.30574798583984,88.90730285644531,65.9356918334961
2024-01-08,460.7021179199219,461.7320251464844,422.6697998046875,399.5829772949219,164.2826690673828,187.8699951171875,38.369998931884766,191.4835205078125,77.10315704345703,229.12353515625,101.72315216064452,89.24230194091797,66.22569274902344
2024-01-09,460.0032043457031,461.2960510253906,421.6425476074219,400.372314453125,164.5980224609375,187.92999267578125,38.380001068115234,189.77047729492188,76.33735656738281,228.6971740722656,101.5386962890625,89.22418975830078,66.21663665771484
2024-01-10,462.6047058105469,463.8827819824219,424.4239807128906,403.0859069824219,165.72154235839844,187.5,38.29999923706055,189.8775634765625,76.37613677978516,229.8793792724609,102.0629425048828,89.05213928222656,66.09882354736328
2024-01-11,462.4009094238281,463.630859375,424.2786254882813,403.9246215820313,166.09600830078125,187.8699951171875,38.369998931884766,188.3883514404297,75.81388092041016,229.72434997558597,101.98528289794922,89.55917358398438,66.44319915771484
2024-01-12,462.7212219238281,464.0280456542969,424.4723510742188,404.13177490234375,166.15513610839844,189.7100067138672,38.75,188.0768585205078,75.67818450927734,229.7631072998047,102.02409362792967,89.72213745117188,66.57916259765625
2024-01-16,461.0224914550781,462.41986083984375,423.02838134765625,404.0923461914063,166.12557983398438,187.91000366210935,38.38999938964844,185.7506256103516,74.7669906616211,228.6971740722656,101.54840087890624,89.05213928222656,66.1078872680664
2024-01-17,458.4597473144531,459.8233947753906,420.6734008789063,401.81292724609375,165.18934631347656,185.83999633789065,37.95000076293945,184.4268951416016,74.195068359375,227.32118225097656,100.99502563476562,88.80770111083984,65.95380401611328
2024-01-18,462.5367431640625,463.76654052734375,424.4142456054688,407.5163879394531,167.62350463867188,187.3699951171875,38.27000045776367,185.5170135498047,74.64097595214844,229.3270263671875,101.82023620605467,88.72624206542969,65.8631591796875
2024-01-19,468.3028259277344,469.56976318359375,429.6088562011719,415.5978088378906,170.87567138671875,187.92999267578125,38.38999938964844,187.29823303222656,75.39706420898438,232.1178131103516,103.12114715576172,88.74431610107422,65.8631591796875
2024-01-22,469.2929382324219,470.5870971679688,430.5876770019531,416.1405334472656,171.08262634277344,187.22000122070312,38.2400016784668,191.2985992431641,76.98681640625,233.1255798339844,103.49976348876952,88.90730285644531,65.97190856933594
2024-01-23,470.66162109375,472.0499877929688,431.866943359375,417.8673095703125,171.84144592285156,187.9499969482422,38.38999938964844,190.74383544921875,76.70572662353516,233.55194091796875,103.72305297851562,88.69001770019531,65.81787109375
2024-01-24,471.1761474609375,472.4083862304688,432.2254943847656,420.1861572265625,172.7481231689453,186.3999938964844,38.08000183105469,189.1767578125,76.08533477783203,233.51315307617188,103.71334075927734,88.49083709716797,65.68190002441406
2024-01-25,473.7388610839844,475.0435791015625,434.6580505371094,420.69927978515625,172.9452362060547,187.13999938964844,38.22999954223633,190.74383544921875,76.68633270263672,234.8116912841797,104.25701141357422,88.88920593261719,65.99005126953125
2024-01-26,473.1369934082031,474.5495300292969,434.3963928222656,418.1929626464844,171.94000244140625,187.00999450683597,38.18000030517578,190.75357055664065,76.73479461669922,234.61785888671875,104.17933654785156,88.78958892822266,65.89035034179688
2024-01-29,476.8839416503906,478.2795715332031,437.5557861328125,422.4753723144531,173.6942138671875,188.3300018310547,38.459999084472656,194.0920867919922,78.07251739501953,236.74969482421875,105.1598663330078,89.1427001953125,66.15319061279297
2024-01-30,476.5151062011719,477.9210205078125,437.2456665039063,419.6632385253906,172.51158142089844,188.58999633789065,38.5099983215332,192.4374084472656,77.42304229736328,236.4202423095703,104.95599365234376,89.3147201538086,66.27102661132812
2024-01-31,468.7396545410156,470.0735778808594,430.12249755859375,411.4436340332031,169.12147521972656,188.4499969482422,38.4900016784668,187.7362365722656,75.51339721679688,232.4375457763672,103.2279281616211,89.72213745117188,66.55196380615234
2024-02-01,474.8745727539063,476.3128356933594,435.7822570800781,416.28857421875,171.2008819580078,190.41000366210935,38.88999938964844,190.2279357910156,76.59906005859375,235.5675048828125,104.55796813964844,90.2333755493164,66.9537582397461
2024-02-02,479.8737487792969,481.2247314453125,440.25970458984375,423.3240356445313,174.10809326171875,188.6100006103516,38.5099983215332,189.22540283203125,76.14347839355469,237.5830535888672,105.52879333496094,89.40704345703125,66.35381317138672
2024-02-05,478.1264953613281,479.6164245605469,438.65087890625,422.771484375,173.8223419189453,187.57000732421875,38.29999923706055,186.8212738037109,75.15472412109375,236.45901489257807,105.0531005859375,88.67152404785156,65.82662200927734
2024-02-06,479.5146484375,480.9147033691406,440.017333984375,421.9228210449219,173.48724365234375,188.5500030517578,38.52000045776367,188.5051727294922,75.81388092041016,237.2632751464844,105.3443374633789,89.13462829589844,66.13569641113281
2024-02-07,483.5139770507813,484.819091796875,443.63226318359375,426.2645263671875,175.24143981933594,188.5,38.4900016784668,188.067138671875,75.67818450927734,239.13345336914065,106.17925262451172,88.95301055908203,66.00843811035156
2024-02-08,483.7275390625,485.1387634277344,443.9327392578125,427.0539245605469,175.5863800048828,188.3300018310547,38.45000076293945,190.9189910888672,76.84141540527344,239.72457885742188,106.4510726928711,88.68061065673828,65.83573150634766
2024-02-09,486.523193359375,487.9483337402344,446.4524536132813,431.2574462890625,177.291259765625,187.6000061035156,38.31999969482422,194.02392578125,78.07251739501953,241.1877593994141,107.11125183105467,88.65335845947266,65.78118133544922
2024-02-12,486.30963134765625,487.6867980957031,446.2489318847656,429.5701293945313,176.60142517089844,187.1100006103516,38.22999954223633,197.5474090576172,79.48778533935547,241.4203643798828,107.1986083984375,88.67152404785156,65.79936218261719
2024-02-13,479.6116027832031,481.1375122070313,439.959228515625,422.8700866699219,173.84201049804688,184.52999877929688,37.68999862670898,189.42010498046875,76.25979614257812,237.553955078125,105.48995971679688,87.8542709350586,65.22672271728516
2024-02-14,483.9701843261719,485.4294128417969,444.14593505859375,427.478271484375,175.76376342773438,184.4199981689453,37.65999984741211,193.8195343017578,78.01436614990234,240.17999267578125,106.67436981201172,88.24473571777344,65.47213745117188
2024-02-15,487.3094787597656,488.6265258789063,447.1502380371094,428.7511596679688,176.2860870361328,185.66000366210935,37.93000030517578,198.9879150390625,80.01123809814453,242.0308532714844,107.49957275390624,88.45359802246094,65.65393829345703
2024-02-16,484.8826599121094,486.3013610839844,444.8630676269531,424.86334228515625,174.67970275878906,186.33999633789065,38.06999969482422,196.28208923339844,78.96432495117188,240.76141357421875,106.9267807006836,88.17208099365234,65.44486236572266
2024-02-20,482.2131958007813,483.5983581542969,442.4208068847656,421.6564331054688,173.35911560058594,187.47000122070312,38.310001373291016,193.5762176513672,77.88834381103516,239.249755859375,106.24720764160156,88.25382232666016,65.52666473388672
2024-02-21,482.6499938964844,484.0343017578125,442.8666076660156,419.9690246582031,172.63970947265625,187.47999572753903,38.29999923706055,192.6612701416016,77.51028442382812,239.2981719970703,106.26663970947266,87.9904556274414,65.34485626220703
2024-02-22,492.638671875,494.14886474609375,452.17034912109375,432.263916015625,177.74461364746094,187.55999755859372,38.29999923706055,194.12127685546875,78.15006256103516,244.0269775390625,108.36359405517578,88.06314849853516,65.37213897705078
2024-02-23,492.97845458984375,494.4298400878906,452.3738708496094,430.9910278320313,177.2025604248047,188.6199951171875,38.52000045776367,194.5592803955078,78.29544830322266,244.19174194335935,108.47040557861328,88.39000701904297,65.60846710205078
2024-02-26,491.1728820800781,492.5696411132813,450.7166442871094,430.7640380859375,177.1335906982422,188.1999969482422,38.43999862670898,195.78565979003903,78.78985595703125,243.45529174804688,108.16944122314452,88.19933319091797,65.49031066894531
2024-02-27,492.0853271484375,493.4416198730469,451.5501098632813,431.8001708984375,177.54750061035156,188.0,38.400001525878906,198.5596618652344,79.8852310180664,244.1335906982422,108.45098114013672,88.08126068115234,65.39032745361328
2024-02-28,491.4349670410156,492.8215637207031,450.8523254394531,429.50103759765625,176.59156799316406,188.33999633789065,38.47999954223633,196.9244537353516,79.27454376220703,243.7266082763672,108.21798706054688,88.25382232666016,65.53575897216797
2024-02-29,493.2016296386719,494.5363464355469,452.5192565917969,433.181640625,178.06982421875,189.30999755859372,38.650001525878906,198.2968597412109,79.73014068603516,244.75375366210935,108.73250579833984,88.39908599853516,65.64484405517578
2024-03-01,497.8320617675781,499.3223876953125,456.88031005859375,439.7040100097656,180.81935119628903,192.88999938964844,39.400001525878906,200.3992919921875,80.63163757324219,247.0018768310547,109.71305847167967,88.82350158691406,65.92011260986328
2024-03-04,497.2981262207031,498.7314147949219,456.3376770019531,438.1350708007813,180.1097869873047,196.00999450683597,40.04999923706055,200.21437072753903,80.55408477783203,246.75961303710935,109.54802703857422,88.60494232177734,65.7651596069336
2024-03-05,492.3280334472656,493.6934814453125,451.7632446289063,430.2706909179688,176.90689086914062,197.19000244140625,40.290000915527344,198.2968597412109,79.78827667236328,244.1432647705078,108.4412612915039,89.08761596679688,66.1206283569336
2024-03-06,494.8227844238281,496.367431640625,454.1571044921875,432.9743957519531,178.0500946044922,198.80999755859372,40.61000061035156,199.77633666992188,80.37960052490234,245.5871124267578,109.11114501953124,89.2242202758789,66.2391357421875
2024-03-07,499.7346496582031,501.2987060546875,458.6538696289063,439.546142578125,180.73068237304688,199.94000244140625,40.83000183105469,201.44073486328125,81.01937866210938,247.9805908203125,110.17904663085938,89.41548919677734,66.34850311279297
2024-03-08,496.7351379394531,498.2566528320313,455.87249755859375,433.2013549804688,178.1190948486328,201.6300048828125,41.18000030517578,201.3142242431641,80.98060607910156,246.54641723632807,109.51888275146484,89.4974594116211,66.41231536865234
2024-03-11,496.3080139160156,498.014404296875,455.4945068359375,431.5929870605469,177.46865844726562,202.0,41.25,199.71795654296875,80.3602066040039,246.14915466308597,109.3732681274414,89.39727020263672,66.38497924804688
2024-03-12,501.6470336914063,503.2073059082031,460.3692626953125,437.7799072265625,179.981689453125,199.7899932861328,40.810001373291016,199.44541931152344,80.26327514648438,248.58135986328125,110.40234375,89.1695785522461,66.18445587158203
2024-03-13,500.8606567382813,502.4033203125,459.6715087890625,434.4150085449219,178.61184692382812,201.19000244140625,41.09999847412109,200.22409057617188,80.58316802978516,248.2712860107422,110.2858428955078,89.00566101074219,66.07508087158203
2024-03-14,499.8705139160156,501.30853271484375,458.6635437011719,433.31982421875,178.1880645751953,200.3500061035156,40.91999816894531,196.6421813964844,79.10972595214844,247.31198120117188,109.88780212402344,88.44097900390625,65.68312072753906
2024-03-15,496.4381103515625,497.2297058105469,455.5042114257813,428.1689453125,176.04953002929688,199.7100067138672,40.79999923706055,197.01206970214844,79.29391479492188,245.8487548828125,109.1791000366211,88.43189239501953,65.64666748046875
2024-03-18,499.3885498046875,500.73681640625,458.3534851074219,432.2525634765625,177.72320556640625,200.02999877929688,40.84999847412109,195.88302612304688,78.81892395019531,247.09878540039065,109.70333862304688,88.3407974243164,65.56464385986328
2024-03-19,502.1636657714844,503.6336364746094,460.9216918945313,433.3294982910156,178.15762329101562,199.8000030517578,40.81999969482422,196.7103576660156,79.1872787475586,248.52322387695312,110.3343734741211,88.55938720703125,65.73780822753906
2024-03-20,506.808349609375,508.31298828125,464.9436340332031,438.4674072265625,180.29046630859372,202.17999267578125,41.29999923706055,200.60366821289065,80.68978881835938,251.0426788330078,111.4993667602539,88.74153137207031,65.85631561279297
2024-03-21,508.483154296875,509.8827209472656,466.4942321777344,440.5422973632813,181.1099853515625,201.97000122070312,41.2599983215332,202.90853881835935,81.63593292236328,252.0795440673828,111.92572784423828,88.80529022216797,65.91099548339844
2024-03-22,507.5191955566406,509.2023315429688,465.8845520019531,441.0462036132813,181.27784729003903,200.3500061035156,40.93000030517578,200.10797119140625,80.57711029052734,251.37062072753903,111.61421966552734,89.08761596679688,66.12975311279297
2024-03-25,506.1170043945313,507.6084289550781,464.6790161132813,439.4456176757813,180.69528198242188,200.9900054931641,41.04999923706055,200.5666046142578,80.71309661865234,250.80665588378903,111.3903579711914,88.9236831665039,66.00215911865234
2024-03-26,505.1822509765625,506.539306640625,463.3761596679688,438.0228271484375,180.10284423828125,201.63999938964844,41.20000076293945,200.20553588867188,80.57711029052734,250.35926818847656,111.11778259277344,89.0147476196289,66.05684661865234
2024-03-27,509.42767333984375,510.9518127441406,467.4207458496094,439.5147705078125,180.764404296875,203.1000061035156,41.4900016784668,204.56741333007807,82.33533477783203,252.56671142578125,112.20802307128906,89.30621337890625,66.28473663330078
2024-03-28,509.3303833007813,510.9614868164063,467.3624572753906,438.70452880859375,180.38919067382807,205.72000122070312,42.0099983215332,205.2114105224609,82.6267318725586,252.73196411132807,112.23723602294922,89.19690704345703,66.20267486572266
2024-04-01,508.4441833496094,510.1354370117188,466.7499084472656,439.6333312988281,180.8038787841797,207.82000732421875,42.459999084472656,203.27931213378903,81.82049560546875,252.5375213623047,111.96468353271484,88.54837799072266,65.75105285644531
2024-04-02,505.2114562988281,506.8017578125,463.697021484375,435.8391723632813,179.21417236328125,210.88999938964844,43.09000015258789,199.54202270507807,80.34397888183594,250.2037048339844,111.12751770019533,88.48440551757812,65.67792510986328
2024-04-03,505.7664489746094,507.3655090332031,464.1150817871094,436.8174133300781,179.6190185546875,212.7400054931641,43.459999084472656,200.8495635986328,80.81996154785156,250.5926971435547,111.302734375,88.53923034667969,65.72359466552734
2024-04-04,499.593017578125,501.1257629394531,458.398193359375,430.1381530761719,176.86416625976562,211.5200042724609,43.220001220703125,198.83941650390625,79.98456573486328,247.587890625,109.95938873291016,88.74932861328125,65.86075592041016
2024-04-05,504.8121948242188,506.3546752929688,463.2692260742188,435.2068481445313,178.95745849609375,215.13999938964844,43.95000076293945,199.50294494628903,80.27599334716797,250.08702087402344,111.09832000732422,88.31085968017578,65.53163146972656
2024-04-08,505.0945739746094,506.49066162109375,463.4539184570313,435.3353271484375,179.0265655517578,216.47999572753903,44.22999954223633,200.5958709716797,80.75196075439453,250.37875366210935,111.1956558227539,88.22865295410156,65.4767837524414
2024-04-09,505.6788330078125,507.1225280761719,464.027587890625,436.9458312988281,179.6584930419922,217.6699981689453,44.470001220703125,201.38624572753903,81.03367614746094,250.7385711669922,111.36115264892578,88.53008270263672,65.71444702148438
2024-04-10,500.6154174804688,502.2045593261719,459.5357666015625,433.1319885253906,178.1082763671875,215.6100006103516,44.040000915527344,196.06814575195312,78.90632629394531,247.93792724609372,110.1346206665039,87.47051239013672,64.94654083251953
2024-04-11,504.39349365234375,505.9659118652344,462.8511657714844,440.04833984375,180.98162841796875,219.8000030517578,44.88999938964844,197.3952178955078,79.47943878173828,249.6202392578125,110.92308807373048,87.48876953125,64.94654083251953
2024-04-12,497.4313354492188,498.8904113769531,456.5412292480469,433.0331115722656,178.05892944335938,216.88999938964844,44.29999923706055,193.88233947753903,78.02234649658203,246.0222930908203,109.2682647705078,87.65320587158203,65.09281158447266
2024-04-15,491.1994934082031,492.7090759277344,450.74658203125,425.9093017578125,175.12631225585938,220.9499969482422,45.130001068115234,191.04275512695312,76.88581085205078,242.99807739257807,107.76915740966795,87.1234130859375,64.66313934326172
2024-04-16,490.3036193847656,491.7662963867188,449.9396362304688,425.9488220214844,175.1361846923828,221.22000122070312,45.18000030517578,190.34017944335935,76.61383056640625,242.26876831054688,107.5939483642578,86.87677001953125,64.49858093261719
2024-04-17,487.4018249511719,488.908935546875,447.2270202636719,420.7516784667969,173.0231170654297,219.58999633789065,44.86000061035156,188.33001708984372,75.81729125976562,240.84901428222656,106.9417495727539,87.2786636352539,64.80939483642578
2024-04-18,486.39892578125,487.7814636230469,446.2061462402344,418.35064697265625,172.0653533935547,220.33999633789065,45.0,188.1738739013672,75.72013854980469,240.35308837890625,106.72759246826172,87.03207397460938,64.63571166992188
2024-04-19,482.1534423828125,483.5537109375,442.4727478027344,409.69537353515625,168.48106384277344,221.02999877929688,45.13999938964844,188.4666290283203,75.84642028808594,238.4665985107422,105.8904266357422,87.1234130859375,64.7179946899414
2024-04-22,486.59375,488.0147705078125,446.3130798339844,413.8155212402344,170.17942810058594,215.57000732421875,44.040000915527344,190.5743408203125,76.66239166259766,240.8101501464844,106.90279388427734,87.1781997680664,64.74541473388672
2024-04-23,492.367919921875,493.8948059082031,451.94244384765625,419.9908142089844,172.69728088378906,215.0399932861328,43.90999984741211,193.7652740478516,77.99320220947266,243.6787567138672,108.15852355957033,87.36090850830078,64.86425018310547
2024-04-24,492.13427734375,493.7003784179688,451.6118774414063,421.4136657714844,173.27987670898438,214.63999938964844,43.86000061035156,192.8968048095703,77.64350891113281,243.7371063232422,108.22666931152344,87.13253784179688,64.69969940185547
2024-04-25,490.2646179199219,491.61077880859375,449.7451477050781,419.3783264160156,172.450439453125,215.9199981689453,44.11000061035156,191.72579956054688,77.17723846435547,242.5799560546875,107.73021697998048,86.88589477539062,64.51683807373047
2024-04-26,494.9093933105469,496.4217224121094,454.2467346191406,425.8499450683594,175.11642456054688,216.6199951171875,44.2599983215332,193.56033325195312,77.92520904541016,244.83595275878903,108.77178955078124,87.07772064208984,64.66313934326172
2024-04-29,496.66204833984375,498.190673828125,455.83148193359375,427.57904052734375,175.81747436523438,216.17999267578125,44.15999984741211,195.12161254882807,78.52747344970703,245.79864501953125,109.1611785888672,87.3426284790039,64.8551254272461
2024-04-30,488.7943420410156,490.26953125,448.6270751953125,419.5165710449219,172.4800567626953,211.8699951171875,43.29999923706055,191.1598358154297,76.8955307006836,241.7533721923828,107.32138061523438,86.98639678955078,64.60826873779297
2024-05-01,487.2071838378906,488.7339477539063,447.168701171875,416.4832458496094,171.2655487060547,213.7899932861328,43.68999862670898,191.55992126464844,77.08979797363281,241.1504669189453,107.14616394042967,87.2933578491211,64.8411865234375
2024-05-02,491.7642517089844,493.2047424316406,451.3396301269531,421.7989501953125,173.43783569335938,213.1300048828125,43.54999923706055,195.0825653076172,78.53718566894531,243.64959716796875,108.19747924804688,87.68733978271484,65.09793853759766
2024-05-03,497.85980224609375,499.4055786132813,456.93988037109375,430.2764587402344,176.94314575195312,212.9600067138672,43.52000045776367,197.0146484375,79.27545166015625,246.5376892089844,109.48241424560548,88.13630676269531,65.42808532714844
2024-05-06,503.0011291503906,504.6051940917969,461.5483703613281,434.9894714355469,178.9080810546875,215.1999969482422,43.95000076293945,199.5615234375,80.29541015625,249.18267822265625,110.66027069091795,88.20045471191406,65.49226379394531
2024-05-07,503.55615234375,505.2563781738281,462.20941162109375,435.0586242675781,178.9080810546875,214.2100067138672,43.7599983215332,200.0103759765625,80.47025299072266,249.4063415527344,110.78681182861328,88.3836898803711,65.6206283569336
2024-05-08,503.6047668457031,505.2078247070313,462.2289123535156,434.8017272949219,178.79945373535156,213.5800018310547,43.650001525878906,198.8491973876953,80.0428466796875,249.2312774658203,110.73815155029295,88.20045471191406,65.46475219726562
2024-05-09,506.5065002441406,507.9777221679688,464.8831481933594,435.7502746582031,179.1944122314453,216.9499969482422,44.33000183105469,200.87887573242188,80.81026458740234,250.6996307373047,111.35140228271484,88.36537170410156,65.63899230957031
2024-05-10,507.1589660644531,508.6872863769531,465.456787109375,436.7778625488281,179.609130859375,218.7100067138672,44.68000030517578,199.3663482666016,80.23712158203125,250.9330291748047,111.47794342041016,88.18213653564453,65.4555892944336
2024-05-13,507.2270202636719,508.8621826171875,465.4859008789063,437.78564453125,180.0435791015625,216.25999450683597,44.20000076293945,199.78594970703125,80.3925552368164,251.06919860839844,111.45848083496094,88.22795104980469,65.5105972290039
2024-05-14,509.5542602539063,511.18505859375,467.6930236816406,440.60162353515625,181.18898010253903,218.08999633789065,44.56999969482422,201.8546600341797,81.25708770751953,252.2944183349609,112.04254913330078,88.4661636352539,65.70317077636719
2024-05-15,515.8641967773438,517.5217895507812,473.3903503417969,447.4883117675781,184.0031280517578,220.88999938964844,45.130001068115234,204.37222290039065,82.20905303955078,255.39645385742188,113.45403289794922,89.05259704589844,66.12499237060547
2024-05-16,514.8026733398438,516.3069458007812,472.4861755371094,446.5793762207031,183.64764404296875,220.02999877929688,44.970001220703125,202.89874267578125,81.70393371582031,254.7060089111328,113.09386444091795,88.95181274414062,66.01493072509766
2024-05-17,515.542724609375,517.1817626953125,473.1862487792969,446.3619384765625,183.5686492919922,223.66000366210935,45.68999862670898,203.04510498046875,81.70393371582031,255.06581115722656,113.25933074951172,88.6677474975586,65.84989166259766
2024-05-20,516.1367797851562,517.7843017578125,473.6528930664063,449.4743347167969,184.8423614501953,224.55999755859372,45.88999938964844,203.49398803710935,81.93706512451172,255.328369140625,113.4345703125,88.58528137207031,65.78569793701172
2024-05-21,517.4027099609375,519.0477294921875,474.9265747070313,450.3536376953125,185.20774841308597,224.22999572753903,45.81999969482422,203.29884338378903,81.8302001953125,255.85345458984372,113.67790222167967,88.75021362304688,65.92323303222656
2024-05-22,515.9127807617188,517.5706176757812,473.54595947265625,450.2647705078125,185.1583709716797,220.1100006103516,44.9900016784668,201.5814208984375,81.16966247558594,254.98802185058597,113.25933074951172,88.64027404785156,65.84074401855469
2024-05-23,512.1444091796875,513.7897338867188,470.0263671875,448.2392578125,184.34869384765625,215.72000122070312,44.06999969482422,198.2734375,79.82913208007812,252.8195037841797,112.2859115600586,88.39286804199219,65.6481704711914
2024-05-24,515.5330810546875,517.2012329101562,473.2251586914063,452.4779968261719,186.10626220703125,215.9199981689453,44.119998931884766,200.4690093994141,80.69367980957031,254.64764404296875,113.08412170410156,88.49365997314453,65.72148895263672
2024-05-28,515.893310546875,517.599609375,473.6042785644531,454.1873474121094,186.7974548339844,218.19000244140625,44.56999969482422,200.19577026367188,80.60626220703125,254.64764404296875,113.1425323486328,88.08133697509766,65.40972900390625
2024-05-29,512.2807006835938,513.896728515625,470.2694396972656,450.9859924316406,185.5138397216797,216.16000366210935,44.15999984741211,197.23910522460935,79.42115783691406,252.55697631835935,112.23723602294922,87.7423095703125,65.17130279541016
2024-05-30,508.8824157714844,510.5630187988281,467.109619140625,446.1543884277344,183.5093688964844,216.57000732421875,44.2400016784668,199.1126708984375,80.15940856933594,251.322021484375,111.68236541748048,88.15464782714844,65.4555892944336
2024-05-31,513.5173950195312,515.07275390625,471.1737060546875,445.3244323730469,183.5291290283203,215.3000030517578,43.9900016784668,200.791015625,80.7811050415039,253.2571258544922,112.55847930908205,88.43869018554688,65.6939926147461
2024-06-03,513.93603515625,515.393310546875,471.6889953613281,447.715576171875,184.1413116455078,217.22000122070312,44.38999938964844,199.6590881347656,80.3828353881836,253.33489990234372,112.55847930908205,88.9736328125,66.0610122680664
2024-06-04,514.5106201171875,516.1514892578125,472.2626037597656,448.9407348632813,184.61529541015625,215.2700042724609,43.97999954223633,197.0829620361328,79.3143081665039,253.3057403564453,112.55847930908205,89.29534912109375,66.3093490600586
2024-06-05,520.6255493164062,522.3329467773438,477.911376953125,457.9913024902344,188.3279266357422,217.82000732421875,44.4900016784668,200.0982208251953,80.50910949707031,256.4077453613281,113.89208221435548,89.57106018066406,66.49333190917969
2024-06-06,520.6159057617188,522.3134155273438,477.8044128417969,457.833251953125,188.29830932617188,219.42999267578125,44.84000015258789,198.6637725830078,79.96513366699219,256.18414306640625,113.8434066772461,89.59864807128906,66.50250244140625
2024-06-07,519.9829711914062,521.6524047851562,477.18212890625,457.42816162109375,188.13043212890625,211.6000061035156,43.2400016784668,196.3315887451172,79.0520248413086,255.69786071777344,113.55137634277344,88.80818939208984,65.96902465820312
2024-06-10,521.5895385742188,523.2074584960938,478.7475280761719,459.2757568359375,188.87098693847656,213.5399932861328,43.630001068115234,197.0049285888672,79.30459594726562,256.5535888671875,113.96996307373048,88.7346420288086,65.86784362792969
2024-06-11,522.8458251953125,524.5049438476562,479.8364562988281,462.4276428222656,190.1743927001953,214.1499938964844,43.77000045776367,196.33169555664065,79.00345611572266,256.9912109375,114.17105865478516,89.03794860839844,66.13459014892578
2024-06-12,527.1399536132812,528.8722534179688,483.8323974609375,468.4844055175781,192.6330108642578,214.72000122070312,43.880001068115234,199.34555053710935,80.27599334716797,259.4125366210937,115.25467681884766,89.4607925415039,66.4381332397461
2024-06-13,528.2012939453125,529.9835815429688,484.7463073730469,471.0237121582031,193.70928955078125,212.97000122070312,43.52999877929688,197.6037750244141,79.5377197265625,259.5292358398437,115.3132553100586,89.91116333007812,66.73247528076172
2024-06-14,528.5226440429688,530.1687622070312,485.13525390625,473.4641723632813,194.7065887451172,215.72999572753903,44.08000183105469,194.4626922607422,78.2943344116211,259.334716796875,115.14730072021484,90.00308227539062,66.83362579345703
2024-06-17,532.7291870117188,534.5067749023438,488.9853515625,479.2640380859375,197.0961151123047,214.6100006103516,43.84999847412109,196.0968170166016,78.9451675415039,261.3088073730469,116.10401153564452,89.6813735961914,66.58528900146484
2024-06-18,534.0825805664062,535.8032836914062,490.28814697265625,479.4122314453125,197.1553497314453,215.47000122070312,44.02999877929688,196.43934631347656,79.1006088256836,261.969970703125,116.39688110351562,90.00308227539062,66.81524658203125
2024-06-20,532.6317749023438,534.1460571289062,488.9269714355469,475.7169799804688,195.62486267089844,218.16000366210935,44.58000183105469,195.6075439453125,78.74117279052734,261.3088073730469,116.02591705322266,89.84681701660156,66.68647003173828
2024-06-21,531.9176025390625,533.2394409179688,487.85748291015625,474.4423828125,195.0521545410156,214.77999877929688,43.88999938964844,196.04791259765625,78.90632629394531,260.9100341796875,115.86972045898438,89.85601806640625,66.70487976074219
2024-06-24,530.1886596679688,531.874755859375,486.54498291015625,469.041015625,192.9060211181641,215.6300048828125,44.08000183105469,196.8992156982422,79.24630737304688,260.4724426269531,115.67445373535156,89.92953491210938,66.74166870117188
2024-06-25,532.2302856445312,533.892578125,488.56732177734375,474.40478515625,195.1016387939453,214.55999755859372,43.84999847412109,196.25341796875,79.00345611572266,261.32818603515625,116.01615142822266,89.92033386230469,66.77848052978516
2024-06-26,532.8945922851562,534.7114868164062,489.1117248535156,475.3844299316406,195.52687072753903,212.5800018310547,43.459999084472656,195.7347717285156,78.80917358398438,261.3185119628906,116.13329315185548,89.51592254638672,66.46571350097656
2024-06-27,533.734619140625,535.4913940429688,489.8700866699219,476.6116027832031,196.01150512695312,214.9900054931641,43.959999084472656,197.72120666503903,79.61744689941406,261.9505310058594,116.34807586669922,89.66297912597656,66.58528900146484
2024-06-28,531.6343383789062,533.4539184570312,487.9811096191406,474.1375122070313,194.94337463378903,215.00999450683597,43.93000030517578,198.5333709716797,79.91969299316406,261.0546875,115.95758056640624,89.22179412841797,66.2725601196289
2024-07-01,532.7285766601562,534.604248046875,489.1031799316406,476.9184265136719,196.14996337890625,215.57000732421875,44.060001373291016,196.86990356445312,79.27619934082031,261.5816345214844,116.12352752685548,88.74327850341797,65.92286682128906
2024-07-02,536.3135986328125,538.01611328125,492.2742004394531,481.9258728027344,198.19720458984372,215.55999755859372,44.060001373291016,197.5450439453125,79.52969360351562,263.0943298339844,116.84596252441406,89.03832244873047,66.11664581298828
2024-07-03,538.70703125,540.375244140625,494.4988403320313,485.9437561035156,199.8389587402344,217.9900054931641,44.54999923706055,197.49610900878903,79.51993560791016,264.1774597167969,117.18762969970705,89.51776885986328,66.49493408203125
2024-07-05,541.8134765625,543.7189331054688,497.4552307128906,491.0106201171875,201.94554138183597,220.92999267578125,45.150001525878906,196.5567626953125,79.13969421386719,265.553466796875,117.9393310546875,89.96952819824219,66.79940032958984
2024-07-08,542.4385986328125,544.3524780273438,497.933349609375,492.1783447265625,202.449951171875,218.19000244140625,44.59999847412109,197.93646240234372,79.67594146728516,265.9145202636719,118.06625366210938,89.9972152709961,66.79940032958984
2024-07-09,542.9661254882812,544.8594360351562,498.4797973632813,492.6038513183594,202.59829711914065,218.55999755859372,44.65999984741211,197.0753326416016,79.34445190429688,265.84619140625,118.07600402832033,89.91421508789062,66.77171325683594
2024-07-10,548.3389892578125,550.0454711914062,503.28021240234375,497.7400207519531,204.72463989257807,219.3600006103516,44.83000183105469,199.00308227539065,80.1341781616211,268.4224853515625,119.2084503173828,90.00642395019531,66.82707214355469
2024-07-11,543.61083984375,545.3761596679688,498.9676513671875,486.8244934082031,200.2147674560547,223.25,45.630001068115234,206.15606689453125,83.0396499633789,267.2221374511719,118.62271118164062,90.46744537353516,67.15921783447266
2024-07-12,547.039794921875,548.8659057617188,502.05084228515625,489.68450927734375,201.4312438964844,223.1100006103516,45.61000061035156,208.5632781982422,83.97562408447266,268.988525390625,119.46227264404295,90.71636199951172,67.33453369140625
2024-07-15,548.5441284179688,550.3964233398438,503.5729064941406,491.0007019042969,201.95541381835935,223.8300018310547,45.7599983215332,212.52630615234372,85.53561401367188,270.1400756835937,119.92111206054688,90.40289306640624,67.12232971191406
2024-07-16,551.7969970703125,553.662109375,506.4317626953125,491.188720703125,202.0147705078125,228.2899932861328,46.65999984741211,219.7772216796875,88.49956512451172,272.36505126953125,120.99496459960938,90.77169036865234,67.38065338134766
2024-07-17,544.0601806640625,545.9317626953125,499.35791015625,476.7699279785156,196.12030029296875,227.22999572753903,46.43999862670898,217.4776611328125,87.60258483886719,268.52008056640625,119.29630279541016,90.83624267578124,67.44525146484375
2024-07-18,539.8792114257812,541.6132202148438,495.6014099121094,474.51361083984375,195.1312713623047,225.77999877929688,46.150001525878906,213.26998901367188,85.92560577392578,266.1780090332031,118.20291900634766,90.58731079101562,67.26995849609375
2024-07-19,536.2940673828125,538.0843505859375,492.293701171875,470.3077392578125,193.410400390625,221.72999572753903,45.31999969482422,212.18382263183597,85.4381103515625,264.5190124511719,117.50979614257812,90.40289306640624,67.09463500976562
2024-07-22,541.8232421875,543.6701049804688,497.4065246582031,477.3142395019531,196.30821228027344,221.8000030517578,45.33000183105469,215.5597381591797,86.7933349609375,267.2807312011719,118.7789077758789,90.36602020263672,67.06694793701172
2024-07-23,540.9732666015625,542.7634887695312,496.5771484375,475.6318664550781,195.60598754882807,222.5800018310547,45.4900016784668,217.8495178222656,87.7195816040039,267.0855407714844,118.6520004272461,90.35677337646484,67.076171875
2024-07-24,528.7135009765625,530.5099487304688,485.2101440429688,458.5707702636719,188.6236267089844,221.8000030517578,45.310001373291016,213.17214965820312,85.89635467529297,261.0741882324219,115.88923645019533,90.0802001953125,66.88243865966797
2024-07-25,525.9586791992188,527.7122192382812,482.7610473632813,453.5138244628906,186.4774627685547,218.3300018310547,44.619998931884766,215.8337554931641,86.92008972167969,260.0690612792969,115.53778076171876,90.32913970947266,67.03005981445312
2024-07-26,531.849365234375,533.6099243164062,488.17626953125,458.1650695800781,188.4554748535156,220.6300048828125,45.08000183105469,219.4053649902344,88.392333984375,263.1820983886719,116.92405700683594,90.65184020996094,67.29763793945312
2024-07-29,532.1619262695312,533.9803466796875,488.5372924804688,459.08544921875,188.81155395507807,220.32000732421875,45.02000045776367,216.96881103515625,87.42708587646484,263.2015991210937,116.9338150024414,90.7993621826172,67.38065338134766
2024-07-30,529.4657592773438,531.1046752929688,485.9809265136719,452.7815246582031,186.2203369140625,222.5200042724609,45.4900016784668,217.7908172607422,87.70983123779297,262.1086120605469,116.43592071533205,90.89156341552734,67.46370697021484
2024-07-31,538.0719604492188,539.390625,493.6402282714844,466.1810302734375,191.6302032470703,226.5500030517578,46.29999923706055,219.05308532714844,88.28507232666016,265.9926452636719,118.14434051513672,91.3802261352539,67.83275604248047
2024-08-01,530.452392578125,532.3035888671875,486.9078674316406,454.889404296875,187.1104431152344,225.7700042724609,46.13999938964844,211.92942810058597,85.40884399414062,261.8255920410156,116.37736511230467,91.76310729980467,68.08634185791016
2024-08-02,520.5762329101562,522.2824096679688,478.0093994140625,444.0926513671875,182.64010620117188,225.33999633789065,46.04999923706055,204.43389892578125,82.36690521240234,256.5559387207031,113.9855728149414,92.78968048095705,68.86373901367188
2024-08-05,505.4151611328125,507.08489990234375,463.65673828125,430.85150146484375,177.3884735107422,222.47999572753903,45.47999954223633,197.8582000732422,79.67594146728516,249.022216796875,110.71517181396484,92.71568298339844,68.7989273071289
2024-08-06,510.0748291015625,511.9005432128906,468.2815551757813,434.9683227539063,178.93133544921875,220.6999969482422,45.09999847412109,200.0109405517578,80.57292938232422,251.5497283935547,111.74021911621094,92.16082000732422,68.37322235107422
2024-08-07,506.6654357910156,508.3618774414063,465.0324401855469,430.2577209472656,176.97311401367188,220.5500030517578,45.060001373291016,197.6428985595703,79.60769653320312,249.6272735595703,110.80303192138672,91.8833465576172,68.20662689208984
2024-08-08,518.3781127929688,520.1378173828125,475.88232421875,443.4197082519531,182.34341430664065,224.00999450683597,45.77000045776367,202.4474639892578,81.5089111328125,255.47271728515625,113.5169677734375,91.74461364746094,68.1048583984375
2024-08-09,520.6640625,522.3604125976562,477.9215698242188,445.7354431152344,183.302734375,224.55999755859372,45.88999938964844,202.02670288085935,81.35292053222656,256.5754699707031,113.94652557373048,92.0683135986328,68.345458984375
2024-08-12,520.9376220703125,522.6138916015625,478.16552734375,446.6953125,183.767578125,228.41000366210935,46.66999816894531,200.2066650390625,80.66067504882812,256.4095153808594,113.87818145751952,92.2255401611328,68.46577453613281
2024-08-13,529.5048217773438,531.309326171875,486.1077880859375,457.7790832519531,188.287353515625,228.05999755859372,46.59999847412109,203.5043029785156,81.91840362548828,260.6741027832031,115.7720947265625,92.59546661376952,68.72491455078125
2024-08-14,531.17529296875,533.0444946289062,487.65911865234375,457.9275817871094,188.3565826416016,226.1999969482422,46.22999954223633,202.2419891357422,81.47966766357422,261.4158020019531,116.09424591064452,92.76193237304688,68.8544692993164
2024-08-15,540.2797241210938,542.1688842773438,496.0307312011719,469.4963073730469,193.12359619140625,226.91000366210935,46.369998931884766,207.4868927001953,83.55638122558594,265.9437866210937,118.12483215332033,92.3735122680664,68.56755828857422
2024-08-16,541.4910278320312,543.3971557617188,497.0747375488281,470.0998840332031,193.3510589599609,231.9900054931641,47.400001525878906,208.03488159179688,83.80989074707031,266.578125,118.3884048461914,92.59546661376952,68.71563720703125
2024-08-19,546.6685180664062,548.4467163085938,501.8556518554688,476.275146484375,195.8928375244141,231.6100006103516,47.34999847412109,210.5790252685547,84.84336853027344,269.0958557128906,119.53060913085938,92.6972198486328,68.7989273071289
2024-08-20,545.7794799804688,547.6279907226562,501.0263366699219,475.275634765625,195.4675445556641,232.4600067138672,47.5099983215332,208.12294006347656,83.88787841796875,268.4420166015625,119.2084503173828,92.97466278076172,69.0025405883789
2024-08-21,547.6552124023438,549.7628173828125,502.78265380859375,477.4923706054688,196.4169921875,232.1499938964844,47.459999084472656,210.8334808349609,84.93112182617188,269.7887268066406,119.803955078125,93.150390625,69.15060424804688
2024-08-22,543.3568725585938,545.11279296875,498.71392822265625,469.92181396484375,193.2818298339844,229.3699951171875,46.880001068115234,208.9742431640625,84.20963287353516,267.50518798828125,118.87653350830078,92.77117156982422,68.87296295166016
2024-08-23,549.1302490234375,551.0007934570312,504.1095581054688,475.018310546875,195.35874938964844,232.0200042724609,47.43000030517578,215.6478271484375,86.84208679199219,270.89141845703125,120.30183410644533,93.19660949707033,69.17838287353516
2024-08-26,547.8212280273438,549.4411010742188,502.8705139160156,470.4066467285156,193.4796600341797,232.75999450683597,47.58000183105469,215.71632385253903,86.91035461425781,270.2083740234375,120.03824615478516,93.1133804321289,69.10435485839844
2024-08-27,548.5733642578125,550.4451293945312,503.5436096191406,471.81195068359375,194.0829162597656,233.38999938964844,47.709999084472656,214.04302978515625,86.25709533691406,270.4522705078125,120.13587188720705,93.14115142822266,69.10435485839844
2024-08-28,545.3888549804688,547.228271484375,500.6653442382813,466.45806884765625,191.8972320556641,231.75,47.380001068115234,212.5948181152344,85.68184661865234,268.8031005859375,119.44274139404295,93.05792236328124,69.0580825805664
2024-08-29,545.4376220703125,547.3158569335938,500.7434387207031,465.7752380371094,191.5807647705078,232.9499969482422,47.619998931884766,214.1115264892578,86.22785186767578,269.0665283203125,119.50133514404295,92.93765258789062,68.95626831054688
2024-08-30,550.6443481445312,552.4824829101562,505.4560546875,471.3270568847656,193.9247131347656,231.2899932861328,47.27999877929688,215.354248046875,86.72509002685547,271.6623840332031,120.64352416992188,92.71568298339844,68.81745147705078
2024-09-03,539.3126220703125,541.2818603515625,495.2306823730469,457.0170593261719,187.99066162109372,230.2899932861328,47.09000015258789,208.76876831054688,84.14138793945312,265.8169250488281,117.9393310546875,93.1072006225586,69.11078643798828
2024-09-04,538.2088012695312,540.1509399414062,494.001220703125,455.8294982910156,187.46646118164065,230.42999267578125,47.11000061035156,208.41650390625,83.96587371826172,265.2216491699219,117.76361846923828,93.51541137695312,69.41712188720703
2024-09-05,536.899658203125,538.6497802734375,492.7815551757813,456.2550964355469,187.6939239501953,232.3500061035156,47.5099983215332,207.37924194335935,83.55638122558594,264.40191650390625,117.37313079833984,93.7566146850586,69.5842056274414
2024-09-06,527.8636474609375,529.6910400390625,484.575927734375,444.03326416015625,182.6697540283203,230.6300048828125,47.150001525878906,203.435791015625,81.96715545654297,260.010498046875,115.4499282836914,93.87721252441406,69.66775512695312
2024-09-09,533.773681640625,535.6375122070312,490.0301513671875,449.743408203125,184.9840545654297,231.6000061035156,47.34999847412109,204.0033721923828,82.181640625,262.7917175292969,116.69952392578124,94.01638793945312,69.76058959960938
2024-09-10,536.0987548828125,537.6163940429688,492.0498352050781,453.8998107910156,186.65548706054688,232.6199951171875,47.54999923706055,203.8369903564453,82.14265441894531,263.8163757324219,117.09977722167967,94.3039779663086,69.99266052246094
2024-09-11,541.5985107421875,543.4166259765625,497.08447265625,463.7564392089844,190.68077087402344,232.25,47.47999954223633,204.43389892578125,82.36690521240234,266.4414978027344,118.2419662475586,94.2761459350586,69.95552825927734
2024-09-12,546.1604614257812,548.017822265625,501.3580932617188,468.3087158203125,192.6291046142578,236.3300018310547,48.31999969482422,207.0661163330078,83.41014099121094,268.6567077636719,119.25725555419922,94.19264221191406,69.88125610351562
2024-09-13,549.0130004882812,550.8253784179688,504.0217590332031,470.4066467285156,193.4796600341797,238.67999267578125,48.79999923706055,212.17405700683597,85.47711944580078,270.5303649902344,120.08706665039062,94.38745880126952,70.02979278564453
2024-09-16,549.82373046875,551.74169921875,504.7828369140625,468.3284606933594,192.6488494873047,238.66000366210935,48.77000045776367,212.93728637695312,85.80860900878906,271.0671081542969,120.34087371826172,94.61014556884766,70.2154312133789
2024-09-17,550.0484619140625,551.9464111328125,505.0171508789063,468.5758972167969,192.75767517089844,237.33999633789065,48.52999877929688,214.6986389160156,86.49109649658203,271.34033203125,120.4580307006836,94.517333984375,70.12261962890625
2024-09-18,548.4171752929688,550.2989501953125,503.3777770996094,466.547119140625,191.8972320556641,235.50999450683597,48.150001525878906,214.73779296875,86.52033996582031,270.65728759765625,120.13587188720705,94.2204818725586,69.90911865234375
2024-09-19,557.7755126953125,559.7352294921875,512.1591186523438,478.3434448242188,196.75323486328125,239.1699981689453,48.88999938964844,219.1607208251953,88.31432342529297,275.2438049316406,122.27383422851562,94.22975158691406,69.90911865234375
2024-09-20,556.8113403320312,558.5654907226562,511.154296875,477.4329833984375,196.40708923339844,242.2100067138672,49.52000045776367,216.8122711181641,87.4173355102539,274.6680603027344,121.97120666503906,94.1462631225586,69.89984130859375
2024-09-23,558.2027587890625,560.115478515625,512.412841796875,478.6985473632813,196.9122772216797,242.67999267578125,49.59999847412109,216.0196533203125,87.04683685302734,275.3511657714844,122.25431060791016,94.10913848876952,69.85340118408203
2024-09-24,559.7999267578125,561.743408203125,513.88623046875,481.0075378417969,197.8433380126953,246.07000732421875,50.310001373291016,216.3817138671875,87.18334197998047,276.04400634765625,122.57646942138672,94.2390365600586,69.93696594238281
2024-09-25,558.5653076171875,560.4173583984375,512.8421020507812,481.4535217285156,198.0810546875,245.72999572753903,50.25,213.74246215820312,86.14984893798828,275.136474609375,122.18060302734376,93.87721252441406,69.67703247070312
2024-09-26,560.7798461914062,562.81494140625,514.8814086914062,485.0707092285156,199.52720642089844,246.97999572753903,50.5,214.8814392089844,86.5772476196289,276.3661193847656,122.7097396850586,93.89576721191406,69.67703247070312
2024-09-27,559.9664916992188,561.7972412109375,514.21484375,482.3751831054688,198.41786193847656,245.0200042724609,50.09000015258789,216.33457946777344,87.15432739257812,276.09295654296875,122.64114379882812,94.16480255126952,69.88125610351562
2024-09-30,562.2103881835938,564.4884033203125,516.4561767578125,483.6833190917969,198.94281005859372,243.05999755859372,49.70000076293945,216.88442993164065,87.3988265991211,277.1795349121094,123.0918960571289,93.951416015625,69.72346496582031
2024-10-01,557.173828125,559.1549072265625,511.6310424804688,476.94439697265625,196.1792907714844,245.6100006103516,50.209999084472656,213.93882751464844,86.20560455322266,274.65399169921875,121.9748306274414,94.19989013671876,69.92920684814453
2024-10-02,557.4090576171875,559.3800048828125,511.7191162109375,477.6183471679688,196.4764709472656,245.66000366210935,50.220001220703125,213.64427185058597,86.06867980957031,274.7127380371094,122.00421905517578,94.00448608398438,69.79886627197266
2024-10-03,556.3900146484375,558.3132934570312,510.75006103515625,477.2615661621094,196.3179626464844,245.4900054931641,50.20000076293945,212.21078491210935,85.50141143798828,274.1254272460937,121.75926208496094,93.62297058105467,69.49163055419922
2024-10-04,561.4461059570312,563.382568359375,515.4580078125,482.9400329589844,198.65557861328125,245.0,50.08000183105469,215.1759796142578,86.70441436767578,276.7781677246094,122.93511199951172,93.01810455322266,69.03543853759766
2024-10-07,556.3703002929688,558.3328857421875,510.818603515625,477.7669982910156,196.5259704589844,244.1699981689453,49.91999816894531,213.4871826171875,86.02954864501953,274.252685546875,121.78865814208984,92.7017059326172,68.8305892944336
2024-10-08,561.6322631835938,563.6272583007812,515.6536254882812,484.9022521972656,199.4677734375,242.3699951171875,49.540000915527344,213.63446044921875,86.05890655517578,276.56280517578125,122.82732391357422,92.8599090576172,68.93299865722656
2024-10-09,565.5223999023438,567.45361328125,519.1771240234375,488.7176513671875,201.0426788330078,241.0500030517578,49.27000045776367,214.1057586669922,86.25450897216797,278.4912109375,123.71900939941406,92.6179656982422,68.7468032836914
2024-10-10,564.53271484375,566.4555053710938,518.30615234375,488.1626892089844,200.84458923339844,242.82000732421875,49.650001525878906,212.91770935058597,85.78504180908203,277.9137268066406,123.4936294555664,92.56212615966795,68.71888732910156
2024-10-11,567.9132690429688,569.9002075195312,521.3890991210938,488.9257507324219,201.1020965576172,245.47000122070312,50.15999984741211,217.24774169921875,87.52597045898438,280.06719970703125,124.37552642822266,92.59001922607422,68.7281723022461
2024-10-14,572.557861328125,574.5975952148438,525.656494140625,493.0285034179688,202.80577087402344,245.07000732421875,50.09999847412109,218.84814453125,88.2008285522461,282.2500915527344,125.375,92.50626373291016,68.68164825439453
2024-10-15,568.1093139648438,570.0371704101562,521.6533813476562,486.4382934570313,200.1016998291016,245.9199981689453,50.27999877929688,219.02490234375,88.23017120361328,280.3118896484375,124.5029067993164,92.8785171508789,68.95162200927734
2024-10-16,570.5785522460938,572.5718994140625,523.845703125,486.4977722167969,200.1016998291016,247.1499938964844,50.52999877929688,222.62835693359372,89.68746948242188,281.7411193847656,125.13983154296876,92.99948120117188,69.04476165771484
2024-10-17,570.6275024414062,572.7380981445312,523.9240112304688,486.834716796875,200.27999877929688,248.6300048828125,50.84000015258789,222.0196075439453,89.45274353027344,281.682373046875,125.13001251220705,92.54351806640624,68.70957946777344
2024-10-18,572.8225708007812,574.9010009765625,525.9402465820312,490.0257568359375,201.5874481201172,251.2700042724609,51.369998931884766,221.55810546875,89.28646850585938,282.7885131835937,125.58077239990234,92.60865783691406,68.7468032836914
2024-10-21,571.8817749023438,574.049560546875,525.1279907226562,490.9672546386719,201.9539337158203,251.22000122070312,51.380001068115234,218.07249450683597,87.8682861328125,281.8977355957031,125.27699279785156,91.9665756225586,68.28131103515625
2024-10-22,571.5779418945312,573.599365234375,524.7658081054688,491.5024108886719,202.1718292236328,253.92999267578125,51.91999816894531,217.24774169921875,87.51618957519531,281.5746459960937,125.08103942871094,91.98516845703124,68.3092269897461
2024-10-23,566.355224609375,568.3734741210938,519.9797973632812,483.97064208984375,199.1112060546875,250.8699951171875,51.290000915527344,215.2643585205078,86.78265380859375,279.02960205078125,123.94437408447266,91.75253295898438,68.14165496826172
2024-10-24,567.580078125,569.5870361328125,521.1541748046875,487.8951110839844,200.6959991455078,252.8000030517578,51.68000030517578,215.7356414794922,86.95870208740234,279.7735290527344,124.2971420288086,91.9293441772461,68.25334930419922
2024-10-25,567.3841552734375,569.4598388671875,520.9486694335938,490.86810302734375,201.9143218994141,253.32000732421875,51.79999923706055,214.9207000732422,86.62617492675781,279.50927734375,124.17955780029295,91.74324035644533,68.11373138427734
2024-10-28,569.1381225585938,571.1724243164062,522.5734252929688,490.9474182128906,201.97373962402344,253.3300018310547,51.77999877929688,218.42593383789065,88.0443344116211,280.644775390625,124.7184829711914,91.5943374633789,68.02991485595703
2024-10-29,570.0592651367188,572.0531616210938,523.4053955078125,495.6646728515625,203.855712890625,256.0899963378906,52.36000061035156,217.71902465820312,87.76071166992188,281.0166931152344,124.88504791259766,91.69668579101562,68.08577728271484
2024-10-30,568.3346557617188,570.2133178710938,521.8294677734375,491.9186096191406,202.3699493408203,257.5,52.650001525878906,217.4244537353516,87.62377166748047,280.3217163085937,124.52251434326172,91.6036605834961,68.02059936523438
2024-10-31,557.1934204101562,559.0277709960938,511.5624084472656,479.5012817382813,197.23915100097656,253.50999450683597,51.84000015258789,213.8111724853516,86.12735748291016,275.0945129394531,122.23939514160156,91.58503723144533,68.01129913330078
2024-11-01,559.5452880859375,561.4546508789062,513.7842407226562,483.049072265625,198.6951904296875,252.47000122070312,51.619998931884766,215.00906372070312,86.63594055175781,276.2691650390625,122.72933959960938,91.22096252441406,67.74791717529297
2024-11-04,558.3399047851562,560.3292846679688,512.66845703125,481.6418151855469,198.1206817626953,252.8300018310547,51.70000076293945,216.0989227294922,87.0662841796875,275.7698974609375,122.53337097167967,91.60370635986328,68.01876831054688
2024-11-05,565.0912475585938,567.101318359375,518.8345336914062,487.7861022949219,200.6563873291016,253.3999938964844,51.810001373291016,220.1638641357422,88.73876953125,279.2742919921875,124.11095428466795,91.81841278076172,68.18689727783203
2024-11-06,579.142578125,581.1837158203125,531.7540893554688,501.0359191894531,206.09425354003903,245.6999969482422,50.22999954223633,232.91830444335935,93.89309692382812,287.08575439453125,127.52091217041016,91.09961700439452,67.62651824951172
2024-11-07,583.62060546875,585.7147827148438,535.8942260742188,508.92431640625,209.34307861328125,249.6499938964844,51.060001373291016,232.09353637695312,93.55078125,289.0924377441406,128.45181274414062,91.79042053222656,68.1308364868164
2024-11-08,586.148681640625,588.2786865234375,538.2627563476562,509.5190124511719,209.61053466796875,247.9600067138672,50.70000076293945,233.80197143554688,94.23541259765624,290.4432983398437,129.05934143066406,91.94911193847656,68.2615966796875
2024-11-11,586.7072143554688,588.7289428710938,538.7031860351562,509.22174072265625,209.4916839599609,242.13999938964844,49.5099983215332,237.31707763671875,95.63402557373048,291.2557983398437,129.48065185546875,91.74373626708984,68.1308364868164
2024-11-12,584.8846435546875,586.9282836914062,537.0882568359375,508.3000793457031,209.1251983642578,240.0500030517578,49.08000183105469,233.1539764404297,93.96155548095705,290.1104736328125,128.90257263183594,91.2116241455078,67.71990203857422
2024-11-13,585.1687622070312,587.3685913085938,537.3623046875,507.64599609375,208.8280487060547,237.6300048828125,48.59000015258789,230.84657287597656,93.0421905517578,289.9734802246094,128.84375,91.19296264648438,67.69187927246094
2024-11-14,581.4060668945312,583.4833984375,533.9464111328125,504.1180114746094,207.35215759277344,237.00999450683597,48.459999084472656,227.7340545654297,91.77072143554688,287.8297424316406,127.92266845703124,91.15562438964844,67.6732177734375
2024-11-15,573.9590454101562,576.0753173828125,527.0560913085938,492.1069030761719,202.4095764160156,236.58999633789065,48.369998931884766,224.3367919921875,90.4210205078125,284.1784973144531,126.25689697265624,91.16495513916016,67.69187927246094
2024-11-18,576.310791015625,578.4728393554688,529.2387084960938,495.52587890625,203.84580993652344,241.08999633789065,49.290000915527344,224.7786407470703,90.60684967041016,285.3335876464844,126.83501434326172,91.24896240234376,67.75727844238281
2024-11-19,578.41748046875,580.4888305664062,531.1668090820312,498.9349670410156,205.24241638183597,243.25,49.7400016784668,226.44781494140625,91.27190399169922,286.6452331542969,127.43274688720705,91.37965393066406,67.8786849975586
2024-11-20,578.613525390625,580.7530517578125,531.362548828125,498.6476135253906,205.1433563232422,244.6199951171875,50.02999877929688,226.74234008789065,91.3795166015625,286.81170654296875,127.5503158569336,91.28631591796876,67.80397033691406
2024-11-21,581.7196044921875,583.72802734375,534.0443725585938,500.44140625,205.9060516357422,246.66000366210935,50.43999862670898,230.1887359619141,92.7683334350586,288.818359375,128.40280151367188,91.23965454101562,67.7666244506836
2024-11-22,583.5226440429688,585.656005859375,535.83544921875,501.2440490722656,206.2032012939453,249.83999633789065,51.08000183105469,234.4402008056641,94.46036529541016,290.24755859375,129.0005340576172,91.30498504638672,67.79462432861328
2024-11-25,585.5020141601562,587.3880615234375,537.55810546875,502.0368347167969,206.53005981445312,242.47999572753903,49.59000015258789,238.00436401367188,95.90788269042967,291.6669311523437,129.6178436279297,92.12647247314452,68.42036437988281
2024-11-26,588.5591430664062,590.8525390625,540.5725708007812,504.732421875,207.63943481445312,242.9499969482422,49.68999862670898,236.2566375732422,95.21347045898438,292.73388671875,130.1273956298828,91.98643493652344,68.29894256591797
2024-11-27,586.7757568359375,588.9539794921875,538.8500366210938,500.7584228515625,206.02491760253903,243.4900054931641,49.77999877929688,236.58067321777344,95.36017608642578,291.90191650390625,129.68646240234375,92.23847198486328,68.4857406616211
2024-11-29,590.4208984375,592.1344604492188,541.6882934570312,505.1585083007813,207.8078155517578,245.58999633789065,50.25,237.4839782714844,95.73182678222656,293.5267944335937,130.42135620117188,92.6025390625,68.73790740966797
2024-12-02,591.4791259765625,593.7394409179688,543.2152709960938,510.6586608886719,210.0859832763672,243.44000244140625,49.790000915527344,237.36614990234372,95.6633758544922,294.0848083496094,130.70550537109375,92.61377716064452,68.7781753540039
2024-12-03,591.7535400390625,593.9840698242188,543.3424682617188,512.2244262695312,210.7297821044922,243.92999267578125,49.88999938964844,235.6773223876953,94.9787368774414,294.0848083496094,130.6859130859375,92.43586730957033,68.6189193725586
2024-12-04,595.4279174804688,597.6441040039062,546.7681274414062,518.5570068359375,213.3249053955078,244.6699981689453,50.040000915527344,236.5217437744141,95.32105255126952,296.0621337890625,131.61680603027344,92.73551940917967,68.85311889648438
2024-12-05,594.4481201171875,596.69482421875,545.8577880859375,517.1199951171875,212.76036071777344,242.8600006103516,49.66999816894531,233.76271057128903,94.1865234375,295.2398376464844,131.224853515625,92.7542495727539,68.86250305175781
2024-12-06,595.5750732421875,597.7713012695312,546.9441528320312,521.7481079101562,214.6620941162109,242.9499969482422,49.68000030517578,234.5972900390625,94.54840087890624,296.0621337890625,131.57762145996094,93.0164566040039,69.04988098144531
2024-12-09,592.5079956054688,594.6887817382812,544.0960693359375,517.6848754882812,212.998046875,245.3600006103516,50.16999816894531,233.4190673828125,94.08870697021484,294.1728515625,130.7349090576172,92.74488067626952,68.84375
2024-12-10,590.6658325195312,592.96630859375,542.5496826171875,515.9209594726562,212.24526977539065,248.58999633789065,50.83000183105469,232.40771484375,93.70726776123048,293.06671142578125,130.2743682861328,92.63250732421876,68.76880645751953
2024-12-11,595.2320556640625,597.5365600585938,546.6604614257812,525.1571655273438,216.0587158203125,250.9600067138672,51.29999923706055,233.45835876464844,94.0984878540039,295.4258117675781,131.29344177246094,92.41714477539062,68.6189193725586
2024-12-12,592.1651611328125,594.36572265625,543.8416748046875,521.7678833007812,214.67198181152344,247.27999877929688,50.56999969482422,230.4243621826172,92.8465805053711,293.7421569824219,130.53892517089844,92.04254150390624,68.3472900390625
2024-12-13,592.0474243164062,594.2581176757812,543.8024291992188,525.76171875,216.3360748291016,244.2899932861328,49.97999954223633,228.8435516357422,92.23040771484376,293.59527587890625,130.4115447998047,91.69608306884766,68.07560729980469
2024-12-16,594.5755004882812,596.792724609375,545.9360961914062,533.3330688476562,219.40663146972656,244.8800048828125,50.060001373291016,230.1887359619141,92.8270263671875,294.78955078125,130.99948120117188,91.7803726196289,68.15056610107422
2024-12-17,592.1258544921875,594.194091796875,543.6458740234375,530.9843139648438,218.4854278564453,243.94000244140625,49.90999984741211,227.55343627929688,91.70226287841795,293.3310241699219,130.31903076171875,91.7803726196289,68.1599349975586
2024-12-18,574.4784545898438,576.7233276367188,527.6824951171875,511.8280334472656,210.62083435058597,239.25999450683597,48.93000030517578,217.4791412353516,87.66288757324219,284.2568664550781,126.2087631225586,91.08136749267578,67.62594604492188
2024-12-19,574.3020629882812,576.3010864257812,527.4866943359375,509.5487365722656,209.61053466796875,239.6000061035156,49.0,216.5140686035156,87.26189422607422,283.85546875,126.1497573852539,90.84650421142578,67.4385986328125
2024-12-20,581.2000122070312,582.6844482421875,533.45703125,513.9983520507812,211.51231384277344,242.1000061035156,49.5,218.54269409179688,88.07369232177734,287.08575439453125,127.62471771240234,91.09076690673828,67.6446762084961
2024-12-23,584.680419921875,586.9171752929688,537.275634765625,519.0060424804688,213.54579162597656,240.9600067138672,49.27000045776367,218.04046630859372,87.8979721069336,288.7169189453125,128.29339599609375,90.8089370727539,67.42925262451172
2024-12-24,591.1790771484375,593.5165405273438,542.8036499023438,526.043701171875,216.4521942138672,241.44000244140625,49.38999938964844,219.9903259277344,88.71273803710938,291.7808837890625,129.66021728515625,90.91227722167967,67.5260238647461
2024-12-26,591.2184448242188,593.2318115234375,542.7938232421875,525.6863403320312,216.28355407714844,243.07000732421875,49.720001220703125,222.24546813964844,89.6158676147461,291.9477844238281,129.73886108398438,90.97801971435548,67.57301330566406
2024-12-27,584.9949340820312,586.80908203125,537.1676025390625,518.6983642578125,213.41683959960935,241.3999938964844,49.369998931884766,219.0055389404297,88.29063415527344,288.7856750488281,128.32289123535156,90.79015350341795,67.4320297241211
2024-12-30,578.3192749023438,580.3765258789062,531.1879272460938,511.7996826171875,210.55010986328125,240.6300048828125,49.220001220703125,217.3215484619141,87.5838394165039,285.5940856933594,126.88724517822266,91.14714050292967,67.69519805908203
2024-12-31,576.2153930664062,578.117919921875,529.0474853515625,507.4521179199219,208.7546844482422,242.1300048828125,49.5099983215332,217.5972900390625,87.69181060791016,284.60223388671875,126.47425842285156,91.03441619873048,67.58242797851562
2025-01-02,574.7994995117188,576.909912109375,527.7218627929688,506.4595031738281,208.35792541503903,245.4199981689453,50.18999862670898,217.7745513916016,87.76054382324219,284.0621032714844,126.23826599121094,91.04381561279295,67.61062622070312
2025-01-03,581.9864501953125,583.9414672851562,534.5361328125,514.7477416992188,211.74046325683597,243.4900054931641,49.790000915527344,221.01451110839844,89.11522674560547,287.7938232421875,127.88040924072266,90.9498519897461,67.5260238647461
2025-01-06,585.339111328125,587.5653076171875,537.6487426757812,520.6636962890625,214.19053649902344,243.19000244140625,49.7400016784668,221.1031188964844,89.12503814697266,289.4043273925781,128.62770080566406,90.85590362548828,67.46025848388672
2025-01-07,578.7223510742188,580.9560546875,531.600341796875,511.3728637695313,210.3814849853516,244.55999755859372,50.0099983215332,219.3305206298828,88.41825103759766,286.1734619140625,127.16256713867188,90.53649139404295,67.22528839111328
2025-01-08,579.56787109375,581.56494140625,532.317138671875,511.4622497558594,210.46083068847656,245.8600006103516,50.290000915527344,218.3358917236328,88.02557373046875,286.4386291503906,127.32974243164062,90.63983154296876,67.30046844482422
2025-01-10,570.7193603515625,572.8639526367188,524.2166137695312,503.4420166015625,207.16758728027344,248.2100067138672,50.77999877929688,213.53016662597656,86.08190155029297,282.1372985839844,125.35327911376952,90.13253021240234,66.95272827148438
2025-01-13,571.604248046875,573.6986694335938,524.89404296875,501.823974609375,206.4633026123047,245.7400054931641,50.25,213.9437713623047,86.2291488647461,282.598876953125,125.61876678466795,90.04796600341797,66.88695526123047
2025-01-14,572.3907470703125,574.4940185546875,525.561767578125,501.3475341796875,206.27484130859372,247.02999877929688,50.52999877929688,216.3761749267578,87.25006866455078,283.2372131347656,125.89409637451172,90.07615661621094,66.93395233154297
2025-01-15,582.802490234375,584.9431762695312,535.1743774414062,512.8816528320312,210.9469146728516,248.8800048828125,50.90999984741211,220.63043212890625,88.93852996826172,288.43212890625,128.21473693847656,90.85590362548828,67.46966552734375
2025-01-16,581.6817016601562,583.9513549804688,534.3790283203125,509.2884521484375,209.5185089111328,250.6000061035156,51.25,221.07359313964844,89.11522674560547,288.216064453125,128.07705688476562,91.0531997680664,67.6012191772461
2025-01-17,587.521728515625,589.4901733398438,539.5045166015625,517.8843994140625,213.0498046875,249.2700042724609,50.9900016784668,222.02882385253903,89.47843933105469,290.8774108886719,129.27670288085938,91.0531997680664,67.62002563476562
2025-01-21,592.8995361328125,594.83251953125,544.4139404296875,520.921875,214.35919189453125,253.1300048828125,51.75,226.2929229736328,91.22579193115234,293.7646179199219,130.5943603515625,91.35382843017578,67.81737518310547
2025-01-22,596.2325439453125,598.3678588867188,547.5068969726562,527.5822143554688,217.06719970703125,254.42999267578125,52.02999877929688,224.81576538085935,90.62698364257812,295.19830322265625,131.24334716796875,91.13775634765624,67.6764144897461
2025-01-23,599.48681640625,601.7069702148438,550.5408935546875,528.7039184570312,217.5433349609375,254.07000732421875,51.97999954223633,225.8399353027344,91.02947998046876,296.7499389648437,131.9218292236328,90.98741912841795,67.57301330566406
2025-01-24,597.73681640625,599.929443359375,548.8815307617188,525.7161865234375,216.29347229003903,255.6499938964844,52.310001373291016,225.20965576171875,90.78404998779295,295.8857727050781,131.54815673828125,91.13775634765624,67.70458984375
2025-01-27,589.2816162109375,591.5623168945312,541.2423706054688,510.41009521484375,210.0045623779297,252.9900054931641,51.7599983215332,223.0529937744141,89.93982696533203,291.7611999511719,129.64051818847656,91.6450653076172,68.06172943115234
2025-01-28,594.3449096679688,596.5903930664062,545.7786865234375,517.9539184570312,213.07958984375,255.17999267578125,52.18000030517578,223.2991943359375,90.01834106445312,294.265380859375,130.74185180664062,91.61688232421876,68.02413940429688
2025-01-29,591.6805419921875,594.0565795898438,543.3828735351562,516.981201171875,212.7125701904297,254.1999969482422,52.0,222.787109375,89.81221008300781,293.0083923339844,130.2108612060547,91.56051635742188,67.98652648925781
2025-01-30,594.8561401367188,597.0323486328125,546.220458984375,519.1847534179688,213.60528564453125,258.04998779296875,52.7599983215332,225.05210876464844,90.71533203125,294.8447570800781,130.98768615722656,91.6920394897461,68.08051300048828
2025-01-31,591.6902465820312,593.8111572265625,543.3043823242188,518.430419921875,213.25811767578125,258.5599975585937,52.869998931884766,223.0332946777344,89.9201889038086,293.2342529296875,130.2797088623047,91.50414276123048,67.98652648925781
2025-02-03,587.70849609375,589.9026489257812,539.740234375,514.28125,211.59165954589844,259.94000244140625,53.16999816894531,220.4236297607422,88.86981201171875,291.09344482421875,129.3258819580078,91.5908660888672,68.0478286743164
2025-02-04,591.6510009765625,593.8406372070312,543.323974609375,520.5942993164062,214.21038818359372,262.5,53.68999862670898,223.47645568847656,90.10671997070312,293.2048034667969,130.20103454589844,91.7605209350586,68.14210510253906
2025-02-05,594.0499877929688,596.276123046875,545.5528564453125,522.9566650390625,215.1527404785156,264.1300048828125,54.02000045776367,225.9088592529297,91.10798645019533,294.5600280761719,130.85984802246094,92.25067138671876,68.49097442626953
2025-02-06,596.1146240234375,598.4661254882812,547.5166625976562,525.6863403320312,216.28355407714844,263.42999267578125,53.88999938964844,225.17025756835935,90.8134994506836,295.2867126464844,131.2335205078125,92.15641784667967,68.41556549072266
2025-02-07,590.6580810546875,592.9666748046875,542.1948852539062,519.0556640625,213.615234375,263.8999938964844,53.970001220703125,222.56060791015625,89.7238540649414,292.64508056640625,130.043701171875,91.86419677734376,68.20812225341797
2025-02-10,594.6693115234375,596.845703125,546.0733032226562,525.3389892578125,216.10501098632807,268.3699951171875,54.880001068115234,223.56509399414065,90.1263427734375,294.5207214355469,130.83035278320312,91.89248657226562,68.22699737548828
2025-02-11,595.1216430664062,597.317138671875,546.5642700195312,524.0883178710938,215.6486968994141,267.3900146484375,54.68999862670898,222.26516723632807,89.60604858398438,294.3636169433594,130.7713623046875,91.68511962890624,68.11383056640625
2025-02-12,593.2044067382812,595.3333129882812,544.757568359375,524.3959350585938,215.7875823974609,267.6700134277344,54.75,220.21681213378903,88.78145599365234,293.391357421875,130.33868408203125,91.20440673828124,67.76495361328125
2025-02-13,599.4671630859375,601.6774291992188,550.5112915039062,531.9398803710938,218.83285522460935,270.3099975585937,55.27999877929688,222.69847106933597,89.75330352783203,296.455322265625,131.7251739501953,91.75108337402344,68.17041778564453
2025-02-14,599.437744140625,601.6873168945312,550.5309448242188,534.1732177734375,219.7751922607422,266.2900085449219,54.459999084472656,222.5310821533203,89.71405029296875,296.4160461425781,131.76449584960938,92.09042358398438,68.38725280761719
2025-02-18,601.1975708007812,603.4549560546875,552.1216430664062,535.3840942382812,220.30093383789065,270.70001220703125,55.369998931884766,223.7522125244141,90.23432159423828,297.2507629394531,132.13815307617188,91.72283935546876,68.1326904296875
2025-02-19,602.6134033203125,604.8004150390625,553.45703125,535.5330200195312,220.3108673095703,270.8500061035156,55.41999816894531,222.9840545654297,89.9103775024414,297.67303466796875,132.3544921875,91.85478973388672,68.22699737548828
2025-02-20,600.1062622070312,602.4533081054688,551.1300048828125,533.2598266601562,219.39825439453125,270.989990234375,55.43999862670898,220.8470764160156,89.06615447998047,296.0723571777344,131.6563262939453,91.99617004394533,68.31182098388672
2025-02-21,589.8421020507812,592.0533447265625,541.7529907226562,522.1923828125,214.86508178710935,270.739990234375,55.38999938964844,214.48538208007807,86.4647445678711,290.6023864746094,129.16851806640625,92.3920669555664,68.6135482788086
2025-02-24,587.157958984375,589.2347412109375,539.1902465820312,516.0282592773438,212.31578063964844,272.2099914550781,55.68000030517578,212.9392852783203,85.81684875488281,289.1195983886719,128.49986267089844,92.55229949951172,68.70785522460938
2025-02-25,584.2379760742188,586.3672485351562,536.509765625,509.5267028808594,209.6672821044922,268.6199951171875,54.970001220703125,212.1317596435547,85.52235412597656,287.685791015625,127.8017349243164,93.12728881835938,69.1415786743164
2025-02-26,584.5327758789062,586.5636596679688,536.8435668945312,510.757568359375,210.17318725585935,269.0299987792969,55.040000915527344,212.39764404296875,85.62051391601562,287.78399658203125,127.89022827148438,93.278076171875,69.24527740478516
2025-02-27,575.2025756835938,577.2340087890625,528.2227172851562,496.5730895996094,204.3901214599609,264.92999267578125,54.20000076293945,209.15773010253903,84.32472229003906,283.3255920410156,125.89409637451172,93.13671875,69.16043090820312
2025-02-28,584.178955078125,586.3279418945312,536.43115234375,504.4147644042969,207.5742950439453,263.2699890136719,53.869998931884766,211.38333129882807,85.21802520751953,287.6955871582031,127.89022827148438,93.55142974853516,69.45272827148438
2025-03-03,573.9442138671875,576.26171875,527.1917724609375,493.3768615722656,203.10061645507807,266.739990234375,54.56999969482422,205.6026763916016,82.87186431884766,282.5399169921875,125.46142578125,93.75377655029295,69.612548828125
2025-03-04,567.1504516601562,569.3088989257812,520.8389892578125,491.8879699707031,202.37652587890625,269.0599975585937,55.040000915527344,203.27859497070312,81.93928527832031,279.0144348144531,123.95695495605467,93.51740264892578,69.41395568847656
2025-03-05,573.24609375,575.544921875,526.68115234375,498.30023193359375,204.97540283203125,269.6199951171875,55.16999816894531,205.29739379882807,82.79332733154297,282.1864624023437,125.3926010131836,93.19593048095705,69.1680679321289
2025-03-06,563.0703735351562,565.2136840820312,517.12744140625,484.5923461914063,199.4403381347656,268.25,54.869998931884766,202.1559295654297,81.46808624267578,276.9423828125,122.98347473144533,93.10138702392578,69.11132049560547
2025-03-07,566.2261962890625,568.1304321289062,519.916015625,488.15576171875,200.8687438964844,268.3900146484375,54.90999984741211,202.81573486328125,81.76258087158203,278.2484436035156,123.65213775634766,92.98792266845705,69.03568267822266
2025-03-10,551.14453125,553.3307495117188,506.1696166992188,469.2366027832031,193.30018615722656,266.0400085449219,54.43000030517578,197.71456909179688,79.66183471679688,270.667236328125,120.2203598022461,93.43229675292967,69.3572006225586
2025-03-11,546.5628662109375,548.6168823242188,502.0162353515625,468.114990234375,192.56619262695312,269.1600036621094,55.06999969482422,197.69488525390625,79.6912841796875,268.7718505859375,119.43370819091795,93.10138702392578,69.09241485595703
2025-03-12,549.4632568359375,551.4058837890625,504.4513244628906,473.3956909179688,194.79806518554688,270.3299865722656,55.29999923706055,198.03956604003903,79.82870483398438,270.09765625,120.023681640625,92.82720947265624,68.9505615234375
2025-03-13,542.138671875,544.1190795898438,497.8629150390625,464.8790588378906,191.2667236328125,275.1300048828125,56.27000045776367,195.0852203369141,78.61145782470703,266.3069763183594,118.2832260131836,93.11084747314452,69.15862274169922
2025-03-14,553.3369750976562,555.4127197265625,508.0843200683594,476.1154174804688,195.88917541503903,275.239990234375,56.290000915527344,199.8022918701172,80.52568817138672,272.0125427246094,120.84969329833984,92.92173767089844,68.98837280273438
2025-03-17,557.6038208007812,559.3900756835938,511.9626159667969,479.202392578125,197.15887451171875,276.7300109863281,56.619998931884766,202.32334899902344,81.51717376708984,274.26141357421875,121.89199829101562,93.04466247558594,69.08295440673828
2025-03-18,551.5770874023438,553.5631713867188,506.5623168945313,471.03326416015625,193.90530395507807,279.9599914550781,57.27000045776367,200.5665283203125,80.86927032470703,271.3055114746094,120.52910614013672,93.13922882080078,69.15862274169922
2025-03-19,557.5841674804688,559.5525512695312,511.8841247558594,477.3363342285156,196.3950653076172,281.1099853515625,57.5099983215332,203.68539428710935,82.09634399414062,274.3891296386719,121.90975189208984,93.41339111328124,69.36666107177734
2025-03-20,555.9718627929688,558.301513671875,510.7059326171875,475.7183837890625,195.7106170654297,280.75,57.43999862670898,202.39244079589844,81.59569549560547,273.73114013671875,121.59417724609376,93.47012329101562,69.39503479003906
2025-03-21,556.1552734375,558.1439819335938,510.83349609375,477.2866821289063,196.4149169921875,278.489990234375,56.970001220703125,201.13894653320312,81.0754165649414,273.83917236328125,121.6533432006836,93.35665893554688,69.33831024169922
2025-03-24,566.1151733398438,568.1329345703125,519.798095703125,487.7604064941406,200.57586669921875,277.25,56.70000076293945,206.1429901123047,83.11727142333984,278.9064636230469,123.89192962646484,92.99736785888672,69.03568267822266
2025-03-25,567.4760131835938,569.3544921875,521.0353393554688,490.54388427734375,201.8177795410156,278.4700012207031,56.9900016784668,204.99807739257807,82.66241455078125,279.3778076171875,124.1286163330078,93.0824737548828,69.12078857421875
2025-03-26,560.7013549804688,562.9117431640625,514.95751953125,481.51751708984375,198.1317596435547,278.239990234375,56.91999816894531,202.91554260253903,81.77632904052734,276.1076354980469,122.6395034790039,92.85556030273438,68.96947479248047
2025-03-27,559.2122802734375,561.1385498046875,513.5407104492188,478.77386474609375,196.9593811035156,281.9700012207031,57.68000030517578,201.9482879638672,81.44158935546875,274.9398498535156,122.14642333984376,92.8083038330078,68.94110870361328
2025-03-28,547.95068359375,549.809814453125,503.2837829589844,466.1687622070313,191.83270263671875,284.0599975585937,58.130001068115234,197.84239196777344,79.77770233154297,269.4605712890625,119.7105941772461,93.34722900390624,69.33831024169922
2025-03-31,551.62890625,553.5335693359375,506.3480224609375,466.1488952636719,191.77310180664065,288.1400146484375,58.959999084472656,196.89491271972656,79.4035873413086,270.8500671386719,120.32202911376952,93.52684783935548,69.46124267578125
2025-04-01,553.18701171875,555.3856201171875,508.210205078125,469.9065551757813,193.3428955078125,287.57000732421875,58.86000061035156,196.91461181640625,79.4035873413086,271.7666015625,120.7362060546875,93.87307739257812,69.679443359375
2025-04-02,556.687744140625,558.7546997070312,511.2743835449219,473.3361206054688,194.7338409423828,288.1600036621094,58.95000076293945,200.02365112304688,80.68347930908203,273.9149475097656,121.63361358642578,93.76874542236328,69.62252807617188
2025-04-03,529.2537231445312,532.028564453125,486.8886413574219,447.9967956542969,184.4308319091797,286.4200134277344,58.59999847412109,187.1829071044922,75.43585968017578,260.1280517578125,115.47994995117188,94.26201629638672,69.98306274414062
2025-04-04,498.2697143554688,500.0519104003906,458.6700744628906,420.1722106933594,173.15415954589844,279.7200012207031,57.2599983215332,178.83294677734375,72.05886840820312,244.8629150390625,108.70500946044922,94.34740447998048,70.03997802734375
2025-04-07,497.3822021484375,498.8402099609375,456.7389221191406,421.1861877441406,173.38265991210938,273.7099914550781,56.09999847412109,177.21429443359375,71.45829772949219,244.06468200683597,108.4781723022461,93.15215301513672,69.1955795288086
2025-04-08,489.591796875,491.3730773925781,450.019287109375,413.6012573242188,170.2927703857422,275.20001220703125,56.310001373291016,172.5458221435547,69.46951293945312,240.21142578125,106.62419128417967,92.66838836669922,68.79708099365234
2025-04-09,541.0083618164062,538.1165771484375,491.7559509277344,463.2461853027344,190.2827911376953,285.3800048828125,58.380001068115234,187.21250915527344,75.5146255493164,264.5824584960937,116.87043762207033,92.87706756591795,68.9583740234375
2025-04-10,517.3019409179688,519.2122802734375,474.9666748046875,443.5433044433594,182.5629730224609,292.3500061035156,59.810001373291016,179.34619140625,72.27547454833984,253.69284057617188,112.62006378173828,92.14663696289062,68.40806579589844
2025-04-11,526.5320434570312,528.984619140625,483.3317260742188,451.7146911621094,185.81185913085935,297.92999267578125,60.959999084472656,181.9617156982422,73.31908416748047,257.9402770996094,114.3852996826172,92.0517807006836,68.33216094970703
2025-04-14,531.6401977539062,533.4569702148438,488.1892395019531,454.7764892578125,187.2028045654297,296.2300109863281,60.59000015258789,184.1034698486328,74.22486114501953,260.31524658203125,115.61801147460938,92.5924835205078,68.72117614746094
2025-04-15,530.151123046875,532.1467895507812,486.8196411132813,455.283447265625,187.36178588867188,297.7799987792969,60.93999862670898,184.3304901123047,74.25440216064453,259.8619689941406,115.39119720458984,92.7822036743164,68.8919677734375
2025-04-16,518.3670043945312,520.2762451171875,476.1194458007813,441.5550842285156,181.71847534179688,307.4700012207031,62.93000030517578,182.5637969970703,73.53567504882812,254.4615173339844,113.03425598144533,93.07627868652344,69.08172607421875
2025-04-17,519.1065063476562,520.7982788085938,476.7796020507813,441.4755554199219,181.67874145507807,306.1199951171875,62.630001068115234,184.0541229248047,74.21501922607422,254.99371337890625,113.22162628173828,92.83911895751952,68.92991638183594
2025-04-21,506.7503662109375,508.6913757324219,465.4192810058594,430.5505065917969,177.24752807617188,315.5899963378906,64.58999633789062,180.3627777099609,72.67913818359375,248.93295288085935,110.56885528564452,92.27944946289062,68.55038452148438
2025-04-22,519.9348754882812,521.4977416992188,477.1638793945313,441.8533325195313,181.81781005859372,311.1099853515625,63.65999984741211,185.03126525878903,74.60884094238281,255.26959228515625,113.35968780517578,92.4501953125,68.6737289428711
2025-04-23,527.991455078125,529.8416748046875,484.8294067382813,451.8737487792969,185.86155700683597,303.6499938964844,62.119998931884766,187.7751007080078,75.66230010986328,259.6156311035156,115.19396209716795,92.6778564453125,68.81604766845703
2025-04-24,539.1051635742188,541.0422973632812,495.0172729492188,464.5881652832031,191.13723754882807,308.07000732421875,63.040000915527344,191.53553771972656,77.19819641113281,265.08502197265625,117.65937042236328,93.1900863647461,69.20506286621094
2025-04-25,543.0003051757812,544.9532470703125,498.6627807617188,469.7673645019531,193.3031463623047,304.7300109863281,62.34000015258789,191.59475708007807,77.2375717163086,266.7110595703125,118.46803283691406,93.53160858154295,69.43277740478516
2025-04-28,543.2073974609375,545.1896362304688,498.96826171875,469.6182556152344,193.25347900390625,309.07000732421875,63.22999954223633,192.4040985107422,77.54278564453125,267.0953674316406,118.63568878173828,93.7877197265625,69.60356140136719
2025-04-29,546.6293334960938,548.6572265625,501.9930725097656,472.7198486328125,194.54507446289065,306.0599975585937,62.63999938964844,193.5391082763672,78.02520751953125,268.7017517089844,119.2668228149414,94.01539611816406,69.78382873535156
2025-04-30,546.8462524414062,549.6522216796875,502.2393798828125,472.6601867675781,194.58480834960935,303.7699890136719,62.16999816894531,192.3251190185547,77.53294372558594,268.8594055175781,119.31613159179688,93.92999267578124,69.73638153076172
2025-05-01,550.7216796875,552.7553100585938,505.7962341308594,478.8334655761719,196.8699493408203,297.4599914550781,60.86000061035156,193.51939392089844,78.01536560058594,270.53472900390625,120.10507202148438,93.67400360107422,69.54219818115234
2025-05-02,558.8966674804688,560.8628540039062,513.0479736328125,485.9412231445313,199.94000244140625,297.9800109863281,60.970001220703125,197.8720245361328,79.74816131591797,274.7525939941406,121.97877502441406,93.2171859741211,69.19953918457031
2025-05-05,555.6918334960938,557.7399291992188,510.367919921875,483.0583190917969,198.8272247314453,306.8800048828125,62.790000915527344,196.35205078125,79.18696594238281,273.1955871582031,121.35749053955078,93.055419921875,69.1043701171875
2025-05-06,551.047119140625,553.1788940429688,506.02288818359375,478.5650939941406,196.92958068847656,315.4800109863281,64.56999969482422,194.21026611328125,78.31073760986328,270.97821044921875,120.3121566772461,93.28379821777344,69.25665283203125
2025-05-07,553.3645629882812,555.375732421875,508.3088073730469,480.4439086914063,197.73434448242188,310.75,63.61000061035156,194.8518218994141,78.53717041015625,272.1016540527344,120.85455322265624,93.4265594482422,69.3899154663086
2025-05-08,557.2203369140625,558.8826904296875,511.69818115234375,485.4044494628906,199.7313537597656,304.6300048828125,62.34000015258789,198.5629119873047,80.0632095336914,274.2401428222656,121.7914047241211,92.9412078857422,69.01868438720703
2025-05-09,556.5103149414062,558.4492797851562,511.0182189941406,485.0863037109375,199.6618194580078,306.8399963378906,62.77000045776367,198.19772338867188,79.90570068359375,273.9346618652344,121.63361358642578,93.036376953125,69.07579803466797
2025-05-12,574.9014892578125,576.9891357421875,528.0341186523438,504.8488464355469,207.7194366455078,298.19000244140625,61.0,205.16587829589844,82.7411880493164,283.0996398925781,125.72620391845705,92.72232818603516,68.83783721923828
2025-05-13,578.6981201171875,581.1560668945312,531.5023803710938,512.5431518554688,210.8987579345703,299.4599914550781,61.27999877929688,205.9160003662109,83.01686096191406,285.0213623046875,126.62361145019533,92.62715911865234,68.80928039550781
2025-05-14,579.437744140625,581.4910278320312,532.1625366210938,515.6148681640625,212.16053771972656,293.1600036621094,59.970001220703125,204.09007263183597,82.29812622070312,285.2085876464844,126.72223663330078,92.36067962646484,68.57131958007812
2025-05-15,582.2678833007812,584.3477783203125,534.7735595703125,516.181396484375,212.4387359619141,297.8399963378906,60.93000030517578,205.42251586914065,82.79039764404297,286.3714294433594,127.2547607421875,92.88410949707033,68.94255065917969
2025-05-16,585.9559936523438,588.1503295898438,538.2219848632812,518.4281616210938,213.31304931640625,294.239990234375,60.20000076293945,207.12013244628903,83.52881622314453,288.3325500488281,128.1620635986328,92.9412078857422,68.9901351928711
2025-05-19,586.596923828125,588.88916015625,538.7738037109375,518.9252319335938,213.55149841308597,298.0299987792969,60.970001220703125,206.2515869140625,83.14483642578125,288.5592346191406,128.28036499023438,92.91265106201172,68.97109985351562
2025-05-20,584.6246948242188,586.7022705078125,536.8623046875,517.1954345703125,212.8162841796875,303.5799865722656,62.119998931884766,206.36013793945312,83.18423461914062,287.6131896972656,127.8168716430664,92.75086975097656,68.84735870361328
2025-05-21,574.7733154296875,576.94970703125,527.8862915039062,510.0081176757813,209.8456115722656,305.82000732421875,62.59000015258789,200.5665283203125,80.85086059570312,282.6069030761719,125.50923919677734,92.14177703857422,68.41902160644531
2025-05-22,575.0001220703125,577.038330078125,528.1327514648438,510.9625549316406,210.3026123046875,303.1099853515625,62.02999877929688,200.55661010742188,80.86070251464844,282.5576477050781,125.5585708618164,92.40826416015624,68.6093978881836
2025-05-23,571.0753173828125,573.334228515625,524.5659790039062,506.2305908203125,208.3056182861328,309.75,63.380001068115234,199.9249725341797,80.60472106933594,280.9020690917969,124.76961517333984,92.54148864746094,68.7140884399414
2025-05-27,582.9483642578125,585.0964965820312,535.3450317382812,518.1398315429688,213.22364807128903,304.5,62.310001373291016,204.99807739257807,82.66241455078125,286.67694091796875,127.38296508789062,92.96024322509766,69.03772735595703
2025-05-28,579.5757446289062,581.6486206054688,532.2906494140625,515.8433227539062,212.27978515625,303.8099975585937,62.16999816894531,202.83657836914065,81.7664794921875,284.99176025390625,126.63346862792967,92.78895568847656,68.88543701171875
2025-05-29,581.863525390625,583.9537353515625,534.3399658203125,516.857421875,212.70697021484372,305.6099853515625,62.540000915527344,203.43862915039065,82.0224609375,285.90826416015625,127.08712005615234,93.13153076171876,69.13289642333984
2025-05-30,581.2127685546875,583.3331298828125,533.7882690429688,516.042236328125,212.3691864013672,303.6000061035156,62.15999984741211,202.40231323242188,81.70740509033203,285.6717834472656,126.91947174072266,93.35994720458984,69.26615905761719
2025-06-02,584.4866943359375,586.7219848632812,536.891845703125,520.1180419921875,214.038330078125,311.6700134277344,63.77000045776367,203.0339813232422,81.86493682861328,287.1302795410156,127.58019256591795,93.11455535888672,69.11337280273438
2025-06-03,587.8197631835938,590.0122680664062,539.9364013671875,524.1838989257812,215.7074737548828,308.9100036621094,63.22999954223633,206.310791015625,83.18423461914062,289.1111145019531,128.48744201660156,93.04771423339844,69.0369644165039
2025-06-04,587.6619262695312,589.8546752929688,539.591552734375,525.6452026367188,216.27377319335935,310.8999938964844,63.619998931884766,205.7284698486328,82.93807983398438,289.0815124511719,128.41842651367188,93.6015167236328,69.46672058105469
2025-06-05,584.8218994140625,587.1060791015625,537.0692749023438,521.6886596679688,214.62452697753903,309.3299865722656,63.290000915527344,205.8172912597656,82.9676284790039,287.48504638671875,127.86620330810548,93.36280822753906,69.3330307006836
2025-06-06,590.8274536132812,593.0364379882812,542.5572509765625,526.7883911132812,216.7506866455078,305.17999267578125,62.470001220703125,209.14344787597656,84.30660247802734,290.835693359375,129.24681091308594,92.88540649414062,68.96056365966797
2025-06-09,591.3599243164062,593.5980224609375,543.1386108398438,527.5638427734375,217.10836791992188,306.6199951171875,62.7400016784668,210.5844573974609,84.8973388671875,291.0722351074219,129.3355712890625,92.9999771118164,69.06562042236328
2025-06-10,594.7128295898438,597.0064697265625,546.232421875,531.0530395507812,218.52914428710935,306.7099914550781,62.77000045776367,211.7194976806641,85.35023498535156,292.60955810546875,130.03575134277344,93.21003723144533,69.1993179321289
2025-06-11,593.0166625976562,595.3121337890625,544.7249145507812,529.2636108398438,217.8038482666016,308.3699951171875,63.119998931884766,210.8509521484375,85.02532958984375,291.8310241699219,129.65113830566406,93.52513885498048,69.41896057128906
2025-06-12,595.37353515625,597.4793090820312,546.7841186523438,530.5062255859375,218.3006134033203,312.20001220703125,63.88999938964844,210.01202392578125,84.67088317871094,292.7672424316406,130.0751953125,93.86888122558594,69.67683410644531
2025-06-13,588.7171630859375,590.8594360351562,540.695068359375,523.845947265625,215.53857421875,316.2900085449219,64.73999786376953,206.1726226806641,83.12515258789062,289.3081970214844,128.51705932617188,93.53468322753906,69.42851257324219
2025-06-16,594.3182983398438,596.62744140625,545.9170532226562,531.1325073242188,218.56886291503903,311.7799987792969,63.79999923706055,208.60336303710935,84.07032012939453,292.16607666015625,129.82858276367188,93.3437271118164,69.29483032226562
2025-06-17,589.2398071289062,591.6864624023438,541.2665405273438,525.9534301757812,216.4129180908203,311.94000244140625,63.81999969482422,206.40618896484372,83.21376037597656,289.73193359375,128.72080993652344,93.6301727294922,69.51447296142578
2025-06-18,589.1510009765625,591.548095703125,541.1581420898438,525.8639526367188,216.3930206298828,310.260009765625,63.47999954223633,207.494873046875,83.61742401123047,289.8403015136719,128.7801513671875,93.69700622558594,69.55268096923828
2025-06-20,587.7674560546875,589.611328125,539.6604614257812,523.7166748046875,215.4392242431641,310.1300048828125,63.45000076293945,207.0594024658203,83.47918701171875,289.17022705078125,128.4141845703125,93.78292846679688,69.60041809082031
2025-06-23,593.572998046875,595.8072509765625,545.2175903320312,529.1017456054688,217.70382690429688,311.0799865722656,63.66999816894531,209.5930938720703,84.48637390136719,291.94927978515625,129.7296905517578,93.97390747070312,69.77230834960938
2025-06-24,600.13037109375,602.3095092773438,551.2080078125,537.1928100585938,221.0370178222656,306.19000244140625,62.68000030517578,212.26531982421875,85.56270599365234,295.35906982421875,131.27267456054688,94.3558349609375,69.98240661621094
2025-06-25,600.4666137695312,602.7542724609375,551.48388671875,538.5661010742188,221.61410522460935,307.1199951171875,62.84999847412109,209.79104614257807,84.61474609375,295.0140991210937,131.12432861328125,94.34627532958984,70.00151824951172
2025-06-26,605.1646728515625,607.4974975585938,555.8487548828125,543.6018676757812,223.68370056152344,306.7799987792969,62.79999923706055,213.19566345214844,85.95768737792969,297.556640625,132.25189208984375,94.60408020019533,70.20207214355469
2025-06-27,608.1713256835938,610.1655883789062,558.6076049804688,545.4629516601562,224.4597930908203,301.2200012207031,61.650001525878906,213.2649383544922,85.9873046875,298.90673828125,132.875,94.33673095703124,70.03971862792969
2025-06-30,611.0790405273438,613.56494140625,561.3995971679688,548.9959716796875,225.9622344970703,304.8299865722656,62.36000061035156,213.5717620849609,86.12554931640625,300.42205810546875,133.56736755371094,94.7186508178711,70.31666564941406
2025-07-01,610.8812866210938,613.337646484375,561.142578125,544.3682250976562,223.9821929931641,307.54998779296875,62.91999816894531,215.76893615722656,87.02412414550781,300.42205810546875,133.52780151367188,94.6314926147461,70.26397705078125
2025-07-02,613.6505737304688,616.0551147460938,563.6332397460938,548.1598510742188,225.57418823242188,309.25,63.310001373291016,218.7578887939453,88.22882080078125,301.98388671875,134.28939819335938,94.51654815673828,70.18734741210938
2025-07-03,618.487060546875,620.7490234375,568.505615234375,553.553955078125,227.77310180664065,307.1400146484375,62.869998931884766,220.78680419921875,89.04840850830078,304.4747619628906,135.32797241210938,94.32496643066406,70.01487731933594
2025-07-07,613.8780517578125,616.4603881835938,563.949462890625,549.3840942382812,226.0418243408203,307.3699951171875,62.91999816894531,217.47125244140625,87.71534729003906,302.07281494140625,134.32896423339844,93.9897003173828,69.78494262695312
2025-07-08,613.5418090820312,615.9662475585938,563.5739135742188,549.6925659179688,226.21099853515625,304.1600036621094,62.2599983215332,218.97564697265625,88.31770324707031,302.05303955078125,134.27952575683594,93.95138549804688,69.74662017822266
2025-07-09,617.2210083007812,619.62255859375,566.9144287109375,553.5838012695312,227.82286071777344,305.5199890136719,62.52000045776367,221.3509521484375,89.24590301513672,303.9508972167969,135.130126953125,94.34410095214844,70.02445983886719
2025-07-10,618.961669921875,621.4210205078125,568.5748901367188,552.7877807617188,227.48455810546875,306.20001220703125,62.66999816894531,222.4891357421875,89.70999145507812,304.7614440917969,135.50599670410156,94.31539154052734,70.0340347290039
2025-07-11,616.7858276367188,619.0394897460938,566.5289916992188,551.5436401367188,226.9870758056641,309.1400146484375,63.29999923706055,219.42100524902344,88.46581268310547,303.4764404296875,134.90264892578125,93.92267608642578,69.74662017822266
2025-07-14,617.9627685546875,620.3240966796875,567.6458129882812,553.5440673828125,227.7930145263672,308.010009765625,63.04999923706055,220.89569091796875,89.07803344726562,304.1683349609375,135.2784881591797,93.91307830810548,69.73704528808594
2025-07-15,615.3220825195312,617.6066284179688,565.1848754882812,554.0515747070312,228.02186584472656,306.7300109863281,62.77999877929688,216.57061767578125,87.37962341308594,302.5670471191406,134.4971160888672,93.6352767944336,69.52627563476562
2025-07-16,617.3792114257812,619.83984375,567.0429077148438,554.618896484375,228.2705993652344,308.260009765625,63.11000061035156,218.7480010986328,88.21894073486328,303.7136535644531,135.01144409179688,93.7693862915039,69.660400390625
2025-07-17,621.1574096679688,623.4765014648438,570.4428100585938,559.1072387695312,230.0914459228516,307.5899963378906,62.959999084472656,221.61819458007807,89.38414001464844,305.6905822753906,135.93128967285156,93.80769348144533,69.67957305908203
2025-07-18,620.7024536132812,623.2195434570312,570.185791015625,558.56982421875,229.8924560546875,308.3900146484375,63.130001068115234,220.0445251464844,88.73242950439453,305.5225524902344,135.88186645507812,93.9801254272461,69.79451751708984
2025-07-21,621.87939453125,624.2669677734375,571.203857421875,561.4658813476562,231.05657958984372,313.1300048828125,64.08999633789062,219.15377807617188,88.40656280517578,305.8684997558594,135.97088623046875,94.2387466430664,69.99571228027344
2025-07-22,621.9683837890625,624.2769165039062,571.203857421875,558.5598754882812,229.8924560546875,316.1000061035156,64.69999694824219,220.9748687744141,89.1175308227539,306.22430419921875,136.13900756835938,94.4207534790039,70.11070251464844
2025-07-23,627.259765625,629.8009033203125,576.0565185546875,561.1076049804688,230.93719482421875,312.17999267578125,63.90999984741211,224.3498077392578,90.5295867919922,308.8042297363281,137.2962646484375,94.21001434326172,69.96697235107422
2025-07-24,627.4674682617188,630.0479125976562,576.451904296875,562.3018798828125,231.4247283935547,310.2699890136719,63.52999877929688,221.2519989013672,89.25577545166016,308.6954650878906,137.23690795898438,94.15254974365234,69.88076782226562
2025-07-25,630.1180419921875,632.4986572265625,578.7447509765625,563.6552734375,231.9719696044922,307.3999938964844,62.90999984741211,222.07347106933597,89.59150695800781,310.0694580078125,137.80068969726562,94.30582427978516,70.05320739746094
2025-07-28,629.9598999023438,632.3602294921875,578.6064453125,565.4169311523438,232.71820068359372,305.4100036621094,62.52000045776367,221.81614685058597,89.49276733398438,309.98046875,137.76112365722656,94.18128204345705,69.93824005126953
2025-07-29,628.2982788085938,630.8582153320312,577.1040649414062,564.541015625,232.36996459960935,306.25,62.68999862670898,220.4008331298828,88.9002914428711,309.0018920898437,137.345703125,94.6889877319336,70.30229187011719
2025-07-30,627.507080078125,629.978759765625,576.4024658203125,565.2974243164062,232.628662109375,300.9599914550781,61.619998931884766,219.28245544433597,88.47567749023438,308.64605712890625,137.22703552246094,94.4207534790039,70.1202621459961
2025-07-31,625.1531372070312,627.3995971679688,574.2379760742188,562.3018798828125,231.4048309326172,302.9599914550781,62.0099983215332,217.134765625,87.61661529541016,307.3017883300781,136.61376953125,94.46866607666016,70.12985229492188
2025-08-01,614.9066162109375,617.2706909179688,564.7796630859375,551.2252197265625,226.87762451171875,309.1099853515625,63.290000915527344,212.710693359375,85.82931518554688,302.2111511230469,134.319091796875,95.28561401367188,70.73734283447266
2025-08-04,624.2530517578125,626.6781616210938,573.3682250976562,561.3961791992188,231.05657958984372,310.9100036621094,63.63999938964844,217.47125244140625,87.69559478759766,306.9459228515625,136.4456329345703,95.3625030517578,70.7854232788086
2025-08-05,621.088134765625,623.664306640625,570.6107788085938,557.5845336914062,229.4447021484375,311.1600036621094,63.68999862670898,218.5797576904297,88.17945861816406,305.5917358398437,135.8521728515625,95.3913345336914,70.81424713134766
2025-08-06,625.8455200195312,628.279052734375,574.8507080078125,564.6007690429688,232.35006713867188,310.5,63.560001373291016,218.292724609375,88.06095886230469,307.6575927734375,136.7028045654297,95.3528823852539,70.75658416748047
2025-08-07,625.3212890625,627.9331665039062,574.5048217773438,566.5115966796875,233.1759185791016,313.1199951171875,64.08000183105469,217.5801239013672,87.78446197509766,307.47967529296875,136.633544921875,95.27599334716795,70.72774505615234
2025-08-08,630.197265625,632.6863403320312,578.90283203125,571.7960815429688,235.3350372314453,313.04998779296875,64.05999755859375,218.05520629882807,87.97208404541016,309.41705322265625,137.5039825439453,95.09339141845705,70.57393646240234
2025-08-11,628.9510498046875,631.4313354492188,577.7168579101562,570.104248046875,234.6484832763672,308.54998779296875,63.16999816894531,218.00570678710935,87.95233917236328,308.70538330078125,137.21713256835938,95.16067504882812,70.62200927734375
2025-08-12,635.6468505859375,638.1114501953125,583.884033203125,577.269775390625,237.58370971679688,308.2699890136719,63.09999847412109,224.47848510742188,90.53946685791016,312.48126220703125,138.86891174316406,95.16067504882812,70.6316146850586
2025-08-13,637.82275390625,640.4534912109375,585.9200439453125,577.5584106445312,237.7130584716797,309.2099914550781,63.290000915527344,228.84315490722656,92.3168716430664,313.9936218261719,139.5316162109375,95.50667572021484,70.89115142822266
2025-08-14,637.8821411132812,640.4732666015625,585.9298095703125,577.110595703125,237.4991455078125,307.25,62.900001525878906,225.89378356933597,91.10231018066406,313.5290832519531,139.3634490966797,95.23755645751952,70.68929290771484
2025-08-15,636.388671875,639.0304565429688,584.6648559570312,574.57275390625,236.4593811035156,307.42999267578125,62.93999862670898,224.79519653320312,90.6974639892578,312.8173522949219,139.03707885742188,95.09339141845705,70.5931625366211
2025-08-18,636.2501831054688,638.7340087890625,584.457275390625,574.3438720703125,236.37977600097656,306.95001220703125,62.84000015258789,225.61666870117188,91.05294036865234,312.9359741210937,139.07662963867188,94.98765563964844,70.51627349853516
2025-08-19,632.7984008789062,635.3545532226562,581.2649536132812,566.5513916015625,233.1858673095703,305.2699890136719,62.4900016784668,223.88465881347656,90.34196472167967,311.03814697265625,138.2358856201172,95.17027282714844,70.65083312988281
2025-08-20,631.1170043945312,633.6547241210938,579.7330322265625,563.1876220703125,231.8028259277344,308.3599853515625,63.130001068115234,223.0928649902344,90.03585815429688,310.2177124023437,137.86004638671875,95.22793579101562,70.69891357421875
2025-08-21,628.5850830078125,631.1546630859375,577.4500122070312,560.5802001953125,230.7580718994141,307.2900085449219,62.900001525878906,223.64712524414065,90.25310516357422,309.1501770019531,137.41493225097656,95.00689697265624,70.52587890625
2025-08-22,638.2381591796875,640.8389282226562,586.2857055664062,569.2284545898438,234.29031372070312,310.5799865722656,63.58000183105469,232.41604614257807,93.77830505371094,314.5075988769531,139.73931884765625,95.5354995727539,70.88153839111328
2025-08-25,635.42919921875,638.0126342773438,583.8049926757812,567.58642578125,233.60374450683597,309.8299865722656,63.43999862670898,229.97142028808597,92.8007354736328,312.9952697753906,139.1260986328125,95.3913345336914,70.7854232788086
2025-08-26,638.0897827148438,640.601806640625,586.1373901367188,569.8653564453125,234.578857421875,312.0799865722656,63.880001068115234,231.87168884277344,93.5610580444336,314.41864013671875,139.73931884765625,95.50667572021484,70.8719253540039
2025-08-27,639.5436401367188,642.12353515625,587.4815063476562,570.7412109375,234.91714477539065,312.7099914550781,64.01000213623047,233.5146331787109,94.23253631591795,315.2588195800781,140.09539794921875,95.60277557373048,70.93922424316406
2025-08-28,641.80859375,644.4358520507812,589.5570678710938,574.3140258789062,236.3897247314453,315.0299987792969,64.48999786376953,233.7917633056641,94.37077331542967,316.4054260253906,140.62950134277344,95.71810913085938,71.02571868896484
2025-08-29,637.98095703125,640.6610107421875,586.1572265625,567.666015625,233.63360595703125,318.07000732421875,65.0999984741211,232.7525177001953,93.93629455566406,314.5274353027344,139.76898193359375,95.59317016601562,70.93922424316406
2025-09-02,633.2533569335938,635.8189086914062,581.8382568359375,562.908935546875,231.68344116210935,325.5899963378906,66.6500015258789,231.4955902099609,93.43270874023438,312.3428955078125,138.7799072265625,95.33956909179688,70.78780364990234
2025-09-03,636.685302734375,639.238037109375,584.8130493164062,567.3375854492188,233.4544982910156,328.1400146484375,67.19999694824219,231.2679443359375,93.34382629394533,313.6674499511719,139.39312744140625,95.68671417236328,71.01927947998047
2025-09-04,642.0064697265625,644.5050659179688,589.6262817382812,572.4728393554688,235.60366821289065,326.69000244140625,66.91000366210938,234.15794372558597,94.49913787841795,316.4450378417969,140.639404296875,96.0724105834961,71.28929901123047
2025-09-05,640.1469116210938,642.78564453125,588.0151977539062,573.298828125,235.96188354492188,331.04998779296875,67.76000213623047,235.3258209228516,94.93362426757812,315.8617858886719,140.35255432128906,96.52562713623048,71.6268310546875
2025-09-08,641.7196655273438,644.4161376953125,589.5372924804688,576.0953979492188,237.0861968994141,334.82000732421875,68.54000091552734,235.8008728027344,95.16073608398438,316.8700256347656,140.74819946289062,96.85350799560548,71.85831451416016
2025-09-09,643.203125,645.8983764648438,590.9703369140625,577.7275390625,237.79266357421875,334.0599975585937,68.41000366210938,234.41526794433597,94.6077651977539,317.2752990722656,140.99546813964844,96.66064453125,71.7232894897461
2025-09-10,645.0625610351562,647.746337890625,592.6801147460938,577.9166870117188,237.86231994628903,335.260009765625,68.63999938964844,233.9995880126953,94.39051818847656,318.0858154296875,141.33175659179688,96.85350799560548,71.8486557006836
2025-09-11,650.423095703125,653.141845703125,597.5130615234375,581.2803955078125,239.25531005859372,334.760009765625,68.52999877929688,238.32467651367188,96.148193359375,321.0314025878906,142.60769653320312,97.03670501708984,72.00296783447266
2025-09-12,650.2054443359375,652.9144897460938,597.3845825195312,583.8480834960938,240.2900848388672,335.4200134277344,68.68000030517578,235.88995361328125,95.20023345947266,320.5668640136719,142.39999389648438,96.9499282836914,71.9161605834961
2025-09-15,653.6671752929688,656.32373046875,600.4978637695312,588.8440551757812,242.37957763671875,338.9100036621094,69.37999725341797,236.8895721435547,95.60509490966795,322.1286315917969,143.1022491455078,97.11386108398438,72.05117797851562
2025-09-16,652.7671508789062,655.4564819335938,599.7070922851562,588.3463745117188,242.16065979003903,339.5899963378906,69.54000091552734,236.49951171875,95.4668426513672,321.6937561035156,142.88800048828125,97.15243530273438,72.06083679199219
2025-09-17,651.9561767578125,654.7329711914062,599.0153198242188,587.1720581054688,241.67312622070312,336.9700012207031,69.0,237.10494995117188,95.71371459960938,321.4070739746094,142.759033203125,96.9788589477539,71.93543243408203
2025-09-18,655.0023803710938,657.8353271484375,601.8320922851562,592.466552734375,243.89195251464844,335.6199951171875,68.70999908447266,243.010498046875,98.07372283935548,323.433349609375,143.68154907226562,96.7088623046875,71.752197265625
2025-09-19,658.2465209960938,660.977294921875,604.6389770507812,596.4772338867188,245.55357360839844,339.17999267578125,69.44000244140625,241.16436767578125,97.31338500976562,324.6492004394531,144.2270965576172,96.7088623046875,71.78113555908203
2025-09-22,661.3607177734375,664.158935546875,607.5841674804688,600.0083618164062,246.9602203369141,345.04998779296875,70.62999725341797,242.5638427734375,97.88610076904295,326.05279541015625,144.84210205078125,96.59314727783205,71.64612579345703
2025-09-23,657.7606201171875,660.6105346679688,604.4016723632812,596.0228881835938,245.3164825439453,346.4599914550781,70.94000244140625,242.0179443359375,97.6787338256836,324.30322265625,144.08822631835938,96.7474365234375,71.7907943725586
2025-09-24,655.6678466796875,658.390380859375,602.3855590820312,593.9305419921875,244.4597320556641,343.32000732421875,70.29000091552734,239.79470825195312,96.77009582519533,323.1170959472656,143.51290893554688,96.56421661376952,71.64612579345703
2025-09-25,652.6429443359375,655.3772583007812,599.509521484375,591.3699951171875,243.4037628173828,344.75,70.58000183105469,237.501953125,95.87830352783205,321.3873291015625,142.74913024902344,96.42921447753906,71.5689697265625
2025-09-26,656.3820190429688,659.0148315429688,603.037841796875,593.8009643554688,244.4398193359375,346.739990234375,70.98999786376953,239.53663635253903,96.68091583251952,323.4037170410156,143.67161560058594,96.49671173095705,71.5689697265625
2025-09-29,658.2266845703125,660.8682861328125,604.732666015625,596.5509643554688,245.5456085205078,352.4599914550781,72.16000366210938,239.8145446777344,96.7800064086914,324.2234802246094,144.03863525390625,96.6799087524414,71.752197265625
2025-09-30,660.7061157226562,663.3858032226562,606.9628295898438,598.18505859375,246.1831817626953,355.4700012207031,72.7699966430664,240.15200805664065,96.92863464355467,325.2840576171875,144.47506713867188,96.6702880859375,71.7232894897461
2025-10-01,662.95751953125,665.9034423828125,609.1334228515625,601.0545043945312,247.3885955810547,356.0299987792969,72.87999725341797,240.67803955078125,97.13671112060548,326.4140319824219,144.9908905029297,96.9169692993164,71.90420532226562
2025-10-02,663.7210693359375,666.5575561523438,609.8074340820312,603.5254516601562,248.38479614257807,354.7900085449219,72.6500015258789,242.19662475585935,97.72134399414062,326.88983154296875,145.2289581298828,97.02340698242188,71.9815902709961
2025-10-03,663.7112426757812,666.4782104492188,609.85693359375,600.9848022460938,247.37864685058597,357.6400146484375,73.22000122070312,243.9930877685547,98.46451568603516,327.0682373046875,145.3083038330078,96.9169692993164,71.89451599121094
2025-10-06,666.0914916992188,668.9264526367188,611.9384155273438,605.498291015625,249.22161865234372,364.3800048828125,74.62000274658203,244.96575927734372,98.8608627319336,328.2973022460937,145.81417846679688,96.7041473388672,71.73004150390625
2025-10-07,663.6219482421875,666.4782104492188,609.7578735351562,602.3099365234375,247.9066162109375,366.260009765625,75.01000213623047,242.3355712890625,97.80062103271484,326.7212829589844,145.1396942138672,96.8686065673828,71.8655014038086
2025-10-08,667.5791625976562,670.4429321289062,613.2963256835938,609.2147216796875,250.7557830810547,372.2999877929688,76.22000122070312,244.8764495849609,98.7716827392578,328.8920593261719,146.08201599121094,96.87828826904295,71.8655014038086
2025-10-09,665.6452026367188,668.5597534179688,611.6410522460938,608.4774780273438,250.45692443847656,365.4299926757813,74.83000183105469,243.2983245849609,98.17716217041016,327.7521667480469,145.61581420898438,96.7621841430664,71.81712341308594
2025-10-10,647.6542358398438,650.401611328125,595.1978149414062,587.3545532226562,241.7500457763672,369.1199951171875,75.58000183105469,236.01315307617188,95.25403594970705,318.9700622558594,141.63815307617188,97.1588363647461,72.0976791381836
2025-10-13,657.5919189453125,660.3429565429688,604.21728515625,599.8190307617188,246.8905029296875,378.0899963378906,77.43000030517578,242.58370971679688,97.8798828125,324.054931640625,143.94935607910156,97.34263610839844,72.21380615234375
2025-10-14,656.78857421875,659.5995483398438,603.3649291992188,595.8236694335938,245.2766265869141,380.7900085449219,78.02999877929688,246.0476226806641,99.28694915771484,323.955810546875,143.8898468017578,97.49742889404295,72.3202133178711
2025-10-15,659.7044677734375,662.3748779296875,606.021240234375,600.0283203125,246.9403076171875,387.3900146484375,79.31999969482422,248.45947265625,100.2877426147461,325.4922180175781,144.5445098876953,97.45872497558594,72.2718505859375
2025-10-16,655.211669921875,658.11279296875,602.0169067382812,597.8064575195312,246.06362915039065,396.4500122070313,81.1500015258789,243.22885131835935,98.1870574951172,322.9051208496094,143.4236297607422,97.80699920654295,72.5427474975586
2025-10-17,658.9308471679688,661.7900390625,605.3571166992188,601.7320556640625,247.66754150390625,388.989990234375,79.62999725341797,241.59117126464844,97.50335693359376,324.42169189453125,144.1378173828125,97.67156982421876,72.44598388671875
2025-10-20,665.7840576171875,668.629150390625,611.71044921875,609.3143310546875,250.8055725097656,403.1499938964844,82.5,246.30567932128903,99.3860321044922,328.0396423339844,145.69517517089844,97.8360366821289,72.5427474975586
2025-10-21,665.7740478515625,668.4705200195312,611.631103515625,609.1549682617188,250.73587036132807,377.239990234375,77.37999725341797,245.1444396972656,98.9401397705078,327.9999694824219,145.69517517089844,97.93278503417967,72.62981414794922
2025-10-22,662.3128051757812,665.2293701171875,608.5386962890625,603.286376953125,248.3150634765625,377.2799987792969,77.27999877929688,241.52169799804688,97.49343872070312,326.00762939453125,144.7528076171875,97.923095703125,72.62981414794922
2025-10-23,666.2402954101562,669.0057373046875,611.97802734375,608.3578491210938,250.4369964599609,378.7900085449219,77.55000305175781,244.57867431640625,98.70232391357422,328.0990905761719,145.72491455078125,97.74897003173828,72.48470306396484
2025-10-24,671.6851806640625,674.5067138671875,617.0427856445312,614.8540649414062,253.05702209472656,377.5199890136719,77.30999755859375,247.56619262695312,99.91120910644533,330.7753295898437,146.9449920654297,97.845703125,72.58145141601562
2025-10-27,679.6094970703125,682.5153198242188,624.4269409179688,625.80419921875,257.5997314453125,367.010009765625,75.1500015258789,248.4296875,100.27783203125,334.462646484375,148.61143493652344,97.91343688964844,72.62014770507812
2025-10-28,681.41455078125,684.2399291992188,626.1019287109375,630.6165161132812,259.58221435546875,364.3800048828125,74.58999633789062,247.0997009277344,99.73284912109376,334.9780578613281,148.839599609375,97.97147369384766,72.65885162353516
2025-10-29,681.7418212890625,684.6066284179688,626.3596801757812,633.4561767578125,260.7975769042969,363.0,74.30999755859375,244.9955291748047,98.90049743652344,334.7401428222656,148.73048400878906,97.50711059570312,72.3008804321289
2025-10-30,674.2439575195312,677.1927490234375,619.7090454101562,623.7715454101562,256.74298095703125,370.1300048828125,75.79000091552734,243.0204162597656,98.08796691894533,331.1420593261719,147.1731414794922,97.32330322265624,72.17510223388672
2025-10-31,676.4556274414062,679.175048828125,621.4931030273438,626.7805786132812,257.9783020019531,368.1199951171875,75.38999938964844,244.39010620117188,98.63296508789062,332.4703063964844,147.75840759277344,97.26525115966795,72.15575408935547
2025-11-03,677.7251586914062,680.6221923828125,622.7122802734375,629.7796020507812,259.2434997558594,368.7799987792969,75.54000091552734,243.6060028076172,98.31587982177734,332.8469543457031,147.91708374023438,97.1458740234375,72.07228088378906
2025-11-04,669.6917114257812,672.8118286132812,615.49658203125,616.996337890625,253.9834899902344,362.3200073242188,74.20999908447266,239.39768981933597,96.6115493774414,328.8226318359375,146.05226135253906,97.19440460205078,72.11109161376953
2025-11-05,672.012451171875,674.8931884765625,617.35009765625,621.0116577148438,255.6072998046875,366.510009765625,75.05000305175781,242.8516845703125,98.02852630615234,330.23016357421875,146.66725158691406,96.9323501586914,71.90725708007812
2025-11-06,664.8021850585938,667.5685424804688,610.7886352539062,609.4439086914062,250.8753204345703,366.0700073242188,74.97000122070312,238.5540313720703,96.274658203125,326.4734802246094,144.9908905029297,97.2914581298828,72.1887435913086
2025-11-07,665.4567260742188,668.3812866210938,611.4329223632812,607.5208740234375,250.1082305908203,368.30999755859375,75.43000030517578,239.80462646484372,96.78990936279295,327.1871643066406,145.32814025878906,97.25262451171876,72.14993286132812
2025-11-10,675.8407592773438,678.7686767578125,620.9281616210938,620.9617919921875,255.6072998046875,378.3800048828125,77.47000122070312,242.20654296875,97.73125457763672,331.9747009277344,147.4608154296875,97.21380615234376,72.13050842285156
2025-11-11,677.3878784179688,680.0968627929688,622.3553466796875,619.307861328125,254.91993713378903,379.8699951171875,77.80000305175781,242.4149932861328,97.84024810791016,332.7874755859375,147.79806518554688,97.50497436523438,72.33434295654297
2025-11-12,677.7647705078125,680.5726318359375,622.6626586914062,618.8196411132812,254.74061584472656,385.989990234375,79.04000091552734,241.81944274902344,97.5826187133789,332.90643310546875,147.8377227783203,97.46614837646484,72.30522918701172
2025-11-13,666.5179443359375,669.4815063476562,612.523193359375,606.185791015625,249.53042602539065,382.8699951171875,78.41000366210938,235.0206298828125,94.84777069091795,327.0087585449219,145.19920349121094,97.17499542236328,72.09168243408203
2025-11-14,666.408935546875,669.3427124023438,612.3645629882812,606.6441040039062,249.6997833251953,375.9599914550781,76.9800033569336,235.7054748535156,95.11531066894533,326.95916748046875,145.16944885253906,97.05851745605467,71.98493194580078
2025-11-17,660.2003173828125,663.0785522460938,606.625732421875,601.4630737304688,247.5878448486328,371.6499938964844,76.11000061035156,231.02073669433597,93.2425308227539,323.559326171875,143.6914520263672,97.0779266357422,72.02374267578125
2025-11-18,654.6563110351562,657.5875244140625,601.63037109375,594.1397705078125,244.5792694091797,374.3500061035156,76.69000244140625,231.7254638671875,93.51998138427734,321.3688049316406,142.64991760253906,97.13616180419922,72.08197021484375
2025-11-19,657.1853637695312,660.0654296875,603.8109741210938,597.6868286132812,246.01382446289065,374.9599914550781,76.77999877929688,231.68572998046875,93.51998138427734,322.41943359375,143.13597106933594,97.13616180419922,72.0528564453125
2025-11-20,647.1683349609375,649.9754028320312,594.6527099609375,583.5385131835938,240.1959686279297,374.8500061035156,76.77999877929688,227.3980255126953,91.79583740234376,317.2850036621094,140.8545379638672,97.25262451171876,72.15961456298828
2025-11-21,653.6149291992188,656.4279174804688,600.56982421875,587.9224853515625,241.9990997314453,374.2699890136719,76.61000061035156,233.83953857421875,94.3820571899414,320.9524841308594,142.3920135498047,97.48558807373048,72.33434295654297
2025-11-24,663.235107421875,666.1214599609375,609.5001220703125,602.9575805664062,248.19552612304688,380.2000122070313,77.83999633789062,238.1074066162109,96.0863800048828,325.7499694824219,144.58419799804688,97.67969512939452,72.46054077148438
2025-11-25,669.4734497070312,672.3855590820312,615.1694946289062,606.674072265625,249.7197265625,380.0799865722656,77.83000183105469,243.2983245849609,98.1969757080078,329.23895263671875,146.1117706298828,97.83499145507812,72.62554931640625
2025-11-26,674.09521484375,677.0242309570312,619.421630859375,612.034423828125,251.9611968994141,383.1199951171875,78.44000244140625,245.4521026611328,99.07886505126952,331.4989318847656,147.12355041503906,97.9902801513672,72.70321655273438
2025-11-28,677.7747192382812,680.8104858398438,622.8510131835938,616.996337890625,253.9336853027344,387.8800048828125,79.41000366210938,246.8912811279297,99.66348266601562,333.3524780273437,147.93692016601562,97.85438537597656,72.58671569824219
2025-12-01,674.6803588867188,677.618896484375,619.9866333007812,614.923828125,253.16661071777344,389.75,79.80999755859375,243.7846527099609,98.40505981445312,331.71697998046875,147.20289611816406,97.43179321289062,72.3033676147461
2025-12-02,675.9300537109375,678.7786254882812,621.0371704101562,619.7362670898438,255.11917114257807,387.239990234375,79.29000091552734,243.3380279541016,98.22669219970705,332.1134338378906,147.4508819580078,97.55838775634766,72.37151336669922
2025-12-03,678.2706298828125,681.1871337890625,623.2078247070312,621.2507934570312,255.73683166503903,386.8800048828125,79.2300033569336,247.7646942138672,100.02021026611328,333.6002502441406,148.14523315429688,97.74339294433594,72.4786376953125
2025-12-04,678.7664794921875,681.7718505859375,623.7330932617188,620.6728515625,255.4877777099609,387.1300048828125,79.27999877929688,249.93833923339844,100.902099609375,334.1255798339844,148.32379150390625,97.50969696044922,72.3423080444336
2025-12-05,680.0557861328125,683.020751953125,624.9026489257812,623.2036743164062,256.5537109375,386.4400024414063,79.13999938964844,248.89617919921875,100.46610260009766,334.5914611816406,148.58168029785156,97.40257263183594,72.2546615600586
2025-12-08,678.0127563476562,680.9889526367188,623.0491943359375,622.0079956054688,256.0556030273437,385.4200134277344,78.94999694824219,248.99542236328125,100.53546905517578,333.61016845703125,148.11549377441406,97.24678802490234,72.14754486083984
2025-12-09,677.427490234375,680.4437866210938,622.543701171875,622.775146484375,256.3744201660156,387.3999938964844,79.33999633789062,249.5115509033203,100.72373962402344,333.2731628417969,148.00637817382812,97.15914916992188,72.09886169433594
2025-12-10,681.92041015625,684.8147583007812,626.5678100585938,625.3258666992188,257.41046142578125,389.0499877929688,79.66999816894531,252.90599060058597,102.10106658935548,335.7511901855469,149.0974884033203,97.47073364257812,72.3130874633789
2025-12-11,683.5072021484375,686.4700317382812,628.1041259765625,623.3033447265625,256.5736389160156,393.239990234375,80.54000091552734,255.8736572265625,103.2901382446289,336.88116455078125,149.5537872314453,97.490234375,72.3130874633789
2025-12-12,676.1580810546875,679.1156005859375,621.3246459960938,611.3867797851562,251.61253356933597,395.4400024414063,80.98999786376953,251.9531707763672,101.71463012695312,333.0352783203125,147.86749267578125,97.18836212158205,72.08911895751953
2025-12-15,675.1365356445312,678.1046752929688,620.4227294921875,608.3179931640625,250.4071044921875,395.7999877929688,81.08000183105469,250.0475006103516,100.91200256347656,332.3810729980469,147.5401611328125,97.28572845458984,72.17676544189453
2025-12-16,673.2918701171875,676.21875,618.6881713867188,609.5235595703125,250.89524841308597,395.8900146484375,81.08000183105469,248.8644256591797,100.4462890625,331.41961669921875,147.10923767089844,97.47073364257812,72.3130874633789
2025-12-17,665.8832397460938,668.8283081054688,611.8887939453125,598.224853515625,246.2529144287109,399.2900085449219,81.76000213623047,246.2154541015625,99.35630798339844,327.8016967773437,145.52687072753906,97.4415283203125,72.29361724853516
2025-12-18,670.9114990234375,673.8911743164062,616.507568359375,606.8931884765625,249.8093719482422,398.5700073242188,81.62999725341797,247.6793670654297,99.98057556152344,330.3193664550781,146.6514434814453,97.68497467041016,72.44701385498047
2025-12-19,676.9923095703125,679.8493041992188,622.0084838867188,614.8043212890625,253.13671875,399.0199890136719,81.70999908447266,249.750732421875,100.84264373779295,333.26324462890625,147.96510314941406,97.54232788085938,72.33953857421875
2025-12-22,681.2098999023438,684.1661987304688,625.9256591796875,617.7513427734375,254.2867889404297,408.2300109863281,83.58999633789062,252.52919006347656,101.94988250732422,335.580322265625,148.99014282226562,97.50325012207033,72.31999206542969
2025-12-23,684.3233032226562,687.2893676757812,628.8479614257812,620.6444702148438,255.5336456298828,413.6400146484375,84.68000030517578,251.035400390625,101.36293029785156,336.693603515625,149.46783447265625,97.50325012207033,72.31024169921875
2025-12-24,686.7305297851562,689.6965942382812,630.9451904296875,622.4602661132812,256.2218933105469,411.9299926757813,84.33999633789062,251.6627960205078,101.61164093017578,337.8466796875,149.9853515625,97.71819305419922,72.48609924316406
2025-12-26,686.660888671875,689.5772094726562,631.0048828125,622.4202880859375,256.2318725585937,416.739990234375,85.33999633789062,250.37814331054688,101.0943374633789,337.637939453125,149.9057159423828,97.73772430419922,72.48609924316406
2025-12-29,684.2138671875,687.229736328125,628.7783813476562,619.4074096679688,255.0049743652344,398.6000061035156,81.61000061035156,248.8445281982422,100.4576416015625,336.3656005859375,149.3384552001953,97.85496520996094,72.59357452392578
2025-12-30,683.3783569335938,686.2449951171875,627.9036865234375,617.9707641601562,254.39651489257807,398.8900146484375,81.70999908447266,247.00218200683597,99.7314224243164,335.8288269042969,149.0797119140625,97.8158950805664,72.56425476074219
2025-12-31,678.3152465820312,681.29150390625,623.3414306640625,612.8628540039062,252.2818756103516,396.30999755859375,81.16999816894531,245.1399383544922,99.00519561767578,333.2642517089844,147.9750518798828,97.5813980102539,72.36885070800781
2026-01-02,679.55859375,682.534912109375,624.5043334960938,611.6757202148438,251.80308532714844,398.2799987792969,81.55999755859375,247.7490692138672,100.0199203491211,334.29803466796875,148.4427947998047,97.55209350585938,72.33953857421875
2026-01-05,684.0845336914062,687.1103515625,628.6392822265625,616.5341796875,253.78805541992188,408.760009765625,83.70999908447266,251.6827087402344,101.6315460205078,336.8128967285156,149.5275421142578,97.73772430419922,72.47633361816406
2026-01-06,688.1529541015625,691.1885986328125,632.3665771484375,621.951416015625,256.0423889160156,413.1799926757813,84.62000274658203,255.0188140869141,102.96460723876952,339.168701171875,150.5625457763672,97.71819305419922,72.47633361816406
2026-01-07,685.9347534179688,688.9406127929688,630.3388671875,622.550048828125,256.2817687988281,409.2300109863281,83.80999755859375,254.4213104248047,102.7258529663086,338.015625,150.08485412597656,97.8158950805664,72.55448913574219
2026-01-08,685.8651123046875,688.8609619140625,630.2295532226562,619.0083618164062,254.80548095703125,411.489990234375,84.27999877929688,257.1997375488281,103.85995483398438,338.1051330566406,150.08485412597656,97.64002990722656,72.42748260498047
2026-01-09,690.4010009765625,693.3668823242188,634.453857421875,625.173828125,257.3590393066406,414.4700012207031,84.88999938964844,259.1516418457031,104.62596893310548,340.3515625,151.09994506835938,97.85496520996094,72.58379364013672
2026-01-12,691.4852294921875,694.5107421875,635.4776611328125,625.6925659179688,257.58843994140625,422.2300109863281,86.48999786376953,260.4163513183594,105.12338256835938,340.9778137207031,151.328857421875,97.80611419677734,72.51541900634766
2026-01-13,690.1026000976562,693.157958984375,634.1755981445312,624.7647705078125,257.189453125,421.6300048828125,86.36000061035156,260.2669982910156,105.1034927368164,340.2919311523437,151.07009887695312,97.89403533935548,72.57402801513672
2026-01-14,686.7106323242188,689.7960205078125,631.104248046875,618.0905151367188,254.4663543701172,425.9400024414063,87.2300033569336,262.099365234375,105.809814453125,338.9599609375,150.4530792236328,98.04059600830078,72.7205810546875
2026-01-15,688.5806884765625,691.6162719726562,632.7740478515625,620.3153076171875,255.35411071777344,423.3299865722656,86.70999908447266,264.4097595214844,106.74494934082033,340.003662109375,150.9208221435547,97.91358184814452,72.61309814453125
2026-01-16,688.0037231445312,690.9597778320312,632.247314453125,619.7965087890625,255.06483459472656,421.2900085449219,86.2699966430664,264.6587219238281,106.83448028564452,339.80487060546875,150.8312530517578,97.74749755859376,72.49585723876953
2026-01-20,673.9981689453125,676.974609375,619.385498046875,606.6276245117188,249.73829650878903,437.2300109863281,89.55000305175781,261.49188232421875,105.58100128173828,333.1051940917969,147.8556365966797,97.37623596191406,72.23207092285156
2026-01-21,681.77685546875,684.6535034179688,626.4822998046875,614.8282470703125,253.05990600585935,443.6000061035156,90.87000274658205,266.6802978515625,107.65023803710938,337.0514221191406,149.5972137451172,97.69863891601562,72.43724060058594
2026-01-22,685.3379516601562,688.274169921875,629.7424926757812,619.2976684570312,254.9451446533203,451.7900085449219,92.55999755859376,268.6720275878906,108.43614959716795,338.8307189941406,150.4033203125,97.71819305419922,72.46654510498047
2026-01-23,685.5865478515625,688.5526733398438,630.0009765625,621.2530517578125,255.7530975341797,458.0,93.79000091552734,263.712646484375,106.46639251708984,338.5225830078125,150.23414611816406,97.80611419677734,72.54472351074219
2026-01-26,689.0680541992188,692.1832275390625,633.2412719726562,623.9866333007812,256.8902282714844,464.7000122070313,95.18000030517578,262.8861083984375,106.09831237792967,339.9837951660156,150.88101196289062,97.9526596069336,72.63264465332031
2026-01-27,691.8134765625,694.9285278320312,635.83544921875,629.6432495117188,259.19439697265625,476.1000061035156,97.4800033569336,263.63299560546875,106.40670776367188,341.2164001464844,151.42837524414062,97.88427734375,72.57402801513672
2026-01-28,691.7438354492188,694.978271484375,635.736083984375,631.7283325195312,260.10211181640625,494.55999755859375,101.25,262.2088928222656,105.83966064453124,341.02752685546875,151.36866760253906,97.8451919555664,72.54472351074219
2026-01-29,690.3711547851562,693.3768920898438,634.4141235351562,627.947265625,258.4862060546875,495.8999938964844,101.56999969482422,262.27862548828125,105.849609375,340.2422790527344,150.990478515625,97.8451919555664,72.55448913574219
2026-01-30,688.3120727539062,691.327880859375,632.37646484375,620.4050903320312,255.4039764404297,444.9500122070313,91.1999969482422,258.57403564453125,104.37725830078124,338.53253173828125,150.2540283203125,97.82565307617188,72.52517700195312
2026-02-02,691.7339477539062,694.819091796875,635.8155517578125,624.6650390625,257.1695251464844,427.1300048828125,87.56999969482422,261.0935363769531,105.38204193115234,340.4311218261719,151.07009887695312,97.7129364013672,72.45166015625
2026-02-03,685.885009765625,688.8809204101562,630.3190307617188,615.0676879882812,253.16961669921875,454.2900085449219,93.02999877929688,261.6910705566406,105.67053985595705,337.8168640136719,149.8858184814453,97.72274017333984,72.47126007080078
2026-02-04,682.5626831054688,685.6183471679688,627.0985717773438,604.3230590820312,248.7508087158203,453.9700012207031,92.91999816894533,259.4404296875,104.7751922607422,336.2264099121094,149.16928100585938,97.66392517089844,72.44185638427734
2026-02-05,674.0379638671875,676.8951416015625,619.335693359375,595.6236572265625,245.2097625732422,441.8800048828125,90.52999877929688,254.76986694335935,102.8949737548828,331.9024353027344,147.26844787597656,98.0854034423828,72.75553894042969
2026-02-06,686.96923828125,690.08447265625,631.4024047851562,608.2138671875,250.37669372558597,455.4599914550781,93.23999786376952,263.9217834472656,106.54598236083984,338.9201965332031,150.41326904296875,98.14421081542967,72.76534271240234
2026-02-09,690.2816772460938,693.3768920898438,634.3743286132812,612.8728637695312,252.29183959960935,467.0299987792969,95.62999725341795,265.7740783691406,107.31200408935548,340.5901794433594,151.1696014404297,98.17362213134766,72.78495025634766
2026-02-10,688.4613037109375,691.4471435546875,632.59521484375,610.029541015625,251.14476013183597,462.3999938964844,94.70999908447266,265.0570373535156,107.033447265625,339.75518798828125,150.78147888183594,98.45784759521484,73.0006103515625
2026-02-11,688.3021850585938,691.3477172851562,632.5056762695312,611.6657104492188,251.7931060791016,467.6300048828125,95.76000213623048,263.8520812988281,106.5559310913086,339.4271545410156,150.65211486816406,98.23241424560548,72.85356903076172
2026-02-12,677.668701171875,680.684814453125,622.705322265625,599.22509765625,246.69601440429688,451.3900146484375,92.4800033569336,258.4645080566406,104.35736846923828,333.99981689453125,148.26365661621094,98.67349243164062,73.18685913085938
2026-02-13,678.1461181640625,681.1124877929688,623.1029052734375,600.5020751953125,247.2047271728516,462.6199951171875,94.75,261.8703308105469,105.71033477783205,334.635986328125,148.512451171875,98.98715209960938,73.40251159667969
2026-02-17,679.2402954101562,682.186767578125,624.1961669921875,599.8834838867188,246.94537353515625,448.2000122070313,91.81999969482422,261.95001220703125,105.75012969970705,335.053466796875,148.72145080566406,98.99696350097656,73.39271545410156
2026-02-18,682.662109375,685.6780395507812,627.337158203125,604.3629150390625,248.7508087158203,458.2799987792969,93.8499984741211,262.89605712890625,106.15799713134766,336.8029479980469,149.47779846191406,98.85972595214844,73.31429290771484
2026-02-19,680.8616333007812,684.0169067382812,625.7269287109375,602.0484008789062,247.88299560546875,459.55999755859375,94.12000274658205,263.5035095214844,106.38681030273438,336.1667785644531,149.18919372558594,98.87932586669922,73.34370422363281
2026-02-20,685.7855834960938,688.811279296875,630.1898193359375,607.3758544921875,250.0375518798828,468.6199951171875,95.9499969482422,263.51348876953125,106.40670776367188,338.2343444824219,150.15452575683594,98.89894104003906,73.33389282226562
2026-02-23,678.7827758789062,681.838623046875,623.8384399414062,599.9932250976562,247.0251617431641,481.2799987792969,98.56999969482422,259.4105224609375,104.74534606933594,334.4471435546875,148.47265625,99.09497833251952,73.49073791503906
2026-02-24,683.7164916992188,686.8319091796875,628.3907470703125,606.4380493164062,249.67845153808597,474.6099853515625,97.1999969482422,262.23876953125,105.87944793701172,337.1806640625,149.6270751953125,99.08516693115234,73.45153045654297
2026-02-25,689.4859008789062,692.541259765625,633.6785888671875,615.227294921875,253.1895904541016,473.4200134277344,96.97000122070312,263.48358154296875,106.39675903320312,339.7850036621094,150.81134033203125,99.0361557006836,73.43192291259766
2026-02-26,685.6561889648438,688.7216796875,630.1202392578125,607.8048095703125,250.2470245361328,477.4800109863281,97.79000091552734,264.88775634765625,106.95386505126952,338.4530029296875,150.2440948486328,99.19298553466795,73.53974914550781
2026-02-27,682.3637084960938,685.7078857421875,627.227783203125,605.859375,249.42909240722656,483.75,99.06999969482422,260.3267517089844,105.17312622070312,336.7433166503906,149.4081268310547,99.38902282714844,73.68679809570312
2026-03-02,682.751708984375,685.7775268554688,627.4663696289062,606.6575317382812,249.72833251953125,490.0,100.37999725341795,262.716796875,106.0784149169922,337.0912170410156,149.56735229492188,98.99179077148438,73.38985443115234
2026-03-03,676.7337036132812,679.7299194335938,621.9398803710938,600.1629028320312,247.09500122070312,468.1400146484375,95.91999816894533,258.16571044921875,104.24793243408205,333.72149658203125,148.1143798828125,98.88363647460938,73.31118774414062
2026-03-04,681.5082397460938,684.61376953125,626.3729858398438,609.311279296875,250.73577880859372,471.7999877929688,96.6500015258789,260.67529296875,105.26265716552734,336.1667785644531,149.17922973632812,98.84430694580078,73.26202392578125
2026-03-05,677.70849609375,680.8140869140625,623.0233154296875,607.4755249023438,250.08743286132807,466.1300048828125,95.5199966430664,255.69601440429688,103.25310516357422,333.9898681640625,148.21389770507812,98.55916595458984,73.09487915039062
2026-03-06,668.82568359375,671.8023681640625,614.6939697265625,598.337158203125,246.34689331054688,473.510009765625,96.9800033569336,249.850341796875,100.8754653930664,329.4273376464844,146.1538543701172,98.4411849975586,72.99655151367188
2026-03-09,674.6845703125,677.720703125,620.031494140625,606.3283081054688,249.57872009277344,472.5299987792969,96.77999877929688,252.5690155029297,101.97972869873048,332.2801818847656,147.44760131835938,98.75582122802734,73.20303344726562
2026-03-10,673.6002807617188,676.4971923828125,618.9580078125,606.3383178710938,249.63856506347656,477.8599853515625,97.8499984741211,252.31008911132807,101.89019775390624,331.5148010253906,147.1191864013672,98.4313507080078,72.97688293457031
2026-03-11,672.7548217773438,675.7711181640625,618.272216796875,606.2584838867188,249.57872009277344,476.239990234375,97.5500030517578,251.8022308349609,101.69123077392578,331.2463684082031,146.9798583984375,97.98889923095705,72.65241241455078
2026-03-12,662.5390625,665.38671875,608.7998046875,595.8530883789062,245.31948852539065,466.8800048828125,95.6500015258789,246.384765625,99.51255798339844,325.9582214355469,144.6411590576172,97.6250991821289,72.38693237304688
2026-03-13,658.7890014648438,661.6566772460938,605.4104614257812,592.3213500976562,243.83323669433597,460.8399963378906,94.37999725341795,245.56814575195312,99.134521484375,324.178955078125,143.8748779296875,97.54644775390624,72.31809997558594
2026-03-16,665.493408203125,668.3309326171875,611.4735717773438,598.9656982421875,246.54638671875,460.4299926757813,94.33000183105467,247.8885040283203,100.0895538330078,327.489013671875,145.32785034179688,97.92990112304688,72.59342193603516
2026-03-17,667.2440185546875,670.18994140625,613.1632690429688,601.8887939453125,247.8231506347656,459.2699890136719,94.06999969482422,249.45677185058597,100.76603698730467,328.5923767089844,145.8135986328125,98.12655639648438,72.74090576171875
2026-03-18,657.9335327148438,661.0744018554688,604.7046508789062,593.4986572265625,244.3419647216797,444.739990234375,91.12000274658205,245.43634033203125,99.12458038330078,324.069580078125,143.84866333007812,97.7136001586914,72.44593811035156
2026-03-19,656.3121948242188,659.1595458984375,603.0845336914062,591.623046875,243.5838623046875,426.4100036621094,87.37000274658203,247.04251098632807,99.75131225585938,323.4930419921875,143.5594024658203,97.82174682617188,72.52459716796875
2026-03-20,646.9034423828125,649.5553588867188,594.3277587890625,580.6888427734375,239.03536987304688,413.3800048828125,84.69999694824219,241.64535522460935,97.58258819580078,318.4235534667969,141.31520080566406,97.00566864013672,71.94447326660156
2026-03-23,653.6959228515625,656.5765380859375,600.778564453125,587.3545532226562,241.79019165039065,404.0400085449219,82.77999877929688,246.8629302978516,99.6717300415039,322.25054931640625,143.0207977294922,97.36946105957033,72.21977996826172
2026-03-24,651.5015869140625,654.47216796875,598.7409057617188,583.3389282226562,240.14208984375,404.1300048828125,82.76000213623047,248.18978881835935,100.2522430419922,321.24658203125,142.6018829345703,97.10399627685548,72.03296661376953
2026-03-25,655.1322021484375,657.9727783203125,602.0010375976562,587.1747436523438,241.7002868652344,416.2900085449219,85.2699966430664,251.2225799560547,101.4890594482422,323.2048034667969,143.46963500976562,97.44812774658205,72.30828094482422
2026-03-26,643.432373046875,646.274169921875,591.3259887695312,573.1600952148438,235.9369659423828,400.6400146484375,82.08999633789062,246.85296630859372,99.69367218017578,317.6382751464844,140.99603271484375,96.89751434326172,71.8854751586914
2026-03-27,632.4606323242188,635.28369140625,581.267333984375,561.9624633789062,231.34228515625,414.7000122070313,84.94999694824219,242.5232696533203,97.9381866455078,312.19195556640625,138.58226013183594,96.8876724243164,71.8854751586914
2026-03-30,630.3460693359375,633.2291870117188,579.2431640625,557.6671752929688,229.60427856445312,414.5799865722656,84.93000030517578,239.04153442382807,96.5218276977539,310.7860107421875,137.95387268066406,97.3792953491211,72.24927520751953
2026-03-31,648.6688842773438,651.4602661132812,595.81494140625,576.54638671875,237.34532165527344,430.2900085449219,88.16000366210938,247.41163635253903,99.9131088256836,319.88983154296875,142.06326293945312,97.60543823242188,72.4065933227539
2026-04-01,653.5562744140625,656.2972412109375,600.5511474609375,583.6685791015625,240.29193115234372,437.8200073242188,89.68000030517578,248.96792602539065,100.5315170288086,322.3128356933594,143.0806427001953,97.67153930664062,72.43619537353516
2026-04-02,654.144775390625,657.1948852539062,601.2391357421875,584.3378295898438,240.5815887451172,429.4100036621094,87.94000244140625,250.69381713867188,101.2596435546875,322.83135986328125,143.31004333496094,97.89845275878906,72.59405517578125
2026-04-06,657.23681640625,660.0870361328125,603.9113159179688,587.85400390625,242.03990173339844,427.6499938964844,87.61000061035156,251.76129150390625,101.69851684570312,324.2771911621094,143.9484100341797,97.72087097167967,72.48553466796875
2026-04-07,657.5260009765625,660.605712890625,604.2802734375,587.9439086914062,242.09983825683597,431.80999755859375,88.45999908447266,252.3099822998047,101.9279327392578,324.4965515136719,144.07806396484375,97.83924865722656,72.59405517578125
2026-04-08,674.27294921875,677.1712036132812,619.535888671875,605.4246826171875,249.2515411376953,434.5299987792969,89.04000091552734,259.85205078125,104.96013641357422,332.74285888671875,147.68875122070312,98.09576416015624,72.732177734375
2026-04-09,678.162841796875,681.180419921875,623.2052001953125,609.5202026367188,250.9395904541016,437.9100036621094,89.72000122070312,261.3385009765625,105.53864288330078,334.48785400390625,148.5066375732422,98.15496063232422,72.76177978515625
2026-04-10,677.7140502929688,680.7914428710938,622.786376953125,610.3992309570312,251.3091735839844,437.1300048828125,89.55999755859375,260.6800537109375,105.29926300048828,334.0889587402344,148.2971649169922,97.98724365234376,72.65325164794922
2026-04-13,684.3369750976562,687.6929321289062,628.8886108398438,616.7122802734375,253.87620544433597,435.3599853515625,89.20999908447266,264.4411315917969,106.82533264160156,337.6986083984375,149.94293212890625,98.18455505371094,72.81111145019531
2026-04-14,692.675537109375,695.8211059570312,636.4964599609375,627.909912109375,258.4808654785156,445.0899963378906,91.18000030517578,268.0824890136719,108.26164245605467,341.66717529296875,151.6884307861328,98.44107055664062,72.98870086669922
2026-04-15,698.1414184570312,701.306396484375,641.5816650390625,636.7003173828125,262.1766052246094,440.4599914550781,90.23999786376952,268.7509155273437,108.56086730957033,344.2497253417969,152.81552124023438,98.2832260131836,72.89002990722656
2026-04-16,699.8569946289062,702.8522338867188,642.987548828125,639.7669067382812,263.3851928710937,440.0799865722656,90.16000366210938,269.3095703125,108.790283203125,345.0374755859375,153.1945343017578,98.14509582519533,72.78150939941406
2026-04-17,708.3152465820312,711.4490966796875,650.8845825195312,648.1376953125,266.8212280273437,445.9299926757813,91.33999633789062,275.125732421875,111.14423370361328,349.5245666503906,155.1893768310547,98.5101318359375,73.06761932373047
2026-04-20,706.8988037109375,710.1825561523438,649.6481323242188,646.0799560546875,265.9921569824219,442.0899963378906,90.56999969482422,276.6920166015625,111.79256439208984,349.2054748535156,155.0896453857422,98.5002670288086,73.01829528808594
2026-04-21,702.2708129882812,705.3355102539062,645.37060546875,643.6226806640625,265.0033264160156,429.5700073242188,88.04000091552734,273.8587646484375,110.6754379272461,346.84228515625,154.0523223876953,98.1352310180664,72.79137420654297
2026-04-22,709.3825073242188,712.6459350585938,652.0013427734375,654.390869140625,269.3183288574219,435.260009765625,89.19000244140625,275.8240661621094,111.45343780517578,350.21258544921875,155.50856018066406,98.27334594726562,72.87030792236328
2026-04-23,706.6295776367188,709.8334350585938,649.3689575195312,650.7048950195312,267.90997314453125,431.0400085449219,88.33999633789062,274.8663330078125,111.04448699951172,348.7966613769531,154.8402862548828,98.1155014038086,72.74205017089844
2026-04-24,712.10546875,715.358642578125,654.5139770507812,663.1512451171875,273.0639953613281,433.25,88.75,275.99365234375,111.50331115722656,351.0401916503906,155.9374542236328,98.2536163330078,72.87030792236328
2026-04-27,713.332275390625,716.5753784179688,655.5908813476562,663.5008544921875,273.19384765625,429.8900146484375,88.06999969482422,276.4825134277344,111.7127685546875,351.5188293457031,156.14691162109375,98.10564422607422,72.75190734863281
2026-04-28,709.8612060546875,713.0448608398438,652.3602905273438,656.8281860351562,270.447021484375,421.9100036621094,86.45999908447266,273.2601623535156,110.39615631103516,349.6242980957031,155.3190460205078,98.06616973876952,72.732177734375
2026-04-29,709.7515258789062,712.9750366210938,652.34033203125,660.84375,272.0751647949219,417.4100036621094,85.55000305175781,271.4344787597656,109.6780014038086,349.2054748535156,155.21929931640625,97.63207244873048,72.40660095214844
2026-04-30,716.8132934570312,720.1358032226562,658.6619262695312,667.0069580078125,274.5822448730469,423.6600036621094,86.8499984741211,277.310546875,112.05189514160156,353.1640930175781,156.885009765625,97.77019500732422,72.51512908935547
2026-05-01,718.7982177734375,722.0706176757812,660.5963134765625,673.4099731445312,277.2192077636719,423.1799926757813,86.72000122070312,278.617431640625,112.55061340332033,354.2709350585937,157.35379028320312,97.8988800048828,72.6160888671875
2026-05-04,716.1649780273438,719.4576416015625,658.2032470703125,672.141357421875,276.729736328125,414.7099914550781,84.97000122070312,277.22076416015625,111.98207092285156,352.9646911621094,156.76531982421875,97.5920181274414,72.3686294555664
2026-05-05,721.9102172851562,725.0326538085938,663.3682250976562,680.8617553710938,280.2956237792969,418.2699890136719,85.69000244140625,281.8896484375,113.89715576171876,355.9660339355469,158.08192443847656,97.77019500732422,72.49730682373047
2026-05-06,731.9443359375,735.4346923828125,672.7009887695312,695.0062255859375,286.0689392089844,430.9599914550781,88.30000305175781,286.1195678710937,115.5927963256836,360.8220520019531,160.3261260986328,98.18595123291016,72.80416870117188
2026-05-07,729.7001342773438,732.9912719726562,670.587158203125,694.1771240234375,285.7892761230469,431.6799926757813,88.45999908447266,281.5903625488281,113.74754333496094,359.1668395996094,159.57806396484375,97.94837188720705,72.6160888671875
2026-05-08,735.724609375,738.9851684570312,676.0711669921875,710.44921875,292.4815368652344,433.7699890136719,88.87000274658203,283.495849609375,114.54548645019533,361.82916259765625,160.76498413085938,98.1760482788086,72.80416870117188
2026-05-11,737.4002685546875,740.7603759765625,677.5469360351562,712.5069580078125,293.3704833984375,434.6499938964844,89.05999755859375,284.6530456542969,115.0142822265625,362.5870056152344,161.08416748046875,97.9186782836914,72.6259994506836
2026-05-12,736.2831420898438,739.6234130859375,676.6993408203125,706.463623046875,290.8034973144531,432.9299926757813,88.70999908447266,281.8996276855469,113.88717651367188,361.7494201660156,160.72509765625,97.63160705566406,72.40821838378906
2026-05-13,740.4025268554688,743.7423706054688,680.4285278320312,713.9254760742188,293.8199768066406,430.5,88.19000244140625,281.9993896484375,113.91709899902344,363.6639099121094,161.57290649414062,97.67121124267578,72.43791961669922
2026-05-14,746.2474975585938,749.5468139648438,685.7330322265625,718.9998168945312,296.02740478515625,427.2099914550781,87.54000091552734,283.7751770019531,114.62528228759766,366.34619140625,162.77978515625,97.64151763916016,72.41812133789062
2026-05-15,737.2706298828125,740.4612426757812,677.4671630859375,708.1517944335938,291.5526123046875,417.2900085449219,85.51000213623047,276.94140625,111.92223358154295,361.6995544433594,160.68521118164062,97.0277862548828,72.00238037109375
2026-05-18,736.751953125,739.922607421875,676.9386596679688,705.1051025390625,290.2940673828125,418.4299926757813,85.76000213623047,275.3152770996094,111.22402954101562,361.3206176757813,160.52561950683594,97.01789093017578,71.95288848876953
2026-05-19,731.8446044921875,735.2152709960938,672.6312866210938,700.7599487304688,288.5061340332031,411.5,84.31999969482422,272.3523254394531,110.03707885742188,359.0272521972656,159.48828125,96.64173889160156,71.71531677246094
2026-05-20,739.3452758789062,742.794921875,679.5910034179688,712.3671875,293.29058837890625,417.3999938964844,85.52999877929688,279.2060241699219,112.79000091552734,363.1453857421875,161.30360412597656,97.22576904296876,72.11125946044922
2026-05-21,740.8114624023438,744.1812133789062,680.8572998046875,713.7256469726562,293.8699035644531,416.989990234375,85.43000030517578,281.8197937011719,113.85726165771484,364.0428161621094,161.73248291015625,97.34455108642578,72.1904525756836
2026-05-22,743.7239990234375,747.13330078125,683.5593872070312,716.7523193359375,295.0985107421875,413.8200073242188,84.80999755859375,284.4435729980469,114.9045639038086,365.7379455566406,162.51048278808594,97.44354248046876,72.2597427368164
2026-05-26,748.6613159179688,752.0101928710938,688.0064697265625,729.4783935546875,300.3324279785156,414.0,84.80999755859375,289.82080078125,117.07897186279295,368.4002685546875,163.69741821289062,97.720703125,72.46761322021484
2026-05-27,748.5316162109375,752.1497802734375,687.9566040039062,728.6492919921875,300.0328063964844,408.489990234375,83.7300033569336,289.6811218261719,116.99918365478516,368.300537109375,163.6276092529297,97.79989624023438,72.53689575195312
2026-05-28,752.6609497070312,756.1390991210938,691.8950805664062,734.79248046875,302.4999389648437,412.7699890136719,84.58999633789062,291.3371887207031,117.67743682861328,370.5939636230469,164.61505126953125,97.99787139892578,72.67548370361328
2026-05-29,754.5361328125,758.0140380859375,693.4705200195312,737.49951171875,303.608642578125,417.1199951171875,85.48999786376953,289.740966796875,117.02910614013672,371.4714660644531,165.05392456054688,98.0572509765625,72.71508026123047
2026-06-01,756.5908203125,759.9788208007812,695.2752685546875,741.9246826171875,305.46649169921875,411.260009765625,84.2699966430664,288.29443359375,116.48050689697266,372.3289794921875,165.41299438476562,98.00859832763672,72.68230438232422
2026-06-02,757.6182250976562,761.0159912109375,696.2325439453125,745.3408813476562,306.8748779296875,411.9500122070313,84.41999816894531,290.9680480957031,117.53778839111328,373.2862243652344,165.8319091796875,98.03839874267578,72.70215606689453
2026-06-03,752.3018798828125,755.2215576171875,691.3467407226562,743.39306640625,306.2555847167969,407.8699951171875,83.58999633789062,286.9875183105469,115.91197204589844,370.583984375,164.62503051757812,97.82981872558594,72.5631103515625
2026-06-04,755.1445922851562,758.7919921875,694.0388793945312,739.7969970703125,304.5875244140625,411.2699890136719,84.27999877929688,291.3172302246094,117.68740844726562,372.3090515136719,165.41299438476562,97.98873138427734,72.66244506835938
2026-06-05,735.65478515625,738.92529296875,676.0313110351562,704.2860107421875,290.0143737792969,396.239990234375,81.22000122070312,280.9817810058594,113.53807830810548,362.3377380371094,160.93455505371094,97.50205993652344,72.33468627929688
2026-06-08,737.3204345703125,740.6705932617188,677.7064208984375,715.283935546875,294.4692077636719,397.2699890136719,81.37999725341797,283.4359436035156,114.5055923461914,363.4245910644531,161.4332733154297,97.50205993652344,72.3148193359375
2026-06-09,735.1560668945312,738.7657470703125,675.7322387695312,707.052978515625,291.1830139160156,390.7799987792969,80.06999969482422,284.3437805175781,114.86466979980467,362.62689208984375,161.09413146972656,97.7007064819336,72.4737319946289
2026-06-10,723.56591796875,726.9674072265625,665.1130981445312,692.9285278320312,285.5895080566406,374.5799865722656,76.79000091552734,281.3808288574219,113.65776824951172,357.0130310058594,158.51080322265625,97.64111328125,72.41413879394531
2026-06-11,735.8642578125,739.06494140625,676.2606201171875,716.332763671875,294.6789855957031,386.3200073242188,79.12999725341797,289.72100830078125,117.06900024414062,363.2550659179688,161.3634490966797,98.2072296142578,72.83128356933594
2026-06-12,739.843994140625,743.14404296875,679.9698486328125,720.5481567382812,296.66668701171875,386.5400085449219,79.19000244140625,292.2550048828125,118.07640838623048,365.3091430664063,162.31100463867188,98.08805847167967,72.74188995361328
2026-06-15,752.890380859375,756.3499755859375,691.8153686523438,743.1832885742188,305.8860168457031,396.5499877929688,81.26000213623047,294.6400146484375,119.03394317626952,371.4614868164063,165.0500030517578,98.17743682861328,72.8014907836914
2026-06-16,748.4019775390625,752.010009765625,687.7471923828125,729.0587768554688,300.21258544921875,397.6300048828125,81.5,292.0799865722656,118.02653503417967,369.30767822265625,164.0399932861328,98.29662322998048,72.91073608398438
2026-06-17,739.0560302734375,742.6099853515625,679.431396484375,721.7168579101562,297.2260437011719,388.6000061035156,79.63999938964844,289.8800048828125,117.06900024414062,364.7109069824219,162.10000610351562,97.93907165527344,72.64257049560547
2026-06-18,746.739990234375,750.1099853515625,686.1119384765625,739.8070068359375,304.1679992675781,387.1199951171875,79.33000183105469,295.5899963378906,119.36000061035156,368.9287414550781,163.85000610351562,98.22710418701172,72.84120178222656
2026-06-22,744.3900146484375,747.780029296875,684.1077880859375,737.9500122070312,303.8999938964844,384.5899963378906,78.80000305175781,298.17999267578125,120.45999908447266,367.7521362304688,163.32000732421875,97.9589385986328,72.64257049560547
2026-06-23,733.5800170898438,737.1400146484375,674.3761596679688,713.6500244140625,293.8699951171875,377.3200073242188,77.33000183105469,295.32000732421875,119.33000183105467,362.6567993164063,161.1999969482422,98.03839874267578,72.72203063964844
2026-06-24,733.239990234375,736.6599731445312,673.72802734375,710.6199951171875,292.6300048828125,365.9200134277344,74.98999786376953,296.69000244140625,119.87999725341795,362.60693359375,161.08999633789062,98.51512908935548,73.0497817993164
2026-06-25,734.2999877929688,736.5,673.7479858398438,716.3800048828125,294.8800048828125,369.4599914550781,75.70999908447266,298.9100036621094,120.73999786376952,362.9360046386719,161.22000122070312,98.57472229003906,73.09944915771484
2026-06-26,728.989990234375,730.1699829101562,670.260009765625,706.52001953125,290.95001220703125,373.6300048828125,76.55999755859375,299.8299865722656,120.27999877929688,362.2200012207031,160.8300018310547,98.66410064697266,73.1689682006836
2026-06-29,741.0,744.1900024414062,681.010009765625,724.0800170898438,298.04998779296875,368.5799865722656,75.52999877929688,298.9700012207031,120.86000061035156,367.1199951171875,163.07000732421875,98.69390106201172,73.20869445800781
