Date,asset_a_price,asset_b_price,alpha,hedge_ratio,spread,contemporaneous_zscore_for_outcomes,signal_zscore,abs_zscore,spread_change_lagged,spread_volatility,rolling_corr,spread_drawdown,half_life,deviation_persistence,regime_stress_proxy,asset_a,asset_b
2018-06-28,88.94451141357422,57.239479064941406,2.050526017837353,0.61003074868916,-0.03145650803861777,-0.27352353017228165,0.022133841447266343,0.022133841447266343,0.006669620074785332,0.009510310561451496,0.6357659132711654,-0.037422787823462755,13.402606593326643,0.0,0.595854523038989,CVX,XOM
2018-06-29,89.48954010009766,57.77020263671875,2.050526017837353,0.61003074868916,-0.03097760264160554,-0.1746388296256833,-0.27352353017228165,0.27352353017228165,-0.004640078274422699,0.009502183706865246,0.6338515920244854,-0.042062866097885454,13.260061481158552,0.0,0.6141826923076923,CVX,XOM
2018-07-02,87.94649505615234,57.09284210205078,2.050526017837353,0.61003074868916,-0.041175806026803485,-0.9472640243104128,-0.1746388296256833,0.1746388296256833,0.00047890539701223034,0.009308989730968819,0.6262172556440059,-0.041583960700873224,13.284352816985564,0.0,0.6051282051282051,CVX,XOM
2018-07-03,88.28624725341797,57.42803192138672,2.050526017837353,0.61003074868916,-0.04089107368902534,-0.8820586964396909,-0.9472640243104128,0.9472640243104128,-0.010198203385197946,0.009486061772847762,0.6213211881403566,-0.05178216408607117,13.086834204116768,0.0,0.6460834762721555,CVX,XOM
2018-07-05,87.7553939819336,57.47691345214844,2.050526017837353,0.61003074868916,-0.04744111304773391,-1.4117790445798641,-0.8820586964396909,0.8820586964396909,0.00028473233777814855,0.00940133412401146,0.6260614562109434,-0.05149743174829302,12.87093957207992,0.0,0.6104059143534663,CVX,XOM
2018-07-06,87.86863708496094,57.490867614746094,2.050526017837353,0.61003074868916,-0.04629958899584663,-1.2654607265659257,-1.4117790445798641,1.4117790445798641,-0.00655003935870857,0.009448597858363135,0.5988867668799672,-0.05804747110700159,12.514837412810929,1.0,0.673202614379085,CVX,XOM
2018-07-09,89.17811584472656,57.8889045715332,2.050526017837353,0.61003074868916,-0.035715839310755726,-0.13747202368779599,-1.2654607265659257,1.2654607265659257,0.0011415240518872771,0.007944863907757562,0.5984404011627589,-0.056905947055114314,12.867811467861147,2.0,0.5386251828214333,CVX,XOM
2018-07-10,90.31060028076172,58.41960525512695,2.050526017837353,0.61003074868916,-0.028663689009839288,0.6125935363604116,-0.13747202368779599,0.13747202368779599,0.010583749685090904,0.008072310758385109,0.5996364365671073,-0.04632219737002341,13.074768454291824,0.0,0.535064935064935,CVX,XOM
2018-07-11,87.42979431152344,57.67242431640625,2.050526017837353,0.61003074868916,-0.053229854532843124,-1.9007641606958328,0.6125935363604116,0.6125935363604116,0.007052150300916438,0.007735145084440931,0.6018138426588631,-0.03927004706910697,13.311564496542772,0.0,0.47576449689125744,CVX,XOM
2018-07-12,87.95356750488281,57.74225997924805,2.050526017837353,0.61003074868916,-0.04799518254837487,-1.2724268497245543,-1.9007641606958328,1.9007641606958328,-0.024566165523003836,0.009368379003687899,0.6083661547078135,-0.06383621259211081,12.400845818023345,1.0,0.6185515873015872,CVX,XOM
2018-07-13,87.79784393310547,58.17520523071289,2.050526017837353,0.61003074868916,-0.054324154682384496,-1.7480871388270613,-1.2724268497245543,1.2724268497245543,0.005234671984468253,0.009309886101097505,0.6111702342570118,-0.058601540607642555,12.275786653309222,2.0,0.6109225360649775,CVX,XOM
2018-07-16,87.04756164550781,57.60261154174805,2.050526017837353,0.61003074868916,-0.05687242750358257,-1.8557634006051718,-1.7480871388270613,1.7480871388270613,-0.006328972134009625,0.009283709636705165,0.6025384263624186,-0.06493051274165218,12.630755342996377,3.0,0.6105974395448079,CVX,XOM
2018-07-17,86.29019927978516,57.47691345214844,2.050526017837353,0.61003074868916,-0.06427841744732188,-2.317432040513535,-1.8557634006051718,1.8557634006051718,-0.002548272821198072,0.009058489868843186,0.6064639417531178,-0.06747878556285025,12.621041727325297,4.0,0.5791304347826087,CVX,XOM
2018-07-18,86.02122497558594,57.4140625,2.050526017837353,0.61003074868916,-0.06673294249001271,-2.2576306895397793,-2.317432040513535,2.317432040513535,-0.007405989943739311,0.008431700906095659,0.6045109756342162,-0.07488477550658956,12.77736614806471,5.0,0.5292649727767695,CVX,XOM
2018-07-19,86.12032318115234,57.26741409301758,2.050526017837353,0.61003074868916,-0.06402143632264856,-1.91590313753498,-2.2576306895397793,2.2576306895397793,-0.002454525042690836,0.008431600757406787,0.6024269203730197,-0.0773393005492804,12.848867030998624,6.0,0.5357420357420357,CVX,XOM
2018-07-20,86.54500579833984,56.841461181640625,2.050526017837353,0.61003074868916,-0.05454793983725503,-1.1415857956254905,-1.91590313753498,1.91590313753498,0.0027115061673641527,0.008488563310306686,0.5980023831150948,-0.07462779438191625,12.935928649022156,7.0,0.5825727944372012,CVX,XOM
2018-07-23,85.87967681884766,56.841461181640625,2.050526017837353,0.61003074868916,-0.062265306881403415,-1.5679595891668687,-1.1415857956254905,1.1415857956254905,0.009473496485393529,0.008206946123173476,0.5951067705919962,-0.06515429789652272,12.485988595152913,8.0,0.5693011381767897,CVX,XOM
2018-07-24,87.66336822509766,57.965728759765625,2.050526017837353,0.61003074868916,-0.053656425966765564,-0.9101938237902981,-1.5679595891668687,1.5679595891668687,-0.007717367044148382,0.008110881015437917,0.5855974373344622,-0.0728716649406711,12.358446162292765,9.0,0.5645833333333333,CVX,XOM
2018-07-25,88.40656280517578,58.3707275390625,2.050526017837353,0.61003074868916,-0.04946171956244472,-0.5700606592373775,-0.9101938237902981,0.9101938237902981,0.008608880914637851,0.008269216255139223,0.7627900648680789,-0.06426278402603325,11.671743253901075,0.0,0.18758289970411182,CVX,XOM
2018-07-26,87.73412322998047,58.82461929321289,2.050526017837353,0.61003074868916,-0.06182227337745472,-1.3665949389175795,-0.5700606592373775,0.5700606592373775,0.004194706404320847,0.008216472163914829,0.7671510871183223,-0.0600680776217124,10.219027388775382,0.0,0.18562574970011994,CVX,XOM
2018-07-27,89.16393280029297,57.20455551147461,2.050526017837353,0.61003074868916,-0.02862028708417874,1.0550913669316855,-1.3665949389175795,1.3665949389175795,-0.01236055381501,0.008396423053543052,0.7617183450403316,-0.0724286314367224,8.829873362885152,1.0,0.2200019590557351,CVX,XOM
2018-07-30,90.48048400878906,57.07887649536133,2.050526017837353,0.61003074868916,-0.01262100449926784,2.0257079123146684,1.0550913669316855,1.0550913669316855,0.033201986293275976,0.01129537121168707,0.6636173997620741,-0.039226645143446426,13.211970443871138,2.0,0.5810291858678955,CVX,XOM
2018-07-31,89.37628173828125,56.918243408203125,2.050526017837353,0.61003074868916,-0.023180656529431243,1.3235314294873757,2.0257079123146684,2.0257079123146684,0.0159992825849109,0.01181314920278645,0.6543010812248545,-0.018068283811364605,13.440015928910107,3.0,0.6628235294117648,CVX,XOM
2018-08-01,88.75341033935547,56.13618087768555,2.050526017837353,0.61003074868916,-0.021734142280752433,1.4153138095492295,1.3235314294873757,1.3235314294873757,-0.010559652030163402,0.011830405202178153,0.6566556746709877,-0.028627935841528007,11.334178272350519,4.0,0.6471022517534145,CVX,XOM
2018-08-02,87.59965515136719,55.80098342895508,2.050526017837353,0.61003074868916,-0.03116543232561897,0.8030913611425229,1.4153138095492295,1.4153138095492295,0.0014465142486788096,0.01183009498090465,0.6677351458379225,-0.027181421592849198,11.669511100089425,5.0,0.6239026156213232,CVX,XOM
2018-08-03,87.80493927001953,56.00349044799805,2.050526017837353,0.61003074868916,-0.031034590175185617,0.7860913605042522,0.8030913611425229,0.8030913611425229,-0.009431290044866536,0.011937700099589802,0.6704137565305958,-0.036612711637715734,10.952092807489024,0.0,0.6321022727272727,CVX,XOM
2018-08-06,87.98188018798828,55.989532470703125,2.050526017837353,0.61003074868916,-0.028869399444786392,0.9253304806548989,0.7860913605042522,0.7860913605042522,0.00013084215043335234,0.01193834493462325,0.6585721581804024,-0.030040650841466565,10.280446091296318,0.0,0.6528176988067241,CVX,XOM
2018-08-07,88.60474395751953,56.75067138671875,2.050526017837353,0.61003074868916,-0.03005196885794925,0.8139126940140381,0.9253304806548989,0.9253304806548989,0.0021651907303992246,0.01173128554671452,0.6763357886055061,-0.02787546011106734,10.108692501617243,0.0,0.5602564102564103,CVX,XOM
2018-08-08,87.6845932006836,56.37359619140625,2.050526017837353,0.61003074868916,-0.03642433550883961,0.38703716178103026,0.8139126940140381,0.8139126940140381,-0.0011825694131628595,0.011632657003059052,0.6766787035040969,-0.0290580295242302,9.913512608405261,0.0,0.5384195956715041,CVX,XOM
2018-08-09,86.72904968261719,56.08729553222656,2.050526017837353,0.61003074868916,-0.04427564130415673,-0.11269981926916511,0.38703716178103026,0.38703716178103026,-0.00637236665089036,0.010318575094967473,0.6779722592986424,-0.03543039617512056,9.069913865335867,0.0,0.45421607378129114,CVX,XOM
2018-08-10,87.3023681640625,56.030845642089844,2.050526017837353,0.61003074868916,-0.03707265586270836,0.4060312137214931,-0.11269981926916511,0.11269981926916511,-0.00785130579531712,0.01043343322173051,0.6795412533143617,-0.04328170197043768,8.363747965788967,0.0,0.4486215538847118,CVX,XOM
2018-08-13,86.66533660888672,55.42413330078125,2.050526017837353,0.61003074868916,-0.03775470088840116,0.3776011044481332,0.4060312137214931,0.4060312137214931,0.007202985441448373,0.010427772354678521,0.6778693074556471,-0.03607871652898931,7.325979400953193,0.0,0.4607018100984439,CVX,XOM
2018-08-14,86.7644271850586,55.247737884521484,2.050526017837353,0.61003074868916,-0.034667375401570055,0.5782061802438124,0.3776011044481332,0.3776011044481332,-0.0006820450256928012,0.010405158705410004,0.6831213276100407,-0.033092106746177574,6.798779392806993,0.0,0.43567251461988304,CVX,XOM
2018-08-15,83.48014831542969,54.28119659423828,2.050526017837353,0.61003074868916,-0.062488481243240024,-1.2964964810969937,0.5782061802438124,0.5782061802438124,0.003087325486831105,0.010233433266272705,0.6798615727621563,-0.03000478125934647,6.958696415196119,0.0,0.43504901960784315,CVX,XOM
2018-08-16,84.08040618896484,55.0290412902832,2.050526017837353,0.61003074868916,-0.06367094906803183,-1.3022636707260398,-1.2964964810969937,1.2964964810969937,-0.02782110584166997,0.01205278449853257,0.6865092255794406,-0.053738565131669525,6.804904491860849,1.0,0.5764918353525472,CVX,XOM
2018-08-17,84.18048095703125,55.212459564208984,2.050526017837353,0.61003074868916,-0.0645113530471999,-1.2804754235620346,-1.3022636707260398,1.3022636707260398,-0.0011824678247918108,0.012042285659957455,0.6865979217802667,-0.05478040895847336,6.618157411624442,2.0,0.5718722271517303,CVX,XOM
2018-08-20,84.14472961425781,55.60050964355469,2.050526017837353,0.61003074868916,-0.06920862831059393,-1.463862921828988,-1.2804754235620346,1.2804754235620346,-0.0008404039791680695,0.011845536466188338,0.6859673345804758,-0.053371149623364644,6.306314940368866,3.0,0.5630404767095415,CVX,XOM
2018-08-21,84.28050231933594,55.61459732055664,2.050526017837353,0.61003074868916,-0.06775091293853341,-1.2797520142787944,-1.463862921828988,1.463862921828988,-0.0046972752633940296,0.011771563869677837,0.6768912706152505,-0.05658762381132609,6.381449097796365,4.0,0.5821428571428571,CVX,XOM
2018-08-22,84.98085021972656,56.41181182861328,2.050526017837353,0.61003074868916,-0.06815800320017251,-1.2428010586354286,-1.2797520142787944,1.2797520142787944,0.0014577153720605196,0.011601474431586711,0.6547548781035456,-0.055129908439265574,5.846798217598061,5.0,0.639596938417246,CVX,XOM
2018-08-23,84.39485168457031,55.79096603393555,2.050526017837353,0.61003074868916,-0.06832657031047473,-1.182394460794836,-1.2428010586354286,1.2428010586354286,-0.0004070902616390981,0.011547531159201572,0.656683578112043,-0.05553699870090467,5.932751209806491,6.0,0.6062551781275891,CVX,XOM
2018-08-24,85.04515838623047,56.17194747924805,2.050526017837353,0.61003074868916,-0.06480215688348379,-0.9408507226964826,-1.182394460794836,1.182394460794836,-0.00016856711030222016,0.011246148004705912,0.6107367812557142,-0.05570556581120689,5.9504605250778875,7.0,0.7405119152691968,CVX,XOM
2018-08-27,86.00269317626953,56.722251892089844,2.050526017837353,0.61003074868916,-0.05955319023837635,-0.6277356822791491,-0.9408507226964826,0.9408507226964826,0.0035244134269909466,0.008295255884785697,0.6131036146691481,-0.052181152384215945,6.483478493049665,0.0,0.48504273504273504,CVX,XOM
2018-08-28,85.65254974365234,56.637596130371094,2.050526017837353,0.61003074868916,-0.06272168102066233,-0.8171130922949544,-0.6277356822791491,0.6277356822791491,0.0052489666451074335,0.0074267250308841905,0.6253143088240551,-0.04693218573910851,6.1981831859044645,0.0,0.39605911330049265,CVX,XOM
2018-08-29,85.90979766845703,57.046775817871094,2.050526017837353,0.61003074868916,-0.06411413150580891,-0.9079067098304363,-0.8171130922949544,0.8171130922949544,-0.003168490782285982,0.0071889319392669,0.6186421646695073,-0.050100676521394494,7.410935366497967,0.0,0.41250969242698377,CVX,XOM
2018-08-30,85.6168212890625,56.79984664916992,2.050526017837353,0.61003074868916,-0.06488396576265343,-0.9498455280956107,-0.9079067098304363,0.9079067098304363,-0.001392450485146579,0.0071478417021685675,0.6220440951535579,-0.05149312700654107,7.436032508125684,0.0,0.3993260855744167,CVX,XOM
2018-08-31,84.6520767211914,56.55998992919922,2.050526017837353,0.61003074868916,-0.07363458132401313,-1.3798172527192416,-0.9498455280956107,0.9498455280956107,-0.0007698342568445149,0.00695137551976725,0.6260437767891708,-0.05226296126338559,7.573641108481177,0.0,0.38175675675675674,CVX,XOM
2018-09-04,84.94509887695312,56.64463806152344,2.050526017837353,0.61003074868916,-0.07109136477362865,-1.1996513178685548,-1.3798172527192416,1.3798172527192416,-0.008750615561359698,0.007103159852959738,0.6210374458211276,-0.061013576824745286,7.8924789722267885,1.0,0.41373683886460194,CVX,XOM
2018-09-05,84.98085021972656,57.399532318115234,2.050526017837353,0.61003074868916,-0.07874666643427108,-1.5172422378306896,-1.1996513178685548,1.1996513178685548,0.002543216550384475,0.007115057069130346,0.6306084539704527,-0.05847036027436081,7.808460041093262,2.0,0.36787878787878786,CVX,XOM
2018-09-06,82.34391784667969,56.76456832885742,2.050526017837353,0.61003074868916,-0.10348213633300496,-2.445991697128456,-1.5172422378306896,1.5172422378306896,-0.007655301660642433,0.007212010656700205,0.6364219176083773,-0.06612566193500324,8.043011019268812,3.0,0.3475031322713442,CVX,XOM
2018-09-07,81.89372253417969,57.731117248535156,2.050526017837353,0.61003074868916,-0.11926414461920842,-2.69893882943773,-2.445991697128456,2.445991697128456,-0.024735469898733875,0.008675308682285424,0.6437805134869066,-0.09086113183373712,9.683812638080907,4.0,0.42528195488721804,CVX,XOM
2018-09-10,81.80797576904297,57.646453857421875,2.050526017837353,0.61003074868916,-0.11941646826514196,-2.363967113135974,-2.69893882943773,2.69893882943773,-0.015782008286203464,0.009045225394123817,0.6274976257068021,-0.10664314011994058,13.97742910756075,5.0,0.5152698247440569,CVX,XOM
2018-09-11,82.19386291503906,58.457786560058594,2.050526017837353,0.61003074868916,-0.12323646086941409,-2.2639874993618383,-2.363967113135974,2.363967113135974,-0.00015232364593353864,0.008736706648550864,0.6303392509045207,-0.10679546376587412,16.815724110133058,6.0,0.4851332877648667,CVX,XOM
2018-09-12,82.74411010742188,58.648258209228516,2.050526017837353,0.61003074868916,-0.11854868286024134,-1.9122015413753706,-2.2639874993618383,2.2639874993618383,-0.0038199926042721266,0.008701714276256324,0.6156963918712459,-0.11061545637014625,18.894925334342776,7.0,0.5388499298737728,CVX,XOM
2018-09-13,83.10855102539062,58.07680130004883,2.050526017837353,0.61003074868916,-0.10818075476181255,-1.4501533692882294,-1.9122015413753706,1.9122015413753706,0.0046877780091727494,0.008776084515139644,0.6227902636702992,-0.1059276783609735,17.60696919776962,8.0,0.5214412024756853,CVX,XOM
2018-09-14,83.88032531738281,58.5001106262207,2.050526017837353,0.61003074868916,-0.103367524363986,-1.1994993402176926,-1.4501533692882294,1.4501533692882294,0.010367928098428791,0.007487615392173495,0.6077141531133061,-0.09555975026254471,16.18576911474924,9.0,0.4677445696553977,CVX,XOM
2018-09-17,83.9732437133789,58.845802307128906,2.050526017837353,0.61003074868916,-0.10585460193380891,-1.2071716990611232,-1.1994993402176926,1.1994993402176926,0.004813230397826551,0.007644131508489361,0.6114933198510971,-0.09074651986471816,15.349394769575513,10.0,0.4532289208324394,CVX,XOM
2018-09-18,84.4162826538086,59.001007080078125,2.050526017837353,0.61003074868916,-0.10219934473782732,-1.014553073594847,-1.2071716990611232,1.2071716990611232,-0.0024870775698229153,0.007640228725169406,0.6020888584234345,-0.09323359743454107,15.402968947494323,11.0,0.49257438824586436,CVX,XOM
2018-09-19,85.40245819091797,59.706504821777344,2.050526017837353,0.61003074868916,-0.09783587146999295,-0.8019326671525575,-1.014553073594847,1.014553073594847,0.003655257195981587,0.007712983380743974,0.5770153527194594,-0.08957834023855948,15.286619117526257,12.0,0.5395833333333333,CVX,XOM
2018-09-20,85.33814239501953,59.84056091308594,2.050526017837353,0.61003074868916,-0.09995738270627674,-0.825584766954381,-0.8019326671525575,0.8019326671525575,0.004363473267834372,0.007797055051469571,0.5593650953557654,-0.08521486697072511,14.392269027662177,0.0,0.5496894409937888,CVX,XOM
2018-09-21,86.56010437011719,60.087467193603516,2.050526017837353,0.61003074868916,-0.08825172272411441,-0.32530426422294306,-0.825584766954381,0.825584766954381,-0.0021215112362837907,0.007793945235247743,0.5498340685357583,-0.0873363782070089,15.927857688400065,0.0,0.5493827160493827,CVX,XOM
2018-09-24,87.62487030029297,61.09636306762695,2.050526017837353,0.61003074868916,-0.08618353265836376,-0.1872336507753083,-0.32530426422294306,0.32530426422294306,0.01170565998216233,0.00831449081201448,0.5351461972496983,-0.07563071822484657,14.054571535417692,0.0,0.6104294478527608,CVX,XOM
2018-09-25,88.16081237792969,61.025787353515625,2.050526017837353,0.61003074868916,-0.07938075082976681,0.16707884323870414,-0.1872336507753083,0.1872336507753083,0.0020681900657506525,0.00828089214046164,0.549535996596576,-0.07356252815909592,15.172610442784126,0.0,0.6026750590086546,CVX,XOM
2018-09-26,87.14607238769531,60.517822265625,2.050526017837353,0.61003074868916,-0.08585859589677369,-0.05060870399266569,0.16707884323870414,0.16707884323870414,0.006802781828596949,0.008346829446431423,0.5423400515001403,-0.06675974633049897,14.078515343621708,0.0,0.6111515151515151,CVX,XOM
2018-09-27,87.51769256591797,60.510780334472656,2.050526017837353,0.61003074868916,-0.08153233781544023,0.1956929517050707,-0.05060870399266569,0.05060870399266569,-0.006477845067006882,0.008420822838304016,0.5339712090444592,-0.07323759139750585,15.620304927695905,0.0,0.6234939759036144,CVX,XOM
2018-09-28,87.38188171386719,59.98166275024414,2.050526017837353,0.61003074868916,-0.07772767179606532,0.41606945477968643,0.1956929517050707,0.1956929517050707,0.004326258081333467,0.008504642502956093,0.5311074734232819,-0.06891133331617239,15.556825883504086,0.0,0.6347305389221557,CVX,XOM
2018-10-01,88.88971710205078,60.538997650146484,2.050526017837353,0.61003074868916,-0.06626124631899977,1.0040614961788172,0.41606945477968643,0.41606945477968643,0.0038046660193749027,0.00856558047395601,0.529776247973125,-0.06510666729679748,15.292738418666051,0.0,0.6398809523809523,CVX,XOM
2018-10-02,89.13983154296875,60.99755859375,2.050526017837353,0.61003074868916,-0.06805478547022537,0.909228754015292,1.0040614961788172,1.0040614961788172,0.011466425477065556,0.008740190940172714,0.5391245650998133,-0.053640241819731926,14.370040897948632,1.0,0.6442594376404752,CVX,XOM
2018-10-03,89.54715728759766,60.77885818481445,2.050526017837353,0.61003074868916,-0.06130454733683788,1.2269306821349941,0.909228754015292,0.909228754015292,-0.0017935391512255983,0.008737347562160637,0.5348059931768426,-0.055433780970957525,14.534570590049755,0.0,0.6472850678733031,CVX,XOM
2018-10-04,89.28987884521484,60.37674331665039,2.050526017837353,0.61003074868916,-0.06013239505810253,1.2543377476809512,1.2269306821349941,1.2269306821349941,0.006750238133387487,0.008657472450273039,0.5219559723916183,-0.04868354283757004,14.193804699700095,1.0,0.6432748538011696,CVX,XOM
2018-10-05,89.56143951416016,60.207401275634766,2.050526017837353,0.61003074868916,-0.055382281504551045,1.4331451102245236,1.2543377476809512,1.2543377476809512,0.00117215227873535,0.006363247704193635,0.496130943155333,-0.04751139055883469,14.233545738134241,2.0,0.502906976744186,CVX,XOM
2018-10-08,89.21129608154297,60.76473617553711,2.050526017837353,0.61003074868916,-0.06492050413956907,0.9724787784786844,1.4331451102245236,1.4331451102245236,0.004750113553551483,0.0048642861850656345,0.49429183534791443,-0.042761277005283205,13.913303021930876,3.0,0.5028901734104047,CVX,XOM
2018-10-09,90.62620544433594,61.03285598754883,2.050526017837353,0.61003074868916,-0.05187055240440408,1.563901495342022,0.9724787784786844,0.9724787784786844,-0.009538222635018023,0.005566570788185812,0.48857833701256237,-0.05229949964030123,14.214055618777202,0.0,0.5057471264367817,CVX,XOM
2018-10-10,87.6105728149414,59.62888717651367,2.050526017837353,0.61003074868916,-0.07151552379384629,0.6520044606125706,1.563901495342022,1.563901495342022,0.013049951735164989,0.005784803213325805,0.48023286566722195,-0.03924954790513624,13.899146832885293,1.0,0.5085714285714286,CVX,XOM
2018-10-11,84.63067626953125,57.56883239746094,2.050526017837353,0.61003074868916,-0.08467244054916456,0.05315759161494002,0.6520044606125706,0.6520044606125706,-0.019644971389442212,0.007672279141592735,0.5443915314575055,-0.05889451929457845,14.067811723515618,0.0,0.50701871657754,CVX,XOM
2018-10-12,84.15902709960938,57.41363525390625,2.050526017837353,0.61003074868916,-0.08861428198646282,-0.10294214430073852,0.05315759161494002,0.05315759161494002,-0.013156916755318271,0.008142056652697694,0.6157890392968481,-0.07205143604989672,14.94118895366189,0.0,0.45205987875788695,CVX,XOM
2018-10-15,83.56588745117188,57.0185661315918,2.050526017837353,0.61003074868916,-0.09147488561011352,-0.21728455649352674,-0.10294214430073852,0.10294214430073852,-0.003941841437298255,0.00817001160217214,0.6172350067270912,-0.07599327748719498,15.817909191008425,0.0,0.4517586712261846,CVX,XOM
2018-10-16,83.9732437133789,57.286643981933594,2.050526017837353,0.61003074868916,-0.08947344913644883,-0.08709790310226984,-0.21728455649352674,0.21728455649352674,-0.0028606036236507038,0.008177785109064906,0.6283373826642296,-0.07885388111084568,16.31629414548115,0.0,0.40110928017362646,CVX,XOM
2018-10-17,83.81600189208984,57.498291015625,2.050526017837353,0.61003074868916,-0.09359734916982987,-0.27184344441896513,-0.08709790310226984,0.08709790310226984,0.002001436473664686,0.008156008888313122,0.6313163399686487,-0.076852444637181,14.889380158372907,0.0,0.38849206349206344,CVX,XOM
2018-10-18,83.94464111328125,57.74522018432617,2.050526017837353,0.61003074868916,-0.09467794149868425,-0.3446020361288748,-0.27184344441896513,0.27184344441896513,-0.004123900033381034,0.008171827946149741,0.6090425876744495,-0.08097634467056203,16.973803880145727,0.0,0.4836213314525293,CVX,XOM
2018-10-19,84.42344665527344,57.829872131347656,2.050526017837353,0.61003074868916,-0.08988394506106046,-0.15600830855785824,-0.3446020361288748,0.3446020361288748,-0.0010805923288543795,0.008160107039972596,0.6058210913926504,-0.08205693699941641,16.312146825764763,0.0,0.49171954805757623,CVX,XOM
2018-10-22,83.75885772705078,57.25136947631836,2.050526017837353,0.61003074868916,-0.09165399616020897,-0.31730026810463424,-0.15600830855785824,0.15600830855785824,0.004793996437623793,0.007806943325615728,0.6181006061596668,-0.07726294056179261,14.565804343427999,0.0,0.4054988727119875,CVX,XOM
2018-10-23,81.03621673583984,56.327171325683594,2.050526017837353,0.61003074868916,-0.11477178797513421,-1.6946182929654896,-0.31730026810463424,0.31730026810463424,-0.0017700510991485174,0.007798909736221649,0.7447734570072294,-0.07903299166094113,13.542311333250007,0.0,0.14583333333333331,CVX,XOM
2018-10-24,78.75662231445312,54.76095199584961,2.050526017837353,0.61003074868916,-0.1261029420315789,-2.271950629208226,-1.6946182929654896,1.6946182929654896,-0.023117791814925237,0.009064999565086598,0.772799448462226,-0.09303764569438178,16.851079340866804,1.0,0.2733457595526561,CVX,XOM
2018-10-25,79.7356185913086,55.247737884521484,2.050526017837353,0.61003074868916,-0.11914769374983347,-1.7998207588022785,-2.271950629208226,2.271950629208226,-0.011331154056444692,0.009250845430444398,0.7937623656742939,-0.10436879975082647,23.011709597640536,2.0,0.23191928119016053,CVX,XOM
2018-10-26,79.69991302490234,54.69746017456055,2.050526017837353,0.61003074868916,-0.11348911258709471,-1.4386984136054342,-1.7998207588022785,1.7998207588022785,0.00695524828174543,0.009358035084677887,0.8000762635340924,-0.09027829430504708,17.95507725706097,3.0,0.25206446214849576,CVX,XOM
2018-10-29,77.84193420410156,54.35882568359375,2.050526017837353,0.61003074868916,-0.13328885323056383,-2.267497741679138,-1.4386984136054342,1.4386984136054342,0.005658581162738763,0.00942285038591986,0.7920085342546525,-0.08461971314230832,15.863425849571659,4.0,0.2707734330074756,CVX,XOM
2018-10-30,79.2139892578125,55.579345703125,2.050526017837353,0.61003074868916,-0.1293617527825326,-1.912596706431705,-2.267497741679138,2.267497741679138,-0.01979974064346912,0.009684167574433291,0.7859059581271562,-0.10441945378577744,24.286246993432886,5.0,0.3339192500266326,CVX,XOM
2018-10-31,79.78565979003906,56.21427917480469,2.050526017837353,0.61003074868916,-0.12910031263690458,-1.7560519656481104,-1.912596706431705,1.912596706431705,0.00392710044803124,0.00980962578236039,0.7950696088810824,-0.09930978392458334,20.808832271781174,6.0,0.3014035087719298,CVX,XOM
2018-11-01,79.44263458251953,56.912723541259766,2.050526017837353,0.61003074868916,-0.14094165198721909,-2.060163527402217,-1.7560519656481104,1.7560519656481104,0.0002614401456280113,0.009584340661495265,0.7959561817088492,-0.09443293723533452,20.37385545818823,7.0,0.29458063173953747,CVX,XOM
2018-11-02,81.98661804199219,57.81576156616211,2.050526017837353,0.61003074868916,-0.11902420624731924,-1.0916807705633722,-2.060163527402217,2.060163527402217,-0.011841339350314506,0.009693661806345113,0.7820639585162527,-0.10627427658564903,26.79333181116528,8.0,0.3600603070175438,CVX,XOM
2018-11-05,84.9951171875,57.59706115722656,2.050526017837353,0.61003074868916,-0.08067448912935316,0.4478219651003566,-1.0916807705633722,1.0916807705633722,0.021917445739899843,0.01109311611840715,0.786057741843544,-0.08435683084574919,17.926445958706157,9.0,0.4058552609299333,CVX,XOM
2018-11-06,84.96653747558594,57.8439826965332,2.050526017837353,0.61003074868916,-0.08362043998537194,0.33569244384292907,0.4478219651003566,0.4478219651003566,0.03834971711796609,0.014196782986679469,0.7278258034330486,-0.0460071137277831,11.605726880992753,0.0,0.5639978578122908,CVX,XOM
2018-11-07,86.37429809570312,58.577701568603516,2.050526017837353,0.61003074868916,-0.07487702404395824,0.6692803356477474,0.33569244384292907,0.33569244384292907,-0.0029459508560187864,0.01384080374049153,0.7267523298877406,-0.048953064583801886,12.081210043462399,0.0,0.5641852770885029,CVX,XOM
2018-11-08,85.2952651977539,57.646453857421875,2.050526017837353,0.61003074868916,-0.07767226509920944,0.550708142013289,0.6692803356477474,0.6692803356477474,0.008743415941413701,0.013363602001261262,0.7336291908476293,-0.02300647163955416,11.146245689283418,0.0,0.5554029304029304,CVX,XOM
2018-11-09,85.40245819091797,57.6322021484375,2.050526017837353,0.61003074868916,-0.07626549141300432,0.6043385121045448,0.550708142013289,0.550708142013289,-0.0027952410552511964,0.013047108768598764,0.723502899516994,-0.025801712694805357,11.192926687858225,0.0,0.5594587603866921,CVX,XOM
2018-11-12,83.88746643066406,56.89103698730469,2.050526017837353,0.61003074868916,-0.08626812419929353,0.2353151119406648,0.6043385121045448,0.6043385121045448,0.0014067736862051206,0.013011163157199827,0.7232478406550621,-0.024394939008600236,10.866273669720462,0.0,0.5596471039509014,CVX,XOM
2018-11-13,82.42969512939453,55.58687973022461,2.050526017837353,0.61003074868916,-0.08965160504209146,0.12921903849944097,0.2353151119406648,0.2353151119406648,-0.010002632786289212,0.013198382584322755,0.7306096245769083,-0.03439757179488945,10.90766210088778,0.0,0.5547865111722132,CVX,XOM
2018-11-14,82.69410705566406,55.15216827392578,2.050526017837353,0.61003074868916,-0.08165957755506392,0.4999098177918617,0.12921903849944097,0.12921903849944097,-0.003383480842797937,0.013215033451985042,0.7400329348815883,-0.037781052637687385,12.936702960118142,0.0,0.55125,CVX,XOM
2018-11-15,84.38981628417969,55.7222900390625,2.050526017837353,0.61003074868916,-0.06763485581940554,1.1196939208033208,0.4999098177918617,0.4999098177918617,0.007992027487027542,0.01329000414226756,0.7340502270034541,-0.029789025150659842,12.713871073821132,0.0,0.5539692840147091,CVX,XOM
2018-11-16,85.91236114501953,56.271018981933594,2.050526017837353,0.61003074868916,-0.05573180203615147,1.6326697314992047,1.1196939208033208,1.1196939208033208,0.014024721735658385,0.013598838989808511,0.7374272627998286,-0.015764303415001457,11.84524717709704,1.0,0.5560444933382227,CVX,XOM
2018-11-19,86.1721420288086,56.456321716308594,2.050526017837353,0.61003074868916,-0.054718130603116144,1.6274930018238096,1.6326697314992047,1.6326697314992047,0.01190305378325407,0.013775915042985276,0.7405311318011358,-0.0038612496317473877,11.967391395394309,2.0,0.555033394783765,CVX,XOM
2018-11-20,83.77649688720703,54.85285568237305,2.050526017837353,0.61003074868916,-0.06533574609748571,1.2342984201045881,1.6274930018238096,1.6274930018238096,0.0010136714330353236,0.013754120636646727,0.7394395250797441,-0.002847578198712064,12.345254189602096,3.0,0.5582855093256816,CVX,XOM
2018-11-21,84.83721923828125,55.273311614990234,2.050526017837353,0.61003074868916,-0.05741204834952329,1.518632131540787,1.2342984201045881,1.2342984201045881,-0.01061761549436957,0.012860472282410218,0.754839568456736,-0.013465193693081634,12.342533918245827,4.0,0.518329637841833,CVX,XOM
2018-11-23,81.97248077392578,53.798118591308594,2.050526017837353,0.61003074868916,-0.07526045071925003,0.7458584636016077,1.518632131540787,1.518632131540787,0.007923697747962422,0.01250699613889656,0.7571161312671542,-0.0055414959451192125,12.154813597334165,5.0,0.5157035910632822,CVX,XOM
2018-11-26,82.96827697753906,54.8599739074707,2.050526017837353,0.61003074868916,-0.07510907608062123,0.7270471404718011,0.7458584636016077,0.7458584636016077,-0.017848402369726735,0.013300951987656958,0.776429609853641,-0.023389898314845947,12.017840808352654,0.0,0.5054817900431022,CVX,XOM
2018-11-27,83.13426208496094,54.909881591796875,2.050526017837353,0.61003074868916,-0.0736651994877775,0.7548966811513244,0.7270471404718011,0.7270471404718011,0.0001513746386287984,0.01328337870045568,0.7770803292101955,-0.02323852367621715,11.350111218787184,0.0,0.5005723443223443,CVX,XOM
2018-11-28,85.2485122680664,55.90757751464844,2.050526017837353,0.61003074868916,-0.059536031462112504,1.2597676876180293,0.7548966811513244,0.7548966811513244,0.0014438765928437292,0.012318523450257827,0.7774642383638362,-0.02179464708337342,11.78723419111688,0.0,0.48135669998018177,CVX,XOM
2018-11-29,85.76083374023438,56.342308044433594,2.050526017837353,0.61003074868916,-0.058269454507264395,1.230155144476984,1.2597676876180293,1.2597676876180293,0.014129168025664995,0.012556072450105014,0.7856388522881316,-0.007665479057708424,10.888448175455094,1.0,0.46904761904761905,CVX,XOM
2018-11-30,85.82579803466797,56.6558723449707,2.050526017837353,0.61003074868916,-0.06089785421325011,1.0631286865858596,1.230155144476984,1.230155144476984,0.0012665769548481087,0.012545050853634106,0.7929786602511267,-0.0063989021028603155,10.631451239134265,2.0,0.4316814944153432,CVX,XOM
2018-12-03,87.07414245605469,57.881614685058594,2.050526017837353,0.61003074868916,-0.05951471752352333,1.0564132604015235,1.0631286865858596,1.0631286865858596,-0.002628399705985718,0.012134160932828224,0.7951451518139988,-0.009027301808846033,9.973236577032205,3.0,0.4190982887231242,CVX,XOM
2018-12-04,84.59909057617188,56.60596466064453,2.050526017837353,0.61003074868916,-0.0747563672352749,0.46225308609693727,1.0564132604015235,1.0564132604015235,0.0013831366897267827,0.011422734755548102,0.8176802236794682,-0.0076441651191192506,10.243977875808667,4.0,0.3479605959456159,CVX,XOM
2018-12-06,83.63937377929688,55.86482620239258,2.050526017837353,0.61003074868916,-0.0781256529065475,0.29573996128041474,0.46225308609693727,0.46225308609693727,-0.01524164971175157,0.008793469801194997,0.8269638405303876,-0.02288581483087082,10.543897902439234,0.0,0.17109786228381135,CVX,XOM
2018-12-07,83.3363037109375,55.3303337097168,2.050526017837353,0.61003074868916,-0.07589113488973664,0.3300391033945635,0.29573996128041474,0.29573996128041474,-0.0033692856712725927,0.008801753394820575,0.8326431756288553,-0.026255100502143414,9.722854925897785,0.0,0.17262458471760797,CVX,XOM
2018-12-10,82.93944549560547,54.546417236328125,2.050526017837353,0.61003074868916,-0.07195995353090145,0.4366026190797979,0.3300391033945635,0.3300391033945635,0.002234518016810849,0.008600643051886585,0.8315438078442999,-0.024020582485332564,9.601420096556385,0.0,0.1492003367003367,CVX,XOM
2018-12-11,83.32186889648438,54.64616012573242,2.050526017837353,0.61003074868916,-0.06847415210186858,0.5297892599061065,0.4366026190797979,0.4366026190797979,0.00393118135883519,0.008618242072215471,0.8355939371104455,-0.020089401126497375,9.333098587377908,0.0,0.1479861490796428,CVX,XOM
2018-12-12,83.43010711669922,54.17583465576172,2.050526017837353,0.61003074868916,-0.06190285492218228,0.7629514408570769,0.5297892599061065,0.5297892599061065,0.0034858014290328754,0.008643639292752081,0.834731680929866,-0.0166035996974645,10.165314478167707,0.0,0.15240696835377798,CVX,XOM
2018-12-13,83.66101837158203,54.8599739074707,2.050526017837353,0.61003074868916,-0.06679426704654468,0.49221906356479556,0.7629514408570769,0.7629514408570769,0.006571297179686297,0.00839860470404553,0.8330588428258319,-0.010032302517778202,9.706607954086959,0.0,0.13166755950103312,CVX,XOM
2018-12-14,82.13845825195312,53.862266540527344,2.050526017837353,0.61003074868916,-0.07396465957590692,0.05052180027918811,0.49221906356479556,0.49221906356479556,-0.004891412124362393,0.008446211019706608,0.8281660664619406,-0.014923714642140595,9.933869770821229,0.0,0.14848484848484847,CVX,XOM
2018-12-17,81.14266967773438,52.76478576660156,2.050526017837353,0.61003074868916,-0.07360386249253859,-0.07888219079840966,0.05052180027918811,0.05052180027918811,-0.007170392529362246,0.008477835644599488,0.8303736344942633,-0.02209410717150284,9.502495024095603,0.0,0.1500587485312867,CVX,XOM
2018-12-18,79.18717193603516,51.31097412109375,2.050526017837353,0.61003074868916,-0.08095462441701118,-1.0252314820605652,-0.07888219079840966,0.07888219079840966,0.00036079708336833605,0.007880642217521529,0.8307214001879342,-0.021733310088134505,8.987544924568303,0.0,0.0772943272943273,CVX,XOM
2018-12-19,77.80892944335938,50.44154357910156,2.050526017837353,0.61003074868916,-0.08808759770336039,-1.6989129012805235,-1.0252314820605652,1.0252314820605652,-0.007350761924472593,0.007498044279361337,0.8373112756758525,-0.0290840720126071,9.059861065469926,1.0,0.03636452743267417,CVX,XOM
2018-12-20,75.75240325927734,48.90933609008789,2.050526017837353,0.61003074868916,-0.09605612239274741,-2.3009500714333577,-1.6989129012805235,1.6989129012805235,-0.007132973286349209,0.007584189508938944,0.8388061039877045,-0.03621704529895631,8.932359222551481,2.0,0.03843167701863354,CVX,XOM
2018-12-21,75.19677734375,48.545875549316406,2.050526017837353,0.61003074868916,-0.09886765981891532,-2.265065730918326,-2.3009500714333577,2.3009500714333577,-0.007968524689387024,0.007448661718156741,0.8457099140236232,-0.04418556998834333,9.538988299941378,3.0,0.03381381381381381,CVX,XOM
2018-12-24,72.87325286865234,46.68586349487305,2.050526017837353,0.61003074868916,-0.10642178867304475,-2.5169285717801033,-2.265065730918326,2.265065730918326,-0.0028115374261679094,0.00712751595718809,0.8457924940628685,-0.04699710741451124,9.538329480824144,4.0,0.022599676467789515,CVX,XOM
2018-12-26,77.49141693115234,48.91645050048828,2.050526017837353,0.61003074868916,-0.07344784087093492,0.01680454948364433,-2.5169285717801033,2.5169285717801033,-0.007554128854129427,0.006292479666054035,0.8527752832194418,-0.05455123626864067,10.134652605757978,5.0,0.011484369478668521,CVX,XOM
2018-12-27,78.88408660888672,49.13026428222656,2.050526017837353,0.61003074868916,-0.05829613847088,1.107619142183761,0.01680454948364433,0.01680454948364433,0.032973947802109826,0.00981727505563929,0.878778906531509,-0.021577288466530842,8.468996591520234,0.0,0.2855543113101904,CVX,XOM
2018-12-28,78.4006118774414,48.58151626586914,2.050526017837353,0.61003074868916,-0.057592002826992506,1.0894470909738847,1.107619142183761,1.107619142183761,0.015151702400054923,0.0103522815834483,0.876177816801453,-0.006425586066475919,8.043657662824545,1.0,0.3109678611862018,CVX,XOM
2018-12-31,78.50165557861328,48.59576416015625,2.050526017837353,0.61003074868916,-0.05648290239550757,1.0983952649270865,1.0894470909738847,1.0894470909738847,0.0007041356438874935,0.009889081193487904,0.8769054087305901,-0.0057214504225884255,7.635983764104259,2.0,0.28787185354691075,CVX,XOM
2019-01-02,79.8726806640625,49.66474533081055,2.050526017837353,0.61003074868916,-0.0524423778109786,1.3281257567655023,1.0983952649270865,1.0983952649270865,0.0011091004314849329,0.009888209639658732,0.877846421273862,-0.004612349991103493,8.840912815201932,3.0,0.28662088347952225,CVX,XOM
2019-01-03,78.34291076660156,48.9022102355957,2.050526017837353,0.61003074868916,-0.06234192435166985,0.6176394240761925,1.3281257567655023,1.3281257567655023,0.0040405245845289706,0.009903373126928742,0.879256848696768,-0.0005718254065745221,8.7716364554208,4.0,0.28708692528735635,CVX,XOM
2019-01-04,79.96649932861328,50.705223083496094,2.050526017837353,0.61003074868916,-0.0639165935631274,0.5327531549070158,0.6176394240761925,0.6176394240761925,-0.00989954654069125,0.010150859666967483,0.8807324283785519,-0.010471371947265773,8.676437579576858,0.0,0.2987280126309235,CVX,XOM
2019-01-07,81.00556945800781,50.96889114379883,2.050526017837353,0.61003074868916,-0.05417042262457539,1.2244151346060859,0.5327531549070158,0.5327531549070158,-0.0015746692114575467,0.009553782907881062,0.8817154160434403,-0.01204604115872332,8.691836157863381,0.0,0.2653978324081417,CVX,XOM
2019-01-08,80.6519775390625,51.3394775390625,2.050526017837353,0.61003074868916,-0.0629643953662895,0.584236907827107,1.2244151346060859,1.2244151346060859,0.009746170938552012,0.009711625767134184,0.8827616820087647,-0.0017280448135967852,9.010736548467873,1.0,0.27703218767048554,CVX,XOM
2019-01-09,81.73436737060547,51.61027526855469,2.050526017837353,0.61003074868916,-0.052842394737314,1.26258372003977,0.584236907827107,0.584236907827107,-0.008793972741714118,0.009947341377950229,0.8765737833711826,-0.010522017555310903,8.818542139082421,0.0,0.30642511241784853,CVX,XOM
2019-01-10,81.8642578125,51.34660339355469,2.050526017837353,0.61003074868916,-0.04812990221258451,1.488275835644598,1.26258372003977,1.26258372003977,0.010122000628975503,0.010139215198107251,0.8691357665886185,-0.0004000169263354003,8.966538980506282,1.0,0.3228490650902782,CVX,XOM
2019-01-11,81.2076187133789,51.111427307128906,2.050526017837353,0.61003074868916,-0.05338285427256739,1.0473559958783465,1.488275835644598,1.488275835644598,0.004712492524729495,0.010158026625277658,0.8687164647348985,0.0,9.010822473095425,2.0,0.32819794584500467,CVX,XOM
2019-01-14,80.61591339111328,51.04728317260742,2.050526017837353,0.61003074868916,-0.05992979596646775,0.5900469371266615,1.0473559958783465,1.0473559958783465,-0.005252952059982885,0.010161659711243365,0.8682021023176105,-0.005252952059982885,9.066958900360364,3.0,0.33140598389436726,CVX,XOM
2019-01-15,80.90455627441406,51.07578659057617,2.050526017837353,0.61003074868916,-0.05669624985175048,0.8107187428113521,0.5900469371266615,0.5900469371266615,-0.006546941693900354,0.01021125988090626,0.8668026720477355,-0.01179989375388324,8.750624543086147,0.0,0.33875,CVX,XOM
2019-01-16,80.38499450683594,51.05442810058594,2.050526017837353,0.61003074868916,-0.06288371744005783,0.38373200214257647,0.8107187428113521,0.8107187428113521,0.0032335461147172673,0.010079394842944137,0.8680801206959252,-0.008566347639165972,8.6702821272339,0.0,0.3227947399929812,CVX,XOM
2019-01-17,80.7890853881836,51.40361022949219,2.050526017837353,0.61003074868916,-0.06202741296597569,0.4509819867638835,0.38373200214257647,0.38373200214257647,-0.006187467588307349,0.010196083590877232,0.8671806214240989,-0.014753815227473321,8.916728165641967,0.0,0.33630635790851815,CVX,XOM
2019-01-18,82.52813720703125,52.01650619506836,2.050526017837353,0.61003074868916,-0.04796049888699949,1.33784614964155,0.4509819867638835,0.4509819867638835,0.0008563044740821368,0.01003428143206298,0.8671832418631924,-0.013897510753391185,8.355573845087873,0.0,0.31843337590464027,CVX,XOM
2019-01-22,81.06330108642578,51.232574462890625,2.050526017837353,0.61003074868916,-0.0566057971973124,0.698955173752904,1.33784614964155,1.33784614964155,0.0140669140789762,0.010242405978707143,0.8679943534620741,0.0,7.494407941514249,1.0,0.34578913532626165,CVX,XOM
2019-01-23,80.37779235839844,50.81211853027344,2.050526017837353,0.61003074868916,-0.060071155979988244,0.4276593849535825,0.698955173752904,0.698955173752904,-0.00864529831031291,0.010276366568178819,0.8721301301361158,-0.00864529831031291,7.632776850394733,0.0,0.33663514186162274,CVX,XOM
2019-01-24,81.9075698852539,50.88338851928711,2.050526017837353,0.61003074868916,-0.04207270514818173,1.531478785913155,0.4276593849535825,0.4276593849535825,-0.0034653587826758425,0.010292560755372484,0.8669207996636253,-0.012110657092988752,7.226201564106282,0.0,0.3587299707948536,CVX,XOM
2019-01-25,81.69828033447266,51.111427307128906,2.050526017837353,0.61003074868916,-0.04735897045144455,1.1130306536351529,1.531478785913155,1.531478785913155,0.01799845083180651,0.010615634026384262,0.8610007458580669,0.0,7.848936631735349,1.0,0.37826869291400184,CVX,XOM
2019-01-28,80.94064331054688,50.76934814453125,2.050526017837353,0.61003074868916,-0.05257929112486259,0.7491852898906595,1.1130306536351529,1.1130306536351529,-0.005286265303262816,0.008268935398160409,0.860596367787162,-0.005286265303262816,7.521811107681906,2.0,0.15733560794044665,CVX,XOM
2019-01-29,80.69528198242188,50.961761474609375,2.050526017837353,0.61003074868916,-0.05792288501599341,0.38782760580891246,0.7491852898906595,0.7491852898906595,-0.005220320673418044,0.0077381549981305475,0.8675347755336023,-0.01050658597668086,7.106402526726592,0.0,0.09048634730308794,CVX,XOM
2019-01-30,81.54676818847656,51.51764678955078,2.050526017837353,0.61003074868916,-0.05404441548159511,0.5934192449534615,0.38782760580891246,0.38782760580891246,-0.005343593891130816,0.007833478432975757,0.8641267235044416,-0.015850179867811676,6.849343901029083,0.0,0.114,CVX,XOM
2019-01-31,82.73017120361328,52.22316360473633,2.050526017837353,0.61003074868916,-0.04793423009949649,0.922054667486298,0.5934192449534615,0.5934192449534615,0.003878469534398299,0.007876510244358684,0.8653803057733572,-0.011971710333413377,7.045784858013654,0.0,0.11749211684069409,CVX,XOM
2019-02-01,85.41449737548828,54.10456848144531,2.050526017837353,0.61003074868916,-0.03759325119480028,1.4648431231576227,0.922054667486298,0.922054667486298,0.006110185382098621,0.007940648399870168,0.8766601153535201,-0.005861524951314756,7.462833399655991,0.0,0.09823300389338124,CVX,XOM
2019-02-04,86.40306854248047,53.32064437866211,2.050526017837353,0.61003074868916,-0.017182477876601876,2.43529335960986,1.4648431231576227,1.4648431231576227,0.010340978904696208,0.007875290762382752,0.8827758647277651,0.0,7.518472548835982,1.0,0.06980773530069305,CVX,XOM
2019-02-05,86.21544647216797,53.869388580322266,2.050526017837353,0.61003074868916,-0.025602300273656287,1.853890858330345,2.43529335960986,2.43529335960986,0.020410773318198405,0.008876781902423846,0.9028322523552408,0.0,8.779965610086686,2.0,0.1828920041536864,CVX,XOM
2019-02-06,85.7824935913086,53.63420867919922,2.050526017837353,0.61003074868916,-0.0279676391294692,1.693776926490701,1.853890858330345,1.853890858330345,-0.00841982239705441,0.00900068802318933,0.8985168789816013,-0.00841982239705441,8.041551378046618,3.0,0.19909560723514214,CVX,XOM
2019-02-07,85.31346130371094,53.220882415771484,2.050526017837353,0.61003074868916,-0.02873098967062626,1.799479467522908,1.693776926490701,1.693776926490701,-0.002365338855812915,0.008740929019601886,0.8972539969927094,-0.010785161252867326,10.042601834936152,4.0,0.17956349206349206,CVX,XOM
2019-02-08,84.84442138671875,53.307350158691406,2.050526017837353,0.61003074868916,-0.03523431038732294,1.2172162043006203,1.799479467522908,1.799479467522908,-0.0007633505411570596,0.008539248399216843,0.8964822455590945,-0.011548511794024385,10.302941036594346,5.0,0.15604198668714797,CVX,XOM
2019-02-11,84.38981628417969,53.39380645751953,2.050526017837353,0.61003074868916,-0.041595393286841364,0.6510366725316014,1.2172162043006203,1.2172162043006203,-0.006503320716696681,0.00865798486169686,0.8945158776587306,-0.018051832510721066,9.945148182416252,6.0,0.17218217562254262,CVX,XOM
2019-02-12,85.66704559326172,54.330535888671875,2.050526017837353,0.61003074868916,-0.0371833607249803,0.9489376438028133,0.6510366725316014,0.6510366725316014,-0.006361082899518422,0.008698998534944108,0.8921866104608146,-0.02441291541023949,9.732204634802626,0.0,0.18036529680365296,CVX,XOM
2019-02-13,86.2803955078125,54.94302749633789,2.050526017837353,0.61003074868916,-0.0368878393357055,0.9126251901370421,0.9489376438028133,0.9489376438028133,0.004412032561861068,0.00857651529473809,0.891587447208004,-0.02000088284837842,10.154428124007007,0.0,0.16670274170274169,CVX,XOM
2019-02-14,86.12004852294922,54.957435607910156,2.050526017837353,0.61003074868916,-0.03890796076839287,0.7086233274989482,0.9126251901370421,0.9126251901370421,0.00029552138927479987,0.008564505718032403,0.894280878771372,-0.01970536145910362,10.363979061430737,0.0,0.16238418444300798,CVX,XOM
2019-02-15,86.98737335205078,55.995025634765625,2.050526017837353,0.61003074868916,-0.04029715904846798,0.5487975478453632,0.7086233274989482,0.7086233274989482,-0.0020201214326873718,0.008437085131401446,0.8949474906949678,-0.021725482891790993,10.384121511468681,0.0,0.15015015015015015,CVX,XOM
2019-02-19,86.95821380615234,56.369754791259766,2.050526017837353,0.61003074868916,-0.04470127106937172,0.14183026576001728,0.5487975478453632,0.5487975478453632,-0.0013891982800751101,0.008455815671572773,0.8941821613920125,-0.023114681171866103,10.39273345448764,0.0,0.16079436258808455,CVX,XOM
2019-02-20,87.66519927978516,56.58591079711914,2.050526017837353,0.61003074868916,-0.03893872436118517,0.5861597561594554,0.14183026576001728,0.14183026576001728,-0.004404112020903739,0.007983149669420247,0.8926679225656071,-0.02751879319276984,10.12937046185665,0.0,0.10739087301587301,CVX,XOM
2019-02-21,86.83428955078125,56.07432556152344,2.050526017837353,0.61003074868916,-0.042921860611055074,0.200267019469478,0.5861597561594554,0.5861597561594554,0.0057625467081865445,0.007803858628093966,0.8866501637384383,-0.021756246484583297,10.65059573741291,0.0,0.08619047619047619,CVX,XOM
2019-02-22,87.01652526855469,56.506656646728516,2.050526017837353,0.61003074868916,-0.04551067609942949,-0.04849014016153188,0.200267019469478,0.200267019469478,-0.003983136249869901,0.00781908629312018,0.8873343755702139,-0.025739382734453198,10.53291073564193,0.0,0.09202486304256216,CVX,XOM
2019-02-25,87.18416595458984,56.564292907714844,2.050526017837353,0.61003074868916,-0.04420789953343496,0.05513185684406314,-0.04849014016153188,0.04849014016153188,-0.0025888154883744185,0.006780980300968853,0.8807217334478222,-0.028328198222827616,10.493348309756167,0.0,0.05155233899727292,CVX,XOM
2019-02-26,87.41738891601562,56.67958450317383,2.050526017837353,0.61003074868916,-0.0427785336832347,0.1517558849546168,0.05513185684406314,0.05513185684406314,0.0013027765659945345,0.0066838649843617495,0.8807115062214949,-0.027025421656833082,10.813372013220436,0.0,0.05357142857142857,CVX,XOM
2019-02-27,87.51941680908203,57.263240814208984,2.050526017837353,0.61003074868916,-0.047861729644381956,-0.3491320448084544,0.1517558849546168,0.1517558849546168,0.0014293658502002593,0.006572541675253873,0.8807462888953117,-0.025596055806632823,11.004789141692081,0.0,0.04902266583489291,CVX,XOM
2019-02-28,87.15499877929688,56.94619369506836,2.050526017837353,0.61003074868916,-0.04864735823254707,-0.4554750421344556,-0.3491320448084544,0.3491320448084544,-0.005083195961147258,0.006561220796909554,0.8760989547704026,-0.03067925176778008,10.819083853733133,0.0,0.0727743271221532,CVX,XOM
2019-03-01,88.940673828125,57.6451530456543,2.050526017837353,0.61003074868916,-0.035807883439907595,0.7022628252245982,-0.4554750421344556,0.4554750421344556,-0.0007856285881651104,0.0065198619014836725,0.8760033163812306,-0.03146488035594519,10.541880871517792,0.0,0.07467532467532467,CVX,XOM
2019-03-04,89.0062484741211,57.868499755859375,2.050526017837353,0.61003074868916,-0.03742987292893174,0.4899551902220151,0.7022628252245982,0.7022628252245982,0.012839474792639471,0.006970630276444259,0.8767814255601878,-0.01862540556330572,10.090995167550442,0.0,0.07967296113847838,CVX,XOM
2019-03-05,89.85901641845703,57.78205108642578,2.050526017837353,0.61003074868916,-0.0269824949979256,1.4683102649478659,0.4899551902220151,0.4899551902220151,-0.0016219894890241449,0.006613772802853522,0.8754109797431586,-0.020247395052329864,9.759731111376635,0.0,0.08438074800735745,CVX,XOM
2019-03-06,90.03392028808594,57.126346588134766,2.050526017837353,0.61003074868916,-0.01807582020541032,2.1498620404886384,1.4683102649478659,1.4683102649478659,0.010447377931006141,0.005303711765290742,0.8670811354294293,-0.009800017121323723,9.801647858215945,1.0,0.09157509157509157,CVX,XOM
2019-03-07,88.87506103515625,57.760440826416016,2.050526017837353,0.61003074868916,-0.03776468621705664,0.16669946715731054,2.1498620404886384,2.1498620404886384,0.008906674792515279,0.005352533223228902,0.8601028551122519,-0.0008933423288084441,10.754408531265032,2.0,0.10808004052684902,CVX,XOM
2019-03-08,88.64183807373047,56.93178176879883,2.050526017837353,0.61003074868916,-0.03157712177272165,0.7707387993368969,0.16669946715731054,0.16669946715731054,-0.019688866011646322,0.006903195432429072,0.8391688755295541,-0.020582208340454766,9.681027997494775,0.0,0.13993139628732848,CVX,XOM
2019-03-11,90.09953308105469,57.486629486083984,2.050526017837353,0.61003074868916,-0.021182573344897815,1.691458441484968,0.7707387993368969,0.7707387993368969,0.006187564444334992,0.00705400409857762,0.837272051819489,-0.014394643896119774,10.22673372004853,0.0,0.15174804098854733,CVX,XOM
2019-03-12,90.30360412597656,57.6451530456543,2.050526017837353,0.61003074868916,-0.020600072275886117,1.6258445344362058,1.691458441484968,1.691458441484968,0.010394548427823835,0.007250742688962324,0.8378050292035514,-0.004000095468295939,10.74524217593529,1.0,0.1630485527544351,CVX,XOM
2019-03-13,90.86480712890625,58.156734466552734,2.050526017837353,0.61003074868916,-0.019794615583436315,1.629600621505733,1.6258445344362058,1.6258445344362058,0.0005825010690116983,0.007068145842968601,0.8406734832128626,-0.0034175943992842406,11.077343959531865,2.0,0.1464850235770738,CVX,XOM
2019-03-14,90.81378936767578,57.96218490600586,2.050526017837353,0.61003074868916,-0.0183121079785864,1.6796382879310527,1.629600621505733,1.629600621505733,0.0008054566924498019,0.007025945468916445,0.8438971494549734,-0.0026121377068344387,11.522244635869212,3.0,0.14404761904761904,CVX,XOM
2019-03-15,91.3312759399414,57.75321960449219,2.050526017837353,0.61003074868916,-0.010426698897178177,2.225861605847219,1.6796382879310527,1.6796382879310527,0.0014825076048499142,0.007025860173878908,0.8391499533314197,-0.0011296301019845245,11.570191433371736,4.0,0.1498221695317131,CVX,XOM
2019-03-18,91.7467041015625,58.4233512878418,2.050526017837353,0.61003074868916,-0.01292608411907814,1.7992916366666867,2.225861605847219,2.225861605847219,0.007885409081408223,0.007148590019437627,0.8345056729081358,0.0,13.75847165239213,5.0,0.1796864751410206,CVX,XOM
2019-03-19,91.30939483642578,58.27204132080078,2.050526017837353,0.61003074868916,-0.016122003702986998,1.4957415650925747,1.7992916366666867,1.7992916366666867,-0.0024993852218999635,0.007174483140601402,0.8222152755348038,-0.0024993852218999635,13.710375001201037,6.0,0.19760435038212817,CVX,XOM
2019-03-20,90.87937927246094,58.59628677368164,2.050526017837353,0.61003074868916,-0.024227571536246995,0.749108453493181,1.4957415650925747,1.4957415650925747,-0.0031959195839088572,0.007130574755828478,0.8165381970496645,-0.005695304805808821,13.873891250611297,7.0,0.19714415820973197,CVX,XOM
2019-03-21,91.73214721679688,58.93496322631836,2.050526017837353,0.61003074868916,-0.018403531399172834,1.2213900186946445,0.749108453493181,0.749108453493181,-0.008105567833259997,0.007346472070295869,0.795458777386475,-0.013800872639068817,12.677184213625244,0.0,0.2165532879818594,CVX,XOM
2019-03-22,89.7132339477539,57.99101638793945,2.050526017837353,0.61003074868916,-0.030808318841285764,0.12429721895811235,1.2213900186946445,1.2213900186946445,0.00582404013707416,0.007342447086056497,0.7931568312731199,-0.007976832501994657,13.643147851438332,1.0,0.2240611691831204,CVX,XOM
2019-03-25,89.56747436523438,57.58749771118164,2.050526017837353,0.61003074868916,-0.02817475612283671,0.33766345537181813,0.12429721895811235,0.12429721895811235,-0.01240478744211293,0.00788877946200093,0.7748589311056576,-0.020381619944107587,12.49912124755174,0.0,0.3235412248570143,CVX,XOM
2019-03-26,90.47123718261719,58.33687973022461,2.050526017837353,0.61003074868916,-0.026022102271379133,0.487282293663352,0.33766345537181813,0.33766345537181813,0.002633562718449056,0.007898892754300816,0.699959133523725,-0.01774805722565853,13.236386528636036,0.0,0.38316052227342545,CVX,XOM
2019-03-27,89.49457550048828,57.890140533447266,2.050526017837353,0.61003074868916,-0.03218652059553184,-0.08149737213230139,0.487282293663352,0.487282293663352,0.0021526538514575755,0.007903338381493052,0.7121813520324795,-0.015595403374200956,13.542524779715743,0.0,0.3820520175941863,CVX,XOM
2019-03-28,89.66222381591797,58.178367614746094,2.050526017837353,0.61003074868916,-0.0333447174257917,-0.19734108610165887,-0.08149737213230139,0.08149737213230139,-0.0061644183241527095,0.007947231009257575,0.7142335723766182,-0.021759821698353665,13.20074319230262,0.0,0.3889365079365079,CVX,XOM
2019-03-29,89.77881622314453,58.221595764160156,2.050526017837353,0.61003074868916,-0.03249831219464827,-0.14121452399662557,-0.19734108610165887,0.19734108610165887,-0.001158196830259861,0.007951323443497988,0.7139713160336669,-0.022918018528613526,13.211099672431738,0.0,0.39189274647441974,CVX,XOM
2019-04-01,91.06159210205078,58.891719818115234,2.050526017837353,0.61003074868916,-0.025292531699339094,0.47497282008404657,-0.14121452399662557,0.14121452399662557,0.0008464052311434322,0.007454850959672342,0.7019825341072388,-0.022071613297470094,13.353258452686587,0.0,0.3373015873015873,CVX,XOM
2019-04-02,91.05430603027344,58.63953399658203,2.050526017837353,0.61003074868916,-0.02275466777005697,0.6562923457397651,0.47497282008404657,0.47497282008404657,0.0072057804953091775,0.007595954152533505,0.687881504656854,-0.014865832802160917,14.169780397638188,0.0,0.35317460317460314,CVX,XOM
2019-04-03,90.29629516601562,58.29367446899414,2.050526017837353,0.61003074868916,-0.027505683471938713,0.17488807924039304,0.6562923457397651,0.6562923457397651,0.002537863929282125,0.007272329282598665,0.6688101660524054,-0.012327968872878792,14.768741180152071,0.0,0.376984126984127,CVX,XOM
2019-04-04,90.95954895019531,59.12229537963867,2.050526017837353,0.61003074868916,-0.02879751179122847,0.006879615670933831,0.17488807924039304,0.17488807924039304,-0.0047510157018817445,0.007061962787791027,0.6754645134440467,-0.017078984574760536,14.89828692371722,0.0,0.34325396825396826,CVX,XOM
2019-04-05,92.14028930664062,59.43936538696289,2.050526017837353,0.61003074868916,-0.01916292707046008,0.8981360939057972,0.006879615670933831,0.006879615670933831,-0.0012918283192897562,0.005531136181233342,0.6857596725445956,-0.018370812894050292,14.376885020366428,0.0,0.28174603174603174,CVX,XOM
2019-04-08,92.32977294921875,59.80684280395508,2.050526017837353,0.61003074868916,-0.020868408125764848,0.6727413632029108,0.8981360939057972,0.8981360939057972,0.009634584720768391,0.00575640303249223,0.6862404535441894,-0.008736228173281901,14.939283265146296,0.0,0.28174603174603174,CVX,XOM
2019-04-09,91.4989013671875,59.03583526611328,2.050526017837353,0.61003074868916,-0.021992678666005627,0.502102217181341,0.6727413632029108,0.6727413632029108,-0.0017054810553047695,0.005316419013665968,0.6885208864528036,-0.01044170922858667,14.44714054872226,0.0,0.26785714285714285,CVX,XOM
2019-04-10,91.46244812011719,58.76921463012695,2.050526017837353,0.61003074868916,-0.019629867094437703,0.7279301278315609,0.502102217181341,0.502102217181341,-0.0011242705402407793,0.005320333009741916,0.6929694334498067,-0.01156597976882745,14.441962104711678,0.0,0.2678571428571429,CVX,XOM
2019-04-11,91.8268814086914,59.05024337768555,2.050526017837353,0.61003074868916,-0.01856342753299378,0.853104334786653,0.7279301278315609,0.7279301278315609,0.0023628115715679243,0.005343915209165332,0.6926693339121397,-0.009203168197259526,14.232679772072764,0.0,0.2698412698412699,CVX,XOM
2019-04-12,87.28620147705078,58.308067321777344,2.050526017837353,0.61003074868916,-0.06156032283419277,-3.8017619911694425,0.853104334786653,0.853104334786653,0.0010664395614439215,0.005338943054678781,0.6937038151155094,-0.008136728635815604,14.115979728557313,0.0,0.26587301587301587,CVX,XOM
2019-04-15,87.56312561035156,58.11351013183594,2.050526017837353,0.61003074868916,-0.05635384567675095,-2.8005868199011177,-3.8017619911694425,3.8017619911694425,-0.04299689530119899,0.010549669120907271,0.6712976962640994,-0.051133623937014594,10.88863100366074,1.0,0.6924603174603174,CVX,XOM
2019-04-16,88.31385803222656,58.509822845458984,2.050526017837353,0.61003074868916,-0.05196284007433416,-2.129056024839942,-2.8005868199011177,2.8005868199011177,0.0052064771574418245,0.010684579309142446,0.6673595344196226,-0.04592714677957277,10.615432864182972,2.0,0.7043650793650793,CVX,XOM
2019-04-17,87.65789031982422,58.675537109375,2.050526017837353,0.61003074868916,-0.061143565483299245,-2.4942103609500625,-2.129056024839942,2.129056024839942,0.0043910056024167865,0.010775764415080632,0.6620802391596252,-0.04153614117715598,9.295051837380232,3.0,0.7063492063492063,CVX,XOM
2019-04-18,87.35906982421875,58.45939636230469,2.050526017837353,0.61003074868916,-0.062307034129023275,-2.2995846343321924,-2.4942103609500625,2.4942103609500625,-0.009180725408965085,0.010809755341487945,0.6407513537145041,-0.05071686658612107,8.160385446621852,4.0,0.746031746031746,CVX,XOM
2019-04-22,88.84591674804688,59.73478317260742,2.050526017837353,0.61003074868916,-0.05859601539141712,-1.8589577825004602,-2.2995846343321924,2.2995846343321924,-0.0011634686457240306,0.010668209970480791,0.6366246864412541,-0.0518803352318451,8.204965922864305,5.0,0.7400793650793651,CVX,XOM
2019-04-23,88.933349609375,60.080665588378906,2.050526017837353,0.61003074868916,-0.06113447880532741,-1.832484852352891,-1.8589577825004602,1.8589577825004602,0.003711018737606153,0.010473478557030532,0.6663744432133573,-0.048169316494238945,8.16277153072121,6.0,0.6825396825396826,CVX,XOM
2019-04-24,86.20747375488281,58.9133415222168,2.050526017837353,0.61003074868916,-0.08029569678474902,-2.5617127047640103,-1.832484852352891,1.832484852352891,-0.0025384634139102857,0.010434734887902275,0.6675547272097869,-0.05070777990814923,6.744019294809971,7.0,0.6765873015873016,CVX,XOM
2019-04-25,85.93053436279297,59.24479293823242,2.050526017837353,0.61003074868916,-0.08693580907897358,-2.504424165215386,-2.5617127047640103,2.5617127047640103,-0.019161217979421608,0.011061709208711967,0.6944992945975424,-0.06986899788757084,6.558318167976207,8.0,0.6309523809523809,CVX,XOM
2019-04-26,85.34747314453125,57.99821853637695,2.050526017837353,0.61003074868916,-0.0807715272584697,-1.9793695822282844,-2.504424165215386,2.504424165215386,-0.006640112294224565,0.011069611948855194,0.6928707478736392,-0.0765091101817954,6.2667286909507744,9.0,0.6349206349206349,CVX,XOM
2019-04-29,85.7993392944336,57.623531341552734,2.050526017837353,0.61003074868916,-0.07153728382074531,-1.4474179036829131,-1.9793695822282844,1.9793695822282844,0.006164281820503881,0.011235640256248486,0.6816688132867041,-0.07034482836129152,5.131520192729875,10.0,0.6567460317460317,CVX,XOM
2019-04-30,87.50484466552734,57.846900939941406,2.050526017837353,0.61003074868916,-0.05421455819765608,-0.6085135747383298,-1.4474179036829131,1.4474179036829131,0.009234243437724388,0.011501326311935874,0.6650823165126036,-0.061110584923567135,5.612323598149185,11.0,0.7182539682539683,CVX,XOM
2019-05-01,85.86495208740234,56.686790466308594,2.050526017837353,0.61003074868916,-0.06077456834222472,-0.8532959016804559,-0.6085135747383298,0.6085135747383298,0.01732272562308923,0.012099879283657163,0.6033538093770607,-0.043787859300477905,7.443129955845155,0.0,0.9027777777777778,CVX,XOM
2019-05-02,84.82270812988281,55.69241714477539,2.050526017837353,0.61003074868916,-0.06219117141019215,-0.860431767882893,-0.8532959016804559,0.8532959016804559,-0.00656001014456864,0.012112561851683978,0.6707328492615857,-0.050347869445046545,7.230060783447784,0.0,0.753968253968254,CVX,XOM
2019-05-03,85.47138214111328,55.82211685180664,2.050526017837353,0.61003074868916,-0.055991877810180224,-0.5212409864940232,-0.860431767882893,0.860431767882893,-0.0014166030679674257,0.012095121319296858,0.6853706646670554,-0.05176447251301397,7.5202742160245775,0.0,0.7123015873015872,CVX,XOM
2019-05-06,86.29496765136719,55.57712936401367,2.050526017837353,0.61003074868916,-0.04371905722799374,0.08808075468591227,-0.5212409864940232,0.5212409864940232,0.006199293600011924,0.012218385924130729,0.6835238402744375,-0.04556517891300205,7.260022422167565,0.0,0.7222222222222223,CVX,XOM
2019-05-07,86.20021057128906,55.281700134277344,2.050526017837353,0.61003074868916,-0.04156635438644596,0.21607410226582663,0.08808075468591227,0.08808075468591227,0.012272820582186483,0.012349903835382167,0.6698520179108783,-0.033292358330815564,7.125650963763617,0.0,0.7658730158730158,CVX,XOM
2019-05-08,85.63900756835938,55.36815643310547,2.050526017837353,0.61003074868916,-0.04905139524682989,-0.11395997281700791,0.21607410226582663,0.21607410226582663,0.0021527028415477822,0.012371050655063484,0.6710490058359738,-0.03113965548926778,6.718700569272313,0.0,0.7619047619047619,CVX,XOM
2019-05-09,88.32842254638672,55.31771469116211,2.050526017837353,0.61003074868916,-0.017574322322656766,1.3895022413517977,-0.11395997281700791,0.11395997281700791,-0.007485040860383929,0.012450765599868407,0.6703534608663251,-0.03862469634965171,6.328065305969221,0.0,0.7678571428571428,CVX,XOM
2019-05-10,88.91149139404297,55.79874038696289,2.050526017837353,0.61003074868916,-0.01627657543384231,1.3861754086035176,1.3895022413517977,1.3895022413517977,0.03147707292417312,0.014356273830181244,0.6179208104345078,-0.007147623425478589,6.512832488080191,1.0,0.9107142857142857,CVX,XOM
2019-05-13,87.78179931640625,55.17924880981445,2.050526017837353,0.61003074868916,-0.022253198756772896,1.073853153334521,1.3861754086035176,1.3861754086035176,0.001297746888814455,0.01435713863898622,0.617857308660307,-0.005849876536664134,7.128662199504118,2.0,0.9107142857142857,CVX,XOM
2019-05-14,88.65641784667969,55.252132415771484,2.050526017837353,0.61003074868916,-0.013144184081548715,1.4459336228914945,1.073853153334521,1.073853153334521,-0.005976623322930585,0.01056537884613618,0.6260232725184747,-0.011826499859594719,7.243206602010317,3.0,0.7579365079365079,CVX,XOM
2019-05-15,89.02082824707031,55.660282135009766,2.050526017837353,0.61003074868916,-0.013532000664301158,1.390975167085926,1.4459336228914945,1.4459336228914945,0.00910901467522418,0.010659057426933708,0.6222430344981131,-0.0027174851843705383,7.712719998286658,4.0,0.7698412698412698,CVX,XOM
2019-05-16,88.91043090820312,55.652984619140625,2.050526017837353,0.61003074868916,-0.014692914339100582,1.2944549884213856,1.390975167085926,1.390975167085926,-0.0003878165827524427,0.010659941012935818,0.6259823216773769,-0.003105301767122981,7.729698148087698,5.0,0.7619047619047619,CVX,XOM
2019-05-17,88.70433807373047,55.32501983642578,2.050526017837353,0.61003074868916,-0.013408023009130243,1.2993329023478797,1.2944549884213856,1.2944549884213856,-0.0011609136747994242,0.010381984807378902,0.6243536252664431,-0.004266215441922405,7.9902527658702605,6.0,0.7440476190476191,CVX,XOM
2019-05-20,88.93985748291016,55.31772232055664,2.050526017837353,0.61003074868916,-0.010675965730666093,1.3838892877763482,1.2993329023478797,1.2993329023478797,0.001284891329970339,0.010354556828792839,0.6196913175834636,-0.002981324111952066,7.878906653436654,7.0,0.7599206349206349,CVX,XOM
2019-05-21,89.3078842163086,55.57280349731445,2.050526017837353,0.61003074868916,-0.00935308444865468,1.396899424348025,1.3838892877763482,1.3838892877763482,0.0027320572784641506,0.010350769357315142,0.6214501879806198,-0.00024926683348791556,8.035647193057121,8.0,0.751984126984127,CVX,XOM
2019-05-22,88.74113464355469,55.069915771484375,2.050526017837353,0.61003074868916,-0.01017392513007298,1.32276048632633,1.396899424348025,1.396899424348025,0.0013228812820114122,0.01029277820135943,0.6221013084262221,0.0,8.199125462775422,9.0,0.746031746031746,CVX,XOM
2019-05-23,86.75392150878906,53.7799072265625,2.050526017837353,0.61003074868916,-0.018361880497583805,0.9858689794298363,1.32276048632633,1.32276048632633,-0.0008208406814183,0.009056930120337396,0.6242400170739723,-0.0008208406814183,8.913842170136482,10.0,0.6448412698412699,CVX,XOM
2019-05-24,87.37216186523438,54.00583267211914,2.050526017837353,0.61003074868916,-0.013818111830168789,1.1562827555323185,0.9858689794298363,0.9858689794298363,-0.008187955367510824,0.009149440269380365,0.6543736829466323,-0.009008796048929124,8.513012549174979,0.0,0.5992063492063492,CVX,XOM
2019-05-28,87.0777587890625,52.919891357421875,2.050526017837353,0.61003074868916,-0.004801918575925601,1.4083276492735264,1.1562827555323185,1.1562827555323185,0.004543768667415016,0.009132014565193471,0.6553326753367048,-0.004465027381514108,8.732978518870135,1.0,0.5952380952380952,CVX,XOM
2019-05-29,85.94429016113281,52.591922760009766,2.050526017837353,0.61003074868916,-0.014111718354277158,0.9763323743086963,1.4083276492735264,1.4083276492735264,0.009016193254243188,0.009125107759546119,0.6298517674605199,0.0,9.422122804975439,2.0,0.6349206349206349,CVX,XOM
2019-05-30,84.92123413085938,52.45343780517578,2.050526017837353,0.61003074868916,-0.024478395817014498,0.535950346630982,0.9763323743086963,0.9763323743086963,-0.009309799778351557,0.008928090338671334,0.6320453132290793,-0.009309799778351557,8.410307305585095,0.0,0.6150793650793651,CVX,XOM
2019-05-31,83.79513549804688,51.578853607177734,2.050526017837353,0.61003074868916,-0.027570489054491,0.376119511246967,0.535950346630982,0.535950346630982,-0.01036667746273734,0.009146560806131736,0.6327443028327414,-0.019676477241088897,7.707070500649407,0.0,0.6309523809523809,CVX,XOM
2019-06-03,85.37020111083984,52.38785171508789,2.050526017837353,0.61003074868916,-0.018442218560787094,0.6846060025072628,0.376119511246967,0.376119511246967,-0.003092093237476501,0.009183372998530146,0.6495716571265447,-0.022768570478565398,7.59196272788785,0.0,0.6130952380952381,CVX,XOM
2019-06-04,86.33438873291016,53.634132385253906,2.050526017837353,0.61003074868916,-0.02155372198415062,0.516795655296082,0.6846060025072628,0.6846060025072628,0.009128270493703905,0.00927634521382524,0.6981127881851292,-0.013640299984861493,7.849014612804973,0.0,0.498015873015873,CVX,XOM
2019-06-05,86.59198760986328,53.1895637512207,2.050526017837353,0.61003074868916,-0.013496865707674388,0.7842305675073327,0.516795655296082,0.516795655296082,-0.0031115034233635264,0.009016664239606325,0.7024585753498785,-0.01675180340822502,7.818201900835269,0.0,0.46825396825396826,CVX,XOM
2019-06-06,88.8221206665039,54.158897399902344,2.050526017837353,0.61003074868916,0.0009143765464068032,1.3079213337153477,0.7842305675073327,0.7842305675073327,0.008056856276476232,0.009141809936552253,0.6895182451818239,-0.008694947131748787,8.303475463612537,0.0,0.503968253968254,CVX,XOM
2019-06-07,89.41090393066406,54.35567855834961,2.050526017837353,0.61003074868916,0.005308822375857947,1.4649178977433623,1.3079213337153477,1.3079213337153477,0.014411242254081191,0.009321152657088078,0.7075845309691988,0.0,8.891873682810918,1.0,0.498015873015873,CVX,XOM
2019-06-10,90.00708770751953,54.59618377685547,2.050526017837353,0.61003074868916,0.009261376520695475,1.6127340467424023,1.4649178977433623,1.4649178977433623,0.0043944458294511435,0.006575826082664834,0.7075603784510196,0.0,8.987613852636562,2.0,0.25595238095238093,CVX,XOM
2019-06-11,89.1827621459961,54.5451545715332,2.050526017837353,0.61003074868916,0.0006311701358479027,1.1643521480226067,1.6127340467424023,1.6127340467424023,0.003952554144837528,0.006604320088898597,0.7090581976563634,0.0,9.432206652230155,3.0,0.25595238095238093,CVX,XOM
2019-06-12,88.46145629882812,53.954830169677734,2.050526017837353,0.61003074868916,-0.0008515161278852545,1.0283306775883043,1.1643521480226067,1.1643521480226067,-0.008630206384847572,0.00677320435670737,0.7097392019381582,-0.008630206384847572,8.264022067632535,4.0,0.2619047619047619,CVX,XOM
2019-06-13,88.99139404296875,54.428550720214844,2.050526017837353,0.61003074868916,-0.00021144383744697848,1.0270202353947935,1.0283306775883043,1.0283306775883043,-0.0014826862637331573,0.0065397988809570195,0.7133364131965669,-0.010112892648580729,7.627840173643551,5.0,0.24801587301587302,CVX,XOM
2019-06-14,88.91776275634766,54.18804168701172,2.050526017837353,0.61003074868916,0.0016623947146920948,1.1280719865747646,1.0270202353947935,1.0270202353947935,0.0006400722904382761,0.006535756656518591,0.7143901187495592,-0.009472820358142453,6.950033594697072,6.0,0.24404761904761904,CVX,XOM
2019-06-17,89.34467315673828,54.72738265991211,2.050526017837353,0.61003074868916,0.00041038625992495525,1.0380091783746375,1.1280719865747646,1.1280719865747646,0.0018738385521390732,0.006526802076133099,0.7205722572017698,-0.00759898180600338,6.531980770951659,7.0,0.24404761904761904,CVX,XOM
2019-06-18,90.4781494140625,55.20110321044922,2.050526017837353,0.61003074868916,0.007759435654614677,1.5196031215172905,1.0380091783746375,1.0380091783746375,-0.0012520084547671395,0.006541127086508793,0.71769031630936,-0.00885099026077052,5.7081013695171485,8.0,0.251984126984127,CVX,XOM
2019-06-19,90.4487075805664,54.89500427246094,2.050526017837353,0.61003074868916,0.010826111658084336,1.693499653783615,1.5196031215172905,1.5196031215172905,0.007349049394689722,0.006688891843177372,0.710823623616729,-0.0015019408660807976,8.482886573148336,9.0,0.2777777777777778,CVX,XOM
2019-06-20,91.47176361083984,55.83517837524414,2.050526017837353,0.61003074868916,0.011714123125991183,1.8393559222524103,1.693499653783615,1.693499653783615,0.0030666760034696594,0.006704898105320338,0.7106874347551364,0.0,10.117641347184493,10.0,0.28174603174603174,CVX,XOM
2019-06-21,91.9501724243164,56.6223258972168,2.050526017837353,0.61003074868916,0.008390645967458088,1.42127913040454,1.8393559222524103,1.8393559222524103,0.0008880114679068463,0.006691911617580398,0.7105580237340935,0.0,10.459535127627003,11.0,0.2837301587301587,CVX,XOM
2019-06-24,91.93544006347656,56.08298873901367,2.050526017837353,0.61003074868916,0.014068907953781462,1.757482944461031,1.42127913040454,1.42127913040454,-0.0033234771585330947,0.006433529196649935,0.7048595105565922,-0.0033234771585330947,10.284055317928186,12.0,0.2698412698412698,CVX,XOM
2019-06-25,91.00071716308594,55.58738327026367,2.050526017837353,0.61003074868916,0.009264506570346498,1.2617717339319328,1.757482944461031,1.757482944461031,0.005678261986323374,0.006466464930535472,0.7019754513206542,0.0,11.414114903399769,13.0,0.2777777777777778,CVX,XOM
2019-06-26,91.21416473388672,55.82789611816406,2.050526017837353,0.61003074868916,0.00897356091739443,1.1549144128129256,1.2617717339319328,1.2617717339319328,-0.004804401383434964,0.006352499443580974,0.704976107500353,-0.004804401383434964,10.402170461171151,14.0,0.26785714285714285,CVX,XOM
2019-06-27,90.6106185913086,55.25941848754883,2.050526017837353,0.61003074868916,0.008578360702866217,1.0490381546978826,1.1549144128129256,1.1549144128129256,-0.0002909456529520682,0.0059318798493443,0.6986826048099783,-0.005095347036387032,10.281028603258243,15.0,0.2777777777777778,CVX,XOM
2019-06-28,91.58950805664062,55.849761962890625,2.050526017837353,0.61003074868916,0.012841204041699417,1.307951478566407,1.0490381546978826,1.0490381546978826,-0.00039520021452821297,0.0053312343828896495,0.7007574479554044,-0.005490547250915245,11.098647462101585,16.0,0.2619047619047619,CVX,XOM
2019-07-01,91.88394165039062,55.79874038696289,2.050526017837353,0.61003074868916,0.016608305257888034,1.4946961165038353,1.307951478566407,1.307951478566407,0.0042628433388332,0.005244207300841482,0.7035163129692662,-0.0012277039120820454,11.092246278716745,17.0,0.25,CVX,XOM
2019-07-02,90.4781494140625,55.18653869628906,2.050526017837353,0.61003074868916,0.007920410223424934,0.7469785682758099,1.4946961165038353,1.4946961165038353,0.0037671012161886175,0.005005637919374637,0.7033894143774576,0.0,12.730347036171839,18.0,0.251984126984127,CVX,XOM
2019-07-03,90.78724670410156,55.71128463745117,2.050526017837353,0.61003074868916,0.005557726642710925,0.5190957437258203,0.7469785682758099,0.7469785682758099,-0.0086878950344631,0.005407943341523485,0.7063944845679893,-0.0086878950344631,11.890667572372259,0.0,0.2638888888888889,CVX,XOM
2019-07-05,90.92710876464844,55.48533630371094,2.050526017837353,0.61003074868916,0.009576221921220984,0.788016651000515,0.5190957437258203,0.5190957437258203,-0.002362683580714009,0.00524818403513472,0.7057648229523958,-0.011050578615177109,11.430092051210023,0.0,0.251984126984127,CVX,XOM
2019-07-08,90.97126770019531,55.740447998046875,2.050526017837353,0.61003074868916,0.007263371649583572,0.5516263693742774,0.788016651000515,0.788016651000515,0.004018495278510059,0.004322820899294581,0.701850555453755,-0.00703208333666705,11.385465397112927,0.0,0.2619047619047619,CVX,XOM
2019-07-09,90.78724670410156,55.704002380371094,2.050526017837353,0.61003074868916,0.005637471547812467,0.3715579907017422,0.5516263693742774,0.5516263693742774,-0.002312850271637412,0.00426224176871914,0.701188325478032,-0.009344933608304462,11.393195570905993,0.0,0.2638888888888889,CVX,XOM
2019-07-10,92.32551574707031,56.49112319946289,2.050526017837353,0.61003074868916,0.013879542598111971,1.0042765268474452,0.3715579907017422,0.3715579907017422,-0.001625900101771105,0.004182638781641889,0.7004017594107108,-0.010970833710075567,10.737018699391866,0.0,0.26785714285714285,CVX,XOM
2019-07-11,92.31815338134766,56.53486251831055,2.050526017837353,0.61003074868916,0.013327650787674283,0.8973727373208074,1.0042765268474452,1.0042765268474452,0.008242071050299504,0.004094027859118064,0.7472935524375051,-0.002728762659776063,11.407256426040552,1.0,0.19246031746031744,CVX,XOM
2019-07-12,92.72297668457031,56.57857894897461,2.050526017837353,0.61003074868916,0.017231619988277824,1.2009568799467367,0.8973727373208074,0.8973727373208074,-0.000551891810437688,0.004074622916065001,0.7485670316013115,-0.003280654470213751,12.857753921210941,0.0,0.19246031746031744,CVX,XOM
2019-07-15,92.53163146972656,56.177738189697266,2.050526017837353,0.61003074868916,0.01950311624377976,1.4510427812628182,1.2009568799467367,1.2009568799467367,0.003903969200603541,0.004133532001111547,0.7465136134750308,0.0,12.822762918652684,1.0,0.2003968253968254,CVX,XOM
2019-07-16,91.8250503540039,55.33959197998047,2.050526017837353,0.61003074868916,0.021007665891878524,1.5956910814488054,1.4510427812628182,1.4510427812628182,0.002271496255501937,0.004139254866223112,0.7546260382676616,0.0,12.78772794273921,2.0,0.1984126984126984,CVX,XOM
2019-07-17,91.36872863769531,55.011619567871094,2.050526017837353,0.61003074868916,0.019651936947679083,1.5485893438748946,1.5956910814488054,1.5956910814488054,0.001504549648098763,0.004111367973350829,0.7565307760554898,0.0,15.685342417076484,3.0,0.19444444444444445,CVX,XOM
2019-07-18,91.76617431640625,54.5451545715332,2.050526017837353,0.61003074868916,0.029187156934619374,2.769129393997558,1.5485893438748946,1.5485893438748946,-0.0013557289441994413,0.0038732236139423725,0.7472442777796492,-0.0013557289441994413,15.141879993007851,4.0,0.20039682539682538,CVX,XOM
2019-07-19,92.03113555908203,54.65449142456055,2.050526017837353,0.61003074868916,0.030848753606964152,2.586617245841842,2.769129393997558,2.769129393997558,0.009535219986940291,0.004311428544746124,0.7422702349036036,0.0,16.718421243984547,5.0,0.2222222222222222,CVX,XOM
2019-07-22,92.22987365722656,54.71278762817383,2.050526017837353,0.61003074868916,0.032355559944408974,2.405743019331609,2.586617245841842,2.586617245841842,0.0016615966723447784,0.004314454519772032,0.7290054735241359,0.0,16.44868291906904,6.0,0.24007936507936506,CVX,XOM
2019-07-23,92.60521697998047,54.93144989013672,2.050526017837353,0.61003074868916,0.033983793444256616,2.270080518292171,2.405743019331609,2.405743019331609,0.0015068063374448215,0.0042018220456424326,0.7377076252030084,0.0,17.665857638721405,7.0,0.22817460317460317,CVX,XOM
2019-07-24,93.13516235351562,54.92416000366211,2.050526017837353,0.61003074868916,0.039771073009462476,2.501764353409974,2.270080518292171,2.270080518292171,0.0016282334998476422,0.004076765734628568,0.7399814621630413,0.0,19.5877141568637,8.0,0.21626984126984128,CVX,XOM
2019-07-25,92.4653549194336,54.61076354980469,2.050526017837353,0.61003074868916,0.03604410451196438,1.9543784820363983,2.501764353409974,2.501764353409974,0.005787279565205861,0.003975602549446163,0.7459325157083114,0.0,25.136559843937846,9.0,0.20634920634920634,CVX,XOM
2019-07-26,91.0595703125,54.52329635620117,2.050526017837353,0.61003074868916,0.02170182024535361,0.5637621664166039,1.9543784820363983,1.9543784820363983,-0.0037269684974980954,0.0041219277692698736,0.7549769067722738,-0.0037269684974980954,27.229591385416576,10.0,0.20238095238095238,CVX,XOM
2019-07-29,91.4349594116211,54.90956497192383,2.050526017837353,0.61003074868916,0.021509295140120788,0.4956576136111268,0.5637621664166039,0.5637621664166039,-0.014342284266610772,0.005354344789436802,0.7227429008624585,-0.018069252764108867,20.487899266385345,0.0,0.2876984126984127,CVX,XOM
2019-07-30,91.51590728759766,54.9168586730957,2.050526017837353,0.61003074868916,0.022313183316470475,0.5241858382077693,0.4956576136111268,0.4956576136111268,-0.0001925251052328214,0.0052919744161405834,0.7119049513354662,-0.01826177786934169,20.585652689255998,0.0,0.2876984126984127,CVX,XOM
2019-07-31,90.6106185913086,54.19532775878906,2.050526017837353,0.61003074868916,0.020439856664363543,0.2912493969593214,0.5241858382077693,0.5241858382077693,0.0008038881763496875,0.0052377693607591974,0.7118913664078371,-0.017457889692992,20.985725842234697,0.0,0.2857142857142857,CVX,XOM
2019-08-01,88.86627960205078,52.81058120727539,2.050526017837353,0.61003074868916,0.01679071538738386,-0.11375542560654747,0.2912493969593214,0.2912493969593214,-0.0018733266521069325,0.004850282697274408,0.7311525842044548,-0.019331216345098934,20.221401352005056,0.0,0.251984126984127,CVX,XOM
2019-08-02,88.85891723632812,52.293121337890625,2.050526017837353,0.61003074868916,0.022714674198367035,0.47649051038780277,-0.11375542560654747,0.11375542560654747,-0.003649141276979684,0.004897788421210386,0.7524118035713224,-0.022980357622078618,18.82082334329316,0.0,0.22619047619047616,CVX,XOM
2019-08-05,87.39423370361328,51.22173309326172,2.050526017837353,0.61003074868916,0.018722265795432236,0.015869380445289155,0.47649051038780277,0.47649051038780277,0.0059239588109831764,0.004981915632889739,0.7547273023107318,-0.01705639881109544,20.65306346007525,0.0,0.2261904761904762,CVX,XOM
2019-08-06,87.86528778076172,51.71732711791992,2.050526017837353,0.61003074868916,0.01822382275073764,-0.053356824051670936,0.015869380445289155,0.015869380445289155,-0.0039924084029347995,0.005045024031662726,0.8319527201191584,-0.02104880721403024,19.760942947614847,0.0,0.17063492063492064,CVX,XOM
2019-08-07,87.6592025756836,51.382076263427734,2.050526017837353,0.61003074868916,0.019842917840347418,0.08599100780182456,-0.053356824051670936,0.053356824051670936,-0.0004984430446945964,0.005026404007096291,0.830702254495372,-0.021547250258724837,19.43851501746926,0.0,0.17658730158730157,CVX,XOM
2019-08-08,90.6989517211914,52.752262115478516,2.050526017837353,0.61003074868916,0.037877784724194896,1.892782174134859,0.08599100780182456,0.08599100780182456,0.0016190950896097789,0.004722960926041363,0.827973201096003,-0.019928155169115058,19.552911245400693,0.0,0.17261904761904762,CVX,XOM
2019-08-09,90.10277557373047,51.6298713684082,2.050526017837353,0.61003074868916,0.044402427304068404,2.2847642746186465,1.892782174134859,1.892782174134859,0.018034866883847478,0.006093938281295891,0.8497765011473377,-0.0018932882852675803,23.073222800997854,1.0,0.18253968253968253,CVX,XOM
2019-08-12,89.46244049072266,51.37899398803711,2.050526017837353,0.61003074868916,0.04024179279049811,1.712263752325059,2.2847642746186465,2.2847642746186465,0.0065246425798735075,0.0061776794838603105,0.8435413657488761,0.0,27.977846341995495,2.0,0.19246031746031744,CVX,XOM
2019-08-13,90.0806884765625,52.01356506347656,2.050526017837353,0.61003074868916,0.039640509673664504,1.5251844594093629,1.712263752325059,1.712263752325059,-0.004160634513570294,0.006288217806688337,0.843480266062321,-0.004160634513570294,24.718195516190118,3.0,0.19642857142857142,CVX,XOM
2019-08-14,86.65824127197266,49.91798782348633,2.050526017837353,0.61003074868916,0.025993201301357516,0.2339269432205471,1.5251844594093629,1.5251844594093629,-0.0006012831168336064,0.0062971304072001275,0.8434349264829706,-0.0047619176304039,23.8183490757271,4.0,0.20238095238095238,CVX,XOM
2019-08-15,86.07676696777344,49.622825622558594,2.050526017837353,0.61003074868916,0.022878400318016467,-0.119625871460546,0.2339269432205471,0.2339269432205471,-0.013647308372306988,0.007045695898327041,0.8715888800130536,-0.018409226002710888,19.464740916300595,0.0,0.20833333333333331,CVX,XOM
2019-08-16,86.11398315429688,50.397613525390625,2.050526017837353,0.61003074868916,0.01385952105458843,-1.0460569174804004,-0.119625871460546,0.119625871460546,-0.0031148009833410484,0.006751439624177615,0.8712800716846911,-0.021524026986051936,18.969770197143966,0.0,0.19642857142857145,CVX,XOM
2019-08-19,87.22930145263672,51.24617004394531,2.050526017837353,0.61003074868916,0.01654229645017624,-0.840293446041095,-1.0460569174804004,1.0460569174804004,-0.009018879263428037,0.006992053843512283,0.8589305832602949,-0.030542906249479973,16.804297019462776,1.0,0.24206349206349206,CVX,XOM
2019-08-20,86.35189819335938,50.936256408691406,2.050526017837353,0.61003074868916,0.010133173286740238,-1.5738415699462676,-0.840293446041095,0.840293446041095,0.002682775395587811,0.00701652297621528,0.8540413506086455,-0.027860130853892162,16.712951611064174,0.0,0.24603174603174602,CVX,XOM
2019-08-21,87.65316009521484,51.445396423339844,2.050526017837353,0.61003074868916,0.019022681836395883,-0.6418954812493367,-1.5738415699462676,1.5738415699462676,-0.0064091231634360035,0.007096189012178297,0.8530188552050172,-0.034269254017328166,17.75409533743363,1.0,0.2619047619047619,CVX,XOM
2019-08-22,87.54164123535156,51.33470916748047,2.050526017837353,0.61003074868916,0.019063522164509017,-0.6721910977498643,-0.6418954812493367,0.6418954812493367,0.008889508549655645,0.007278621245473377,0.8649606672285763,-0.02537974546767252,18.252523901005855,0.0,0.27380952380952384,CVX,XOM
2019-08-23,85.6455078125,49.79991149902344,2.050526017837353,0.61003074868916,0.015682534874079224,-1.0402439877086467,-0.6721910977498643,0.6721910977498643,4.0840328113134206e-05,0.007255293572360732,0.8674112361435429,-0.025338905139559387,19.58288715388813,0.0,0.25992063492063494,CVX,XOM
2019-08-26,86.06189727783203,50.065555572509766,2.050526017837353,0.61003074868916,0.017287137996797597,-0.8477069697653321,-1.0402439877086467,1.0402439877086467,-0.0033809872904297933,0.006599701025502783,0.8816586204584039,-0.02871989242998918,19.921420316560592,1.0,0.15079365079365079,CVX,XOM
2019-08-27,86.12884521484375,49.57854080200195,2.050526017837353,0.61003074868916,0.024027890166943955,-0.11102756776811568,-0.8477069697653321,0.8477069697653321,0.0016046031227183732,0.006612786920269088,0.8790001350707154,-0.027115289307270807,19.225448476182805,0.0,0.16666666666666666,CVX,XOM
2019-08-28,86.87239837646484,49.94011688232422,2.050526017837353,0.61003074868916,0.028191064687309364,0.32220978623678614,-0.11102756776811568,0.11102756776811568,0.006740752170146358,0.006782753276674928,0.8711787284203473,-0.02037453713712445,21.025174600371532,0.0,0.21230158730158732,CVX,XOM
2019-08-29,87.38546752929688,50.493534088134766,2.050526017837353,0.61003074868916,0.02735675695130224,0.23627402391342756,0.32220978623678614,0.32220978623678614,0.004163174520365409,0.006823050854547469,0.8749695390208245,-0.01621136261675904,23.526583103526537,0.0,0.20833333333333331,CVX,XOM
2019-08-30,87.53419494628906,50.53042984008789,2.050526017837353,0.61003074868916,0.02861169171003164,0.3869316985640577,0.23627402391342756,0.23627402391342756,-0.0008343077360071227,0.006767134904034535,0.8801180151461951,-0.017045670352766162,23.454884096047774,0.0,0.17857142857142855,CVX,XOM
2019-09-03,86.45600891113281,50.58945846557617,2.050526017837353,0.61003074868916,0.015505682713546687,-1.018128944209047,0.3869316985640577,0.3869316985640577,0.001254934758729398,0.00665660270101187,0.877204909052799,-0.015790735594036764,23.947452801494236,0.0,0.17857142857142858,CVX,XOM
2019-09-04,87.1847152709961,51.12810516357422,2.050526017837353,0.61003074868916,0.01743808547938608,-0.7475454010089366,-1.018128944209047,1.018128944209047,-0.013106008996484952,0.0072223845016137185,0.8638328202004076,-0.028896744590521717,21.050709584020375,1.0,0.2936507936507936,CVX,XOM
2019-09-05,87.4747085571289,51.85123825073242,2.050526017837353,0.61003074868916,0.012191203576557008,-1.271970240783722,-0.7475454010089366,0.7475454010089366,0.0019324027658393916,0.007236121004885057,0.8651817771468299,-0.026964341824682325,21.892847678787156,0.0,0.28968253968253965,CVX,XOM
2019-09-06,87.93572235107422,52.33824157714844,2.050526017837353,0.61003074868916,0.011744753760977833,-1.245604991581185,-1.271970240783722,1.271970240783722,-0.00524688190282907,0.007311773647118925,0.8655034811469686,-0.032211223727511396,21.137035769187847,1.0,0.29563492063492064,CVX,XOM
2019-09-09,88.77597045898438,52.751461029052734,2.050526017837353,0.61003074868916,0.016457259646839084,-0.6655097477145698,-1.245604991581185,1.245604991581185,-0.0004464498155791752,0.005970612374146807,0.8644429944324563,-0.03265767354309057,20.98535648761321,2.0,0.19642857142857142,CVX,XOM
2019-09-10,90.60518646240234,53.17942810058594,2.050526017837353,0.61003074868916,0.03192355874879116,1.077720433944426,-0.6655097477145698,0.6655097477145698,0.004712505885861251,0.0058638772965170765,0.8647739607360073,-0.02794516765722932,20.98090639533391,0.0,0.19444444444444445,CVX,XOM
2019-09-11,90.18132019042969,53.07612991333008,2.050526017837353,0.61003074868916,0.028420518366619518,0.6488774201669169,1.077720433944426,1.077720433944426,0.015466299101952075,0.0068745313884606045,0.8580174264894372,-0.012478868555277245,23.86297867381579,1.0,0.27976190476190477,CVX,XOM
2019-09-12,90.28543853759766,53.1130256652832,2.050526017837353,0.61003074868916,0.02915048271788745,0.6937790718427209,0.6488774201669169,0.6488774201669169,-0.0035030403821716405,0.006907454767797108,0.8578698294363625,-0.015981908937448885,21.94976922412238,0.0,0.2857142857142857,CVX,XOM
2019-09-13,90.34493255615234,53.60002899169922,2.050526017837353,0.61003074868916,0.024241221910836774,0.11312594692272342,0.6937790718427209,0.6937790718427209,0.000729964351267931,0.0062222923367433155,0.8569467567029945,-0.015251944586180954,22.441103701526224,0.0,0.2242063492063492,CVX,XOM
2019-09-16,92.29309844970703,54.40433883666992,2.050526017837353,0.61003074868916,0.03648967812625781,1.4034561212182428,0.11312594692272342,0.11312594692272342,-0.004909260807050675,0.006281492068554169,0.8542986047497686,-0.02016120539323163,21.67944834466586,0.0,0.22817460317460317,CVX,XOM
2019-09-17,92.1220703125,53.991111755371094,2.050526017837353,0.61003074868916,0.03928602408106796,1.5720933370098735,1.4034561212182428,1.4034561212182428,0.012248456215421033,0.006451023222401405,0.854552075292262,-0.007912749177810596,22.89870399284444,1.0,0.24206349206349204,CVX,XOM
2019-09-18,92.33772277832031,53.73284912109375,2.050526017837353,0.61003074868916,0.04454927085386817,1.9158862506600298,1.5720933370098735,1.5720933370098735,0.0027963459548101532,0.006452436060597842,0.8562567162416154,-0.005116403223000443,23.306648889222238,2.0,0.24404761904761904,CVX,XOM
2019-09-19,91.95105743408203,53.37128829956055,2.050526017837353,0.61003074868916,0.044471650580447886,1.7376252257512494,1.9158862506600298,1.9158862506600298,0.005263246772800212,0.006268747873097441,0.8576085583117168,0.0,24.971051445387918,3.0,0.2261904761904762,CVX,XOM
2019-09-20,92.44181823730469,53.18681335449219,2.050526017837353,0.61003074868916,0.05190684451833372,2.229496396685011,1.7376252257512494,1.7376252257512494,-7.762027342028688e-05,0.006057093150441206,0.8569219949949831,-7.762027342028688e-05,26.65835457170532,4.0,0.22420634920634921,CVX,XOM
2019-09-23,92.87310028076172,53.22370529174805,2.050526017837353,0.61003074868916,0.056138449596555784,2.4020050577575125,2.229496396685011,2.229496396685011,0.007435193937885831,0.006194740910518107,0.8533994177174125,0.0,30.70018304910507,5.0,0.2400793650793651,CVX,XOM
2019-09-24,92.01052856445312,52.493194580078125,2.050526017837353,0.61003074868916,0.05523825192396847,2.142661202664687,2.4020050577575125,2.4020050577575125,0.004231605078222067,0.0061076666772555965,0.8519232182953526,0.0,32.158476389714615,6.0,0.24404761904761907,CVX,XOM
2019-09-25,91.83950805664062,52.648162841796875,2.050526017837353,0.61003074868916,0.051579561776612604,1.7567534679701564,2.142661202664687,2.142661202664687,-0.0009001976725873106,0.006140550255732063,0.8516564298273702,-0.0009001976725873106,31.062570127805913,7.0,0.24801587301587302,CVX,XOM
2019-09-26,89.34851837158203,52.367767333984375,2.050526017837353,0.61003074868916,0.027339251408354137,-0.04084863557899541,1.7567534679701564,1.7567534679701564,-0.0036586901473558697,0.006148719560322102,0.8502665567190324,-0.00455888781994318,31.928094196816133,8.0,0.251984126984127,CVX,XOM
2019-09-27,88.18852233886719,52.74409103393555,2.050526017837353,0.61003074868916,0.009903305913641525,-1.2663762294936427,-0.04084863557899541,0.04084863557899541,-0.024240310368258466,0.008259279994114112,0.8211551981938345,-0.028799198188201647,21.926690929800504,0.0,0.4920634920634921,CVX,XOM
2019-09-30,88.18852233886719,52.102115631103516,2.050526017837353,0.61003074868916,0.017373860021026033,-0.7413202628549352,-1.2663762294936427,1.2663762294936427,-0.017435945494712612,0.00908965174788509,0.7980211055485732,-0.04623514368291426,19.547747312798425,1.0,0.5575396825396826,CVX,XOM
2019-10-01,86.26268005371094,50.87722396850586,2.050526017837353,0.61003074868916,0.009806850135196221,-1.2538088916547376,-0.7413202628549352,0.7413202628549352,0.007470554107384508,0.009261712584565505,0.7927627350625978,-0.03876458957552975,19.94451962175038,0.0,0.5873015873015872,CVX,XOM
2019-10-02,83.49656677246094,49.549034118652344,2.050526017837353,0.61003074868916,-0.006647802500361788,-2.2336090569607134,-1.2538088916547376,1.2538088916547376,-0.007567009885829812,0.00896038273511238,0.8051047691288262,-0.04633159946135956,19.453363628713852,1.0,0.5436507936507937,CVX,XOM
2019-10-03,84.13601684570312,50.16149139404297,2.050526017837353,0.61003074868916,-0.006512722589487208,-2.0190068506576067,-2.2336090569607134,2.2336090569607134,-0.01645465263555801,0.00960574807797552,0.8189748731116402,-0.06278625209691757,15.737751731559039,2.0,0.5773809523809523,CVX,XOM
2019-10-04,84.65653991699219,50.89199447631836,2.050526017837353,0.61003074868916,-0.009164922580331414,-1.9824682876032687,-2.0190068506576067,2.0190068506576067,0.00013507991087458038,0.009564023883591313,0.8150371192104111,-0.06265117218604299,16.135426142460027,3.0,0.5793650793650793,CVX,XOM
2019-10-07,84.21782684326172,50.190982818603516,2.050526017837353,0.61003074868916,-0.005899390690743633,-1.6730298266117352,-1.9824682876032687,1.9824682876032687,-0.002652199990844206,0.009570467644629573,0.8145033491731597,-0.0653033721768872,16.528471221296652,4.0,0.5813492063492064,CVX,XOM
2019-10-08,83.06527709960938,49.21697998046875,2.050526017837353,0.61003074868916,-0.007724650461853333,-1.6492431845852893,-1.6730298266117352,1.6730298266117352,0.0032655318895877805,0.009532058390124184,0.8128059611930838,-0.06203784028729942,14.440584665946075,5.0,0.5773809523809523,CVX,XOM
2019-10-09,84.12860107421875,49.76302719116211,2.050526017837353,0.61003074868916,-0.0017356603316791563,-1.2517053934856388,-1.6492431845852893,1.6492431845852893,-0.0018252597711096996,0.008739908107099926,0.8167708459975959,-0.06386310005840912,13.708216042094438,6.0,0.5238095238095237,CVX,XOM
2019-10-10,85.2068099975586,50.36070251464844,2.050526017837353,0.61003074868916,0.0037160247978027527,-0.9169194723563568,-1.2517053934856388,1.2517053934856388,0.005988990130174177,0.008900690575083442,0.8204413030199185,-0.05787410992823494,13.532354328947365,7.0,0.5277777777777778,CVX,XOM
2019-10-11,86.36678314208984,50.899383544921875,2.050526017837353,0.61003074868916,0.010747296363434522,-0.529893081407471,-0.9169194723563568,0.9169194723563568,0.005451685129481909,0.00901875282470984,0.8235543279079265,-0.05242242479875303,12.49658387671919,0.0,0.5317460317460317,CVX,XOM
2019-10-14,86.38909149169922,51.04694747924805,2.050526017837353,0.61003074868916,0.009239561002816199,-0.5716565357458676,-0.529893081407471,0.529893081407471,0.007031271565631769,0.009152423912747756,0.8333577514088709,-0.04539115323312126,9.670957990601154,0.0,0.5277777777777778,CVX,XOM
2019-10-15,86.48575592041016,51.22403335571289,2.050526017837353,0.61003074868916,0.008245295570936673,-0.6064078700706552,-0.5716565357458676,0.5716565357458676,-0.001507735360618323,0.008658988719825164,0.8329814702385141,-0.046898888593739585,8.16743812398328,0.0,0.4900793650793651,CVX,XOM
2019-10-16,85.59345245361328,50.345951080322266,2.050526017837353,0.61003074868916,0.008422168487352888,-0.5792834549612824,-0.6064078700706552,0.6064078700706552,-0.0009942654318795263,0.00860721449974182,0.8328689552814752,-0.04789315402561911,7.885423052137734,0.0,0.4841269841269841,CVX,XOM
2019-10-17,85.77189636230469,50.279537200927734,2.050526017837353,0.61003074868916,0.011310036429090786,-0.43343679890624043,-0.5792834549612824,0.5792834549612824,0.00017687291641621528,0.008476232392344008,0.8331875461011858,-0.047716281109202896,7.966099533230567,0.0,0.46825396825396826,CVX,XOM
2019-10-18,85.31832122802734,49.88846206665039,2.050526017837353,0.61003074868916,0.010771227982255382,-0.4583685186192292,-0.43343679890624043,0.43343679890624043,0.0028878679417378983,0.008530937261920191,0.8340044543236298,-0.044828413167465,9.197226983163336,0.0,0.46825396825396826,CVX,XOM
2019-10-21,86.70883178710938,50.72227096557617,2.050526017837353,0.61003074868916,0.016826295190736307,-0.1572148797248357,-0.4583685186192292,0.4583685186192292,-0.0005388084468354037,0.008279262353165241,0.8339628215502467,-0.0453672216143004,7.933142387829564,0.0,0.4563492063492064,CVX,XOM
2019-10-22,87.59369659423828,50.98052978515625,2.050526017837353,0.61003074868916,0.023881421628888067,0.20893233639696526,-0.1572148797248357,0.1572148797248357,0.006055067208480924,0.008357678304412013,0.847106155433057,-0.03931215440581948,7.128429631686829,0.0,0.42261904761904767,CVX,XOM
2019-10-23,87.72753143310547,51.46754455566406,2.050526017837353,0.61003074868916,0.019608222801999364,0.009535675808781263,0.20893233639696526,0.20893233639696526,0.00705512643815176,0.008585132264278133,0.8468456048535448,-0.03225702796766772,7.040162406799021,0.0,0.4444444444444444,CVX,XOM
2019-10-24,87.43008422851562,50.98052978515625,2.050526017837353,0.61003074868916,0.02201181953697473,0.14289307508710355,0.009535675808781263,0.009535675808781263,-0.004273198826888702,0.008593655651231885,0.8445371345089434,-0.03653022679455642,7.501633198925561,0.0,0.4503968253968254,CVX,XOM
2019-10-25,88.24059295654297,51.09859848022461,2.050526017837353,0.61003074868916,0.029828306430153884,0.526064347719573,0.14289307508710355,0.14289307508710355,0.002403596734975366,0.00687347157129551,0.8422296224931431,-0.03412663005958105,7.206532858183076,0.0,0.3412698412698413,CVX,XOM
2019-10-28,88.09932708740234,50.64848327636719,2.050526017837353,0.61003074868916,0.03362352731830898,0.7244745960253314,0.526064347719573,0.526064347719573,0.007816486893179153,0.005846136737722024,0.8342092745514288,-0.0263101431664019,6.247529852915572,0.0,0.2757936507936508,CVX,XOM
2019-10-29,87.83905792236328,50.50090026855469,2.050526017837353,0.61003074868916,0.03244502928590176,0.6831615503096938,0.7244745960253314,0.7244745960253314,0.003795220888155093,0.005695561938724409,0.8360876787532316,-0.022514922278246807,9.800365007484775,0.0,0.26785714285714285,CVX,XOM
2019-10-30,86.52291107177734,49.96963119506836,2.050526017837353,0.61003074868916,0.02379953668413126,0.28577338671082797,0.6831615503096938,0.6831615503096938,-0.0011784980324072158,0.0053874667588659515,0.8308750653000306,-0.023693420310654023,9.647146618081248,0.0,0.29365079365079366,CVX,XOM
2019-10-31,86.35933685302734,49.85895538330078,2.050526017837353,0.61003074868916,0.023259848798199645,0.30409013818866,0.28577338671082797,0.28577338671082797,-0.0086454926017705,0.004264722998743868,0.8322111877818511,-0.03233891291242452,8.417181921841522,0.0,0.24603174603174602,CVX,XOM
2019-11-01,86.41138458251953,51.35685729980469,2.050526017837353,0.61003074868916,0.0058052370068741865,-0.590730863719134,0.30409013818866,0.30409013818866,-0.0005396878859316168,0.004278212152121668,0.832651190634926,-0.03287860079835614,9.039061677043366,0.0,0.24603174603174605,CVX,XOM
2019-11-04,90.39696502685547,52.88428497314453,2.050526017837353,0.61003074868916,0.03301786541031149,1.0971621731332577,-0.590730863719134,0.590730863719134,-0.01745461179132546,0.005902568546040356,0.7851566118558737,-0.0503332125896816,8.358901707425247,0.0,0.36904761904761907,CVX,XOM
2019-11-05,90.67210388183594,53.932064056396484,2.050526017837353,0.61003074868916,0.02408874924257498,0.6786507584852999,1.0971621731332577,1.0971621731332577,0.0272126284034373,0.008252718938923436,0.8053662216757532,-0.023120584186244297,7.4959937896136495,1.0,0.5297619047619048,CVX,XOM
2019-11-06,89.15520477294922,52.751461029052734,2.050526017837353,0.61003074868916,0.020719974010608766,0.5851583685560092,0.6786507584852999,0.6786507584852999,-0.008929116167736506,0.008554729572249151,0.7961698299131267,-0.0320497003539808,7.076402314233294,0.0,0.5615079365079365,CVX,XOM
2019-11-07,90.63492584228516,53.873043060302734,2.050526017837353,0.61003074868916,0.024346595546815397,0.8847542193507542,0.5851583685560092,0.5851583685560092,-0.0033687752319662145,0.008557278916870793,0.8016275941846821,-0.03541847558594702,7.002763228535978,0.0,0.5615079365079365,CVX,XOM
2019-11-08,89.92108917236328,52.84993362426758,2.050526017837353,0.61003074868916,0.02813604843424322,1.1133587602102406,0.8847542193507542,0.8847542193507542,0.003626621536206631,0.008520280850572114,0.7742116295145327,-0.03179185404974039,6.958900178234737,0.0,0.5833333333333333,CVX,XOM
2019-11-11,89.83184051513672,52.52882766723633,2.050526017837353,0.61003074868916,0.030860767804587574,1.255901304167176,1.1133587602102406,1.1133587602102406,0.0037894528874278244,0.008435008821428074,0.7722069045528617,-0.028002401162312562,6.8443738507831515,1.0,0.5753968253968254,CVX,XOM
2019-11-12,89.94336700439453,51.80445861816406,2.050526017837353,0.61003074868916,0.04057232544727851,1.8046780568853888,1.255901304167176,1.255901304167176,0.002724719370344353,0.008425802370788238,0.7800229261614768,-0.02527768179196821,6.354459733091686,2.0,0.5654761904761905,CVX,XOM
2019-11-13,90.92491149902344,51.37879180908203,2.050526017837353,0.61003074868916,0.05645933295176331,2.5615995596755257,1.8046780568853888,1.8046780568853888,0.009711557642690938,0.00861490187430143,0.7669798130180332,-0.015566124149277272,6.678132347021067,3.0,0.6150793650793651,CVX,XOM
2019-11-14,90.68695831298828,51.154747009277344,2.050526017837353,0.61003074868916,0.05650481884467062,2.2945061248829646,2.5615995596755257,2.5615995596755257,0.015887007504484796,0.00914759474954508,0.7504060082125361,0.0,8.165081160155971,4.0,0.6765873015873016,CVX,XOM
2019-11-15,90.58935546875,51.67002868652344,2.050526017837353,0.61003074868916,0.04931388171097817,1.733051958421301,2.2945061248829646,2.2945061248829646,4.548589290731542e-05,0.009161010103599631,0.7480151714147496,0.0,7.7318782960261805,5.0,0.6865079365079365,CVX,XOM
2019-11-18,89.01995086669922,51.16967010498047,2.050526017837353,0.61003074868916,0.037773837992018944,0.9600076497698244,1.733051958421301,1.733051958421301,-0.007190937133692454,0.009374841317964788,0.7423463861416034,-0.007190937133692454,6.38781668759323,6.0,0.7063492063492063,CVX,XOM
2019-11-19,87.44304656982422,50.64693832397461,2.050526017837353,0.61003074868916,0.026164925866700273,0.1502365770481491,0.9600076497698244,0.9600076497698244,-0.011540043718959225,0.009763704714985746,0.7266764827492604,-0.01873098085265168,5.39501040543216,0.0,0.7361111111111112,CVX,XOM
2019-11-20,88.11136627197266,50.80375289916992,2.050526017837353,0.61003074868916,0.03189290344789608,0.49457179710372173,0.1502365770481491,0.1502365770481491,-0.011608912125318671,0.010033119865710101,0.7292348030918955,-0.03033989297797035,5.317528373791792,0.0,0.7440476190476191,CVX,XOM
2019-11-21,89.18515014648438,52.02848434448242,2.050526017837353,0.61003074868916,0.029474297185396292,0.26663879573848515,0.49457179710372173,0.49457179710372173,0.005727977581195809,0.010051204988463607,0.733495617470583,-0.024611915396774542,4.938057283033916,0.0,0.7440476190476191,CVX,XOM
2019-11-22,89.08003997802734,51.80445861816406,2.050526017837353,0.61003074868916,0.03092739986505988,0.33323414254757844,0.26663879573848515,0.26663879573848515,-0.0024186062624997895,0.010063220293938855,0.7348110950269978,-0.02703052165927433,5.020477474476645,0.0,0.7440476190476191,CVX,XOM
2019-11-25,88.8923110961914,51.460933685302734,2.050526017837353,0.61003074868916,0.03287645658370275,0.43620074521712904,0.33323414254757844,0.33323414254757844,0.001453102679663587,0.009922464719128478,0.7338703854639288,-0.025577418979610744,5.556525812985472,0.0,0.7361111111111112,CVX,XOM
2019-11-26,88.44927978515625,51.33396530151367,2.050526017837353,0.61003074868916,0.029387059843151597,0.10448702984317647,0.43620074521712904,0.43620074521712904,0.001949056718642872,0.009895791370917218,0.733591546524868,-0.023628362260967872,5.670296253205456,0.0,0.7341269841269842,CVX,XOM
2019-11-27,88.6595230102539,51.3040885925293,2.050526017837353,0.61003074868916,0.0321163765146677,0.2796569968966457,0.10448702984317647,0.10448702984317647,-0.003489396740551154,0.0099218977922912,0.7414876691650081,-0.027117759001519026,5.674376012680893,0.0,0.7281746031746033,CVX,XOM
2019-11-29,87.95365905761719,50.87844467163086,2.050526017837353,0.61003074868916,0.029205227707998827,-0.029111840906287226,0.2796569968966457,0.2796569968966457,0.002729316671516102,0.009743189443906208,0.7389605356343026,-0.024388442330002924,5.504690226780402,0.0,0.7182539682539683,CVX,XOM
2019-12-02,87.70587158203125,51.09498977661133,2.050526017837353,0.61003074868916,0.023793142925518485,-0.5916015043785414,-0.029111840906287226,0.029111840906287226,-0.002911148806668873,0.009768493870286608,0.7442358728013436,-0.027299591136671797,5.317178891726385,0.0,0.7123015873015872,CVX,XOM
2019-12-03,87.02255249023438,50.691749572753906,2.050526017837353,0.61003074868916,0.020805047287673517,-0.9035644394052199,-0.5916015043785414,0.5916015043785414,-0.005412084782480342,0.008996348640797479,0.7409822582497949,-0.03271167591915214,5.167635882337151,0.0,0.6666666666666667,CVX,XOM
2019-12-04,87.81098175048828,51.26677322387695,2.050526017837353,0.61003074868916,0.022943356357223443,-0.6910701523299398,-0.9035644394052199,0.9035644394052199,-0.0029880956378449675,0.006692562812163166,0.7403617126497373,-0.035699771556997106,5.113829540094031,0.0,0.48611111111111116,CVX,XOM
2019-12-05,87.35295104980469,51.08753967285156,2.050526017837353,0.61003074868916,0.019850069624653965,-0.9930646683332615,-0.6910701523299398,0.6910701523299398,0.0021383090695499263,0.006434451181401231,0.7447081700940634,-0.03356146248744718,4.975928826628258,0.0,0.4365079365079365,CVX,XOM
2019-12-06,88.6144790649414,51.90900802612305,2.050526017837353,0.61003074868916,0.024457477808572214,-0.556100440683077,-0.9930646683332615,0.9930646683332615,-0.003093286732569478,0.006427638664098001,0.7451329829990041,-0.03665474922001666,5.117867965996598,0.0,0.43253968253968256,CVX,XOM
2019-12-09,88.0813217163086,52.021026611328125,2.050526017837353,0.61003074868916,0.017107695526255906,-1.2018028464710049,-0.556100440683077,0.556100440683077,0.004607408183918249,0.006459116906624103,0.7517130933029619,-0.03204734103609841,5.123750990330222,0.0,0.4265873015873016,CVX,XOM
2019-12-10,88.52436065673828,51.57295227050781,2.050526017837353,0.61003074868916,0.027402129862948765,-0.20178427976516555,-1.2018028464710049,1.2018028464710049,-0.007349782282316308,0.006587801442935287,0.7510393913528773,-0.03939712331841472,5.085834159449434,1.0,0.4464285714285714,CVX,XOM
2019-12-11,87.27783966064453,51.49826431274414,2.050526017837353,0.61003074868916,0.014105030411548203,-1.3677432252352713,-0.20178427976516555,0.20178427976516555,0.01029443433669286,0.006971430840468636,0.7348831943898915,-0.029102688981721858,4.917021091190511,0.0,0.5257936507936508,CVX,XOM
2019-12-12,89.2151870727539,52.52882766723633,2.050526017837353,0.61003074868916,0.023972567660745625,-0.45651379959821226,-1.3677432252352713,1.3677432252352713,-0.013297099451400562,0.007141735379923498,0.7291274523797687,-0.04239978843312242,4.904200438910838,1.0,0.5615079365079365,CVX,XOM
2019-12-13,88.57693481445312,51.69990539550781,2.050526017837353,0.61003074868916,0.026496028375932568,-0.23411370908388177,-0.45651379959821226,0.45651379959821226,0.009867537249197422,0.006508899131287484,0.7443715715614727,-0.032532251183925,4.713695147225245,0.0,0.4444444444444444,CVX,XOM
2019-12-16,89.6281967163086,52.2749137878418,2.050526017837353,0.61003074868916,0.03154716680636316,0.16896717519484694,-0.23411370908388177,0.23411370908388177,0.0025234607151869426,0.006562866232538911,0.7439702647209246,-0.030008790468738056,4.670540698566349,0.0,0.46031746031746035,CVX,XOM
2019-12-17,89.05748748779297,52.03596115112305,2.050526017837353,0.61003074868916,0.02795417888195928,-0.17772377486814456,0.16896717519484694,0.16896717519484694,0.005051138430430591,0.006574466722295365,0.7512195090303703,-0.024957652038307465,4.6446146393306105,0.0,0.4384920634920635,CVX,XOM
2019-12-18,89.01995086669922,52.1778450012207,2.050526017837353,0.61003074868916,0.025871525751984592,-0.395880875984737,-0.17772377486814456,0.17772377486814456,-0.0035929879244038787,0.006144797512994264,0.7523320723082757,-0.028550639962711344,4.6547745665281015,0.0,0.3829365079365079,CVX,XOM
2019-12-19,88.70458221435547,51.81938934326172,2.050526017837353,0.61003074868916,0.026527862818753523,-0.3532997992764576,-0.395880875984737,0.395880875984737,-0.0020826531299746875,0.005610518308993187,0.7497684660053202,-0.03063329309268603,4.6765932031615085,0.0,0.36904761904761907,CVX,XOM
2019-12-20,89.86848449707031,52.230125427246094,2.050526017837353,0.61003074868916,0.03474740829811296,0.4577519781948187,-0.3532997992764576,0.3532997992764576,0.0006563370667689306,0.005457767337562296,0.7506615572767183,-0.0299769560259171,4.584441929798313,0.0,0.3630952380952381,CVX,XOM
2019-12-23,90.3565673828125,52.49150085449219,2.050526017837353,0.61003074868916,0.03711862648426756,0.6667978727410621,0.4577519781948187,0.4577519781948187,0.008219545479359436,0.005733692771071521,0.7697074386477122,-0.021757410546557665,4.512618073271911,0.0,0.3492063492063492,CVX,XOM
2019-12-24,90.36407470703125,52.289859771728516,2.050526017837353,0.61003074868916,0.03954959586519946,0.87434765271109,0.6667978727410621,0.6667978727410621,0.0023712181861546,0.005746692722067601,0.7907688779015147,-0.019386192360403065,4.59688630042963,0.0,0.3392857142857143,CVX,XOM
2019-12-26,90.55929565429688,52.37201690673828,2.050526017837353,0.61003074868916,0.04074992784192766,0.9944603234885288,0.87434765271109,0.87434765271109,0.002430969380931902,0.005754521525873558,0.7957346527430492,-0.016955222979471163,4.577393791114837,0.0,0.3333333333333333,CVX,XOM
2019-12-27,90.33403778076172,52.19278335571289,2.050526017837353,0.61003074868916,0.04035071968511694,1.1236420601991786,0.9944603234885288,0.9944603234885288,0.0012003319767281972,0.005689139073760907,0.7828666719459134,-0.015754891002742966,4.539922675199938,0.0,0.33730158730158727,CVX,XOM
2019-12-30,89.99613952636719,51.88660430908203,2.050526017837353,0.61003074868916,0.040192331837170414,1.348822820502307,1.1236420601991786,1.1236420601991786,-0.0003992081568107153,0.005670545757492638,0.7620158598000887,-0.01615409915955368,4.724330611515491,1.0,0.3492063492063492,CVX,XOM
2019-12-31,90.49172973632812,52.110633850097656,2.050526017837353,0.61003074868916,0.04305577379811876,1.8598309420134305,1.348822820502307,1.348822820502307,-0.00015838784794652838,0.005621416550155912,0.7615413414885943,-0.01631248700750021,4.729970062129594,2.0,0.3492063492063492,CVX,XOM
2020-01-02,91.18257141113281,52.94702911376953,2.050526017837353,0.61003074868916,0.04094761002593161,1.5238766022372883,1.8598309420134305,1.8598309420134305,0.002863441960948343,0.005469910850410912,0.7629788346753117,-0.013449045046551866,4.881338772424321,3.0,0.3412698412698413,CVX,XOM
2020-01-03,90.86717224121094,52.521366119384766,2.050526017837353,0.61003074868916,0.04240673742326395,1.5820544847022262,1.5238766022372883,1.5238766022372883,-0.002108163772187144,0.005441417273568459,0.7625522639653164,-0.01555720881873901,4.899731612837793,4.0,0.3392857142857143,CVX,XOM
2020-01-06,90.55929565429688,52.924625396728516,2.050526017837353,0.61003074868916,0.03434685062103204,0.519518771620556,1.5820544847022262,1.5820544847022262,0.0014591273973323382,0.005436368767585806,0.753868059745909,-0.014098081421406672,4.991734015535288,5.0,0.3511904761904762,CVX,XOM
2020-01-07,89.40290832519531,52.49150085449219,2.050526017837353,0.61003074868916,0.026508137096120876,-0.4828796782911269,0.519518771620556,0.519518771620556,-0.008059886802231908,0.005722363092122859,0.742591910332172,-0.02215796822363858,4.820731787906143,0.0,0.4087301587301587,CVX,XOM
2020-01-08,88.38168334960938,51.69990539550781,2.050526017837353,0.61003074868916,0.024289280311275085,-0.7342570096892469,-0.4828796782911269,0.4828796782911269,-0.007838713524911167,0.005938954367148115,0.7408161602185086,-0.029996681748549747,4.813738966214622,0.0,0.4345238095238095,CVX,XOM
2020-01-09,88.23902130126953,52.095706939697266,2.050526017837353,0.61003074868916,0.018021361178111484,-1.4243551073777114,-0.7342570096892469,0.7342570096892469,-0.0022188567848457907,0.005718212603209233,0.7433985210405332,-0.03221553853339554,4.800378303186506,0.0,0.40476190476190477,CVX,XOM
2020-01-10,87.43553924560547,51.632694244384766,2.050526017837353,0.61003074868916,0.014319932549292425,-1.7245274173602956,-1.4243551073777114,1.4243551073777114,-0.006267919133163602,0.005410403665174694,0.739070793776549,-0.03848345766655914,4.796808954776342,1.0,0.4007936507936508,CVX,XOM
2020-01-13,87.60073852539062,52.12556457519531,2.050526017837353,0.61003074868916,0.010411979144377526,-1.9587210715615733,-1.7245274173602956,1.7245274173602956,-0.003701428628819059,0.004619170425444381,0.742183068247503,-0.0421848862953782,4.8232354844031695,2.0,0.3472222222222222,CVX,XOM
2020-01-14,87.3304214477539,51.67749786376953,2.050526017837353,0.61003074868916,0.012587860394019934,-1.58644873471506,-1.9587210715615733,1.9587210715615733,-0.003907953404914899,0.00409540198233101,0.7350614500389606,-0.0460928397002931,4.821329854232061,3.0,0.3392857142857143,CVX,XOM
2020-01-15,87.20277404785156,51.595340728759766,2.050526017837353,0.61003074868916,0.012095732503084378,-1.5353934675682874,-1.58644873471506,1.58644873471506,0.0021758812496424085,0.004082496628191668,0.7356588800217446,-0.04391695845065069,4.847011346468184,4.0,0.33531746031746035,CVX,XOM
2020-01-16,87.77345275878906,51.39371871948242,2.050526017837353,0.61003074868916,0.021007205487196146,-0.6398534815494151,-1.5353934675682874,1.5353934675682874,-0.0004921278909355564,0.0038653441425667845,0.7342788653767149,-0.044409086341586246,5.113119718243397,5.0,0.3333333333333333,CVX,XOM
2020-01-17,86.7897720336914,51.199562072753906,2.050526017837353,0.61003074868916,0.012045847571461099,-1.4542591244599985,-0.6398534815494151,0.6398534815494151,0.008911472984111768,0.004369367163483231,0.7176020321061238,-0.03549761335747448,4.957942564626066,0.0,0.3948412698412699,CVX,XOM
2020-01-21,85.08519744873047,50.46770477294922,2.050526017837353,0.61003074868916,0.0009929741409075987,-2.259148190694848,-1.4542591244599985,1.4542591244599985,-0.008961357915735046,0.004746848601601019,0.7158004455895115,-0.044458971273209524,5.019642635739348,1.0,0.4007936507936508,CVX,XOM
2020-01-22,84.77735137939453,50.17646408081055,2.050526017837353,0.61003074868916,0.0008989036040096821,-2.035590575487638,-2.259148190694848,2.259148190694848,-0.0110528734305535,0.0052409093081502685,0.7263877267336524,-0.055511844703763025,5.288020713837043,2.0,0.40674603174603174,CVX,XOM
2020-01-23,84.92752075195312,49.86280822753906,2.050526017837353,0.61003074868916,0.006493979525025839,-1.4968846749819327,-2.035590575487638,2.035590575487638,-9.407053689791667e-05,0.00478072166305433,0.7275512096685081,-0.05560591524066094,5.386433927672271,3.0,0.3888888888888889,CVX,XOM
2020-01-24,83.9888687133789,49.52676010131836,2.050526017837353,0.61003074868916,-0.0004947505348757986,-1.8599148639486356,-1.4968846749819327,1.4968846749819327,0.005595075921016157,0.0049657869703600395,0.7256388490757574,-0.050010839319644784,5.344080521722442,4.0,0.39880952380952384,CVX,XOM
2020-01-27,82.892578125,48.34683609008789,2.050526017837353,0.61003074868916,0.0010757794182425506,-1.6445579604627718,-1.8599148639486356,1.8599148639486356,-0.006988730059901638,0.005014127573953139,0.7293827805872519,-0.05699956937954642,5.631117623175191,5.0,0.39087301587301587,CVX,XOM
2020-01-28,83.44073486328125,48.279640197753906,2.050526017837353,0.61003074868916,0.008515321214828564,-1.0500765860143537,-1.6445579604627718,1.6445579604627718,0.0015705299531183492,0.005026583607730307,0.7348987799866827,-0.05542903942642807,5.682592963089643,6.0,0.37896825396825395,CVX,XOM
2020-01-29,82.87753295898438,47.876365661621094,2.050526017837353,0.61003074868916,0.00685963543028123,-1.0982977817822823,-1.0500765860143537,1.0500765860143537,0.007439541796586013,0.005424691434403779,0.7276516743505073,-0.04798949762984206,5.495650863815296,7.0,0.4365079365079365,CVX,XOM
2020-01-30,83.65098571777344,48.38417053222656,2.050526017837353,0.61003074868916,0.009712563768495386,-0.8449936071690395,-1.0982977817822823,1.0982977817822823,-0.0016556857845473338,0.005414715824385705,0.7292695822940847,-0.04964518341438939,5.726322709440907,8.0,0.4285714285714286,CVX,XOM
2020-01-31,80.45211029052734,46.39026641845703,2.050526017837353,0.61003074868916,-0.0036065928133237612,-1.6172304264588733,-0.8449936071690395,0.8449936071690395,0.0028529283382141557,0.005414276494371332,0.7722258820584272,-0.04679225507617524,5.480502689024973,0.0,0.31746031746031744,CVX,XOM
2020-02-03,79.80632019042969,45.35221862792969,2.050526017837353,0.61003074868916,0.002139344649250585,-1.160460037930218,-1.6172304264588733,1.6172304264588733,-0.013319156581819147,0.005981546664252464,0.7951157513727457,-0.060111411657994385,5.909501479271014,1.0,0.3492063492063492,CVX,XOM
2020-02-04,80.2343521118164,44.7846794128418,2.050526017837353,0.61003074868916,0.015170510339733045,-0.2958575937927942,-1.160460037930218,1.160460037930218,0.0057459374625743465,0.0061832251211888095,0.799922527263744,-0.05436547419542004,5.7027026535521435,2.0,0.3551587301587301,CVX,XOM
2020-02-05,82.80996704101562,46.845802307128906,2.050526017837353,0.61003074868916,0.019318667532377543,0.005424850639018098,-0.2958575937927942,0.2958575937927942,0.01303116569048246,0.006827083955414813,0.7728304982280643,-0.04133430850493758,5.644934835832668,0.0,0.4662698412698413,CVX,XOM
2020-02-06,82.21675109863281,46.21104049682617,2.050526017837353,0.61003074868916,0.02045174945478312,0.11915995822510142,0.005424850639018098,0.005424850639018098,0.004148157192644497,0.006722147955652714,0.8025513482700171,-0.03718615131229308,5.616204863657918,0.0,0.4226190476190476,CVX,XOM
2020-02-07,81.8037338256836,45.90486526489258,2.050526017837353,0.61003074868916,0.019470832286327955,0.101694887802885,0.11915995822510142,0.11915995822510142,0.0011330819224055766,0.006715482497340077,0.8042579523233833,-0.036053069389887504,5.615424372890473,0.0,0.42063492063492064,CVX,XOM
2020-02-10,82.44200897216797,45.420047760009766,2.050526017837353,0.61003074868916,0.03372008241818669,1.13606777394829,0.101694887802885,0.101694887802885,-0.0009809171684551643,0.006573662508458124,0.8055479595051677,-0.03703398655834267,5.645067854090273,0.0,0.38888888888888884,CVX,XOM
2020-02-11,83.5083236694336,45.85182571411133,2.050526017837353,0.61003074868916,0.04079950673051291,1.636630817565151,1.13606777394829,1.13606777394829,0.014249250131858737,0.007193358355129034,0.7979732446091016,-0.02278473642648393,5.4885000236118096,1.0,0.4861111111111111,CVX,XOM
2020-02-12,84.1315689086914,46.412376403808594,2.050526017837353,0.61003074868916,0.04082249657738535,1.632836186798382,1.636630817565151,1.636630817565151,0.007079424312326221,0.0072193574381378784,0.8208286811592925,-0.01570531211415771,5.813300962124294,2.0,0.45634920634920634,CVX,XOM
2020-02-13,83.84622955322266,46.15482711791992,2.050526017837353,0.61003074868916,0.04081972725995353,1.6529884913056412,1.632836186798382,1.632836186798382,2.2989846872434327e-05,0.007224814403609288,0.8229116970808422,-0.008491385133592821,5.875083385555895,3.0,0.4543650793650793,CVX,XOM
2020-02-14,83.62589263916016,45.94272232055664,2.050526017837353,0.61003074868916,0.04099826072589163,1.6653183453637033,1.6529884913056412,1.6529884913056412,-2.7693174318166314e-06,0.007219151686385337,0.8287484347646574,-0.002236046538165226,5.906291177022043,4.0,0.4444444444444444,CVX,XOM
2020-02-18,83.74745178222656,45.35945129394531,2.050526017837353,0.61003074868916,0.050245108185881904,2.225428640366063,1.6653183453637033,1.6653183453637033,0.00017853346593810215,0.007015026101642512,0.831644761849683,-0.002057513072227124,5.981622613163091,5.0,0.41269841269841273,CVX,XOM
2020-02-19,84.12731170654297,45.70790100097656,2.050526017837353,0.61003074868916,0.050102304803630204,2.0593722560162027,2.225428640366063,2.225428640366063,0.00924684745999027,0.00684263478234935,0.8258740726383961,0.0,6.460965692185627,6.0,0.40674603174603174,CVX,XOM
2020-02-20,83.42076873779297,45.34429931640625,2.050526017837353,0.61003074868916,0.04654047856559096,1.7002544769605674,2.0593722560162027,2.0593722560162027,-0.00014280338225169942,0.006191365982938985,0.8268864821349451,-0.00014280338225169942,6.607437719476017,7.0,0.3134920634920635,CVX,XOM
2020-02-21,82.81305694580078,44.79132843017578,2.050526017837353,0.61003074868916,0.04671393583598693,1.5928416699377983,1.7002544769605674,1.7002544769605674,-0.003561826238039245,0.00630779938344706,0.8243524854178778,-0.0037046296202909446,6.554616406348734,8.0,0.32936507936507936,CVX,XOM
2020-02-24,79.54641723632812,42.69301986694336,2.050526017837353,0.61003074868916,0.035737649374020464,0.892355548851671,1.5928416699377983,1.5928416699377983,0.00017345727039597136,0.006276015049635085,0.8256400781040306,-0.003531172349894973,6.6622933953487316,9.0,0.32142857142857145,CVX,XOM
2020-02-25,76.50768280029297,41.05680847167969,2.050526017837353,0.61003074868916,0.020627341765953933,-0.006772684885958965,0.892355548851671,0.892355548851671,-0.010976286461966467,0.006613042865560335,0.8588897956175424,-0.01450745881186144,6.3616657619945425,0.0,0.2837301587301587,CVX,XOM
2020-02-26,74.47933197021484,40.15538024902344,2.050526017837353,0.61003074868916,0.007300672993548307,-0.7812576645283159,-0.006772684885958965,0.006772684885958965,-0.015110307608066531,0.00757306975789081,0.8751057924974177,-0.02961776641992797,6.07449513492758,0.0,0.35317460317460314,CVX,XOM
2020-02-27,71.50897216796875,37.73894500732422,2.050526017837353,0.61003074868916,0.004462792774568403,-0.9214193074363106,-0.7812576645283159,0.7812576645283159,-0.013326668772405625,0.008025959259118556,0.8770151627331517,-0.042944435192333597,6.095470751453642,0.0,0.3551587301587302,CVX,XOM
2020-02-28,70.90880584716797,38.966102600097656,2.050526017837353,0.61003074868916,-0.023486197538554965,-2.253881020279388,-0.9214193074363106,0.9214193074363106,-0.0028378802189799046,0.008041825772422588,0.8916509559520479,-0.0457823154113135,6.207642840259199,0.0,0.3472222222222222,CVX,XOM
2020-03-02,73.37777709960938,40.814414978027344,2.050526017837353,0.61003074868916,-0.017530489994930232,-1.7679762554830591,-2.253881020279388,2.253881020279388,-0.027948990313123367,0.010028971656206255,0.8435586041029173,-0.07373130572443687,7.734481096806806,1.0,0.5277777777777778,CVX,XOM
2020-03-03,71.70648956298828,38.86004638671875,2.050526017837353,0.61003074868916,-0.010636952518347176,-1.3443215069525796,-1.7679762554830591,1.7679762554830591,0.005955707543624733,0.009785423117816288,0.8619816443929841,-0.06777559818081214,7.79406914266892,2.0,0.47420634920634924,CVX,XOM
2020-03-04,74.85157775878906,39.70845413208008,2.050526017837353,0.61003074868916,0.01911385805113941,0.06693877565956793,-1.3443215069525796,1.3443215069525796,0.006893537476583056,0.009826309659993338,0.8601301205079925,-0.06088206070422908,7.467941845661341,3.0,0.47420634920634924,CVX,XOM
2020-03-05,73.8335952758789,37.958621978759766,2.050526017837353,0.61003074868916,0.032913043818661336,0.6920793752039608,0.06693877565956793,0.06693877565956793,0.029750810569486585,0.011519138140237145,0.8506249201675447,-0.031131250134742494,5.791900623441268,0.0,0.5555555555555556,CVX,XOM
2020-03-06,72.4129867553711,36.12545394897461,2.050526017837353,0.61003074868916,0.04368074049175519,1.1406305763196833,0.6920793752039608,0.6920793752039608,0.013799185767521926,0.011871306448443262,0.8379765365122965,-0.017332064367220568,5.746294437341576,0.0,0.5833333333333334,CVX,XOM
2020-03-09,61.28361129760742,31.709197998046875,2.050526017837353,0.61003074868916,-0.04364999501485922,-2.6591340505582646,1.1406305763196833,1.1406305763196833,0.010767696673093852,0.012073687930700282,0.8374220883373246,-0.006564367694126716,5.8914133922658385,1.0,0.5853174603174603,CVX,XOM
2020-03-10,64.557861328125,32.88332748413086,2.050526017837353,0.61003074868916,-0.013780642643807184,-1.3328954442034606,-2.6591340505582646,2.6591340505582646,-0.08733073550661441,0.022769432722252982,0.8892828130519357,-0.09389510320074113,4.108027623431607,2.0,0.503968253968254,CVX,XOM
2020-03-11,63.076473236083984,31.80009651184082,2.050526017837353,0.61003074868916,-0.016560828930499483,-1.3713314284537097,-1.3328954442034606,1.3328954442034606,0.029869352371052038,0.023605586636957842,0.8965691027384778,-0.06402575082968909,3.377129052816048,3.0,0.501984126984127,CVX,XOM
2020-03-12,57.93341827392578,28.164072036743164,2.050526017837353,0.61003074868916,-0.027543013962540552,-1.6860720837221936,-1.3713314284537097,1.3713314284537097,-0.002780186286692299,0.02350573455075034,0.8951440346639258,-0.06680593711638139,3.481669768882678,4.0,0.501984126984127,CVX,XOM
2020-03-13,63.37275314331055,28.87612533569336,2.050526017837353,0.61003074868916,0.04696534592249346,1.1184327379129149,-1.6860720837221936,1.6860720837221936,-0.01098218503204107,0.023560366347681924,0.9041831310496282,-0.07778812214842246,3.6707918865497478,5.0,0.5,CVX,XOM
2020-03-16,52.94990921020508,26.12638282775879,2.050526017837353,0.61003074868916,-0.07167683218026721,-2.824032149131471,1.1184327379129149,1.1184327379129149,0.07450835988503401,0.029056080821370466,0.879297809101015,-0.0032797622633884416,2.543578373517042,6.0,0.5158730158730158,CVX,XOM
2020-03-17,53.702003479003906,27.883785247802734,2.050526017837353,0.61003074868916,-0.09728570235607803,-2.970008988991144,-2.824032149131471,2.824032149131471,-0.11864217810276068,0.03894108101227781,0.875906443175887,-0.12192194036614912,1.984396861992354,7.0,0.5238095238095238,CVX,XOM
2020-03-18,41.8205451965332,25.088594436645508,2.050526017837353,0.61003074868916,-0.28290950831583883,-4.423231486154032,-2.970008988991144,2.970008988991144,-0.025608870175810816,0.039016011249832463,0.8580821832984997,-0.14753081054195993,2.77926754132509,8.0,0.5575396825396826,CVX,XOM
2020-03-19,43.598209381103516,26.080923080444336,2.050526017837353,0.61003074868916,-0.2649447349973282,-3.2121714852266554,-4.423231486154032,4.423231486154032,-0.1856238059597608,0.05497480479375283,0.8413969250369888,-0.33315461650172074,2.77926754132509,9.0,0.6071428571428571,CVX,XOM
2020-03-20,45.11756134033203,24.800739288330078,2.050526017837353,0.61003074868916,-0.19998600283785506,-2.126408671218341,-3.2121714852266554,3.2121714852266554,0.01796477331851065,0.055429379027235645,0.8439847134082086,-0.3151898431832101,2.77926754132509,10.0,0.5972222222222222,CVX,XOM
2020-03-23,41.19001770019531,23.82355308532715,2.050526017837353,0.61003074868916,-0.26653915098055747,-2.4767545955726993,-2.126408671218341,2.126408671218341,0.06495873215947312,0.058084437205491425,0.814175369590264,-0.25023111102373696,10.799826196470821,11.0,0.6726190476190477,CVX,XOM
2020-03-24,50.556907653808594,26.84600830078125,2.050526017837353,0.61003074868916,-0.1344990559608341,-1.0540410654315135,-2.4767545955726993,2.4767545955726993,-0.06655314814270241,0.05927029583114829,0.8130981084951041,-0.3167842591664394,189.75133806464913,12.0,0.6746031746031746,CVX,XOM
2020-03-25,52.623233795166016,28.247394561767578,2.050526017837353,0.61003074868916,-0.1254817674099673,-0.9022188860151743,-1.0540410654315135,1.0540410654315135,0.13204009501972336,0.06739101494008287,0.8484385280064535,-0.18474416414671602,6.40407635292252,13.0,0.5912698412698413,CVX,XOM
2020-03-26,58.024600982666016,29.406370162963867,2.050526017837353,0.61003074868916,-0.05230181724298655,-0.1374350116510485,-0.9022188860151743,0.9022188860151743,0.009017288550866809,0.06747456573588988,0.8485892607089649,-0.1757268755958492,6.530427496964776,0.0,0.5912698412698413,CVX,XOM
2020-03-27,52.250999450683594,27.98984146118164,2.050526017837353,0.61003074868916,-0.12699284872206285,-0.8375984281378772,-0.1374350116510485,0.1374350116510485,0.07317995016698076,0.06968645483295027,0.8515320146137424,-0.10254692542886845,5.470522993390382,0.0,0.5853174603174603,CVX,XOM
2020-03-30,54.65918731689453,28.40646743774414,2.050526017837353,0.61003074868916,-0.09094788550935817,-0.43194631361382796,-0.8375984281378772,0.8375984281378772,-0.0746910314790763,0.07125555191462021,0.852111260604731,-0.17723795690794475,6.066944481456859,0.0,0.5813492063492064,CVX,XOM
2020-03-31,55.04662322998047,28.762495040893555,2.050526017837353,0.61003074868916,-0.09148287627130891,-0.3950758087009554,-0.43194631361382796,0.43194631361382796,0.03604496321270467,0.0717903259978522,0.8533327835040808,-0.14119299369524008,5.711641290470423,0.0,0.5793650793650793,CVX,XOM
2020-04-01,52.083866119384766,28.429189682006836,2.050526017837353,0.61003074868916,-0.13969773517116613,-0.8372189650201669,-0.3950758087009554,0.3950758087009554,-0.0005349907619507377,0.07175391488363712,0.8530780038239203,-0.14172798445719081,5.847767332301965,0.0,0.5793650793650794,CVX,XOM
2020-04-02,57.82707214355469,30.603239059448242,2.050526017837353,0.61003074868916,-0.08004874168052645,-0.17162542620065785,-0.8372189650201669,0.8372189650201669,-0.048214858899857216,0.07192975565579228,0.8502001365511493,-0.18994284335704803,6.586021027238387,0.0,0.5972222222222222,CVX,XOM
2020-04-03,57.05979537963867,29.701801300048828,2.050526017837353,0.61003074868916,-0.07516722652550856,-0.07778246327428084,-0.17162542620065785,0.17162542620065785,0.05964899349063968,0.07330362123680233,0.8585915446934143,-0.13029384986640835,5.787324939739423,0.0,0.5575396825396826,CVX,XOM
2020-04-06,61.07091522216797,30.656261444091797,2.050526017837353,0.61003074868916,-0.02652605936113206,0.487768385649394,-0.07778246327428084,0.07778246327428084,0.00488151515501789,0.07324891805108381,0.8576751653392154,-0.12541233471139046,5.825714479622778,0.0,0.5634920634920635,CVX,XOM
2020-04-07,61.473541259765625,31.239545822143555,2.050526017837353,0.61003074868916,-0.03145270609015727,0.4586734455099809,0.487768385649394,0.487768385649394,0.0486411671643765,0.07167250734998308,0.8604016971532032,-0.07677116754701396,5.515545827031327,0.0,0.5416666666666666,CVX,XOM
2020-04-08,65.31753540039062,33.21662902832031,2.050526017837353,0.61003074868916,-0.008234076998339557,0.7314152053223095,0.4586734455099809,0.4586734455099809,-0.004926646729025208,0.07136879787445112,0.8593752475476686,-0.08169781427603917,5.536902061558935,0.0,0.5436507936507936,CVX,XOM
2020-04-09,64.04888153076172,32.67122268676758,2.050526017837353,0.61003074868916,-0.017748393897770498,0.6354693796723798,0.7314152053223095,0.7314152053223095,0.02321862909181771,0.07155893719635427,0.861446893277917,-0.05847918518422146,5.474240183872238,0.0,0.5396825396825397,CVX,XOM
2020-04-13,64.50468444824219,32.39094924926758,2.050526017837353,0.61003074868916,-0.005401323955619208,0.7666403892375381,0.6354693796723798,0.6354693796723798,-0.009514316899430941,0.07154796073341176,0.8615683462373201,-0.0679935020836524,5.48279520706217,0.0,0.5376984126984127,CVX,XOM
2020-04-14,64.27677917480469,32.14097213745117,2.050526017837353,0.61003074868916,-0.004214566558919497,0.7723810273451661,0.7666403892375381,0.7666403892375381,0.01234706994215129,0.06958837958632165,0.861278629149739,-0.05564643214150111,5.458274873408818,0.0,0.5337301587301587,CVX,XOM
2020-04-15,62.66625213623047,30.663843154907227,2.050526017837353,0.61003074868916,-0.000889583892179413,0.8042789112647807,0.7723810273451661,0.7723810273451661,0.0011867573966997114,0.06429846381474408,0.8613004088438116,-0.0544596747448014,5.444339529431325,0.0,0.5277777777777778,CVX,XOM
2020-04-16,60.76703643798828,29.656362533569336,2.050526017837353,0.61003074868916,-0.011285548998049233,0.7048648283128318,0.8042789112647807,0.8042789112647807,0.003324982666740084,0.0639546861215676,0.8599861925390692,-0.05113469207806132,5.445409818239487,0.0,0.5337301587301587,CVX,XOM
2020-04-17,66.22157287597656,32.739402770996094,2.050526017837353,0.61003074868916,0.014339605612163187,1.013640224411741,0.7048648283128318,0.7048648283128318,-0.01039596510586982,0.04702741121337207,0.8602979542042483,-0.06153065718393114,5.4378848381131535,0.0,0.5218253968253967,CVX,XOM
2020-04-20,63.48670959472656,31.19408416748047,2.050526017837353,0.61003074868916,0.0016594211583358387,0.899769535622168,1.013640224411741,1.013640224411741,0.02562515461021242,0.047092703891013395,0.8615404327054311,-0.03590550257371872,5.390792246289459,1.0,0.5138888888888888,CVX,XOM
2020-04-21,62.02052307128906,31.027442932128906,2.050526017837353,0.61003074868916,-0.018438250040041737,0.6501317099428449,0.899769535622168,0.899769535622168,-0.012680184453827348,0.04591434889220581,0.8620809989966939,-0.048585687027546065,5.356252309988438,0.0,0.5059523809523809,CVX,XOM
2020-04-22,64.14762878417969,31.913719177246094,2.050526017837353,0.61003074868916,-0.0018973260996837382,0.8361605440047949,0.6501317099428449,0.6501317099428449,-0.020097671198377576,0.04306534833387106,0.8613712244215483,-0.06868335822592364,5.342539560316088,0.0,0.5138888888888888,CVX,XOM
2020-04-23,65.94046020507812,32.91363525390625,2.050526017837353,0.61003074868916,0.006847685919695312,0.9224076614072345,0.8361605440047949,0.8361605440047949,0.016540923940358,0.0332641262688519,0.8624155552313921,-0.05214243428556564,5.331138008196086,0.0,0.498015873015873,CVX,XOM
2020-04-24,66.10001373291016,33.125728607177734,2.050526017837353,0.61003074868916,0.00534603617786944,0.8844002904057948,0.9224076614072345,0.9224076614072345,0.00874501201937905,0.033263202189652494,0.862564186425451,-0.04339742226618659,5.324073124756414,0.0,0.49603174603174605,CVX,XOM
2020-04-27,68.15116119384766,33.28480529785156,2.050526017837353,0.61003074868916,0.03298279444513108,1.215386145964818,0.8844002904057948,0.8844002904057948,-0.0015016497418258723,0.0295678479978034,0.8624083202542819,-0.044899072008012464,5.354576594104228,0.0,0.49801587301587297,CVX,XOM
2020-04-28,68.3031234741211,34.065040588378906,2.050526017837353,0.61003074868916,0.021075279659863444,1.023033063220068,1.215386145964818,1.215386145964818,0.02763675826726164,0.024038246981011924,0.8621211362541815,-0.017262313740750823,5.353625371111905,1.0,0.49603174603174605,CVX,XOM
2020-04-29,71.8812026977539,35.95123291015625,2.050526017837353,0.61003074868916,0.03925896811551555,1.1524917443188887,1.023033063220068,1.023033063220068,-0.011907514785267637,0.023506857230784856,0.8596780752389155,-0.02916982852601846,5.344540295541938,2.0,0.5158730158730159,CVX,XOM
2020-04-30,69.89083099365234,35.201297760009766,2.050526017837353,0.61003074868916,0.024038351405519798,0.958669665821861,1.1524917443188887,1.1524917443188887,0.018183688455652103,0.023616302664843613,0.8612147769356062,-0.010986140070366357,5.386830788535252,3.0,0.5119047619047619,CVX,XOM
2020-05-01,67.94606018066406,32.67879867553711,2.050526017837353,0.61003074868916,0.04117775711656391,1.1607111595714188,0.958669665821861,0.958669665821861,-0.015220616709995749,0.020707227937076085,0.8621646763886224,-0.026206756780362106,5.337834781375821,0.0,0.4821428571428571,CVX,XOM
2020-05-04,69.46540069580078,33.996864318847656,2.050526017837353,0.61003074868916,0.039170691318689776,1.0919545116297935,1.1607111595714188,1.1607111595714188,0.01713940571104411,0.017200617259686107,0.8562680309212088,-0.009067351069317997,5.367382132423304,1.0,0.5337301587301587,CVX,XOM
2020-05-05,70.56694793701172,33.95899200439453,2.050526017837353,0.61003074868916,0.05558371937034723,1.4428769987437653,1.0919545116297935,1.0919545116297935,-0.00200706579787413,0.017289533008261495,0.8550387672409375,-0.011074416867192127,5.3633479851217984,2.0,0.5376984126984127,CVX,XOM
2020-05-06,68.4094467163086,33.32267761230469,2.050526017837353,0.61003074868916,0.03607180841887514,1.0454463269131922,1.4428769987437653,1.4428769987437653,0.016413028051657452,0.014488858761592746,0.8548231405246355,0.0,5.401673518526726,3.0,0.5357142857142857,CVX,XOM
2020-05-07,70.37703704833984,33.512062072753906,2.050526017837353,0.61003074868916,0.060970711442194236,1.4461489244332075,1.0454463269131922,1.0454463269131922,-0.01951191095147209,0.015271061145899156,0.8555279357883956,-0.01951191095147209,5.2634395456605025,4.0,0.5337301587301587,CVX,XOM
2020-05-08,72.52693939208984,34.98161315917969,2.050526017837353,0.61003074868916,0.0648809697561088,1.4096952161366327,1.4461489244332075,1.4461489244332075,0.024898903023319097,0.015384195902168786,0.8552058479266323,0.0,5.3210398411489175,5.0,0.5357142857142857,CVX,XOM
2020-05-11,70.93159484863281,34.64832305908203,2.050526017837353,0.61003074868916,0.04847884015932413,1.0637986772865913,1.4096952161366327,1.4096952161366327,0.003910258313914561,0.015093578295764689,0.8548310750335708,0.0,5.385528895409608,6.0,0.5357142857142857,CVX,XOM
2020-05-12,69.2071304321289,34.06917190551758,2.050526017837353,0.61003074868916,0.03414970227123382,0.7210191007403232,1.0637986772865913,1.0637986772865913,-0.016402129596784665,0.015603090747029114,0.854633256285919,-0.016402129596784665,5.361441837315548,7.0,0.5436507936507936,CVX,XOM
2020-05-13,67.38388061523438,32.37805938720703,2.050526017837353,0.61003074868916,0.03850946494252527,0.7672459321241364,0.7210191007403232,0.7210191007403232,-0.014329137888090315,0.01603840292050122,0.854776084813241,-0.03073126748487498,5.3492102732585805,0.0,0.5436507936507936,CVX,XOM
2020-05-14,68.4094467163086,32.663780212402344,2.050526017837353,0.61003074868916,0.048254945602785426,1.048138372071437,0.7672459321241364,0.7672459321241364,0.004359762671291456,0.016044525529463855,0.8535961978806926,-0.026371504813583524,5.354642986290878,0.0,0.5535714285714286,CVX,XOM
2020-05-15,67.73332977294922,32.4321174621582,2.050526017837353,0.61003074868916,0.04266435834072668,0.8704118507981315,1.048138372071437,1.048138372071437,0.009745480660260153,0.015867884263060655,0.853863879807481,-0.01662602415332337,5.400948224429311,1.0,0.5496031746031746,CVX,XOM
2020-05-18,71.3408432006836,35.0112419128418,2.050526017837353,0.61003074868916,0.04787543279199147,1.0476556950725522,0.8704118507981315,0.8704118507981315,-0.005590587262058744,0.015079025301497526,0.8538368758899088,-0.022216611415382115,5.389430465268726,0.0,0.5416666666666666,CVX,XOM
2020-05-19,69.08231353759766,33.93017578125,2.050526017837353,0.61003074868916,0.034838454543133945,0.5192495384837695,1.0476556950725522,1.0476556950725522,0.0052110744512647855,0.014743179599917031,0.8524726849969202,-0.01700553696411733,5.413936208114182,1.0,0.5515873015873016,CVX,XOM
2020-05-20,71.6877212524414,35.03440856933594,2.050526017837353,0.61003074868916,0.052322395756276396,1.1409993944687802,0.5192495384837695,0.5192495384837695,-0.013036978248857523,0.014279616473447814,0.8524705515338341,-0.030042515212974852,5.382093650103516,0.0,0.5496031746031746,CVX,XOM
2020-05-21,70.94770812988281,34.408935546875,2.050526017837353,0.61003074868916,0.05293535024985019,1.0934357553097682,1.1409993944687802,1.1409993944687802,0.01748394121314245,0.014326839181714892,0.8525599712923816,-0.0125585739998324,5.433489710208428,1.0,0.5476190476190477,CVX,XOM
2020-05-22,69.591064453125,34.43982696533203,2.050526017837353,0.61003074868916,0.03308100104630629,0.22752840301192453,1.0934357553097682,1.0934357553097682,0.0006129544935737918,0.014265083540770033,0.8521098551139217,-0.011945619506258609,5.46418957395425,2.0,0.5515873015873016,CVX,XOM
2020-05-26,71.9189682006836,35.45140075683594,2.050526017837353,0.61003074868916,0.04832502227715718,0.8288824112744471,0.22752840301192453,0.22752840301192453,-0.019854349203543897,0.015049143871346768,0.852083073002949,-0.031799968709802506,5.406076570214332,0.0,0.5615079365079365,CVX,XOM
2020-05-27,72.38148498535156,35.70622634887695,2.050526017837353,0.61003074868916,0.0503662805660996,0.8618805127180086,0.8288824112744471,0.8288824112744471,0.01524402123085089,0.01418593778543322,0.8573499926243969,-0.016555947478951616,5.462846156927336,0.0,0.498015873015873,CVX,XOM
2020-05-28,70.04583740234375,34.77959060668945,2.050526017837353,0.61003074868916,0.03360595177243875,0.04885154255022241,0.8618805127180086,0.8618805127180086,0.002041258288942416,0.01388536190583897,0.8576937312730607,-0.0145146891900092,5.488724805307576,0.0,0.4920634920634921,CVX,XOM
2020-05-29,70.68562316894531,35.11163330078125,2.050526017837353,0.61003074868916,0.03690193410934306,0.13948245259896336,0.04885154255022241,0.04885154255022241,-0.01676032879366085,0.013870162053050396,0.8601718384623949,-0.03127501798367005,5.4420219926408375,0.0,0.47023809523809523,CVX,XOM
2020-06-01,71.52584075927734,35.73710632324219,2.050526017837353,0.61003074868916,0.03794719215282427,0.15544714896540546,0.13948245259896336,0.13948245259896336,0.003295982336904313,0.013453899947190064,0.8596834853640654,-0.027979035646765738,5.4517816770804215,0.0,0.4742063492063492,CVX,XOM
2020-06-02,72.99042510986328,36.532474517822266,2.050526017837353,0.61003074868916,0.04478864936215077,0.46022460946699484,0.15544714896540546,0.15544714896540546,0.001045258043481212,0.012913623760450367,0.8625879594379335,-0.026933777603284526,5.478784307117318,0.0,0.43452380952380953,CVX,XOM
2020-06-03,74.9098129272461,38.02280044555664,2.050526017837353,0.61003074868916,0.04635355354395232,0.513309254062193,0.46022460946699484,0.46022460946699484,0.006841457209326496,0.012994142047533875,0.8657802271111563,-0.02009232039395803,5.49894273481016,0.0,0.4226190476190476,CVX,XOM
2020-06-04,74.21607208251953,37.91469192504883,2.050526017837353,0.61003074868916,0.03878633297443734,-0.08593996683093984,0.513309254062193,0.513309254062193,0.0015649041818015519,0.012464618447576422,0.848503755118834,-0.018527416212156478,5.550235601775251,0.0,0.5674603174603174,CVX,XOM
2020-06-05,77.70795440673828,40.988014221191406,2.050526017837353,0.61003074868916,0.037216819513320676,-0.3177924837802698,-0.08593996683093984,0.08593996683093984,-0.007567220569514976,0.01180629871069626,0.8471085970510988,-0.026094636781671454,5.528510673574114,0.0,0.5654761904761905,CVX,XOM
2020-06-08,79.5810775756836,42.26985549926758,2.050526017837353,0.61003074868916,0.042249942887474745,0.009110025646319598,-0.3177924837802698,0.3177924837802698,-0.0015695134611166672,0.0103499706491213,0.8439198203650541,-0.02766415024278812,5.5279920856973135,0.0,0.5714285714285714,CVX,XOM
2020-06-09,78.2629623413086,41.32779312133789,2.050526017837353,0.61003074868916,0.03929752781271034,-0.3233851045016845,0.009110025646319598,0.009110025646319598,0.005033123374154069,0.010380472676625459,0.8474684930328058,-0.022631026868634052,5.540096295523558,0.0,0.5615079365079365,CVX,XOM
2020-06-10,75.21815490722656,39.11159133911133,2.050526017837353,0.61003074868916,0.03323835323178059,-1.0807243890744316,-0.3233851045016845,0.3233851045016845,-0.002952415074764403,0.009788167610190043,0.8521290566804475,-0.025583441943398455,5.547364210768294,0.0,0.5158730158730158,CVX,XOM
2020-06-11,68.88957214355469,35.659889221191406,2.050526017837353,0.61003074868916,0.0017127357992117176,-3.4633678053122017,-1.0807243890744316,1.0807243890744316,-0.006059174580929749,0.009358758476038549,0.8344640449143002,-0.031642616524328204,5.539802291268434,1.0,0.5555555555555556,CVX,XOM
2020-06-12,71.2175064086914,36.424354553222656,2.050526017837353,0.61003074868916,0.022007142495538368,-1.6762941491087673,-3.4633678053122017,3.4633678053122017,-0.031525617432568875,0.011530233718972131,0.8508463895804722,-0.06316823395689708,5.455426761580921,2.0,0.5515873015873016,CVX,XOM
2020-06-15,70.3233413696289,36.40119552612305,2.050526017837353,0.61003074868916,0.009760234636989829,-2.3715450303850103,-1.6762941491087673,1.6762941491087673,0.02029440669632665,0.012265942580012594,0.8537797556491282,-0.04287382726057043,5.430086189363473,3.0,0.5277777777777778,CVX,XOM
2020-06-16,72.48168182373047,37.219722747802734,2.050526017837353,0.61003074868916,0.026424965219042917,-1.0300815488822737,-2.3715450303850103,2.3715450303850103,-0.01224690785854854,0.012466178893804436,0.8521693961419402,-0.05512073511911897,5.394340703833134,4.0,0.5476190476190476,CVX,XOM
2020-06-17,70.56231689453125,36.00736999511719,2.050526017837353,0.61003074868916,0.019788614174824026,-1.4268805949511094,-1.0300815488822737,1.0300815488822737,0.01666473058205309,0.013018829080533952,0.8811021640524981,-0.03845600453706588,5.384827867713352,5.0,0.39880952380952384,CVX,XOM
2020-06-18,70.87065887451172,36.23130416870117,2.050526017837353,0.61003074868916,0.020366770720891214,-1.3050405420703288,-1.4268805949511094,1.4268805949511094,-0.006636351044218891,0.012797573615891757,0.883514907377885,-0.04509235558128477,5.357495132034888,6.0,0.39087301587301587,CVX,XOM
2020-06-19,69.86084747314453,35.50544738769531,2.050526017837353,0.61003074868916,0.018361048647093092,-1.3696583999824223,-1.3050405420703288,1.3050405420703288,0.0005781565460671878,0.012104690536969522,0.8769415871143286,-0.04451419903521758,5.346073835935389,7.0,0.39880952380952384,CVX,XOM
2020-06-22,70.60084533691406,35.84521484375,2.050526017837353,0.61003074868916,0.02308789478788764,-0.9766230253949677,-1.3696583999824223,1.3696583999824223,-0.002005722073798122,0.012094227651541674,0.8760896408463205,-0.046519921109015705,5.3301959699658905,8.0,0.39880952380952384,CVX,XOM
2020-06-23,70.48521423339844,36.06142807006836,2.050526017837353,0.61003074868916,0.01778017191061343,-1.2999497158768536,-0.9766230253949677,0.9766230253949677,0.0047268461407945495,0.011420006019744699,0.8868966744115585,-0.041793074968221156,5.313694203611838,0.0,0.36904761904761907,CVX,XOM
2020-06-24,67.5560302734375,34.36260223388672,2.050526017837353,0.61003074868916,0.0047715712129678955,-2.067413012104957,-1.2999497158768536,1.2999497158768536,-0.0053077228772742124,0.010868454819141232,0.8969323101427709,-0.04710079784549537,5.296783260843979,1.0,0.35912698412698413,CVX,XOM
2020-06-25,68.7662582397461,34.87996292114258,2.050526017837353,0.61003074868916,0.013411310624496853,-1.3436585369590908,-2.067413012104957,2.067413012104957,-0.013008600697645534,0.01111356980895156,0.9051590381153433,-0.0601093985431409,5.258195162250301,2.0,0.35714285714285715,CVX,XOM
2020-06-26,66.64644622802734,33.68307876586914,2.050526017837353,0.61003074868916,0.00340024998625843,-1.8589753310447905,-1.3436585369590908,1.3436585369590908,0.008639739411528957,0.010834015537397532,0.9054421299377349,-0.051469659131611945,5.2696231791349195,3.0,0.35317460317460314,CVX,XOM
2020-06-29,67.57917022705078,34.223609924316406,2.050526017837353,0.61003074868916,0.007586542188048551,-1.4589031151381036,-1.8589753310447905,1.8589753310447905,-0.010011060638238423,0.010957072427042918,0.9191644254098309,-0.06148071976985037,5.269773906638703,4.0,0.3551587301587302,CVX,XOM
2020-06-30,68.78166198730469,34.5324821472168,2.050526017837353,0.61003074868916,0.019743002407005328,-0.6155175835531244,-1.4589031151381036,1.4589031151381036,0.0041862922017901205,0.011017283898698799,0.9208826782815868,-0.05729442756806025,5.267937425365822,5.0,0.3551587301587302,CVX,XOM
2020-07-01,67.54063415527344,33.75258255004883,2.050526017837353,0.61003074868916,0.015470450037657901,-0.8477942974886473,-0.6155175835531244,0.6155175835531244,0.012156460218956777,0.011276766181274402,0.9209335644165317,-0.04513796734910347,5.282704992786077,0.0,0.35714285714285715,CVX,XOM
2020-07-02,68.07249450683594,34.03828048706055,2.050526017837353,0.61003074868916,0.018172418938734225,-0.6184700194810052,-0.8477942974886473,0.8477942974886473,-0.0042725523693474265,0.011275617070152618,0.9318777422295176,-0.049410519718450896,5.281927429922613,0.0,0.3551587301587302,CVX,XOM
2020-07-06,68.27291870117188,34.27766036987305,2.050526017837353,0.61003074868916,0.016837241054620478,-0.6587205532490967,-0.6184700194810052,0.6184700194810052,0.0027019689010763237,0.011223346752561137,0.9326616951412366,-0.04670855081737457,5.290691392997579,0.0,0.35317460317460314,CVX,XOM
2020-07-07,66.53082275390625,33.38964080810547,2.050526017837353,0.61003074868916,0.00700157372238408,-1.2702431479648653,-0.6587205532490967,0.6587205532490967,-0.0013351778841137474,0.011222900440010918,0.9291921212086095,-0.04804372870148832,5.28912772969441,0.0,0.3551587301587301,CVX,XOM
2020-07-08,66.5616683959961,33.31242370605469,2.050526017837353,0.61003074868916,0.008877490521679299,-1.075787329936975,-1.2702431479648653,1.2702431479648653,-0.009835667332236397,0.011289645457601184,0.9297737216767498,-0.05787939603372472,5.2769660784088215,1.0,0.3611111111111111,CVX,XOM
2020-07-09,63.77894973754883,31.93791389465332,2.050526017837353,0.61003074868916,-0.008123565180346848,-2.120679822093027,-1.075787329936975,1.075787329936975,0.0018759167992952186,0.011313217144630926,0.9315637017885636,-0.0560034792344295,5.267825650085806,2.0,0.3611111111111111,CVX,XOM
2020-07-10,65.6983413696289,32.934051513671875,2.050526017837353,0.61003074868916,0.002790865310329238,-1.256696923051377,-2.120679822093027,2.120679822093027,-0.017001055702026147,0.011774609251086518,0.9331674280633772,-0.07300453493645565,5.266711501582738,3.0,0.3630952380952381,CVX,XOM
2020-07-13,65.8293685913086,32.94176483154297,2.050526017837353,0.61003074868916,0.004640400091420638,-1.0557767915727678,-1.256696923051377,1.256696923051377,0.010914430490676086,0.009958842792516085,0.9347199317397742,-0.06209010444577956,5.269797280767852,4.0,0.3214285714285714,CVX,XOM
2020-07-14,68.10333251953125,34.03056335449219,2.050526017837353,0.61003074868916,0.018763654963541043,-0.027849244423634373,-1.0557767915727678,1.0557767915727678,0.0018495347810913998,0.008832063071975703,0.9335480053369554,-0.06024056966468816,5.270378768031814,5.0,0.2738095238095238,CVX,XOM
2020-07-15,68.51959991455078,34.46299362182617,2.050526017837353,0.61003074868916,0.017154448971345992,-0.08209531369156958,-0.027849244423634373,0.027849244423634373,0.014123254872120405,0.009001703856609465,0.9244756283805801,-0.046117314792567754,5.275948732030537,0.0,0.29365079365079366,CVX,XOM
2020-07-16,68.11103057861328,34.192718505859375,2.050526017837353,0.61003074868916,0.01597679918046291,-0.10320435053854901,-0.08209531369156958,0.08209531369156958,-0.0016092059921950508,0.008201358729804292,0.9213150042413876,-0.047726520784762805,5.280723333003493,0.0,0.251984126984127,CVX,XOM
2020-07-17,67.20916748046875,33.60586166381836,2.050526017837353,0.61003074868916,0.013208260113438897,-0.27796092523532495,-0.10320435053854901,0.10320435053854901,-0.001177649790883084,0.008081342806254362,0.9246770131604011,-0.04890417057564589,5.2821609339890285,0.0,0.248015873015873,CVX,XOM
2020-07-20,65.72916412353516,32.8182258605957,2.050526017837353,0.61003074868916,0.005409107553082659,-0.9132532599614585,-0.27796092523532495,0.27796092523532495,-0.0027685390670240118,0.008098323461030597,0.9246865817649499,-0.0516727096426699,5.280474325042663,0.0,0.248015873015873,CVX,XOM
2020-07-21,70.44668579101562,34.47844696044922,2.050526017837353,0.61003074868916,0.044617329489265334,2.6481068347266272,-0.9132532599614585,0.9132532599614585,-0.007799152560356237,0.008254196787127977,0.92425131333912,-0.05947186220302614,5.274125108550749,0.0,0.2579365079365079,CVX,XOM
2020-07-22,70.1769027709961,33.67535400390625,2.050526017837353,0.61003074868916,0.055157679637327206,3.149632414666319,2.6481068347266272,2.6481068347266272,0.039208221936182674,0.01196408938437853,0.922468630102643,-0.020263640266843463,5.289865544166056,1.0,0.39087301587301587,CVX,XOM
2020-07-23,70.15376281738281,33.74484634399414,2.050526017837353,0.61003074868916,0.05357032763399916,2.6683689789359595,3.149632414666319,3.149632414666319,0.010540350148061872,0.012039596502343434,0.9262363455283569,-0.009723290118781591,5.360722201856925,2.0,0.3829365079365079,CVX,XOM
2020-07-24,69.47542572021484,33.536354064941406,2.050526017837353,0.61003074868916,0.04763474837397297,2.0153170955716746,2.6683689789359595,2.6683689789359595,-0.0015873520033280464,0.01158257666894021,0.9293917809796455,-0.011310642122109638,5.386124710607332,3.0,0.37103174603174605,CVX,XOM
2020-07-27,70.1769027709961,34.03056335449219,2.050526017837353,0.61003074868916,0.04875674386596085,1.9023999920973256,2.0153170955716746,2.0153170955716746,-0.005935579260026191,0.011628007990908915,0.9255980059712956,-0.01724622138213583,5.3870982356552375,4.0,0.376984126984127,CVX,XOM
2020-07-28,68.68915557861328,33.6290168762207,2.050526017837353,0.61003074868916,0.03456975548686758,0.9334943413774199,1.9023999920973256,1.9023999920973256,0.0011219954919878816,0.011315808727684968,0.9259766925519516,-0.016124225890147947,5.407627430917982,5.0,0.36706349206349204,CVX,XOM
2020-07-29,69.42916870117188,33.99967575073242,2.050526017837353,0.61003074868916,0.038598526417418455,1.1401647755481588,0.9334943413774199,0.9334943413774199,-0.014186988379093268,0.011855699108355608,0.9368520337089744,-0.030311214269241216,5.368975661625351,0.0,0.3611111111111111,CVX,XOM
2020-07-30,66.50000762939453,32.33173751831055,2.050526017837353,0.61003074868916,0.026179067148506707,0.3545942981304896,1.1401647755481588,1.1401647755481588,0.004028770930550873,0.011615144527349127,0.9378833822674937,-0.026282443338690342,5.389640993214074,1.0,0.35317460317460314,CVX,XOM
2020-07-31,64.70396423339844,32.493896484375,2.050526017837353,0.61003074868916,-0.004252470449491064,-1.428022353276139,0.3545942981304896,0.3545942981304896,-0.012419459268911748,0.011929506963557912,0.9433005312262303,-0.03870190260760209,5.341118773256849,0.0,0.3630952380952381,CVX,XOM
2020-08-03,65.37457275390625,32.62516784667969,2.050526017837353,0.61003074868916,0.0035989611315332404,-0.915862668642613,-1.428022353276139,1.428022353276139,-0.03043153759799777,0.01368508405769788,0.9341463778536874,-0.06913344020559986,5.256995889410199,1.0,0.39682539682539686,CVX,XOM
2020-08-04,66.66957092285156,33.567237854003906,2.050526017837353,0.61003074868916,0.005848764139565699,-0.7430040310033859,-0.915862668642613,0.915862668642613,0.007851431581024304,0.01382366444118928,0.9393000631115238,-0.06128200862457556,5.235805657147856,0.0,0.39087301587301587,CVX,XOM
2020-08-05,67.21688842773438,33.86068344116211,2.050526017837353,0.61003074868916,0.008714927192922328,-0.5550261117280818,-0.7430040310033859,0.7430040310033859,0.0022498030080324583,0.013672767436817496,0.9387324915303478,-0.04930891549776151,5.218698647329849,0.0,0.3888888888888889,CVX,XOM
2020-08-06,67.42499542236328,33.698516845703125,2.050526017837353,0.61003074868916,0.014734792417130826,-0.22684310019372594,-0.5550261117280818,0.5550261117280818,0.0028661630533566296,0.013681469843535462,0.9403542656362006,-0.04644275244440488,5.2017507160716825,0.0,0.3869047619047619,CVX,XOM
2020-08-07,66.90853881835938,33.5440788269043,2.050526017837353,0.61003074868916,0.009847741360923923,-0.5051406628356738,-0.22684310019372594,0.22684310019372594,0.006019865224208498,0.013161936255096986,0.9400572995214318,-0.04042288722019638,5.158455901541574,0.0,0.3829365079365079,CVX,XOM
2020-08-10,69.16709899902344,34.37032699584961,2.050526017837353,0.61003074868916,0.028202420735201628,0.5248314322259678,-0.5051406628356738,0.5051406628356738,-0.004887051056206904,0.013025216016208594,0.9426702067860896,-0.04530993827640328,5.128458777183681,0.0,0.37896825396825395,CVX,XOM
2020-08-11,69.08231353759766,34.72553253173828,2.050526017837353,0.61003074868916,0.020703758599839972,0.05694359348839987,0.5248314322259678,0.5248314322259678,0.018354679374277705,0.013603914979782071,0.9426776590681961,-0.02695525890212558,5.129986512710403,0.0,0.3829365079365079,CVX,XOM
2020-08-12,69.93021392822266,34.717655181884766,2.050526017837353,0.61003074868916,0.033041214832595145,0.7571380141071845,0.05694359348839987,0.05694359348839987,-0.007498662135361656,0.013389667475174902,0.9415624262198357,-0.034453921037487234,5.097701099403715,0.0,0.3829365079365079,CVX,XOM
2020-08-13,69.23646545410156,33.867244720458984,2.050526017837353,0.61003074868916,0.03819988069652114,1.0000820804541823,0.7571380141071845,0.7571380141071845,0.012337456232755173,0.01364341584412503,0.9385219449258435,-0.02211646480473206,5.139831711177654,0.0,0.3968253968253968,CVX,XOM
2020-08-14,69.6449966430664,34.01685333251953,2.050526017837353,0.61003074868916,0.04139418418695495,1.11611681580801,1.0000820804541823,1.0000820804541823,0.005158665863925993,0.013667492621642687,0.935407570651429,-0.016957798940806068,5.1959447167356885,1.0,0.4027777777777778,CVX,XOM
2020-08-17,69.96875762939453,33.575897216796875,2.050526017837353,0.61003074868916,0.05399159645961049,1.6754148882724393,1.11611681580801,1.11611681580801,0.003194303490433814,0.013644626798278641,0.9341426438995228,-0.013763495450372254,5.240143976081977,2.0,0.40674603174603174,CVX,XOM
2020-08-18,68.52215576171875,33.41053771972656,2.050526017837353,0.61003074868916,0.036111699721069535,0.6612115225812241,1.6754148882724393,1.6754148882724393,0.01259741227265554,0.013680449972442188,0.9308847683430046,-0.0011660831777167147,5.303112371286929,3.0,0.4226190476190476,CVX,XOM
2020-08-19,67.55252838134766,33.04043960571289,2.050526017837353,0.61003074868916,0.028655250130858345,0.22306869710888647,0.6612115225812241,0.6612115225812241,-0.017879896738540957,0.011488898758113774,0.9327791491863491,-0.01904597991625767,5.261513178626765,0.0,0.35317460317460314,CVX,XOM
2020-08-20,66.31707000732422,32.53648376464844,2.050526017837353,0.61003074868916,0.019573391696429798,-0.34497631354877584,0.22306869710888647,0.22306869710888647,-0.007456449590211189,0.011297995178640743,0.9315740606187561,-0.02650242950646886,5.256621289904451,0.0,0.3511904761904762,CVX,XOM
2020-08-21,66.52820587158203,32.29238510131836,2.050526017837353,0.61003074868916,0.027345959127075048,0.06076057616184079,-0.34497631354877584,0.34497631354877584,-0.009081858434428547,0.01142406171902627,0.9316597678872655,-0.03558428794089741,5.249869892172758,0.0,0.35714285714285715,CVX,XOM
2020-08-24,68.18590545654297,33.24516677856445,2.050526017837353,0.61003074868916,0.03421938831232163,0.42469304887285425,0.06076057616184079,0.06076057616184079,0.00777256743064525,0.011559786461514353,0.9299116412802454,-0.027811720510252158,5.293506357848238,0.0,0.37103174603174605,CVX,XOM
2020-08-25,67.34923553466797,32.19001770019531,2.050526017837353,0.61003074868916,0.04154838437740205,0.8231396938296732,0.42469304887285425,0.42469304887285425,0.006873429185246582,0.011680268465937277,0.9309592437426767,-0.020938291325005576,5.292046092728691,0.0,0.375,CVX,XOM
2020-08-26,66.29361724853516,31.504955291748047,2.050526017837353,0.61003074868916,0.03887316149930964,0.6161474757968712,0.8231396938296732,0.8231396938296732,0.0073289960650804176,0.011377936203560531,0.9279118166316611,-0.013609295259925158,5.284796211624624,0.0,0.3670634920634921,CVX,XOM
2020-08-27,66.395263671875,31.2923526763916,2.050526017837353,0.61003074868916,0.04453584263279575,0.9011802070981824,0.6161474757968712,0.6161474757968712,-0.0026752228780924092,0.01136333084777669,0.9273576159962055,-0.016284518138017567,5.597896029267873,0.0,0.3670634920634921,CVX,XOM
2020-08-28,66.95826721191406,32.0404052734375,2.050526017837353,0.61003074868916,0.03856828404062185,0.4925367509440611,0.9011802070981824,0.9011802070981824,0.005662681133486114,0.011053243775291552,0.9263062610133811,-0.010621837004531454,5.7364548311091985,0.0,0.3492063492063492,CVX,XOM
2020-08-31,65.62895965576172,31.449844360351562,2.050526017837353,0.61003074868916,0.029864644323510436,-0.09997164403768095,0.4925367509440611,0.4925367509440611,-0.005967558592173905,0.008597048748399096,0.9249652166733368,-0.01658939559670536,5.7221282191221245,0.0,0.27380952380952384,CVX,XOM
2020-09-01,64.96430969238281,31.048248291015625,2.050526017837353,0.61003074868916,0.027525522642761313,-0.21673342329027181,-0.09997164403768095,0.09997164403768095,-0.008703639717111411,0.008801931194853896,0.9284465438748097,-0.02529303531381677,5.678585488035753,0.0,0.2698412698412698,CVX,XOM
2020-09-02,65.05030059814453,30.859268188476562,2.050526017837353,0.61003074868916,0.03257270647771149,0.16955409015437314,-0.21673342329027181,0.21673342329027181,-0.0023391216807491233,0.008834279666611234,0.9274108805773204,-0.027632156994565893,5.9018487872824865,0.0,0.2757936507936508,CVX,XOM
2020-09-03,64.33873748779297,30.79627227783203,2.050526017837353,0.61003074868916,0.022820365254569097,-0.44546518025614873,0.16955409015437314,0.16955409015437314,0.005047183834950175,0.008869000873586544,0.9266599985450339,-0.022584973159615718,6.486320849417865,0.0,0.27976190476190477,CVX,XOM
2020-09-04,64.0650405883789,30.772653579711914,2.050526017837353,0.61003074868916,0.019025325275017657,-0.6635678532656747,-0.44546518025614873,0.44546518025614873,-0.009752341223142391,0.009102867046000272,0.9233732123497237,-0.03233731438275811,6.141864363923532,0.0,0.3115079365079365,CVX,XOM
2020-09-08,61.75049591064453,30.063962936401367,2.050526017837353,0.61003074868916,-0.0035582572771089005,-2.096747906273549,-0.6635678532656747,0.6635678532656747,-0.00379503997955144,0.009074194872395124,0.899818732130085,-0.03613235436230955,4.420035711671589,0.0,0.3253968253968254,CVX,XOM
2020-09-09,62.57933044433594,29.88286018371582,2.050526017837353,0.61003074868916,0.01346066148927516,-0.8492079707189579,-2.096747906273549,2.096747906273549,-0.022583582552126558,0.009417320655407107,0.8977233618603948,-0.058715936914436107,3.8455424011918096,1.0,0.34325396825396826,CVX,XOM
2020-09-10,61.10928726196289,29.13479995727539,2.050526017837353,0.61003074868916,0.005154821222762784,-1.326648255195728,-0.8492079707189579,0.8492079707189579,0.01701891876638406,0.010136434627851278,0.8947702890804508,-0.041697018148052045,4.109509262768713,0.0,0.38690476190476186,CVX,XOM
2020-09-11,60.74958801269531,29.056058883666992,2.050526017837353,0.61003074868916,0.0009021956870589598,-1.4986022010697317,-1.326648255195728,1.326648255195728,-0.008305840266512377,0.009837329085913633,0.8938907704405233,-0.05000285841456442,2.7403703405762556,1.0,0.37103174603174605,CVX,XOM
2020-09-14,60.436798095703125,28.86707878112793,2.050526017837353,0.61003074868916,-0.00027935708665438597,-1.6090915445944425,-1.4986022010697317,1.4986022010697317,-0.0042526255357038245,0.00973719811705966,0.8909299051388383,-0.054255483950268246,4.286670218043371,2.0,0.3611111111111111,CVX,XOM
2020-09-15,59.7017822265625,28.55998420715332,2.050526017837353,0.61003074868916,-0.005991231196920133,-1.902636535075475,-1.6090915445944425,1.6090915445944425,-0.0011815527737133458,0.009669991465416522,0.8908220902913149,-0.05543703672398159,3.9296249024019634,3.0,0.3611111111111111,CVX,XOM
2020-09-16,61.42988586425781,29.772619247436523,2.050526017837353,0.61003074868916,-0.0028232929651608174,-1.637300443333533,-1.902636535075475,1.902636535075475,-0.005711874110265747,0.009085820354099421,0.8905953443464927,-0.06114891083424734,5.426278004081147,4.0,0.33531746031746035,CVX,XOM
2020-09-17,61.60973358154297,29.76473617553711,2.050526017837353,0.61003074868916,0.000261663409957702,-1.3971045819863896,-1.637300443333533,1.637300443333533,0.003167938231759315,0.008501435329720843,0.8923969453482297,-0.05798097260248802,4.073134361901463,5.0,0.2857142857142857,CVX,XOM
2020-09-18,61.15617370605469,29.2844181060791,2.050526017837353,0.61003074868916,0.0027970619215111903,-1.1915865746667393,-1.3971045819863896,1.3971045819863896,0.0030849563751185194,0.008470222143142156,0.8936176240125293,-0.054896016227369504,4.418067094137928,6.0,0.28174603174603174,CVX,XOM
2020-09-21,59.66267395019531,28.68596076965332,2.050526017837353,0.61003074868916,-0.009331402169377334,-1.7950914407853669,-1.1915865746667393,1.1915865746667393,0.0025353985115534883,0.008321895464318585,0.8848559799311041,-0.052360617715816016,3.9388925264129386,7.0,0.28968253968253965,CVX,XOM
2020-09-22,59.060585021972656,27.977285385131836,2.050526017837353,0.61003074868916,-0.004214368250381462,-1.3931627423938433,-1.7950914407853669,1.7950914407853669,-0.012128464090888524,0.008421925372423119,0.8846860833068745,-0.06448908180670454,2.7188779612874545,8.0,0.29365079365079366,CVX,XOM
2020-09-23,56.261199951171875,27.079622268676758,2.050526017837353,0.61003074868916,-0.032879034065172785,-2.54528603833188,-1.3931627423938433,1.3931627423938433,0.0051170339189958725,0.00833942535893304,0.8772803717320302,-0.05937204788770867,3.2799943968889687,9.0,0.29761904761904767,CVX,XOM
2020-09-24,56.1439208984375,27.024497985839844,2.050526017837353,0.61003074868916,-0.0337226887881763,-2.265999512517102,-2.54528603833188,2.54528603833188,-0.028664665814791324,0.009888768479114981,0.8777662095863332,-0.08803671370249999,3.070765221754441,10.0,0.39880952380952384,CVX,XOM
2020-09-25,56.16737365722656,27.276477813720703,2.050526017837353,0.61003074868916,-0.03896669981543477,-2.2107732007478704,-2.265999512517102,2.265999512517102,-0.0008436547230035174,0.00990649769940944,0.8773977387205978,-0.08888036842550351,4.2641988745677475,11.0,0.4027777777777778,CVX,XOM
2020-09-28,57.80946731567383,27.80405044555664,2.050526017837353,0.61003074868916,-0.02183654899580878,-1.394329921694571,-2.2107732007478704,2.2107732007478704,-0.005244011027258466,0.009677504253640981,0.8747876277272991,-0.09412437945276197,4.352037592022809,12.0,0.3948412698412699,CVX,XOM
2020-09-29,56.222103118896484,26.993005752563477,2.050526017837353,0.61003074868916,-0.03161982863317725,-1.6825297251221878,-1.394329921694571,1.394329921694571,0.01713015081962599,0.010717062611076937,0.876619886435338,-0.07699422863313599,4.526260831784254,13.0,0.4305555555555556,CVX,XOM
2020-09-30,56.3003044128418,27.03237533569336,2.050526017837353,0.61003074868916,-0.031118948090914422,-1.5370599046986129,-1.6825297251221878,1.6825297251221878,-0.00978327963736847,0.010748227780202659,0.8799150702668879,-0.08677750827050446,4.689267268406774,14.0,0.41865079365079366,CVX,XOM
2020-10-01,55.0648307800293,26.087465286254883,2.050526017837353,0.61003074868916,-0.0316025852436026,-1.4407885752956724,-1.5370599046986129,1.5370599046986129,0.0005008805422628271,0.010775726710387346,0.8774625344705019,-0.08627662772824163,5.08417020140576,15.0,0.42460317460317465,CVX,XOM
2020-10-02,55.66692352294922,25.96934700012207,2.050526017837353,0.61003074868916,-0.017959323228597723,-0.8491904843157663,-1.4407885752956724,1.4407885752956724,-0.00048363715268817664,0.010637482918850312,0.8774345975459922,-0.0867602648809298,5.3040076842109345,16.0,0.4206349206349206,CVX,XOM
2020-10-05,56.8476448059082,26.567794799804688,2.050526017837353,0.61003074868916,-0.010868927064286549,-0.5277946560995396,-0.8491904843157663,0.8491904843157663,0.013643262015004876,0.011128624240647847,0.8655623121953543,-0.07311700286592493,5.0719649400739915,0.0,0.4603174603174603,CVX,XOM
2020-10-06,56.53489303588867,26.292186737060547,2.050526017837353,0.61003074868916,-0.010024326083815982,-0.4470253688583483,-0.5277946560995396,0.5277946560995396,0.007090396164311175,0.011294385270133317,0.862673261339463,-0.06602660670161375,4.862186474779472,0.0,0.4722222222222222,CVX,XOM
2020-10-07,57.69217300415039,26.378807067871094,2.050526017837353,0.61003074868916,0.008232705312394062,0.3515996666251482,-0.4470253688583483,0.4470253688583483,0.0008446009804705668,0.01020918884237928,0.8624225742918096,-0.06518200572114319,5.346801951798829,0.0,0.44047619047619047,CVX,XOM
2020-10-08,58.81818771362305,27.76467514038086,2.050526017837353,0.61003074868916,-0.0036734632266961498,-0.09700060990534307,0.3515996666251482,0.3515996666251482,0.018257031396210044,0.010317340407813284,0.850513928139044,-0.046924974324933144,5.018932011251478,0.0,0.5456349206349207,CVX,XOM
2020-10-09,57.864200592041016,27.3552188873291,2.050526017837353,0.61003074868916,-0.010962337067747185,-0.3654343892477302,-0.09700060990534307,0.09700060990534307,-0.011906168539090212,0.010486157004679265,0.8383127009637442,-0.058831142864023356,4.869444461267977,0.0,0.5793650793650793,CVX,XOM
2020-10-12,58.26298522949219,27.268600463867188,2.050526017837353,0.61003074868916,-0.002159558076098911,0.13122334522487433,-0.3654343892477302,0.3654343892477302,-0.007288873841051036,0.01056193922985039,0.8391417815958053,-0.06612001670507439,5.290487042439669,0.0,0.5793650793650793,CVX,XOM
2020-10-13,57.39502716064453,26.945762634277344,2.050526017837353,0.61003074868916,-0.00990352708620268,-0.21227816048735942,0.13122334522487433,0.13122334522487433,0.008802778991648275,0.010756499560745229,0.8368215839273705,-0.05731723771342612,5.279252182629721,0.0,0.5932539682539683,CVX,XOM
2020-10-14,57.04315185546875,26.890634536743164,2.050526017837353,0.61003074868916,-0.01480382536103475,-0.4275920399695959,-0.21227816048735942,0.21227816048735942,-0.007743969010103768,0.010818504196551249,0.8343972455927635,-0.06506120672352989,5.411508719224829,0.0,0.6011904761904762,CVX,XOM
2020-10-15,57.48104476928711,27.126863479614258,2.050526017837353,0.61003074868916,-0.0124922179893181,-0.2284012182877218,-0.4275920399695959,0.4275920399695959,-0.004900298274832071,0.010835973414257379,0.8112103675798075,-0.06996150499836196,5.893715175223577,0.0,0.6388888888888888,CVX,XOM
2020-10-16,56.99624252319336,26.85126304626465,2.050526017837353,0.61003074868916,-0.014732690642190516,-0.31492596817322754,-0.2284012182877218,0.2284012182877218,0.0023116073717166508,0.010824131726798077,0.8197878471354471,-0.06648381444892859,6.038359228553569,0.0,0.628968253968254,CVX,XOM
2020-10-19,55.737300872802734,26.315811157226562,2.050526017837353,0.61003074868916,-0.024780639288858097,-0.9664015490024723,-0.31492596817322754,0.31492596817322754,-0.002240472652872416,0.010804157737111037,0.8200327544687847,-0.06872428710180101,6.172630024445736,0.0,0.623015873015873,CVX,XOM
2020-10-20,56.050071716308594,26.536298751831055,2.050526017837353,0.61003074868916,-0.02427467037242459,-0.8720949895586123,-0.9664015490024723,0.9664015490024723,-0.010047948646667582,0.010704879223602094,0.8227914730194896,-0.07877223574846859,6.831605374609893,0.0,0.6091269841269842,CVX,XOM
2020-10-21,55.41670227050781,26.111083984375,2.050526017837353,0.61003074868916,-0.025784835510590742,-0.9324767582910327,-0.8720949895586123,0.8720949895586123,0.0005059689164335079,0.010624909205663153,0.8216875517114823,-0.07826626683203508,6.897122195093893,0.0,0.6051587301587302,CVX,XOM
2020-10-22,57.39502716064453,27.449710845947266,2.050526017837353,0.61003074868916,-0.021207140464020835,-0.5301800008384843,-0.9324767582910327,0.9324767582910327,-0.001510165138166153,0.008532279438835116,0.8235790256086336,-0.07977643197020123,7.1122171453577,0.0,0.5059523809523809,CVX,XOM
2020-10-23,56.74600601196289,26.89851188659668,2.050526017837353,0.61003074868916,-0.020205258037943263,-0.40429527829768824,-0.5301800008384843,0.5301800008384843,0.004577695046569907,0.008575907597038905,0.8366205083786762,-0.07519873692363133,6.683470731451228,0.0,0.4841269841269841,CVX,XOM
2020-10-26,55.471431732177734,26.260692596435547,2.050526017837353,0.61003074868916,-0.0282830404379395,-0.9936748221503419,-0.40429527829768824,0.40429527829768824,0.0010018824260775716,0.008469534525624389,0.8209174925527591,-0.07419685449755375,7.354888702490851,0.0,0.503968253968254,CVX,XOM
2020-10-27,54.35325241088867,25.84335708618164,2.050526017837353,0.61003074868916,-0.03887424956855523,-1.7019359379595547,-0.9936748221503419,0.9936748221503419,-0.008077782399996236,0.007816618595327084,0.8510258131278303,-0.08227463689754999,7.234187553078449,0.0,0.40674603174603174,CVX,XOM
2020-10-28,52.29671859741211,24.859073638916016,2.050526017837353,0.61003074868916,-0.05375711463347632,-2.4865971230634534,-1.7019359379595547,1.7019359379595547,-0.01059120913061573,0.007867331844793516,0.8517873707141845,-0.09286584602816572,7.483027936880057,1.0,0.40476190476190477,CVX,XOM
2020-10-29,53.79807662963867,25.961471557617188,2.050526017837353,0.61003074868916,-0.0519227195284504,-2.1210072248268776,-2.4865971230634534,2.4865971230634534,-0.014882865064921091,0.008473942412714456,0.8556677896470904,-0.10774871109308681,9.807653675352308,2.0,0.39087301587301587,CVX,XOM
2020-10-30,54.345428466796875,25.685869216918945,2.050526017837353,0.61003074868916,-0.035289341993967716,-0.9331519969268582,-2.1210072248268776,2.1210072248268776,0.001834395105025921,0.008497835127662301,0.8622954216041195,-0.10591431598806089,10.885483706997071,3.0,0.3392857142857143,CVX,XOM
2020-11-02,56.4175910949707,26.764652252197266,2.050526017837353,0.61003074868916,-0.022966145970011898,-0.038655281356021615,-0.9331519969268582,0.9331519969268582,0.016633377534482685,0.008776171153414496,0.8545056287115517,-0.0892809384535782,9.101026508396401,0.0,0.4246031746031746,CVX,XOM
2020-11-03,56.09698486328125,26.307939529418945,2.050526017837353,0.61003074868916,-0.01816567063887553,0.34463944918560546,-0.038655281356021615,0.038655281356021615,0.012323196023955818,0.009082153893807923,0.8662912466979931,-0.07695774242962239,8.105902928046005,0.0,0.35317460317460314,CVX,XOM
2020-11-04,56.120445251464844,26.166202545166016,2.050526017837353,0.61003074868916,-0.01445205213669798,0.572931504357012,0.34463944918560546,0.34463944918560546,0.004800475331136367,0.009154355958529488,0.8612966738218062,-0.07215726709848602,8.092632284481171,0.0,0.39682539682539686,CVX,XOM
2020-11-05,56.40977096557617,26.118953704833984,2.050526017837353,0.61003074868916,-0.008207313106233238,0.9642360776423252,0.572931504357012,0.572931504357012,0.0037136185021775514,0.00816731470808737,0.8631608120218442,-0.06844364859630847,7.752443315469948,0.0,0.3035714285714286,CVX,XOM
2020-11-06,55.635643005371094,25.81186294555664,2.050526017837353,0.61003074868916,-0.014810775723409053,0.43473109712477603,0.9642360776423252,0.9642360776423252,0.006244739030464741,0.00792477958174829,0.8651381018071215,-0.06219890956584373,8.003760901048945,0.0,0.29563492063492064,CVX,XOM
2020-11-09,62.086734771728516,29.07968521118164,2.050526017837353,0.61003074868916,0.022178418329850125,2.683314930520917,0.43473109712477603,0.43473109712477603,-0.006603462617175815,0.007895593488724461,0.8673406072802179,-0.06880237218301954,7.648399045957744,0.0,0.28968253968253965,CVX,XOM
2020-11-10,64.95648193359375,29.724822998046875,2.050526017837353,0.61003074868916,0.05397790248320877,3.5043181987750764,2.683314930520917,2.683314930520917,0.03698919405325918,0.011199649902441404,0.9181791224223377,-0.03181317812976037,6.636554966107693,1.0,0.3849206349206349,CVX,XOM
2020-11-11,64.47946166992188,29.41838264465332,2.050526017837353,0.61003074868916,0.05292871038673885,2.840810501344327,3.5043181987750764,3.5043181987750764,0.03179948415335865,0.012816895680547256,0.9159247098331978,0.0,7.625466249877738,2.0,0.4563492063492064,CVX,XOM
2020-11-12,63.079803466796875,28.410348892211914,2.050526017837353,0.61003074868916,0.05225209974580025,2.4283104319061133,2.840810501344327,2.840810501344327,-0.0010491920964699197,0.012722423532574294,0.9198620259039989,-0.0010491920964699197,7.348642382453183,3.0,0.4484126984126984,CVX,XOM
2020-11-13,64.92518615722656,29.0958194732666,2.050526017837353,0.61003074868916,0.06654331869209251,2.5360695510538775,2.4283104319061133,2.4283104319061133,-0.0006766106409386019,0.01275168414397552,0.9203948549238683,-0.0017258027374085216,7.279009394267245,4.0,0.4484126984126984,CVX,XOM
2020-11-16,69.56214904785156,30.773176193237305,2.050526017837353,0.61003074868916,0.10133672255758297,2.9898791600596697,2.5360695510538775,2.5360695510538775,0.014291218946292261,0.012904708521894058,0.9214802581327526,0.0,8.767489675602658,5.0,0.44642857142857145,CVX,XOM
2020-11-17,69.06227111816406,31.184452056884766,2.050526017837353,0.61003074868916,0.08602580687425698,2.2423344860753374,2.9898791600596697,2.9898791600596697,0.03479340386549046,0.014098332805605024,0.9267186692428866,0.0,12.868215474966998,6.0,0.4583333333333333,CVX,XOM
2020-11-18,66.87232208251953,30.0070743560791,2.050526017837353,0.61003074868916,0.07728032224341419,1.8412960057021648,2.2423344860753374,2.2423344860753374,-0.015310915683325987,0.014826323847101341,0.9201879962451779,-0.015310915683325987,10.588751260793991,7.0,0.5059523809523809,CVX,XOM
2020-11-19,68.02284240722656,30.16028594970703,2.050526017837353,0.61003074868916,0.09123192772112132,1.95931586907368,1.8412960057021648,1.8412960057021648,-0.008745484630842792,0.015079437830976466,0.9249146916886564,-0.02405640031416878,9.748899898008515,8.0,0.4880952380952381,CVX,XOM
2020-11-20,68.07044982910156,29.789335250854492,2.050526017837353,0.61003074868916,0.09948103655302276,1.929648827293506,1.95931586907368,1.95931586907368,0.01395160547770713,0.01519946552326368,0.9231794811682255,-0.01010479483646165,11.54636306584211,9.0,0.501984126984127,CVX,XOM
2020-11-23,72.2281494140625,31.74088478088379,2.050526017837353,0.61003074868916,0.12005810605076439,2.0999078697824767,1.929648827293506,1.929648827293506,0.008249108831901442,0.015171364175732309,0.9222556621248726,-0.0018556860045602086,14.333576732030451,10.0,0.503968253968254,CVX,XOM
2020-11-24,75.87013244628906,33.853721618652344,2.050526017837353,0.61003074868916,0.12993892680462205,2.043519623642119,2.0999078697824767,2.0999078697824767,0.02057706949774163,0.015128708980335524,0.9307400780916253,0.0,23.948817811183066,11.0,0.45634920634920634,CVX,XOM
2020-11-25,73.10889434814453,32.910194396972656,2.050526017837353,0.61003074868916,0.11010927937717963,1.5503018839447198,2.043519623642119,2.043519623642119,0.009880820753857655,0.014557427618528974,0.9330259271152332,0.0,36.37138990783694,12.0,0.42658730158730157,CVX,XOM
2020-11-27,72.4503173828125,32.410221099853516,2.050526017837353,0.61003074868916,0.11039903127660322,1.438585285771672,1.5503018839447198,1.5503018839447198,-0.01982964742744242,0.014987284432957701,0.9329371866720662,-0.01982964742744242,20.178175595482664,13.0,0.4325396825396825,CVX,XOM
2020-11-30,69.1733627319336,30.748981475830078,2.050526017837353,0.61003074868916,0.09621180716388711,1.1205289306508521,1.438585285771672,1.438585285771672,0.0002897518994235959,0.015023789567434845,0.9333520595355188,-0.019539895528018825,22.120088357468102,14.0,0.42857142857142855,CVX,XOM
2020-12-01,69.38758087158203,31.047359466552734,2.050526017837353,0.61003074868916,0.09341285044859582,1.0045781779823695,1.1205289306508521,1.1205289306508521,-0.014187224112716113,0.015639186466821345,0.9375367781890311,-0.03372711964073494,19.765257450212992,15.0,0.4365079365079365,CVX,XOM
2020-12-02,71.3077621459961,32.208614349365234,2.050526017837353,0.61003074868916,0.09830969769685316,1.0155885444279193,1.0045781779823695,1.0045781779823695,-0.0027989567152912898,0.015708405610454387,0.9372796706947635,-0.03652607635602623,20.570300783881688,16.0,0.4384920634920635,CVX,XOM
2020-12-03,71.252197265625,32.426353454589844,2.050526017837353,0.61003074868916,0.09342006888707965,0.8738061052365986,1.0155885444279193,1.0155885444279193,0.004896847248257341,0.01570810722993376,0.9393107999444438,-0.031629229107768886,23.073238527851984,17.0,0.42658730158730157,CVX,XOM
2020-12-04,74.013427734375,33.61179733276367,2.050526017837353,0.61003074868916,0.1095373958844088,1.0680443440957057,0.8738061052365986,0.8738061052365986,-0.004889628809773505,0.015876895176951872,0.9418524445060209,-0.03651885791754239,22.476822039507468,0.0,0.42460317460317465,CVX,XOM
2020-12-07,72.013916015625,32.982784271240234,2.050526017837353,0.61003074868916,0.0936745641995369,0.7496378709205788,1.0680443440957057,1.0680443440957057,0.01611732699732915,0.016048234128904115,0.942246517139279,-0.02040153092021324,30.406001523602967,1.0,0.4285714285714286,CVX,XOM
2020-12-08,72.6328125,34.06338882446289,2.050526017837353,0.61003074868916,0.08256614519402206,0.5138370782560767,0.7496378709205788,0.7496378709205788,-0.015862831684871903,0.016528274954609276,0.9419314120946826,-0.03626436260508514,23.107798873280814,0.0,0.4305555555555556,CVX,XOM
2020-12-09,71.7600326538086,34.51499557495117,2.050526017837353,0.61003074868916,0.06244249252645817,0.113844990205808,0.5138370782560767,0.5138370782560767,-0.011108419005514847,0.015206895683725965,0.9374581954834396,-0.04737278161059999,20.559197936284892,0.0,0.42857142857142855,CVX,XOM
2020-12-10,74.06895446777344,35.490760803222656,2.050526017837353,0.61003074868916,0.07710454201733752,0.32143631274202716,0.113844990205808,0.113844990205808,-0.020123652667563885,0.014487061718203227,0.931331617252117,-0.06749643427816387,17.45905064208991,0.0,0.4365079365079365,CVX,XOM
2020-12-11,73.35486602783203,35.32140350341797,2.050526017837353,0.61003074868916,0.07033486287223667,0.12202192534936536,0.32143631274202716,0.32143631274202716,0.014662049490879348,0.014808330355304662,0.9316458173344095,-0.05283438478728453,19.17186647297728,0.0,0.4384920634920635,CVX,XOM
2020-12-14,70.96656799316406,34.04726028442383,2.050526017837353,0.61003074868916,0.05964716493100708,-0.18552522356806112,0.12202192534936536,0.12202192534936536,-0.006769679145100849,0.014906337473776288,0.9315513921070092,-0.059604063932385376,18.311772293905342,0.0,0.4464285714285714,CVX,XOM
2020-12-15,70.91102600097656,34.70853805541992,2.050526017837353,0.61003074868916,0.0471295700761285,-0.5678538948963567,-0.18552522356806112,0.18552522356806112,-0.01068769794122959,0.014778256587354542,0.9336075300790018,-0.07029176187361497,17.536999725436388,0.0,0.4166666666666667,CVX,XOM
2020-12-16,70.3714828491211,35.24077224731445,2.050526017837353,0.61003074868916,0.030208290992109532,-1.0996786434258519,-0.5678538948963567,0.5678538948963567,-0.012517594854878578,0.012588692667360176,0.9297746186159267,-0.08280935672849354,16.457267800136858,0.0,0.3888888888888889,CVX,XOM
2020-12-17,70.14930725097656,35.06334686279297,2.050526017837353,0.61003074868916,0.03012517059065667,-1.2271022169668804,-1.0996786434258519,1.0996786434258519,-0.01692127908401897,0.012673890924430017,0.9265084631789291,-0.09973063581251251,15.80855773532917,1.0,0.4087301587301587,CVX,XOM
2020-12-18,69.18128967285156,34.458534240722656,2.050526017837353,0.61003074868916,0.02684400088565342,-1.4453098882175237,-1.2271022169668804,1.2271022169668804,-8.312040145286304e-05,0.012610854389082412,0.9270183097704078,-0.09981375621396538,16.115438346160428,2.0,0.40277777777777773,CVX,XOM
2020-12-21,68.30850219726562,33.82951736450195,2.050526017837353,0.61003074868916,0.025386380838656297,-1.6830027696771617,-1.4453098882175237,1.4453098882175237,-0.0032811697050032507,0.012043010229883298,0.9274517761227687,-0.10309492591896863,16.049800706521577,3.0,0.3829365079365079,CVX,XOM
2020-12-22,66.93582153320312,33.2569694519043,2.050526017837353,0.61003074868916,0.015499248231558127,-1.9786795560547592,-1.6830027696771617,1.6830027696771617,-0.0014576200469971212,0.011763392630230622,0.9284131574219037,-0.10455254596596575,16.06908562622519,4.0,0.36507936507936506,CVX,XOM
2020-12-23,67.99111938476562,33.684364318847656,2.050526017837353,0.61003074868916,0.023352341984874236,-1.621633399350031,-1.9786795560547592,1.9786795560547592,-0.00988713260709817,0.010415759425945408,0.9295844601431367,-0.11443967857306392,16.00562341507797,5.0,0.27380952380952384,CVX,XOM
2020-12-24,67.70548248291016,33.54727554321289,2.050526017837353,0.61003074868916,0.021630172947424864,-1.583329689237793,-1.621633399350031,1.621633399350031,0.00785309375331611,0.010277144752697379,0.92818438411945,-0.10658658481974781,15.803333418895182,6.0,0.2757936507936508,CVX,XOM
2020-12-28,67.3642807006836,33.66017150878906,2.050526017837353,0.61003074868916,0.01452845429807681,-1.6857573920907427,-1.583329689237793,1.583329689237793,-0.0017221690374493726,0.009743593854172217,0.9282582565070426,-0.10830875385719718,15.831077063136082,7.0,0.25396825396825395,CVX,XOM
2020-12-29,67.1341781616211,33.28116226196289,2.050526017837353,0.61003074868916,0.018014645299619048,-1.4780563803780709,-1.6857573920907427,1.6857573920907427,-0.007101718649348054,0.009697866035198533,0.9273758722186212,-0.11541047250654524,15.412791623869431,8.0,0.25992063492063494,CVX,XOM
2020-12-30,67.70548248291016,33.54727554321289,2.050526017837353,0.61003074868916,0.021630172947424864,-1.2808454757442822,-1.4780563803780709,1.4780563803780709,0.003486191001542238,0.009606422025750268,0.9295088945440482,-0.111924281505003,15.882661385338807,9.0,0.2361111111111111,CVX,XOM
2020-12-31,67.00721740722656,33.24082565307617,2.050526017837353,0.61003074868916,0.016861508261809988,-1.3140806818419126,-1.2808454757442822,1.2808454757442822,0.0036155276478058163,0.00974424684348114,0.9290348441148544,-0.10830875385719718,15.883181420786629,10.0,0.251984126984127,CVX,XOM
2021-01-04,67.2135238647461,33.46663284301758,2.050526017837353,0.61003074868916,0.01580567882169026,-1.2540498192242302,-1.3140806818419126,1.3140806818419126,-0.004768664685614876,0.009549123630455389,0.9293214791407379,-0.11307741854281206,16.361516009790503,11.0,0.2361111111111111,CVX,XOM
2021-01-05,69.03052520751953,35.07948303222656,2.050526017837353,0.61003074868916,0.013767368553729842,-1.2188084940385204,-1.2540498192242302,1.2540498192242302,-0.0010558294401197266,0.009569253494800155,0.9326552077603156,-0.11413324798293178,16.362218551674783,12.0,0.20436507936507936,CVX,XOM
2021-01-06,71.252197265625,35.97461700439453,2.050526017837353,0.61003074868916,0.030073172830150874,-0.7432648513462644,-1.2188084940385204,1.2188084940385204,-0.0020383102679604193,0.00842141169483985,0.9377800812928939,-0.1161715582508922,16.379248376554052,13.0,0.125,CVX,XOM
2021-01-07,71.58546447753906,36.25687026977539,2.050526017837353,0.61003074868916,0.029971996601874107,-0.69346885077281,-0.7432648513462644,0.7432648513462644,0.016305804276421032,0.00918964466194951,0.937222838014589,-0.09986575397447117,16.049448410252687,0.0,0.17261904761904762,CVX,XOM
2021-01-08,72.267822265625,36.660072326660156,2.050526017837353,0.61003074868916,0.03271239515999147,-0.5698822071742895,-0.69346885077281,0.69346885077281,-0.00010117622827676698,0.009026500623122095,0.9383818310697309,-0.09996693020274794,15.892505801687031,0.0,0.15079365079365079,CVX,XOM
2021-01-11,72.68043518066406,37.77294921875,2.050526017837353,0.61003074868916,0.02016268401040122,-0.8792343618357475,-0.5698822071742895,0.5698822071742895,0.002740398558117363,0.008143144191259048,0.9381338876597962,-0.09722653164463058,17.316461109262793,0.0,0.10912698412698413,CVX,XOM
2021-01-12,74.06101989746094,38.61161422729492,2.050526017837353,0.61003074868916,0.025583584878522192,-0.6660042797519585,-0.8792343618357475,0.8792343618357475,-0.012549711149590248,0.0075855476923711584,0.9337865118487684,-0.10977624279422082,16.577897070093417,0.0,0.11507936507936507,CVX,XOM
2021-01-13,73.98963165283203,39.04710006713867,2.050526017837353,0.61003074868916,0.017777412915009894,-0.8581876619266995,-0.6660042797519585,0.6660042797519585,0.00542090086812097,0.007734187746362571,0.9340925417258079,-0.10435534192609985,16.541990031981157,0.0,0.11507936507936507,CVX,XOM
2021-01-14,75.76696014404297,40.57123565673828,2.050526017837353,0.61003074868916,0.01815623972710778,-0.7920096722209842,-0.8581876619266995,0.8581876619266995,-0.007806171963512298,0.007601127129479358,0.9328171900335005,-0.11216151388961215,16.778246974704857,0.0,0.12896825396825395,CVX,XOM
2021-01-15,73.06919860839844,38.61969757080078,2.050526017837353,0.61003074868916,0.011973459944471188,-0.9542076817428476,-0.7920096722209842,0.7920096722209842,0.0003788268120978877,0.007227299338934305,0.931713346880653,-0.11178268707751426,16.65141018991894,0.0,0.13293650793650794,CVX,XOM
2021-01-19,74.98938751220703,39.38578796386719,2.050526017837353,0.61003074868916,0.025930559270493703,-0.39856559738835706,-0.9542076817428476,0.9542076817428476,-0.006182779782636594,0.00641062179161041,0.9337723779986661,-0.11796546686015086,17.432321960717502,0.0,0.0873015873015873,CVX,XOM
2021-01-20,75.6796875,39.94222640991211,2.050526017837353,0.61003074868916,0.026535611023831507,-0.3149336086192253,-0.39856559738835706,0.39856559738835706,0.013957099326022515,0.007184917754077495,0.9329921861725546,-0.10400836753412834,16.9962500770063,0.0,0.1130952380952381,CVX,XOM
2021-01-21,73.00574493408203,38.79711151123047,2.050526017837353,0.61003074868916,0.008308691658478917,-1.141840822939907,-0.3149336086192253,0.3149336086192253,0.0006050517533378041,0.0071516986046650625,0.9321146810210238,-0.10340331578079054,17.4228175974683,0.0,0.12301587301587302,CVX,XOM
2021-01-22,72.78357696533203,38.24872970581055,2.050526017837353,0.61003074868916,0.013944956020399246,-0.8365804018018678,-1.141840822939907,1.141840822939907,-0.01822691936535259,0.00818063009131212,0.9335155876984957,-0.12163023514614313,17.519050242670083,1.0,0.14484126984126983,CVX,XOM
2021-01-25,72.12501525878906,37.821319580078125,2.050526017837353,0.61003074868916,0.011710710721168471,-0.9192917090826013,-0.8365804018018678,0.8365804018018678,0.005636264361920329,0.00802162028756532,0.9313727475902708,-0.1159939707842228,17.768820780894362,0.0,0.16666666666666666,CVX,XOM
2021-01-26,70.90310668945312,36.99070739746094,2.050526017837353,0.61003074868916,0.008170504271586054,-1.1864230911791387,-0.9192917090826013,0.9192917090826013,-0.002234245299230775,0.007821742208760885,0.931086786065301,-0.11822821608345357,17.884905122923346,0.0,0.16269841269841268,CVX,XOM
2021-01-27,69.98268127441406,36.571372985839844,2.050526017837353,0.61003074868916,0.0020589874731258284,-1.7725673789326049,-1.1864230911791387,1.1864230911791387,-0.003540206449582417,0.007844993511785667,0.9290792278098329,-0.12176842253303599,18.074435696952943,1.0,0.1865079365079365,CVX,XOM
2021-01-28,70.63330841064453,37.14393997192383,2.050526017837353,0.61003074868916,0.001836268420071896,-1.9230224303352523,-1.7725673789326049,1.7725673789326049,-0.006111516798460226,0.007807299301617648,0.9293845927357233,-0.12787993933149622,18.49686845832998,2.0,0.17658730158730157,CVX,XOM
2021-01-29,67.602294921875,36.160099029541016,2.050526017837353,0.61003074868916,-0.0256477390115335,-3.7921950131688584,-1.9230224303352523,1.9230224303352523,-0.00022271905305393247,0.007751328628049006,0.9339925456850761,-0.12810265838455015,18.4448662212722,3.0,0.10714285714285714,CVX,XOM
2021-02-01,68.56240844726562,36.224613189697266,2.050526017837353,0.61003074868916,-0.012632669079049474,-2.3294746939034137,-3.7921950131688584,3.7921950131688584,-0.027484007431605395,0.009605434608313191,0.9313585207428791,-0.15558666581615554,20.700256773221188,4.0,0.24603174603174602,CVX,XOM
2021-02-02,69.07814025878906,36.79717254638672,2.050526017837353,0.61003074868916,-0.014705364088063,-2.2134352914596027,-2.3294746939034137,2.3294746939034137,0.013015069932484025,0.010149394282085219,0.9305023288690059,-0.14257159588367152,19.190589133526565,5.0,0.28968253968253965,CVX,XOM
2021-02-03,70.58570861816406,38.240665435791016,2.050526017837353,0.61003074868916,-0.01658905512003761,-2.0980658836708423,-2.2134352914596027,2.2134352914596027,-0.0020726950090135254,0.010149715544134507,0.9307452075761207,-0.14464429089268505,19.500102790295674,6.0,0.2876984126984127,CVX,XOM
2021-02-04,70.6174545288086,38.974525451660156,2.050526017837353,0.61003074868916,-0.027735328122161285,-2.4760033974902873,-2.0980658836708423,2.0980658836708423,-0.0018836910319746103,0.01014938091646815,0.9308177005201598,-0.14652798192465966,19.57698986902678,7.0,0.2837301587301587,CVX,XOM
2021-02-05,70.82373809814453,40.28092956542969,2.050526017837353,0.61003074868916,-0.04493110142668755,-2.8957575735456498,-2.4760033974902873,2.4760033974902873,-0.011146273002123674,0.009480356776734901,0.9280504031158137,-0.15767425492678333,20.662372717481592,8.0,0.28174603174603174,CVX,XOM
2021-02-08,72.585205078125,42.01474380493164,2.050526017837353,0.61003074868916,-0.046072408600757786,-2.5257856359534907,-2.8957575735456498,2.8957575735456498,-0.017195773304526263,0.00994935955124503,0.8968938297671055,-0.1748700282313096,22.577754035597422,9.0,0.39285714285714285,CVX,XOM
2021-02-09,72.17261505126953,41.52267074584961,2.050526017837353,0.61003074868916,-0.04458604606668937,-2.1691099333739556,-2.5257856359534907,2.5257856359534907,-0.0011413071740702385,0.009858395779588315,0.9062978305140734,-0.17601133540537983,25.420393569035156,10.0,0.375,CVX,XOM
2021-02-10,73.410400390625,41.92452621459961,2.050526017837353,0.61003074868916,-0.03345658488080794,-1.5495823409188183,-2.1691099333739556,2.1691099333739556,0.0014863625340684194,0.009719068199770538,0.9057335942134032,-0.1745249728713114,25.806135231989664,11.0,0.3611111111111111,CVX,XOM
2021-02-11,73.013671875,40.87477111816406,2.050526017837353,0.61003074868916,-0.023406349761789347,-1.0561263428574994,-1.5495823409188183,1.5495823409188183,0.011129461185881429,0.010047430750124969,0.9036593409132841,-0.16339551168542998,23.579494965219958,12.0,0.3948412698412698,CVX,XOM
2021-02-12,73.43419647216797,41.432456970214844,2.050526017837353,0.61003074868916,-0.025930189485738442,-1.0848137401295166,-1.0561263428574994,1.0561263428574994,0.010050235119018591,0.010364772466495214,0.8988200370284979,-0.1533452765664114,21.9351959420586,13.0,0.41468253968253965,CVX,XOM
2021-02-16,74.93893432617188,42.67903137207031,2.050526017837353,0.61003074868916,-0.02372958246699941,-0.9321453830075368,-1.0848137401295166,1.0848137401295166,-0.002523839723949095,0.010349929652458864,0.8968855348839859,-0.1558691162903605,22.12438060079095,14.0,0.41865079365079366,CVX,XOM
2021-02-17,77.1839599609375,43.343326568603516,2.050526017837353,0.61003074868916,-0.00363342790369936,-0.08837770145381121,-0.9321453830075368,0.9321453830075368,0.0022006070187390314,0.010350077491962296,0.9022142756217129,-0.15366850927162146,21.479086160594733,0.0,0.4107142857142857,CVX,XOM
2021-02-18,76.44367218017578,42.66263961791992,2.050526017837353,0.61003074868916,-0.003614657339414684,-0.06426610675656134,-0.08837770145381121,0.08837770145381121,0.02009615456330005,0.010889377354601246,0.8926262658455887,-0.1335723547083214,19.461497729495186,0.0,0.47023809523809523,CVX,XOM
2021-02-19,77.08740234375,42.94967269897461,2.050526017837353,0.61003074868916,0.000680532680297663,0.15843764460329054,-0.06426610675656134,0.06426610675656134,1.8770564284675828e-05,0.01088451785999481,0.8966598355323293,-0.13355358414403673,19.088721022167835,0.0,0.4583333333333333,CVX,XOM
2021-02-22,79.17152404785156,44.532508850097656,2.050526017837353,0.61003074868916,0.005280073073867797,0.4023208179042731,0.15843764460329054,0.15843764460329054,0.004295190019712347,0.010242619641220354,0.8994306588284197,-0.12925839412432438,19.226298425127027,0.0,0.4007936507936508,CVX,XOM
2021-02-23,80.16931915283203,45.14760208129883,2.050526017837353,0.61003074868916,0.00943604633843842,0.6443766988346847,0.4023208179042731,0.4023208179042731,0.004599540393570134,0.010214619104046061,0.8919888636545037,-0.12465885373075425,19.513416339353274,0.0,0.4265873015873016,CVX,XOM
2021-02-24,83.1304702758789,46.500797271728516,2.050526017837353,0.61003074868916,0.02769085872495447,1.4472185242565299,0.6443766988346847,0.6443766988346847,0.004155973264570623,0.01025315667356814,0.8807775981290474,-0.1009629849381648,19.479265408658765,0.0,0.45039682539682535,CVX,XOM
2021-02-25,82.35799407958984,45.729896545410156,2.050526017837353,0.61003074868916,0.028553075907511438,1.472365788697049,1.4472185242565299,1.4472185242565299,0.01825481238651605,0.010964615912149818,0.87684937138689,-0.08270817255164875,19.070405078367962,1.0,0.5218253968253967,CVX,XOM
2021-02-26,80.46702575683594,44.58991622924805,2.050526017837353,0.61003074868916,0.020724974989713374,1.1118523026913318,1.472365788697049,1.472365788697049,0.000862217182556968,0.01084390197002956,0.8766965032270757,-0.08098431997689737,19.517816742681475,2.0,0.5119047619047619,CVX,XOM
2021-03-01,82.1166000366211,46.254756927490234,2.050526017837353,0.61003074868916,0.01865604574548696,1.0180157902986091,1.1118523026913318,1.1118523026913318,-0.007828100917798064,0.011023364806672254,0.8664207837342633,-0.08881242089469543,19.333446401024407,3.0,0.5337301587301587,CVX,XOM
2021-03-02,82.43042755126953,45.98411560058594,2.050526017837353,0.61003074868916,0.026050327697779263,1.2992971938346582,1.0180157902986091,1.0180157902986091,-0.002068929244226414,0.008941194359649511,0.8680277323615504,-0.09088135013892185,19.55443734201489,4.0,0.39285714285714285,CVX,XOM
2021-03-03,83.35577392578125,46.353172302246094,2.050526017837353,0.61003074868916,0.032337164811223396,1.544062345420822,1.2992971938346582,1.2992971938346582,0.007394281952292303,0.008681892210201424,0.8611453372456129,-0.08348706818662954,20.413474235564838,5.0,0.43452380952380953,CVX,XOM
2021-03-04,84.0880355834961,48.149234771728516,2.050526017837353,0.61003074868916,0.017892945274445626,0.9471579596846197,1.544062345420822,1.544062345420822,0.0062868371134441325,0.008680155640890058,0.8605951695408874,-0.07720023107318541,20.58454572224576,6.0,0.4365079365079365,CVX,XOM
2021-03-05,87.70906829833984,49.96990203857422,2.050526017837353,0.61003074868916,0.03741227886109977,1.6784124398971891,0.9471579596846197,0.9471579596846197,-0.01444421953677777,0.009389325811329462,0.8490425798343312,-0.07578161892509128,19.801722381559042,0.0,0.5555555555555556,CVX,XOM
2021-03-08,88.31256866455078,49.920692443847656,2.050526017837353,0.61003074868916,0.04487046638467529,1.8444925371412932,1.6784124398971891,1.6784124398971891,0.019519333586654142,0.00966228142943775,0.8493557220237585,-0.04515386633292229,19.868443187156053,1.0,0.5694444444444444,CVX,XOM
2021-03-09,88.11139678955078,49.14977264404297,2.050526017837353,0.61003074868916,0.05208405178940145,1.945789323824391,1.8444925371412932,1.8444925371412932,0.007458187523575521,0.008473836338231476,0.8516957929467638,-0.03223407563266223,20.050050550873493,2.0,0.5,CVX,XOM
2021-03-10,89.61613464355469,50.65880584716797,2.050526017837353,0.61003074868916,0.050569693840334384,1.7416262371475777,1.945789323824391,1.945789323824391,0.007213585404726164,0.00839146239138636,0.8594441134347677,-0.025020490227936065,20.790063731203976,3.0,0.42857142857142855,CVX,XOM
2021-03-11,89.4712905883789,50.28155517578125,2.050526017837353,0.61003074868916,0.053511946927120135,1.69415022127814,1.7416262371475777,1.7416262371475777,-0.0015143579490670689,0.008477678401808603,0.8592008574088349,-0.019765169031902285,20.821183894948664,4.0,0.4444444444444444,CVX,XOM
2021-03-12,89.76901245117188,50.82282638549805,2.050526017837353,0.61003074868916,0.05030222241985571,1.4746880677671825,1.69415022127814,1.69415022127814,0.002942253086785751,0.00835693434893989,0.8583687966856846,-0.006135218003886944,21.253477008553002,5.0,0.4325396825396825,CVX,XOM
2021-03-15,88.71490478515625,49.52703857421875,2.050526017837353,0.61003074868916,0.054245455832756306,1.481044406392781,1.4746880677671825,1.4746880677671825,-0.003209724507264422,0.008404138073899363,0.847992458153144,-0.003209724507264422,20.469201819569903,6.0,0.5158730158730158,CVX,XOM
2021-03-16,86.61470031738281,48.47727966308594,2.050526017837353,0.61003074868916,0.043356105505587994,1.066916696310165,1.481044406392781,1.481044406392781,0.003943233412900593,0.008282545000302491,0.8546145923834669,0.0,21.170280774403928,7.0,0.4523809523809524,CVX,XOM
2021-03-17,86.92852020263672,48.690521240234375,2.050526017837353,0.61003074868916,0.04429521368933065,1.0256173637631936,1.066916696310165,1.066916696310165,-0.010889350327168312,0.008894179393040366,0.8673505826917501,-0.010889350327168312,18.532606442604155,8.0,0.3988095238095238,CVX,XOM
2021-03-18,83.78226470947266,46.59101104736328,2.050526017837353,0.61003074868916,0.03431855849858545,0.671070115160129,1.0256173637631936,1.0256173637631936,0.000939108183742654,0.008029077717118313,0.8670002173550562,-0.009950242143425658,18.21108858825345,9.0,0.3392857142857143,CVX,XOM
2021-03-19,83.18679809570312,46.328575134277344,2.050526017837353,0.61003074868916,0.030631740115799833,0.5091981594738666,0.671070115160129,0.671070115160129,-0.009976655190745198,0.008460988025250056,0.8755603595933972,-0.019926897334170857,16.87253316698154,0.0,0.3630952380952381,CVX,XOM
2021-03-22,82.51087951660156,45.85289764404297,2.050526017837353,0.61003074868916,0.028769091541376746,0.39691939207944626,0.5091981594738666,0.5091981594738666,-0.003686818382785617,0.008526438417062241,0.8743705147834412,-0.023613715716956474,18.509455709490712,0.0,0.3829365079365079,CVX,XOM
2021-03-23,82.0522232055664,45.287010192871094,2.050526017837353,0.61003074868916,0.030770302896808488,0.4097607121752013,0.39691939207944626,0.39691939207944626,-0.001862648574423087,0.00852520900445464,0.8732514248914467,-0.02547636429137956,17.379685938674033,0.0,0.3849206349206349,CVX,XOM
2021-03-24,84.24897766113281,46.20555114746094,2.050526017837353,0.61003074868916,0.044941587135036265,0.8913070587043794,0.4097607121752013,0.4097607121752013,0.0020012113554317423,0.008500428456229144,0.8738469805865828,-0.02347515293594782,17.18276094414265,0.0,0.3829365079365079,CVX,XOM
2021-03-25,84.54669952392578,46.07433319091797,2.050526017837353,0.61003074868916,0.05020406657231469,1.0641186314834006,0.8913070587043794,0.8913070587043794,0.014171284238227777,0.008125918237633653,0.8725498243424579,-0.009303868697720041,17.108665019568104,0.0,0.3472222222222222,CVX,XOM
2021-03-26,86.4859619140625,47.3291130065918,2.050526017837353,0.61003074868916,0.05649087345645887,1.2824479810421014,1.0641186314834006,1.0641186314834006,0.005262479437278422,0.008182305076039322,0.8727296342200531,-0.004041389260441619,18.70048694357656,1.0,0.3551587301587302,CVX,XOM
2021-03-29,86.03533935546875,47.07488250732422,2.050526017837353,0.61003074868916,0.05455253781150393,1.1739691809215325,1.2824479810421014,1.2824479810421014,0.00628680688414418,0.007989760319147757,0.8749105029487131,0.0,19.710610791606943,2.0,0.33134920634920634,CVX,XOM
2021-03-30,85.23871612548828,46.492591857910156,2.050526017837353,0.61003074868916,0.05284295331388522,1.087315861061172,1.1739691809215325,1.1739691809215325,-0.001938335644954936,0.007986658073086156,0.8755278412514746,-0.001938335644954936,19.508081499251148,3.0,0.33134920634920634,CVX,XOM
2021-03-31,84.32139587402344,45.787296295166016,2.050526017837353,0.61003074868916,0.051347963811174235,0.9599744479221546,1.087315861061172,1.087315861061172,-0.0017095844976187102,0.007913649868595362,0.8757621993455009,-0.0036479201425736463,21.030632179868558,4.0,0.3273809523809524,CVX,XOM
2021-04-01,85.09387969970703,47.06667709350586,2.050526017837353,0.61003074868916,0.043655858316533624,0.45745640877174915,0.9599744479221546,0.9599744479221546,-0.001494989502710986,0.00785190891763283,0.8772666629216408,-0.005142909645284632,20.33206339030544,0.0,0.3134920634920635,CVX,XOM
2021-04-05,84.0960922241211,46.33676528930664,2.050526017837353,0.61003074868916,0.041395347488023315,0.24833096561345375,0.45745640877174915,0.45745640877174915,-0.007692105494640611,0.00730912656013085,0.8720700583221045,-0.012835015139925243,19.129723106692715,0.0,0.32936507936507936,CVX,XOM
2021-04-06,83.3477554321289,46.20555114746094,2.050526017837353,0.61003074868916,0.03418683196778183,-0.3685623830465324,0.24833096561345375,0.24833096561345375,-0.0022605108285103093,0.00602065316064338,0.8737218287692119,-0.015095525968435552,19.709878141234515,0.0,0.31547619047619047,CVX,XOM
2021-04-07,83.83860778808594,46.41057586669922,2.050526017837353,0.61003074868916,0.03735790761297553,-0.21278700862604327,-0.3685623830465324,0.3685623830465324,-0.0072085155202414875,0.005984938028295258,0.8733041167689444,-0.02230404148867704,18.760864854872814,0.0,0.31746031746031744,CVX,XOM
2021-04-08,82.89713287353516,45.92671203613281,2.050526017837353,0.61003074868916,0.03245816695646031,-0.6613181702699917,-0.21278700862604327,0.21278700862604327,0.0031710756451936994,0.00578478005852169,0.8728858312532347,-0.01913296584348334,18.246518075684758,0.0,0.3214285714285714,CVX,XOM
2021-04-09,82.816650390625,45.82009506225586,2.050526017837353,0.61003074868916,0.03290463125632126,-0.6415095827856284,-0.6613181702699917,0.6613181702699917,-0.004899740656515217,0.005854183891989511,0.8804997726164849,-0.024032706499998557,18.151062854514244,0.0,0.27976190476190477,CVX,XOM
2021-04-12,81.89933776855469,45.51665496826172,2.050526017837353,0.61003074868916,0.02581972186691539,-1.3183191651429953,-0.6415095827856284,0.6415095827856284,0.00044646429986094915,0.005797155144182387,0.8789872784936407,-0.023586242200137608,17.778399284154155,0.0,0.2837301587301587,CVX,XOM
2021-04-13,82.26947784423828,45.68887710571289,2.050526017837353,0.61003074868916,0.028025163308933898,-1.2001795491538598,-1.3183191651429953,1.3183191651429953,-0.007084909389405869,0.0059299966115063055,0.8811912422318564,-0.030671151589543477,16.600325491608228,1.0,0.27976190476190477,CVX,XOM
2021-04-14,83.9029769897461,47.009273529052734,2.050526017837353,0.61003074868916,0.030306300804064712,-1.012279135282089,-1.2001795491538598,1.2001795491538598,0.0022054414420185076,0.005866031593503301,0.8782269061461716,-0.02846571014752497,16.37362916514946,2.0,0.29166666666666663,CVX,XOM
2021-04-15,83.218994140625,46.73042297363281,2.050526017837353,0.61003074868916,0.025750189828636305,-1.400293274103338,-1.012279135282089,1.012279135282089,0.002281137495130814,0.005480385423069324,0.8698512336603718,-0.026184572652394156,15.948078321967623,3.0,0.33730158730158727,CVX,XOM
2021-04-16,82.84884643554688,46.467987060546875,2.050526017837353,0.61003074868916,0.024727954091936066,-1.5828874334574317,-1.400293274103338,1.400293274103338,-0.004556110975428407,0.0055312190581515135,0.8704305595589795,-0.030740683627822563,16.118998717241013,4.0,0.33928571428571425,CVX,XOM
2021-04-19,83.09024810791016,46.32036590576172,2.050526017837353,0.61003074868916,0.0295785297591169,-1.0584229052373746,-1.5828874334574317,1.5828874334574317,-0.0010222357367002388,0.005128332640083805,0.870278571038165,-0.0317629193645228,15.976024553714668,5.0,0.3392857142857143,CVX,XOM
2021-04-20,81.53723907470703,45.34442138671875,2.050526017837353,0.61003074868916,0.023701369374699688,-1.503399835554958,-1.0584229052373746,1.0584229052373746,0.004850575667180834,0.005198436735711277,0.8653545260781365,-0.026912343697341967,14.959280072956007,6.0,0.3611111111111111,CVX,XOM
2021-04-21,82.66380310058594,45.92671203613281,2.050526017837353,0.61003074868916,0.029639507759386063,-0.886375709052449,-1.503399835554958,1.503399835554958,-0.005877160384417213,0.005340027231115272,0.8701072229890593,-0.03278950408175918,13.662475074178277,7.0,0.34523809523809523,CVX,XOM
2021-04-22,81.23145294189453,45.32801818847656,2.050526017837353,0.61003074868916,0.020164772570799183,-1.639682959653172,-0.886375709052449,0.886375709052449,0.0059381383846863756,0.0054899663600217995,0.8694227764045924,-0.026851365697072804,11.8823874468395,0.0,0.3531746031746032,CVX,XOM
2021-04-23,81.71427154541016,45.57405471801758,2.050526017837353,0.61003074868916,0.022788678179740174,-1.3119008303937758,-1.639682959653172,1.639682959653172,-0.00947473518858688,0.004801610826073031,0.8672486633606544,-0.036326100885659685,11.526114242809118,1.0,0.35317460317460314,CVX,XOM
2021-04-26,81.69012451171875,45.664276123046875,2.050526017837353,0.61003074868916,0.02128666549355751,-1.3534538997521541,-1.3119008303937758,1.3119008303937758,0.0026239056089409907,0.0046551845950500844,0.8659370491938985,-0.033702195276718694,12.704142143072955,2.0,0.3611111111111111,CVX,XOM
2021-04-27,82.6396255493164,46.26295852661133,2.050526017837353,0.61003074868916,0.024896993343773488,-0.9646139168537079,-1.3534538997521541,1.3534538997521541,-0.0015020126861826633,0.00431138224187898,0.8655937472621402,-0.03520420796290136,13.61081411367541,3.0,0.36507936507936506,CVX,XOM
2021-04-28,84.66741180419922,47.65715789794922,2.050526017837353,0.61003074868916,0.031025916776191043,-0.34563042750048156,-0.9646139168537079,0.9646139168537079,0.0036103278502159775,0.0044667208657818225,0.8708084979421913,-0.03159388011268538,13.714555795136155,0.0,0.33928571428571425,CVX,XOM
2021-04-29,86.01925659179688,48.33786392211914,2.050526017837353,0.61003074868916,0.03821465391174117,0.36828237688199855,-0.34563042750048156,0.34563042750048156,0.0061289234324175546,0.00476364535236239,0.8795494356753287,-0.025464956680267825,13.709813861396881,0.0,0.28968253968253965,CVX,XOM
2021-04-30,82.93737030029297,46.94366455078125,2.050526017837353,0.61003074868916,0.01958294403150651,-1.3501623336311404,0.36828237688199855,0.36828237688199855,0.007188737135550127,0.005091484319779077,0.8799886958006486,-0.018276219544717698,13.986489871275394,0.0,0.2916666666666667,CVX,XOM
2021-05-03,84.91685485839844,48.23944854736328,2.050526017837353,0.61003074868916,0.026559350664952852,-0.6767700363376065,-1.3501623336311404,1.3501623336311404,-0.01863170988023466,0.00626931140169593,0.8813493663807193,-0.03690792942495236,13.157705363134816,1.0,0.3115079365079365,CVX,XOM
2021-05-04,85.38356018066406,48.54289245605469,2.050526017837353,0.61003074868916,0.02821503004202741,-0.5198079335048824,-0.6767700363376065,0.6767700363376065,0.0069764066334463415,0.006510052109469166,0.8907265620579554,-0.029931522791506016,16.54046501254204,0.0,0.3055555555555556,CVX,XOM
2021-05-05,87.67686462402344,50.002708435058594,2.050526017837353,0.61003074868916,0.036644678847748136,0.24939700380319554,-0.5198079335048824,0.5198079335048824,0.0016556793770745593,0.006354590335847277,0.9076868059621487,-0.028275843414431456,17.568899604576572,0.0,0.25992063492063494,CVX,XOM
2021-05-06,87.72514343261719,50.47837448120117,2.050526017837353,0.61003074868916,0.03141949624043372,-0.20024150280266115,0.24939700380319554,0.24939700380319554,0.008429648805720724,0.006596883018204753,0.9102582454096976,-0.019846194608710732,17.430280584345685,0.0,0.26587301587301587,CVX,XOM
2021-05-07,88.52982330322266,51.2000846862793,2.050526017837353,0.61003074868916,0.03189032149956672,-0.1019037173814136,-0.20024150280266115,0.20024150280266115,-0.005225182607314416,0.00660925063383512,0.9080839375813587,-0.025071377216025148,17.372508429253188,0.0,0.2698412698412698,CVX,XOM
2021-05-10,88.16770935058594,51.32310485839844,2.050526017837353,0.61003074868916,0.02632764522038844,-0.6130169925315521,-0.1019037173814136,0.1019037173814136,0.0004708252591330009,0.006609344617657905,0.9097172110972792,-0.024600551956892147,16.55377352985633,0.0,0.2718253968253968,CVX,XOM
2021-05-11,85.85830688476562,49.69106674194336,2.050526017837353,0.61003074868916,0.019498870544949476,-1.3477607709225476,-0.6130169925315521,0.6130169925315521,-0.00556267627917828,0.006536263052148353,0.9148574340122784,-0.030163228236070427,13.791503960155003,0.0,0.26587301587301587,CVX,XOM
2021-05-12,86.39744567871094,49.95732498168945,2.050526017837353,0.61003074868916,0.022498654527569162,-0.9791443170971253,-1.3477607709225476,1.3477607709225476,-0.0068287746754389644,0.006680572210683487,0.920220433410285,-0.03699200291150939,15.602518498079814,1.0,0.2638888888888889,CVX,XOM
2021-05-13,85.84223937988281,49.34159469604492,2.050526017837353,0.61003074868916,0.02361715300346301,-0.8270648758625351,-0.9791443170971253,0.9791443170971253,0.002999783982619686,0.006696950549726846,0.9189620842671364,-0.033992218928889706,16.346290835479646,0.0,0.27380952380952384,CVX,XOM
2021-05-14,88.0872573852539,50.56473159790039,2.050526017837353,0.61003074868916,0.03449609077669935,1.0443049130422357,-0.8270648758625351,0.8270648758625351,0.0011184984758938477,0.006634366208026047,0.9251648192901623,-0.03287372045299586,14.434409585398482,0.0,0.23412698412698413,CVX,XOM
2021-05-17,89.16549682617188,51.74626541137695,2.050526017837353,0.61003074868916,0.03257191409660942,0.8267460158571487,1.0443049130422357,1.0443049130422357,0.010878937773236341,0.007046485962544686,0.9260573060812586,-0.021994782679759517,12.83672728001699,1.0,0.2361111111111111,CVX,XOM
2021-05-18,86.48573303222656,50.281822204589844,2.050526017837353,0.61003074868916,0.01957037328124933,-1.5142079618887299,0.8267460158571487,0.8267460158571487,-0.0019241766800899285,0.006991267650522882,0.9254272403659564,-0.023918959359849445,10.258425729535869,0.0,0.24206349206349206,CVX,XOM
2021-05-19,84.05845642089844,49.0753288269043,2.050526017837353,0.61003074868916,0.005919304349864429,-3.256790215875498,-1.5142079618887299,1.5142079618887299,-0.013001540815360091,0.007455368125276102,0.9256477510672309,-0.036920500175209536,8.60282066459687,1.0,0.251984126984127,CVX,XOM
2021-05-20,84.35169982910156,48.958839416503906,2.050526017837353,0.61003074868916,0.010851541263904085,-2.195274138316815,-3.256790215875498,3.256790215875498,-0.013651068931384902,0.00785958436276418,0.9266784486894958,-0.05057156910659444,9.99636663792607,2.0,0.2599206349206349,CVX,XOM
2021-05-21,84.8078384399414,49.02540969848633,2.050526017837353,0.61003074868916,0.015415646132110439,-1.420896935787182,-2.195274138316815,2.195274138316815,0.004932236914039656,0.007725973303769505,0.9253087309824569,-0.04563933219255478,9.154681024915805,3.0,0.26587301587301587,CVX,XOM
2021-05-24,86.01332092285156,49.59953689575195,2.050526017837353,0.61003074868916,0.022427405445534454,-0.4024670626191426,-1.420896935787182,1.420896935787182,0.004564104868206353,0.007776175718836838,0.9248396555315903,-0.04107522732434843,9.870081687699079,4.0,0.27976190476190477,CVX,XOM
2021-05-25,84.60420989990234,48.47624969482422,2.050526017837353,0.61003074868916,0.019883543606316056,-0.7214561242443837,-0.4024670626191426,0.4024670626191426,0.007011759313424015,0.007933914287605311,0.9221634817406269,-0.034063468010924414,9.47520392551495,0.0,0.3194444444444444,CVX,XOM
2021-05-26,84.8078384399414,49.042049407958984,2.050526017837353,0.61003074868916,0.01520863078537893,-1.2863947486862337,-0.7214561242443837,0.7214561242443837,-0.0025438618392183976,0.00790944060854098,0.9242613072737141,-0.03660732985014281,8.536321910756287,0.0,0.3055555555555556,CVX,XOM
2021-05-27,83.90371704101562,48.72586441040039,2.050526017837353,0.61003074868916,0.008436310665874913,-1.9945049606264555,-1.2863947486862337,1.2863947486862337,-0.004674912820937127,0.007823757183576861,0.925368391611617,-0.04128224267107994,8.41107766043329,1.0,0.27976190476190477,CVX,XOM
2021-05-28,84.53902435302734,48.567771911621094,2.050526017837353,0.61003074868916,0.01796212989954782,-0.7302752009333533,-1.9945049606264555,1.9945049606264555,-0.006772320119504016,0.0077025377247720685,0.9254430098486452,-0.048054562790583955,6.812542632073223,2.0,0.2638888888888889,CVX,XOM
2021-06-01,86.86859130859375,50.306793212890625,2.050526017837353,0.61003074868916,0.023684562172349377,0.026401698841094102,-0.7302752009333533,0.7302752009333533,0.009525819233672905,0.0069799301624121944,0.9385930718383902,-0.03852874355691105,7.235472634230021,0.0,0.0873015873015873,CVX,XOM
2021-06-02,88.03334045410156,50.70618438720703,2.050526017837353,0.61003074868916,0.0321796641178036,1.06493028197256,0.026401698841094102,0.026401698841094102,0.005722432272801559,0.0069216421986523355,0.9387690159857686,-0.03280631128410949,7.523158088680575,0.0,0.08531746031746032,CVX,XOM
2021-06-03,87.63422393798828,50.905887603759766,2.050526017837353,0.61003074868916,0.025237808343312018,0.20703719664890388,1.06493028197256,1.06493028197256,0.00849510194545422,0.007166712641314025,0.9397882854975738,-0.02431120933865527,8.882870418550635,1.0,0.09126984126984126,CVX,XOM
2021-06-04,88.33470153808594,51.130531311035156,2.050526017837353,0.61003074868916,0.030513133135939174,0.8292031072078273,0.20703719664890388,0.20703719664890388,-0.006941855774491579,0.007066278602284053,0.9422554187464834,-0.03125306511314685,7.5987185869792695,0.0,0.07738095238095238,CVX,XOM
2021-06-07,87.76453399658203,50.79771423339844,2.050526017837353,0.61003074868916,0.02802135562214758,0.4899377539477884,0.8292031072078273,0.8292031072078273,0.005275324792627156,0.007090970117414346,0.9427577981847518,-0.025977740320519693,7.7401174078052355,0.0,0.07539682539682539,CVX,XOM
2021-06-08,88.56277465820312,51.69635009765625,2.050526017837353,0.61003074868916,0.02637810482524916,0.26164278203174124,0.4899377539477884,0.4899377539477884,-0.002491777513791593,0.007109560650035598,0.9438525250898421,-0.028469517834311286,8.215913483683144,0.0,0.0753968253968254,CVX,XOM
2021-06-09,87.78897857666016,52.1290283203125,2.050526017837353,0.61003074868916,0.012517979392176137,-1.3872074282312732,0.26164278203174124,0.26164278203174124,-0.0016432507968984211,0.007012211762577883,0.9441366757119518,-0.030112768631209708,8.898946314539963,0.0,0.06944444444444445,CVX,XOM
2021-06-10,88.30213165283203,52.21222686767578,2.050526017837353,0.61003074868916,0.017373423534359222,-0.7422321632599614,-1.3872074282312732,1.3872074282312732,-0.013860125433073023,0.007504854011776499,0.9397009209114947,-0.04397289406428273,9.64307868256468,1.0,0.11904761904761904,CVX,XOM
2021-06-11,87.8948745727539,51.72962951660156,2.050526017837353,0.61003074868916,0.01841539963441763,-0.5637255280639364,-0.7422321632599614,0.7422321632599614,0.004855444142183085,0.007556972115419939,0.9371326996088145,-0.039117449922099645,9.532640127772499,0.0,0.15079365079365079,CVX,XOM
2021-06-14,87.94373321533203,51.646427154541016,2.050526017837353,0.61003074868916,0.019953089487557474,-0.3668185585179147,-0.5637255280639364,0.5637255280639364,0.001041976100058406,0.007556294442874349,0.9366177653150943,-0.03807547382204124,9.584457595406342,0.0,0.15476190476190477,CVX,XOM
2021-06-15,89.84156036376953,53.52689743041992,2.050526017837353,0.61003074868916,0.019486862449215714,-0.3971743409909743,-0.3668185585179147,0.3668185585179147,0.0015376898531398453,0.007130017127397365,0.9290448805162719,-0.036537783968901394,9.591099038690713,0.0,0.2380952380952381,CVX,XOM
2021-06-16,89.32840728759766,53.33551788330078,2.050526017837353,0.61003074868916,0.01594373838459262,-0.8015515328707623,-0.3971743409909743,0.3971743409909743,-0.00046622703834175994,0.007124857233617828,0.9285484286504373,-0.037004011007243154,9.709025443243343,0.0,0.24206349206349206,CVX,XOM
2021-06-17,87.21066284179688,51.579856872558594,2.050526017837353,0.61003074868916,0.012369292173838975,-1.2049372956765314,-0.8015515328707623,0.8015515328707623,-0.0035431240646230933,0.006582889872045667,0.9281983063692457,-0.04054713507186625,9.82193633266377,0.0,0.2222222222222222,CVX,XOM
2021-06-18,83.92001342773438,50.256866455078125,2.050526017837353,0.61003074868916,-0.010242122804570819,-3.307822578750115,-1.2049372956765314,1.2049372956765314,-0.0035744462107536457,0.005880864183863579,0.9318600961002337,-0.04412158128261989,9.880969393245127,1.0,0.14285714285714285,CVX,XOM
2021-06-21,86.37985229492188,52.07909393310547,2.050526017837353,0.61003074868916,-0.0030788986430634324,-2.244538287434753,-3.307822578750115,3.307822578750115,-0.022611414978409794,0.007610760084529717,0.9309207225809468,-0.06673299626102969,10.44130785235735,2.0,0.24007936507936506,CVX,XOM
2021-06-22,86.66492462158203,53.077579498291016,2.050526017837353,0.61003074868916,-0.011369212981567234,-2.6193919657985747,-2.244538287434753,2.244538287434753,0.007163224161507387,0.00772689728252897,0.936627845424298,-0.0595697720995223,10.031016009692951,3.0,0.17658730158730157,CVX,XOM
2021-06-23,86.55904388427734,53.46864700317383,2.050526017837353,0.61003074868916,-0.017069821790934636,-2.638942298272916,-2.6193919657985747,2.6193919657985747,-0.008290314338503801,0.007660467394107147,0.9299671701077235,-0.06592175079307117,10.707240030078923,4.0,0.25595238095238093,CVX,XOM
2021-06-24,87.2676773071289,53.68497848510742,2.050526017837353,0.61003074868916,-0.01137961975864954,-1.9633482072939856,-2.638942298272916,2.638942298272916,-0.005700608809367402,0.007708806430992413,0.9286611017950415,-0.06991277510481986,11.49203832142007,5.0,0.2857142857142857,CVX,XOM
2021-06-25,87.39801788330078,53.801475524902344,2.050526017837353,0.61003074868916,-0.011209501564258595,-1.772921332617352,-1.9633482072939856,1.9633482072939856,0.005690202032285097,0.007848465864277534,0.9272366887380494,-0.06272758356982377,11.033497412837335,6.0,0.3333333333333333,CVX,XOM
2021-06-28,84.70194244384766,52.428565979003906,2.050526017837353,0.61003074868916,-0.026774704151798723,-2.502502205999407,-1.772921332617352,1.772921332617352,0.00017011819439094467,0.007753005240853821,0.9269671487329406,-0.05486535988079222,11.159473925994181,7.0,0.3253968253968254,CVX,XOM
2021-06-29,84.51461029052734,52.10405731201172,2.050526017837353,0.61003074868916,-0.025201273538976388,-2.1533320340666946,-2.502502205999407,2.502502205999407,-0.015565202587540128,0.007977921990327074,0.9349771501517504,-0.06817005163982204,13.450955692809634,8.0,0.22420634920634921,CVX,XOM
2021-06-30,85.31283569335938,52.486812591552734,2.050526017837353,0.61003074868916,-0.020265668767244005,-1.691028984986176,-2.1533320340666946,2.1533320340666946,0.0015734306128223352,0.007820652811110468,0.9339703610092042,-0.06341592745071756,13.466357545529792,9.0,0.21230158730158732,CVX,XOM
2021-07-01,86.51016235351562,52.63657760620117,2.050526017837353,0.61003074868916,-0.008066871238155748,-0.938016643849151,-1.691028984986176,1.691028984986176,0.0049356047717323825,0.0076072703541620375,0.9340903621125327,-0.058480322678985175,12.736644798953407,10.0,0.1865079365079365,CVX,XOM
2021-07-02,86.3961410522461,52.56169891357422,2.050526017837353,0.61003074868916,-0.008517327852769263,-0.9137123096451312,-0.938016643849151,0.938016643849151,0.012198797529088257,0.008185652409423642,0.9294055487473617,-0.04628152514989692,11.92619123742941,0.0,0.34523809523809523,CVX,XOM
2021-07-06,84.70194244384766,51.06397247314453,2.050526017837353,0.61003074868916,-0.010686737672571223,-0.9743363514781923,-0.9137123096451312,0.9137123096451312,-0.0004504566146135147,0.00803667595061435,0.9287237609467529,-0.04673198176451043,12.018855147792467,0.0,0.34523809523809523,CVX,XOM
2021-07-07,83.83855438232422,50.26518249511719,2.050526017837353,0.61003074868916,-0.011314202930730932,-0.9444780365905862,-0.9743363514781923,0.9743363514781923,-0.0021694098198019596,0.00803589948423821,0.9295101960625156,-0.04890139158431239,12.515258502441187,0.0,0.3273809523809524,CVX,XOM
2021-07-08,83.56974029541016,50.04052734375,2.050526017837353,0.61003074868916,-0.011793102583116166,-0.9091816788740064,-0.9444780365905862,0.9444780365905862,-0.0006274652581597095,0.008040794024881328,0.9294607419274984,-0.0495288568424721,12.703179513496877,0.0,0.33333333333333337,CVX,XOM
2021-07-09,84.76709747314453,50.94748306274414,2.050526017837353,0.61003074868916,-0.008524587198831757,-0.6820730121647486,-0.9091816788740064,0.9091816788740064,-0.000478899652385234,0.007558762156352023,0.9295358157591527,-0.050007756494857336,12.913553261024472,0.0,0.2579365079365079,CVX,XOM
2021-07-12,84.93815612792969,50.89755630493164,2.050526017837353,0.61003074868916,-0.00591053451428003,-0.5087711303119778,-0.6820730121647486,0.6820730121647486,0.0032685153842844095,0.007502738330333395,0.9291095918452872,-0.04673924111057293,12.944238194838098,0.0,0.26587301587301587,CVX,XOM
2021-07-13,84.65306091308594,50.6562614440918,2.050526017837353,0.61003074868916,-0.006373776174589452,-0.4931017701917552,-0.5087711303119778,0.5087711303119778,0.0026140526845517265,0.00753497511840644,0.9284529549443695,-0.0441251884260212,12.757786407601392,0.0,0.28174603174603174,CVX,XOM
2021-07-14,83.05661010742188,49.53297424316406,2.050526017837353,0.61003074868916,-0.011733136480592155,-0.7370551809527884,-0.4931017701917552,0.4931017701917552,-0.0004632416603094214,0.007510990162029844,0.928374158082465,-0.04458843008633062,13.554612948401937,0.0,0.2857142857142857,CVX,XOM
2021-07-15,82.5108871459961,49.050376892089844,2.050526017837353,0.61003074868916,-0.012352668354538299,-0.7209291739352337,-0.7370551809527884,0.7370551809527884,-0.005359360306002703,0.007558854462288696,0.9315165694430106,-0.049947790392333324,14.308927370661111,0.0,0.23015873015873015,CVX,XOM
2021-07-16,80.32796478271484,47.69410705566406,2.050526017837353,0.61003074868916,-0.02205982901002157,-1.2202618924503634,-0.7209291739352337,0.7209291739352337,-0.0006195318739461442,0.007547369714636691,0.929813037093827,-0.05056732226627947,14.501947678438567,0.0,0.251984126984127,CVX,XOM
2021-07-19,78.16134643554688,46.05492401123047,2.050526017837353,0.61003074868916,-0.02806770352391519,-1.506862955729077,-1.2202618924503634,1.2202618924503634,-0.009707160655483271,0.007750723214348332,0.9325508621931149,-0.06027448292176274,15.888240094603944,1.0,0.24007936507936506,CVX,XOM
2021-07-20,78.62564086914062,46.56248474121094,2.050526017837353,0.61003074868916,-0.028831304052719275,-1.4834403178862643,-1.506862955729077,1.506862955729077,-0.0060078745138936185,0.006203520486921741,0.9350405745990852,-0.06628235743565636,17.18538918289633,2.0,0.1111111111111111,CVX,XOM
2021-07-21,81.30538940429688,48.060211181640625,2.050526017837353,0.61003074868916,-0.014630106946823318,-0.5257923287128348,-1.4834403178862643,1.4834403178862643,-0.000763600528804087,0.005923144777872103,0.9350259726770889,-0.06704595796446045,17.7372725052576,3.0,0.10714285714285714,CVX,XOM
2021-07-22,80.49087524414062,47.51936721801758,2.050526017837353,0.61003074868916,-0.01779470465086952,-0.689994099879758,-0.5257923287128348,0.5257923287128348,0.014201197105895957,0.00658500271962172,0.9376870577560087,-0.05284476085856449,13.484448212371205,0.0,0.10912698412698413,CVX,XOM
2021-07-23,80.5234375,47.461124420166016,2.050526017837353,0.61003074868916,-0.016642088957703915,-0.5577692834756497,-0.689994099879758,0.689994099879758,-0.0031645977040462014,0.006501032044583871,0.9375742804475541,-0.05600935856261069,15.938112273737449,0.0,0.10515873015873015,CVX,XOM
2021-07-26,82.22579193115234,48.659297943115234,2.050526017837353,0.61003074868916,-0.010930623129530748,-0.06641998786439317,-0.5577692834756497,0.5577692834756497,0.001152615693165604,0.006375186547531447,0.9350405761321172,-0.054856742869445085,15.544042045578834,0.0,0.12301587301587302,CVX,XOM
2021-07-27,81.94886016845703,48.11846160888672,2.050526017837353,0.61003074868916,-0.007485943389464733,0.3160312812767213,-0.06641998786439317,0.06641998786439317,0.005711465828173168,0.0065070452682739486,0.9364708129641705,-0.04757530197727888,14.528453183289182,0.0,0.12698412698412698,CVX,XOM
2021-07-28,82.41315460205078,48.442955017089844,2.050526017837353,0.61003074868916,-0.005936288738881412,0.6115718973859583,0.3160312812767213,0.3160312812767213,0.0034446797400660145,0.005467285082467912,0.9338992922201199,-0.04413062223721287,12.859078121491928,0.0,0.11507936507936507,CVX,XOM
2021-07-29,83.54532623291016,49.03372573852539,2.050526017837353,0.61003074868916,0.0003135178918571846,1.4877990290793717,0.6115718973859583,0.6115718973859583,0.0015496546505833209,0.005467155118167788,0.9315555863710887,-0.04258096758662955,10.562543700931176,0.0,0.1507936507936508,CVX,XOM
2021-07-30,82.92627716064453,47.90211486816406,2.050526017837353,0.61003074868916,0.0071196070253520816,2.439566109441957,1.4877990290793717,1.4877990290793717,0.006249806630738597,0.005522125614158597,0.9317289156096319,-0.03633116095589095,9.660345555071347,1.0,0.1488095238095238,CVX,XOM
2021-08-02,82.7796859741211,47.91043472290039,2.050526017837353,0.61003074868916,0.005244370046527003,1.9936785144446953,2.439566109441957,2.439566109441957,0.006806089133494897,0.005084453285179359,0.9232687201317058,-0.02737648375134727,9.104123599158886,2.0,0.27182539682539686,CVX,XOM
2021-08-03,83.56974029541016,48.42631912231445,2.050526017837353,0.61003074868916,0.008209668130471304,2.14281519761551,1.9936785144446953,1.9936785144446953,-0.001875236978825079,0.005110817676249821,0.9248817403100401,-0.029251720730172348,9.94647585583185,3.0,0.26785714285714285,CVX,XOM
2021-08-04,81.69637298583984,47.294708251953125,2.050526017837353,0.61003074868916,-3.802235621197525e-05,1.1833598940304015,2.14281519761551,2.14281519761551,0.002965298083944301,0.005089751020421603,0.9250595308829946,-0.026286422646228047,10.702889954268802,4.0,0.2599206349206349,CVX,XOM
2021-08-05,82.45386505126953,47.59425735473633,2.050526017837353,0.61003074868916,0.005339747060191691,1.6047381773922402,1.1833598940304015,1.1833598940304015,-0.008247690486683279,0.005464604697083716,0.9282820024612565,-0.034534113132911326,10.320044599981033,5.0,0.2222222222222222,CVX,XOM
2021-08-06,83.04032897949219,48.1434211730957,2.050526017837353,0.61003074868916,0.005428694012687529,1.4960104361776503,1.6047381773922402,1.6047381773922402,0.005377769416403666,0.005557022739287596,0.9248202366489318,-0.02915634371650766,10.038430799490186,6.0,0.2936507936507936,CVX,XOM
2021-08-09,81.6556167602539,47.59425735473633,2.050526017837353,0.61003074868916,-0.004388570618023557,0.5186744828114627,1.4960104361776503,1.4960104361776503,8.894695249583862e-05,0.005531169755390201,0.9248537585376855,-0.02906739676401182,12.355335791985457,7.0,0.2876984126984127,CVX,XOM
2021-08-10,83.1462173461914,48.4096794128418,2.050526017837353,0.61003074868916,0.0033385323824823843,1.1964084239057102,0.5186744828114627,0.5186744828114627,-0.009817264630711087,0.0059625542964990095,0.9247710907640493,-0.03888466139472291,12.768392422589747,0.0,0.3115079365079365,CVX,XOM
2021-08-11,83.77339935302734,48.55112838745117,2.050526017837353,0.61003074868916,0.009073487608928676,1.6487145205845999,1.1964084239057102,1.1964084239057102,0.0077271030005059416,0.0061884326551568955,0.9234616310963334,-0.029233381714127038,12.449649725265449,1.0,0.3194444444444444,CVX,XOM
2021-08-12,83.60234832763672,48.44132614135742,2.050526017837353,0.61003074868916,0.008410765992368674,1.472296543432555,1.6487145205845999,1.6487145205845999,0.005734955226446292,0.0061366587394252586,0.9234942922777397,-0.02310617650887492,12.416494992965077,2.0,0.31746031746031744,CVX,XOM
2021-08-13,83.04847717285156,47.95142364501953,2.050526017837353,0.61003074868916,0.007964498998628056,1.333991351640411,1.472296543432555,1.472296543432555,-0.0006627216165600025,0.006137250035185646,0.92006609711977,-0.023768898125434923,12.628127119392763,3.0,0.3392857142857143,CVX,XOM
2021-08-16,82.20135498046875,47.25035095214844,2.050526017837353,0.61003074868916,0.006696567995389646,1.1404290889525093,1.333991351640411,1.333991351640411,-0.0004462669937406183,0.0056381288687002845,0.9182821540103544,-0.02421516511917554,13.28455691257547,4.0,0.32142857142857145,CVX,XOM
2021-08-17,82.04661560058594,46.92938232421875,2.050526017837353,0.61003074868916,0.008970389550188251,1.2594234786587373,1.1404290889525093,1.1404290889525093,-0.0012679310032384095,0.005412616375473433,0.9199446480338072,-0.02548309612241395,13.27375472327883,5.0,0.2976190476190476,CVX,XOM
2021-08-18,79.82600402832031,45.94113540649414,2.050526017837353,0.61003074868916,-0.0054845440633375375,-0.06568744958840159,1.2594234786587373,1.2594234786587373,0.002273821554798605,0.00538281908486312,0.9199598270286817,-0.023209274567615346,13.574687039003965,6.0,0.29563492063492064,CVX,XOM
2021-08-19,77.83654022216797,44.53898620605469,2.050526017837353,0.61003074868916,-0.01181435057918545,-0.6412519566385468,-0.06568744958840159,0.06568744958840159,-0.014454933613525789,0.005718532453688961,0.9197112678261814,-0.037664208181141134,14.201767552235703,0.0,0.32341269841269843,CVX,XOM
2021-08-20,77.84479522705078,44.54743957519531,2.050526017837353,0.61003074868916,-0.011824071615833986,-0.6290767563411004,-0.6412519566385468,0.6412519566385468,-0.006329806515847913,0.0058586597215538475,0.9220358241240906,-0.04399401469698905,15.006205619937791,0.0,0.3134920634920635,CVX,XOM
2021-08-23,79.85077667236328,46.38035202026367,2.050526017837353,0.61003074868916,-0.01097870773206644,-0.5347085159672585,-0.6290767563411004,0.6290767563411004,-9.72103664853563e-06,0.005855668251392737,0.9238762612981162,-0.04400373573363758,14.770807071206072,0.0,0.2976190476190476,CVX,XOM
2021-08-24,80.76708221435547,46.76044464111328,2.050526017837353,0.61003074868916,-0.004547727318454875,0.03903363568526545,-0.5347085159672585,0.5347085159672585,0.000845363883767547,0.005722898568670617,0.9264207493134333,-0.043158371849870036,16.134707442049837,0.0,0.25595238095238093,CVX,XOM
2021-08-25,81.3201675415039,46.84491729736328,2.050526017837353,0.61003074868916,0.0011758123214753446,0.5168092779723504,0.03903363568526545,0.03903363568526545,0.0064309804136115645,0.005848467795230352,0.9299443284407017,-0.03672739143625847,14.957339146187495,0.0,0.1845238095238095,CVX,XOM
2021-08-26,80.25526428222656,46.21141052246094,2.050526017837353,0.61003074868916,-0.0036998427891892227,0.05119728344722421,0.5168092779723504,0.5168092779723504,0.00572353963993022,0.005968046347507993,0.9248268269146155,-0.031003851796328252,13.4348191837641,0.0,0.30753968253968256,CVX,XOM
2021-08-27,81.427490234375,47.10675811767578,2.050526017837353,0.61003074868916,-0.0009055905929153951,0.2528042906169749,0.05119728344722421,0.05119728344722421,-0.004875655110664567,0.005910952629794216,0.9262896026841115,-0.0342129759251284,12.56037774115964,0.0,0.27380952380952384,CVX,XOM
2021-08-30,81.22111511230469,46.591514587402344,2.050526017837353,0.61003074868916,0.0032658704409400663,0.6076115081406759,0.2528042906169749,0.2528042906169749,0.0027942521962738276,0.005735230506413508,0.9298218315671428,-0.03141872372885457,12.243069047383893,0.0,0.18253968253968256,CVX,XOM
2021-08-31,79.88380432128906,46.050933837890625,2.050526017837353,0.61003074868916,-0.0062169498807098655,-0.5436418486778852,0.6076115081406759,0.6076115081406759,0.004171461033855461,0.005808469761780169,0.9285271801905364,-0.024755485181207515,11.300140274303876,0.0,0.2242063492063492,CVX,XOM
2021-09-01,79.00875091552734,45.41743469238281,2.050526017837353,0.61003074868916,-0.008781328012084977,-0.9069378850306568,-0.5436418486778852,0.5436418486778852,-0.009482820321649932,0.00610608985222451,0.9277543951910424,-0.032595054705959026,11.720821922852714,0.0,0.2698412698412698,CVX,XOM
2021-09-02,80.65975189208984,46.523948669433594,2.050526017837353,0.61003074868916,-0.0027843734760621963,-0.23341984067608043,-0.9069378850306568,0.9069378850306568,-0.0025643781313751113,0.005877169378951733,0.9285432982740458,-0.02873441749964245,11.057762305182276,0.0,0.2361111111111111,CVX,XOM
2021-09-03,80.47815704345703,46.346561431884766,2.050526017837353,0.61003074868916,-0.002707900172138622,-0.3104778574117027,-0.23341984067608043,0.23341984067608043,0.0059969545360227805,0.00590926247916818,0.93996822872187,-0.02273746296361967,11.867273553236686,0.0,0.09126984126984126,CVX,XOM
2021-09-07,80.12317657470703,46.0762825012207,2.050526017837353,0.61003074868916,-0.0035606230967974994,-0.49019548111119204,-0.3104778574117027,0.3104778574117027,7.647330392357432e-05,0.005909210844257902,0.940440531061493,-0.022660989659696096,11.504662931902798,0.0,0.09126984126984126,CVX,XOM
2021-09-08,79.57012176513672,45.65393829345703,2.050526017837353,0.61003074868916,-0.004869667297538793,-0.7121686057157859,-0.49019548111119204,0.49019548111119204,-0.0008527229246588774,0.0055045428556160046,0.9407578142193285,-0.023513712584354973,12.667462238004102,0.0,0.05555555555555555,CVX,XOM
2021-09-09,79.2481460571289,45.6877326965332,2.050526017837353,0.61003074868916,-0.009375711949961119,-1.3643551798213713,-0.7121686057157859,0.7121686057157859,-0.001309044200741294,0.005218576744098292,0.9409725707377662,-0.024356529746754507,13.045150018059996,0.0,0.03968253968253968,CVX,XOM
2021-09-10,79.30593872070312,45.59481430053711,2.050526017837353,0.61003074868916,-0.00740478939875544,-1.0084142112597765,-1.3643551798213713,1.3643551798213713,-0.004506044652422325,0.005091343980337209,0.9404989162981365,-0.02531945033455374,13.533596013264136,1.0,0.03571428571428571,CVX,XOM
2021-09-13,80.87438201904297,46.768890380859375,2.050526017837353,0.61003074868916,-0.0033302719793386615,-0.3568410761809283,-1.0084142112597765,1.0084142112597765,0.0019709225512056783,0.005130268340378576,0.9405960638476236,-0.019774081572594415,13.094805915334511,2.0,0.04365079365079365,CVX,XOM
2021-09-14,79.4132308959961,46.10161590576172,2.050526017837353,0.61003074868916,-0.01279610201133563,-1.6501722760547848,-0.3568410761809283,0.3568410761809283,0.004074517419416779,0.005238910191545058,0.940846002552372,-0.012403759588267338,11.411248509474191,0.0,0.047619047619047616,CVX,XOM
2021-09-15,81.09727478027344,47.655784606933594,2.050526017837353,0.61003074868916,-0.012037926088826367,-1.4394154183487387,-1.6501722760547848,1.6501722760547848,-0.009465830031996969,0.005587030841331815,0.9459262800570928,-0.021869589620264307,10.892273037485856,1.0,0.05952380952380952,CVX,XOM
2021-09-16,80.33782196044922,47.148990631103516,2.050526017837353,0.61003074868916,-0.014924670616327074,-1.7026776003897528,-1.4394154183487387,1.4394154183487387,0.0007581759225092632,0.005552628123719409,0.9422809988511432,-0.021111413697755044,9.651888706163659,2.0,0.06547619047619047,CVX,XOM
2021-09-17,79.87554931640625,46.591514587402344,2.050526017837353,0.61003074868916,-0.01343959137670625,-1.3906427885048604,-1.7026776003897528,1.7026776003897528,-0.0028867445275007064,0.00465635821557262,0.9493259613386723,-0.02399815822525575,9.61093717025667,3.0,0.00992063492063492,CVX,XOM
2021-09-20,78.24103546142578,45.3498649597168,2.050526017837353,0.61003074868916,-0.017637437075706863,-1.8039748926137655,-1.3906427885048604,1.3906427885048604,0.0014850792396208234,0.004472673560292666,0.9514605078652758,-0.022513078985634927,9.287199492025785,4.0,0.007936507936507936,CVX,XOM
2021-09-21,78.29882049560547,45.30763244628906,2.050526017837353,0.61003074868916,-0.016330796271611714,-1.5124931233816776,-1.8039748926137655,1.8039748926137655,-0.004197845699000613,0.004561580312988471,0.95324723390714,-0.02671092468463554,9.305080410081677,5.0,0.00992063492063492,CVX,XOM
2021-09-22,80.60198211669922,46.63376235961914,2.050526017837353,0.61003074868916,-0.004939046760490395,-0.014541827938111661,-1.5124931233816776,1.5124931233816776,0.0013066408040951494,0.004568426903451413,0.9532178599753031,-0.02540428388054039,9.873393340074372,6.0,0.013888888888888888,CVX,XOM
2021-09-23,82.59968566894531,48.21326446533203,2.050526017837353,0.61003074868916,-0.000776162988685325,0.604493294508378,-0.014541827938111661,0.014541827938111661,0.011391749511121319,0.005036117161707626,0.9572085344565645,-0.014012534369419072,9.000557694213645,0.0,0.021825396825396824,CVX,XOM
2021-09-24,83.04545593261719,48.644046783447266,2.050526017837353,0.61003074868916,-0.0008202963527352836,0.6780757404454307,0.604493294508378,0.604493294508378,0.00416288377180507,0.004958010502113417,0.9589972358207737,-0.009849650597614001,9.33149965625563,0.0,0.021825396825396824,CVX,XOM
2021-09-27,85.00189208984375,50.08841323852539,2.050526017837353,0.61003074868916,0.004615432100524952,1.531817207112123,0.6780757404454307,0.6780757404454307,-4.41333640499586e-05,0.004835510411391961,0.9588666165401102,-0.00989378396166396,8.843045561646711,0.0,0.023809523809523808,CVX,XOM
2021-09-28,85.32386016845703,50.61210632324219,2.050526017837353,0.61003074868916,0.0020510645608893263,1.212961933385819,1.531817207112123,1.531817207112123,0.005435728453260236,0.004941017213386902,0.9647766203015659,-0.004458055508403724,8.945521790914965,1.0,0.023809523809523808,CVX,XOM
2021-09-29,85.29906463623047,50.57832336425781,2.050526017837353,0.61003074868916,0.0021677414076264334,1.3545328809148358,1.212961933385819,1.212961933385819,-0.002564367539635626,0.004893353720577736,0.9638778589290196,-0.00702242304803935,8.72004617603913,2.0,0.025793650793650792,CVX,XOM
2021-09-30,83.74713134765625,49.68297576904297,2.050526017837353,0.61003074868916,-0.005298218365307861,0.10879718315974787,1.3545328809148358,1.3545328809148358,0.0001166768467371071,0.004390595518799143,0.9632032791108088,-0.006905746201302243,9.141960261398317,3.0,0.00992063492063492,CVX,XOM
2021-10-01,86.12458038330078,51.465213775634766,2.050526017837353,0.61003074868916,0.0011949291516590854,1.1132332338731885,0.10879718315974787,0.10879718315974787,-0.007465959772934294,0.004677711246346027,0.9634524772546077,-0.014371705974236537,8.937867560460722,0.0,0.023809523809523808,CVX,XOM
2021-10-04,86.44652557373047,52.13249588012695,2.050526017837353,0.61003074868916,-0.0029325404739624084,0.3858970012367591,1.1132332338731885,1.1132332338731885,0.006493147516966946,0.0047097346593212444,0.9654424104136745,-0.007878558457269591,8.424326620465209,1.0,0.021825396825396824,CVX,XOM
2021-10-05,87.3875961303711,52.048030853271484,2.050526017837353,0.61003074868916,0.008883962959241654,2.118842135987428,0.3858970012367591,0.3858970012367591,-0.004127469625621494,0.0048033914470681045,0.9632505407145495,-0.012006028082891085,8.648323338335574,0.0,0.03571428571428571,CVX,XOM
2021-10-06,86.619873046875,51.093563079833984,2.050526017837353,0.61003074868916,0.011350598961313185,2.2104725207063276,2.118842135987428,2.118842135987428,0.011816503433204062,0.00544340491757676,0.958386903483681,-0.00018952464968702287,8.324171541562327,1.0,0.08134920634920634,CVX,XOM
2021-10-07,87.23900604248047,51.237152099609375,2.050526017837353,0.61003074868916,0.016760902457489735,2.581797329146497,2.2104725207063276,2.2104725207063276,0.0024666360020715317,0.005438622861585016,0.9573088978137195,0.0,7.963409287990352,2.0,0.08333333333333333,CVX,XOM
2021-10-08,89.19544219970703,52.52104187011719,2.050526017837353,0.61003074868916,0.023841650929096847,2.8547660063191,2.581797329146497,2.581797329146497,0.0054103034961765495,0.005383019781514065,0.9554851886952836,0.0,8.367685518044599,3.0,0.08531746031746032,CVX,XOM
2021-10-11,88.43598175048828,51.997344970703125,2.050526017837353,0.61003074868916,0.021403886368769776,2.276959085493266,2.8547660063191,2.8547660063191,0.007080748471607112,0.0055277917451493986,0.9566408003309103,0.0,8.225130081155497,4.0,0.10714285714285714,CVX,XOM
2021-10-12,88.45250701904297,51.72706604003906,2.050526017837353,0.61003074868916,0.024769901509303693,2.302774996306312,2.276959085493266,2.276959085493266,-0.0024377645603270715,0.005561918318367903,0.9551530846014704,-0.0024377645603270715,8.795129959235842,5.0,0.12103174603174603,CVX,XOM
2021-10-13,88.98081970214844,51.58346176147461,2.050526017837353,0.61003074868916,0.032420892744228436,2.538711789558122,2.302774996306312,2.302774996306312,0.003366015140533918,0.005002277110323897,0.9514010842884904,0.0,8.864408798428725,6.0,0.07142857142857142,CVX,XOM
2021-10-14,89.82283020019531,52.368995666503906,2.050526017837353,0.61003074868916,0.03261946044531028,2.2427602871491206,2.538711789558122,2.538711789558122,0.007650991234924742,0.005148539911183293,0.9494875386843683,0.0,9.61501840685921,7.0,0.09126984126984126,CVX,XOM
2021-10-15,90.48322296142578,52.867347717285156,2.050526017837353,0.61003074868916,0.034167029075482525,2.0912542772386775,2.2427602871491206,2.2427602871491206,0.00019856770108184207,0.00503816686993898,0.94761713594634,0.0,9.529194520458818,8.0,0.08134920634920634,CVX,XOM
2021-10-18,90.44196319580078,52.842010498046875,2.050526017837353,0.61003074868916,0.03400336511518187,1.8777156071338779,2.0912542772386775,2.0912542772386775,0.0015475686301722469,0.005037631987752405,0.9472245289623196,0.0,9.309382327806055,9.0,0.08333333333333333,CVX,XOM
2021-10-19,92.20852661132812,53.63599395751953,2.050526017837353,0.61003074868916,0.04424971313461201,2.2137780233474347,1.8777156071338779,1.8777156071338779,-0.0001636639603006529,0.004847372954796347,0.9472524788961274,-0.0001636639603006529,8.653581923722689,10.0,0.0734126984126984,CVX,XOM
2021-10-20,93.41375732421875,53.93162155151367,2.050526017837353,0.61003074868916,0.05388263844336594,2.3919411180476695,2.2137780233474347,2.2137780233474347,0.01024634801943014,0.005113998168518551,0.9446806796460308,0.0,13.38437518330535,11.0,0.10515873015873015,CVX,XOM
2021-10-21,92.24154663085938,52.95180892944336,2.050526017837353,0.61003074868916,0.0524394091394198,2.068802023513706,2.3919411180476695,2.3919411180476695,0.009632925308753926,0.004982876738977799,0.9432293798127933,0.0,16.65069492222468,12.0,0.09325396825396826,CVX,XOM
2021-10-22,93.1166000366211,53.31501770019531,2.050526017837353,0.61003074868916,0.05771118017979804,2.072037724470609,2.068802023513706,2.068802023513706,-0.0014432293039461364,0.0050632953602773945,0.944183696712053,-0.0014432293039461364,16.29537103796254,13.0,0.0992063492063492,CVX,XOM
2021-10-25,93.98336791992188,54.35395431518555,2.050526017837353,0.61003074868916,0.055203360713831806,1.7800484940287031,2.072037724470609,2.072037724470609,0.005271771040378237,0.005053845015671895,0.9437893379416584,0.0,17.647437569949577,14.0,0.10515873015873015,CVX,XOM
2021-10-26,94.18973541259766,55.61250686645508,2.050526017837353,0.61003074868916,0.043432678172480976,1.1917582812455507,1.7800484940287031,1.7800484940287031,-0.0025078194659662323,0.0051522265317511156,0.9466878803923368,-0.0025078194659662323,18.864292303392528,15.0,0.11706349206349206,CVX,XOM
2021-10-27,92.51396179199219,54.168113708496094,2.050526017837353,0.61003074868916,0.041534421282070966,1.0399695839025056,1.1917582812455507,1.1917582812455507,-0.01177068254135083,0.005938083782310691,0.9348504947060596,-0.014278502007317062,13.901266828511528,16.0,0.2876984126984127,CVX,XOM
2021-10-28,93.38074493408203,54.320159912109375,2.050526017837353,0.61003074868916,0.04915010077069537,1.2828101399374994,1.0399695839025056,1.0399695839025056,-0.0018982568904100106,0.005987243392782496,0.9365884458872588,-0.016176758897727073,14.68890802924788,17.0,0.2857142857142857,CVX,XOM
2021-10-29,94.51167297363281,54.45531463623047,2.050526017837353,0.61003074868916,0.05967234359715423,1.6154464185596564,1.2828101399374994,1.2828101399374994,0.007615679488624405,0.005694099968435669,0.9322937215062562,-0.008561079409102668,18.999025032502658,18.0,0.2876984126984127,CVX,XOM
2021-11-01,94.54470825195312,55.435123443603516,2.050526017837353,0.61003074868916,0.049143177507418034,1.102540956946698,1.6154464185596564,1.6154464185596564,0.01052224282645886,0.0058917853459623986,0.9289204001420732,0.0,26.784278599757897,19.0,0.3849206349206349,CVX,XOM
2021-11-02,93.96686553955078,54.750946044921875,2.050526017837353,0.61003074868916,0.050588392120405334,1.107988961009769,1.102540956946698,1.102540956946698,-0.010529166089736197,0.006416682959833938,0.9201028582533162,-0.010529166089736197,18.685291443811106,20.0,0.5317460317460317,CVX,XOM
2021-11-03,93.28992462158203,53.99919891357422,2.050526017837353,0.61003074868916,0.051792220532326905,1.0937261023248748,1.107988961009769,1.107988961009769,0.0014452146129873,0.006060389202072836,0.9212784595916508,-0.009083951476748897,17.931269227330798,21.0,0.5079365079365079,CVX,XOM
2021-11-04,93.70269012451172,54.404632568359375,2.050526017837353,0.61003074868916,0.051643917667723915,1.0200332242462178,1.0937261023248748,1.0937261023248748,0.0012038284119215703,0.006062664381725771,0.9209303181499836,-0.007880123064827327,19.453603992105126,22.0,0.5119047619047619,CVX,XOM
2021-11-05,94.71803283691406,54.91986846923828,2.050526017837353,0.61003074868916,0.05667134605399671,1.182748577425022,1.0200332242462178,1.0200332242462178,-0.00014830286460298936,0.00602828167135801,0.9217783038686925,-0.008028425929430316,24.555967840752785,23.0,0.5059523809523809,CVX,XOM
2021-11-08,95.0565185546875,55.511131286621094,2.050526017837353,0.61003074868916,0.05370615007361579,0.9757831621668391,1.182748577425022,1.182748577425022,0.005027428386272792,0.005953542763992425,0.9217257635233473,-0.003000997543157524,34.948787538340945,24.0,0.498015873015873,CVX,XOM
2021-11-09,95.75819396972656,56.051727294921875,2.050526017837353,0.61003074868916,0.05514865128286539,0.9843914424297623,0.9757831621668391,0.9757831621668391,-0.002965195980380919,0.005972690985146623,0.920000171365476,-0.005966193523538443,31.68519525646235,0.0,0.5218253968253969,CVX,XOM
2021-11-10,94.23102569580078,54.947471618652344,2.050526017837353,0.61003074868916,0.05120990137551873,0.7358054130387527,0.9843914424297623,0.9843914424297623,0.0014425012092496026,0.005959194131869068,0.9189427405844292,-0.004523692314288841,33.9107494480489,0.0,0.5297619047619048,CVX,XOM
2021-11-11,94.23927307128906,55.05018615722656,2.050526017837353,0.61003074868916,0.0501581408521421,0.636550603644923,0.7358054130387527,0.7358054130387527,-0.003938749907346661,0.005897915129961948,0.921630152521284,-0.008462442221635502,28.98487467168265,0.0,0.48809523809523814,CVX,XOM
2021-11-12,94.29704284667969,54.63074493408203,2.050526017837353,0.61003074868916,0.055436740041098,0.8928393747787088,0.636550603644923,0.636550603644923,-0.0010517605233766325,0.005912046622862457,0.922437916946009,-0.009514202745012135,29.463309595059737,0.0,0.4861111111111111,CVX,XOM
2021-11-15,96.43509674072266,55.10154724121094,2.050526017837353,0.61003074868916,0.07262245884821539,1.9083652990633302,0.8928393747787088,0.8928393747787088,0.005278599188955901,0.005988634157481773,0.9146782020464236,-0.004235603556056233,37.086058544057636,0.0,0.5515873015873016,CVX,XOM
2021-11-16,96.81482696533203,55.65795135498047,2.050526017837353,0.61003074868916,0.07042333105281262,1.701036266768989,1.9083652990633302,1.9083652990633302,0.01718571880711739,0.006930531136422935,0.9045621140442721,0.0,130.99357322311485,1.0,0.6190476190476191,CVX,XOM
2021-11-17,96.38060760498047,55.05018615722656,2.050526017837353,0.61003074868916,0.07262615002498496,1.7843555563873394,1.701036266768989,1.701036266768989,-0.0021991277954027666,0.006711231475204206,0.8994081205501747,-0.0021991277954027666,93.85804976882517,2.0,0.623015873015873,CVX,XOM
2021-11-18,95.57061767578125,54.45097351074219,2.050526017837353,0.61003074868916,0.07086305252955016,1.5969241414643642,1.7843555563873394,1.7843555563873394,0.002202818972172338,0.006440336451310001,0.900136427733953,0.0,112.716321758908,3.0,0.5952380952380952,CVX,XOM
2021-11-19,93.44961547851562,51.934303283691406,2.050526017837353,0.61003074868916,0.07728743656114778,1.926521213286216,1.5969241414643642,1.5969241414643642,-0.0017630974954347955,0.00644662199763669,0.9025112221547195,-0.0017630974954347955,76.53589064235337,4.0,0.5932539682539683,CVX,XOM
2021-11-22,95.11967468261719,52.653358459472656,2.050526017837353,0.61003074868916,0.08661261974418855,2.3918251712888665,1.926521213286216,1.926521213286216,0.006424384031597619,0.006490261493131301,0.902235415106572,0.0,252.0,5.0,0.5952380952380952,CVX,XOM
2021-11-23,97.11544036865234,54.040096282958984,2.050526017837353,0.61003074868916,0.09151864126892217,2.473717021573216,2.3918251712888665,2.3918251712888665,0.009325183183040764,0.006681968949948289,0.9003888470204539,0.0,252.0,6.0,0.621031746031746,CVX,XOM
2021-11-24,97.85862731933594,54.33970642089844,2.050526017837353,0.61003074868916,0.09576931925724619,2.4398167326301263,2.473717021573216,2.473717021573216,0.004906021524733628,0.005967446463813214,0.9041438786501572,0.0,252.0,7.0,0.5456349206349207,CVX,XOM
2021-11-26,95.62071990966797,52.4307975769043,2.050526017837353,0.61003074868916,0.09445032813535903,2.135729840284232,2.4398167326301263,2.4398167326301263,0.004250677988324014,0.0058958248555002965,0.9055121159556453,0.0,252.0,8.0,0.5198412698412699,CVX,XOM
2021-11-29,95.9046401977539,52.72183609008789,2.050526017837353,0.61003074868916,0.09403830196859353,1.9368154989798863,2.135729840284232,2.135729840284232,-0.0013189911218871586,0.005845604570937194,0.9107920315908709,-0.0013189911218871586,252.0,9.0,0.4900793650793651,CVX,XOM
2021-11-30,94.25125885009766,51.223812103271484,2.050526017837353,0.61003074868916,0.09423238428906089,1.807686366628235,1.9368154989798863,1.9368154989798863,-0.0004120261667655001,0.005551705155551342,0.9079499562898755,-0.0017310172886526587,252.0,10.0,0.4722222222222222,CVX,XOM
2021-12-01,93.60824584960938,51.181007385253906,2.050526017837353,0.61003074868916,0.0878966576574629,1.33760619713441,1.807686366628235,1.807686366628235,0.00019408232046735918,0.00481145538488544,0.9115648958608017,-0.0015369349681852995,252.0,11.0,0.380952380952381,CVX,XOM
2021-12-02,96.14678955078125,52.45646286010742,2.050526017837353,0.61003074868916,0.0996383358420081,1.829789812865257,1.33760619713441,1.33760619713441,-0.006335726631597982,0.0051629029606817005,0.9089360509291724,-0.007872661599783282,252.0,12.0,0.43253968253968256,CVX,XOM
2021-12-03,95.53721618652344,52.12261962890625,2.050526017837353,0.61003074868916,0.09717288642224231,1.5588580300081987,1.829789812865257,1.829789812865257,0.01174167818454519,0.005588657887767898,0.9097608558811354,0.0,252.0,13.0,0.4781746031746032,CVX,XOM
2021-12-06,97.03193664550781,52.71327590942383,2.050526017837353,0.61003074868916,0.10582315921867735,1.8286569715533707,1.5588580300081987,1.5588580300081987,-0.002465449419765786,0.00566364094267482,0.9113790638898356,-0.002465449419765786,252.0,14.0,0.47619047619047616,CVX,XOM
2021-12-07,98.46821594238281,53.30392074584961,2.050526017837353,0.61003074868916,0.1137195084480025,1.9946991095678783,1.8286569715533707,1.8286569715533707,0.008650272796435043,0.005804903404658019,0.9107677807706841,0.0,252.0,15.0,0.49206349206349204,CVX,XOM
2021-12-08,98.91078186035156,53.458003997802734,2.050526017837353,0.61003074868916,0.11644309887649973,1.933736170281446,1.9946991095678783,1.9946991095678783,0.00789634922932514,0.005780194168009225,0.908215389379226,0.0,252.0,16.0,0.49603174603174605,CVX,XOM
2021-12-09,98.65193939208984,53.594966888427734,2.050526017837353,0.61003074868916,0.11226180020978793,1.6222084965539516,1.933736170281446,1.933736170281446,0.0027235904284972356,0.005769660827810685,0.9093009875782844,0.0,252.0,17.0,0.4920634920634921,CVX,XOM
2021-12-10,98.81892395019531,53.937374114990234,2.050526017837353,0.61003074868916,0.11006806887267073,1.4182834406389135,1.6222084965539516,1.6222084965539516,-0.004181298666711797,0.005784604467005638,0.9053705362503199,-0.004181298666711797,252.0,18.0,0.5119047619047619,CVX,XOM
2021-12-13,96.7647476196289,52.75607681274414,2.050526017837353,0.61003074868916,0.10257062396618277,1.0137735580877074,1.4182834406389135,1.4182834406389135,-0.0021937313371171996,0.0058302914917146035,0.9034318477386174,-0.006375030003828996,252.0,19.0,0.5277777777777778,CVX,XOM
2021-12-14,97.04865264892578,52.67903518676758,2.050526017837353,0.61003074868916,0.10639180124238923,1.110814662254537,1.0137735580877074,1.0137735580877074,-0.00749744490648796,0.006231267412707658,0.9054797493111729,-0.013872474910316956,252.0,20.0,0.5912698412698413,CVX,XOM
2021-12-15,96.49751281738281,52.44791030883789,2.050526017837353,0.61003074868916,0.10337895657038443,0.9148147517682884,1.110814662254537,1.110814662254537,0.0038211772762064555,0.005243510573264618,0.900112045084928,-0.010051297634110501,252.0,21.0,0.46825396825396826,CVX,XOM
2021-12-16,97.39936828613281,52.53351593017578,2.050526017837353,0.61003074868916,0.11168656519232822,1.2171204670077431,0.9148147517682884,0.9148147517682884,-0.0030128446720047997,0.005276570354974419,0.8998304693249378,-0.0130641423061153,252.0,0.0,0.47023809523809523,CVX,XOM
2021-12-17,94.86083221435547,51.386451721191406,2.050526017837353,0.61003074868916,0.09874526800923755,0.5669807712190358,1.2171204670077431,1.2171204670077431,0.008307608621943796,0.005472776739560962,0.8934892899802005,-0.0047565336841715045,252.0,1.0,0.501984126984127,CVX,XOM
2021-12-20,94.90259552001953,50.641727447509766,2.050526017837353,0.61003074868916,0.1080910631078762,0.9546610447582012,0.5669807712190358,0.5669807712190358,-0.012941297183090672,0.006327753430222007,0.8884281157308771,-0.017697830867262176,252.0,0.0,0.6388888888888888,CVX,XOM
2021-12-21,96.42237091064453,51.78878402709961,2.050526017837353,0.61003074868916,0.1103149530700902,1.006714312505672,0.9546610447582012,0.9546610447582012,0.009345795098638643,0.0064742110403325955,0.8840083729693503,-0.008352035768623534,252.0,0.0,0.6527777777777778,CVX,XOM
2021-12-22,96.9734878540039,52.208229064941406,2.050526017837353,0.61003074868916,0.11109350605946489,0.9923977590227824,1.006714312505672,1.006714312505672,0.0022238899622140096,0.006227551514154529,0.880604722348078,-0.006128145806409524,252.0,1.0,0.6408730158730158,CVX,XOM
2021-12-23,97.2072982788086,52.233917236328125,2.050526017837353,0.61003074868916,0.11320159839013488,1.0670975161746514,0.9923977590227824,0.9923977590227824,0.0007785529893746812,0.006168939610910808,0.8821845018478918,-0.005349592817034843,252.0,0.0,0.628968253968254,CVX,XOM
2021-12-27,99.19471740722656,52.978633880615234,2.050526017837353,0.61003074868916,0.12480456847307808,1.7045096332246121,1.0670975161746514,1.0670975161746514,0.0021080923306699972,0.006129668250262608,0.882258157452222,-0.0032415004863648456,252.0,1.0,0.623015873015873,CVX,XOM
2021-12-28,99.00263977050781,52.807430267333984,2.050526017837353,0.61003074868916,0.12484086454523036,1.6863353525534677,1.7045096332246121,1.7045096332246121,0.011602970082943198,0.006532499738981832,0.8800751231325172,0.0,252.0,2.0,0.6765873015873016,CVX,XOM
2021-12-29,98.4932632446289,52.345184326171875,2.050526017837353,0.61003074868916,0.12504587022796443,1.6007824842481586,1.6863353525534677,1.6863353525534677,3.629607215227537e-05,0.006526605974387941,0.8707714978458342,0.0,252.0,3.0,0.7182539682539683,CVX,XOM
2021-12-30,98.05905151367188,52.03702163696289,2.050526017837353,0.61003074868916,0.12422952229061979,1.4822254961894852,1.6007824842481586,1.6007824842481586,0.00020500568273407183,0.006526493766028563,0.8749665929619347,0.0,252.0,4.0,0.6944444444444444,CVX,XOM
2021-12-31,97.99224090576172,52.379425048828125,2.050526017837353,0.61003074868916,0.11954710804315338,1.1143943162255592,1.4822254961894852,1.4822254961894852,-0.0008163479373446414,0.006300385316500277,0.8805226328894974,-0.0008163479373446414,252.0,5.0,0.6448412698412699,CVX,XOM
2022-01-03,99.58716583251953,54.39105987548828,2.050526017837353,0.61003074868916,0.11270252554396087,0.5688339964952189,1.1143943162255592,1.1143943162255592,-0.004682414247466404,0.006017229393240746,0.8758826939527485,-0.005498762184811046,252.0,6.0,0.6349206349206349,CVX,XOM
2022-01-04,101.39921569824219,56.43692398071289,2.050526017837353,0.61003074868916,0.10820991416377534,0.12723404954853512,0.5688339964952189,0.5688339964952189,-0.006844582499192509,0.006215586601961842,0.8711148576920144,-0.012343344684003554,252.0,0.0,0.6865079365079365,CVX,XOM
2022-01-05,102.05889129638672,57.13885498046875,2.050526017837353,0.61003074868916,0.10715414291288461,-0.033752312265095015,0.12723404954853512,0.12723404954853512,-0.004492611380185529,0.006040696682893962,0.8662174542415111,-0.016835956064189084,138.11958940208783,0.0,0.6924603174603174,CVX,XOM
2022-01-06,102.92735290527344,58.48280334472656,2.050526017837353,0.61003074868916,0.10144532357172187,-0.6437490117070777,-0.033752312265095015,0.033752312265095015,-0.0010557712508907358,0.005773613594644076,0.8648398111695755,-0.01789172731507982,96.2580887518052,0.0,0.625,CVX,XOM
2022-01-07,104.40536499023438,58.96217727661133,2.050526017837353,0.61003074868916,0.11072301898348558,0.24725271519087313,-0.6437490117070777,0.6437490117070777,-0.005708819341162741,0.005842831035888617,0.8618134126976209,-0.02360054665624256,73.31003002574671,0.0,0.6408730158730159,CVX,XOM
2022-01-10,104.47217559814453,58.611202239990234,2.050526017837353,0.61003074868916,0.1150048161422168,0.6376681882979801,0.24725271519087313,0.24725271519087313,0.009277695411763709,0.006174520769718043,0.8626249876217386,-0.014322851244478851,169.0356980625702,0.0,0.7162698412698413,CVX,XOM
2022-01-11,106.86038970947266,61.076499938964844,2.050526017837353,0.61003074868916,0.11247317583738958,0.3163524115570037,0.6376681882979801,0.6376681882979801,0.0042817971587312265,0.006224609558621373,0.8613711393331313,-0.010041054085747625,168.1074143402769,0.0,0.7261904761904762,CVX,XOM
2022-01-12,106.32596588134766,60.896751403808594,2.050526017837353,0.61003074868916,0.10925745919963159,-0.10254393502434841,0.3163524115570037,0.3163524115570037,-0.0025316403048272207,0.006005948520653863,0.8662671998155888,-0.012572694390574846,136.29806255387712,0.0,0.6805555555555556,CVX,XOM
2022-01-13,105.88340759277344,60.460201263427734,2.050526017837353,0.61003074868916,0.10947536775691669,-0.18438565040560717,-0.10254393502434841,0.10254393502434841,-0.0032157166377579927,0.006006913588835555,0.8659385076224154,-0.01578841102833284,135.25840424261935,0.0,0.6845238095238095,CVX,XOM
2022-01-14,107.68708038330078,61.52164840698242,2.050526017837353,0.61003074868916,0.115749571123835,0.605246861911339,-0.18438565040560717,0.18438565040560717,0.00021790855728509584,0.00596314831571833,0.8672028053989722,-0.015570502471047742,144.82826231423724,0.0,0.6607142857142857,CVX,XOM
2022-01-18,108.03780364990234,62.55742263793945,2.050526017837353,0.61003074868916,0.1088162153869856,-0.4398200188131553,0.605246861911339,0.605246861911339,0.006274203366918307,0.005841938608830684,0.8718204684154457,-0.009296299104129435,204.33637103370575,0.0,0.5932539682539683,CVX,XOM
2022-01-19,107.64533233642578,62.583106994628906,2.050526017837353,0.61003074868916,0.10492646852048004,-1.0092121966215133,-0.4398200188131553,0.4398200188131553,-0.006933355736849389,0.00528636635594464,0.8642965782709926,-0.016229654840978824,158.3028332711853,0.0,0.5595238095238095,CVX,XOM
2022-01-20,107.2612075805664,62.720054626464844,2.050526017837353,0.61003074868916,0.100018214403919,-1.5954739381456273,-1.0092121966215133,1.0092121966215133,-0.0038897468665055612,0.004956158269033382,0.8639194043691443,-0.020119401707484386,157.25458481838643,1.0,0.5119047619047619,CVX,XOM
2022-01-21,105.97525787353516,61.7784538269043,2.050526017837353,0.61003074868916,0.09718449618260827,-1.811391463036164,-1.5954739381456273,1.5954739381456273,-0.004908254116561039,0.0050279964163174335,0.8622698474004703,-0.025027655824045425,116.06185206456207,2.0,0.5218253968253967,CVX,XOM
2022-01-24,106.20071411132812,62.30916976928711,2.050526017837353,0.61003074868916,0.09409151085207812,-1.9949875179615428,-1.811391463036164,1.811391463036164,-0.0028337182213107326,0.005043148257888071,0.8756065886184098,-0.027861374045356158,110.36409923138778,3.0,0.4523809523809524,CVX,XOM
2022-01-25,110.71829986572266,64.14104461669922,2.050526017837353,0.61003074868916,0.11807363757048295,0.9558563328942136,-1.9949875179615428,1.9949875179615428,-0.0030929853305301513,0.005025945918447342,0.8684109458463044,-0.03095435937588631,83.573960802522,4.0,0.4880952380952381,CVX,XOM
2022-01-26,110.80179595947266,63.4904670715332,2.050526017837353,0.61003074868916,0.12504657138537656,1.6639222383553691,0.9558563328942136,0.9558563328942136,0.023982126718404828,0.006934373206858482,0.8639373127229277,-0.006972232657481481,182.29870914163925,0.0,0.7976190476190477,CVX,XOM
2022-01-27,113.03968048095703,64.30369567871094,2.050526017837353,0.61003074868916,0.13727843402059925,2.629028577635697,1.6639222383553691,1.6639222383553691,0.0069729338148936115,0.007115455993109439,0.8654234235032473,0.0,252.0,1.0,0.8055555555555556,CVX,XOM
2022-01-28,109.06490325927734,64.4406509399414,2.050526017837353,0.61003074868916,0.10018479629867327,-1.2166506873734497,2.629028577635697,2.629028577635697,0.01223186263522269,0.007598325640931377,0.8725619506034057,0.0,252.0,2.0,0.7876984126984128,CVX,XOM
2022-01-31,109.66614532470703,65.02275848388672,2.050526017837353,0.61003074868916,0.10019654579708659,-1.1488803515252473,-1.2166506873734497,1.2166506873734497,-0.037093637721925976,0.011199412763285942,0.8150007321615579,-0.037093637721925976,61.54604777255946,3.0,1.0,CVX,XOM
2022-02-01,112.55537414550781,69.19153594970703,2.050526017837353,0.61003074868916,0.08829310808552249,-2.179349806731465,-1.1488803515252473,1.1488803515252473,1.1749498413315962e-05,0.011173176113250704,0.8134661431756758,-0.03708188822351266,65.90588369828352,4.0,0.998015873015873,CVX,XOM
2022-02-02,113.07312774658203,69.01175689697266,2.050526017837353,0.61003074868916,0.09446964456593854,-1.4915486784425427,-2.179349806731465,2.179349806731465,-0.011903437711564102,0.011359075752120163,0.810950548770926,-0.04898532593507676,54.33877567747137,5.0,1.0,CVX,XOM
2022-02-03,112.06271362304688,68.20710754394531,2.050526017837353,0.61003074868916,0.09264804885151268,-1.537456250391418,-1.4915486784425427,1.4915486784425427,0.0061765364804160505,0.011443096865207813,0.8092163101332885,-0.04280878945466071,56.025321268678354,6.0,1.0,CVX,XOM
2022-02-04,113.46558380126953,69.68801879882812,2.050526017837353,0.61003074868916,0.09198572054400644,-1.4805050332056895,-1.537456250391418,1.537456250391418,-0.001821595714425861,0.011445547797131377,0.8121423895148194,-0.04463038516908657,52.907571028478394,7.0,0.996031746031746,CVX,XOM
2022-02-07,115.69512176513672,70.52690124511719,2.050526017837353,0.61003074868916,0.10414511530141146,-0.4306009354311229,-1.4805050332056895,1.4805050332056895,-0.0006623283075062325,0.0113883854909707,0.8132761615330638,-0.045292713476592805,53.102235144754545,8.0,0.9900793650793651,CVX,XOM
2022-02-08,113.93318939208984,68.70359802246094,2.050526017837353,0.61003074868916,0.1047771817409453,-0.3306125617724926,-0.4306009354311229,0.4306009354311229,0.012159394757405018,0.011528209952463463,0.805936414048194,-0.03313331871918779,48.09569877995073,0.0,1.0,CVX,XOM
2022-02-09,115.06049346923828,68.37470245361328,2.050526017837353,0.61003074868916,0.11755031456691478,0.8141758791747824,-0.3306125617724926,0.3306125617724926,0.0006320664395338405,0.011482576868471744,0.8120070169528374,-0.03250125227965395,42.61313608510915,0.0,0.9920634920634921,CVX,XOM
2022-02-10,113.59917449951172,67.7169189453125,2.050526017837353,0.61003074868916,0.11066560948581561,0.2564873273280907,0.8141758791747824,0.8141758791747824,0.01277313282596948,0.011827249276041412,0.8065459861066946,-0.019728119453684467,46.874952310689544,0.0,0.998015873015873,CVX,XOM
2022-02-11,115.9122543334961,69.4219741821289,2.050526017837353,0.61003074868916,0.11565297473561653,0.7645033173181114,0.2564873273280907,0.2564873273280907,-0.006884705081099174,0.011907822138901639,0.8147771646575567,-0.02661282453478364,41.71109705449257,0.0,0.9841269841269842,CVX,XOM
2022-02-14,114.12527465820312,68.3573989868164,2.050526017837353,0.61003074868916,0.10954343885366313,0.22151067975593702,0.7645033173181114,0.7645033173181114,0.0049873652498009236,0.011956048454217983,0.8193418654226787,-0.021625459284982718,47.459111970379794,0.0,0.9801587301587302,CVX,XOM
2022-02-15,113.28990173339844,67.50054931640625,2.050526017837353,0.61003074868916,0.10989170112694335,0.2653042516726307,0.22151067975593702,0.22151067975593702,-0.0061095358819533985,0.011951746799332327,0.8220495403925137,-0.027734995166936116,46.52613346613483,0.0,0.9761904761904763,CVX,XOM
2022-02-16,113.32366180419922,67.81212615966797,2.050526017837353,0.61003074868916,0.10738028235361208,0.02369298377674936,0.2653042516726307,0.2653042516726307,0.00034826227328021986,0.011854962813845515,0.8218787050435529,-0.027386732893655896,42.06862250164976,0.0,0.9722222222222223,CVX,XOM
2022-02-17,112.74141693115234,67.70828247070312,2.050526017837353,0.61003074868916,0.10316402767199362,-0.3726881979163429,0.02369298377674936,0.02369298377674936,-0.0025114187733312754,0.011835828516173276,0.8139440223827906,-0.02989815166698717,41.38159145441762,0.0,0.9761904761904762,CVX,XOM
2022-02-18,112.58108520507812,66.95528411865234,2.050526017837353,0.61003074868916,0.10856318613398441,0.1289425098248611,-0.3726881979163429,0.3726881979163429,-0.004216254681618459,0.011822074334509247,0.8141162273922629,-0.03411440634860563,41.02254289930959,0.0,0.9702380952380952,CVX,XOM
2022-02-22,111.72039794921875,66.17632293701172,2.050526017837353,0.61003074868916,0.1080275057900697,0.08562307538915254,0.1289425098248611,0.1289425098248611,0.005399158461990794,0.011854051759543117,0.807651334560533,-0.028715247886614836,36.49952481940509,0.0,0.9880952380952381,CVX,XOM
2022-02-23,114.37841796875,66.44462585449219,2.050526017837353,0.61003074868916,0.12907232316251527,1.9707257019348725,0.08562307538915254,0.08562307538915254,-0.0005356803439147129,0.011827625266805291,0.80976900321873,-0.02925092823052955,33.73517477112047,0.0,0.9801587301587301,CVX,XOM
2022-02-24,113.78775787353516,65.6051025390625,2.050526017837353,0.61003074868916,0.13165166032917686,2.0018300443140977,1.9707257019348725,1.9707257019348725,0.021044817372445568,0.011552615220912853,0.7825487158474298,-0.008206110858083981,42.83318512603954,1.0,0.9821428571428572,CVX,XOM
2022-02-25,118.45399475097656,67.37071228027344,2.050526017837353,0.61003074868916,0.15564084253369836,3.1708046579801272,2.0018300443140977,2.0018300443140977,0.0025793371666615883,0.011469866471153063,0.783656310793579,-0.005626773691422393,42.67159119662164,2.0,0.9742063492063492,CVX,XOM
2022-02-28,121.50859832763672,67.8727035522461,2.050526017837353,0.61003074868916,0.1765726178924898,3.4368127851642227,3.1708046579801272,3.1708046579801272,0.02398918220452151,0.012333575301416207,0.7770404568149732,0.0,61.30212926826,3.0,1.0,CVX,XOM
2022-03-01,126.3351821899414,68.5218505859375,2.050526017837353,0.61003074868916,0.20971941836907915,3.6793022085948395,3.4368127851642227,3.4368127851642227,0.020931775358791427,0.009564640067632331,0.7673244550830035,0.0,127.1450401851768,4.0,0.9583333333333333,CVX,XOM
2022-03-02,130.0648651123047,69.69892120361328,2.050526017837353,0.61003074868916,0.228424015098458,3.3393521887429376,3.6793022085948395,3.6793022085948395,0.033146800476589355,0.011446285466959706,0.7376289663951779,0.0,127.1450401851768,5.0,0.9722222222222222,CVX,XOM
2022-03-03,131.8199462890625,70.14033508300781,2.050526017837353,0.61003074868916,0.23797643963993353,2.9388923939067895,3.3393521887429376,3.3393521887429376,0.018704596729378853,0.0110599470050401,0.736318416875994,0.0,127.1450401851768,6.0,0.9583333333333333,CVX,XOM
2022-03-04,133.8704071044922,72.78011322021484,2.050526017837353,0.61003074868916,0.23087429357690015,2.3858055153367785,2.9388923939067895,2.9388923939067895,0.009552424541475535,0.011071746271942613,0.7346413898823269,0.0,127.1450401851768,7.0,0.9583333333333333,CVX,XOM
2022-03-07,136.7309112548828,75.402587890625,2.050526017837353,0.61003074868916,0.2304225294641884,2.1093847667080627,2.3858055153367785,2.3858055153367785,-0.007102146063033388,0.011342792542041165,0.7305364596379114,-0.007102146063033388,127.1450401851768,8.0,0.9623015873015873,CVX,XOM
2022-03-08,143.8948516845703,75.97381591796875,2.050526017837353,0.61003074868916,0.27688652495051347,2.6298559634958103,2.1093847667080627,2.1093847667080627,-0.00045176411271175,0.011335853515298904,0.7355249715863521,-0.007553910175745138,127.1450401851768,9.0,0.9563492063492063,CVX,XOM
2022-03-09,140.3002471923828,71.65496826171875,2.050526017837353,0.61003074868916,0.28729125650936504,2.4331901560038656,2.6298559634958103,2.6298559634958103,0.04646399548632507,0.014225577786008067,0.692753876302225,0.0,127.1450401851768,10.0,1.0,CVX,XOM
2022-03-10,144.1395721435547,73.87930297851562,2.050526017837353,0.61003074868916,0.29563980947411395,2.254814695898157,2.4331901560038656,2.4331901560038656,0.010404731558851577,0.01410958991908062,0.7109199437147379,0.0,127.1450401851768,11.0,0.996031746031746,CVX,XOM
2022-03-11,144.20709228515625,73.49848175048828,2.050526017837353,0.61003074868916,0.2992607569904,2.0593554975861066,2.254814695898157,2.254814695898157,0.008348552964748901,0.014085332677507723,0.7078785020429835,0.0,127.1450401851768,12.0,0.9940476190476191,CVX,XOM
2022-03-14,140.67994689941406,70.86734008789062,2.050526017837353,0.61003074868916,0.29673649329339513,1.8339362637204795,2.0593554975861066,2.0593554975861066,0.003620947516286055,0.013676678976061021,0.7083895644704474,0.0,127.1450401851768,13.0,0.9900793650793651,CVX,XOM
2022-03-15,133.55819702148438,66.83411407470703,2.050526017837353,0.61003074868916,0.2805317648411618,1.4903227491762785,1.8339362637204795,1.8339362637204795,-0.0025242636970048693,0.013894915436612443,0.7248994400487554,-0.0025242636970048693,127.1450401851768,14.0,0.9861111111111112,CVX,XOM
2022-03-16,133.07723999023438,66.58311462402344,2.050526017837353,0.61003074868916,0.2792194799058558,1.3695118393740964,1.4903227491762785,1.4903227491762785,-0.016204728452233308,0.014601972381827174,0.766695819596612,-0.018728992149238177,127.1450401851768,15.0,0.9801587301587302,CVX,XOM
2022-03-17,135.38084411621094,68.3573989868164,2.050526017837353,0.61003074868916,0.2803385675206771,1.2896268134533033,1.3695118393740964,1.3695118393740964,-0.0013122849353059962,0.014653000207847624,0.760610389563054,-0.020041277084544173,127.1450401851768,16.0,0.9801587301587302,CVX,XOM
2022-03-18,136.46932983398438,68.08907318115234,2.050526017837353,0.61003074868916,0.29074588098347887,1.3270005185801528,1.2896268134533033,1.2896268134533033,0.001119087614821268,0.014537915682056495,0.7634443581129866,-0.018922189469722905,127.1450401851768,17.0,0.9742063492063493,CVX,XOM
2022-03-21,138.92483520507812,71.14431762695312,2.050526017837353,0.61003074868916,0.2818025022992785,1.1355605424661201,1.3270005185801528,1.3270005185801528,0.01040731346280177,0.014237162732357242,0.7602068494573005,-0.008514876006921135,127.1450401851768,18.0,0.9742063492063493,CVX,XOM
2022-03-22,138.4607391357422,70.83272552490234,2.050526017837353,0.61003074868916,0.2811339138812401,1.054986318338798,1.1355605424661201,1.1355605424661201,-0.008943378684200365,0.01477078825733651,0.756627765322779,-0.0174582546911215,127.1450401851768,19.0,0.9801587301587302,CVX,XOM
2022-03-23,139.95425415039062,71.94921875,2.050526017837353,0.61003074868916,0.28232216435021495,1.0025761030923357,1.054986318338798,1.054986318338798,-0.0006685884180384072,0.014774954110018204,0.7573216408211199,-0.018126843109159907,127.1450401851768,20.0,0.9781746031746033,CVX,XOM
2022-03-24,140.32557678222656,72.16559600830078,2.050526017837353,0.61003074868916,0.28313999291892467,0.9481821395513511,1.0025761030923357,1.0025761030923357,0.0011882504689748608,0.014574856285584586,0.7571030128468511,-0.016938592640185046,127.1450401851768,21.0,0.9702380952380952,CVX,XOM
2022-03-25,142.8654327392578,73.74081420898438,2.050526017837353,0.61003074868916,0.28790547814557366,0.946998402575444,0.9481821395513511,0.9481821395513511,0.0008178285687097109,0.014610586100357204,0.756494167767908,-0.016120764071475335,127.1450401851768,0.0,0.9742063492063493,CVX,XOM
2022-03-28,140.36776733398438,71.67227172851562,2.050526017837353,0.61003074868916,0.2876251010022024,0.8831889678300384,0.946998402575444,0.946998402575444,0.004765485226648991,0.014123300896721515,0.7567959022683897,-0.011355278844826344,127.1450401851768,0.0,0.9583333333333333,CVX,XOM
2022-03-29,138.65480041503906,71.29145050048828,2.050526017837353,0.61003074868916,0.27859656742759853,0.7080329289103063,0.8831889678300384,0.8831889678300384,-0.00028037714337125763,0.013801007114507567,0.7631443388842045,-0.011635655988197602,127.1450401851768,0.0,0.9404761904761905,CVX,XOM
2022-03-30,139.63365173339844,72.51181030273438,2.050526017837353,0.61003074868916,0.2752773179370731,0.6102079462051315,0.7080329289103063,0.7080329289103063,-0.00902853357460387,0.012592834472998662,0.7645166746464479,-0.02066418956280147,127.1450401851768,0.0,0.9325396825396826,CVX,XOM
2022-03-31,137.39755249023438,71.48185729980469,2.050526017837353,0.61003074868916,0.2678606281697733,0.4496629022368402,0.6102079462051315,0.6102079462051315,-0.003319249490525422,0.012165908440054237,0.7653752434396988,-0.023983439053326894,127.1450401851768,0.0,0.9265873015873016,CVX,XOM
2022-04-01,138.5704345703125,71.94060516357422,2.050526017837353,0.61003074868916,0.27245833619590965,0.46876560733187733,0.4496629022368402,0.4496629022368402,-0.007416689767299811,0.012225083637872263,0.7689115304853281,-0.031400128820626705,252.0,0.0,0.9206349206349207,CVX,XOM
2022-04-04,138.6969757080078,71.97521209716797,2.050526017837353,0.61003074868916,0.2730777255801371,0.4259455034485687,0.46876560733187733,0.46876560733187733,0.004597708026136349,0.012078790182857204,0.7694891337308191,-0.026802420794490356,252.0,0.0,0.9146825396825398,CVX,XOM
2022-04-05,137.84474182128906,71.60304260253906,2.050526017837353,0.61003074868916,0.2700767266354567,0.3098811011465129,0.4259455034485687,0.4259455034485687,0.0006193893842274534,0.012069820504605668,0.7723013874978886,-0.026183031410262902,252.0,0.0,0.9107142857142857,CVX,XOM
2022-04-06,139.0682830810547,72.39927673339844,2.050526017837353,0.61003074868916,0.2721676191584592,0.2908388100999818,0.3098811011465129,0.3098811011465129,-0.003000998944680422,0.00652828108505845,0.7730286481748004,-0.029184030354943324,252.0,0.0,0.7420634920634921,CVX,XOM
2022-04-07,141.0006103515625,73.61100769042969,2.050526017837353,0.61003074868916,0.27584132787435367,0.3208842995288862,0.2908388100999818,0.2908388100999818,0.002090892523002541,0.0060801518013949545,0.7731566745123509,-0.027093137831940783,252.0,0.0,0.6845238095238095,CVX,XOM
2022-04-08,143.3885955810547,75.16024780273438,2.050526017837353,0.61003074868916,0.27992984807242083,0.39517438361858137,0.3208842995288862,0.3208842995288862,0.0036737087158944526,0.005809474779777561,0.7720861675027542,-0.02341942911604633,252.0,0.0,0.6150793650793651,CVX,XOM
2022-04-11,139.70114135742188,72.57240295410156,2.050526017837353,0.61003074868916,0.2752509908593699,0.136631354190615,0.39517438361858137,0.39517438361858137,0.004088520198067158,0.005828891286234364,0.7736226805141422,-0.019330908917979173,252.0,0.0,0.6091269841269841,CVX,XOM
2022-04-12,142.61227416992188,74.08702087402344,2.050526017837353,0.61003074868916,0.2832745604246103,0.4637718284637956,0.136631354190615,0.136631354190615,-0.0046788572130509465,0.005876402519316198,0.7833864836363512,-0.02400976613103012,252.0,0.0,0.6190476190476191,CVX,XOM
2022-04-13,144.8568115234375,75.13427734375,2.050526017837353,0.61003074868916,0.2903280226705145,0.8213323867861538,0.4637718284637956,0.4637718284637956,0.008023569565240418,0.0050750949257114585,0.7842994572307643,-0.0159861965657897,252.0,0.0,0.49404761904761907,CVX,XOM
2022-04-14,144.789306640625,76.01709747314453,2.050526017837353,0.61003074868916,0.2827358870707797,0.29962130049600666,0.8213323867861538,0.8213323867861538,0.007053462245904196,0.005279049006523455,0.7887422585736736,-0.008932734319885505,252.0,0.0,0.5257936507936508,CVX,XOM
2022-04-18,146.73008728027344,76.64025115966797,2.050526017837353,0.61003074868916,0.29107064730792764,0.890080997299131,0.29962130049600666,0.29962130049600666,-0.007592135599734817,0.005566138532264029,0.7858505818112445,-0.016524869919620322,252.0,0.0,0.5654761904761905,CVX,XOM
2022-04-19,144.9918212890625,75.95651245117188,2.050526017837353,0.61003074868916,0.28461997844142184,0.3222547548501582,0.890080997299131,0.890080997299131,0.008334760237147965,0.005390158166964145,0.7868881396354543,-0.008190109682472357,252.0,0.0,0.5297619047619048,CVX,XOM
2022-04-20,145.58250427246094,76.12960052490234,2.050526017837353,0.61003074868916,0.2872970645802506,0.621460739866541,0.3222547548501582,0.3222547548501582,-0.006450668866505804,0.0052072621064327106,0.785279997007108,-0.014640778548978162,252.0,0.0,0.513888888888889,CVX,XOM
2022-04-21,138.87417602539062,75.3246841430664,2.050526017837353,0.61003074868916,0.24660659299779386,-3.4318949849672817,0.621460739866541,0.621460739866541,0.002677086138828777,0.0052322511402235665,0.7864811175543336,-0.011963692410149385,252.0,0.0,0.5138888888888888,CVX,XOM
2022-04-22,135.8111572265625,73.68022918701172,2.050526017837353,0.61003074868916,0.23776909543148284,-3.349039075728505,-3.4318949849672817,3.4318949849672817,-0.040690471582456755,0.010343961276485326,0.7608519878608423,-0.05265416399260614,91.0475924482444,1.0,0.876984126984127,CVX,XOM
2022-04-25,132.8916015625,71.19623565673828,2.050526017837353,0.61003074868916,0.2369582278486484,-2.8782606268624247,-3.349039075728505,3.349039075728505,-0.008837497566311026,0.010436084999572423,0.7675018415907335,-0.061491661558917166,68.31966700337601,2.0,0.8630952380952381,CVX,XOM
2022-04-26,132.08151245117188,71.22222900390625,2.050526017837353,0.61003074868916,0.2306210301912892,-2.8070791196272644,-2.8782606268624247,2.8782606268624247,-0.0008108675828344403,0.010318260174218842,0.7734454923768366,-0.062302529141751606,66.30113444232182,3.0,0.8452380952380952,CVX,XOM
2022-04-27,131.83682250976562,73.25613403320312,2.050526017837353,0.61003074868916,0.21159010209202345,-3.1462866440435637,-2.8070791196272644,2.8070791196272644,-0.006337197657359184,0.010336148302083866,0.7981783989478499,-0.06863972679911079,61.195381279235974,4.0,0.8214285714285714,CVX,XOM
2022-04-28,136.5199737548828,75.4718246459961,2.050526017837353,0.61003074868916,0.22831872812764464,-2.0368796367755273,-3.1462866440435637,3.1462866440435637,-0.019030928099265765,0.010852098702272977,0.7836009768543136,-0.08767065489837655,51.60810684573827,5.0,0.8392857142857142,CVX,XOM
2022-04-29,132.19964599609375,73.78409576416016,2.050526017837353,0.61003074868916,0.20995762293362574,-2.4933579171569242,-2.0368796367755273,2.0368796367755273,0.016728626035621197,0.011701342441640361,0.7958594503426958,-0.07094202886275536,57.25526338128854,6.0,0.8531746031746031,CVX,XOM
2022-05-02,134.798583984375,74.7880859375,2.050526017837353,0.61003074868916,0.22118126395870963,-1.8311894956101893,-2.4933579171569242,2.4933579171569242,-0.0183611051940189,0.01217203506536146,0.8002928805560562,-0.08930313405677426,48.046635659243876,7.0,0.873015873015873,CVX,XOM
2022-05-03,137.11065673828125,76.32868194580078,2.050526017837353,0.61003074868916,0.22574924384537276,-1.5165324267915563,-1.8311894956101893,1.8311894956101893,0.011223641025083886,0.012458272242413958,0.8002429096821818,-0.07807949303169037,49.52964844424256,8.0,0.876984126984127,CVX,XOM
2022-05-04,141.41407775878906,79.36656951904297,2.050526017837353,0.61003074868916,0.23284467646872375,-1.1559102534580492,-1.5165324267915563,1.5165324267915563,0.004567979886663132,0.01253818445799224,0.8020456017287211,-0.07351151314502724,47.28159120027391,9.0,0.873015873015873,CVX,XOM
2022-05-05,140.29180908203125,78.16354370117188,2.050526017837353,0.61003074868916,0.2341945177042013,-1.0326329861591546,-1.1559102534580492,1.1559102534580492,0.0070954326233509946,0.01270462227042641,0.8081729380340342,-0.06641608052167625,46.91767144626633,10.0,0.8670634920634921,CVX,XOM
2022-05-06,144.02987670898438,79.3579330444336,2.050526017837353,0.61003074868916,0.25123950899716485,-0.34230662781531007,-1.0326329861591546,1.0326329861591546,0.0013498412354775446,0.0126941172138528,0.8063693607974648,-0.0650662392861987,48.1584625766138,11.0,0.8690476190476191,CVX,XOM
2022-05-09,134.376708984375,73.10034942626953,2.050526017837353,0.61003074868916,0.23197091116056257,-1.0183872416517847,-0.34230662781531007,0.34230662781531007,0.01704499129296355,0.013307297201776385,0.8096671280342601,-0.04802124799323515,63.8393850908191,0.0,0.8611111111111112,CVX,XOM
2022-05-10,135.66775512695312,73.58502960205078,2.050526017837353,0.61003074868916,0.23750135274016992,-0.7487876435789866,-1.0183872416517847,1.0183872416517847,-0.019268597836602286,0.013804900460750056,0.8437165685743871,-0.06728984582983744,50.94734343586905,1.0,0.8373015873015872,CVX,XOM
2022-05-11,137.67601013183594,75.11697387695312,2.050526017837353,0.61003074868916,0.23962595369605877,-0.6181806618500415,-0.7487876435789866,0.7487876435789866,0.005530441579607359,0.013899551856892593,0.842168597663575,-0.06175940425023008,52.229301427767815,0.0,0.8392857142857142,CVX,XOM
2022-05-12,138.9839324951172,75.45796966552734,2.050526017837353,0.61003074868916,0.24631812783909002,-0.3180520839976104,-0.6181806618500415,0.6181806618500415,0.0021246009558888446,0.013747870403342072,0.841365817534214,-0.05963480329434123,50.46033601167734,0.0,0.8313492063492063,CVX,XOM
2022-05-13,141.6503143310547,77.69636535644531,2.050526017837353,0.61003074868916,0.24748841254455378,-0.24518065810567896,-0.3180520839976104,0.3180520839976104,0.006692174143031249,0.013735954970371687,0.8406289880793792,-0.05294262915130998,54.66018613561265,0.0,0.8293650793650793,CVX,XOM
2022-05-16,145.98748779296875,79.5237808227539,2.050526017837353,0.61003074868916,0.2634661170281323,0.4104803041756096,-0.24518065810567896,0.24518065810567896,0.0011702847054637644,0.013696683068207536,0.841832423523054,-0.05177234444584622,59.16016412146103,0.0,0.8234126984126984,CVX,XOM
2022-05-17,146.8481903076172,80.5380630493164,2.050526017837353,0.61003074868916,0.26161312622536226,0.3542348885813257,0.4104803041756096,0.4104803041756096,0.015977704483578492,0.014074480580464989,0.8439874519855963,-0.03579463996226773,69.92409938761742,0.0,0.8293650793650793,CVX,XOM
2022-05-18,142.97727966308594,79.26148223876953,2.050526017837353,0.61003074868916,0.24464636390425554,-0.3047115087645399,0.3542348885813257,0.3542348885813257,-0.001852990802770016,0.014027254293769314,0.8436101082946535,-0.03764763076503774,69.57297688512709,0.0,0.8293650793650793,CVX,XOM
2022-05-19,141.9563751220703,79.6899185180664,2.050526017837353,0.61003074868916,0.23419187114900852,-0.6842815705648637,-0.3047115087645399,0.3047115087645399,-0.01696676232110672,0.014407451445249648,0.843225069475119,-0.054614393086144464,56.18127849444601,0.0,0.8412698412698413,CVX,XOM
2022-05-20,142.77310180664062,80.31947326660156,2.050526017837353,0.61003074868916,0.23512840773283328,-0.5972285138884295,-0.6842815705648637,0.6842815705648637,-0.010454492755247013,0.011593797763437668,0.84533892634475,-0.06506888584139148,50.89248958072541,0.0,0.7579365079365079,CVX,XOM
2022-05-23,146.0910186767578,82.09442138671875,2.050526017837353,0.61003074868916,0.24476754925743682,-0.15057204832352405,-0.5972285138884295,0.5972285138884295,0.0009365365838247541,0.011442150745120387,0.8451475369771685,-0.06413234925756672,50.034182059485445,0.0,0.7420634920634921,CVX,XOM
2022-05-24,146.8737030029297,82.54035949707031,2.050526017837353,0.61003074868916,0.24680603195839623,-0.02298683869975303,-0.15057204832352405,0.15057204832352405,0.009639141524603545,0.011636174635825183,0.8458600103007211,-0.05449320773296318,48.504465571315215,0.0,0.753968253968254,CVX,XOM
2022-05-25,149.23031616210938,84.20166778564453,2.050526017837353,0.61003074868916,0.25056754081073773,0.19872335310226738,-0.02298683869975303,0.02298683869975303,0.0020384827009594098,0.011536806537372733,0.8501701933616266,-0.05245472503200377,53.67861269790438,0.0,0.746031746031746,CVX,XOM
2022-05-26,150.23419189453125,84.49893188476562,2.050526017837353,0.61003074868916,0.255122188862809,0.49613076153087887,0.19872335310226738,0.19872335310226738,0.0037615088523414997,0.010609115193546188,0.8635541317555515,-0.04869321617966227,52.43354114272902,0.0,0.7023809523809523,CVX,XOM
2022-05-27,151.6719512939453,85.32958221435547,2.050526017837353,0.61003074868916,0.2586793010206554,0.7503363935403489,0.49613076153087887,0.49613076153087887,0.004554648052071286,0.01007969531960591,0.8648664339283583,-0.04413856812759098,57.51830525977052,0.0,0.6825396825396826,CVX,XOM
2022-05-31,148.5922393798828,83.93933868408203,2.050526017837353,0.61003074868916,0.24818609713023987,0.31183713749247627,0.7503363935403489,0.7503363935403489,0.003557112157846376,0.009013210297301524,0.8659563758368798,-0.040581455969744606,62.5476489812465,0.0,0.6726190476190477,CVX,XOM
2022-06-01,150.00448608398438,85.54818725585938,2.050526017837353,0.61003074868916,0.2460636950663595,0.2944788924573723,0.31183713749247627,0.31183713749247627,-0.010493203890415526,0.009195443035393207,0.8699348555835266,-0.05107465986016013,57.35858031711394,0.0,0.6626984126984128,CVX,XOM
2022-06-02,149.73223876953125,85.3995361328125,2.050526017837353,0.61003074868916,0.24530804820995167,0.4030811861901358,0.2944788924573723,0.2944788924573723,-0.0021224020638803687,0.009193994798045215,0.8686434479346372,-0.0531970619240405,53.4966668528134,0.0,0.6607142857142858,CVX,XOM
2022-06-03,151.09347534179688,86.6411361694336,2.050526017837353,0.61003074868916,0.2455528987885982,0.42550050449433247,0.4030811861901358,0.4030811861901358,-0.0007556468564078322,0.009093084486716335,0.9011798152225529,-0.05395270878044833,51.15250946832267,0.0,0.6150793650793651,CVX,XOM
2022-06-06,150.43836975097656,86.42254638671875,2.050526017837353,0.61003074868916,0.24274871997378344,0.19311245009477096,0.42550050449433247,0.42550050449433247,0.00024485057864653825,0.009091858255635028,0.9099861647134229,-0.053707858201801795,47.00239123898027,0.0,0.5853174603174602,CVX,XOM
2022-06-07,153.30540466308594,90.3834457397461,2.050526017837353,0.61003074868916,0.2342902406587717,-0.4604976819041947,0.19311245009477096,0.19311245009477096,-0.0028041788148147617,0.0082867828123777,0.907682347874312,-0.056512037016616556,46.78403306245206,0.0,0.5912698412698413,CVX,XOM
2022-06-08,154.0966033935547,91.45015716552734,2.050526017837353,0.61003074868916,0.23228043093097073,-0.6234961636808355,-0.4604976819041947,0.4604976819041947,-0.008458479315011758,0.007338317612947985,0.9041949348356516,-0.062446252634623445,42.90136883346832,0.0,0.5496031746031746,CVX,XOM
2022-06-09,151.025390625,89.47410583496094,2.050526017837353,0.61003074868916,0.22547472111210398,-1.27430672592568,-0.6234961636808355,0.6234961636808355,-0.0020098097278009597,0.007243540992103724,0.9022069586511943,-0.058790216376956916,44.72968538678735,0.0,0.5575396825396826,CVX,XOM
2022-06-10,149.22177124023438,87.83902740478516,2.050526017837353,0.61003074868916,0.22471136092432342,-1.3125836134216977,-1.27430672592568,1.27430672592568,-0.006805709818866745,0.007357076562899237,0.8908107442380635,-0.06559592619582366,38.805208710047424,1.0,0.5753968253968254,CVX,XOM
2022-06-13,142.35621643066406,83.80818176269531,2.050526017837353,0.61003074868916,0.20626660482018355,-2.7531542010854158,-1.3125836134216977,1.3125836134216977,-0.0007633601877805596,0.0071589080362149645,0.8911860054608638,-0.06635928638360422,40.97252910931315,2.0,0.5694444444444444,CVX,XOM
2022-06-14,142.54339599609375,84.02676391601562,2.050526017837353,0.61003074868916,0.20599164386508617,-2.522968420936207,-2.7531542010854158,2.7531542010854158,-0.01844475610413987,0.008069137172248442,0.9001762531548634,-0.08480404248774409,39.19042543688897,3.0,0.6031746031746033,CVX,XOM
2022-06-15,139.74441528320312,82.96879577636719,2.050526017837353,0.61003074868916,0.1938898738201087,-2.880414558878029,-2.522968420936207,2.522968420936207,-0.00027496095509738083,0.0069527123318466775,0.9040098968571567,-0.08507900344284147,38.67139833802681,4.0,0.5376984126984127,CVX,XOM
2022-06-16,132.2748260498047,79.90850067138672,2.050526017837353,0.61003074868916,0.16188288401926476,-3.5789644783898105,-2.880414558878029,2.880414558878029,-0.012101770044977478,0.007230723498190973,0.9095995085180237,-0.09718077348781895,38.38801155044613,5.0,0.5178571428571428,CVX,XOM
2022-06-17,126.23450469970703,75.30059051513672,2.050526017837353,0.61003074868916,0.15137476170884723,-3.185712851453462,-3.5789644783898105,3.5789644783898105,-0.03200698980084393,0.00913530482326628,0.91182025210016,-0.12918776328866288,42.58410213286991,6.0,0.5615079365079365,CVX,XOM
2022-06-21,131.51760864257812,79.9872055053711,2.050526017837353,0.61003074868916,0.15554131285884631,-2.5698983605168024,-3.185712851453462,3.185712851453462,-0.010508122310417534,0.009137166134347965,0.9170064079383801,-0.13969588559908042,44.110387578519564,7.0,0.5575396825396826,CVX,XOM
2022-06-22,125.80062103271484,76.82199096679688,2.050526017837353,0.61003074868916,0.1357292946019868,-2.711692422680479,-2.5698983605168024,2.5698983605168024,0.004166551149999087,0.009253290075220154,0.9210074952830339,-0.13552933444908133,42.96082458417723,8.0,0.5416666666666667,CVX,XOM
2022-06-23,121.17251586914062,74.50491333007812,2.050526017837353,0.61003074868916,0.11692901476635775,-2.7215351111069137,-2.711692422680479,2.711692422680479,-0.01981201825685952,0.009312112534250393,0.9238763913028966,-0.15534135270594085,46.805193877974595,9.0,0.5198412698412699,CVX,XOM
2022-06-24,123.16328430175781,75.98260498046875,2.050526017837353,0.61003074868916,0.12124411080598785,-2.2808255471831607,-2.7215351111069137,2.7215351111069137,-0.01880027983562904,0.009577758026717422,0.9267154255287733,-0.1741416325415699,51.822276470839064,10.0,0.503968253968254,CVX,XOM
2022-06-27,125.5453872680664,77.8449935913086,2.050526017837353,0.61003074868916,0.1256284764063742,-1.956244440323858,-2.2808255471831607,2.2808255471831607,0.004315096039630095,0.009608107471498664,0.9275480786866616,-0.1698265365019398,46.46741393911696,11.0,0.5,CVX,XOM
2022-06-28,127.56167602539062,80.00469970703125,2.050526017837353,0.61003074868916,0.12486713858642906,-1.7916298456994002,-1.956244440323858,1.956244440323858,0.004384365600386353,0.00959840826814312,0.9287285931823328,-0.16544217090155344,42.746111525306695,12.0,0.48412698412698413,CVX,XOM
2022-06-29,125.04346466064453,77.04932403564453,2.050526017837353,0.61003074868916,0.1278898592107236,-1.5944490657004298,-1.7916298456994002,1.7916298456994002,-0.0007613378199451404,0.009417169828385401,0.9285345495202456,-0.16620350872149858,42.34584153709231,13.0,0.4821428571428571,CVX,XOM
2022-06-30,123.17180633544922,74.88088989257812,2.050526017837353,0.61003074868916,0.13022323719304207,-1.4366534266768411,-1.5944490657004298,1.5944490657004298,0.0030227206242945392,0.009603168126994592,0.9259270869820329,-0.16318078809720404,39.011251241562796,14.0,0.5059523809523809,CVX,XOM
2022-07-01,124.6435775756836,76.55094146728516,2.050526017837353,0.61003074868916,0.12864546401200805,-1.362543636228999,-1.4366534266768411,1.4366534266768411,0.002333377982318474,0.009741574520216312,0.9242823504837173,-0.16084741011488557,41.69678204644919,15.0,0.5198412698412699,CVX,XOM
2022-07-05,121.36820220947266,74.15515899658203,2.050526017837353,0.61003074868916,0.12141311073347438,-1.3932197094744727,-1.362543636228999,1.362543636228999,-0.0015777731810340256,0.009721950691928091,0.9244121861639354,-0.1624251832959196,43.72749725484428,16.0,0.5158730158730158,CVX,XOM
2022-07-06,119.76878356933594,72.8173828125,2.050526017837353,0.61003074868916,0.11925284572118988,-1.332154494404563,-1.3932197094744727,1.3932197094744727,-0.007232353278533665,0.009624310536173061,0.9254832753093767,-0.16965753657445326,45.08789197072495,17.0,0.5,CVX,XOM
2022-07-07,122.0998764038086,75.1432113647461,2.050526017837353,0.61003074868916,0.11934911089986233,-1.2405830937876077,-1.332154494404563,1.332154494404563,-0.0021602650122845013,0.009636708963851751,0.9249204855949448,-0.17181780158673776,44.39885732558815,18.0,0.501984126984127,CVX,XOM
2022-07-08,121.46179962158203,75.26561737060547,2.050526017837353,0.61003074868916,0.11311663593279198,-1.2646396095928605,-1.2405830937876077,1.2405830937876077,9.626517867244999e-05,0.009715387203039452,0.9249286921173941,-0.1717215364080653,44.31972133951915,19.0,0.5,CVX,XOM
2022-07-11,120.38983154296875,74.88088989257812,2.050526017837353,0.61003074868916,0.10737813064731849,-1.2804276545939905,-1.2646396095928605,1.2646396095928605,-0.006232474967070356,0.00967768578423368,0.9239988456601023,-0.17795401137513567,50.336920962804825,20.0,0.513888888888889,CVX,XOM
2022-07-12,118.1863784790039,73.88411712646484,2.050526017837353,0.61003074868916,0.09708083562506564,-1.3752458123250022,-1.2804276545939905,1.2804276545939905,-0.005738505285473483,0.00967580763421844,0.923415670880285,-0.18369251666060915,49.817641407783924,21.0,0.5198412698412698,CVX,XOM
2022-07-13,117.39518737792969,74.18138122558594,2.050526017837353,0.61003074868916,0.0879144287049276,-1.4496675137929365,-1.3752458123250022,1.3752458123250022,-0.01029729502225285,0.009645567163337677,0.9236409989156643,-0.193989811682862,53.984298942611176,22.0,0.5119047619047619,CVX,XOM
2022-07-14,115.65113830566406,72.6949691772461,2.050526017837353,0.61003074868916,0.0852943849650698,-1.4054447161303187,-1.4496675137929365,1.4496675137929365,-0.009166406920138037,0.009270029600764246,0.9236759556271531,-0.20315621860300004,57.93254096018877,23.0,0.4900793650793651,CVX,XOM
2022-07-15,117.10594177246094,73.91908264160156,2.050526017837353,0.61003074868916,0.08760836133838401,-1.2842892563308954,-1.4054447161303187,1.4054447161303187,-0.0026200437398578025,0.009212568767490409,0.9244019667875044,-0.2020026796151808,58.263475561059515,24.0,0.47619047619047616,CVX,XOM
2022-07-18,118.74789428710938,75.2831039428711,2.050526017837353,0.61003074868916,0.09037782654837745,-1.1665216847769768,-1.2842892563308954,1.2842892563308954,0.0023139763733142082,0.009273439315804754,0.9248363449644973,-0.1996887032418666,53.882787133955055,25.0,0.47023809523809523,CVX,XOM
2022-07-19,123.02716064453125,77.18045806884766,2.050526017837353,0.61003074868916,0.11059625549529306,-0.7254541559949451,-1.1665216847769768,1.1665216847769768,0.002769465209993438,0.00711440583917838,0.9258070920429406,-0.17308829047975482,77.46032616513283,26.0,0.4166666666666667,CVX,XOM
2022-07-20,124.65208435058594,78.02861785888672,2.050526017837353,0.61003074868916,0.11705038968645631,-0.5434323574419794,-0.7254541559949451,0.7254541559949451,0.020218428946915612,0.008611515479945417,0.9399909659608192,-0.1528698615328392,59.25704101924488,0.0,0.380952380952381,CVX,XOM
2022-07-21,123.69923400878906,76.72581481933594,2.050526017837353,0.61003074868916,0.11964829810324318,-0.43358923370376984,-0.5434323574419794,0.5434323574419794,0.006454134191163252,0.008707831093378181,0.9390125679462504,-0.14641572734167596,62.70149151233865,0.0,0.38492063492063494,CVX,XOM
2022-07-22,122.66985321044922,76.13997650146484,2.050526017837353,0.61003074868916,0.11596758780886507,-0.4684400942130389,-0.43358923370376984,0.43358923370376984,0.002597908416786865,0.007719802923849369,0.9384336533085939,-0.1438178189248891,44.95448803970467,0.0,0.37896825396825395,CVX,XOM
2022-07-25,126.319580078125,78.6756591796875,2.050526017837353,0.61003074868916,0.12530116846837158,-0.15995829445517945,-0.4684400942130389,0.4684400942130389,-0.003680710294378109,0.006576047275394798,0.9387746366220742,-0.1474985292192672,46.201123373809786,0.0,0.35119047619047616,CVX,XOM
2022-07-26,125.33271026611328,78.36961364746094,2.050526017837353,0.61003074868916,0.1198356317107847,-0.24799810899338384,-0.15995829445517945,0.15995829445517945,0.009333580659506513,0.006828641375510812,0.9491279125388694,-0.1381649485597607,37.46350346861094,0.0,0.3174603174603175,CVX,XOM
2022-07-27,126.98314666748047,80.06590270996094,2.050526017837353,0.61003074868916,0.1198550410659105,-0.1745364043795403,-0.24799810899338384,0.24799810899338384,-0.005465536757586875,0.006864406108316584,0.949113015666936,-0.14363048531734757,41.22638480494064,0.0,0.3194444444444445,CVX,XOM
2022-07-28,127.94450378417969,81.00147247314453,2.050526017837353,0.61003074868916,0.12031039052530579,-0.06250656709922645,-0.1745364043795403,0.1745364043795403,1.9409355125787897e-05,0.00686383261105073,0.9497806892239818,-0.14361107596222178,40.05182417538892,0.0,0.3115079365079365,CVX,XOM
2022-07-29,139.33607482910156,84.75251007080078,2.050526017837353,0.61003074868916,0.17798771405234248,2.738044821771483,-0.06250656709922645,0.06250656709922645,0.00045534945939529337,0.006825313561325237,0.9509169941367943,-0.14315572650282649,39.22964758408653,0.0,0.3075396825396825,CVX,XOM
2022-08-01,136.55409240722656,82.61031341552734,2.050526017837353,0.61003074868916,0.17343700599421297,2.4026408974545777,2.738044821771483,2.738044821771483,0.057677323527036695,0.014390495570754027,0.928364613325226,-0.08547840297578979,28.984513333968277,1.0,0.5952380952380952,CVX,XOM
2022-08-02,135.38858032226562,82.25181579589844,2.050526017837353,0.61003074868916,0.1675182694251114,2.017796420678862,2.4026408974545777,2.4026408974545777,-0.004550708058129516,0.014445942305509723,0.9271384691467213,-0.0900291110339193,28.80728673489808,2.0,0.6051587301587301,CVX,XOM
2022-08-03,132.17274475097656,79.58499145507812,2.050526017837353,0.61003074868916,0.16358556932887502,1.7960276961831456,2.017796420678862,2.017796420678862,-0.005918736569101579,0.014405657429061238,0.92765492150877,-0.09594784760302089,31.69696781054686,3.0,0.5992063492063492,CVX,XOM
2022-08-04,128.58255004882812,76.23617553710938,2.050526017837353,0.61003074868916,0.16227181557422732,1.6300257641873477,1.7960276961831456,1.7960276961831456,-0.003932700096236363,0.014438271136407336,0.9295545077034187,-0.09988054769925725,30.15132188447757,4.0,0.5853174603174603,CVX,XOM
2022-08-05,130.70944213867188,77.33785247802734,2.050526017837353,0.61003074868916,0.1699251957869885,1.7734401591811504,1.6300257641873477,1.6300257641873477,-0.0013137537546477063,0.01445188870080157,0.9189961483650296,-0.10119430145390496,31.002328251985045,5.0,0.6845238095238095,CVX,XOM
2022-08-08,130.51376342773438,77.7750473022461,2.050526017837353,0.61003074868916,0.16498819886953742,1.4641508410464936,1.7734401591811504,1.7734401591811504,0.007653380212761185,0.01436598331139535,0.9194514730517324,-0.09354092124114377,28.486899236864243,6.0,0.6706349206349206,CVX,XOM
2022-08-09,132.2152557373047,79.20899963378906,2.050526017837353,0.61003074868916,0.16679601210507267,1.4277471238957,1.4641508410464936,1.4641508410464936,-0.004936996917451086,0.014343095292377208,0.9185021721147828,-0.09847791815859486,28.4667106460726,7.0,0.6726190476190477,CVX,XOM
2022-08-10,132.56410217285156,79.96096801757812,2.050526017837353,0.61003074868916,0.16366701835773823,1.2322998924707727,1.4277471238957,1.4277471238957,0.0018078132355352494,0.014026149260738027,0.9194599625917542,-0.09667010492305961,27.30863450609523,8.0,0.6488095238095238,CVX,XOM
2022-08-11,135.79693603515625,82.27408599853516,2.050526017837353,0.61003074868916,0.17036475799736372,1.373862790414076,1.2322998924707727,1.2322998924707727,-0.003128993747334441,0.013813964668700135,0.9186269822127978,-0.09979909867039405,26.221131897605527,9.0,0.6488095238095238,CVX,XOM
2022-08-12,135.99261474609375,82.98919677734375,2.050526017837353,0.61003074868916,0.16652532512308804,1.1708888640236488,1.373862790414076,1.373862790414076,0.0066977396396254996,0.013746966589044342,0.9199015268006476,-0.09124836822799853,26.21269798221697,10.0,0.628968253968254,CVX,XOM
2022-08-15,133.4063262939453,81.5059814453125,2.050526017837353,0.61003074868916,0.15832561317386817,0.8506736249529083,1.1708888640236488,1.1708888640236488,-0.0038394328742756834,0.013855364711707716,0.9196691489845175,-0.09215397589756735,25.888812864719142,11.0,0.6388888888888888,CVX,XOM
2022-08-16,133.0660400390625,80.7467269897461,2.050526017837353,0.61003074868916,0.1614808700664505,0.9005990735997509,0.8506736249529083,0.8506736249529083,-0.008199711949219868,0.014105915847037685,0.9208615994248486,-0.10035368784678722,31.283187619917243,0.0,0.638888888888889,CVX,XOM
2022-08-17,134.16346740722656,81.40003204345703,2.050526017837353,0.61003074868916,0.1647785129577657,0.9480570935788638,0.9005990735997509,0.9005990735997509,0.0031552568925823365,0.013568512998875905,0.9217773301868237,-0.09719843095420488,31.14381431930168,0.0,0.5972222222222222,CVX,XOM
2022-08-18,136.5157470703125,83.32467651367188,2.050526017837353,0.61003074868916,0.1679036670861267,0.9849672791610058,0.9480570935788638,0.9480570935788638,0.003297642891315178,0.01354044499443627,0.9217749564034898,-0.0939007880628897,36.79704823273996,0.0,0.5972222222222222,CVX,XOM
2022-08-19,135.37396240234375,83.05982971191406,2.050526017837353,0.61003074868916,0.16144680243175946,0.7268113637026808,0.9849672791610058,0.9849672791610058,0.0031251541283610074,0.013541344336692419,0.9216174923028414,-0.0907756339345287,41.338580989226635,0.0,0.6031746031746031,CVX,XOM
2022-08-22,134.69577026367188,82.99800872802734,2.050526017837353,0.61003074868916,0.1568786551758521,0.5337974762367739,0.7268113637026808,0.7268113637026808,-0.006456864654367234,0.013617111818295134,0.9214047252757599,-0.09723249858889593,50.16560669736836,0.0,0.6051587301587302,CVX,XOM
2022-08-23,139.06544494628906,86.52064514160156,2.050526017837353,0.61003074868916,0.1634478153620358,0.6944374828923315,0.5337974762367739,0.5337974762367739,-0.004568147255907373,0.013593800042042897,0.9205138230634133,-0.1018006458448033,52.08234237475344,0.0,0.611111111111111,CVX,XOM
2022-08-24,140.09559631347656,87.03269958496094,2.050526017837353,0.61003074868916,0.16722848792894807,0.771042425535721,0.6944374828923315,0.6944374828923315,0.006569160186183698,0.01353489106044199,0.9235038606267635,-0.09523148565861961,48.079077975501974,0.0,0.5753968253968254,CVX,XOM
2022-08-25,141.32321166992188,87.48297119140625,2.050526017837353,0.61003074868916,0.1728051022967776,0.9263814820162182,0.771042425535721,0.771042425535721,0.00378067256691228,0.013529685109885331,0.9232728400965378,-0.0809576092012918,48.11859283261822,0.0,0.5753968253968254,CVX,XOM
2022-08-26,140.28448486328125,86.40586853027344,2.050526017837353,0.61003074868916,0.17298535385767666,0.8995092161540603,0.9263814820162182,0.9263814820162182,0.005576614367829524,0.013539509413778857,0.9224226696841208,-0.07325859276958191,46.5514225868277,0.0,0.5793650793650793,CVX,XOM
2022-08-29,141.3318328857422,88.39232635498047,2.050526017837353,0.61003074868916,0.1665577757155785,0.595435244875939,0.8995092161540603,0.8995092161540603,0.00018025156089906957,0.004879849908150387,0.9224045598727846,-0.07256754493092155,40.580565005269314,0.0,0.18253968253968253,CVX,XOM
2022-08-30,137.88931274414062,85.02861022949219,2.050526017837353,0.61003074868916,0.165566095482796,0.49829713110316914,0.595435244875939,0.595435244875939,-0.006427578142098156,0.004978697165818054,0.9207148921956045,-0.0789951230730197,37.5785529625412,0.0,0.21428571428571427,CVX,XOM
2022-08-31,135.6915740966797,84.3929443359375,2.050526017837353,0.61003074868916,0.15407695150649348,-0.13927855166157618,0.49829713110316914,0.49829713110316914,-0.0009916802327825103,0.0048159949013388565,0.920361396943051,-0.07718262449098745,34.2711036450506,0.0,0.20238095238095238,CVX,XOM
2022-09-01,133.5281982421875,82.87442779541016,2.050526017837353,0.61003074868916,0.1490816416134808,-0.48610728433533557,-0.13927855166157618,0.13927855166157618,-0.011489143976302518,0.005366937187848183,0.9197252768744324,-0.08021328915227821,33.74122101265532,0.0,0.2757936507936508,CVX,XOM
2022-09-02,135.51129150390625,84.3929443359375,2.050526017837353,0.61003074868916,0.15274744771286963,-0.38643747329771605,-0.48610728433533557,0.48610728433533557,-0.004995309893012667,0.005454947862969921,0.9245664704285904,-0.08319878931748992,34.38423104460013,0.0,0.2242063492063492,CVX,XOM
2022-09-06,134.88462829589844,83.82792663574219,2.050526017837353,0.61003074868916,0.15221022596430211,-0.514933642176634,-0.38643747329771605,0.38643747329771605,0.003665806099388824,0.0052150662145483695,0.9253761976310494,-0.07272727339923435,38.68284651472639,0.0,0.19246031746031744,CVX,XOM
2022-09-07,133.15907287597656,83.11279296875,2.050526017837353,0.61003074868916,0.14456134866992887,-1.2256944742494376,-0.514933642176634,0.514933642176634,-0.0005372217485675179,0.0051305111974989295,0.9245461086913356,-0.07250113496002131,38.33357274060142,0.0,0.19246031746031744,CVX,XOM
2022-09-08,133.88018798828125,83.79261016845703,2.050526017837353,0.61003074868916,0.14499275699561354,-1.479745994302747,-1.2256944742494376,1.2256944742494376,-0.007648877294373246,0.005315660141495506,0.9246861669951421,-0.061705256150254684,38.694799814965,1.0,0.21428571428571427,CVX,XOM
2022-09-09,137.33128356933594,85.19635009765625,2.050526017837353,0.61003074868916,0.16030869846671392,-0.3086599819861787,-1.479745994302747,1.479745994302747,0.0004314083256846679,0.005304728914388329,0.9200160507566036,-0.060998886869472635,34.09731381335607,2.0,0.2718253968253968,CVX,XOM
2022-09-12,139.5032501220703,86.17633056640625,2.050526017837353,0.61003074868916,0.16902356613130332,0.8439251358463672,-0.3086599819861787,0.3086599819861787,0.01531594147110038,0.006184260300051098,0.9193654480611579,-0.03358117535339478,33.08818005634391,0.0,0.3869047619047619,CVX,XOM
2022-09-13,136.85055541992188,84.16340637207031,2.050526017837353,0.61003074868916,0.16424343857321055,0.27301502996696736,0.8439251358463672,0.8439251358463672,0.008714867664589399,0.006445360110375685,0.9194534567184144,-0.008964147921039167,31.35470534669956,0.0,0.39880952380952384,CVX,XOM
2022-09-14,140.16427612304688,86.22929382324219,2.050526017837353,0.61003074868916,0.1733759977006084,1.4323667437309107,0.27301502996696736,0.27301502996696736,-0.004780127558092762,0.00626509660741078,0.9210859579180922,-0.013744275479131929,30.649512587003105,0.0,0.3611111111111111,CVX,XOM
2022-09-15,137.88931274414062,83.72197723388672,2.050526017837353,0.61003074868916,0.1750132001901017,1.5311283412794432,1.4323667437309107,1.4323667437309107,0.009132559127397855,0.00653128253087493,0.9157274625637885,-0.004611716351734074,28.79650719658104,1.0,0.4246031746031746,CVX,XOM
2022-09-16,134.3094482421875,82.2917251586914,2.050526017837353,0.61003074868916,0.1592197847014054,-0.43245412930279004,1.5311283412794432,1.5311283412794432,0.0016372024894932835,0.006506905083254482,0.9121579681608297,-0.0029745138622407907,26.826773084955086,2.0,0.4186507936507936,CVX,XOM
2022-09-19,134.69577026367188,82.28291320800781,2.050526017837353,0.61003074868916,0.1621573403660599,-0.03392702267096421,-0.43245412930279004,0.43245412930279004,-0.015793415488696283,0.007375393583381986,0.9063530736940236,-0.018767929350937074,26.789992878166345,0.0,0.4880952380952381,CVX,XOM
2022-09-20,134.16346740722656,81.6119384765625,2.050526017837353,0.61003074868916,0.1631925004404935,0.10489574650509127,-0.03392702267096421,0.03392702267096421,0.0029375556646544787,0.007275341881209946,0.902971830385645,-0.015830373686282595,27.928794844613623,0.0,0.498015873015873,CVX,XOM
2022-09-21,133.0731964111328,80.29644775390625,2.050526017837353,0.61003074868916,0.16494596914692927,0.33628651876522647,0.10489574650509127,0.10489574650509127,0.0010351600744336054,0.007200165233882864,0.90199691860928,-0.01479521361184899,27.87224670611465,0.0,0.498015873015873,CVX,XOM
2022-09-22,132.97021484375,79.96098327636719,2.050526017837353,0.61003074868916,0.16672573812370395,0.5472669228663296,0.33628651876522647,0.33628651876522647,0.001753468706435779,0.007066291048775694,0.900372844319853,-0.01304174490541321,28.82583826307404,0.0,0.49404761904761907,CVX,XOM
2022-09-23,124.2823715209961,75.70555877685547,2.050526017837353,0.61003074868916,0.13251763403153172,-3.04492930510345,0.5472669228663296,0.5472669228663296,0.001779768976774676,0.00702717248131303,0.9007127652667821,-0.011261975928638535,26.98885044554862,0.0,0.4880952380952381,CVX,XOM
2022-09-26,121.01155853271484,74.14289855957031,2.050526017837353,0.61003074868916,0.11857112602331021,-3.399460498576639,-3.04492930510345,3.04492930510345,-0.03420810409217223,0.01011330176629533,0.9122828579400009,-0.045470080020810766,28.244339348412865,1.0,0.5158730158730159,CVX,XOM
2022-09-27,121.06307220458984,75.69672393798828,2.050526017837353,0.61003074868916,0.10634433003014143,-3.346248498401788,-3.399460498576639,3.399460498576639,-0.013946508008221503,0.010423911556469257,0.9152528727402015,-0.05941658802903227,30.78104636078575,2.0,0.5178571428571428,CVX,XOM
2022-09-28,125.1494369506836,78.45125579833984,2.050526017837353,0.61003074868916,0.11773709369682317,-2.277406533888307,-3.346248498401788,3.346248498401788,-0.012226795993168782,0.010602126861395594,0.9091909589749758,-0.07164338402220105,32.34687682164989,3.0,0.5436507936507936,CVX,XOM
2022-09-29,124.2823715209961,78.29235076904297,2.050526017837353,0.61003074868916,0.11202162726024945,-2.283576679729184,-2.277406533888307,2.277406533888307,0.011392763666681738,0.011053994290429177,0.9107282863645214,-0.06025062035551931,27.255331515736092,4.0,0.5376984126984127,CVX,XOM
2022-09-30,123.33804321289062,77.08283233642578,2.050526017837353,0.61003074868916,0.11389212838041907,-1.9607489878151017,-2.283576679729184,2.283576679729184,-0.005715466436573724,0.010886758191618618,0.9101529531615037,-0.06596608679209304,26.3496127083871,5.0,0.5357142857142857,CVX,XOM
2022-10-03,130.25741577148438,81.15283966064453,2.050526017837353,0.61003074868916,0.13708750005246362,-0.7459895155622407,-1.9607489878151017,1.9607489878151017,0.0018705011201696209,0.010898378674744864,0.9099484958780454,-0.06409558567192342,26.273873142160753,6.0,0.5376984126984127,CVX,XOM
2022-10-04,135.32244873046875,84.11042022705078,2.050526017837353,0.61003074868916,0.15339855766529764,0.07672435056307052,-0.7459895155622407,0.7459895155622407,0.02319537167204455,0.012144409581060953,0.9190890190824711,-0.040900213999878865,20.498701504280696,0.0,0.5634920634920635,CVX,XOM
2022-10-05,136.09506225585938,87.50944519042969,2.050526017837353,0.61003074868916,0.1349246036775389,-0.7974391327678568,0.07672435056307052,0.07672435056307052,0.016311057612834023,0.012703713563596496,0.9224163175730351,-0.02458915638704484,17.634124542201715,0.0,0.5257936507936508,CVX,XOM
2022-10-06,138.57611083984375,90.10506439208984,2.050526017837353,0.61003074868916,0.13515970779804132,-0.7339990153095396,-0.7974391327678568,0.7974391327678568,-0.01847395398775875,0.013239893659136245,0.904716729292506,-0.04306311037480359,18.60525589149657,0.0,0.6428571428571428,CVX,XOM
2022-10-07,137.3828125,89.19572448730469,2.050526017837353,0.61003074868916,0.13269898084472498,-0.7997543672665577,-0.7339990153095396,0.7339990153095396,0.00023510412050242735,0.013239285748833004,0.9058695283844499,-0.042828006254301165,16.650220284952233,0.0,0.6329365079365079,CVX,XOM
2022-10-10,134.90179443359375,87.26226806640625,2.050526017837353,0.61003074868916,0.127843556626972,-0.9792874627588746,-0.7997543672665577,0.7997543672665577,-0.002460726953316339,0.012735325818850207,0.9054816575129143,-0.045288733207617504,16.858309912168515,0.0,0.6329365079365079,CVX,XOM
2022-10-11,134.9275360107422,86.52064514160156,2.050526017837353,0.61003074868916,0.1332410301187399,-0.6532735985922861,-0.9792874627588746,0.9792874627588746,-0.004855424217752979,0.012539381696056522,0.9066123630930325,-0.050144157425370484,15.950587144974072,0.0,0.6150793650793651,CVX,XOM
2022-10-12,135.3310089111328,86.9002685546875,2.050526017837353,0.61003074868916,0.1335561070442539,-0.5890023108532939,-0.6532735985922861,0.6532735985922861,0.00539747349176789,0.01262485081030781,0.9051726614852851,-0.04474668393360259,22.57121106526547,0.0,0.628968253968254,CVX,XOM
2022-10-13,141.8898162841797,89.93733215332031,2.050526017837353,0.61003074868916,0.15992745285797794,0.7737352911766617,-0.5890023108532939,0.5890023108532939,0.000315076925514024,0.01239598539610478,0.9045936640369687,-0.04443160700808857,23.688602857219237,0.0,0.621031746031746,CVX,XOM
2022-10-14,137.47720336914062,87.57125854492188,2.050526017837353,0.61003074868916,0.14459833414730516,-0.01435335489551851,0.7737352911766617,0.7737352911766617,0.026371345813724023,0.013845357927496933,0.9062025517542511,-0.018060261194364546,20.90232912490538,0.0,0.6607142857142857,CVX,XOM
2022-10-17,138.48167419433594,88.83374786376953,2.050526017837353,0.61003074868916,0.1431463815573255,-0.07336865590325395,-0.01435335489551851,0.01435335489551851,-0.015329118710672773,0.01382048891731129,0.9095079374867674,-0.03338937990503732,21.81846311228231,0.0,0.6408730158730158,CVX,XOM
2022-10-18,139.692138671875,88.99267578125,2.050526017837353,0.61003074868916,0.15075897299029029,0.3260803251828892,-0.07336865590325395,0.07336865590325395,-0.0014519525899796548,0.013795317546879845,0.9087808200731476,-0.034841332495016974,24.72098633816267,0.0,0.6388888888888888,CVX,XOM
2022-10-19,144.22491455078125,91.63243865966797,2.050526017837353,0.61003074868916,0.1648599947311249,1.0080195440871398,0.3260803251828892,0.3260803251828892,0.007612591432964777,0.013916603238271163,0.9057213073183562,-0.027228741062052197,21.957291374458745,0.0,0.6686507936507937,CVX,XOM
2022-10-20,145.04904174804688,91.75603485107422,2.050526017837353,0.61003074868916,0.16973564050199075,1.1857090116354136,1.0080195440871398,1.0080195440871398,0.014101021740834607,0.014277482859599181,0.9079760196767267,-0.01312771932121759,23.8809300886821,1.0,0.6726190476190477,CVX,XOM
2022-10-21,148.6804656982422,93.45994567871094,2.050526017837353,0.61003074868916,0.18323883342611058,1.739931052006745,1.1857090116354136,1.1857090116354136,0.004875645770865855,0.014312725236933234,0.9080943816720429,-0.008252073550351735,22.319376870454693,2.0,0.6706349206349207,CVX,XOM
2022-10-24,148.62892150878906,94.11327362060547,2.050526017837353,0.61003074868916,0.17864253655255347,1.4766170034605064,1.739931052006745,1.739931052006745,0.013503192924119833,0.012208695425677407,0.908746487420724,0.0,21.479565172020152,3.0,0.5694444444444444,CVX,XOM
2022-10-25,150.17416381835938,93.47760772705078,2.050526017837353,0.61003074868916,0.19311979581647298,1.983078225483389,1.4766170034605064,1.4766170034605064,-0.004596296873557115,0.011738545532812405,0.9242777172228204,-0.004596296873557115,20.06744814114785,4.0,0.4126984126984127,CVX,XOM
2022-10-26,152.0284881591797,94.59001922607422,2.050526017837353,0.61003074868916,0.1981753158442383,2.050186409216652,1.983078225483389,1.983078225483389,0.014477259263919517,0.011445294153234508,0.9174425422966261,0.0,19.874100977396903,5.0,0.4722222222222222,CVX,XOM
2022-10-27,152.7238311767578,94.95199584960938,2.050526017837353,0.61003074868916,0.20040864854570506,1.9984681125065897,2.050186409216652,2.050186409216652,0.005055520027765326,0.011332788884201115,0.9178184430086472,0.0,17.59201128847851,6.0,0.4563492063492064,CVX,XOM
2022-10-28,154.509521484375,97.7330093383789,2.050526017837353,0.61003074868916,0.19442279306735433,1.6387311120386259,1.9984681125065897,1.9984681125065897,0.0022333327014667503,0.011121747611709577,0.9158952691865901,0.0,20.589035295411083,7.0,0.45436507936507936,CVX,XOM
2022-10-31,155.29933166503906,97.83013153076172,2.050526017837353,0.61003074868916,0.19891558040336088,1.679140408123619,1.6387311120386259,1.6387311120386259,-0.005985855478350732,0.011341408574287186,0.9112891088408565,-0.005985855478350732,19.025585044034745,8.0,0.4781746031746032,CVX,XOM
2022-11-01,156.43251037597656,98.8012924194336,2.050526017837353,0.61003074868916,0.20015990503351233,1.607386264815491,1.679140408123619,1.679140408123619,0.004492787336006554,0.010459050295731258,0.91053290683849,-0.0014930681423441783,18.614779487764675,9.0,0.45634920634920634,CVX,XOM
2022-11-02,153.23895263671875,96.77069854736328,2.050526017837353,0.61003074868916,0.1922018826128986,1.2696068423619398,1.607386264815491,1.607386264815491,0.00124432463015145,0.010012833766516953,0.9113129481816897,-0.0002487435121927284,17.38121562486113,10.0,0.4305555555555556,CVX,XOM
2022-11-03,155.4967498779297,98.08616638183594,2.050526017837353,0.61003074868916,0.1985915355905301,1.4021762575310566,1.2696068423619398,1.2696068423619398,-0.00795802242061372,0.00914460713179029,0.9130458474325994,-0.008206765932806448,16.31712872863659,11.0,0.375,CVX,XOM
2022-11-04,157.46267700195312,99.15443420410156,2.050526017837353,0.61003074868916,0.20454716764063807,1.4734392711261324,1.4021762575310566,1.4021762575310566,0.006389652977631499,0.009154517131941004,0.9139725075786854,-0.0018171129551749488,14.212890508490915,12.0,0.373015873015873,CVX,XOM
2022-11-07,159.34275817871094,100.32864379882812,2.050526017837353,0.61003074868916,0.2092346185317373,1.5049979794039507,1.4734392711261324,1.4734392711261324,0.005955632050107962,0.009079068773611365,0.9123734098785463,0.0,14.124557168432418,13.0,0.36309523809523814,CVX,XOM
2022-11-08,159.11094665527344,100.6464614868164,2.050526017837353,0.61003074868916,0.20584938080916526,1.3239442399216794,1.5049979794039507,1.5049979794039507,0.004687450891099232,0.008870934834714937,0.9134337269983211,0.0,16.405922866860102,14.0,0.3551587301587301,CVX,XOM
2022-11-09,152.7496337890625,96.14385986328125,2.050526017837353,0.61003074868916,0.19296796687929607,0.8581052585495456,1.3239442399216794,1.3239442399216794,-0.003385237722572043,0.009010614378551673,0.911509569350381,-0.003385237722572043,17.39048514598808,15.0,0.3670634920634921,CVX,XOM
2022-11-10,155.64271545410156,97.55644989013672,2.050526017837353,0.61003074868916,0.2028332128371919,1.1193304959778605,0.8581052585495456,0.8581052585495456,-0.01288141392986919,0.009687014906536314,0.9189342304294597,-0.016266651652441233,15.906585003526853,0.0,0.38293650793650796,CVX,XOM
2022-11-11,160.07247924804688,100.60233306884766,2.050526017837353,0.61003074868916,0.21214187867389356,1.3649590382706287,1.1193304959778605,1.1193304959778605,0.00986524595789584,0.008255554482453418,0.9189504568723785,-0.006401405694545392,14.874762479685582,1.0,0.31746031746031744,CVX,XOM
2022-11-14,160.14974975585938,100.89602661132812,2.050526017837353,0.61003074868916,0.2108461846808818,1.2349611108564726,1.3649590382706287,1.3649590382706287,0.009308665836701646,0.007344016840522451,0.9205165412616024,0.0,14.802592052719392,2.0,0.27976190476190477,CVX,XOM
2022-11-15,161.4374542236328,101.57238006591797,2.050526017837353,0.61003074868916,0.2147789812434362,1.2764007940243387,1.2349611108564726,1.2349611108564726,-0.0012956939930117706,0.007338956590993957,0.920679244157451,-0.0012956939930117706,13.844729468234652,3.0,0.2777777777777778,CVX,XOM
2022-11-16,158.81048583984375,100.48662567138672,2.050526017837353,0.61003074868916,0.2049287774624693,0.8814485032889334,1.2764007940243387,1.2764007940243387,0.003932796562554408,0.007276524279073197,0.9208622626621874,0.0,13.133253249752215,4.0,0.2698412698412699,CVX,XOM
2022-11-17,159.2603759765625,100.6201171875,2.050526017837353,0.61003074868916,0.20694778879839193,0.8945599446826983,0.8814485032889334,0.8814485032889334,-0.009850203780966904,0.007354578565179578,0.9188224271541424,-0.009850203780966904,11.657701883103131,0.0,0.3134920634920635,CVX,XOM
2022-11-18,158.3087615966797,99.74796295166016,2.050526017837353,0.61003074868916,0.2062653234648404,0.8185665541126156,0.8945599446826983,0.8945599446826983,0.002019011335922638,0.00732509102658976,0.9187708468218986,-0.007831192445044266,12.44294384113542,0.0,0.30753968253968256,CVX,XOM
2022-11-21,156.7947540283203,98.76009368896484,2.050526017837353,0.61003074868916,0.20272730974993936,0.6394125039429801,0.8185665541126156,0.8185665541126156,-0.0006824653335515407,0.006833721342023311,0.9191271670262045,-0.008513657778595807,12.219829002313212,0.0,0.26785714285714285,CVX,XOM
2022-11-22,160.8175811767578,101.61688232421875,2.050526017837353,0.61003074868916,0.21066466403807738,0.9257247506598681,0.6394125039429801,0.6394125039429801,-0.0035380137149010338,0.0067929878951834026,0.919580235528119,-0.01205167149349684,11.690748407268869,0.0,0.25396825396825395,CVX,XOM
2022-11-23,159.39013671875,101.10961151123047,2.050526017837353,0.61003074868916,0.20480176037431486,0.6292109384002921,0.9257247506598681,0.9257247506598681,0.007937354288138021,0.006284572153836913,0.924714138224184,-0.0041143172053588195,11.667703816012732,0.0,0.16269841269841268,CVX,XOM
2022-11-25,158.92295837402344,100.75360870361328,2.050526017837353,0.61003074868916,0.204018103289489,0.5394309845336906,0.6292109384002921,0.6292109384002921,-0.00586290366376252,0.006371530159409255,0.925028711680119,-0.00997722086912134,11.220455301209634,0.0,0.1607142857142857,CVX,XOM
2022-11-28,154.30322265625,97.72770690917969,2.050526017837353,0.61003074868916,0.19311981334844264,-0.11460453322662158,0.5394309845336906,0.5394309845336906,-0.0007836570848258617,0.006360418048739129,0.9257692813638293,-0.010760877953947201,11.687765449246944,0.0,0.15476190476190477,CVX,XOM
2022-11-29,156.6130828857422,98.37738800048828,2.050526017837353,0.61003074868916,0.20393650728521084,0.4725697095145133,-0.11460453322662158,0.11460453322662158,-0.010898289941046357,0.0066805955321959,0.9277633580274718,-0.02165916789499356,10.946781544153838,0.0,0.1626984126984127,CVX,XOM
2022-11-30,158.5855712890625,99.0893783569336,2.050526017837353,0.61003074868916,0.21205341482222284,1.0920552434736501,0.4725697095145133,0.4725697095145133,0.010816693936768207,0.007029392809627316,0.9262579444667522,-0.010842473958225352,11.757468276455034,0.0,0.19047619047619047,CVX,XOM
2022-12-01,157.87615966796875,98.60880279541016,2.050526017837353,0.61003074868916,0.21053580948496187,0.974999194711782,1.0920552434736501,1.0920552434736501,0.008116907537011997,0.007234538050915696,0.9257583171165223,-0.0027255664212133546,12.18103701450844,1.0,0.2103174603174603,CVX,XOM
2022-12-02,156.6130828857422,97.772216796875,2.050526017837353,0.61003074868916,0.20770071791590095,0.6863064540530485,0.974999194711782,0.974999194711782,-0.0015176053372609744,0.006985735309696587,0.9257274262607975,-0.004243171758474329,14.164377382920222,0.0,0.19444444444444445,CVX,XOM
2022-12-05,152.7459716796875,95.09341430664062,2.050526017837353,0.61003074868916,0.19964572457275986,-0.3749905597364355,0.6863064540530485,0.6863064540530485,-0.0028350915690609213,0.006913312588654241,0.9261627827132963,-0.00707826332753525,13.920051596403553,0.0,0.18055555555555555,CVX,XOM
2022-12-06,148.80967712402344,92.4501953125,2.050526017837353,0.61003074868916,0.1907342047315037,-1.8426004697863863,-0.3749905597364355,0.3749905597364355,-0.008054993343141081,0.007029362832202993,0.9287848785260057,-0.015133256670676332,14.325681931087686,0.0,0.17063492063492064,CVX,XOM
2022-12-07,149.25091552734375,92.24549865722656,2.050526017837353,0.61003074868916,0.19504712071045294,-1.215539864012192,-1.8426004697863863,1.8426004697863863,-0.008911519841256155,0.007175547951996982,0.9308476189697281,-0.024044776511932486,16.328775839475913,1.0,0.17857142857142858,CVX,XOM
2022-12-08,150.13331604003906,92.93077087402344,2.050526017837353,0.61003074868916,0.19642686832330059,-0.9874018916133426,-1.215539864012192,1.215539864012192,0.004312915978949228,0.007239440594439236,0.9293346759102951,-0.01973186053298326,16.959914165882097,2.0,0.1884920634920635,CVX,XOM
2022-12-09,145.34054565429688,92.14759826660156,2.050526017837353,0.61003074868916,0.16914558482256803,-3.661422752692885,-0.9874018916133426,0.9874018916133426,0.0013797476128476482,0.006668579767285048,0.9279758570046085,-0.01835211292013561,17.323892979178122,0.0,0.1527777777777778,CVX,XOM
2022-12-12,146.85447692871094,94.4170150756836,2.050526017837353,0.61003074868916,0.16466629545316636,-3.2626447318825953,-3.661422752692885,3.661422752692885,-0.027281283500732556,0.008602906078145383,0.9209457856429129,-0.045633396420868166,14.557497183016691,1.0,0.3134920634920635,CVX,XOM
2022-12-13,150.1246795654297,95.44939422607422,2.050526017837353,0.61003074868916,0.18005627302679983,-1.72460891254133,-3.2626447318825953,3.2626447318825953,-0.004479289369401673,0.008239110684225717,0.9178871096332253,-0.05011268579026984,13.485478590255806,2.0,0.35912698412698413,CVX,XOM
2022-12-14,149.08651733398438,94.74633026123047,2.050526017837353,0.61003074868916,0.17762693071186586,-1.7647710954974356,-1.72460891254133,1.72460891254133,0.015389977573633473,0.009105292695064677,0.9162533897411168,-0.034722708216636367,13.779722915946927,3.0,0.3888888888888889,CVX,XOM
2022-12-15,147.97052001953125,93.83853912353516,2.050526017837353,0.61003074868916,0.1759862612742884,-1.7620641201131197,-1.7647710954974356,1.7647710954974356,-0.002429342314933969,0.009019282417645384,0.9167502206300551,-0.037152050531570335,13.858720972590014,4.0,0.38095238095238093,CVX,XOM
2022-12-16,145.96340942382812,93.17996978759766,2.050526017837353,0.61003074868916,0.16662552402421982,-2.1908604178098727,-1.7620641201131197,1.7620641201131197,-0.0016406694375774578,0.008831038073272108,0.9178094862819468,-0.03879271996914779,13.607267845452961,5.0,0.36904761904761907,CVX,XOM
2022-12-19,146.96697998046875,93.59825134277344,2.050526017837353,0.61003074868916,0.17074521141113363,-1.7328121643837606,-2.1908604178098727,2.1908604178098727,-0.009360737250068585,0.008955112714145765,0.9180393580261108,-0.04815345721921638,13.39682992341647,6.0,0.3670634920634921,CVX,XOM
2022-12-20,149.38064575195312,94.95101165771484,2.050526017837353,0.61003074868916,0.17828142405723924,-1.149256434874065,-1.7328121643837606,1.7328121643837606,0.004119687386913817,0.009051511679012591,0.9056639217280987,-0.04403376983230256,13.457562064507972,7.0,0.45039682539682535,CVX,XOM
2022-12-21,151.13685607910156,96.17027282714844,2.050526017837353,0.61003074868916,0.1821859575989544,-0.8364702657167975,-1.149256434874065,1.149256434874065,0.0075362126461056,0.009263039687804666,0.9034989285068337,-0.03649755718619696,13.372098202119185,8.0,0.48809523809523814,CVX,XOM
2022-12-22,148.87025451660156,94.23013305664062,2.050526017837353,0.61003074868916,0.1795079494623102,-0.9669014890733841,-0.8364702657167975,0.8364702657167975,0.0039045335417151605,0.009103982932163768,0.9123425818376912,-0.0325930236444818,12.901324797109417,0.0,0.40674603174603174,CVX,XOM
2022-12-23,153.4727020263672,96.7220458984375,2.050526017837353,0.61003074868916,0.19403288936828744,-0.011223823489050235,-0.9669014890733841,0.9669014890733841,-0.0026780081366442055,0.009052654818592255,0.9096141122857204,-0.035271031781126005,12.463175349544176,0.0,0.4226190476190476,CVX,XOM
2022-12-27,155.4019012451172,98.06591033935547,2.050526017837353,0.61003074868916,0.19810736980775756,0.2896303799771501,-0.011223823489050235,0.011223823489050235,0.014524939905977252,0.009686006826363712,0.9120637462400183,-0.020746091875148753,12.67684303679321,0.0,0.4603174603174603,CVX,XOM
2022-12-28,153.10934448242188,96.4550552368164,2.050526017837353,0.61003074868916,0.1933487628714241,0.013140686039942468,0.2896303799771501,0.2896303799771501,0.004074480439470118,0.009428532947655924,0.912852069539118,-0.016671611435678635,12.218321769611041,0.0,0.4305555555555556,CVX,XOM
2022-12-29,154.2686004638672,97.18484497070312,2.050526017837353,0.61003074868916,0.19629348139214642,0.2642865318901268,0.013140686039942468,0.013140686039942468,-0.004758606936333454,0.009163042378316898,0.9035257745373291,-0.02143021837201209,11.260594544588551,0.0,0.4821428571428571,CVX,XOM
2022-12-30,155.2808074951172,98.1637954711914,2.050526017837353,0.61003074868916,0.19671923401907998,0.3171589503818602,0.2642865318901268,0.2642865318901268,0.0029447185207223114,0.008986657702508404,0.897536710235546,-0.018485499851289777,10.259164345251135,0.0,0.47023809523809523,CVX,XOM
2023-01-03,150.52261352539062,94.79080963134766,2.050526017837353,0.61003074868916,0.18692715264116266,-0.3383590286057204,0.3171589503818602,0.3171589503818602,0.0004257526269335621,0.008988749523116471,0.9265852339000793,-0.018059747224356215,9.156708654446467,0.0,0.2281746031746032,CVX,XOM
2023-01-04,148.92214965820312,95.06669616699219,2.050526017837353,0.61003074868916,0.17446460551233933,-1.1598761336912058,-0.3383590286057204,0.3383590286057204,-0.009792081377917317,0.00919719335031714,0.932923955921358,-0.027851828602273532,8.196873522753936,0.0,0.2361111111111111,CVX,XOM
2023-01-05,151.60400390625,97.19373321533203,2.050526017837353,0.61003074868916,0.17881433415609305,-0.7905444702827763,-1.1598761336912058,1.1598761336912058,-0.012462547128823331,0.009412948758218354,0.9274694179030002,-0.04031437573109686,7.625983137904829,1.0,0.2718253968253968,CVX,XOM
2023-01-06,152.7459716796875,98.36849212646484,2.050526017837353,0.61003074868916,0.17898957474470745,-0.7243096631290604,-0.7905444702827763,0.7905444702827763,0.004349728643753714,0.009317127540234987,0.9267246140000703,-0.03596464708734315,7.302193689022075,0.0,0.2738095238095238,CVX,XOM
2023-01-09,151.5521240234375,96.53515625,2.050526017837353,0.61003074868916,0.18261965640477174,-0.4070422665867823,-0.7243096631290604,0.7243096631290604,0.0001752405886144004,0.009251536909203661,0.9283285251054958,-0.03578940649872875,8.182346326077157,0.0,0.25,CVX,XOM
2023-01-10,152.29612731933594,97.97691345214844,2.050526017837353,0.61003074868916,0.17847339619130187,-0.671418546250663,-0.4070422665867823,0.4070422665867823,0.0036300816600642882,0.009290997731957188,0.9258748133470958,-0.03215932483866446,8.27803191688617,0.0,0.2837301587301587,CVX,XOM
2023-01-11,151.56942749023438,99.1160659790039,2.050526017837353,0.61003074868916,0.16663859575781714,-1.471979176976795,-0.671418546250663,0.671418546250663,-0.004146260213469866,0.0070871622431575455,0.9212024730595977,-0.036305585052134326,8.088727204165398,0.0,0.2361111111111111,CVX,XOM
2023-01-12,153.1958465576172,100.76251983642578,2.050526017837353,0.61003074868916,0.16726175105842955,-1.3331675933495768,-1.471979176976795,1.471979176976795,-0.011834800433484727,0.007512362298519291,0.9094780969068387,-0.04814038548561905,7.544358023394235,1.0,0.39285714285714285,CVX,XOM
2023-01-13,153.611083984375,100.70022583007812,2.050526017837353,0.61003074868916,0.17034583830482308,-1.0556438483391941,-1.3331675933495768,1.3331675933495768,0.0006231553006124102,0.006649278786833395,0.9102594495768268,-0.04751723018500664,7.765766155294282,2.0,0.30952380952380953,CVX,XOM
2023-01-17,156.14593505859375,100.50442504882812,2.050526017837353,0.61003074868916,0.18790020391792162,0.4376667334964707,-1.0556438483391941,1.0556438483391941,0.00308408724639353,0.006683570647673483,0.9114512194494955,-0.04443314293861311,7.282559848070523,3.0,0.3055555555555556,CVX,XOM
2023-01-18,153.32559204101562,98.43970489501953,2.050526017837353,0.61003074868916,0.18233559672157362,0.031833244292813506,0.4376667334964707,0.4376667334964707,0.017554365613098533,0.007727936017430503,0.895883922925292,-0.02687877732551458,6.9855702646544025,0.0,0.45833333333333337,CVX,XOM
2023-01-19,154.8568572998047,99.07157135009766,2.050526017837353,0.61003074868916,0.1883699105276535,0.6648491120505825,0.031833244292813506,0.031833244292813506,-0.005564607196347993,0.007525018722344817,0.8992585880927672,-0.03244338452186257,6.669624379071081,0.0,0.45039682539682546,CVX,XOM
2023-01-20,156.50064086914062,100.87820434570312,2.050526017837353,0.61003074868916,0.18790474146828862,0.6328104648289236,0.6648491120505825,0.6648491120505825,0.006034313806079883,0.007578812811508027,0.897901362746025,-0.02640907071578269,10.66862720994448,0.0,0.45238095238095244,CVX,XOM
2023-01-23,156.29298400878906,100.3531494140625,2.050526017837353,0.61003074868916,0.1897603892411519,0.850803515481487,0.6328104648289236,0.6328104648289236,-0.0004651690593648894,0.007426611080741118,0.8991568838088901,-0.02687423977514758,10.728931902685188,0.0,0.44642857142857145,CVX,XOM
2023-01-24,156.4400634765625,101.28759765625,2.050526017837353,0.61003074868916,0.18504691858712263,0.428491769807565,0.850803515481487,0.850803515481487,0.0018556477728632892,0.007392735963548485,0.9084031993891706,-0.02501859200228429,10.816985184946622,0.0,0.3948412698412699,CVX,XOM
2023-01-25,154.92611694335938,100.75360870361328,2.050526017837353,0.61003074868916,0.1785468954210141,-0.295649263616537,0.428491769807565,0.428491769807565,-0.0047134706540292726,0.007447921086948224,0.9060168612688942,-0.029732062656313563,10.611761612513416,0.0,0.4107142857142857,CVX,XOM
2023-01-26,162.4613494873047,104.80299377441406,2.050526017837353,0.61003074868916,0.2020008347016602,2.059349832817152,-0.295649263616537,0.295649263616537,-0.006500023166108537,0.006820008067287712,0.9059136385789225,-0.0362320858224221,10.417078946468674,0.0,0.34325396825396826,CVX,XOM
2023-01-27,155.24618530273438,102.8895492553711,2.050526017837353,0.61003074868916,0.16781344642682638,-1.4586049854794796,2.059349832817152,2.059349832817152,0.023453939280646097,0.008587691554395586,0.9191601627801889,-0.012778146541776003,10.836110164137706,1.0,0.3234126984126984,CVX,XOM
2023-01-30,150.70431518554688,101.06510925292969,2.050526017837353,0.61003074868916,0.14903517025926272,-2.805996321449243,-1.4586049854794796,1.4586049854794796,-0.03418738827483381,0.0113781752401169,0.9067807312176761,-0.04696553481660981,9.040642612036518,2.0,0.5813492063492063,CVX,XOM
2023-01-31,150.54861450195312,103.24552917480469,2.050526017837353,0.61003074868916,0.1349803918273027,-3.173386355660271,-2.805996321449243,2.805996321449243,-0.018778276167563668,0.011946013865082475,0.9070415208298965,-0.06574381098417348,9.264371061040634,3.0,0.625,CVX,XOM
2023-02-01,148.2473602294922,102.11527252197266,2.050526017837353,0.61003074868916,0.1262915653473864,-3.077412952450302,-3.173386355660271,3.173386355660271,-0.014054778431960013,0.012191356863705871,0.8929862306368841,-0.07979858941613349,9.932476730413704,4.0,0.6984126984126984,CVX,XOM
2023-02-02,146.21432495117188,98.92027282714844,2.050526017837353,0.61003074868916,0.13187457498947763,-2.4001724022862962,-3.077412952450302,3.077412952450302,-0.008688826479916312,0.012163356857559728,0.8928506512439701,-0.0884874158960498,10.977817080070018,5.0,0.6944444444444444,CVX,XOM
2023-02-03,146.594970703125,99.60555267333984,2.050526017837353,0.61003074868916,0.130263056564063,-2.192833175219757,-2.4001724022862962,2.4001724022862962,0.005583009642091241,0.012099458880335496,0.8847181228701825,-0.08290440625395856,10.64856377241636,6.0,0.6964285714285714,CVX,XOM
2023-02-06,146.75933837890625,99.43646240234375,2.050526017837353,0.61003074868916,0.13242013274253406,-1.8844855200883386,-2.192833175219757,2.192833175219757,-0.0016115184254146264,0.012009265513564404,0.8836858705467261,-0.08451592467937319,10.882533944827998,7.0,0.6924603174603174,CVX,XOM
2023-02-07,150.60914611816406,102.27544403076172,2.050526017837353,0.61003074868916,0.14114127284681288,-1.3837304275569358,-1.8844855200883386,1.8844855200883386,0.0021570761784710513,0.01203847397565988,0.8835621570052562,-0.08235884850090214,10.990895556511978,8.0,0.6944444444444444,CVX,XOM
2023-02-08,147.07077026367188,101.38550567626953,2.050526017837353,0.61003074868916,0.12269847268531331,-1.9746338194048692,-1.3837304275569358,1.3837304275569358,0.008721140104278824,0.012214316878980913,0.8774501899850389,-0.07363770839662331,10.530096982827132,9.0,0.7142857142857143,CVX,XOM
2023-02-09,145.72122192382812,101.76818084716797,2.050526017837353,0.61003074868916,0.1111817289600956,-2.18327445577163,-1.9746338194048692,1.9746338194048692,-0.018442800161499573,0.012722454265915992,0.8735165003979805,-0.09208050855812289,11.977562714398653,10.0,0.7380952380952381,CVX,XOM
2023-02-10,148.7750701904297,106.0578384399414,2.050526017837353,0.61003074868916,0.10673553958368842,-2.103061286528596,-2.18327445577163,2.18327445577163,-0.011516743725217715,0.012711330844078333,0.8632827597742682,-0.1035972522833406,13.842869934836482,11.0,0.748015873015873,CVX,XOM
2023-02-13,147.94454956054688,105.64531707763672,2.050526017837353,0.61003074868916,0.1035149039025347,-2.0034408929282703,-2.103061286528596,2.103061286528596,-0.0044461893764071725,0.012691613380440045,0.8606984352014713,-0.10804344165974777,15.133663159325042,12.0,0.7420634920634921,CVX,XOM
2023-02-14,149.07789611816406,104.40770721435547,2.050526017837353,0.61003074868916,0.11833488206386056,-1.3887678632275384,-2.0034408929282703,2.0034408929282703,-0.0032206356811537162,0.012613988917346396,0.8606747760296155,-0.10853851091968814,16.9847525620639,13.0,0.7400793650793651,CVX,XOM
2023-02-15,147.50689697265625,104.09380340576172,2.050526017837353,0.61003074868916,0.10957768577899962,-1.5579611195332719,-1.3887678632275384,1.3887678632275384,0.014819978161325853,0.012399762736003836,0.8474594948371666,-0.09371853275836228,14.096674576079998,14.0,0.7341269841269842,CVX,XOM
2023-02-16,145.37733459472656,103.78887939453125,2.050526017837353,0.61003074868916,0.09682501920532927,-1.8002465863176407,-1.5579611195332719,1.5579611195332719,-0.008757196284860935,0.012446057551896303,0.84718615991415,-0.10247572904322322,16.00458319968181,15.0,0.7361111111111112,CVX,XOM
2023-02-17,142.13063049316406,99.79804229736328,2.050526017837353,0.61003074868916,0.09815838336249749,-1.6137322054088663,-1.8002465863176407,1.8002465863176407,-0.012752666573670357,0.012389444816469444,0.8455744623431382,-0.11522839561689358,19.968102291649735,16.0,0.7341269841269842,CVX,XOM
2023-02-21,140.51600646972656,99.69939422607422,2.050526017837353,0.61003074868916,0.08733652252475466,-1.7710745196348356,-1.6137322054088663,1.6137322054088663,0.0013333641571682264,0.012425440136322788,0.8439953160086032,-0.11389503145972535,20.299553852592172,17.0,0.7440476190476191,CVX,XOM
2023-02-22,139.94871520996094,98.40797424316406,2.050526017837353,0.61003074868916,0.09124458595352314,-1.530483469940652,-1.7710745196348356,1.7710745196348356,-0.010821860837742836,0.012409046117585134,0.8354356030509157,-0.12471689229746818,26.32273284113654,18.0,0.7599206349206349,CVX,XOM
2023-02-23,141.3276824951172,99.31375122070312,2.050526017837353,0.61003074868916,0.09546050811927742,-1.3119425386465553,-1.530483469940652,1.530483469940652,0.003908063428768482,0.012564500006776374,0.8327508819729409,-0.1208088288686997,24.602422325501056,19.0,0.7718253968253967,CVX,XOM
2023-02-24,141.74661254882812,99.32273864746094,2.050526017837353,0.61003074868916,0.09836516724814715,-1.148728668412512,-1.3119425386465553,1.3119425386465553,0.004215922165754282,0.012703608541642672,0.8337609655371813,-0.11659290670294542,22.917396464142662,20.0,0.7817460317460317,CVX,XOM
2023-02-27,142.10446166992188,99.14336395263672,2.050526017837353,0.61003074868916,0.10198925321953967,-0.9811438095528084,-1.148728668412512,1.148728668412512,0.0029046591288697243,0.011167213138864544,0.8250839088293441,-0.1136882475740757,22.8013054006126,21.0,0.6964285714285714,CVX,XOM
2023-02-28,140.3152618408203,98.56939697265625,2.050526017837353,0.61003074868916,0.09286047240577,-1.1510483601242494,-0.9811438095528084,0.9811438095528084,0.003624085971392521,0.009107320752305874,0.8254879533088091,-0.11006416160268317,22.037468279961118,0.0,0.5912698412698413,CVX,XOM
2023-03-01,141.4324493408203,99.44827270507812,2.050526017837353,0.61003074868916,0.09537580424295866,-1.0174326818369874,-1.1510483601242494,1.1510483601242494,-0.009128780813769666,0.008510106332035854,0.8257378238765075,-0.11767533707919187,25.400280997656733,1.0,0.5535714285714286,CVX,XOM
2023-03-02,141.8775177001953,99.90565490722656,2.050526017837353,0.61003074868916,0.09571850548676242,-0.9457865508230051,-1.0174326818369874,1.0174326818369874,0.0025153318371886613,0.00817490660249731,0.8266077330201732,-0.11232491367294228,24.99929562747517,2.0,0.5476190476190477,CVX,XOM
2023-03-03,143.97215270996094,101.1701889038086,2.050526017837353,0.61003074868916,0.10270139458474281,-0.6957796983778293,-0.9457865508230051,0.9457865508230051,0.00034270124380375577,0.008040193611349562,0.8263869829349176,-0.10628232921489777,27.613747371303624,0.0,0.5476190476190477,CVX,XOM
2023-03-06,145.02822875976562,102.0669937133789,2.050526017837353,0.61003074868916,0.10462622143080358,-0.5880983045908129,-0.6957796983778293,0.6957796983778293,0.006982889097980394,0.008107610271733713,0.8213237227358372,-0.09929944011691738,25.27121794167701,0.0,0.5595238095238095,CVX,XOM
2023-03-07,143.16049194335938,100.093994140625,2.050526017837353,0.61003074868916,0.10357176412323943,-0.5725108733996952,-0.5880983045908129,0.5880983045908129,0.0019248268460607676,0.008140842124995945,0.813886377846205,-0.09737461327085661,25.107263743193716,0.0,0.5634920634920635,CVX,XOM
2023-03-08,142.25283813476562,98.63217163085938,2.050526017837353,0.61003074868916,0.10618635672035825,-0.43102522892384726,-0.5725108733996952,0.5725108733996952,-0.0010544573075641495,0.008103011970368423,0.8165217573452286,-0.09842907057842076,25.832428670755025,0.0,0.5615079365079365,CVX,XOM
2023-03-09,140.08831787109375,97.86988067626953,2.050526017837353,0.61003074868916,0.0955864095043828,-0.7822344020619131,-0.43102522892384726,0.43102522892384726,0.0026145925971188255,0.007824554236819145,0.8143866198546125,-0.09581447798130194,25.15003194721041,0.0,0.5595238095238095,CVX,XOM
2023-03-10,139.35520935058594,96.65916442871094,2.050526017837353,0.61003074868916,0.09793303708708434,-0.713231693952324,-0.7822344020619131,0.7822344020619131,-0.010599947215975458,0.007145047560572921,0.8248251390573329,-0.1064144251972774,30.721770718930866,0.0,0.5079365079365079,CVX,XOM
2023-03-13,138.51734924316406,95.54712677001953,2.050526017837353,0.61003074868916,0.09896140703481926,-0.6385829076917138,-0.713231693952324,0.713231693952324,0.0023466275827015437,0.006789264225656466,0.8244810144392186,-0.10406779761457585,30.09075256853636,0.0,0.47817460317460314,CVX,XOM
2023-03-14,140.3065643310547,95.90586853027344,2.050526017837353,0.61003074868916,0.10950946212339607,0.10059275881034965,-0.6385829076917138,0.6385829076917138,0.0010283699477349195,0.0067413858154945884,0.8257823249832212,-0.10303942766684093,30.039866931533727,0.0,0.47023809523809523,CVX,XOM
2023-03-15,134.23208618164062,91.134765625,2.050526017837353,0.61003074868916,0.09637851718170598,-0.7533442072380881,0.10059275881034965,0.10059275881034965,0.010548055088576813,0.007109992076856232,0.8227873151362339,-0.09249137257826412,26.23474623036991,0.0,0.5158730158730159,CVX,XOM
2023-03-16,134.65968322753906,90.60565185546875,2.050526017837353,0.61003074868916,0.10311102130738892,-0.21621397151754912,-0.7533442072380881,0.7533442072380881,-0.013130944941690093,0.006861203784650105,0.8439643510658486,-0.10562231751995421,30.713653434223637,0.0,0.4603174603174603,CVX,XOM
2023-03-17,132.9578094482422,89.5384292602539,2.050526017837353,0.61003074868916,0.09762020741473298,-0.5790004157050294,-0.21621397151754912,0.21621397151754912,0.0067325041256829365,0.006827055305888441,0.8414897571715443,-0.09888981339427128,29.696254088190297,0.0,0.46825396825396826,CVX,XOM
2023-03-20,134.91281127929688,91.8791275024414,2.050526017837353,0.61003074868916,0.0964746430836998,-0.6229112659170901,-0.5790004157050294,0.5790004157050294,-0.0054908138926559324,0.006331474894180523,0.8425724883087692,-0.10438062728692721,29.578573694149537,0.0,0.43253968253968256,CVX,XOM
2023-03-21,139.04100036621094,95.99553680419922,2.050526017837353,0.61003074868916,0.09987845592231892,-0.26632527563228786,-0.6229112659170901,0.6229112659170901,-0.0011455643310331887,0.006329201416931588,0.8425663756843426,-0.1055261916179604,27.25593426940311,0.0,0.43452380952380953,CVX,XOM
2023-03-22,136.21324157714844,93.79832458496094,2.050526017837353,0.61003074868916,0.09345629188606042,-0.9964904204207039,-0.26632527563228786,0.26632527563228786,0.0034038128386191246,0.005864835145890838,0.8509382292831076,-0.10212237877934127,29.801869588011357,0.0,0.3968253968253968,CVX,XOM
2023-03-23,134.8604278564453,92.74007415771484,2.050526017837353,0.61003074868916,0.0903966586862146,-1.4269780860729038,-0.9964904204207039,0.9964904204207039,-0.006422164036258504,0.006006319502930677,0.8527150049975912,-0.10854454281559978,31.060941955082942,0.0,0.4007936507936508,CVX,XOM
2023-03-24,136.2045440673828,92.84768676757812,2.050526017837353,0.61003074868916,0.09960658938475664,0.0036695984291860283,-1.4269780860729038,1.4269780860729038,-0.0030596331998458126,0.005966855489444056,0.8481818654422142,-0.11160417601544559,33.61058014306154,1.0,0.40674603174603174,CVX,XOM
2023-03-27,137.59219360351562,94.88347625732422,2.050526017837353,0.61003074868916,0.09651194595850576,-0.43634612225488223,0.0036695984291860283,0.0036695984291860283,0.009209930698542035,0.006283542550039616,0.8438481496867709,-0.10239424531690355,37.882880042108255,0.0,0.4365079365079365,CVX,XOM
2023-03-28,139.19810485839844,96.0672836303711,2.050526017837353,0.61003074868916,0.10055196773575936,0.22669091290613397,-0.43634612225488223,0.43634612225488223,-0.003094643426250876,0.00626369687195683,0.8428376001531188,-0.10548888874315443,44.87367534668324,0.0,0.44246031746031744,CVX,XOM
2023-03-29,140.393798828125,97.7174301147461,2.050526017837353,0.61003074868916,0.09871564390838428,0.04440606750421584,0.22669091290613397,0.22669091290613397,0.0040400217772536,0.005984175785398922,0.8437046995960892,-0.10144886696590083,40.9609782172833,0.0,0.43253968253968256,CVX,XOM
2023-03-30,141.72914123535156,98.1927261352539,2.050526017837353,0.61003074868916,0.10522211420174088,1.4251572719142813,0.04440606750421584,0.04440606750421584,-0.001836323827375086,0.00598185847429514,0.8438368078836019,-0.10328519079327592,42.7437665701719,0.0,0.4305555555555556,CVX,XOM
2023-03-31,142.40118408203125,98.3451919555664,2.050526017837353,0.61003074868916,0.10900617593016726,1.9797116517548983,1.4251572719142813,1.4251572719142813,0.006506470293356603,0.006139670696319655,0.8337008420015017,-0.09677872049991931,38.27941307109835,1.0,0.46825396825396826,CVX,XOM
2023-04-03,148.32730102539062,104.1476058959961,2.050526017837353,0.61003074868916,0.11480885502339522,2.6163463557253985,1.9797116517548983,1.9797116517548983,0.00378406172842638,0.006008318915197759,0.8371795583748478,-0.09299465877149293,35.661087986697915,2.0,0.4623015873015873,CVX,XOM
2023-04-04,147.5330810546875,103.15214538574219,2.050526017837353,0.61003074868916,0.11529878072553501,2.4434244697296585,2.6163463557253985,2.6163463557253985,0.005802679093227958,0.006118689655689216,0.8517226478001756,-0.08719197967826497,34.86330292093591,3.0,0.41468253968253965,CVX,XOM
2023-04-05,148.26617431640625,104.91887664794922,2.050526017837353,0.61003074868916,0.10989569290560475,1.4654826455233503,2.4434244697296585,2.4434244697296585,0.0004899257021397929,0.006108205810454609,0.851033889873999,-0.08670205397612518,34.92949112691763,4.0,0.41666666666666663,CVX,XOM
2023-04-06,146.3199005126953,103.17906951904297,2.050526017837353,0.61003074868916,0.10688247024171948,0.9139511205913933,1.4654826455233503,1.4654826455233503,-0.0054030878199302634,0.006223941738043368,0.8513026518145329,-0.09210514179605545,43.583002411572096,5.0,0.4246031746031746,CVX,XOM
2023-04-10,146.8784637451172,102.72168731689453,2.050526017837353,0.61003074868916,0.11340282871607288,1.7884081626392807,0.9139511205913933,0.9139511205913933,-0.003013222663885262,0.005769651438126617,0.8533552835891366,-0.09511836445994071,46.33879067329736,0.0,0.39285714285714285,CVX,XOM
2023-04-11,147.69015502929688,103.44808959960938,2.050526017837353,0.61003074868916,0.1146152073284834,1.799995824090581,1.7884081626392807,1.7884081626392807,0.006520358474353394,0.005904237015604011,0.8562452981023624,-0.08859800598558731,42.32858573407598,1.0,0.4027777777777778,CVX,XOM
2023-04-12,148.21385192871094,103.34049224853516,2.050526017837353,0.61003074868916,0.11878968053713335,2.1561370925090215,1.799995824090581,1.799995824090581,0.0012123786124105251,0.0059047703653466385,0.855395151027024,-0.08738562737317679,43.08670579640351,2.0,0.40476190476190477,CVX,XOM
2023-04-13,150.1949920654297,103.82476043701172,2.050526017837353,0.61003074868916,0.12921588797889605,2.93145027692621,2.1561370925090215,2.1561370925090215,0.0041744732086499425,0.005529181550007944,0.8550793311997523,-0.08321115416452685,42.06573131713613,3.0,0.3948412698412698,CVX,XOM
2023-04-14,150.50050354003906,104.07588195800781,2.050526017837353,0.61003074868916,0.12977421771515596,2.5623712402505814,2.93145027692621,2.93145027692621,0.010426207441762703,0.004990553754157259,0.8624985598552286,-0.07278494672276414,37.781529062915254,4.0,0.3650793650793651,CVX,XOM
2023-04-17,149.1738739013672,102.86517333984375,2.050526017837353,0.61003074868916,0.1280584033675809,2.113026840234046,2.5623712402505814,2.5623712402505814,0.0005583297362599104,0.004855234287160435,0.8597315739608866,-0.07222661698650423,35.87140159027146,5.0,0.36706349206349204,CVX,XOM
2023-04-18,148.82476806640625,104.87403869628906,2.050526017837353,0.61003074868916,0.11391687737680556,0.7140933051682782,2.113026840234046,2.113026840234046,-0.001715814347575062,0.004655550960019054,0.8606814102223592,-0.0739424313340793,37.11510433209938,6.0,0.3630952380952381,CVX,XOM
2023-04-19,148.96441650390625,104.54222869873047,2.050526017837353,0.61003074868916,0.11678790912973858,0.9332585865753517,0.7140933051682782,0.7140933051682782,-0.014141525990775339,0.005758759181995476,0.8508854015961337,-0.08808395732485463,37.003884117789966,0.0,0.41865079365079366,CVX,XOM
2023-04-20,148.24002075195312,103.70819091796875,2.050526017837353,0.61003074868916,0.1167995113329292,0.8887238167225285,0.9332585865753517,0.9332585865753517,0.0028710317529330176,0.005748208957051011,0.850686950264434,-0.08521292557192162,34.063733991829196,0.0,0.41865079365079366,CVX,XOM
2023-04-21,147.60287475585938,104.03999328613281,2.050526017837353,0.61003074868916,0.1105435706610085,0.2659635873800208,0.8887238167225285,0.8887238167225285,1.1602203190630433e-05,0.0055074733483803555,0.8514173430313045,-0.08520132336873099,32.82921589355265,0.0,0.40674603174603174,CVX,XOM
2023-04-24,149.66262817382812,106.00403594970703,2.050526017837353,0.61003074868916,0.11299312909999104,0.4557742256466634,0.2659635873800208,0.2659635873800208,-0.006255940671920701,0.005671732908188732,0.8504300791037661,-0.09145726404065169,36.08117479440942,0.0,0.42063492063492064,CVX,XOM
2023-04-25,147.48941040039062,104.49738311767578,2.050526017837353,0.61003074868916,0.10709856804680218,-0.13723555290363434,0.4557742256466634,0.4557742256466634,0.0024495584389825353,0.005366020534526918,0.842819251208946,-0.054820317326835344,33.33492174699531,0.0,0.45039682539682535,CVX,XOM
2023-04-26,144.86239624023438,103.53778839111328,2.050526017837353,0.61003074868916,0.09475425329696652,-1.2538637846101035,-0.13723555290363434,0.13723555290363434,-0.005894561053188863,0.0054973116317377415,0.8645803435655066,-0.04193660221246054,33.91544359312735,0.0,0.380952380952381,CVX,XOM
2023-04-27,145.708984375,104.775390625,2.050526017837353,0.61003074868916,0.0933327772104442,-1.3625227335330872,-1.2538637846101035,1.2538637846101035,-0.012344314749835661,0.006100787604635319,0.865791299758147,-0.046387019549846364,41.56591598841112,1.0,0.4087301587301587,CVX,XOM
2023-04-28,147.13160705566406,106.12959289550781,2.050526017837353,0.61003074868916,0.095214859960016,-1.139748134670607,-1.3625227335330872,1.3625227335330872,-0.001421476086522322,0.006096198032152123,0.8766004346759398,-0.047808495636368686,38.85427560387449,2.0,0.4007936507936508,CVX,XOM
2023-05-01,145.96209716796875,102.8382568359375,2.050526017837353,0.61003074868916,0.10645246469023517,-0.13907447446411775,-1.139748134670607,1.139748134670607,0.0018820827495718007,0.005919975483748541,0.8776195944517259,-0.045926412886796886,34.64115604740853,3.0,0.3888888888888889,CVX,XOM
2023-05-02,139.6781463623047,98.73979187011719,2.050526017837353,0.61003074868916,0.08725589534497402,-1.8195975666662132,-0.13907447446411775,0.13907447446411775,0.011237604730219175,0.0063936218854803144,0.8700602555941582,-0.03468880815657771,28.529423929125333,0.0,0.4384920634920635,CVX,XOM
2023-05-03,136.87655639648438,96.79370880126953,2.050526017837353,0.61003074868916,0.07913783242607852,-2.2700358574197756,-1.8195975666662132,1.8195975666662132,-0.01919656934526115,0.0074658321671502385,0.8795188497712809,-0.05388537750183886,33.71528902776212,1.0,0.5297619047619048,CVX,XOM
2023-05-04,136.3441619873047,95.09871673583984,2.050526017837353,0.61003074868916,0.08601777635421382,-1.6425249389341032,-2.2700358574197756,2.2700358574197756,-0.008118062918895497,0.007592804118304614,0.8821072889052659,-0.06200344042073436,44.794869609815656,2.0,0.5376984126984127,CVX,XOM
2023-05-05,139.82652282714844,97.46630859375,2.050526017837353,0.61003074868916,0.09623657303618094,-0.8608789604431624,-1.6425249389341032,1.6425249389341032,0.00687994392813529,0.007771829650080205,0.8733636442105975,-0.043756441360942144,34.710452183600076,3.0,0.5555555555555556,CVX,XOM
2023-05-08,139.2766571044922,97.85194396972656,2.050526017837353,0.61003074868916,0.08988744893197476,-1.3145710666733503,-0.8608789604431624,0.8608789604431624,0.010218796681967124,0.008143132092686332,0.884562221180204,-0.03353764467897502,27.09073984736071,0.0,0.5535714285714286,CVX,XOM
2023-05-09,138.8751983642578,97.87886047363281,2.050526017837353,0.61003074868916,0.08683305095668592,-1.4865485995850563,-1.3145710666733503,1.3145710666733503,-0.006349124104206183,0.00806853893180583,0.8879152407953258,-0.0398867687831812,28.092577917148432,1.0,0.5436507936507936,CVX,XOM
2023-05-10,137.10345458984375,96.62330627441406,2.050526017837353,0.61003074868916,0.08186903276407209,-1.7283650567360496,-1.4865485995850563,1.4865485995850563,-0.003054397975288836,0.008058976791935542,0.8860987257903183,-0.04294116675847004,26.655913030351204,2.0,0.5456349206349207,CVX,XOM
2023-05-11,136.3441619873047,94.87451934814453,2.050526017837353,0.61003074868916,0.08745763563738329,-1.2638693437736648,-1.7283650567360496,1.7283650567360496,-0.004964018192613828,0.007989346305362556,0.8869761425513081,-0.04790518495108387,31.037261548772317,3.0,0.5436507936507937,CVX,XOM
2023-05-12,136.6932373046875,94.86553192138672,2.050526017837353,0.61003074868916,0.09007240578870057,-1.023293555021943,-1.2638693437736648,1.2638693437736648,0.005588602873311199,0.007681435080326365,0.8954059738241714,-0.04231658207777267,27.59465472115717,4.0,0.5257936507936508,CVX,XOM
2023-05-15,137.199462890625,95.04644775390625,2.050526017837353,0.61003074868916,0.09260666741692214,-0.8006868279931436,-1.023293555021943,1.023293555021943,0.0026147701513172805,0.007729780323960989,0.8973714575217764,-0.03970181192645539,26.333149053788215,5.0,0.5297619047619048,CVX,XOM
2023-05-16,133.97894287109375,92.73971557617188,2.050526017837353,0.61003074868916,0.08384128633928256,-1.3069990442448534,-0.8006868279931436,0.8006868279931436,0.002534261628221568,0.007792428872550718,0.9025609122349819,-0.03716755029823382,26.0860339490066,0.0,0.513888888888889,CVX,XOM
2023-05-17,135.8990478515625,94.8202896118164,2.050526017837353,0.61003074868916,0.08453644832994955,-1.175644923270287,-1.3069990442448534,1.3069990442448534,-0.008765381077639578,0.007446147739088493,0.9029215139273838,-0.0459329313758734,24.697005495555505,1.0,0.4920634920634921,CVX,XOM
2023-05-18,135.73158264160156,95.6796875,2.050526017837353,0.61003074868916,0.07779934096559593,-1.499549440627426,-1.175644923270287,1.175644923270287,0.0006951619906669926,0.007397168284351696,0.9085763172833978,-0.045237769385206406,25.53508188798639,2.0,0.4444444444444445,CVX,XOM
2023-05-19,136.80682373046875,96.12294006347656,2.050526017837353,0.61003074868916,0.08287040142690882,-1.1002506580136289,-1.499549440627426,1.499549440627426,-0.006737107364353623,0.007468961190554032,0.9072038029674122,-0.05197487674956003,26.50777124583608,3.0,0.4642857142857143,CVX,XOM
2023-05-22,134.3479461669922,94.95599365234375,2.050526017837353,0.61003074868916,0.07218474709068534,-1.6293065919856322,-1.1002506580136289,1.1002506580136289,0.005071060461312893,0.007549989852618481,0.9064450675051954,-0.046903816288247135,28.168923946926153,4.0,0.4781746031746032,CVX,XOM
2023-05-23,138.23452758789062,96.24958801269531,2.050526017837353,0.61003074868916,0.09244900996721395,-0.3531867853479241,-1.6293065919856322,1.6293065919856322,-0.010685654336223482,0.007756461242738813,0.9056690417625096,-0.05758947062447062,26.735953886383637,5.0,0.5059523809523809,CVX,XOM
2023-05-24,138.6046600341797,97.32604217529297,2.050526017837353,0.61003074868916,0.08833829398837878,-0.557596762276926,-0.3531867853479241,0.3531867853479241,0.020264262876528605,0.009087585060498693,0.8984220693847985,-0.03732520774794201,19.325891144487567,0.0,0.6130952380952381,CVX,XOM
2023-05-25,136.21630859375,95.58019256591797,2.050526017837353,0.61003074868916,0.08199887499399194,-0.9143657867763866,-0.557596762276926,0.557596762276926,-0.004110715978835167,0.008731758628007047,0.8988175493964216,-0.04143592372677718,19.2496531103616,0.0,0.5912698412698413,CVX,XOM
2023-05-26,135.7932891845703,94.95599365234375,2.050526017837353,0.61003074868916,0.08288549632934927,-0.8194175259152398,-0.9143657867763866,0.9143657867763866,-0.006339418994386836,0.008828009892940808,0.8999948232876519,-0.047775342721164016,19.798650958139948,0.0,0.5892857142857143,CVX,XOM
2023-05-30,134.94723510742188,94.11470794677734,2.050526017837353,0.61003074868916,0.08206435055674932,-0.8557420567542474,-0.8194175259152398,0.8194175259152398,0.0008866213353573293,0.008816862372491236,0.8997863249020677,-0.046888721385806686,20.847124032370317,0.0,0.5912698412698413,CVX,XOM
2023-05-31,132.74391174316406,92.43215942382812,2.050526017837353,0.61003074868916,0.07660686756450241,-1.2381222672593348,-0.8557420567542474,0.8557420567542474,-0.0008211457725999516,0.008387471064163838,0.8993235348427622,-0.04770986715840664,22.578662841910955,0.0,0.5813492063492063,CVX,XOM
2023-06-01,134.1011505126953,93.49958801269531,2.050526017837353,0.61003074868916,0.07977502739415776,-0.9308572313030825,-1.2381222672593348,1.2381222672593348,-0.005457482992246909,0.007390325361385964,0.9002413127297234,-0.05316735015065355,21.770924144057336,1.0,0.5099206349206349,CVX,XOM
2023-06-02,137.7145538330078,95.67063903808594,2.050526017837353,0.61003074868916,0.09236084852958015,0.3241062195106542,-0.9308572313030825,0.9308572313030825,0.003168159829655348,0.00721845640998158,0.9001995901386493,-0.0499991903209982,20.173432693968255,0.0,0.4861111111111111,CVX,XOM
2023-06-05,137.0535430908203,95.24546813964844,2.050526017837353,0.61003074868916,0.09026651710949674,0.19610428786401926,0.3241062195106542,0.3241062195106542,0.012585821135422393,0.007586831013983751,0.9029151572002627,-0.03741336918557581,25.221310512839885,0.0,0.5238095238095238,CVX,XOM
2023-06-06,137.30032348632812,96.02344512939453,2.050526017837353,0.61003074868916,0.08710294288955689,-0.06987024082444894,0.19610428786401926,0.19610428786401926,-0.0020943314200834173,0.007250490207590757,0.9047711755048531,-0.039507700605659224,26.279304678459216,0.0,0.4662698412698413,CVX,XOM
2023-06-07,140.86085510253906,98.17638397216797,2.050526017837353,0.61003074868916,0.0991784296258933,1.642160998102759,-0.06987024082444894,0.06987024082444894,-0.0031635742199398464,0.00715011676357533,0.9046351335426075,-0.04267127482559907,23.18517377123996,0.0,0.45238095238095233,CVX,XOM
2023-06-08,140.3408966064453,97.86881256103516,2.050526017837353,0.61003074868916,0.09739444015913623,1.3616814367719832,1.642160998102759,1.642160998102759,0.012075486736336405,0.007588605545664876,0.906267093807999,-0.030595788089262665,21.43022019879161,1.0,0.4920634920634921,CVX,XOM
2023-06-09,140.0059814453125,97.14512634277344,2.050526017837353,0.61003074868916,0.09953275109829729,1.5733337877809912,1.3616814367719832,1.3616814367719832,-0.0017839894667570633,0.007502827231584051,0.909049594674759,-0.03237977755601973,21.41214827880334,2.0,0.45634920634920634,CVX,XOM
2023-06-12,138.65757751464844,96.26766967773438,2.050526017837353,0.61003074868916,0.09539012369375444,1.022131540734994,1.5733337877809912,1.5733337877809912,0.002138310939161059,0.007429501039795179,0.8948434573715419,-0.03024146661685867,22.853036015743267,3.0,0.5496031746031746,CVX,XOM
2023-06-13,139.697509765625,96.28575134277344,2.050526017837353,0.61003074868916,0.10274757206623653,2.092496022613436,1.022131540734994,1.022131540734994,-0.0041426274045428535,0.007483817766884881,0.8979985214552966,-0.03438409402140152,21.984026435589815,4.0,0.5476190476190477,CVX,XOM
2023-06-14,138.44602966308594,95.12787628173828,2.050526017837353,0.61003074868916,0.10112903513678528,1.7121927822492806,2.092496022613436,2.092496022613436,0.007357448372482089,0.007629325464098584,0.8949768002580437,-0.027026645648919434,19.405656963694014,5.0,0.5753968253968254,CVX,XOM
2023-06-15,139.4947967529297,95.78822326660156,2.050526017837353,0.61003074868916,0.10445575797380746,1.944676458369281,1.7121927822492806,1.7121927822492806,-0.001618536929451242,0.007348872299644564,0.8951438014685936,-0.028645182578370676,18.213393578135555,6.0,0.5337301587301587,CVX,XOM
2023-06-16,138.59588623046875,95.10074615478516,2.050526017837353,0.61003074868916,0.10238487179609868,1.5529814132489381,1.944676458369281,1.944676458369281,0.003326722837022178,0.007368197487379948,0.8875906646988647,-0.025318459741348498,17.958187880667438,7.0,0.5456349206349206,CVX,XOM
2023-06-20,135.44076538085938,92.92064666748047,2.050526017837353,0.61003074868916,0.09350404675629242,0.5046818229598109,1.5529814132489381,1.5529814132489381,-0.002070886177708786,0.007191394742003652,0.883907871447586,-0.027389345919057284,15.185888489474598,8.0,0.5277777777777778,CVX,XOM
2023-06-21,136.4983673095703,93.9609375,2.050526017837353,0.61003074868916,0.09449067422708168,0.6013840289031308,0.5046818229598109,0.5046818229598109,-0.00888082503980625,0.007456692502554461,0.8872150495157763,-0.036270170958863535,14.083637804677217,0.0,0.5615079365079365,CVX,XOM
2023-06-22,134.52418518066406,93.44532012939453,2.050526017837353,0.61003074868916,0.08327882532812536,-0.7223049656761907,0.6013840289031308,0.6013840289031308,0.0009866274707892586,0.006998612319970107,0.8906897285862423,-0.035283543488074276,14.02982328482868,0.0,0.4920634920634921,CVX,XOM
2023-06-23,133.3872833251953,92.63116455078125,2.050526017837353,0.61003074868916,0.08012989689460781,-1.0825351116211743,-0.7223049656761907,0.7223049656761907,-0.011211848898956323,0.005980592775234251,0.8889255741733377,-0.0464953923870306,13.302149132866397,0.0,0.4107142857142857,CVX,XOM
2023-06-26,135.73158264160156,94.34086608886719,2.050526017837353,0.61003074868916,0.08639562939005119,-0.3378411701130976,-1.0825351116211743,1.0825351116211743,-0.0031489284335175505,0.005954843778210072,0.8881945066918223,-0.04964432082054815,12.6502243731851,1.0,0.4087301587301587,CVX,XOM
2023-06-27,135.30859375,94.57606506347656,2.050526017837353,0.61003074868916,0.08175543982088485,-0.8422462063426536,-0.3378411701130976,0.3378411701130976,0.006265732495443377,0.005961026655104366,0.8911475714912538,-0.04337858832510477,13.002988995861726,0.0,0.40476190476190477,CVX,XOM
2023-06-28,136.53358459472656,95.34497833251953,2.050526017837353,0.61003074868916,0.08582845463930733,-0.34156186950940093,-0.8422462063426536,0.8422462063426536,-0.004640189569166342,0.00605113525951177,0.8906650631900537,-0.048018777894271114,14.67649999910527,0.0,0.42063492063492064,CVX,XOM
2023-06-29,137.69692993164062,96.52095794677734,2.050526017837353,0.61003074868916,0.08683487718180682,-0.2368972726338568,-0.34156186950940093,0.34156186950940093,0.004073014818422482,0.0061138995547758285,0.8915699756158274,-0.04394576307584863,13.180583020165681,0.0,0.4226190476190476,CVX,XOM
2023-06-30,138.67520141601562,97.01848602294922,2.050526017837353,0.61003074868916,0.09077789018942362,0.2017055278533805,-0.2368972726338568,0.2368972726338568,0.0010064225424994966,0.005976210906509999,0.8744727048657212,-0.042939340533349135,12.494375030452092,0.0,0.4444444444444444,CVX,XOM
2023-07-03,138.5518035888672,97.20845794677734,2.050526017837353,0.61003074868916,0.0886943272218419,-0.08892278666705677,0.2017055278533805,0.2017055278533805,0.003943013007616791,0.005995788148382938,0.8749743068013757,-0.038996327525732344,11.256657053341474,0.0,0.4503968253968254,CVX,XOM
2023-07-05,137.75863647460938,96.7109375,2.050526017837353,0.61003074868916,0.08608338316006803,-0.4222061465019303,-0.08892278666705677,0.08892278666705677,-0.00208356296758172,0.005339985168295818,0.878515112935951,-0.041079890493314064,11.194013500325347,0.0,0.40079365079365076,CVX,XOM
2023-07-06,134.7357177734375,93.10157012939453,2.050526017837353,0.61003074868916,0.0870982507658149,-0.3894509996639514,-0.4222061465019303,0.4222061465019303,-0.0026109440617738677,0.005350405943440234,0.87685969321558,-0.04369083455508793,12.305205656055913,0.0,0.40674603174603174,CVX,XOM
2023-07-07,135.91665649414062,93.31867980957031,2.050526017837353,0.61003074868916,0.09440400039140595,0.5698243618721208,-0.3894509996639514,0.3894509996639514,0.001014867605746872,0.00531240792383868,0.8806151786561002,-0.04267596694934106,11.684413610990251,0.0,0.39285714285714285,CVX,XOM
2023-07-10,136.8244171142578,94.70272064208984,2.050526017837353,0.61003074868916,0.0920794651350687,0.24581357669583404,0.5698243618721208,0.5698243618721208,0.0073057496255910515,0.0048520634735785976,0.8787562136801541,-0.03537021732375001,10.551072473867867,0.0,0.38095238095238093,CVX,XOM
2023-07-11,139.35382080078125,95.860595703125,2.050526017837353,0.61003074868916,0.102983896520362,1.55933771198872,0.24581357669583404,0.24581357669583404,-0.0023245352563372457,0.0048620908852241755,0.8789092263215117,-0.037694752580087254,8.461247366762935,0.0,0.38293650793650796,CVX,XOM
2023-07-12,140.6934051513672,96.33098602294922,2.050526017837353,0.61003074868916,0.10956470003722885,2.1453287514865864,1.55933771198872,1.55933771198872,0.01090443138529329,0.005421944915926133,0.8818523457163921,-0.026790321194793965,8.08881221356942,1.0,0.40277777777777773,CVX,XOM
2023-07-13,138.81619262695312,94.56700897216797,2.050526017837353,0.61003074868916,0.10740650928125683,1.7298775107994904,2.1453287514865864,2.1453287514865864,0.006580803516866851,0.005498385836097014,0.8813662524290957,-0.01849370333035205,6.9443197608026015,2.0,0.4087301587301587,CVX,XOM
2023-07-14,135.35263061523438,91.31045532226562,2.050526017837353,0.61003074868916,0.10351679467000974,1.2150347238841537,1.7298775107994904,1.7298775107994904,-0.0021581907559720115,0.005310985420637318,0.8822956402399335,-0.009393002051672372,6.265407952503829,3.0,0.3849206349206349,CVX,XOM
2023-07-17,135.229248046875,91.70848846435547,2.050526017837353,0.61003074868916,0.09995139752109417,0.7282334359659732,1.2150347238841537,1.2150347238841537,-0.003889714611247097,0.005373275331437263,0.9036745669108328,-0.01328271666291947,5.438938788196111,4.0,0.3075396825396825,CVX,XOM
2023-07-18,135.50242614746094,91.2923583984375,2.050526017837353,0.61003074868916,0.10474380313128151,1.2511524265837015,0.7282334359659732,0.7282334359659732,-0.0035653971489155722,0.005377533516254463,0.9030661481716956,-0.01684811381183504,4.98330427362113,0.0,0.3134920634920635,CVX,XOM
2023-07-19,136.3308868408203,91.92559051513672,2.050526017837353,0.61003074868916,0.1066224251133554,1.3761576136794558,1.2511524265837015,1.2511524265837015,0.004792405610187345,0.00546704742819433,0.9017402644656431,-0.008249325968709531,4.63230376407652,1.0,0.32936507936507936,CVX,XOM
2023-07-20,137.8379364013672,93.54483795166016,2.050526017837353,0.61003074868916,0.10696412049599946,1.3185563036778052,1.3761576136794558,1.3761576136794558,0.0018786219820738914,0.005070039221360416,0.9046336828561344,-0.00637070398663564,3.1722416904054436,2.0,0.27976190476190477,CVX,XOM
2023-07-21,139.85617065429688,93.97903442382812,2.050526017837353,0.61003074868916,0.11867508191139331,2.368471688949478,1.3185563036778052,1.3185563036778052,0.0003416953826440583,0.005069884246882945,0.9034575890074403,-0.0026005795412293864,3.879940302811078,3.0,0.2876984126984127,CVX,XOM
2023-07-24,142.61468505859375,95.45352935791016,2.050526017837353,0.61003074868916,0.12871018288694236,2.8316782077379106,2.368471688949478,2.368471688949478,0.01171096141539385,0.004851031751913218,0.8995715480532455,0.0,4.386621826502588,4.0,0.30158730158730157,CVX,XOM
2023-07-25,143.26686096191406,95.59825897216797,2.050526017837353,0.61003074868916,0.1323485040394483,2.6634741651215204,2.8316782077379106,2.8316782077379106,0.01003510097554905,0.0050303092455734316,0.9045275412037374,0.0,5.165536533281113,5.0,0.27976190476190477,CVX,XOM
2023-07-26,142.19161987304688,95.06453704833984,2.050526017837353,0.61003074868916,0.1282303602259609,2.0794019541292847,2.6634741651215204,2.6634741651215204,0.0036383211525059522,0.0049622428102322775,0.9053004238148725,0.0,5.854512534762419,6.0,0.26190476190476186,CVX,XOM
2023-07-27,140.7110137939453,95.36306762695312,2.050526017837353,0.61003074868916,0.1158503420071133,1.1203036384793346,2.0794019541292847,2.0794019541292847,-0.004118143813487407,0.004926927270008435,0.9043593225397549,-0.004118143813487407,5.380570038257964,7.0,0.2757936507936508,CVX,XOM
2023-07-28,140.01480102539062,94.2232666015625,2.050526017837353,0.61003074868916,0.11822539049629643,1.2170013852302728,1.1203036384793346,1.1203036384793346,-0.0123800182188476,0.005852768033775177,0.9111772415355781,-0.016498162032335006,4.838093429593902,8.0,0.25595238095238093,CVX,XOM
2023-07-31,144.23629760742188,97.00944519042969,2.050526017837353,0.61003074868916,0.13015313150465602,1.8662640969156703,1.2170013852302728,1.2170013852302728,0.002375048489183129,0.005854585006148749,0.8974966586031677,-0.014123113543151877,4.653255332943958,9.0,0.3888888888888889,CVX,XOM
2023-08-01,143.03768920898438,96.44859313964844,2.050526017837353,0.61003074868916,0.12534545430294708,1.4469647875447273,1.8662640969156703,1.8662640969156703,0.011927741008359583,0.006260969177149896,0.9018434807502487,-0.0021953725347922948,4.410209746922873,10.0,0.4027777777777778,CVX,XOM
2023-08-02,140.77272033691406,95.24546813964844,2.050526017837353,0.61003074868916,0.11704151949862185,0.8681695176260221,1.4469647875447273,1.4469647875447273,-0.0048076772017089375,0.006376215381385136,0.9072503773219273,-0.007003049736501232,5.2109851523941915,11.0,0.35119047619047616,CVX,XOM
2023-08-03,140.71983337402344,96.9009017944336,2.050526017837353,0.61003074868916,0.10615408012784755,0.16473337927058565,0.8681695176260221,0.8681695176260221,-0.00830393480432523,0.006687696545429381,0.9028668255792377,-0.015306984540826463,5.346004165714081,0.0,0.43253968253968256,CVX,XOM
2023-08-04,140.40255737304688,97.1722640991211,2.050526017837353,0.61003074868916,0.10219092116855055,-0.12699943785127424,0.16473337927058565,0.16473337927058565,-0.010887439370774299,0.007217257651331745,0.892979145212089,-0.02619442391160076,5.124842133684748,0.0,0.5297619047619048,CVX,XOM
2023-08-07,140.9137420654297,96.97325134277344,2.050526017837353,0.61003074868916,0.10707580856924093,0.13602379381420587,-0.12699943785127424,0.12699943785127424,-0.003963158959296997,0.007138743714174202,0.892260882252896,-0.03015758287089776,5.117615770196051,0.0,0.5218253968253969,CVX,XOM
2023-08-08,140.7022247314453,97.45269775390625,2.050526017837353,0.61003074868916,0.10256501198859391,-0.2098438350937507,0.13602379381420587,0.13602379381420587,0.004884887400690374,0.007174535483334083,0.8893194278028264,-0.025272695470207385,5.036232001463822,0.0,0.5357142857142857,CVX,XOM
2023-08-09,140.8872833251953,99.10810852050781,2.050526017837353,0.61003074868916,0.09360394798170502,-0.888634808098361,-0.2098438350937507,0.2098438350937507,-0.004510796580647014,0.006863510736478228,0.8920397084399198,-0.0297834920508544,5.200594609489869,0.0,0.501984126984127,CVX,XOM
2023-08-10,141.74217224121094,99.61469268798828,2.050526017837353,0.61003074868916,0.09654331761889434,-0.7235988291750342,-0.888634808098361,0.888634808098361,-0.008961064006888897,0.006951333608404372,0.8831049487456173,-0.038744556057743296,5.375838678217264,0.0,0.5396825396825397,CVX,XOM
2023-08-11,144.6681365966797,101.16156005859375,2.050526017837353,0.61003074868916,0.10757593583715686,0.04109787524004937,-0.7235988291750342,0.7235988291750342,0.0029393696371893263,0.006990134901723087,0.8834295144491526,-0.03580518642055397,5.354794875180874,0.0,0.5416666666666667,CVX,XOM
2023-08-14,144.56239318847656,101.24297332763672,2.050526017837353,0.61003074868916,0.10635398485417324,-0.09481122532176176,0.04109787524004937,0.04109787524004937,0.011032618218262513,0.007378702864266366,0.8777355908479068,-0.024772568202291456,5.261346345605501,0.0,0.6190476190476191,CVX,XOM
2023-08-15,140.3408966064453,98.64373779296875,2.050526017837353,0.61003074868916,0.0925832393585515,-1.2054794395243187,-0.09481122532176176,0.09481122532176176,-0.0012219509829836106,0.007336417387529245,0.8764403797478396,-0.025994519185275067,5.30854541211268,0.0,0.6150793650793651,CVX,XOM
2023-08-16,139.80328369140625,96.98384094238281,2.050526017837353,0.61003074868916,0.09909756933110359,-0.7527674227193815,-1.2054794395243187,1.2054794395243187,-0.013770745495621739,0.007866963748225275,0.889266193955954,-0.039765264680896806,5.19166713708225,1.0,0.626984126984127,CVX,XOM
2023-08-17,142.14341735839844,98.86261749267578,2.050526017837353,0.61003074868916,0.10399323784375936,-0.41271950938331115,-0.7527674227193815,0.7527674227193815,0.00651432997255208,0.008003912916798634,0.8836666618544993,-0.033250934708344726,5.134707974249426,0.0,0.6527777777777777,CVX,XOM
2023-08-18,143.1666717529297,100.35832977294922,2.050526017837353,0.61003074868916,0.10200603932331687,-0.6229045216855228,-0.41271950938331115,0.41271950938331115,0.004895668512655771,0.008085459540390156,0.8861267154276812,-0.028355266195688955,5.137599224330736,0.0,0.6488095238095238,CVX,XOM
2023-08-21,142.68618774414062,99.14533233642578,2.050526017837353,0.61003074868916,0.10606243666803428,-0.3124155539250984,-0.6229045216855228,0.6229045216855228,-0.0019871985204424902,0.007618542900118904,0.8924946731717806,-0.030342464716131445,5.162479301976486,0.0,0.5912698412698413,CVX,XOM
2023-08-22,141.5116729736328,98.58900451660156,2.050526017837353,0.61003074868916,0.10122958337063359,-0.7559028228582193,-0.3124155539250984,0.3124155539250984,0.004056397344717411,0.0072967179431856904,0.8926937049625908,-0.026286067371414035,5.199971531601278,0.0,0.5337301587301587,CVX,XOM
2023-08-23,141.69851684570312,97.72259521484375,2.050526017837353,0.61003074868916,0.10793375710854569,-0.12644121820634957,-0.7559028228582193,0.7559028228582193,-0.0048328532974006855,0.007253232397675496,0.8893222465509094,-0.03111892066881472,5.1493803310419946,0.0,0.5436507936507936,CVX,XOM
2023-08-24,140.5328826904297,96.99298095703125,2.050526017837353,0.61003074868916,0.1042452649970893,-0.4586222552746906,-0.12644121820634957,0.12644121820634957,0.0067041737379121,0.0074431048548560695,0.8853591816858223,-0.02441474693090262,5.217593184358805,0.0,0.5992063492063493,CVX,XOM
2023-08-25,141.5828399658203,98.7258071899414,2.050526017837353,0.61003074868916,0.10088646696147396,-0.7582720589371177,-0.4586222552746906,0.4586222552746906,-0.0036884921114563873,0.007007852862502827,0.8854091501434038,-0.028103239042359007,5.165966756181678,0.0,0.5257936507936508,CVX,XOM
2023-08-28,142.55270385742188,99.55574798583984,2.050526017837353,0.61003074868916,0.10260646028005338,-0.6112679003028769,-0.7582720589371177,0.7582720589371177,-0.00335879803561534,0.006998366526986751,0.8793207563109757,-0.03146203707797435,5.147708917057932,0.0,0.5535714285714286,CVX,XOM
2023-08-29,142.33026123046875,100.14854431152344,2.050526017837353,0.61003074868916,0.09742321261756626,-1.0525158205753404,-0.6112679003028769,0.6112679003028769,0.0017199933185794158,0.006392655985832221,0.8786632051485025,-0.02974204375939493,5.130058941190443,0.0,0.5158730158730159,CVX,XOM
2023-08-30,142.52598571777344,101.12440490722656,2.050526017837353,0.61003074868916,0.0928819651152728,-1.3791060314882255,-1.0525158205753404,1.0525158205753404,-0.005183247662487123,0.006403247937803726,0.8708122020365092,-0.034925291421882054,5.220943257722904,1.0,0.5396825396825397,CVX,XOM
2023-08-31,143.34461975097656,101.4071273803711,2.050526017837353,0.61003074868916,0.09690614808205078,-0.9775851719946187,-1.3791060314882255,1.3791060314882255,-0.004541247502293455,0.0062509905388630094,0.8680005455722309,-0.03946653892417551,5.261229216361721,2.0,0.5158730158730158,CVX,XOM
2023-09-01,146.19192504882812,103.53211975097656,2.050526017837353,0.61003074868916,0.10392366624764282,-0.32887658421489213,-0.9775851719946187,0.9775851719946187,0.004024182966777978,0.005933225757885979,0.868820427979237,-0.03544235595739753,5.221006078860792,0.0,0.4742063492063492,CVX,XOM
2023-09-05,148.11387634277344,103.54125213623047,2.050526017837353,0.61003074868916,0.1169309579700939,0.8939953828864622,-0.32887658421489213,0.32887658421489213,0.0070175181655920404,0.006089861994451595,0.8686073424963277,-0.02842483779180549,5.202175574176368,0.0,0.49603174603174605,CVX,XOM
2023-09-06,148.26512145996094,104.4350357055664,2.050526017837353,0.61003074868916,0.11270829906013091,0.6207805257495418,0.8939953828864622,0.8939953828864622,0.013007291722451075,0.006642099882772915,0.8593306672977867,-0.015417546069354415,5.546916352743947,0.0,0.5634920634920635,CVX,XOM
2023-09-07,148.27403259277344,103.92430877685547,2.050526017837353,0.61003074868916,0.11575900020321672,1.0465472898845634,0.6207805257495418,0.6207805257495418,-0.004222658909962984,0.00663153550992313,0.8576074657760708,-0.0196402049793174,5.5136749357495995,0.0,0.5615079365079365,CVX,XOM
2023-09-08,148.78121948242188,105.4382553100586,2.050526017837353,0.61003074868916,0.11035108263106208,0.4822939287856261,1.0465472898845634,1.0465472898845634,0.00305070114308581,0.006281533930498898,0.855130279781475,-0.01658950383623159,5.671622941516862,1.0,0.5376984126984127,CVX,XOM
2023-09-11,145.71142578125,104.1158447265625,2.050526017837353,0.61003074868916,0.09720172483402267,-0.9177983439403138,0.4822939287856261,0.4822939287856261,-0.005407917572154641,0.006421715686709824,0.8543168487819786,-0.02199742140838623,5.539615383992736,0.0,0.5595238095238095,CVX,XOM
2023-09-12,148.42530822753906,107.15283966064453,2.050526017837353,0.61003074868916,0.09811581550710224,-0.8039834941755312,-0.9177983439403138,0.9177983439403138,-0.013149357797039407,0.0066336532128911,0.8526509698352986,-0.03514677920542564,5.320931307348945,0.0,0.5714285714285714,CVX,XOM
2023-09-13,147.8825225830078,106.19522857666016,2.050526017837353,0.61003074868916,0.09992842390059131,-0.5279167888712148,-0.8039834941755312,0.8039834941755312,0.0009140906730795706,0.006638664540098148,0.8573748835015169,-0.03423268853234607,5.310755926242558,0.0,0.5555555555555556,CVX,XOM
2023-09-14,148.7989959716797,108.09221649169922,2.050526017837353,0.61003074868916,0.09530568268273942,-1.1856635572742746,-0.5279167888712148,0.5279167888712148,0.001812608393489068,0.005898242281026662,0.8560517520203546,-0.032420080138857,5.250028299305437,0.0,0.47023809523809523,CVX,XOM
2023-09-15,148.1494903564453,106.43234252929688,2.050526017837353,0.61003074868916,0.10037150019329877,-0.34036373826001065,-1.1856635572742746,1.1856635572742746,-0.004622741217851889,0.005816773796830496,0.8443891661092395,-0.03704282135670889,5.411811573617505,1.0,0.501984126984127,CVX,XOM
2023-09-18,148.79010009765625,107.2896499633789,2.050526017837353,0.61003074868916,0.09979217073029378,-0.419759594609081,-0.34036373826001065,0.34036373826001065,0.005065817510559345,0.0058243246645925464,0.840801555569384,-0.03197700384614954,5.359697265723352,0.0,0.5238095238095238,CVX,XOM
2023-09-19,148.77230834960938,107.00692749023438,2.050526017837353,0.61003074868916,0.10128222117789365,-0.15011950672432514,-0.419759594609081,0.419759594609081,-0.000579329463004985,0.005810561974162903,0.8436528077484827,-0.03255633330915453,5.388082953555588,0.0,0.5099206349206349,CVX,XOM
2023-09-20,148.3185272216797,106.15875244140625,2.050526017837353,0.61003074868916,0.10308197419354848,0.13963609621389336,-0.15011950672432514,0.15011950672432514,0.0014900504475998666,0.005745089371500976,0.8416816086750178,-0.03106628286155466,5.386024166246176,0.0,0.5119047619047619,CVX,XOM
2023-09-21,146.98385620117188,104.66304016113281,2.050526017837353,0.61003074868916,0.10269864722150723,0.029061657009513527,0.13963609621389336,0.13963609621389336,0.0017997530156548258,0.005661159921219324,0.8376847052758709,-0.029266529845899836,5.4120479546978,0.0,0.513888888888889,CVX,XOM
2023-09-22,147.9536895751953,104.82720184326172,2.050526017837353,0.61003074868916,0.10831913450359965,0.9120029066783399,0.029061657009513527,0.029061657009513527,-0.00038332697204124244,0.005454250067348197,0.8416622482752152,-0.029649856817941078,5.370358974704171,0.0,0.498015873015873,CVX,XOM
2023-09-25,150.11590576171875,106.00370788574219,2.050526017837353,0.61003074868916,0.1160191023712489,2.027259553796959,0.9120029066783399,0.9120029066783399,0.005620487282092412,0.00553851188187724,0.8395849393845076,-0.024029369535848666,5.279595429027975,0.0,0.513888888888889,CVX,XOM
2023-09-26,149.3061981201172,106.1678695678711,2.050526017837353,0.61003074868916,0.10966663196520976,0.9922521240031544,2.027259553796959,2.027259553796959,0.00769996786764926,0.0057047797772930295,0.8391281165082006,-0.016329401668199406,5.347597381246777,1.0,0.5198412698412699,CVX,XOM
2023-09-27,152.18910217285156,109.62439727783203,2.050526017837353,0.61003074868916,0.10924682346086678,0.872156997461721,0.9922521240031544,0.9922521240031544,-0.006352470406039146,0.005904419026893925,0.8367125421725997,-0.02268187207423855,5.316085882935169,0.0,0.5496031746031746,CVX,XOM
2023-09-28,151.7886962890625,108.9586410522461,2.050526017837353,0.61003074868916,0.11032843281941185,0.980445172330577,0.872156997461721,0.872156997461721,-0.0004198085043429778,0.005770857285945841,0.8432323177937547,-0.02310168057858153,5.364099319842525,0.0,0.5079365079365079,CVX,XOM
2023-09-29,150.03579711914062,107.23493194580078,2.050526017837353,0.61003074868916,0.10844069195954775,0.6478492000967161,0.980445172330577,0.980445172330577,0.001081609358545066,0.005649662614367348,0.8427825104573857,-0.022020071220036463,5.308859621694257,0.0,0.49801587301587297,CVX,XOM
2023-10-02,148.18505859375,105.45648193359375,2.050526017837353,0.61003074868916,0.10623062584678022,0.27233764015166123,0.6478492000967161,0.6478492000967161,-0.0018877408598640955,0.005631651386458414,0.8350324758768545,-0.02390781207990056,5.224008113660953,0.0,0.5218253968253969,CVX,XOM
2023-10-03,148.53207397460938,105.63890075683594,2.050526017837353,0.61003074868916,0.1075153378246485,0.46893072684614817,0.27233764015166123,0.27233764015166123,-0.002210066112767528,0.005460471407231528,0.8421357610342491,-0.026117878192668087,5.045871686401396,0.0,0.48809523809523814,CVX,XOM
2023-10-04,145.07078552246094,101.68984985351562,2.050526017837353,0.61003074868916,0.10717789236223707,0.38433409169777055,0.46893072684614817,0.46893072684614817,0.0012847119778682803,0.004607760924193181,0.8425159842121506,-0.024833166214799807,4.660536402033605,0.0,0.4464285714285714,CVX,XOM
2023-10-05,145.8360137939453,99.40070343017578,2.050526017837353,0.61003074868916,0.12632825516439672,2.8538949855627602,0.38433409169777055,0.38433409169777055,-0.00033744546241143425,0.004526674613248696,0.8554479115436975,-0.02517061167721124,4.444218548650015,0.0,0.38095238095238093,CVX,XOM
2023-10-06,144.35006713867188,97.7408218383789,2.050526017837353,0.61003074868916,0.12635967993542208,2.455396696848028,2.8538949855627602,2.8538949855627602,0.01915036280215965,0.006177333937326862,0.8265832528685851,-0.0060202488750515926,4.532138114877029,1.0,0.6150793650793651,CVX,XOM
2023-10-09,148.34523010253906,101.16089630126953,2.050526017837353,0.61003074868916,0.13267972551439788,2.696747898114531,2.455396696848028,2.455396696848028,3.142477102535679e-05,0.006027919229108342,0.824897136027272,-0.005988824104026236,5.248927425617243,2.0,0.6091269841269841,CVX,XOM
2023-10-10,148.18505859375,100.73223876953125,2.050526017837353,0.61003074868916,0.13418984741064488,2.4535885955537653,2.696747898114531,2.696747898114531,0.006320045578975808,0.005213601936606188,0.8236829318049429,0.0,5.685133185896149,3.0,0.5178571428571428,CVX,XOM
2023-10-11,143.34461975097656,97.12065124511719,2.050526017837353,0.61003074868916,0.12325297689782033,1.3212749027233515,2.4535885955537653,2.4535885955537653,0.0015101218962469964,0.005210304440124079,0.824939457350399,0.0,6.0434397016995,4.0,0.5099206349206349,CVX,XOM
2023-10-12,143.46029663085938,97.1024169921875,2.050526017837353,0.61003074868916,0.1241741790041937,1.3231134263763087,1.3212749027233515,1.3212749027233515,-0.010936870512824548,0.005903982066641722,0.8454248147313402,-0.010936870512824548,5.6393417861958115,5.0,0.5059523809523809,CVX,XOM
2023-10-13,145.97836303710938,100.20327758789062,2.050526017837353,0.61003074868916,0.12239818099422228,1.0830324028067897,1.3231134263763087,1.3231134263763087,0.0009212021063733644,0.005753916911335432,0.8449829760977478,-0.010015668406451184,5.742965649808676,6.0,0.4861111111111111,CVX,XOM
2023-10-16,147.17066955566406,100.2762451171875,2.050526017837353,0.61003074868916,0.13008863964767103,1.6592272563980188,1.0830324028067897,1.0830324028067897,-0.0017759980099714134,0.005731725869971332,0.8471656795349923,-0.011791666416422597,5.925585133096711,7.0,0.4761904761904762,CVX,XOM
2023-10-17,149.11932373046875,101.58953857421875,2.050526017837353,0.61003074868916,0.13530496669257452,1.945214046262598,1.6592272563980188,1.6592272563980188,0.007690458653448751,0.00589163004844958,0.8493377653539176,-0.004101207762973846,6.703801069362377,8.0,0.494047619047619,CVX,XOM
2023-10-18,150.30276489257812,103.01229095458984,2.050526017837353,0.61003074868916,0.13472568950025465,1.7355098665872994,1.945214046262598,1.945214046262598,0.00521632704490349,0.005946563507119564,0.8498823452481485,0.0,7.392137363558346,9.0,0.5079365079365079,CVX,XOM
2023-10-19,150.4629364013672,103.07613372802734,2.050526017837353,0.61003074868916,0.13541282637204066,1.655164611026338,1.7355098665872994,1.7355098665872994,-0.0005792771923198714,0.0059671598215966576,0.8512633702192957,-0.0005792771923198714,7.683637520739478,10.0,0.503968253968254,CVX,XOM
2023-10-20,148.44308471679688,101.30682373046875,2.050526017837353,0.61003074868916,0.13245979680457687,1.3308338164146982,1.655164611026338,1.655164611026338,0.0006871368717860094,0.00595407635275429,0.8509406338517586,0.0,8.345558939523993,11.0,0.5,CVX,XOM
2023-10-23,142.9709014892578,99.82022857666016,2.050526017837353,0.61003074868916,0.10391733711225193,-0.8277972885378417,1.3308338164146982,1.3308338164146982,-0.002953029567463794,0.00596038298972842,0.8624749845891607,-0.002953029567463794,8.646335962128479,12.0,0.45833333333333337,CVX,XOM
2023-10-24,139.38507080078125,98.8534927368164,2.050526017837353,0.61003074868916,0.08445341181321009,-2.1428823595853084,-0.8277972885378417,0.8277972885378417,-0.02854245969232494,0.008624736953981086,0.8409767014877695,-0.031495489259788734,5.996269129579618,0.0,0.8313492063492063,CVX,XOM
2023-10-25,138.69102478027344,99.035888671875,2.050526017837353,0.61003074868916,0.07833709201503503,-2.3248550150416833,-2.1428823595853084,2.1428823595853084,-0.01946392529904184,0.009491442384832639,0.8232930382478745,-0.050959414558830574,6.12600354590927,1.0,0.9325396825396826,CVX,XOM
2023-10-26,137.69447326660156,98.13299560546875,2.050526017837353,0.61003074868916,0.0767127970434629,-2.232684228055333,-2.3248550150416833,2.3248550150416833,-0.006116319798175063,0.009547244231201398,0.8214769187414453,-0.057075734357005636,6.773342297942152,2.0,0.9365079365079365,CVX,XOM
2023-10-27,128.44070434570312,96.26335906982422,2.050526017837353,0.61003074868916,0.018877370226055845,-3.90818496742743,-2.232684228055333,2.232684228055333,-0.0016242949715721267,0.009528210561343507,0.8202993072753526,-0.05870002932857776,6.907295844853399,3.0,0.9384920634920635,CVX,XOM
2023-10-30,129.9889373779297,96.56432342529297,2.050526017837353,0.61003074868916,0.028955100285382063,-2.867898655924109,-3.90818496742743,3.90818496742743,-0.057835426817407054,0.015512140532592235,0.7639669397134667,-0.11653545614598482,15.088470268365832,4.0,1.0,CVX,XOM
2023-10-31,129.6685791015625,96.5369644165039,2.050526017837353,0.61003074868916,0.02666041519762352,-2.5284972065454374,-2.867898655924109,2.867898655924109,0.010077730059326218,0.015829893266287358,0.7624038987615348,-0.1064577260866586,10.696129796848407,5.0,1.0,CVX,XOM
2023-11-01,128.11146545410156,96.3454360961914,2.050526017837353,0.61003074868916,0.015790817107951938,-2.4731849517896047,-2.5284972065454374,2.5284972065454374,-0.002294685087758541,0.01579085958413174,0.7637850054487212,-0.10875241117441714,13.799091079150697,6.0,0.996031746031746,CVX,XOM
2023-11-02,132.36463928222656,99.51013946533203,2.050526017837353,0.61003074868916,0.028734741816712983,-1.9027621557615184,-2.4731849517896047,2.4731849517896047,-0.010869598089671584,0.015834069708670424,0.7628168702300254,-0.11962200926408872,26.81481335626724,7.0,0.998015873015873,CVX,XOM
2023-11-03,131.34140014648438,98.29714965820312,2.050526017837353,0.61003074868916,0.028455979978509127,-1.7417936818821493,-1.9027621557615184,1.9027621557615184,0.012943924708761045,0.0154216069947198,0.7838241413757159,-0.10667808455532768,15.74394824732924,8.0,0.9841269841269841,CVX,XOM
2023-11-06,130.79864501953125,96.55520629882812,2.050526017837353,0.61003074868916,0.035222429144508904,-1.4527211606101544,-1.7417936818821493,1.7417936818821493,-0.0002787618382038559,0.015416815390593128,0.7836795212113224,-0.10695684639353153,16.72601056066949,9.0,0.9821428571428571,CVX,XOM
2023-11-07,128.4940948486328,95.041259765625,2.050526017837353,0.61003074868916,0.027087114371886933,-1.522935458388765,-1.4527211606101544,1.4527211606101544,0.006766449165999777,0.015433350715940711,0.7747941398996352,-0.10019039722753176,14.976188753620034,10.0,0.9841269841269841,CVX,XOM
2023-11-08,126.70560455322266,93.87386322021484,2.050526017837353,0.61003074868916,0.020609923964606036,-1.5426808822023883,-1.522935458388765,1.522935458388765,-0.008135314772621971,0.015376956175232659,0.7781423540354938,-0.10832571200015373,18.55685311186171,11.0,0.9761904761904762,CVX,XOM
2023-11-09,126.29631805419922,93.9012451171875,2.050526017837353,0.61003074868916,0.01719656651679946,-1.4947136548071986,-1.5426808822023883,1.5426808822023883,-0.006477190407280897,0.015326650708332263,0.7701811726345732,-0.11480290240743463,25.6395526519832,12.0,0.9761904761904762,CVX,XOM
2023-11-10,127.19499206542969,94.62173461914062,2.050526017837353,0.61003074868916,0.019624165138152794,-1.339769175817045,-1.4947136548071986,1.4947136548071986,-0.0034133574478065754,0.015270062494219734,0.7745959439036031,-0.1182162598552412,28.881914067853867,13.0,0.9722222222222222,CVX,XOM
2023-11-13,128.12925720214844,95.6158218383789,2.050526017837353,0.61003074868916,0.020566966895127603,-1.2312219865893466,-1.339769175817045,1.339769175817045,0.002427598621353333,0.015346531855110573,0.7702229473219773,-0.11578866123388787,36.991856418151265,14.0,0.9742063492063492,CVX,XOM
2023-11-14,129.0635528564453,95.98397064208984,2.050526017837353,0.61003074868916,0.025488045341693688,-1.0578917279108,-1.2312219865893466,1.2312219865893466,0.0009428017569748093,0.015133475471755392,0.7707288841330446,-0.11484585947691306,36.48631536196162,15.0,0.9662698412698413,CVX,XOM
2023-11-15,129.51734924316406,95.40414428710938,2.050526017837353,0.61003074868916,0.03269423764953139,-0.8548974620125137,-1.0578917279108,1.0578917279108,0.004921078446566085,0.015123178521228249,0.7731897041484124,-0.10992478103034697,30.42053285424628,16.0,0.9623015873015872,CVX,XOM
2023-11-16,127.46737670898438,94.29973602294922,2.050526017837353,0.61003074868916,0.023842828736293065,-0.9675949116002672,-0.8548974620125137,0.8548974620125137,0.0072061923078377,0.01534319257785312,0.7693333130171871,-0.10271858872250927,25.65946459383276,0.0,0.9742063492063492,CVX,XOM
2023-11-17,129.88597106933594,96.60061645507812,2.050526017837353,0.61003074868916,0.027933437719595666,-0.8260712444737712,-0.9675949116002672,0.9675949116002672,-0.008851408913238323,0.015304042100057771,0.7752355425406585,-0.1115699976357476,33.2447215874729,0.0,0.9563492063492064,CVX,XOM
2023-11-20,129.81402587890625,96.17725372314453,2.050526017837353,0.61003074868916,0.030058775791193426,-0.7280558916629939,-0.8260712444737712,0.8260712444737712,0.004090608983302602,0.015440841981055777,0.7813161903423063,-0.107479388652445,29.449430031714797,0.0,0.9662698412698412,CVX,XOM
2023-11-21,129.5083465576172,96.14042663574219,2.050526017837353,0.61003074868916,0.027934881673184364,-0.7188340371574617,-0.7280558916629939,0.7280558916629939,0.00212533807159776,0.014546083169476538,0.7806204975704627,-0.10535405058084724,29.352935289783826,0.0,0.9424603174603174,CVX,XOM
2023-11-22,129.76910400390625,95.72628021240234,2.050526017837353,0.61003074868916,0.03257981907877339,-0.5680599132094534,-0.7188340371574617,0.7188340371574617,-0.002123894118009062,0.014089844554156343,0.7795266770490947,-0.1074779446988563,34.217496775702955,0.0,0.9404761904761905,CVX,XOM
2023-11-24,130.2815704345703,96.2416763305664,2.050526017837353,0.61003074868916,0.03324547302071634,-0.5028927267380373,-0.5680599132094534,0.5680599132094534,0.0046449374055890225,0.014159221867682821,0.7791355019820838,-0.10283300729326728,30.948344124547408,0.0,0.9404761904761905,CVX,XOM
2023-11-27,129.7960662841797,95.68025207519531,2.050526017837353,0.61003074868916,0.033080960752375876,-0.45589803555917363,-0.5028927267380373,0.5028927267380373,0.0006656539419429564,0.014173376498605322,0.780740949224889,-0.10216735335132432,31.013238834001612,0.0,0.9345238095238095,CVX,XOM
2023-11-28,130.8300323486328,95.62505340576172,2.050526017837353,0.61003074868916,0.04136751365945779,-0.19994391376790194,-0.45589803555917363,0.45589803555917363,-0.0001645122683404665,0.00615290910973051,0.7805945883469044,-0.10233186561966479,32.472131210973934,0.0,0.6309523809523809,CVX,XOM
2023-11-29,129.3914337158203,94.18927764892578,2.050526017837353,0.61003074868916,0.03953952646407766,-0.18076363820005967,-0.19994391376790194,0.19994391376790194,0.008286552907081912,0.006027668807627192,0.7714802485391146,-0.09404531271258287,28.022044204415266,0.0,0.626984126984127,CVX,XOM
2023-11-30,129.1127471923828,94.55741882324219,2.050526017837353,0.61003074868916,0.03500370537227537,-0.2408029388754992,-0.18076363820005967,0.18076363820005967,-0.0018279871953801319,0.006017231953153751,0.7771105472533372,-0.095873299907963,29.033032094943273,0.0,0.6170634920634921,CVX,XOM
2023-12-01,130.2006378173828,94.78751373291016,2.050526017837353,0.61003074868916,0.04191166354975007,0.08496422573963712,-0.2408029388754992,0.2408029388754992,-0.004535821091802283,0.005551594093072514,0.7771422793221641,-0.10040912099976529,32.041577767990695,0.0,0.5357142857142857,CVX,XOM
2023-12-04,130.25460815429688,94.27210998535156,2.050526017837353,0.61003074868916,0.045652165845071035,0.42668986370272155,0.08496422573963712,0.08496422573963712,0.006907958177474693,0.0050316688546413555,0.777656518227745,-0.0935011628222906,28.363088139968536,0.0,0.49404761904761907,CVX,XOM
2023-12-05,128.44740295410156,92.44059753417969,2.050526017837353,0.61003074868916,0.04364888905625097,0.5291252193298623,0.42668986370272155,0.42668986370272155,0.003740502295320969,0.0050703234680554736,0.7782133488976619,-0.08976066052696963,27.268048642797755,0.0,0.49603174603174605,CVX,XOM
2023-12-06,128.15069580078125,91.21653747558594,2.050526017837353,0.61003074868916,0.04946799874882046,1.10187741205905,0.5291252193298623,0.5291252193298623,-0.002003276788820063,0.00491745393509947,0.7788328055572236,-0.09176393731578969,27.7926059737357,0.0,0.4801587301587302,CVX,XOM
2023-12-07,128.05177307128906,90.58148956298828,2.050526017837353,0.61003074868916,0.05295765168944078,1.633468554387054,1.10187741205905,1.10187741205905,0.005819109692569491,0.004635789130765908,0.7684971700339381,-0.0859448276232202,26.203472285417813,1.0,0.49801587301587297,CVX,XOM
2023-12-08,129.7510986328125,91.62149810791016,2.050526017837353,0.61003074868916,0.059176835988794085,2.5539405805326068,1.633468554387054,1.633468554387054,0.0034896529406203136,0.004317180354114455,0.7679923194538885,-0.08245517468259989,26.211179591019995,2.0,0.494047619047619,CVX,XOM
2023-12-11,129.78707885742188,91.6859130859375,2.050526017837353,0.61003074868916,0.05902536479109877,2.2533598315218684,2.5539405805326068,2.5539405805326068,0.006219184299353309,0.004266085979459394,0.7731363757492363,-0.07623599038324658,24.881922253457788,3.0,0.4801587301587302,CVX,XOM
2023-12-12,128.12371826171875,90.2409439086914,2.050526017837353,0.61003074868916,0.055817101654048074,1.7891746592667128,2.2533598315218684,2.2533598315218684,-0.0001514711976953187,0.0042930986750984055,0.7763055828589024,-0.0763874615809419,25.45681311420979,4.0,0.4722222222222222,CVX,XOM
2023-12-13,130.02085876464844,91.04165649414062,2.050526017837353,0.61003074868916,0.06512668377110531,2.249350412418081,1.7891746592667128,1.7891746592667128,-0.003208263137050693,0.004435719381141575,0.7776818680001517,-0.07959572471799259,26.075618635288766,5.0,0.46825396825396826,CVX,XOM
2023-12-14,134.80409240722656,93.48981475830078,2.050526017837353,0.61003074868916,0.08506698291841897,3.074349334454663,2.249350412418081,2.249350412418081,0.009309582117057236,0.004687915058322281,0.7803700395284985,-0.07028614260093535,24.644433724891183,6.0,0.4662698412698413,CVX,XOM
2023-12-15,134.28265380859375,92.86397552490234,2.050526017837353,0.61003074868916,0.08528875667960234,2.610378537740864,3.074349334454663,3.074349334454663,0.019940299147313656,0.006027574698270468,0.7957425558747601,-0.0503458434536217,22.33235984173334,7.0,0.5992063492063492,CVX,XOM
2023-12-18,134.57933044433594,93.55422973632812,2.050526017837353,0.61003074868916,0.08297809870783457,2.1852805843754517,2.610378537740864,2.610378537740864,0.00022177376118337477,0.005462142427773522,0.7952538969273752,-0.05012406969243832,22.432639718945527,8.0,0.503968253968254,CVX,XOM
2023-12-19,136.34161376953125,94.78751373291016,2.050526017837353,0.61003074868916,0.08799863726238222,2.163369233660397,2.1852805843754517,2.1852805843754517,-0.002310657971767771,0.005579383587409548,0.7948018661580349,-0.05243472766420609,22.459999319364012,9.0,0.5198412698412699,CVX,XOM
2023-12-20,135.0918426513672,93.20449829101562,2.050526017837353,0.61003074868916,0.08906385506933212,1.9871480262012897,2.163369233660397,2.163369233660397,0.005020538554547649,0.005598765612028679,0.7949625470526592,-0.047414189109658444,22.365906117498554,10.0,0.5198412698412699,CVX,XOM
2023-12-21,135.50543212890625,93.62786102294922,2.050526017837353,0.61003074868916,0.08935605299264937,1.8246936822278754,1.9871480262012897,1.9871480262012897,0.001065217806949903,0.005498004630145866,0.7963766347833876,-0.04634897130270854,22.406285360928173,11.0,0.501984126984127,CVX,XOM
2023-12-22,135.81114196777344,93.79353332519531,2.050526017837353,0.61003074868916,0.0905311014165644,1.729717242635439,1.8246936822278754,1.8246936822278754,0.00029219792331725003,0.005516935593868426,0.7933755543389187,-0.04605677337939129,22.430149070878468,12.0,0.5158730158730159,CVX,XOM
2023-12-26,137.03392028808594,94.00521087646484,2.050526017837353,0.61003074868916,0.09811913711513709,1.87754868895375,1.729717242635439,1.729717242635439,0.001175048423915026,0.005508012737833704,0.7938369066428166,-0.044881724955476265,22.448404984219426,13.0,0.513888888888889,CVX,XOM
2023-12-27,136.5843963623047,93.5634536743164,2.050526017837353,0.61003074868916,0.09770682529432229,1.716149514284327,1.87754868895375,1.87754868895375,0.007588035698572693,0.005553824131554869,0.7924702701139402,-0.03729368925690357,22.57822437240174,14.0,0.5257936507936508,CVX,XOM
2023-12-28,134.66026306152344,92.21051025390625,2.050526017837353,0.61003074868916,0.09240469738583901,1.398200796620606,1.716149514284327,1.716149514284327,-0.00041231182081480355,0.00548267548326409,0.7908542089577294,-0.037706001077718376,22.64938789903778,15.0,0.5079365079365079,CVX,XOM
2023-12-29,134.11180114746094,92.01724243164062,2.050526017837353,0.61003074868916,0.08960338022913472,1.1998983841161153,1.398200796620606,1.398200796620606,-0.005302127908483278,0.005678623157123181,0.7929319156336295,-0.043008128986201655,22.13008555144738,16.0,0.5376984126984127,CVX,XOM
2024-01-02,134.39950561523438,94.20769500732422,2.050526017837353,0.61003074868916,0.07739482516754759,0.660440319566225,1.1998983841161153,1.1998983841161153,-0.002801317156704286,0.005580721342951708,0.7897290492602985,-0.04580944614290594,21.539417620003345,17.0,0.5317460317460317,CVX,XOM
2024-01-03,136.9619903564453,94.99919128417969,2.050526017837353,0.61003074868916,0.09117769031211997,1.1510445399137832,0.660440319566225,0.660440319566225,-0.012208555061587134,0.006365223607492515,0.8024004682443975,-0.058018001204493075,21.52525101842424,0.0,0.6388888888888888,CVX,XOM
2024-01-04,135.46047973632812,94.1708755493164,2.050526017837353,0.61003074868916,0.08549647749282352,0.8569760552861879,1.1510445399137832,1.1510445399137832,0.013782865144572387,0.006876123597854794,0.8029484681191557,-0.04423513605992069,21.230098229348187,1.0,0.6746031746031746,CVX,XOM
2024-01-05,135.2266845703125,94.4561767578125,2.050526017837353,0.61003074868916,0.08192369491309748,0.6536179759462751,0.8569760552861879,0.8569760552861879,-0.005681212819296455,0.0070354538299500615,0.7930524411988072,-0.04991634887921714,21.338481974145015,0.0,0.7023809523809523,CVX,XOM
2024-01-08,134.41748046875,92.88237762451172,2.050526017837353,0.61003074868916,0.08617143129894922,0.7854426392875955,0.6536179759462751,0.6536179759462751,-0.0035727825797260415,0.0070843043830621155,0.7928033087376063,-0.053489131458943184,21.03531976068674,0.0,0.7063492063492063,CVX,XOM
2024-01-09,131.00086975097656,91.73192596435547,2.050526017837353,0.61003074868916,0.06802800537640685,-0.09381275197955873,0.7854426392875955,0.7854426392875955,0.004247736385851741,0.0070962095920044325,0.7709810424334068,-0.04924139507309144,20.74301011870784,0.0,0.7619047619047619,CVX,XOM
2024-01-10,129.92193603515625,90.82998657226562,2.050526017837353,0.61003074868916,0.0657855320924261,-0.2663384641362594,-0.09381275197955873,0.09381275197955873,-0.018143425922542367,0.0082123993453546,0.7738571890287818,-0.06738482099563381,20.634299695328664,0.0,0.8670634920634921,CVX,XOM
2024-01-11,130.6232452392578,90.81156921386719,2.050526017837353,0.61003074868916,0.07129264997432605,-0.04166742667220184,-0.2663384641362594,0.2663384641362594,-0.0022424732839807504,0.008232581520812784,0.7756483133886929,-0.06962729427961456,19.728382102640552,0.0,0.8611111111111112,CVX,XOM
2024-01-12,132.4124755859375,91.98963165283203,2.050526017837353,0.61003074868916,0.07703453062449306,0.2031751641241431,-0.04166742667220184,0.04166742667220184,0.005507117881899948,0.008263938916314608,0.7758995815082075,-0.06412017639771461,17.99828169533361,0.0,0.8591269841269842,CVX,XOM
2024-01-16,129.19366455078125,89.90962219238281,2.050526017837353,0.61003074868916,0.06637717353537154,-0.4768189653617259,0.2031751641241431,0.2031751641241431,0.005741880650167008,0.008114922647242508,0.7761179981294423,-0.058378295747547604,16.981286107160464,0.0,0.8452380952380952,CVX,XOM
2024-01-17,128.68116760253906,89.25617218017578,2.050526017837353,0.61003074868916,0.06685219976777512,-0.5310086525224035,-0.4768189653617259,0.4768189653617259,-0.010657357089121522,0.007150620649813318,0.7845886685878101,-0.06903565283666913,17.46414430671248,0.0,0.7123015873015872,CVX,XOM
2024-01-18,127.51229858398438,89.09050750732422,2.050526017837353,0.61003074868916,0.058860547969330934,-1.1130025198582811,-0.5310086525224035,0.5310086525224035,0.0004750262324035859,0.007152880877910784,0.7838279252391812,-0.06560759703680175,18.98479814608457,0.0,0.7123015873015872,CVX,XOM
2024-01-19,127.88996124267578,89.22856140136719,2.050526017837353,0.61003074868916,0.060873378122254795,-1.0844774633620495,-1.1130025198582811,1.1130025198582811,-0.007991651798444188,0.0073133917375375656,0.7812528762674412,-0.045056789142920994,19.01486000857849,1.0,0.7341269841269842,CVX,XOM
2024-01-22,128.11471557617188,89.10891723632812,2.050526017837353,0.61003074868916,0.0634477623507319,-0.9823809784161158,-1.0844774633620495,1.0844774633620495,0.0020128301529238612,0.007214060855339164,0.7824038576085587,-0.037245758992882294,17.230985483076704,2.0,0.7202380952380952,CVX,XOM
2024-01-23,127.75507354736328,90.11210632324219,2.050526017837353,0.61003074868916,0.05380726578048467,-1.7054436601454828,-0.9823809784161158,0.9823809784161158,0.0025743842284771112,0.007246813160047947,0.783949073916316,-0.03467137476440518,17.429064100922744,0.0,0.7182539682539683,CVX,XOM
2024-01-24,130.299560546875,91.6675033569336,2.050526017837353,0.61003074868916,0.0630887246635714,-1.0362785185745742,-1.7054436601454828,1.7054436601454828,-0.009640496570247237,0.0074592332404981405,0.7764539239719681,-0.04431187133465242,19.007745092029456,1.0,0.7896825396825397,CVX,XOM
2024-01-25,133.58132934570312,93.99600982666016,2.050526017837353,0.61003074868916,0.07266086108197234,-0.3606088908929144,-1.0362785185745742,1.0362785185745742,0.009281458883086735,0.007820164839832534,0.7838663778314423,-0.035030412451565685,19.331901760813157,2.0,0.7797619047619048,CVX,XOM
2024-01-26,134.09385681152344,94.79671478271484,2.050526017837353,0.61003074868916,0.07131580079412458,-0.5284879323986372,-0.3606088908929144,0.3606088908929144,0.009572136418400934,0.007944794155471694,0.861992123405958,-0.02545827603316475,18.947878424703095,0.0,0.5773809523809523,CVX,XOM
2024-01-29,134.03988647460938,94.9163589477539,2.050526017837353,0.61003074868916,0.07014379570404605,-0.6445132139115451,-0.5284879323986372,0.5284879323986372,-0.0013450602878477547,0.00794234270167576,0.8634060505259674,-0.026803336321012505,18.51050365414482,0.0,0.5674603174603174,CVX,XOM
2024-01-30,134.97496032714844,96.4993667602539,2.050526017837353,0.61003074868916,0.06700552486912148,-0.8470365136327529,-0.6445132139115451,0.6445132139115451,-0.0011720050900785317,0.00788962644525923,0.863529705484855,-0.027975341411091037,18.877869109667266,0.0,0.5654761904761905,CVX,XOM
2024-01-31,132.55633544921875,94.62184143066406,2.050526017837353,0.61003074868916,0.06090992521088534,-1.251809451391251,-0.8470365136327529,0.8470365136327529,-0.0031382708349245725,0.007893572412970843,0.8657176761592527,-0.03111361224601561,19.72328389175371,0.0,0.5634920634920635,CVX,XOM
2024-02-01,132.96994018554688,94.23529815673828,2.050526017837353,0.61003074868916,0.0665224498402095,-0.7555387782921786,-1.251809451391251,1.251809451391251,-0.006095599658236139,0.007570412090145808,0.8543389962667038,-0.03720921190425175,19.85933787472905,1.0,0.5753968253968254,CVX,XOM
2024-02-02,136.88107299804688,93.84873962402344,2.050526017837353,0.61003074868916,0.09801935655809535,1.6625019042052458,-0.7555387782921786,0.7555387782921786,0.005612524629324156,0.0069676014438488434,0.8510098103946394,-0.03159668727492759,18.653326206379113,0.0,0.5158730158730158,CVX,XOM
2024-02-05,136.9619903564453,93.46218872070312,2.050526017837353,0.61003074868916,0.10112815987980728,1.7932051331487169,1.6625019042052458,1.6625019042052458,0.03149690671788585,0.009882513016525124,0.8039135883235965,-9.978055704173983e-05,17.235474988763002,1.0,0.8095238095238095,CVX,XOM
2024-02-06,136.97998046875,94.10645294189453,2.050526017837353,0.61003074868916,0.09706879622672249,1.4430264864487652,1.7932051331487169,1.7932051331487169,0.003108803321711928,0.009847795957568767,0.7967358191160744,0.0,18.70442420585008,2.0,0.8134920634920635,CVX,XOM
2024-02-07,136.7821807861328,94.0788345336914,2.050526017837353,0.61003074868916,0.09580280673578878,1.3200690901032983,1.4430264864487652,1.4430264864487652,-0.004059363653084791,0.009875524844070005,0.7888374526961318,-0.004059363653084791,18.095187448360452,3.0,0.8412698412698413,CVX,XOM
2024-02-08,138.5174560546875,95.68946075439453,2.050526017837353,0.61003074868916,0.09805410794084102,1.480321184213408,1.3200690901032983,1.3200690901032983,-0.0012659894909337055,0.008917130403588498,0.7897356416633993,-0.0053253531440184965,17.6668986808399,4.0,0.8253968253968254,CVX,XOM
2024-02-09,135.80215454101562,93.6646728515625,2.050526017837353,0.61003074868916,0.0913036047979574,1.035903828266697,1.480321184213408,1.480321184213408,0.0022513012050522363,0.008879338076517756,0.7920615305706015,-0.00307405193896626,17.919464869261024,5.0,0.8214285714285714,CVX,XOM
2024-02-12,136.73721313476562,94.95317077636719,2.050526017837353,0.61003074868916,0.08983076626508124,0.9415679349789257,1.035903828266697,1.035903828266697,-0.006750503142883613,0.009011478714882133,0.8023990355777625,-0.009824555081849873,17.155010653917905,6.0,0.7996031746031746,CVX,XOM
2024-02-13,135.40650939941406,94.13573455810547,2.050526017837353,0.61003074868916,0.08532565959932858,0.6290000948315143,0.9415679349789257,0.9415679349789257,-0.001472838532876164,0.008958710191310563,0.8008409157910457,-0.011297393614726037,17.442934354004866,0.0,0.7996031746031746,CVX,XOM
2024-02-14,135.77517700195312,93.67127990722656,2.050526017837353,0.61003074868916,0.09106190209255294,0.999019871608542,0.6290000948315143,0.6290000948315143,-0.004505106665752656,0.008666375880104871,0.8064312827156999,-0.015802500280478693,16.750233864635103,0.0,0.7797619047619047,CVX,XOM
2024-02-15,140.3925018310547,96.35582733154297,2.050526017837353,0.61003074868916,0.10726640200423665,2.0107290948773158,0.999019871608542,0.999019871608542,0.005736242493224353,0.008727677290659732,0.8010821903854826,-0.01006625778725434,17.09338706576715,0.0,0.7896825396825398,CVX,XOM
2024-02-16,140.54702758789062,96.35582733154297,2.050526017837353,0.61003074868916,0.10836646629735158,1.910627088690528,2.0107290948773158,2.0107290948773158,0.016204499911683712,0.009039677775807114,0.8134661199336032,0.0,18.00573493844092,1.0,0.7936507936507937,CVX,XOM
2024-02-20,139.97438049316406,95.44550323486328,2.050526017837353,0.61003074868916,0.11007440485567166,1.843038825716815,1.910627088690528,1.910627088690528,0.001100064293114933,0.009043922838168572,0.8136018864477139,0.0,18.02523160398294,2.0,0.7936507936507937,CVX,XOM
2024-02-21,141.2832489013672,97.39620971679688,2.050526017837353,0.61003074868916,0.10703967311369045,1.5540737198312016,1.843038825716815,1.843038825716815,0.0017079385583200768,0.009044937500265852,0.8143149044071025,0.0,18.721793535797207,3.0,0.7916666666666667,CVX,XOM
2024-02-22,141.27415466308594,97.31260681152344,2.050526017837353,0.61003074868916,0.10749916493528788,1.4605975250402812,1.5540737198312016,1.5540737198312016,-0.0030347317419812114,0.008716381245502359,0.8119718303589661,-0.0030347317419812114,18.766986515053894,4.0,0.7777777777777778,CVX,XOM
2024-02-23,140.57427978515625,96.4580078125,2.050526017837353,0.61003074868916,0.10791378442770982,1.376859633005094,1.4605975250402812,1.4605975250402812,0.0004594918215974353,0.008592560134624089,0.8120266582784023,-0.002575239920383776,18.679147599787473,5.0,0.7718253968253967,CVX,XOM
2024-02-26,140.3834228515625,96.83885955810547,2.050526017837353,0.61003074868916,0.10415128386341221,1.0943451342807327,1.376859633005094,1.376859633005094,0.0004146194924219415,0.008431084856318919,0.8122798732929625,-0.0021606204279618346,18.318388788364572,6.0,0.7678571428571428,CVX,XOM
2024-02-27,138.30197143554688,96.63450622558594,2.050526017837353,0.61003074868916,0.0905020355302657,0.33041381626474864,1.0943451342807327,1.0943451342807327,-0.0037625005642976106,0.008491881544183089,0.8128229249919351,-0.005923120992259445,16.88506881873535,7.0,0.7678571428571428,CVX,XOM
2024-02-28,138.465576171875,96.90388488769531,2.050526017837353,0.61003074868916,0.08998613153277413,0.2638343988359581,0.33041381626474864,0.33041381626474864,-0.013649248333146513,0.009111407625378364,0.8020490441683339,-0.01957236932540596,16.228213062225645,0.0,0.8214285714285714,CVX,XOM
2024-02-29,138.16563415527344,97.08967590332031,2.050526017837353,0.61003074868916,0.08664912270572733,0.04447395823208551,0.2638343988359581,0.2638343988359581,-0.0005159039974915736,0.009069426315172774,0.8040843863853321,-0.020088273322897532,15.782848783584143,0.0,0.8075396825396826,CVX,XOM
2024-03-01,138.8927764892578,98.31583404541016,2.050526017837353,0.61003074868916,0.08424223806176556,-0.1436743064932233,0.04447395823208551,0.04447395823208551,-0.0033370088270467946,0.008978722810602906,0.8038633008834768,-0.023425282149944326,16.074530531430746,0.0,0.7996031746031746,CVX,XOM
2024-03-04,135.3207244873047,96.9410400390625,2.050526017837353,0.61003074868916,0.06677822725330929,-1.1937834480805651,-0.1436743064932233,0.1436743064932233,-0.002406884643961771,0.008955634251186435,0.8034299239056641,-0.025832166793906097,17.180327770820952,0.0,0.7956349206349207,CVX,XOM
2024-03-05,135.9660186767578,98.13004302978516,2.050526017837353,0.61003074868916,0.06409887457478192,-1.3564403924721007,-1.1937834480805651,1.1937834480805651,-0.017464010808456276,0.006647944698408932,0.801210027384009,-0.04329617760236237,16.737605695362536,1.0,0.6190476190476191,CVX,XOM
2024-03-06,134.82078552246094,99.1797103881836,2.050526017837353,0.61003074868916,0.04914960314001737,-2.1936007898475363,-1.3564403924721007,1.3564403924721007,-0.002679352678527369,0.0065637628554312604,0.8043123624836443,-0.04597553028088974,16.655912627959253,2.0,0.5932539682539683,CVX,XOM
2024-03-07,135.76608276367188,99.73707580566406,2.050526017837353,0.61003074868916,0.05271802163639361,-1.9022351867836294,-2.1936007898475363,2.1936007898475363,-0.014949271434764544,0.007149852742592206,0.7891955072888333,-0.060924801715654286,17.597777630618342,3.0,0.6964285714285714,CVX,XOM
2024-03-08,136.22964477539062,100.67524719238281,2.050526017837353,0.61003074868916,0.050415221651313846,-1.8842420952901626,-1.9022351867836294,1.9022351867836294,0.0035684184963762355,0.00726476525408834,0.786965596513618,-0.05735638321927805,16.95496060834484,4.0,0.7222222222222222,CVX,XOM
2024-03-11,138.1565399169922,101.26976776123047,2.050526017837353,0.61003074868916,0.06086874704548961,-1.2825397268993524,-1.8842420952901626,1.8842420952901626,-0.002302799985079762,0.0071941385015974165,0.7861328639926777,-0.05965918320435781,17.12716004589241,5.0,0.7103174603174602,CVX,XOM
2024-03-12,138.0565948486328,100.61952209472656,2.050526017837353,0.61003074868916,0.06407465777116217,-1.092882761415037,-1.2825397268993524,1.2825397268993524,0.010453525394175767,0.007635373671643714,0.7795240628569303,-0.049205657810182046,16.124214871919833,6.0,0.7996031746031746,CVX,XOM
2024-03-13,139.87442016601562,101.74351501464844,2.050526017837353,0.61003074868916,0.07037926542594963,-0.7753251911274401,-1.092882761415037,1.092882761415037,0.003205910725672556,0.007704649260131115,0.7771077639746324,-0.04599974708450949,15.765666456120147,7.0,0.8174603174603174,CVX,XOM
2024-03-14,141.51956176757812,103.54560852050781,2.050526017837353,0.61003074868916,0.07136183272344576,-0.7561924919377797,-0.7753251911274401,0.7753251911274401,0.006304607654787464,0.00783799597263867,0.7598828472931836,-0.039695139429722026,15.480953806123756,0.0,0.873015873015873,CVX,XOM
2024-03-15,141.38323974609375,103.35980224609375,2.050526017837353,0.61003074868916,0.07149374140741349,-0.7639725703768497,-0.7561924919377797,0.7561924919377797,0.0009825672974961286,0.007708792629773339,0.7631869614396952,-0.0387125721322259,14.956572310975849,0.0,0.8551587301587302,CVX,XOM
2024-03-18,141.25599670410156,104.31658172607422,2.050526017837353,0.61003074868916,0.06497240186819875,-1.0421812365569194,-0.7639725703768497,0.7639725703768497,0.0001319086839677297,0.0066383798213069676,0.7638891667680588,-0.03858066344825817,14.182309191958971,0.0,0.7341269841269841,CVX,XOM
2024-03-19,142.3557586669922,105.0504150390625,2.050526017837353,0.61003074868916,0.06845150073524886,-0.8019336564344135,-1.0421812365569194,1.0421812365569194,-0.006521339539214743,0.0066802372034986575,0.7555059943739841,-0.04510200298747291,14.632503843410761,1.0,0.751984126984127,CVX,XOM
2024-03-20,140.4743194580078,104.95753479003906,2.050526017837353,0.61003074868916,0.05568652278271413,-1.3719337689731894,-0.8019336564344135,0.8019336564344135,0.003479098867050112,0.0067425046930686015,0.7547597646748213,-0.0416229041204228,14.411684990443304,0.0,0.753968253968254,CVX,XOM
2024-03-21,140.75604248046875,105.42198181152344,2.050526017837353,0.61003074868916,0.0549965383688904,-1.3084259652687489,-1.3719337689731894,1.3719337689731894,-0.012764977952534728,0.007133472019392291,0.7503168062123884,-0.05438788207295753,14.322645167570004,1.0,0.7757936507936508,CVX,XOM
2024-03-22,140.57427978515625,105.42198181152344,2.050526017837353,0.61003074868916,0.053704372496833575,-1.2787519737134163,-1.3084259652687489,1.3084259652687489,-0.0006899844138237299,0.007113453519260257,0.7505142321771576,-0.05507786648678126,14.343509328167286,2.0,0.7718253968253969,CVX,XOM
2024-03-25,142.21946716308594,106.4995346069336,2.050526017837353,0.61003074868916,0.059136075534464094,-0.9453844758809037,-1.2787519737134163,1.2787519737134163,-0.0012921658720568274,0.007086661680420805,0.7534505505577331,-0.056370032358838085,14.430644632655474,3.0,0.7658730158730158,CVX,XOM
2024-03-26,141.12872314453125,105.7006607055664,2.050526017837353,0.61003074868916,0.05603028088577533,-1.0297101873066579,-0.9453844758809037,0.9453844758809037,0.00543170303763052,0.0072985513319329285,0.7555686504641865,-0.050938329321207565,13.928634126320343,0.0,0.7976190476190477,CVX,XOM
2024-03-27,142.11036682128906,106.79676818847656,2.050526017837353,0.61003074868916,0.056668468056124244,-0.9399752226607282,-1.0297101873066579,1.0297101873066579,-0.0031057946486887644,0.006821379504427797,0.7506031819742185,-0.05404412396989633,13.885157839848059,1.0,0.7420634920634921,CVX,XOM
2024-03-28,143.373779296875,107.97649383544922,2.050526017837353,0.61003074868916,0.05881781301735689,-0.7833477843869214,-0.9399752226607282,0.9399752226607282,0.0006381871703489139,0.006836216977373726,0.7511772675649048,-0.053405936799547415,12.288777196840389,0.0,0.7400793650793651,CVX,XOM
2024-04-01,144.59173583984375,108.67317962646484,2.050526017837353,0.61003074868916,0.06335351199149075,-0.5143663954258104,-0.7833477843869214,0.7833477843869214,0.0021493449612326465,0.006873629143741712,0.7731390108841365,-0.05125659183831477,11.863105069063089,0.0,0.7003968253968254,CVX,XOM
2024-04-02,145.2279815673828,110.80037689208984,2.050526017837353,0.61003074868916,0.055918612699456194,-0.8331146940176658,-0.5143663954258104,0.5143663954258104,0.004535698974133862,0.006987943795262948,0.7764191996178099,-0.04672089286418091,10.835436483599914,0.0,0.6865079365079365,CVX,XOM
2024-04-03,145.827880859375,110.8189697265625,2.050526017837353,0.61003074868916,0.05993848889700981,-0.5740645578618637,-0.8331146940176658,0.8331146940176658,-0.007434899292034558,0.006094397452205316,0.7641286971553923,-0.054155792156215465,10.340265211830737,0.0,0.6547619047619048,CVX,XOM
2024-04-04,146.05508422851562,111.2091064453125,2.050526017837353,0.61003074868916,0.05935146691633264,-0.5574488413061601,-0.5740645578618637,0.5740645578618637,0.004019876197553618,0.006151606298115078,0.7629916736198178,-0.05013591595866185,10.870151961813374,0.0,0.6726190476190477,CVX,XOM
2024-04-05,146.88221740722656,112.74181365966797,2.050526017837353,0.61003074868916,0.05664848953438284,-0.6799745462556366,-0.5574488413061601,0.5574488413061601,-0.0005870219806771715,0.00514475761596005,0.7671474228668748,-0.05072293793933902,10.447543394459283,0.0,0.5119047619047619,CVX,XOM
2024-04-08,146.58229064941406,111.9801025390625,2.050526017837353,0.61003074868916,0.0587399498819976,-0.4993608307666513,-0.6799745462556366,0.6799745462556366,-0.0027029773819498004,0.005139915208601691,0.7579987483253365,-0.05342591532128882,10.27302216575793,0.0,0.5297619047619048,CVX,XOM
2024-04-09,147.2458038330078,112.56529998779297,2.050526017837353,0.61003074868916,0.06007663140692232,-0.34138991574248356,-0.4993608307666513,0.4993608307666513,0.0020914603476147597,0.005122271271300358,0.7530895044011011,-0.05133445497367406,9.297677337774552,0.0,0.5376984126984127,CVX,XOM
2024-04-10,147.8547821044922,113.51278686523438,2.050526017837353,0.61003074868916,0.059090623027079126,-0.37497747745955734,-0.34138991574248356,0.34138991574248356,0.001336681524924721,0.004586379108374445,0.7563873855525188,-0.04999777344874934,8.462097531436532,0.0,0.49404761904761907,CVX,XOM
2024-04-11,147.1457977294922,113.13194274902344,2.050526017837353,0.61003074868916,0.056334090612411014,-0.6247624013972521,-0.37497747745955734,0.37497747745955734,-0.0009860083798431951,0.004528692734672677,0.7527233565160019,-0.050983781828592534,8.02944130885592,0.0,0.503968253968254,CVX,XOM
2024-04-12,144.482666015625,111.81290435791016,2.050526017837353,0.61003074868916,0.04522403153400134,-1.956549732913883,-0.6247624013972521,0.6247624013972521,-0.0027565324146681114,0.00429773332300424,0.7266072352759626,-0.053740314243260645,7.520955620544185,0.0,0.5059523809523809,CVX,XOM
2024-04-15,143.23744201660156,111.17195892333984,2.050526017837353,0.61003074868916,0.04007511857316581,-2.608482983902366,-1.956549732913883,1.956549732913883,-0.011110059078409673,0.004835195563630609,0.7377727422220117,-0.06485037332167032,7.32958618485072,1.0,0.5238095238095238,CVX,XOM
2024-04-16,142.04672241210938,110.25232696533203,2.050526017837353,0.61003074868916,0.03679472423040453,-2.61399873803691,-2.608482983902366,2.608482983902366,-0.005148912960835528,0.004893255394210112,0.7407885488990636,-0.06999928628250585,9.52621957918908,2.0,0.5317460317460317,CVX,XOM
2024-04-17,142.15582275390625,110.19658660888672,2.050526017837353,0.61003074868916,0.03787098069286721,-2.1897206947726158,-2.61399873803691,2.61399873803691,-0.0032803943427612836,0.004778961717280673,0.7459427244190675,-0.07327968062526713,11.129330768023971,3.0,0.5198412698412699,CVX,XOM
2024-04-18,143.21926879882812,110.09439849853516,2.050526017837353,0.61003074868916,0.04588994507558386,-1.2401155371130546,-2.1897206947726158,2.1897206947726158,0.001076256462462677,0.004683825180879488,0.7469327287736276,-0.07220342416280445,11.379720069893922,4.0,0.5138888888888888,CVX,XOM
2024-04-19,145.42796325683594,111.35771942138672,2.050526017837353,0.61003074868916,0.05423383007098037,-0.3012010949213725,-1.2401155371130546,1.2401155371130546,0.008018964382716653,0.004370830914757109,0.7505067535999688,-0.0641844597800878,10.962531464969214,5.0,0.498015873015873,CVX,XOM
2024-04-22,147.173095703125,111.9893798828125,2.050526017837353,0.61003074868916,0.06271184621922465,0.6165947725769161,-0.3012010949213725,0.3012010949213725,0.008343884995396511,0.004774919667252108,0.7444791681144064,-0.05584057478469129,12.749323743111306,0.0,0.5218253968253969,CVX,XOM
2024-04-23,148.0183868408203,112.42597961425781,2.050526017837353,0.61003074868916,0.06606530111147846,0.96559422415374,0.6165947725769161,0.6165947725769161,0.008478016148244283,0.005109679925384802,0.7206100534965145,-0.047362558636447005,13.669943407666553,0.0,0.5575396825396826,CVX,XOM
2024-04-24,148.67282104492188,112.44454193115234,2.050526017837353,0.61003074868916,0.07037614727465957,1.3911186534405615,0.96559422415374,0.96559422415374,0.0033534548922538043,0.005027797039514951,0.720483907963207,-0.0440091037441932,13.096934298354148,0.0,0.5476190476190477,CVX,XOM
2024-04-25,150.22708129882812,112.70464324951172,2.050526017837353,0.61003074868916,0.07936664795554371,2.211713489326232,1.3911186534405615,1.3911186534405615,0.004310846163181115,0.005033005115665824,0.7182581626344314,-0.039698257581012086,11.540807212144871,1.0,0.5535714285714286,CVX,XOM
2024-04-26,150.7815399169922,109.57421875,2.050526017837353,0.61003074868916,0.1002343105007002,3.4158827316467133,2.211713489326232,2.211713489326232,0.00899050068088414,0.005345907103102395,0.7151796396099858,-0.030707756900127947,13.295960981868147,2.0,0.5793650793650793,CVX,XOM
2024-04-29,151.1814422607422,111.13478088378906,2.050526017837353,0.61003074868916,0.09425619159384624,2.5623373774030016,3.4158827316467133,3.4158827316467133,0.020867662545156485,0.0068644306638791786,0.6268917796142596,-0.009840094354971463,14.196683189007178,3.0,0.7440476190476191,CVX,XOM
2024-04-30,146.58229064941406,109.86217498779297,2.050526017837353,0.61003074868916,0.07038822720341464,0.773088293856847,2.5623373774030016,2.5623373774030016,-0.0059781189068539575,0.007055462565004926,0.6243739080226011,-0.01581821326182542,14.169497002448317,4.0,0.7638888888888888,CVX,XOM
2024-05-01,145.09164428710938,107.78141784667969,2.050526017837353,0.61003074868916,0.07183143427092453,0.8656149741356642,0.773088293856847,0.773088293856847,-0.023867964390431595,0.008795661799772562,0.7048588534613919,-0.039686177652257015,10.852118063344335,0.0,0.9166666666666667,CVX,XOM
2024-05-02,146.09144592285156,107.97649383544922,2.050526017837353,0.61003074868916,0.07759551923791186,1.2045074287363928,0.8656149741356642,0.8656149741356642,0.0014432070675098885,0.008765252853246535,0.7120937120606669,-0.03824297058474713,9.953346521336137,0.0,0.9126984126984128,CVX,XOM
2024-05-03,145.6551971435547,107.75355529785156,2.050526017837353,0.61003074868916,0.07586574640457089,1.0157692878951867,1.2045074287363928,1.2045074287363928,0.005764084966987326,0.008831486476113468,0.711480991436186,-0.0324788856177598,9.299548339031544,1.0,0.9186507936507937,CVX,XOM
2024-05-06,147.51846313476562,108.45023345947266,2.050526017837353,0.61003074868916,0.08464547870938643,1.5059849360847053,1.0157692878951867,1.0157692878951867,-0.00172977283334097,0.008814097285196087,0.7119702184102987,-0.03420865845110077,9.081860813386527,2.0,0.9107142857142857,CVX,XOM
2024-05-07,147.8547821044922,107.91148376464844,2.050526017837353,0.61003074868916,0.08996073730675613,1.705876631095068,1.5059849360847053,1.5059849360847053,0.008779732304815546,0.008976040438038376,0.7040586670686867,-0.025428926146285225,8.913429081656156,3.0,0.9285714285714286,CVX,XOM
2024-05-08,147.73663330078125,107.89289093017578,2.050526017837353,0.61003074868916,0.08926644665111905,1.5303311777897382,1.705876631095068,1.705876631095068,0.005315258597369699,0.009018739178187686,0.6754549771092169,-0.020113667548915526,9.20517339684621,4.0,0.9325396825396826,CVX,XOM
2024-05-09,150.38157653808594,110.02008819580078,2.050526017837353,0.61003074868916,0.09510093938874453,1.7244084420996322,1.5303311777897382,1.5303311777897382,-0.0006942906556370865,0.009014951267131453,0.6743521582946871,-0.020807958204552612,9.58641296161923,5.0,0.9305555555555556,CVX,XOM
2024-05-10,150.71788024902344,109.57421875,2.050526017837353,0.61003074868916,0.09981202332761185,1.8147171175866814,1.7244084420996322,1.7244084420996322,0.005834492737625485,0.009006151647331092,0.682571901884624,-0.014973465466927127,8.868909648239018,6.0,0.9226190476190477,CVX,XOM
2024-05-13,149.54534912109375,109.52777099609375,2.050526017837353,0.61003074868916,0.09226060483904108,1.3017025631683092,1.8147171175866814,1.8147171175866814,0.004711083938867322,0.008506254272143476,0.6840123418796945,-0.010262381528059805,9.223604379217015,7.0,0.8829365079365079,CVX,XOM
2024-05-14,148.70916748046875,110.19265747070312,2.050526017837353,0.61003074868916,0.08296143527572708,0.7483363783829018,1.3017025631683092,1.3017025631683092,-0.007551418488570771,0.00863268800814996,0.6352455808909574,-0.017813800016630577,8.656203213842067,8.0,0.8928571428571428,CVX,XOM
2024-05-15,148.2001953125,111.04483032226562,2.050526017837353,0.61003074868916,0.07483345072798198,0.2835692616730546,0.7483363783829018,0.7483363783829018,-0.009299169563314003,0.008932462148947358,0.627176305831069,-0.02711296957994458,7.817669785740341,0.0,0.9166666666666667,CVX,XOM
2024-05-16,147.89718627929688,110.37994384765625,2.050526017837353,0.61003074868916,0.07645033351537789,0.34137658261552756,0.2835692616730546,0.2835692616730546,-0.008127984547745104,0.00921667091895228,0.6183770415253191,-0.03308033369972785,7.685830953417723,0.0,0.9484126984126984,CVX,XOM
2024-05-17,149.34779357910156,112.0374755859375,2.050526017837353,0.61003074868916,0.07711826983056058,0.34310666046713595,0.34137658261552756,0.34137658261552756,0.0016168827873959124,0.00910731936196759,0.6126158965718228,-0.031463450912331936,7.461457775477011,0.0,0.9444444444444444,CVX,XOM
2024-05-20,147.94309997558594,111.12911224365234,2.050526017837353,0.61003074868916,0.07263432853617457,0.07296455502453017,0.34310666046713595,0.34310666046713595,0.0006679363151826934,0.00897274492350639,0.6202467476403962,-0.030795514597149243,7.179931026454047,0.0,0.9166666666666667,CVX,XOM
2024-05-21,146.86891174316406,110.36121368408203,2.050526017837353,0.61003074868916,0.06957694428393513,-0.11377974786156174,0.07296455502453017,0.07296455502453017,-0.004483941294386007,0.008887333957258462,0.6251922107744237,-0.03151695532723764,7.445544859053716,0.0,0.9027777777777777,CVX,XOM
2024-05-22,144.66549682617188,108.1418228149414,2.050526017837353,0.61003074868916,0.06685357203235354,-0.2812236329786044,-0.11377974786156174,0.11377974786156174,-0.003057384252239448,0.008894105455261434,0.63152301125512,-0.03065736621676507,7.150182047735572,0.0,0.8968253968253967,CVX,XOM
2024-05-23,144.08705139160156,106.29701232910156,2.050526017837353,0.61003074868916,0.07334346282061821,0.05040174572513454,-0.2812236329786044,0.2812236329786044,-0.0027233722515815906,0.008862651278923094,0.6561810117949642,-0.03338073846834666,6.700911767780855,0.0,0.8869047619047619,CVX,XOM
2024-05-24,144.8307342529297,106.21272277832031,2.050526017837353,0.61003074868916,0.07897545633441627,0.31837037672250895,0.05040174572513454,0.05040174572513454,0.006489890788264674,0.008749365184529026,0.6506253119066249,-0.026890847680081986,6.8160958579355135,0.0,0.875,CVX,XOM
2024-05-28,146.01507568359375,107.56121826171875,2.050526017837353,0.61003074868916,0.07942331624336374,0.28706932223746057,0.31837037672250895,0.31837037672250895,0.0056319935137980615,0.007438093934003598,0.6480748192992906,-0.021258854166283925,6.8282807822443194,0.0,0.8015873015873016,CVX,XOM
2024-05-29,144.05035400390625,106.40937042236328,2.050526017837353,0.61003074868916,0.07244426708135965,-0.25708972149025744,0.28706932223746057,0.28706932223746057,0.00044785990894746774,0.00735718606098758,0.6516502717257385,-0.020810994257336457,6.57660636933393,0.0,0.7896825396825398,CVX,XOM
2024-05-30,145.29896545410156,106.74650573730469,2.050526017837353,0.61003074868916,0.07914510197326852,0.13827720990693387,-0.25708972149025744,0.25708972149025744,-0.006979049162004092,0.005349675141266622,0.6453310408872472,-0.02779004341934055,6.641389588771582,0.0,0.5634920634920635,CVX,XOM
2024-05-31,149.00808715820312,109.80870819091797,2.050526017837353,0.61003074868916,0.08709878311801589,0.7628273429094027,0.13827720990693387,0.13827720990693387,0.006700834891908869,0.005535050596817536,0.6437008535637797,-0.02108920852743168,6.650365978255142,0.0,0.5912698412698413,CVX,XOM
2024-06-03,144.56448364257812,107.1772689819336,2.050526017837353,0.61003074868916,0.07162055781956278,-0.7833900985196521,0.7628273429094027,0.7628273429094027,0.007953681144747371,0.005660967037426269,0.7070473478239883,-0.013135527382684309,6.876442532332723,0.0,0.5853174603174602,CVX,XOM
2024-06-04,143.34339904785156,105.5103759765625,2.050526017837353,0.61003074868916,0.07270020122573628,-0.7384146735792787,-0.7833900985196521,0.7833900985196521,-0.015478225298453108,0.00663750261854515,0.7383995001216377,-0.028613752681137417,6.489736139866164,0.0,0.6626984126984127,CVX,XOM
2024-06-05,142.28756713867188,105.9317855834961,2.050526017837353,0.61003074868916,0.06287557143876255,-1.7272806111501962,-0.7384146735792787,0.7384146735792787,0.0010796434061735027,0.00632051164607024,0.7429926630332522,-0.027534109274963914,6.346683117363926,0.0,0.6428571428571429,CVX,XOM
2024-06-06,143.1597442626953,106.72777557373047,2.050526017837353,0.61003074868916,0.06441979880945325,-1.5094933668202801,-1.7272806111501962,1.7272806111501962,-0.009824629786973738,0.006471873368892517,0.7365292300171649,-0.03735873906193765,6.63783384870208,1.0,0.6607142857142857,CVX,XOM
2024-06-07,143.29751586914062,105.58529663085938,2.050526017837353,0.61003074868916,0.07194704123645757,-0.7213648092093563,-1.5094933668202801,1.5094933668202801,0.0015442273706907095,0.006501607538808912,0.7393679355112462,-0.03581451169124694,7.006450786195436,2.0,0.6567460317460317,CVX,XOM
2024-06-10,143.9034423828125,105.89433288574219,2.050526017837353,0.61003074868916,0.07438369406418976,-0.4250920929209049,-0.7213648092093563,0.7213648092093563,0.00752724242700431,0.006603403403887614,0.7272261682363768,-0.02828726926424263,6.835237458700544,0.0,0.6666666666666666,CVX,XOM
2024-06-11,143.67391967773438,105.04214477539062,2.050526017837353,0.61003074868916,0.07771654625192381,-0.006647087231373849,-0.4250920929209049,0.4250920929209049,0.0024366528277321997,0.006520417352206857,0.7206292888009513,-0.025850616436510432,6.846187537451155,0.0,0.6666666666666666,CVX,XOM
2024-06-12,141.58984375,103.88095092773438,2.050526017837353,0.61003074868916,0.06988588228760717,-0.8940923604951293,-0.006647087231373849,0.006647087231373849,0.003332852187734048,0.006427108004002018,0.7191186957604672,-0.022517764248776384,6.747784583490667,0.0,0.6666666666666667,CVX,XOM
2024-06-13,140.3228302001953,103.0475082397461,2.050526017837353,0.61003074868916,0.06581117674611292,-1.304573962351125,-0.8940923604951293,0.8940923604951293,-0.007830663964316642,0.0063365095564077555,0.7306991739588227,-0.030348428213093026,6.640349503818233,0.0,0.6448412698412699,CVX,XOM
2024-06-14,140.07498168945312,102.17659759521484,2.050526017837353,0.61003074868916,0.06922095408028461,-0.8827697797569858,-1.304573962351125,1.304573962351125,-0.00407470554149425,0.006156478670951026,0.731171082166793,-0.034423133754587276,6.625555892854286,1.0,0.6329365079365079,CVX,XOM
2024-06-17,140.64418029785156,101.47427368164062,2.050526017837353,0.61003074868916,0.07748384998728675,0.016606036653350222,-0.8827697797569858,0.8827697797569858,0.003409777334171693,0.006198845614617774,0.7387534075476675,-0.031013356420415583,6.500498572070844,0.0,0.628968253968254,CVX,XOM
2024-06-18,140.772705078125,102.42945098876953,2.050526017837353,0.61003074868916,0.07268190014830633,-0.4694545739938364,0.016606036653350222,0.016606036653350222,0.008262895907002132,0.006476687281451879,0.7318015094865513,-0.02275046051341345,6.159994634913553,0.0,0.6607142857142857,CVX,XOM
2024-06-20,143.81163024902344,104.63948059082031,2.050526017837353,0.61003074868916,0.08101754111199444,0.4999318363400561,-0.4694545739938364,0.4694545739938364,-0.004801949838980413,0.006488101127635999,0.7283492662074634,-0.027552410352393863,6.037317074480268,0.0,0.6666666666666667,CVX,XOM
2024-06-21,142.56300354003906,103.72174835205078,2.050526017837353,0.61003074868916,0.07767107934930673,0.16830370350086066,0.4999318363400561,0.4999318363400561,0.008335640963688107,0.006691413105697883,0.7415219464798494,-0.019216769388705757,6.116672779021452,0.0,0.6746031746031746,CVX,XOM
2024-06-24,146.2629852294922,106.80269622802734,2.050526017837353,0.61003074868916,0.08543689082673511,1.2052216757894456,0.16830370350086066,0.16830370350086066,-0.0033464617626877136,0.006708113283524836,0.7422267074306234,-0.02256323115139347,6.105274238224102,0.0,0.6746031746031746,CVX,XOM
2024-06-25,145.48257446289062,107.10235595703125,2.050526017837353,0.61003074868916,0.07837775098366029,0.4830784021284566,1.2052216757894456,1.2052216757894456,0.007765811477428386,0.0067701668928175735,0.7649656802313801,-0.014797419673965084,6.467202204989418,1.0,0.623015873015873,CVX,XOM
2024-06-26,143.17813110351562,107.13982391357422,2.050526017837353,0.61003074868916,0.062197590123014734,-1.9515202450099935,0.4830784021284566,0.4830784021284566,-0.007059139843074824,0.006863344618257656,0.7579848862054391,-0.02185655951703991,6.241538107252586,0.0,0.6468253968253967,CVX,XOM
2024-06-27,143.51785278320312,107.59867858886719,2.050526017837353,0.61003074868916,0.0619604605418993,-1.8296167033248674,-1.9515202450099935,1.9515202450099935,-0.016180160860645554,0.007710021382990137,0.7419788188716417,-0.03803672037768546,6.221481949715118,1.0,0.7638888888888888,CVX,XOM
2024-06-28,143.60963439941406,107.80470275878906,2.050526017837353,0.61003074868916,0.06143283245233544,-1.7444182032680555,-1.8296167033248674,1.8296167033248674,-0.00023712958111543614,0.007581485572751211,0.7494943769158667,-0.0382738499588009,6.2929754402435325,2.0,0.7420634920634921,CVX,XOM
2024-07-01,143.70147705078125,107.65486907958984,2.050526017837353,0.61003074868916,0.06292060633022212,-1.4092601080691265,-1.7444182032680555,1.7444182032680555,-0.0005276280895638585,0.007398530118705004,0.7500844258096898,-0.03880147804836476,6.240787957668122,3.0,0.7301587301587302,CVX,XOM
2024-07-02,143.9126434326172,106.92443084716797,2.050526017837353,0.61003074868916,0.06854217116881767,-0.5514879543656169,-1.4092601080691265,1.4092601080691265,0.0014877738778866778,0.007142038919829308,0.7498701084577495,-0.03731370417047808,6.650444535920436,4.0,0.6964285714285714,CVX,XOM
2024-07-03,143.87591552734375,107.46757507324219,2.050526017837353,0.61003074868916,0.0651959984463999,-0.9860509419009718,-0.5514879543656169,0.5514879543656169,0.00562156483859555,0.006484428733174991,0.7468588957792882,-0.03169213933188253,6.530983291089223,0.0,0.621031746031746,CVX,XOM
2024-07-05,141.67247009277344,106.1659164428711,2.050526017837353,0.61003074868916,0.05719648110313713,-1.9383369187214108,-0.9860509419009718,0.9860509419009718,-0.003346172722417773,0.006514006954890252,0.7457688137260325,-0.0350383120543003,6.632764944943879,0.0,0.626984126984127,CVX,XOM
2024-07-08,141.69082641601562,105.051513671875,2.050526017837353,0.61003074868916,0.06376325891245704,-1.032882056228007,-1.9383369187214108,1.9383369187214108,-0.007999517343262763,0.006392643072536202,0.7496939606562,-0.043037829397563065,6.79200437775213,1.0,0.5972222222222222,CVX,XOM
2024-07-09,140.45138549804688,103.89031982421875,2.050526017837353,0.61003074868916,0.061757831288320464,-1.21624792383265,-1.032882056228007,1.032882056228007,0.0065667778093199125,0.006556091414866331,0.7439038990206207,-0.03647105158824315,6.715773251864934,2.0,0.6309523809523809,CVX,XOM
2024-07-10,142.42532348632812,104.80802917480469,2.050526017837353,0.61003074868916,0.07034921812881523,-0.07098255086145397,-1.21624792383265,1.21624792383265,-0.00200542762413658,0.006331822827850971,0.7463715935214338,-0.03847647921237973,6.767860323684708,3.0,0.5912698412698413,CVX,XOM
2024-07-11,142.5446319580078,106.05353546142578,2.050526017837353,0.61003074868916,0.06397987832534602,-0.8485846153251229,-0.07098255086145397,0.07098255086145397,0.008591386840494764,0.006610943228733437,0.7468104187889234,-0.02988509237188497,6.503162924661328,0.0,0.625,CVX,XOM
2024-07-12,142.84764099121094,106.0722427368164,2.050526017837353,0.61003074868916,0.0659957389200807,-0.5503724288351401,-0.8485846153251229,0.8485846153251229,-0.0063693398034692095,0.00668928636259095,0.7402277682324735,-0.03625443217535418,6.5470032128551665,0.0,0.6626984126984127,CVX,XOM
2024-07-15,145.09698486328125,107.88897705078125,2.050526017837353,0.61003074868916,0.07125977240262937,0.184610903360882,-0.5503724288351401,0.5503724288351401,0.0020158605947346864,0.00650520398659996,0.7381016646970164,-0.03423857158061949,6.5589132161855135,0.0,0.6369047619047619,CVX,XOM
2024-07-16,144.84910583496094,108.6662368774414,2.050526017837353,0.61003074868916,0.06517088089733702,-0.5964370276829855,0.184610903360882,0.184610903360882,0.005264033482548669,0.006544970215518993,0.7470338809859028,-0.028974538098070823,6.309823365060558,0.0,0.6051587301587302,CVX,XOM
2024-07-17,148.0257110595703,110.1645736694336,2.050526017837353,0.61003074868916,0.07851040772643669,1.3222703002528144,-0.5964370276829855,0.5964370276829855,-0.006088891505292349,0.0066439631464482625,0.7456627939189572,-0.03506342960336317,6.592713794887652,0.0,0.6369047619047619,CVX,XOM
2024-07-18,148.7051239013672,111.2508544921875,2.050526017837353,0.61003074868916,0.07710397459523888,1.078990293619384,1.3222703002528144,1.3222703002528144,0.013339526829099668,0.007047268679003739,0.7470149015799904,-0.021723902774263504,6.565643680431757,1.0,0.6666666666666667,CVX,XOM
2024-07-19,146.1160888671875,108.69434356689453,2.050526017837353,0.61003074868916,0.07372199974019722,0.5506283333781847,1.078990293619384,1.078990293619384,-0.001406433131197815,0.006968766757815435,0.7468500542209501,-0.02313033590546132,6.554998865859784,2.0,0.6587301587301587,CVX,XOM
2024-07-22,144.1329803466797,107.9451675415039,2.050526017837353,0.61003074868916,0.06427610839441877,-0.8104295427230986,0.5506283333781847,0.5506283333781847,-0.0033819748550416584,0.006751094492993778,0.7577108602363766,-0.026512310760502977,6.526001860581615,0.0,0.5952380952380952,CVX,XOM
2024-07-23,141.470458984375,106.20335388183594,2.050526017837353,0.61003074868916,0.055554483088380735,-1.8680500539457634,-0.8104295427230986,0.8104295427230986,-0.009445891345778445,0.007011638816656934,0.7581546883531497,-0.03595820210628142,6.494224377164251,0.0,0.6190476190476191,CVX,XOM
2024-07-24,142.37020874023438,107.70169067382812,2.050526017837353,0.61003074868916,0.05334804458052478,-1.947282010959236,-1.8680500539457634,1.8680500539457634,-0.008721625306038039,0.006940258805379742,0.7674786950042891,-0.04467982741231946,6.5818829770212215,1.0,0.5793650793650793,CVX,XOM
2024-07-25,144.63792419433594,109.96791076660156,2.050526017837353,0.61003074868916,0.056447954745270756,-1.4426444565514451,-1.947282010959236,1.947282010959236,-0.0022064385078559567,0.006825336496314996,0.8175432867475856,-0.046463978747087076,6.838618683321338,2.0,0.3948412698412699,CVX,XOM
2024-07-26,144.91334533691406,109.87425994873047,2.050526017837353,0.61003074868916,0.05887009057118009,-1.0718039739335687,-1.4426444565514451,1.4426444565514451,0.003099910164745978,0.00595477790557392,0.8284724474047113,-0.0433640685823411,7.234111364556316,3.0,0.26587301587301587,CVX,XOM
2024-07-29,143.77491760253906,108.72241973876953,2.050526017837353,0.61003074868916,0.05741201628328829,-1.187850098416119,-1.0718039739335687,1.0718039739335687,0.002422135825909333,0.0059840350334711195,0.8412142939731212,-0.040941932756431765,6.847523889306522,4.0,0.25396825396825395,CVX,XOM
2024-07-30,146.50169372558594,110.66088104248047,2.050526017837353,0.61003074868916,0.06541931054586714,-0.21027056116626022,-1.187850098416119,1.187850098416119,-0.0014580742878917974,0.005990368377899814,0.8421873163606374,-0.04240000704432356,6.975968080208883,5.0,0.24603174603174605,CVX,XOM
2024-07-31,147.32798767089844,111.05419158935547,2.050526017837353,0.61003074868916,0.06887930548663368,0.2464970921057156,-0.21027056116626022,0.21027056116626022,0.008007294262578846,0.006245357188944626,0.8495047580413742,-0.034392712781744716,6.66771834433095,0.0,0.24801587301587302,CVX,XOM
2024-08-01,140.12086486816406,109.5184097290039,2.050526017837353,0.61003074868916,0.027218431211066818,-3.562041607464999,0.2464970921057156,0.2464970921057156,0.003459994940766542,0.006167518930923903,0.8493314734019071,-0.030932717840978174,6.377795574436425,0.0,0.24603174603174605,CVX,XOM
2024-08-02,136.38421630859375,109.4528579711914,2.050526017837353,0.61003074868916,0.0005543235758884713,-4.015865307094171,-3.562041607464999,3.562041607464999,-0.04166087427556686,0.010984280293000836,0.8050942403743682,-0.07259359211654504,6.816584911548937,1.0,0.623015873015873,CVX,XOM
2024-08-05,132.812744140625,107.47693634033203,2.050526017837353,0.61003074868916,-0.014868170715112594,-3.6214635833687403,-4.015865307094171,4.015865307094171,-0.026664107635178347,0.012189685618480845,0.7850244195460707,-0.09925769975172338,11.86746017987761,2.0,0.6865079365079365,CVX,XOM
2024-08-06,131.49986267089844,106.90570831298828,2.050526017837353,0.61003074868916,-0.021551668090912024,-3.148093598653232,-3.6214635833687403,3.6214635833687403,-0.015422494291001065,0.012283670223329567,0.7937973846714197,-0.11468019404272445,35.62616325752925,3.0,0.6587301587301587,CVX,XOM
2024-08-07,130.74705505371094,108.32910919189453,2.050526017837353,0.61003074868916,-0.03536158109592202,-2.9963353782155284,-3.148093598653232,3.148093598653232,-0.00668349737579943,0.012289304154934467,0.7865076238953881,-0.12136369141852388,98.93948274765974,4.0,0.6825396825396826,CVX,XOM
2024-08-08,132.6566925048828,110.39867401123047,2.050526017837353,0.61003074868916,-0.032405986054148794,-2.4793503537976584,-2.9963353782155284,2.9963353782155284,-0.01380991300501,0.012094888759961769,0.7764893893693937,-0.1276221859349631,98.93948274765974,5.0,0.7281746031746033,CVX,XOM
2024-08-09,133.1157684326172,111.29768371582031,2.050526017837353,0.61003074868916,-0.03389887571869865,-2.2179692363715953,-2.4793503537976584,2.4793503537976584,0.002955595041773229,0.012223176031341865,0.7836172174727521,-0.11950476917216468,252.0,6.0,0.6924603174603174,CVX,XOM
2024-08-12,133.14329528808594,111.43814086914062,2.050526017837353,0.61003074868916,-0.03446147882196904,-1.998096947058625,-2.2179692363715953,2.2179692363715953,-0.0014928896645498568,0.012148766835350261,0.788133879137828,-0.12099765883671454,252.0,7.0,0.6666666666666666,CVX,XOM
2024-08-13,132.34451293945312,110.37059020996094,2.050526017837353,0.61003074868916,-0.03460684601403008,-1.8141791018217521,-1.998096947058625,1.998096947058625,-0.0005626031032703871,0.011967779116877372,0.7918341795550811,-0.12156026193998493,252.0,8.0,0.6507936507936508,CVX,XOM
2024-08-14,132.8219451904297,111.39131927490234,2.050526017837353,0.61003074868916,-0.036621598935663524,-1.7015595265395804,-1.8141791018217521,1.8141791018217521,-0.0001453671920610411,0.012017842319462747,0.7926250908992568,-0.12170562913204597,195.23812492260535,9.0,0.6448412698412699,CVX,XOM
2024-08-15,134.7775115966797,112.08043670654297,2.050526017837353,0.61003074868916,-0.025768017950881905,-1.3433879209440185,-1.7015595265395804,1.7015595265395804,-0.0020147529216334448,0.01129092052292068,0.7901528590776635,-0.12372038205367941,218.26730895691193,10.0,0.6488095238095237,CVX,XOM
2024-08-16,135.2090301513672,111.55179595947266,2.050526017837353,0.61003074868916,-0.01968733243726284,-1.126187456505812,-1.3433879209440185,1.3433879209440185,0.010853580984781619,0.01183037720556819,0.787773596623738,-0.11286680106889779,50.13788911428456,11.0,0.6587301587301587,CVX,XOM
2024-08-19,136.3137969970703,111.89163970947266,2.050526017837353,0.61003074868916,-0.013405366156803211,-0.9222348138481377,-1.126187456505812,1.126187456505812,0.006080685513619066,0.012077997877430791,0.7830980248601236,-0.10678611555527873,50.687422283930076,12.0,0.6845238095238095,CVX,XOM
2024-08-20,134.32705688476562,108.16285705566406,2.050526017837353,0.61003074868916,-0.007411680811527432,-0.7368337002432225,-0.9222348138481377,0.9222348138481377,0.006281966280459628,0.012252231396864778,0.7789544792110972,-0.1005041492748191,37.733676558069845,0.0,0.7123015873015872,CVX,XOM
2024-08-21,134.9119415283203,107.4737548828125,2.050526017837353,0.61003074868916,0.0008319705383894593,-0.5068591334919775,-0.7368337002432225,0.7368337002432225,0.005993685345275779,0.012380801033646274,0.7770233967677043,-0.09451046392954332,32.4552638851817,0.0,0.7321428571428571,CVX,XOM
2024-08-22,135.2925567626953,108.30445098876953,2.050526017837353,0.61003074868916,-0.0010477666038841704,-0.5056638988000635,-0.5068591334919775,0.5068591334919775,0.008243651349916892,0.012627577142029906,0.7728070484683122,-0.08626681257962643,27.315930981285945,0.0,0.7599206349206349,CVX,XOM
2024-08-23,137.04721069335938,109.80541229248047,2.050526017837353,0.61003074868916,0.003441982775511221,-0.3606541629046254,-0.5056638988000635,0.5056638988000635,-0.0018797371422736298,0.012561144576072356,0.7709454564400906,-0.08814654972190006,33.97713232096792,0.0,0.7619047619047619,CVX,XOM
2024-08-26,137.86416625976562,112.15596008300781,2.050526017837353,0.61003074868916,-0.003535396410058844,-0.4758843356024638,-0.3606541629046254,0.3606541629046254,0.004489749379395391,0.012612716421796368,0.7719975830398477,-0.08365680034250467,31.417885133402464,0.0,0.7559523809523809,CVX,XOM
2024-08-27,136.42518615722656,111.0892333984375,2.050526017837353,0.61003074868916,-0.008198084351583201,-0.5388787914056855,-0.4758843356024638,0.4758843356024638,-0.006977379185570065,0.01264131035809383,0.7683096263622577,-0.09063417952807473,38.75773127190048,0.0,0.7738095238095237,CVX,XOM
2024-08-28,135.54324340820312,109.99420166015625,2.050526017837353,0.61003074868916,-0.008640688732487689,-0.49859112615208007,-0.5388787914056855,0.5388787914056855,-0.004662687941524357,0.012386346844311717,0.7539844443762624,-0.09363497517831831,45.39871962580554,0.0,0.8075396825396826,CVX,XOM
2024-08-29,136.8615264892578,111.5140380859375,2.050526017837353,0.61003074868916,-0.007333108573501335,-0.41350893136194483,-0.49859112615208007,0.49859112615208007,-0.0004426043809044877,0.012302773392587969,0.7360340869559662,-0.0940775795592228,46.626576963236545,0.0,0.875,CVX,XOM
2024-08-30,137.35357666015625,111.33468627929688,2.050526017837353,0.61003074868916,-0.0027623920382486844,-0.23690994445777563,-0.41350893136194483,0.41350893136194483,0.0013075801589863545,0.008757919312163695,0.7395519341758331,-0.09276999940023645,46.332409227093066,0.0,0.7698412698412698,CVX,XOM
2024-09-03,134.2991943359375,109.00301361083984,2.050526017837353,0.61003074868916,-0.012339240050077027,-0.45383859426945067,-0.23690994445777563,0.23690994445777563,0.00457071653525265,0.006719673512097254,0.7417752463926934,-0.0881992828649838,40.74815922711738,0.0,0.6349206349206349,CVX,XOM
2024-09-04,131.8946990966797,107.67198181152344,2.050526017837353,0.61003074868916,-0.022910557595734016,-0.7107243495942812,-0.45383859426945067,0.45383859426945067,-0.009576848011828343,0.006152939076072321,0.7527907931396407,-0.09777613087681214,50.816580381286656,0.0,0.5059523809523809,CVX,XOM
2024-09-05,130.83633422851562,106.83183288574219,2.050526017837353,0.61003074868916,-0.026188592898626517,-0.7567758906222749,-0.7107243495942812,0.7107243495942812,-0.010571317545656989,0.006420608415240193,0.765137734868285,-0.10834744842246913,76.09492591159153,0.0,0.48412698412698413,CVX,XOM
2024-09-06,128.63609313964844,106.3315200805664,2.050526017837353,0.61003074868916,-0.040284748495827305,-1.1427251066927495,-0.7567758906222749,0.7567758906222749,-0.0032780353028925013,0.005658627086533705,0.7661555744969019,-0.11162548372536163,90.11346163713804,0.0,0.4007936507936508,CVX,XOM
2024-09-09,130.25148010253906,108.56877136230469,2.050526017837353,0.61003074868916,-0.04050722849992461,-1.1071311377099675,-1.1427251066927495,1.1427251066927495,-0.014096155597200788,0.00644775430441237,0.7671986359299994,-0.12572163932256242,252.0,1.0,0.48611111111111105,CVX,XOM
2024-09-10,128.32972717285156,104.61343383789062,2.050526017837353,0.61003074868916,-0.03273196644543486,-0.8006871419723203,-1.1071311377099675,1.1071311377099675,-0.00022248000409730295,0.006442870935226127,0.7682051976902479,-0.12594411932665972,252.0,2.0,0.47817460317460314,CVX,XOM
2024-09-11,128.00479125976562,103.57505798339844,2.050526017837353,0.61003074868916,-0.02918190008558952,-0.6459399431790297,-0.8006871419723203,0.8006871419723203,0.007775262054489751,0.006679759917822039,0.7556849980975235,-0.11816885727216997,171.65411187275035,0.0,0.5595238095238095,CVX,XOM
2024-09-12,129.23953247070312,105.00048065185547,2.050526017837353,0.61003074868916,-0.027920203684451916,-0.6170949064320621,-0.6459399431790297,0.6459399431790297,0.0035500663598453386,0.006721769668287958,0.7554294340061689,-0.11461879091232463,118.87929844621846,0.0,0.5734126984126984,CVX,XOM
2024-09-13,130.53927612304688,104.92496490478516,2.050526017837353,0.61003074868916,-0.01747469068621532,0.15196770438216556,-0.6170949064320621,0.6170949064320621,0.001261696401137602,0.006703962208627701,0.7648899932275539,-0.11335709451118703,107.67782650628422,0.0,0.5317460317460317,CVX,XOM
2024-09-16,131.9132843017578,106.3975830078125,2.050526017837353,0.61003074868916,-0.015506302931742155,0.34863034278872407,0.15196770438216556,0.15196770438216556,0.010445512998236595,0.006672771004639796,0.7603616594670651,-0.10291158151295043,64.00411659815266,0.0,0.5376984126984127,CVX,XOM
2024-09-17,133.1387481689453,107.7852554321289,2.050526017837353,0.61003074868916,-0.014164054224331757,0.4488601800687789,0.34863034278872407,0.34863034278872407,0.0019683877544731665,0.006557370605331439,0.753354736163623,-0.10094319375847727,61.3335929651878,0.0,0.5476190476190476,CVX,XOM
2024-09-18,133.6493377685547,108.16285705566406,2.050526017837353,0.61003074868916,-0.0124697424514979,0.5521015059478404,0.4488601800687789,0.4488601800687789,0.0013422487074103984,0.006415473429000078,0.7547506608900428,-0.09960094505106687,58.961001045121535,0.0,0.5119047619047619,CVX,XOM
2024-09-19,134.6055908203125,109.50333404541016,2.050526017837353,0.61003074868916,-0.012854007379529797,0.47589657003577296,0.5521015059478404,0.5521015059478404,0.0016943117728338564,0.006280374175680195,0.7364379502032604,-0.0909801501779346,55.95540217534679,0.0,0.5813492063492063,CVX,XOM
2024-09-20,135.2461395263672,108.81421661376953,2.050526017837353,0.61003074868916,-0.0042554600130362275,1.0676902726251243,0.47589657003577296,0.47589657003577296,-0.0003842649280318966,0.0059706187597523795,0.7403483743795105,-0.09136441510596649,54.91176035417898,0.0,0.5317460317460317,CVX,XOM
2024-09-23,136.97293090820312,110.78716278076172,2.050526017837353,0.61003074868916,-0.00253010302294987,1.1250032096040006,1.0676902726251243,1.0676902726251243,0.00859854736649357,0.006293719914740662,0.741719117863708,-0.08276586773947292,48.386363869002295,1.0,0.5575396825396826,CVX,XOM
2024-09-24,136.88937377929688,110.49452209472656,2.050526017837353,0.61003074868916,-0.0015268074174912272,1.1291243615020912,1.1250032096040006,1.1250032096040006,0.0017253569900863575,0.0062200015633787,0.7467628602845718,-0.08104051074938656,46.33900193373146,2.0,0.5297619047619048,CVX,XOM
2024-09-25,133.6586151123047,108.34222412109375,2.050526017837353,0.61003074868916,-0.013411108812625194,0.14686417056407122,1.1291243615020912,1.1291243615020912,0.0010032956054586428,0.006031885027474958,0.7463196378737299,-0.08003721514392792,45.74093698489159,3.0,0.5138888888888888,CVX,XOM
2024-09-26,131.8204345703125,106.48255157470703,2.050526017837353,0.61003074868916,-0.016697393240511893,-0.18496654986750918,0.14686417056407122,0.14686417056407122,-0.011884301395133967,0.006503889762247512,0.7570298193993715,-0.09192151653906189,55.326051253689606,0.0,0.5059523809523809,CVX,XOM
2024-09-27,135.0697479248047,109.33341979980469,2.050526017837353,0.61003074868916,-0.008464355679923763,0.48009793869071354,-0.18496654986750918,0.18496654986750918,-0.0032862844278866987,0.006537310855074222,0.764579572547383,-0.09520780096694859,58.42962932127557,0.0,0.4821428571428572,CVX,XOM
2024-09-30,136.72227478027344,110.65502166748047,2.050526017837353,0.61003074868916,-0.0036337008723319464,0.8475079620294464,0.48009793869071354,0.48009793869071354,0.00823303756058813,0.006796996926198351,0.7784490847268284,-0.08697476340636046,48.84688516000948,0.0,0.44047619047619047,CVX,XOM
2024-10-01,138.97821044921875,113.21321868896484,2.050526017837353,0.61003074868916,-0.0012107637078142552,1.0039181379975486,0.8475079620294464,0.8475079620294464,0.0048306548075918165,0.006806075034724662,0.7778372264757814,-0.08214410859876864,45.55026062150589,0.0,0.4444444444444444,CVX,XOM
2024-10-02,140.13870239257812,114.71417999267578,2.050526017837353,0.61003074868916,-0.0009298006309657048,0.9959361246640313,1.0039181379975486,1.0039181379975486,0.002422937164517691,0.0064593094208931865,0.7886742434527136,-0.07972117143425095,44.73400560155037,1.0,0.31746031746031744,CVX,XOM
2024-10-03,140.4171905517578,115.71481323242188,2.050526017837353,0.61003074868916,-0.004242665905383802,0.7424329293328102,0.9959361246640313,0.9959361246640313,0.0002809630768485505,0.005936388695764585,0.7886896382672681,-0.0794402083574024,47.04089473638192,0.0,0.24404761904761907,CVX,XOM
2024-10-04,139.9437255859375,117.83879852294922,2.050526017837353,0.61003074868916,-0.018716007923635036,-0.44330396758615404,0.7424329293328102,0.7424329293328102,-0.0033128652744180975,0.00593767746716273,0.7880639765791078,-0.0827530736318205,49.567713436375016,0.0,0.24801587301587302,CVX,XOM
2024-10-07,140.2965087890625,118.34856414794922,2.050526017837353,0.61003074868916,-0.01883156214802595,-0.4034247777475978,-0.44330396758615404,0.44330396758615404,-0.014473342018251234,0.005986305027827817,0.777158106241776,-0.09722641565007173,61.91528162067073,0.0,0.3234126984126984,CVX,XOM
2024-10-08,138.0962677001953,115.20506286621094,2.050526017837353,0.61003074868916,-0.01821629350830678,-0.30923619996949886,-0.4034247777475978,0.4034247777475978,-0.00011555422439091245,0.005985188451728436,0.7778888043325891,-0.09734196987446264,62.36594658352209,0.0,0.31547619047619047,CVX,XOM
2024-10-09,138.93179321289062,115.25225067138672,2.050526017837353,0.61003074868916,-0.012434027539390602,0.22885710743312382,-0.30923619996949886,0.30923619996949886,0.0006152686397191687,0.0057850235915083365,0.7764084958746179,-0.09672670123474347,61.717960887117044,0.0,0.31547619047619047,CVX,XOM
2024-10-10,139.8323211669922,116.24345397949219,2.050526017837353,0.61003074868916,-0.011197157281376935,0.3505842861263599,0.22885710743312382,0.22885710743312382,0.005782265968916178,0.005859489158458433,0.7761632599164622,-0.0909444352658273,53.7720885283926,0.0,0.31746031746031744,CVX,XOM
2024-10-11,140.57501220703125,116.68712615966797,2.050526017837353,0.61003074868916,-0.008223817781568332,0.6263360661941639,0.3505842861263599,0.3505842861263599,0.001236870258013667,0.005859401769291681,0.7755471421094523,-0.08830113187661581,50.192390349872056,0.0,0.3214285714285714,CVX,XOM
2024-10-14,140.90927124023438,117.13080596923828,2.050526017837353,0.61003074868916,-0.008163965041227073,0.6580191413605744,0.6263360661941639,0.6263360661941639,0.0029733394998086027,0.005459340021648383,0.7748512990288106,-0.08194581752176555,46.627271236177286,0.0,0.28968253968253965,CVX,XOM
2024-10-15,137.14930725097656,113.60971069335938,2.050526017837353,0.61003074868916,-0.016590458235245187,-0.1124555060497683,0.6580191413605744,0.6580191413605744,5.985274034125965e-05,0.0054488546394080555,0.7684448132645384,-0.07704327052786075,44.564173247593665,0.0,0.3214285714285714,CVX,XOM
2024-10-16,138.07769775390625,113.90234375,2.050526017837353,0.61003074868916,-0.011413352436843383,0.3359698380023949,-0.1124555060497683,0.1124555060497683,-0.008426493194018114,0.005768039606521345,0.7827191725732972,-0.08546976372187887,44.54272358654228,0.0,0.24801587301587302,CVX,XOM
2024-10-17,140.3708038330078,113.60971069335938,2.050526017837353,0.61003074868916,0.006626895485566386,1.8428953439805005,0.3359698380023949,0.3359698380023949,0.005177105798401804,0.005871864797235697,0.776188245215656,-0.08029265792347706,33.285761308234875,0.0,0.3134920634920635,CVX,XOM
2024-10-18,139.95301818847656,113.28874969482422,2.050526017837353,0.61003074868916,0.005372006067049462,1.6852476040209723,1.8428953439805005,1.8428953439805005,0.01804024792240977,0.007056767420988871,0.7606728982834492,-0.06225241000106729,29.971135832744547,1.0,0.5714285714285714,CVX,XOM
2024-10-21,140.07373046875,113.35482788085938,2.050526017837353,0.61003074868916,0.005878444041245601,1.729957229448151,1.6852476040209723,1.6852476040209723,-0.0012548894185169246,0.006848138188527143,0.7545074884704058,-0.06350729941958422,39.99148217492578,2.0,0.5734126984126984,CVX,XOM
2024-10-22,140.11083984375,113.94010162353516,2.050526017837353,0.61003074868916,0.0030017285354739798,1.393754883825108,1.729957229448151,1.729957229448151,0.0005064379741961389,0.006842217395082404,0.754994295438344,-0.06300086144538808,38.87240314538206,3.0,0.5654761904761905,CVX,XOM
2024-10-23,139.70236206054688,113.53418731689453,2.050526017837353,0.61003074868916,0.0022592095217972563,1.2685460414897065,1.393754883825108,1.393754883825108,-0.002876715505771621,0.006877853840236987,0.7532814944542383,-0.0658775769511597,36.97074357513255,4.0,0.5873015873015873,CVX,XOM
2024-10-24,139.6745147705078,112.89225769042969,2.050526017837353,0.61003074868916,0.0055187976829196295,1.5979381115785565,1.2685460414897065,1.2685460414897065,-0.0007425190136767235,0.006301426909229767,0.7464860898053132,-0.06662009596483642,37.212862978426955,5.0,0.5178571428571428,CVX,XOM
2024-10-25,140.00872802734375,112.7978744506836,2.050526017837353,0.61003074868916,0.008418967780572828,1.790318456869035,1.5979381115785565,1.5979381115785565,0.003259588161122373,0.006251339289961182,0.7449237355090119,-0.02169963352814719,32.93450735077199,6.0,0.5238095238095238,CVX,XOM
2024-10-28,139.75804138183594,112.24092102050781,2.050526017837353,0.61003074868916,0.009646418649110977,1.7691568577471548,1.790318456869035,1.790318456869035,0.0029001700976531986,0.006052431593538437,0.7826981476622474,0.0,30.038271493171596,7.0,0.26785714285714285,CVX,XOM
2024-10-29,137.88275146484375,110.7116470336914,2.050526017837353,0.61003074868916,0.004506228688036185,1.102591255912757,1.7691568577471548,1.7691568577471548,0.0012274508685381491,0.005984330478350134,0.8169233690422381,0.0,29.39688559417516,8.0,0.13095238095238096,CVX,XOM
2024-10-30,137.4464111328125,110.15469360351562,2.050526017837353,0.61003074868916,0.004413242416679619,1.021450651563167,1.102591255912757,1.102591255912757,-0.0051401899610747925,0.006099094328002395,0.8187657867664222,-0.0051401899610747925,27.335907638638602,9.0,0.1488095238095238,CVX,XOM
2024-10-31,138.16123962402344,110.23963928222656,2.050526017837353,0.61003074868916,0.009130301377346495,1.441340838721006,1.021450651563167,1.021450651563167,-9.298627135656545e-05,0.006099653815118484,0.8200928489631197,-0.005233176232431358,25.1269798562142,10.0,0.15079365079365079,CVX,XOM
2024-11-01,142.10687255859375,108.51213836669922,2.050526017837353,0.61003074868916,0.04692342041977726,3.8286493696370476,1.441340838721006,1.441340838721006,0.004717058960666876,0.006115049856505476,0.8371353617620115,-0.0005161172717644824,26.19504258302158,11.0,0.1507936507936508,CVX,XOM
2024-11-04,142.94239807128906,111.96714782714844,2.050526017837353,0.61003074868916,0.0336652837174527,2.4138765553136734,3.8286493696370476,3.8286493696370476,0.03779311904243077,0.009381455105056386,0.7349799158320782,0.0,25.424085724176834,12.0,0.8492063492063492,CVX,XOM
2024-11-05,142.42251586914062,112.29755401611328,2.050526017837353,0.61003074868916,0.028224147230969887,1.8462468590208685,2.4138765553136734,2.4138765553136734,-0.013258136702324563,0.010034016195357242,0.7192991345776577,-0.013258136702324563,25.849916880947365,13.0,0.875,CVX,XOM
2024-11-06,146.423828125,114.22331237792969,2.050526017837353,0.61003074868916,0.04555883698766472,2.547847498074976,1.8462468590208685,1.8462468590208685,-0.0054411364864828116,0.0101804156237052,0.7167372269088836,-0.018699273188807375,24.915547980549466,14.0,0.8809523809523809,CVX,XOM
2024-11-07,145.54188537597656,114.36489868164062,2.050526017837353,0.61003074868916,0.03876170587139516,1.9448161131341735,2.547847498074976,2.547847498074976,0.017334689756694832,0.010676027408763611,0.7195003099135383,-0.0013645834321125427,24.63462233089521,15.0,0.875,CVX,XOM
2024-11-08,145.69036865234375,114.32714080810547,2.050526017837353,0.61003074868916,0.039982832256757916,1.8240832032321794,1.9448161131341735,1.9448161131341735,-0.006797131116269561,0.010880226524426865,0.7170172723004409,-0.008161714548382104,24.714807192690614,16.0,0.8829365079365079,CVX,XOM
2024-11-11,145.2911834716797,113.72298431396484,2.050526017837353,0.61003074868916,0.04047134296746879,1.6894832472725723,1.8240832032321794,1.8240832032321794,0.0012211263853627585,0.010883100043886236,0.7180462694547214,-0.0069405881630193456,25.15396648822835,17.0,0.8829365079365079,CVX,XOM
2024-11-12,144.1678466796875,113.60971069335938,2.050526017837353,0.61003074868916,0.03331759815752999,1.2404840369427164,1.6894832472725723,1.6894832472725723,0.0004885107107108766,0.010878871236965562,0.720578021372079,-0.006452077452308469,25.50704068895558,18.0,0.8690476190476191,CVX,XOM
2024-11-13,147.35220336914062,114.66697692871094,2.050526017837353,0.61003074868916,0.049514267837009296,1.84254987034184,1.2404840369427164,1.2404840369427164,-0.0071537448099388,0.01081872455439235,0.7186890288438552,-0.013605822262247269,23.504587081692616,19.0,0.876984126984127,CVX,XOM
2024-11-14,150.21160888671875,114.74311065673828,2.050526017837353,0.61003074868916,0.06832873268619766,2.357299460905546,1.84254987034184,1.84254987034184,0.016196669679479303,0.011214628087832516,0.7072959847664667,0.0,22.695126647201874,20.0,0.9027777777777778,CVX,XOM
2024-11-15,149.8588409423828,113.55342864990234,2.050526017837353,0.61003074868916,0.07233544906424116,2.245806356422815,2.357299460905546,2.357299460905546,0.01881446484918836,0.011267528822555667,0.6978515816058413,0.0,24.34486366108445,21.0,0.9107142857142858,CVX,XOM
2024-11-18,150.76853942871094,114.50517272949219,2.050526017837353,0.61003074868916,0.07329582446568628,2.0626760416537016,2.245806356422815,2.245806356422815,0.004006716378043507,0.01122446846139848,0.6986249121123626,0.0,27.081570737395804,22.0,0.9087301587301587,CVX,XOM
2024-11-19,149.6806182861328,112.90624237060547,2.050526017837353,0.61003074868916,0.07463222531152036,1.927770710225972,2.0626760416537016,2.0626760416537016,0.0009603754014451127,0.01121915696932215,0.6948990490366604,0.0,25.574350121396556,23.0,0.9107142857142858,CVX,XOM
2024-11-20,151.30313110351562,114.51469421386719,2.050526017837353,0.61003074868916,0.07678460641641571,1.832752438833985,1.927770710225972,1.927770710225972,0.0013364008458340848,0.011139140211234716,0.7031713029158292,0.0,23.725359026897817,24.0,0.9027777777777778,CVX,XOM
2024-11-21,151.58445739746094,116.0470199584961,2.050526017837353,0.61003074868916,0.07053352062084972,1.499389673414536,1.832752438833985,1.832752438833985,0.002152381104895351,0.011100754404881908,0.7035319742263767,0.0,29.47304745458835,25.0,0.9007936507936508,CVX,XOM
2024-11-22,152.2690887451172,115.91377258300781,2.050526017837353,0.61003074868916,0.07574070404449529,1.5554254403193815,1.499389673414536,1.499389673414536,-0.0062510857955659915,0.011312254759714636,0.6958389374810227,-0.0062510857955659915,27.143572192885348,26.0,0.9206349206349206,CVX,XOM
2024-11-25,150.39340209960938,114.18157958984375,2.050526017837353,0.61003074868916,0.07253095223061523,1.3513279617836162,1.5554254403193815,1.5554254403193815,0.005207183423645567,0.011319851652829269,0.6921271310778627,-0.0010439023719204243,32.0705424373741,27.0,0.9246031746031746,CVX,XOM
2024-11-26,152.4285125732422,112.27808380126953,2.050526017837353,0.61003074868916,0.09622753647662607,1.98048936878274,1.3513279617836162,1.3513279617836162,-0.0032097518138800574,0.01140277220767948,0.6997931033802262,-0.004253654185800482,30.517998898490244,28.0,0.9166666666666667,CVX,XOM
2024-11-27,152.0346221923828,111.98303985595703,2.050526017837353,0.61003074868916,0.09524523937228668,1.8039812134891093,1.98048936878274,1.98048936878274,0.023696584246010843,0.012067837721735015,0.6473029021682981,0.0,38.37652605187866,29.0,0.9484126984126984,CVX,XOM
2024-11-29,151.86582946777344,112.26856994628906,2.050526017837353,0.61003074868916,0.09258094350528179,1.5843477594756161,1.8039812134891093,1.8039812134891093,-0.0009822971043393913,0.01208662016093092,0.6411910265727042,-0.0009822971043393913,36.86569742326336,30.0,0.9543650793650793,CVX,XOM
2024-12-02,152.12841796875,112.16387176513672,2.050526017837353,0.61003074868916,0.09487769371374188,1.5355345155887181,1.5843477594756161,1.5843477594756161,-0.0026642958670048955,0.012187899050882195,0.6367055474658646,-0.003646592971344287,33.924649035996914,31.0,0.9583333333333333,CVX,XOM
2024-12-03,151.8564453125,111.9925537109375,2.050526017837353,0.61003074868916,0.09402077794111996,1.40593454671261,1.5355345155887181,1.5355345155887181,0.0022967502084600966,0.009436823478467858,0.642006632262882,-0.0013498427628841903,40.11704163411323,32.0,0.8948412698412699,CVX,XOM
2024-12-04,148.48019409179688,108.76612854003906,2.050526017837353,0.61003074868916,0.08936939153332979,1.1854109504598376,1.40593454671261,1.40593454671261,-0.0008569157726219245,0.008771744966959375,0.6359970508828535,-0.0022067585355061148,42.23811202513596,33.0,0.8452380952380952,CVX,XOM
2024-12-05,149.4274139404297,109.24199676513672,2.050526017837353,0.61003074868916,0.09306540978255917,1.2262977398000119,1.1854109504598376,1.1854109504598376,-0.00465138640779017,0.008735278655163142,0.6495934555914705,-0.006858144943296285,37.46074165880107,34.0,0.8214285714285714,CVX,XOM
2024-12-06,145.59161376953125,108.09038543701172,2.050526017837353,0.61003074868916,0.07352517802913772,0.5523015105903033,1.2262977398000119,1.2262977398000119,0.0036960182492293825,0.00810359262212966,0.648751574014852,-0.0031621266940669024,36.553263374293486,35.0,0.7956349206349207,CVX,XOM
2024-12-09,147.31724548339844,107.45270538330078,2.050526017837353,0.61003074868916,0.08891757436580106,1.001868956475741,0.5523015105903033,0.5523015105903033,-0.019540231753421455,0.009223347294738143,0.6451803429037256,-0.022702358447488358,28.796258937487167,0.0,0.8849206349206349,CVX,XOM
2024-12-10,147.24220275878906,107.23380279541016,2.050526017837353,0.61003074868916,0.08965207106904183,0.9703519736660478,1.001868956475741,1.001868956475741,0.015392396336663339,0.009688993555272255,0.6366626740215294,-0.007309962110825019,31.02275175725393,1.0,0.8968253968253969,CVX,XOM
2024-12-11,146.50132751464844,106.51998138427734,2.050526017837353,0.61003074868916,0.08868204943292124,0.8917578651859617,0.9703519736660478,0.9703519736660478,0.0007344967032407723,0.009686655804271728,0.6327179252784728,-0.006575465407584247,32.851476495670454,0.0,0.8988095238095238,CVX,XOM
2024-12-12,145.0945587158203,106.4248046875,2.050526017837353,0.61003074868916,0.0795785308280772,0.49957151832136876,0.8917578651859617,0.8917578651859617,-0.0009700216361205882,0.009471185163843602,0.6312946133847859,-0.007545487043704835,29.820164564993895,0.0,0.8988095238095237,CVX,XOM
2024-12-13,144.3067626953125,105.4920883178711,2.050526017837353,0.61003074868916,0.07950413112832111,0.44539546203896363,0.49957151832136876,0.49957151832136876,-0.00910351860484404,0.009280832500994332,0.6270525057306136,-0.016649005648548876,28.958350629176618,0.0,0.8948412698412698,CVX,XOM
2024-12-16,140.07705688476562,103.23644256591797,2.050526017837353,0.61003074868916,0.06294070835344145,-0.35046285924169035,0.44539546203896363,0.44539546203896363,-7.439969975608918e-05,0.008389418945692924,0.6276667584101049,-0.016723405348304965,35.0519259957755,0.0,0.8115079365079365,CVX,XOM
2024-12-17,138.90475463867188,102.79864501953125,2.050526017837353,0.61003074868916,0.05712898528949584,-0.6914956629097774,-0.35046285924169035,0.35046285924169035,-0.016563422774879655,0.009131734834296823,0.6530438844340696,-0.03328682812318462,28.998191726920002,0.0,0.8472222222222223,CVX,XOM
2024-12-18,135.12521362304688,101.28536224365234,2.050526017837353,0.61003074868916,0.038589283329522495,-1.6751319448720117,-0.6914956629097774,0.6914956629097774,-0.0058117230639456174,0.009197744693516488,0.645640635038522,-0.03909855118713024,27.88496890547253,0.0,0.8591269841269842,CVX,XOM
2024-12-19,132.37730407714844,100.41925811767578,2.050526017837353,0.61003074868916,0.023282518322527146,-2.261601619893645,-1.6751319448720117,1.6751319448720117,-0.018539701959973343,0.009954944453882363,0.6528347945580357,-0.05763825314710358,24.73717873548483,1.0,0.8670634920634921,CVX,XOM
2024-12-20,133.9716796875,100.76190185546875,2.050526017837353,0.61003074868916,0.03317677871760161,-1.7560797840561266,-2.261601619893645,2.261601619893645,-0.015306765006995349,0.010328392188457755,0.6374428680319338,-0.07294501815409893,22.87977822614938,2.0,0.8948412698412698,CVX,XOM
2024-12-23,134.08421325683594,101.17115020751953,2.050526017837353,0.61003074868916,0.0315437609717919,-1.781626775665627,-1.7560797840561266,1.7560797840561266,0.009894260395074461,0.010643498913310725,0.6292736331007529,-0.06305075775902447,23.123464101960845,3.0,0.9087301587301587,CVX,XOM
2024-12-24,134.90013122558594,101.26632690429688,2.050526017837353,0.61003074868916,0.0370368209759917,-1.512459284949265,-1.781626775665627,1.781626775665627,-0.0016330177458097062,0.010519841228688476,0.6006498995726315,-0.06468377550483417,24.136406390390825,4.0,0.9246031746031746,CVX,XOM
2024-12-26,135.03143310546875,101.35197448730469,2.050526017837353,0.61003074868916,0.037493949149533634,-1.513315070288215,-1.512459284949265,1.512459284949265,0.005493060004199801,0.010648683515373809,0.5931715996384596,-0.05919071550063437,23.29288987288997,5.0,0.9265873015873016,CVX,XOM
2024-12-27,135.05018615722656,101.34246826171875,2.050526017837353,0.61003074868916,0.03769003868373133,-1.4541782767733602,-1.513315070288215,1.513315070288215,0.0004571281735419319,0.008936106610574866,0.5756500085933882,-0.05873358732709244,23.442101084750025,6.0,0.8571428571428572,CVX,XOM
2024-12-30,134.17799377441406,100.6572036743164,2.050526017837353,0.61003074868916,0.03534976822809721,-1.454162354551696,-1.4541782767733602,1.4541782767733602,0.00019608953419769648,0.008952667837901421,0.5703841653016795,-0.058537497792894744,22.066042698370126,7.0,0.8571428571428572,CVX,XOM
2024-12-31,135.8379669189453,102.37987518310547,2.050526017837353,0.61003074868916,0.037293412981241225,-1.2816723727288952,-1.454162354551696,1.454162354551696,-0.002340270455634119,0.008953332638713554,0.5731137099207534,-0.06087776824852886,22.772881891863197,8.0,0.8551587301587302,CVX,XOM
2025-01-02,137.59178161621094,102.13241577148438,2.050526017837353,0.61003074868916,0.05159812673817221,-0.6437128581304661,-1.2816723727288952,1.2816723727288952,0.0019436447531440137,0.008943486182697018,0.6088238714292386,-0.05893412349538485,22.356606225975483,9.0,0.8432539682539683,CVX,XOM
2025-01-03,138.66091918945312,102.65587615966797,2.050526017837353,0.61003074868916,0.05621984007747116,-0.4236739602063266,-0.6437128581304661,0.6437128581304661,0.014304713756930987,0.00969387135165264,0.6025787863520278,-0.04462940973845386,22.089884890543768,0.0,0.8968253968253967,CVX,XOM
2025-01-06,138.10755920410156,102.54167938232422,2.050526017837353,0.61003074868916,0.052900103674564214,-0.5285192258522394,-0.4236739602063266,0.4236739602063266,0.0046217133392989496,0.009783115820105657,0.5908301580780797,-0.04000769639915491,23.565219510217457,0.0,0.9007936507936508,CVX,XOM
2025-01-07,140.29275512695312,103.50293731689453,2.050526017837353,0.61003074868916,0.06290667265295191,-0.09964474080818822,-0.5285192258522394,0.5285192258522394,-0.0033197364029069476,0.009710379110073317,0.5894194141037311,-0.04332743280206186,20.96657001788499,0.0,0.8988095238095238,CVX,XOM
2025-01-08,140.95864868164062,101.770751953125,2.050526017837353,0.61003074868916,0.07793753520637958,0.525217852378951,-0.09964474080818822,0.09964474080818822,0.010006568978387698,0.00916287338361995,0.596273221225923,-0.03332086382367416,22.04475706705491,0.0,0.871031746031746,CVX,XOM
2025-01-10,143.6221160888672,101.39956665039062,2.050526017837353,0.61003074868916,0.09888562970308312,1.323657686465145,0.525217852378951,0.525217852378951,0.01503086255342767,0.009131745470675932,0.5750757512949694,-0.018290001270246492,25.245681822891186,0.0,0.876984126984127,CVX,XOM
2025-01-13,145.69476318359375,104.01688385009766,2.050526017837353,0.61003074868916,0.09766746762119372,1.2692491629336364,1.323657686465145,1.323657686465145,0.02094809449670354,0.010266021179611569,0.5612293668513882,0.0,37.09471838377476,1.0,0.9186507936507937,CVX,XOM
2025-01-14,147.1484375,104.42613983154297,2.050526017837353,0.61003074868916,0.10520008806352932,1.5326700004773957,1.2692491629336364,1.2692491629336364,-0.0012181620818894068,0.010267893740537501,0.5270607830592693,-0.0012181620818894068,40.922321268417576,2.0,0.9186507936507937,CVX,XOM
2025-01-15,148.48956298828125,106.12976837158203,2.050526017837353,0.61003074868916,0.10440105185139359,1.4568563994636212,1.5326700004773957,1.5326700004773957,0.0075326204423356025,0.010133293724947888,0.5284403474103861,0.0,51.6125777238414,3.0,0.9107142857142857,CVX,XOM
2025-01-16,149.47430419921875,105.94894409179688,2.050526017837353,0.61003074868916,0.11205113780441289,1.680628464721008,1.4568563994636212,1.4568563994636212,-0.0007990362121357286,0.010139369148419133,0.5427406221218231,-0.0007990362121357286,49.74174500692693,4.0,0.9087301587301587,CVX,XOM
2025-01-17,151.43441772460938,106.90069580078125,2.050526017837353,0.61003074868916,0.11962377286119796,1.8490804379738626,1.680628464721008,1.680628464721008,0.007650085953019303,0.009356051770536174,0.5410486973966506,0.0,62.377335636623265,5.0,0.878968253968254,CVX,XOM
2025-01-21,148.40518188476562,106.09170532226562,2.050526017837353,0.61003074868916,0.10405145198722687,1.2467046847822707,1.8490804379738626,1.8490804379738626,0.007572635056785071,0.009218444992924912,0.5481926780795765,0.0,91.37433045443244,6.0,0.8690476190476191,CVX,XOM
2025-01-22,146.6888885498047,104.24530029296875,2.050526017837353,0.61003074868916,0.10312950548773614,1.1876007622010012,1.2467046847822707,1.2467046847822707,-0.01557232087397109,0.008886468189899872,0.5524658290913776,-0.01557232087397109,45.60779322538306,7.0,0.8095238095238095,CVX,XOM
2025-01-23,146.31375122070312,104.83538818359375,2.050526017837353,0.61003074868916,0.0971254772198753,0.9353820178666925,1.1876007622010012,1.1876007622010012,-0.0009219464994907334,0.007878537226132229,0.5620455000991641,-0.016494267373461824,43.661527527423054,8.0,0.7559523809523809,CVX,XOM
2025-01-24,145.9761199951172,103.41728210449219,2.050526017837353,0.61003074868916,0.10312341992081464,1.1102167905609486,0.9353820178666925,0.9353820178666925,-0.006004028267860839,0.008043271129049663,0.5571986523710947,-0.022498295641322663,70.55742340448121,0.0,0.7658730158730158,CVX,XOM
2025-01-27,147.4579315185547,104.85442352294922,2.050526017837353,0.61003074868916,0.10480434993338417,1.132843238703067,1.1102167905609486,1.1102167905609486,0.0059979427009393405,0.007985869401754305,0.5556715109986908,-0.016500352940383323,89.04943704918367,1.0,0.7638888888888888,CVX,XOM
2025-01-28,146.50132751464844,102.82719421386719,2.050526017837353,0.61003074868916,0.11020560145513336,1.2616926903039403,1.132843238703067,1.132843238703067,0.001680930012569526,0.007983403094070534,0.5609079115771447,-0.014819422927813797,76.54781177586585,2.0,0.7579365079365079,CVX,XOM
2025-01-29,146.01364135742188,103.42679595947266,2.050526017837353,0.61003074868916,0.10332430747401267,0.9937537738514843,1.2616926903039403,1.2616926903039403,0.005401251521749195,0.007965336562510972,0.5536861824523396,-0.009418171406064602,78.53326121285288,3.0,0.7599206349206349,CVX,XOM
2025-01-30,146.6044921875,104.28337860107422,2.050526017837353,0.61003074868916,0.10233120842846954,0.9240399031064583,0.9937537738514843,0.9937537738514843,-0.006881293981120695,0.008261966605776874,0.546990132413401,-0.016299465387185297,48.94583965781859,0.0,0.7718253968253967,CVX,XOM
2025-01-31,139.91761779785156,101.67558288574219,2.050526017837353,0.61003074868916,0.07109549076039734,-0.07897417433976754,0.9240399031064583,0.9240399031064583,-0.0009930990455431221,0.00822124813889026,0.5467862806724049,-0.01729256443272842,48.63288838825176,0.0,0.7698412698412698,CVX,XOM
2025-02-03,140.0583038330078,101.92302703857422,2.050526017837353,0.61003074868916,0.07061767155899856,-0.10904245965547997,-0.07897417433976754,0.07897417433976754,-0.031235717668072205,0.011159900012978658,0.662624908443726,-0.048528282100800624,29.078630989235634,0.0,0.8273809523809523,CVX,XOM
2025-02-04,143.69717407226562,104.65454864501953,2.050526017837353,0.61003074868916,0.0801335106476353,0.15482342530863497,-0.10904245965547997,0.10904245965547997,-0.000477819201398777,0.010783118079583825,0.6884002178564571,-0.0490061013021994,28.104460730683613,0.0,0.8015873015873016,CVX,XOM
2025-02-05,143.48146057128906,104.57841491699219,2.050526017837353,0.61003074868916,0.07907516000428849,0.06246140788045956,0.15482342530863497,0.15482342530863497,0.009515839088636735,0.01091832780692121,0.7128752332498594,-0.039490262213562666,28.989476208444447,0.0,0.7777777777777778,CVX,XOM
2025-02-06,142.45921325683594,103.19837188720703,2.050526017837353,0.61003074868916,0.08002877039043854,0.04322307865849249,0.06246140788045956,0.06246140788045956,-0.001058350643346806,0.010882632038254741,0.697584654826978,-0.04054861285690947,27.373865541508138,0.0,0.7976190476190477,CVX,XOM
2025-02-07,143.1344451904297,103.63619232177734,2.050526017837353,0.61003074868916,0.08217481022312922,0.06294748973123014,0.04322307865849249,0.04322307865849249,0.00095361038615005,0.010698153856616856,0.7018702429784729,-0.03959500247075942,30.422582692234446,0.0,0.7797619047619048,CVX,XOM
2025-02-10,146.0886688232422,105.61583709716797,2.050526017837353,0.61003074868916,0.09106137438710604,0.3478448418179674,0.06294748973123014,0.06294748973123014,0.0021460398326906827,0.010201590962268109,0.7026792437739895,-0.03744896263806874,32.37038081677575,0.0,0.7619047619047619,CVX,XOM
2025-02-11,147.6548614501953,106.28205871582031,2.050526017837353,0.61003074868916,0.09788917921680262,0.5684054042907609,0.3478448418179674,0.3478448418179674,0.008886564163976818,0.00927209334304331,0.7152452903349776,-0.02856239847409192,36.994057741632474,0.0,0.7063492063492063,CVX,XOM
2025-02-12,145.27273559570312,103.0843734741211,2.050526017837353,0.61003074868916,0.10026019012884468,0.6187426560123821,0.5684054042907609,0.5684054042907609,0.006827804829696582,0.009401137670350687,0.7196854684451777,-0.02173459364439534,42.44272406304084,0.0,0.6944444444444444,CVX,XOM
2025-02-13,146.1918487548828,103.83338165283203,2.050526017837353,0.61003074868916,0.10215063012478165,0.6614832974447858,0.6187426560123821,0.6187426560123821,0.0023710109120420597,0.009260916369819435,0.7207152416483228,-0.01936358273235328,47.77427541895731,0.0,0.6746031746031746,CVX,XOM
2025-02-14,147.30128479003906,103.93900299072266,2.050526017837353,0.61003074868916,0.10909066437120263,0.9830144219325411,0.6614832974447858,0.6614832974447858,0.0018904399959369655,0.009271444478528144,0.7305020598150372,-0.017473142736416314,47.746143776220364,0.0,0.6666666666666667,CVX,XOM
2025-02-18,148.078857421875,105.76351928710938,2.050526017837353,0.61003074868916,0.1037401609373374,0.6463615047172085,0.9830144219325411,0.9830144219325411,0.0069400342464209785,0.009242967365439132,0.7316843351858948,-0.010533108489995335,56.437479472932075,0.0,0.6567460317460317,CVX,XOM
2025-02-19,149.09347534179688,105.91716003417969,2.050526017837353,0.61003074868916,0.10968313162093457,0.9573493410510416,0.6463615047172085,0.6463615047172085,-0.005350503433865228,0.009131691418965207,0.725976476550421,-0.015883611923860563,46.3976985087679,0.0,0.6527777777777777,CVX,XOM
2025-02-20,150.57272338867188,107.54959106445312,2.050526017837353,0.61003074868916,0.11022556804529415,0.9818418309568517,0.9573493410510416,0.9573493410510416,0.005942970683597171,0.008577896455952328,0.7249474007748962,-0.009940641240263393,47.57597262943217,0.0,0.5873015873015872,CVX,XOM
2025-02-21,148.79953002929688,106.29166412353516,2.050526017837353,0.61003074868916,0.10555648006253371,0.6070501108751988,0.9818418309568517,0.9818418309568517,0.0005424364243595825,0.008573559615734692,0.7239019343388909,-0.00939820481590381,46.68648246950756,0.0,0.5873015873015872,CVX,XOM
2025-02-24,149.71932983398438,106.84860229492188,2.050526017837353,0.61003074868916,0.10853087982350562,0.7882413160496401,0.6070501108751988,0.6070501108751988,-0.004669087982760445,0.008528874871825166,0.7329287405491866,-0.014067292798664255,42.966319653258005,0.0,0.5654761904761905,CVX,XOM
2025-02-25,148.3253936767578,105.36979675292969,2.050526017837353,0.61003074868916,0.10767885477129235,0.688737462010674,0.7882413160496401,0.7882413160496401,0.002974399760971913,0.008455169803723692,0.7347356825759316,-0.011092893037692342,46.61242094813134,0.0,0.5595238095238095,CVX,XOM
2025-02-26,147.1116485595703,105.11053466796875,2.050526017837353,0.61003074868916,0.10096502951739073,0.13437043298166315,0.688737462010674,0.688737462010674,-0.0008520250522132677,0.008452062592661224,0.7328646049589926,-0.01194491808990561,40.515989985533835,0.0,0.5615079365079365,CVX,XOM
2025-02-27,148.5624542236328,105.77310943603516,2.050526017837353,0.61003074868916,0.10694533337360435,0.6138786407888708,0.13437043298166315,0.13437043298166315,-0.0067138252539016285,0.008487617166673815,0.7710548084242093,-0.018658743343807238,32.330193648144174,0.0,0.39087301587301587,CVX,XOM
2025-02-28,150.41152954101562,106.90621948242188,2.050526017837353,0.61003074868916,0.1128146755255921,1.049297094131666,0.6138786407888708,0.6138786407888708,0.00598030385621362,0.008464096371665763,0.7725731651524916,-0.012678439487593618,31.886573393656228,0.0,0.3869047619047619,CVX,XOM
2025-03-03,145.167724609375,103.47808074951172,2.050526017837353,0.61003074868916,0.09721163915957343,-0.15749677269348392,1.049297094131666,1.049297094131666,0.005869342151987755,0.008548221793651604,0.7767841609448207,-0.006809097335605863,27.517638458813845,1.0,0.375,CVX,XOM
2025-03-04,144.13412475585938,103.2668228149414,2.050526017837353,0.61003074868916,0.09131282640238325,-0.584198745366958,-0.15749677269348392,0.15749677269348392,-0.015603036366018674,0.00591869536311602,0.7994900562198266,-0.022412133701624537,22.904354662887158,0.0,0.0873015873015873,CVX,XOM
2025-03-05,143.00570678710938,101.2502670288086,2.050526017837353,0.61003074868916,0.09548337480866342,-0.20754913828991375,-0.584198745366958,0.584198745366958,-0.005898812757190175,0.006115042785800405,0.798561680863404,-0.028310946458814712,23.193335013071508,0.0,0.11706349206349206,CVX,XOM
2025-03-06,145.0349578857422,103.34364318847656,2.050526017837353,0.61003074868916,0.0970897063930325,-0.05411051655271088,-0.20754913828991375,0.20754913828991375,0.004170548406280172,0.005849576057729199,0.7862294958627123,-0.02414039805253454,23.752472252974542,0.0,0.10515873015873015,CVX,XOM
2025-03-07,148.24952697753906,104.68801879882812,2.050526017837353,0.61003074868916,0.1111271642498326,1.0806226136006645,-0.05411051655271088,0.05411051655271088,0.0016063315843690695,0.005836804427879749,0.7890769743043097,-0.02253406646816547,23.42379542047847,0.0,0.08928571428571427,CVX,XOM
2025-03-10,149.4158935546875,107.35755157470703,2.050526017837353,0.61003074868916,0.1036032768243973,0.45051693547651017,1.0806226136006645,1.0806226136006645,0.014037457856800106,0.006501450830188248,0.7960202203557356,-0.008496608611365364,28.249933709267413,1.0,0.17063492063492064,CVX,XOM
2025-03-11,146.1064910888672,104.82245635986328,2.050526017837353,0.61003074868916,0.09578318129369112,-0.17809251203797669,0.45051693547651017,0.45051693547651017,-0.007523887425435305,0.006792559160441131,0.7983919473524331,-0.01602049603680067,26.12166186530732,0.0,0.2242063492063492,CVX,XOM
2025-03-12,144.7694549560547,104.79364013671875,2.050526017837353,0.61003074868916,0.08675766929695783,-0.8742607734151433,-0.17809251203797669,0.17809251203797669,-0.007820095530706173,0.0068073646018546605,0.8075322753839093,-0.02384059156750684,24.267436224221427,0.0,0.22420634920634921,CVX,XOM
2025-03-13,145.6608123779297,104.35192108154297,2.050526017837353,0.61003074868916,0.09547266891735928,-0.1177765923994181,-0.8742607734151433,0.8742607734151433,-0.009025511996733293,0.006915795152514276,0.8043467284173297,-0.032866103564240134,22.759637548203543,0.0,0.248015873015873,CVX,XOM
2025-03-14,148.8943634033203,107.45358276367188,2.050526017837353,0.61003074868916,0.09956128348385995,0.2370432852096485,-0.1177765923994181,0.1177765923994181,0.008714999620401453,0.0071831173078150175,0.8029891393299656,-0.02415110394383868,22.82949918349004,0.0,0.2738095238095238,CVX,XOM
2025-03-17,150.50637817382812,109.23966217041016,2.050526017837353,0.61003074868916,0.1002731605401963,0.2348115121559768,0.2370432852096485,0.2370432852096485,0.00408861456650067,0.007231518765162596,0.8104592825092833,-0.02006248937733801,24.90459272939646,0.0,0.2698412698412698,CVX,XOM
2025-03-18,152.48822021484375,109.12443542480469,2.050526017837353,0.61003074868916,0.11399885015381184,1.493912869872056,0.2348115121559768,0.2348115121559768,0.0007118770563363519,0.007052261281782848,0.8029472039214403,-0.01935061232100166,24.829751098717256,0.0,0.26587301587301587,CVX,XOM
2025-03-19,155.56056213378906,110.82411193847656,2.050526017837353,0.61003074868916,0.12451827781877878,2.323437110307407,1.493912869872056,1.493912869872056,0.013725689613615533,0.007593022571982316,0.7959097510277138,-0.005624922707386126,26.879729663744147,1.0,0.3035714285714286,CVX,XOM
2025-03-20,156.2432861328125,111.29463195800781,2.050526017837353,0.61003074868916,0.12631298140973524,2.302666737378354,2.323437110307407,2.323437110307407,0.01051942766496694,0.00781881464964951,0.797998205741878,0.0,25.3445971727231,2.0,0.3035714285714286,CVX,XOM
2025-03-21,156.2243194580078,110.9105224609375,2.050526017837353,0.61003074868916,0.12830061362796252,2.3013418113107287,2.302666737378354,2.302666737378354,0.001794703590956459,0.007821981235320262,0.8002778596189845,0.0,23.91578559131145,3.0,0.2976190476190476,CVX,XOM
2025-03-24,156.48036193847656,111.1986083984375,2.050526017837353,0.61003074868916,0.1283557355246172,2.1429113046324444,2.3013418113107287,2.3013418113107287,0.0019876322182272865,0.007722996733826966,0.8022863711339716,0.0,26.274260064550266,4.0,0.29365079365079366,CVX,XOM
2025-03-25,157.35275268554688,111.95721435546875,2.050526017837353,0.61003074868916,0.1297677856315711,2.055552315621176,2.1429113046324444,2.1429113046324444,5.512189665468625e-05,0.007714476945662192,0.8028458959409012,0.0,27.10654765306967,5.0,0.2916666666666667,CVX,XOM
2025-03-26,159.2777099609375,113.57044982910156,2.050526017837353,0.61003074868916,0.1331995064581073,2.0999955328789772,2.055552315621176,2.055552315621176,0.0014120501069538882,0.0077032013850379276,0.8036780185557276,0.0,27.571274328330325,6.0,0.2837301587301587,CVX,XOM
2025-03-27,158.0260009765625,113.20555877685547,2.050526017837353,0.61003074868916,0.12727293300726839,1.4849398627778774,2.0999955328789772,2.0999955328789772,0.0034317208265362,0.007503100885653175,0.8055483946604051,0.0,27.974706970451585,7.0,0.27380952380952384,CVX,XOM
2025-03-28,157.49497985839844,113.05191802978516,2.050526017837353,0.61003074868916,0.12473542038199925,1.1963252063375587,1.4849398627778774,1.4849398627778774,-0.005926573450838912,0.007604548660177298,0.8051761332897558,-0.005926573450838912,24.296049281428242,8.0,0.27976190476190477,CVX,XOM
2025-03-31,158.6328887939453,114.20423126220703,2.050526017837353,0.61003074868916,0.12574806017948603,1.2012437681375936,1.1963252063375587,1.1963252063375587,-0.002537512625269134,0.007556878843057945,0.8038406693010696,-0.008464086076108046,19.567927584124956,9.0,0.27976190476190477,CVX,XOM
2025-04-01,159.78973388671875,114.30986022949219,2.050526017837353,0.61003074868916,0.13245022624510838,1.575908762143613,1.2012437681375936,1.2012437681375936,0.0010126397974867807,0.006580607472561257,0.8023623553839347,-0.007451446278621265,18.771751434019347,10.0,0.20634920634920634,CVX,XOM
2025-04-02,157.85531616210938,113.95455169677734,2.050526017837353,0.61003074868916,0.12216943879288023,0.7809098126056375,1.575908762143613,1.575908762143613,0.00670216606562235,0.006451019357921835,0.8097613208158184,-0.0007492802129989151,18.911210901934034,11.0,0.15674603174603174,CVX,XOM
2025-04-03,148.04092407226562,107.96251678466797,2.050526017837353,0.61003074868916,0.0909304719364794,-1.3967690018144716,0.7809098126056375,0.7809098126056375,-0.010280787452228157,0.006962833886058668,0.8072263171861533,-0.011030067665227072,17.78186963741484,0.0,0.24603174603174605,CVX,XOM
2025-04-04,135.86537170410156,100.1939697265625,2.050526017837353,0.61003074868916,0.050660918411160605,-3.266630877851506,-1.3967690018144716,1.3967690018144716,-0.03123896685640082,0.009941389127499362,0.8515174239446777,-0.04226903452162789,14.325799572943925,1.0,0.3948412698412698,CVX,XOM
2025-04-07,132.89736938476562,98.84960174560547,2.050526017837353,0.61003074868916,0.0368141989307591,-3.1631747485192108,-3.266630877851506,3.266630877851506,-0.0402695535253188,0.012689167699060743,0.8950889207724183,-0.08253858804694669,13.087374499740738,2.0,0.501984126984127,CVX,XOM
2025-04-08,129.84397888183594,96.76583862304688,2.050526017837353,0.61003074868916,0.02656760197354302,-2.9377832316663084,-3.1631747485192108,3.1631747485192108,-0.013846719480401504,0.01287476522945768,0.9061069731037907,-0.0963853075273482,13.062716026345274,3.0,0.501984126984127,CVX,XOM
2025-04-09,138.4730682373047,101.5959701538086,2.050526017837353,0.61003074868916,0.061195384894153104,-1.5088511582404651,-2.9377832316663084,2.9377832316663084,-0.010246596957216081,0.01292774085954357,0.9191091721632365,-0.10663190448456428,12.20758578917091,4.0,0.501984126984127,CVX,XOM
2025-04-10,127.99490356445312,95.9592056274414,2.050526017837353,0.61003074868916,0.01733096727024641,-2.621898916194148,-1.5088511582404651,1.5088511582404651,0.034627782920610084,0.015275832971822941,0.9284957243725475,-0.0720041215639542,10.376811626637418,5.0,0.501984126984127,CVX,XOM
2025-04-11,128.6112518310547,99.04165649414062,2.050526017837353,0.61003074868916,0.0028472521649192117,-2.604730505634624,-2.621898916194148,2.621898916194148,-0.04386441762390669,0.017667091748701496,0.9367224970051906,-0.11586853918786089,12.504164823203958,6.0,0.501984126984127,CVX,XOM
2025-04-14,128.3173065185547,99.28172302246094,2.050526017837353,0.61003074868916,-0.0009177580920578521,-2.354960702172493,-2.604730505634624,2.604730505634624,-0.0144837151053272,0.017710462918056207,0.925008401354711,-0.13035225429318809,13.638758879385398,7.0,0.5059523809523809,CVX,XOM
2025-04-15,127.57764434814453,99.00325775146484,2.050526017837353,0.61003074868916,-0.00498533949916613,-2.1742731777368807,-2.354960702172493,2.354960702172493,-0.003765010256977064,0.017667170912096766,0.9261742204737873,-0.13411726455016515,14.256549792250626,8.0,0.503968253968254,CVX,XOM
2025-04-16,128.35523986816406,100.04994201660156,2.050526017837353,0.61003074868916,-0.00532428851923461,-1.9608606721965405,-2.1742731777368807,2.1742731777368807,-0.004067581407108278,0.017138913990087126,0.9260426453925512,-0.13818484595727343,14.572790750047162,9.0,0.501984126984127,CVX,XOM
2025-04-17,130.73533630371094,102.67144775390625,2.050526017837353,0.61003074868916,-0.0027292633978786007,-1.7373971399463608,-1.9608606721965405,1.9608606721965405,-0.0003389490200684797,0.01677678641894588,0.9273184311666363,-0.1385237949773419,14.635848115400083,10.0,0.49801587301587297,CVX,XOM
2025-04-21,126.80958557128906,101.16384887695312,2.050526017837353,0.61003074868916,-0.024193637235164545,-1.9517705533333947,-1.7373971399463608,1.7373971399463608,0.0025950251213560094,0.01679744623410398,0.9284121305097327,-0.1359287698559859,14.80848294508974,11.0,0.49801587301587297,CVX,XOM
2025-04-22,130.19483947753906,103.99663543701172,2.050526017837353,0.61003074868916,-0.014695445835879895,-1.6232924444689345,-1.9517705533333947,1.9517705533333947,-0.021464373837285944,0.016984879867220432,0.9279464225631636,-0.15739314369327184,20.261063247003182,12.0,0.5,CVX,XOM
2025-04-23,129.60691833496094,103.10358428955078,2.050526017837353,0.61003074868916,-0.013960230790489359,-1.4870843775625417,-1.6232924444689345,1.6232924444689345,0.00949819139928465,0.01731975503059408,0.9327111690199524,-0.1478949522939872,18.007425108545632,13.0,0.498015873015873,CVX,XOM
2025-04-24,131.8732452392578,104.31350708007812,2.050526017837353,0.61003074868916,-0.003742243477522944,-1.2232866887210994,-1.4870843775625417,1.4870843775625417,0.000735215045390536,0.017303640991500727,0.9318594231410977,-0.14715973724859666,17.285640999515447,14.0,0.49801587301587297,CVX,XOM
2025-04-25,131.5508270263672,104.25589752197266,2.050526017837353,0.61003074868916,-0.005853150405414009,-1.177155239916489,-1.2232866887210994,1.2232866887210994,0.010217987312966414,0.017572969839516193,0.9357501304459904,-0.13694174993563024,15.437284079017902,15.0,0.498015873015873,CVX,XOM
2025-04-28,132.84994506835938,104.31350708007812,2.050526017837353,0.61003074868916,0.0036368173428154016,-0.9545729484619703,-1.177155239916489,1.177155239916489,-0.0021109069278910653,0.01760261553623858,0.9366332888804295,-0.1390526568635213,16.66248854604031,16.0,0.498015873015873,CVX,XOM
2025-04-29,132.09133911132812,104.05424499511719,2.050526017837353,0.61003074868916,-0.0005717298372771573,-0.9602231288027672,-0.9545729484619703,0.9545729484619703,0.009489967748229411,0.017935364664831217,0.9350619869224119,-0.1295626891152919,22.415015662024352,0.0,0.5079365079365079,CVX,XOM
2025-04-30,129.01901245117188,101.43272399902344,2.050526017837353,0.61003074868916,-0.008539695553719362,-1.020985716902689,-0.9602231288027672,0.9602231288027672,-0.004208547180092559,0.017868466160565193,0.9365453755272418,-0.13377123629538445,22.592708685416756,0.0,0.503968253968254,CVX,XOM
2025-05-01,129.2086639404297,101.57675170898438,2.050526017837353,0.61003074868916,-0.00793641356040764,-0.9463453433060723,-1.020985716902689,1.020985716902689,-0.007967965716442205,0.01761836778956051,0.937250150867708,-0.14173920201182666,24.793647452148363,1.0,0.49206349206349204,CVX,XOM
2025-05-02,131.33274841308594,101.98966979980469,2.050526017837353,0.61003074868916,0.005894306011347883,-0.6646213046053939,-0.9463453433060723,0.9463453433060723,0.0006032819933117217,0.017678147939621996,0.9357368767017453,-0.14113592001851494,29.87772519836883,0.0,0.5059523809523809,CVX,XOM
2025-05-05,128.4879913330078,99.16649627685547,2.050526017837353,0.61003074868916,0.0011199508477908182,-0.6921660479610384,-0.6646213046053939,0.6646213046053939,0.013830719571755523,0.017249019117310575,0.9334863540251448,-0.12730520044675941,23.428846984382478,0.0,0.49404761904761907,CVX,XOM
2025-05-06,128.58282470703125,100.54927062988281,2.050526017837353,0.61003074868916,-0.0065897383201884985,-0.7717458602321393,-0.6921660479610384,0.6921660479610384,-0.004774355163557065,0.01515020270275742,0.9341493073548206,-0.13207955561031648,25.468575671715318,0.0,0.48214285714285715,CVX,XOM
2025-05-07,128.7629852294922,100.4532470703125,2.050526017837353,0.61003074868916,-0.004606742973578104,-0.6844200070095723,-0.7717458602321393,0.7717458602321393,-0.007709689167979317,0.0149779851620674,0.9315993419098425,-0.1397892447782958,29.114781008589205,0.0,0.48809523809523814,CVX,XOM
2025-05-08,129.9482879638672,101.85523986816406,2.050526017837353,0.61003074868916,-0.00389867843440328,-0.6214746818773689,-0.6844200070095723,0.6844200070095723,0.0019829953466103944,0.014885132533745505,0.9303834336009343,-0.1378062494316854,27.49600696129878,0.0,0.48809523809523814,CVX,XOM
2025-05-09,131.32327270507812,103.04595947265625,2.050526017837353,0.61003074868916,-0.00046333874863746516,-0.5018755171941387,-0.6214746818773689,0.6214746818773689,0.0007080645391748241,0.012388485685206077,0.9305958614637807,-0.13709818489251058,31.650327773392362,0.0,0.47222222222222227,CVX,XOM
2025-05-12,134.29129028320312,104.82245635986328,2.050526017837353,0.61003074868916,0.011458683174288886,-0.18289548087953375,-0.5018755171941387,0.5018755171941387,0.0034353396857658147,0.008225679195117082,0.9351685239809033,-0.13366284520674476,33.55362546589685,0.0,0.25396825396825395,CVX,XOM
2025-05-13,134.9835205078125,105.11053466796875,2.050526017837353,0.61003074868916,0.01492591768751872,-0.0185066425261678,-0.18289548087953375,0.18289548087953375,0.011922021922926351,0.008055174104360878,0.9355944347075744,-0.12174082328381841,28.621097769655165,0.0,0.25,CVX,XOM
2025-05-14,134.3386993408203,104.16947174072266,2.050526017837353,0.61003074868916,0.01562368470858111,0.12344423693925924,-0.0185066425261678,0.0185066425261678,0.0034672345132298332,0.008020971711884262,0.9363517432434487,-0.11827358877058858,27.836849804272674,0.0,0.24404761904761904,CVX,XOM
2025-05-15,134.89816284179688,105.2258071899414,2.050526017837353,0.61003074868916,0.013624720096262699,0.23035849850890786,0.12344423693925924,0.12344423693925924,0.0006977670210623899,0.007943475037852834,0.9378141520726402,-0.11757582174952619,27.87821478427866,0.0,0.23015873015873015,CVX,XOM
2025-05-16,134.7464599609375,104.84785461425781,2.050526017837353,0.61003074868916,0.01469458149761671,0.4963234867725605,0.23035849850890786,0.23035849850890786,-0.00199896461231841,0.007965990943339012,0.9380867354861889,-0.1195747863618446,28.61864915713183,0.0,0.23412698412698413,CVX,XOM
2025-05-19,132.92283630371094,103.18098449707031,2.050526017837353,0.61003074868916,0.010844605859818834,0.40216528586876493,0.4963234867725605,0.4963234867725605,0.0010698614013540109,0.00795714901850285,0.9378984662627642,-0.11850492496049059,28.746420216672394,0.0,0.23412698412698413,CVX,XOM
2025-05-20,131.75186157226562,101.70793151855469,2.050526017837353,0.61003074868916,0.010767948864562893,0.4826809693961985,0.40216528586876493,0.40216528586876493,-0.0038499756377978755,0.0062218284001812766,0.9376909481604905,-0.12235490059828846,30.091019770993643,0.0,0.07738095238095238,CVX,XOM
2025-05-21,130.11061096191406,100.4577865600586,2.050526017837353,0.61003074868916,0.005777241942618083,0.21007609685747747,0.4826809693961985,0.4826809693961985,-7.66569952559415e-05,0.0059706696012220995,0.9367908609447306,-0.1224315575935444,30.469986313354422,0.0,0.0496031746031746,CVX,XOM
2025-05-22,129.85145568847656,99.78910827636719,2.050526017837353,0.61003074868916,0.007857577184645859,0.6963735849739676,0.21007609685747747,0.21007609685747747,-0.00499070692194481,0.006124889207756951,0.9375556475336903,-0.12742226451548921,31.843776402911484,0.0,0.07142857142857142,CVX,XOM
2025-05-23,131.05120849609375,99.84725189208984,2.050526017837353,0.61003074868916,0.016699239944761413,1.5905546614140957,0.6963735849739676,0.6963735849739676,0.0020803352420277754,0.005757414722173554,0.9371543867785987,-0.12534192927346144,31.244981375316435,0.0,0.027777777777777776,CVX,XOM
2025-05-27,132.2893524169922,100.32211303710938,2.050526017837353,0.61003074868916,0.02320832243894433,2.019653843823594,1.5905546614140957,1.5905546614140957,0.008841662760115554,0.005991547523018578,0.9358806269164925,-0.11650026651334588,28.877825214969086,1.0,0.07738095238095238,CVX,XOM
2025-05-28,130.5521240234375,98.95567321777344,2.050526017837353,0.61003074868916,0.018355344041241395,1.4522390332049726,2.019653843823594,2.019653843823594,0.006509082494182916,0.005816183570024201,0.935305451283146,-0.10999118401916297,27.12194913128326,2.0,0.05357142857142857,CVX,XOM
2025-05-29,132.36614990234375,99.51775360107422,2.050526017837353,0.61003074868916,0.028699478880226614,2.1140142514810907,1.4522390332049726,1.4522390332049726,-0.004852978397702934,0.00584653675551664,0.9330919955120821,-0.1148441624168659,28.06014000219831,3.0,0.06746031746031746,CVX,XOM
2025-05-30,131.20477294921875,99.13980865478516,2.050526017837353,0.61003074868916,0.022207951742802656,1.454000844174199,2.1140142514810907,2.1140142514810907,0.01034413483898522,0.005812600060364133,0.9325218089805527,-0.10450002757788068,26.513757099780072,4.0,0.06746031746031746,CVX,XOM
2025-06-02,132.2989501953125,99.86663055419922,2.050526017837353,0.61003074868916,0.02605683947604831,1.6188668835245208,1.454000844174199,1.454000844174199,-0.006491527137423958,0.006088538545072961,0.935509964096146,-0.11099155471530464,27.044139734075078,5.0,0.09722222222222221,CVX,XOM
2025-06-03,133.9402313232422,100.59346008300781,2.050526017837353,0.61003074868916,0.033962642494088424,2.1146815991774846,1.6188668835245208,1.6188668835245208,0.003848887733245654,0.005431569365286068,0.9358876010828794,-0.10714266698205899,28.760304554057296,6.0,0.027777777777777776,CVX,XOM
2025-06-04,131.84783935546875,99.13980865478516,2.050526017837353,0.61003074868916,0.02709722223250033,1.48464859537193,2.1146815991774846,2.1146815991774846,0.007905803018040114,0.005459580742088257,0.9360343527363664,-0.09923686396401887,26.855999791791373,7.0,0.03373015873015873,CVX,XOM
2025-06-05,131.396728515625,98.68431854248047,2.050526017837353,0.61003074868916,0.026479102236204977,1.36257935958386,1.48464859537193,1.48464859537193,-0.0068654202615880955,0.005389928942267025,0.9419245579195537,-0.10610228422560697,27.532758869868715,8.0,0.003968253968253968,CVX,XOM
2025-06-06,134.57369995117188,101.04894256591797,2.050526017837353,0.61003074868916,0.03592502496464389,1.9365203142192284,1.36257935958386,1.36257935958386,-0.0006181199962953521,0.005412488146788348,0.9413069765760644,-0.10672040422190232,27.65990606217729,9.0,0.007936507936507936,CVX,XOM
2025-06-09,135.1015625,101.72732543945312,2.050526017837353,0.61003074868916,0.03575813127962446,1.7694360014845498,1.9365203142192284,1.9365203142192284,0.009445922728438916,0.005672939187855159,0.9435883911133562,-0.0972744814934634,27.183262362397517,10.0,0.017857142857142856,CVX,XOM
2025-06-10,137.58746337890625,103.9078140258789,2.050526017837353,0.61003074868916,0.041053510183804764,1.9531045113069059,1.7694360014845498,1.7694360014845498,-0.00016689368501943136,0.0056814069489779856,0.945619751775062,-0.09744137517848284,27.179053263936623,11.0,0.01984126984126984,CVX,XOM
2025-06-11,138.95997619628906,105.9332504272461,2.050526017837353,0.61003074868916,0.03920295601275203,1.6710765581873546,1.9531045113069059,1.9531045113069059,0.0052953789041803034,0.005259663414469901,0.946453795382247,-0.09214599627430253,27.844261453338877,12.0,0.003968253968253968,CVX,XOM
2025-06-12,139.142333984375,106.34027099609375,2.050526017837353,0.61003074868916,0.038175009245275504,1.5042163154366521,1.6710765581873546,1.6710765581873546,-0.0018505541710527318,0.00528681369084654,0.9453064098846127,-0.09399655044535526,28.07823326330732,13.0,0.00992063492063492,CVX,XOM
2025-06-13,140.0445556640625,108.65644836425781,2.050526017837353,0.61003074868916,0.031493909713639745,0.9795463180095809,1.5042163154366521,1.5042163154366521,-0.0010279467674765286,0.005308570397714474,0.9488084396989996,-0.0950244972128318,27.895153842943706,14.0,0.007936507936507936,CVX,XOM
2025-06-16,140.1597137451172,109.00532531738281,2.050526017837353,0.61003074868916,0.030360303038333036,0.8387508159078385,0.9795463180095809,0.9795463180095809,-0.006681099531635759,0.005539505121484262,0.9443091679011627,-0.10170559674446755,27.08984644894934,0.0,0.02976190476190476,CVX,XOM
2025-06-17,142.86636352539062,110.47836303710938,2.050526017837353,0.61003074868916,0.041298975424952644,1.520930696398994,0.8387508159078385,0.8387508159078385,-0.0011336066753067087,0.005556786192596966,0.9442548180573008,-0.10283920341977426,28.809718923495506,0.0,0.03373015873015873,CVX,XOM
2025-06-18,142.23289489746094,109.69339752197266,2.050526017837353,0.61003074868916,0.04120495432189486,1.444125384944792,1.520930696398994,1.520930696398994,0.010938672386619608,0.005866374550196904,0.9448207162858023,-0.09190053103315465,27.153917663304163,1.0,0.05952380952380952,CVX,XOM
2025-06-20,143.53822326660156,111.15674591064453,2.050526017837353,0.61003074868916,0.042256279231730254,1.454078153887666,1.444125384944792,1.444125384944792,-9.402110305778422e-05,0.005866612468694612,0.9444596346053464,-0.09199455213621244,27.795770240787487,2.0,0.06349206349206349,CVX,XOM
2025-06-23,140.95635986328125,108.2881851196289,2.050526017837353,0.61003074868916,0.04005467580797717,1.2383050823510595,1.454078153887666,1.454078153887666,0.0010513249098353938,0.005675938348086664,0.9443518858774597,-0.09094322722637704,27.73203647752756,3.0,0.041666666666666664,CVX,XOM
2025-06-24,137.7794189453125,104.99321746826172,2.050526017837353,0.61003074868916,0.03610846481676422,0.8737141431410973,1.2383050823510595,1.2383050823510595,-0.0022016034237530846,0.005742595822582631,0.9424981765845447,-0.09239555043713121,27.9113510983047,4.0,0.05357142857142857,CVX,XOM
2025-06-25,137.47227478027344,105.02229309082031,2.050526017837353,0.61003074868916,0.033707819176830967,0.6142865009123052,0.8737141431410973,0.8737141431410973,-0.003946210991212951,0.005612229832855443,0.9414878225839528,-0.09634176142834416,28.02514864100358,0.0,0.0496031746031746,CVX,XOM
2025-06-26,138.63365173339844,106.59224700927734,2.050526017837353,0.61003074868916,0.03306869558699299,0.5115203416308644,0.6142865009123052,0.6142865009123052,-0.002400645639933252,0.005507546402108015,0.9414611794340886,-0.09874240706827742,28.5189501279427,0.0,0.047619047619047616,CVX,XOM
2025-06-27,138.00978088378906,106.00109100341797,2.050526017837353,0.61003074868916,0.031951020030207555,0.368230918307826,0.5115203416308644,0.5115203416308644,-0.0006391235898379755,0.005376831143731296,0.9409848198685512,-0.09938153065811539,30.28926105468802,0.0,0.03968253968253968,CVX,XOM
2025-06-30,137.43389892578125,104.46990203857422,2.050526017837353,0.61003074868916,0.03664570424183733,0.7434249470683593,0.368230918307826,0.368230918307826,-0.0011176755567854357,0.004912992192849722,0.9416496775166345,-0.09021841876267267,30.750455962607152,0.0,0.027777777777777776,CVX,XOM
2025-07-01,139.71823120117188,105.86541748046875,2.050526017837353,0.61003074868916,0.04503551582956833,1.425392755250795,0.7434249470683593,0.7434249470683593,0.004694684211629774,0.004757920617992657,0.9401518163772526,-0.05428476769464208,30.039143797503765,0.0,0.037698412698412696,CVX,XOM
2025-07-02,142.0313262939453,107.61949920654297,2.050526017837353,0.61003074868916,0.05143063333576681,1.8779484074089727,1.425392755250795,1.425392755250795,0.008389811587731,0.005003719121271072,0.9330958140061134,-0.016159869064584775,29.477602481760314,1.0,0.09126984126984128,CVX,XOM
2025-07-03,142.40567016601562,108.73397064208984,2.050526017837353,0.61003074868916,0.047778021016394945,1.464875839961219,1.8779484074089727,1.8779484074089727,0.006395117506198478,0.00490862954425084,0.9118699285034921,-0.009764751558386298,28.85695414772404,2.0,0.12103174603174603,CVX,XOM
2025-07-07,141.4746551513672,107.67765045166016,2.050526017837353,0.61003074868916,0.04717404216313037,1.394233679748518,1.464875839961219,1.464875839961219,-0.003652612319371862,0.004700915999709514,0.9100844158565085,-0.01341736387775816,27.336647277407454,3.0,0.12103174603174602,CVX,XOM
2025-07-08,147.0799102783203,110.66250610351562,2.050526017837353,0.61003074868916,0.06934940903325604,3.2100324557533595,1.394233679748518,1.394233679748518,-0.0006039788532645751,0.004700668504797552,0.9073180319771523,-0.014021342731022735,27.33137566307381,4.0,0.12301587301587302,CVX,XOM
2025-07-09,146.86874389648438,110.28455352783203,2.050526017837353,0.61003074868916,0.06999969405383233,2.811031705433436,3.2100324557533595,3.2100324557533595,0.022175366870125668,0.006363967637738226,0.8978769640376986,0.0,24.96799627577424,5.0,0.2619047619047619,CVX,XOM
2025-07-10,147.97250366210938,111.379638671875,2.050526017837353,0.61003074868916,0.07145936996020152,2.53618838160215,2.811031705433436,2.811031705433436,0.0006502850205762911,0.006354651605110934,0.8753276930030984,0.0,24.886903502334565,6.0,0.2658730158730159,CVX,XOM
2025-07-11,149.06668090820312,111.86418914794922,2.050526017837353,0.61003074868916,0.07617848197385868,2.5466090281621097,2.53618838160215,2.53618838160215,0.0014596759063691955,0.006301269602562177,0.9018461979830634,0.0,23.56174624452936,7.0,0.2579365079365079,CVX,XOM
2025-07-14,145.5537872314453,110.40084075927734,2.050526017837353,0.61003074868916,0.060363199575614424,1.3027226419990527,2.5466090281621097,2.5466090281621097,0.004719112013657156,0.006288210313646467,0.9027990763066591,0.0,22.239854644469574,8.0,0.25595238095238093,CVX,XOM
2025-07-15,144.6324005126953,109.42205047607422,2.050526017837353,0.61003074868916,0.05944538403998578,1.1627043697652657,1.3027226419990527,1.3027226419990527,-0.015815282398244257,0.007360848960040893,0.9007622250677041,-0.015815282398244257,23.95447031457227,9.0,0.3492063492063492,CVX,XOM
2025-07-16,143.89334106445312,108.76304626464844,2.050526017837353,0.61003074868916,0.05800744102172484,0.9922131758261991,1.1627043697652657,1.1627043697652657,-0.000917815535628641,0.007160303018422013,0.9019735251211081,-0.016733097933872898,23.830365569465112,10.0,0.3412698412698413,CVX,XOM
2025-07-17,145.29466247558594,108.21066284179688,2.050526017837353,0.61003074868916,0.07080504369861274,1.7534394520221879,0.9922131758261991,0.9922131758261991,-0.0014379430182609454,0.007165987148534098,0.9011927636304916,-0.018171040952133843,24.509439269536013,0.0,0.34523809523809523,CVX,XOM
2025-07-18,144.00851440429688,104.4408187866211,2.050526017837353,0.61003074868916,0.08354491282502918,2.3304383166681175,1.7534394520221879,1.7534394520221879,0.012797602676887898,0.007300134675600005,0.9004715686643805,-0.005373438275245945,23.518497896106396,1.0,0.35317460317460314,CVX,XOM
2025-07-21,143.66297912597656,104.7121810913086,2.050526017837353,0.61003074868916,0.07955967026860211,1.8945146247126123,2.3304383166681175,2.3304383166681175,0.012739869126416448,0.007687755036336968,0.8740767559361933,0.0,23.631244184225086,2.0,0.37103174603174605,CVX,XOM
2025-07-22,144.00851440429688,105.18704223632812,2.050526017837353,0.61003074868916,0.07920177665668193,1.7103235007717374,1.8945146247126123,1.8945146247126123,-0.003985242556427071,0.007800207943708531,0.8715746704546038,-0.003985242556427071,22.294355173739643,3.0,0.37896825396825395,CVX,XOM
2025-07-23,146.96470642089844,106.53410339355469,2.050526017837353,0.61003074868916,0.09175915489167563,2.1813187224398094,1.7103235007717374,1.7103235007717374,-0.0003578936119201792,0.007762403891203423,0.8702598965519133,-0.00434313616834725,23.186204378084355,4.0,0.37896825396825395,CVX,XOM
2025-07-24,149.56578063964844,107.36753845214844,2.050526017837353,0.61003074868916,0.10454918242122213,2.481237351143925,2.1813187224398094,2.1813187224398094,0.012557378234993699,0.00796551398311862,0.8711279098509743,0.0,24.15534973412308,5.0,0.39285714285714285,CVX,XOM
2025-07-25,148.6155548095703,106.98957824707031,2.050526017837353,0.61003074868916,0.10032693190913156,2.0304531991629675,2.481237351143925,2.481237351143925,0.0127900275295465,0.008157006169538234,0.8716838307336576,0.0,33.58923466386972,6.0,0.40476190476190477,CVX,XOM
2025-07-28,149.9976806640625,107.99745178222656,2.050526017837353,0.61003074868916,0.10386418956310273,1.9732687738689774,2.0304531991629675,2.0304531991629675,-0.004222250512090575,0.008285213736167023,0.8719452901368002,-0.004222250512090575,32.50030231296574,7.0,0.4107142857142857,CVX,XOM
2025-07-29,150.71754455566406,109.3929672241211,2.050526017837353,0.61003074868916,0.10081971017470837,1.6928902349471102,1.9732687738689774,1.9732687738689774,0.003537257653971171,0.00822121233816717,0.8640987562303467,-0.0006849928581194042,32.834083566409035,8.0,0.41269841269841273,CVX,XOM
2025-07-30,147.38702392578125,108.44325256347656,2.050526017837353,0.61003074868916,0.0837933484672515,0.9034044927585099,1.6928902349471102,1.6928902349471102,-0.003044479388394361,0.008341628998054912,0.8612010172309408,-0.0037294722465137653,32.26898186547447,9.0,0.4226190476190476,CVX,XOM
2025-07-31,145.54421997070312,108.19126892089844,2.050526017837353,0.61003074868916,0.07263050786797498,0.37734878460363835,0.9034044927585099,0.9034044927585099,-0.01702636170745686,0.009332658286025518,0.8587023833817516,-0.020755833953970626,28.211032383864673,0.0,0.48214285714285715,CVX,XOM
2025-08-01,145.3138427734375,106.25305938720703,2.050526017837353,0.61003074868916,0.08207395354369007,0.7396446111697498,0.37734878460363835,0.37734878460363835,-0.011162840599276525,0.009691022756991775,0.8436990764502184,-0.03191867455324715,26.658452224103424,0.0,0.503968253968254,CVX,XOM
2025-08-04,144.96832275390625,104.05318450927734,2.050526017837353,0.61003074868916,0.09245609595519433,1.1226602050211423,0.7396446111697498,0.7396446111697498,0.00944344567571509,0.009792386623337628,0.8435418790166483,-0.02247522887753206,26.290203323376474,0.0,0.5099206349206349,CVX,XOM
2025-08-05,146.88792419433594,103.92720031738281,2.050526017837353,0.61003074868916,0.10634976948450481,1.6056944878504542,1.1226602050211423,1.1226602050211423,0.010382142411504258,0.009953713216258717,0.8339141662568869,-0.012093086466027803,26.345412382889034,1.0,0.5138888888888888,CVX,XOM
2025-08-06,146.6383819580078,103.2197494506836,2.050526017837353,0.61003074868916,0.10881624886478924,1.5935604206674918,1.6056944878504542,1.6056944878504542,0.01389367352931048,0.009265223392477153,0.8258664990785218,0.0,28.073722575725338,2.0,0.48214285714285715,CVX,XOM
2025-08-07,147.00311279296875,102.67703247070312,2.050526017837353,0.61003074868916,0.11451637145801197,1.7140381921377998,1.5935604206674918,1.5935604206674918,0.0024664793802844365,0.009261919421702002,0.8243981769948385,0.0,28.33154272158132,3.0,0.48412698412698413,CVX,XOM
2025-08-08,148.77871704101562,103.50079345703125,2.050526017837353,0.61003074868916,0.12164804256656003,1.87808784137192,1.7140381921377998,1.7140381921377998,0.005700122593222723,0.009296947748531844,0.8174032617185746,0.0,28.31940401193077,4.0,0.5,CVX,XOM
2025-08-11,147.2814483642578,102.56075286865234,2.050526017837353,0.61003074868916,0.11709921900974196,1.6000259780712165,1.87808784137192,1.87808784137192,0.0071316711085480655,0.009344989794687146,0.8184936764144292,0.0,32.169659152718175,5.0,0.503968253968254,CVX,XOM
2025-08-12,148.23162841796875,102.85147857666016,2.050526017837353,0.61003074868916,0.12180316676162839,1.7031084857542966,1.6000259780712165,1.6000259780712165,-0.004548823556818071,0.008542747144900662,0.8189444221816465,-0.004548823556818071,29.20180827735493,6.0,0.4484126984126984,CVX,XOM
2025-08-13,149.60414123535156,104.27606964111328,2.050526017837353,0.61003074868916,0.12262828119824132,1.6299437116074285,1.7031084857542966,1.7031084857542966,0.004703947751886428,0.008506995522782147,0.820812626586972,0.0,30.651164708658442,7.0,0.4444444444444444,CVX,XOM
2025-08-14,148.92269897460938,104.0628662109375,2.050526017837353,0.61003074868916,0.11931145556301637,1.392668866525603,1.6299437116074285,1.6299437116074285,0.0008251144366129282,0.008460569112785756,0.8212788882493858,0.0,32.598363352386876,8.0,0.44047619047619047,CVX,XOM
2025-08-15,150.25682067871094,104.16068267822266,2.050526017837353,0.61003074868916,0.12765690680965314,1.657997158117589,1.392668866525603,1.392668866525603,-0.0033168256352249514,0.008276461628985755,0.8159450291713172,-0.0033168256352249514,30.717296215246918,9.0,0.4464285714285714,CVX,XOM
2025-08-18,149.07627868652344,104.38565063476562,2.050526017837353,0.61003074868916,0.11845291767876143,1.192045573048806,1.657997158117589,1.657997158117589,0.00834545124663677,0.008055087932500258,0.8113876768339637,0.0,34.31626534472973,10.0,0.43452380952380953,CVX,XOM
2025-08-19,147.51377868652344,105.0703353881836,2.050526017837353,0.61003074868916,0.10392815272105027,0.46746676902243695,1.192045573048806,1.192045573048806,-0.00920398913089171,0.008331204161625805,0.8011136483698555,-0.00920398913089171,32.61335057153864,11.0,0.48412698412698413,CVX,XOM
2025-08-20,148.69778442382812,106.15605926513672,2.050526017837353,0.61003074868916,0.1056512321443761,0.5022711479420564,0.46746676902243695,0.46746676902243695,-0.014524764957711156,0.009066654608880521,0.7840284981799025,-0.023728754088602866,27.041289408012652,0.0,0.5535714285714286,CVX,XOM
2025-08-21,150.95901489257812,106.84075164794922,2.050526017837353,0.61003074868916,0.11682167169352509,0.9771085607059874,0.5022711479420564,0.5022711479420564,0.001723079423325835,0.00868989632746318,0.7874633913854344,-0.02200567466527703,26.16308535686826,0.0,0.5357142857142857,CVX,XOM
2025-08-22,153.51138305664062,108.84590911865234,2.050526017837353,0.61003074868916,0.12224523928055886,1.159926824260102,0.9771085607059874,0.9771085607059874,0.01117043954914898,0.008583701620013961,0.7862838625973387,-0.01083523511612805,32.98839014208953,0.0,0.5376984126984128,CVX,XOM
2025-08-25,153.53079223632812,109.29584503173828,2.050526017837353,0.61003074868916,0.11985518195019829,0.9913832003736525,1.159926824260102,1.159926824260102,0.005423567587033773,0.008569412015297205,0.7865135525676613,-0.005411667529094277,37.101453077452774,1.0,0.5337301587301587,CVX,XOM
2025-08-26,152.715576171875,109.05131530761719,2.050526017837353,0.61003074868916,0.11589760897808565,0.7458990978050649,0.9913832003736525,0.9913832003736525,-0.0023900573303605732,0.008582341306763107,0.7867516665487947,-0.0078017248594548505,35.305457724363244,0.0,0.5396825396825398,CVX,XOM
2025-08-27,154.5401153564453,110.28375244140625,2.050526017837353,0.61003074868916,0.12091854493115806,0.9944507613331249,0.7458990978050649,0.7458990978050649,-0.003957572972112633,0.008605067156793858,0.7870315996187915,-0.011759297831567483,33.577968288136,0.0,0.5436507936507937,CVX,XOM
2025-08-28,154.6177520751953,110.8706283569336,2.050526017837353,0.61003074868916,0.11818311466444253,0.7847856076191024,0.9944507613331249,0.9944507613331249,0.005020935953072403,0.007611535854551334,0.7883312645221814,-0.0067383618784950805,32.26426737970864,0.0,0.45039682539682535,CVX,XOM
2025-08-29,155.85997009277344,111.79006958007812,2.050526017837353,0.61003074868916,0.12114706116966456,0.9134691683505278,0.7847856076191024,0.7847856076191024,-0.0027354302667155217,0.007094875408096048,0.7865781335457708,-0.009473792145210602,33.75708289143183,0.0,0.44047619047619047,CVX,XOM
2025-09-02,157.0536651611328,112.18131256103516,2.050526017837353,0.61003074868916,0.12664538907885436,1.2089959211981753,0.9134691683505278,0.9134691683505278,0.002963946505222026,0.006905679061844269,0.7808181725278747,-0.006509845639988576,37.64253028457493,0.0,0.4464285714285714,CVX,XOM
2025-09-03,153.39492797851562,109.4621353149414,2.050526017837353,0.61003074868916,0.11804242075493487,0.5799134636233585,1.2089959211981753,1.2089959211981753,0.005498327909189804,0.006686182743579772,0.7793947845316999,-0.0010115177307987722,44.105037072136234,1.0,0.42857142857142855,CVX,XOM
2025-09-04,153.03585815429688,109.94140625,2.050526017837353,0.61003074868916,0.11303371830525855,0.1729475663017076,0.5799134636233585,0.5799134636233585,-0.008602968323919491,0.00642918026260876,0.7845137672224164,-0.009614486054718263,37.287915645098856,0.0,0.39880952380952384,CVX,XOM
2025-09-05,149.12478637695312,106.84075164794922,2.050526017837353,0.61003074868916,0.10459674418047493,-0.4539259119558121,0.1729475663017076,0.1729475663017076,-0.005008702449676328,0.006525478177654554,0.781974484698914,-0.01462318850439459,34.5132034224508,0.0,0.4206349206349206,CVX,XOM
2025-09-08,149.4547576904297,107.44718170166016,2.050526017837353,0.61003074868916,0.10335426322067942,-0.5564940155559053,-0.4539259119558121,0.4539259119558121,-0.008436974124783614,0.006656943164483296,0.792938452805928,-0.023060162629178205,31.858615347472735,0.0,0.3948412698412698,CVX,XOM
2025-09-09,150.27967834472656,108.22969055175781,2.050526017837353,0.61003074868916,0.1044320305599431,-0.47777785010333973,-0.5564940155559053,0.5564940155559053,-0.001242480959795511,0.006423269043744965,0.7923748223538245,-0.024302643588973716,28.90740791822951,0.0,0.373015873015873,CVX,XOM
2025-09-10,153.1328887939453,110.03923034667969,2.050526017837353,0.61003074868916,0.11312500176159457,0.14237714252870423,-0.47777785010333973,0.47777785010333973,0.00107776733926368,0.006381017653281568,0.7932641456087904,-0.023224876249710036,26.649335618063336,0.0,0.3670634920634921,CVX,XOM
2025-09-11,153.57931518554688,109.68710327148438,2.050526017837353,0.61003074868916,0.1179912850063154,0.45697692479673274,0.14237714252870423,0.14237714252870423,0.008692971201651467,0.006603202652739161,0.806853507370632,-0.014531905048058569,27.48794482179196,0.0,0.35714285714285715,CVX,XOM
2025-09-12,152.47296142578125,109.70665740966797,2.050526017837353,0.61003074868916,0.1106526766203979,-0.30413187987543683,0.45697692479673274,0.45697692479673274,0.004866283244720826,0.006699761357508815,0.8064310197145538,-0.009665621803337743,27.847400716887968,0.0,0.3670634920634921,CVX,XOM
2025-09-15,152.6670684814453,109.89250183105469,2.050526017837353,0.61003074868916,0.1108924005842824,-0.4682160535187424,-0.30413187987543683,0.30413187987543683,-0.007338608385917489,0.0068480517293025775,0.7991527959495714,-0.01700423018925523,26.00713431879416,0.0,0.4087301587301587,CVX,XOM
2025-09-16,154.83123779296875,112.17153930664062,2.050526017837353,0.61003074868916,0.11244670944385815,-0.4154262480848748,-0.4682160535187424,0.4682160535187424,0.00023972396388449724,0.006549898663348852,0.7982673152305826,-0.016764506225370734,25.48177815186112,0.0,0.38690476190476186,CVX,XOM
2025-09-17,155.36500549316406,112.76819610595703,2.050526017837353,0.61003074868916,0.11265195358834612,-0.4277115677392784,-0.4154262480848748,0.4154262480848748,0.0015543088595757482,0.006276840832350054,0.8006535021339243,-0.015210197365794986,24.68965335420725,0.0,0.34325396825396826,CVX,XOM
2025-09-18,154.1519012451172,111.43794250488281,2.050526017837353,0.61003074868916,0.11205213863266428,-0.5415351985731628,-0.4277115677392784,0.4277115677392784,0.00020524414448797046,0.00536211915460982,0.7905335767691785,-0.015004953221307016,26.028936581408733,0.0,0.2738095238095238,CVX,XOM
2025-09-19,151.5995330810547,110.35221862792969,2.050526017837353,0.61003074868916,0.10132862841358348,-1.9701845954103263,-0.5415351985731628,0.5415351985731628,-0.0005998149556818433,0.005358142713346026,0.7754917419282719,-0.015604768176988859,26.38445034984413,0.0,0.33134920634920634,CVX,XOM
2025-09-22,151.4442596435547,109.56971740722656,2.050526017837353,0.61003074868916,0.10464497163434805,-1.3893991273642148,-1.9701845954103263,1.9701845954103263,-0.0107235102190808,0.005265243010151972,0.7782539668395331,-0.02632827839606966,23.951685276778413,1.0,0.3115079365079365,CVX,XOM
2025-09-23,152.77381896972656,111.45750427246094,2.050526017837353,0.61003074868916,0.10296509574046953,-1.4999233435433617,-1.3893991273642148,1.3893991273642148,0.0033163432207645727,0.005160193671504328,0.7774332878498563,-0.023011935175305087,22.733607775994194,2.0,0.31547619047619047,CVX,XOM
2025-09-24,154.48187255859375,112.05416107177734,2.050526017837353,0.61003074868916,0.11082641478060129,-0.39922053255343587,-1.4999233435433617,1.4999233435433617,-0.001679875893878524,0.00515211754513326,0.7756930785689857,-0.02469181106918361,24.60056855142275,3.0,0.3273809523809524,CVX,XOM
2025-09-25,155.97642517089844,113.06163024902344,2.050526017837353,0.61003074868916,0.11499430656223497,0.21076585080962876,-0.39922053255343587,0.39922053255343587,0.007861319040131765,0.0054314001752665715,0.7772390918609933,-0.016830492029051847,36.696403596352525,0.0,0.33928571428571425,CVX,XOM
2025-09-26,155.43295288085938,114.6559829711914,2.050526017837353,0.61003074868916,0.10296156380771082,-1.370124803157427,0.21076585080962876,0.21076585080962876,0.004167891781633681,0.005393026524378999,0.7744130510733835,-0.012662600247418165,55.06322133599992,0.0,0.35714285714285715,CVX,XOM
2025-09-29,151.49276733398438,111.72160339355469,2.050526017837353,0.61003074868916,0.09310069782506325,-2.4610516058793737,-1.370124803157427,1.370124803157427,-0.01203274275452415,0.005954700121727315,0.751011327317023,-0.024695343001942316,44.15998774498105,1.0,0.4384920634920635,CVX,XOM
2025-09-30,150.7066650390625,110.28375244140625,2.050526017837353,0.61003074868916,0.0958001678302014,-1.9022869540127572,-2.4610516058793737,2.4610516058793737,-0.00986086598264757,0.006204335683686199,0.7735675338645122,-0.03455620898458989,37.758605745712515,2.0,0.44642857142857145,CVX,XOM
2025-10-01,150.01763916015625,109.54037475585938,2.050526017837353,0.61003074868916,0.09534360656440866,-1.8336941924006729,-1.9022869540127572,1.9022869540127572,0.0026994700051381493,0.006077374824617349,0.7718354358161045,-0.03185673897945174,50.922458349798156,3.0,0.4384920634920635,CVX,XOM
2025-10-02,148.8433380126953,108.8556900024414,2.050526017837353,0.61003074868916,0.09131003351477407,-2.0927476283861495,-1.8336941924006729,1.8336941924006729,-0.00045656126579274314,0.005859593223066048,0.7496823249227805,-0.03231330024524448,51.51691279504578,4.0,0.42658730158730157,CVX,XOM
2025-10-03,149.01803588867188,110.78260040283203,2.050526017837353,0.61003074868916,0.08177904261431346,-2.64932999952647,-2.0927476283861495,2.0927476283861495,-0.004033573049634587,0.005831145472170804,0.750876828356776,-0.03634687329487907,41.481069738814725,5.0,0.4146825396825397,CVX,XOM
2025-10-06,149.4741668701172,111.70203399658203,2.050526017837353,0.61003074868916,0.07979325909017909,-2.4728093581845387,-2.64932999952647,2.64932999952647,-0.009530990900460612,0.005904515028012259,0.7371166268040106,-0.04587786419533968,36.21252069753126,6.0,0.44047619047619047,CVX,XOM
2025-10-07,150.33790588378906,111.76072692871094,2.050526017837353,0.61003074868916,0.08523469294547281,-1.8145372311894044,-2.4728093581845387,2.4728093581845387,-0.0019857835241343658,0.005907376156323418,0.7362630176502821,-0.047863647719474045,33.26756598750617,7.0,0.44246031746031744,CVX,XOM
2025-10-08,149.2024383544922,111.52597045898438,2.050526017837353,0.61003074868916,0.07893599097634141,-2.0926284185306883,-1.8145372311894044,1.8145372311894044,0.00544143385529372,0.006065140716494536,0.7315609442422545,-0.042422213864180325,32.75122658601555,8.0,0.47023809523809523,CVX,XOM
2025-10-09,147.1644287109375,110.44026184082031,2.050526017837353,0.61003074868916,0.07115024769625622,-2.377639765188249,-2.0926284185306883,2.0926284185306883,-0.006298701969131404,0.005743722669363855,0.728185521456682,-0.04872091583331173,32.024036316995115,9.0,0.4226190476190476,CVX,XOM
2025-10-10,144.50527954101562,108.30794525146484,2.050526017837353,0.61003074868916,0.06480907476567666,-2.460349831822489,-2.377639765188249,2.377639765188249,-0.007785743280085189,0.005681040274308993,0.7306709072679843,-0.05650665911339692,24.015180912851523,10.0,0.4146825396825397,CVX,XOM
2025-10-13,147.45555114746094,109.78490447998047,2.050526017837353,0.61003074868916,0.07675723798035827,-1.5470726784724407,-2.460349831822489,2.460349831822489,-0.006341172930579564,0.0056411967716233765,0.7548327481014082,-0.06284783204397648,26.021653704453833,11.0,0.37896825396825395,CVX,XOM
2025-10-14,147.8922882080078,109.83381652832031,2.050526017837353,0.61003074868916,0.0794429580521725,-1.2987464080760849,-1.5470726784724407,1.5470726784724407,0.011948163214681617,0.0064264472385610685,0.7826263087674068,-0.050899668829294864,25.263267837438164,12.0,0.4305555555555556,CVX,XOM
2025-10-15,147.62054443359375,109.16868591308594,2.050526017837353,0.61003074868916,0.08130927370410213,-1.1004931465953562,-1.2987464080760849,1.2987464080760849,0.002685720071814224,0.0064597979243819275,0.7834141579461027,-0.04821394875748064,28.16550029755884,13.0,0.4305555555555556,CVX,XOM
2025-10-16,147.2323455810547,108.21990203857422,2.050526017837353,0.61003074868916,0.08400104630288352,-0.8585077795212235,-1.1004931465953562,1.1004931465953562,0.0018663156519296287,0.006493708472863068,0.7827932396321041,-0.04634763310555101,26.600486549562543,14.0,0.43253968253968256,CVX,XOM
2025-10-17,148.56192016601562,109.78490447998047,2.050526017837353,0.61003074868916,0.08423229791727094,-0.7919720382501586,-0.8585077795212235,0.8585077795212235,0.0026917725987813945,0.0065575370621323145,0.7777534573950581,-0.04365586050676962,29.574037452133386,0.0,0.45436507936507936,CVX,XOM
2025-10-20,149.92059326171875,110.23484802246094,2.050526017837353,0.61003074868916,0.09084118473856773,-0.3176838615889977,-0.7919720382501586,0.7919720382501586,0.0002312516143874177,0.006204089842748659,0.7825285573184843,-0.0434246088923822,27.17047806902985,0.0,0.40476190476190477,CVX,XOM
2025-10-21,149.25094604492188,110.24462890625,2.050526017837353,0.61003074868916,0.0863103757596595,-0.5841507360932562,-0.3176838615889977,0.3176838615889977,0.006608886821296789,0.0063544506740767625,0.7813792124583654,-0.03681572207108541,24.104139702086307,0.0,0.42261904761904767,CVX,XOM
2025-10-22,150.97842407226562,112.20088195800781,2.050526017837353,0.61003074868916,0.08708835834935469,-0.483486220012838,-0.5841507360932562,0.5841507360932562,-0.0045308089789082295,0.006406814169777597,0.7779830492250611,-0.04134653104999364,22.882934067176485,0.0,0.4384920634920635,CVX,XOM
2025-10-23,151.93919372558594,113.44309997558594,2.050526017837353,0.61003074868916,0.08671505283211411,-0.45778414768475345,-0.483486220012838,0.483486220012838,0.000777982589695192,0.006105098257627381,0.7835737749738113,-0.04056854846029845,26.97844585835142,0.0,0.3888888888888889,CVX,XOM
2025-10-24,150.9687042236328,112.86600494384766,2.050526017837353,0.61003074868916,0.08341841213807655,-0.645455556465038,-0.45778414768475345,0.45778414768475345,-0.00037330551724057415,0.00598498741181431,0.7897557961075442,-0.04094185397753902,24.455822417511207,0.0,0.35317460317460314,CVX,XOM
2025-10-27,150.6969757080078,113.40397644042969,2.050526017837353,0.61003074868916,0.07871611025206438,-0.9332370951654694,-0.645455556465038,0.645455556465038,-0.003296640694037567,0.005492592733755424,0.7961518996128832,-0.04423849467157659,21.093362306212917,0.0,0.2876984126984127,CVX,XOM
2025-10-28,149.5809326171875,112.51388549804688,2.050526017837353,0.61003074868916,0.07608960458370495,-1.0694121647675918,-0.9332370951654694,0.9332370951654694,-0.004702301886012172,0.005181685945492875,0.8068422192854348,-0.04894079655758876,20.49994184571723,0.0,0.2222222222222222,CVX,XOM
2025-10-29,150.5222930908203,113.90281677246094,2.050526017837353,0.61003074868916,0.07487876033501184,-1.1049621417419262,-1.0694121647675918,1.0694121647675918,-0.0026265056683594246,0.005135802183102501,0.8271599407945165,-0.051567302225948186,19.712806821657793,1.0,0.18452380952380953,CVX,XOM
2025-10-30,148.98892211914062,112.18131256103516,2.050526017837353,0.61003074868916,0.07392978081129353,-1.1273400333124923,-1.1049621417419262,1.1049621417419262,-0.0012108442486931104,0.005134548643743884,0.8431691152109658,-0.052778146474641296,19.710864706804518,2.0,0.18055555555555555,CVX,XOM
2025-10-31,153.06497192382812,111.85853576660156,2.050526017837353,0.61003074868916,0.10267806806560431,1.2885571197302077,-1.1273400333124923,1.1273400333124923,-0.0009489795237183074,0.00508792434813521,0.8472521641648049,-0.053727125998359604,22.46486521733706,3.0,0.1765873015873016,CVX,XOM
2025-11-03,149.4935760498047,111.27165985107422,2.050526017837353,0.61003074868916,0.08227801305581739,-0.37516253076607253,1.2885571197302077,1.2885571197302077,0.028748287254310778,0.007895026636813214,0.7925402041350716,-0.024978838744048826,22.528214968042917,4.0,0.4900793650793651,CVX,XOM
2025-11-04,148.86276245117188,111.64334106445312,2.050526017837353,0.61003074868916,0.07601512215655948,-0.8617986066163266,-0.37516253076607253,0.37516253076607253,-0.02040005500978692,0.009166181274785619,0.7800317544455267,-0.04537889375383575,19.658190060693514,0.0,0.6329365079365079,CVX,XOM
2025-11-05,148.154296875,111.19342041015625,2.050526017837353,0.61003074868916,0.07370795512488026,-1.0327853808523844,-0.8617986066163266,0.8617986066163266,-0.006262890899257911,0.009181641626354133,0.7744710395916363,-0.05164178465309366,18.45743150534366,0.0,0.6507936507936507,CVX,XOM
2025-11-06,148.42604064941406,111.99547576904297,2.050526017837353,0.61003074868916,0.07115601707147867,-1.3157431365468184,-1.0327853808523844,1.0327853808523844,-0.0023071670316792137,0.009095558362864502,0.7761759939480245,-0.05394895168477287,18.06122008602764,1.0,0.6369047619047619,CVX,XOM
2025-11-07,150.44467163085938,114.6559829711914,2.050526017837353,0.61003074868916,0.0703424825902137,-1.3646745022674205,-1.3157431365468184,1.3157431365468184,-0.0025519380534015923,0.008949426921120199,0.7726812542927457,-0.056500889738174465,16.70646794099534,2.0,0.6428571428571428,CVX,XOM
2025-11-10,151.05606079101562,115.63410949707031,2.050526017837353,0.61003074868916,0.06921604775054035,-1.3982524577138558,-1.3646745022674205,1.3646745022674205,-0.000813534481264977,0.008833926873431666,0.7773417081104688,-0.05731442421943944,16.05547655252561,3.0,0.621031746031746,CVX,XOM
2025-11-11,151.62864685058594,117.15998840332031,2.050526017837353,0.61003074868916,0.06500227027362415,-1.7680769478917762,-1.3982524577138558,1.3982524577138558,-0.0011264348396733403,0.008420103870943753,0.7825687793688783,-0.05742934132831401,14.541825102460038,4.0,0.5654761904761905,CVX,XOM
2025-11-12,148.79483032226562,115.53629302978516,2.050526017837353,0.61003074868916,0.05464964735505351,-2.6159838093414383,-1.7680769478917762,1.7680769478917762,-0.004213777476916203,0.008428886689826536,0.7845579988751998,-0.06164311880523021,14.315363576866204,5.0,0.5555555555555556,CVX,XOM
2025-11-13,150.9881134033203,116.19163513183594,2.050526017837353,0.61003074868916,0.06583195771708583,-1.3122724623490427,-2.6159838093414383,2.6159838093414383,-0.010352622918570642,0.008658828365034461,0.8055279093980673,-0.07199574172380085,15.828126497817172,6.0,0.5158730158730159,CVX,XOM
2025-11-14,152.96791076660156,117.70126342773438,2.050526017837353,0.61003074868916,0.07098418705832277,-0.7077848013030781,-1.3122724623490427,1.3122724623490427,0.011182310362032322,0.00904526282996627,0.7997895403547778,-0.06081343136176853,15.720122878430649,7.0,0.5634920634920635,CVX,XOM
2025-11-17,150.2505645751953,116.11270141601562,2.050526017837353,0.61003074868916,0.061349733757313896,-1.6096338044101428,-0.7077848013030781,0.7077848013030781,0.005152229341236936,0.009139359250172611,0.8066382940198099,-0.0556612020205316,14.200257412801824,0.0,0.5456349206349207,CVX,XOM
2025-11-18,150.75103759765625,117.44471740722656,2.050526017837353,0.61003074868916,0.0577168364312719,-1.8046538823497036,-1.6096338044101428,1.6096338044101428,-0.009634453301008872,0.009178756433974289,0.8055473229368566,-0.06529565532154047,15.893047492305163,1.0,0.5575396825396826,CVX,XOM
2025-11-19,148.8668975830078,115.78709411621094,2.050526017837353,0.61003074868916,0.05381107729814394,-1.9652664624131293,-1.8046538823497036,1.8046538823497036,-0.003632897326041995,0.009165884752563382,0.8046106796792097,-0.06892855264758246,14.627342743640426,2.0,0.5615079365079365,CVX,XOM
2025-11-20,147.50283813476562,115.46148681640625,2.050526017837353,0.61003074868916,0.04632378936444281,-2.3302186119548782,-1.9652664624131293,1.9652664624131293,-0.0039057591331279617,0.009166322098583925,0.8084375847997353,-0.07283431178071043,15.189744255783454,3.0,0.5456349206349206,CVX,XOM
2025-11-21,147.17901611328125,115.52069091796875,2.050526017837353,0.61003074868916,0.043813295166805766,-2.273655920632763,-2.3302186119548782,2.3302186119548782,-0.0074872879337011256,0.009247014392156602,0.8051401457193758,-0.08032159971441155,17.33013956448365,4.0,0.5813492063492063,CVX,XOM
2025-11-24,146.95330810546875,114.42547607421875,2.050526017837353,0.61003074868916,0.048089654371193724,-1.771933129049849,-2.273655920632763,2.273655920632763,-0.0025104941976370476,0.009243172313486725,0.8054466554650717,-0.0828320939120486,16.12568962694015,5.0,0.5793650793650793,CVX,XOM
2025-11-25,145.75608825683594,112.98491668701172,2.050526017837353,0.61003074868916,0.04763808077759446,-1.6515906121278643,-1.771933129049849,1.771933129049849,0.004276359204387958,0.009317804376241667,0.7997184078000206,-0.07855573470766064,15.116087650699523,6.0,0.628968253968254,CVX,XOM
2025-11-26,146.71778869628906,113.241455078125,2.050526017837353,0.61003074868916,0.05283088345835951,-1.2064412197549732,-1.6515906121278643,1.6515906121278643,-0.00045157359359926375,0.009317079703988105,0.8013839520488089,-0.07040433997734041,16.93878699630139,7.0,0.621031746031746,CVX,XOM
2025-11-28,148.3075408935547,114.37613677978516,2.050526017837353,0.61003074868916,0.05752594355586327,-0.8307710293407322,-1.2064412197549732,1.2064412197549732,0.005192802680765052,0.00942822241120295,0.7853803725268421,-0.06516040154795588,15.951283226497516,8.0,0.6924603174603174,CVX,XOM
2025-12-01,149.69119262695312,115.0766830444336,2.050526017837353,0.61003074868916,0.06308730114201255,-0.41139405178137195,-0.8307710293407322,0.8307710293407322,0.004695060097503756,0.009512680310480838,0.7897648239146997,-0.060465341450452126,16.156189736404425,0.0,0.6785714285714286,CVX,XOM
2025-12-02,147.4439697265625,113.84333038330078,2.050526017837353,0.61003074868916,0.05453447284327062,-0.9394939180061831,-0.41139405178137195,0.41139405178137195,0.005561357586149285,0.0068897360779933805,0.7678944455149137,-0.05490398386430284,15.088017979635335,0.0,0.5436507936507936,CVX,XOM
2025-12-03,148.75894165039062,116.2311019897461,2.050526017837353,0.61003074868916,0.050750823540212764,-1.1311870815750575,-0.9394939180061831,0.9394939180061831,-0.008552828298741932,0.005684382693385223,0.7730487487707822,-0.06345681216304477,15.283007372290738,0.0,0.4285714285714286,CVX,XOM
2025-12-04,149.4164276123047,115.57988739013672,2.050526017837353,0.61003074868916,0.05858835743916169,-0.523808260554692,-1.1311870815750575,1.1311870815750575,-0.0037836493030578566,0.00560315667136452,0.7717941559002285,-0.06724046146610263,14.358808373780173,1.0,0.4246031746031746,CVX,XOM
2025-12-05,147.19863891601562,114.9878921508789,2.050526017837353,0.61003074868916,0.04676667403744483,-1.309973788000696,-0.523808260554692,0.523808260554692,0.007837533898948923,0.005935045657373406,0.7551313922120231,-0.05940292756715371,13.079029106855435,0.0,0.4761904761904762,CVX,XOM
2025-12-08,145.9327392578125,114.43534088134766,2.050526017837353,0.61003074868916,0.041067986046820604,-1.6106130192738721,-1.309973788000696,1.309973788000696,-0.011821683401716854,0.006400872045086816,0.7574251654710672,-0.06822763252479014,15.843743057494292,1.0,0.5178571428571429,CVX,XOM
2025-12-09,145.71685791015625,116.67510986328125,2.050526017837353,0.61003074868916,0.02776317404472417,-2.2844249083035053,-1.6106130192738721,1.6106130192738721,-0.005698687990624229,0.006473517824575318,0.7603573149589085,-0.07392632051541437,16.724304607777327,2.0,0.5317460317460317,CVX,XOM
2025-12-10,148.58230590820312,117.94792938232422,2.050526017837353,0.61003074868916,0.04061797378087473,-1.3109902065335524,-2.2844249083035053,2.2844249083035053,-0.013304812002096433,0.006967103407926877,0.7414279024230925,-0.0872311325175108,20.440737311719687,3.0,0.5813492063492064,CVX,XOM
2025-12-11,147.9051971435547,117.94792938232422,2.050526017837353,0.61003074868916,0.036050429214184554,-1.496700082058578,-1.3109902065335524,1.3109902065335524,0.012854799736150557,0.0076631843730843975,0.7333811577607523,-0.07437633278136024,16.067808525397226,4.0,0.6170634920634921,CVX,XOM
2025-12-12,147.18882751464844,117.23751831054688,2.050526017837353,0.61003074868916,0.034880604284490246,-1.4575804204602278,-1.496700082058578,1.496700082058578,-0.004567544566690174,0.0074182434133426055,0.7323390979538099,-0.07894387734805042,16.16924502748935,5.0,0.6130952380952381,CVX,XOM
2025-12-15,147.00238037109375,116.19164276123047,2.050526017837353,0.61003074868916,0.039079582776317956,-1.2162787300618685,-1.4575804204602278,1.4575804204602278,-0.0011698249296943075,0.006878693058759226,0.7312359757978825,-0.08011370227774472,15.90810846980409,6.0,0.5932539682539683,CVX,XOM
2025-12-16,144.0093231201172,113.15265655517578,2.050526017837353,0.61003074868916,0.034676532556889406,-1.4780524406090745,-1.2162787300618685,1.2162787300618685,0.0041989784918277095,0.006835270449545074,0.7223745940325812,-0.07591472378591702,14.906529559343856,7.0,0.6051587301587302,CVX,XOM
2025-12-17,146.7276153564453,115.84630584716797,2.050526017837353,0.61003074868916,0.03902450601017504,-1.0817735510966044,-1.4780524406090745,1.4780524406090745,-0.00440305021942855,0.006619308154179034,0.742451808254025,-0.08031777400534557,15.361254430157091,8.0,0.5615079365079365,CVX,XOM
2025-12-18,144.93179321289062,114.9878921508789,2.050526017837353,0.61003074868916,0.031246954396362714,-1.5991713957479858,-1.0817735510966044,1.0817735510966044,0.004347973453285636,0.00670863086349919,0.7535167467466927,-0.07596980055205993,15.434049007092991,9.0,0.5634920634920635,CVX,XOM
2025-12-19,144.9906463623047,115.1358871459961,2.050526017837353,0.61003074868916,0.030868312431151956,-1.5288104620147072,-1.5991713957479858,1.5991713957479858,-0.007777551613812328,0.006846032042963349,0.7565432467330717,-0.08374735216587226,19.297446627705177,10.0,0.5674603174603174,CVX,XOM
2025-12-22,147.00238037109375,116.57644653320312,2.050526017837353,0.61003074868916,0.03706261947457845,-0.9709292971350862,-1.5288104620147072,1.5288104620147072,-0.00037864196521075755,0.006689396002464838,0.7540186166535904,-0.07209325137655886,21.54273827699647,11.0,0.5634920634920635,CVX,XOM
2025-12-23,147.69911193847656,117.82952880859375,2.050526017837353,0.61003074868916,0.03526877686051266,-1.0611951850435886,-0.9709292971350862,0.9709292971350862,0.006194307043426495,0.006843581823264838,0.7722294262795153,-0.06561544859102586,18.840166988638313,0.0,0.5575396825396826,CVX,XOM
2025-12-24,147.68931579589844,117.63218688964844,2.050526017837353,0.61003074868916,0.03622499098747989,-0.9193565893008356,-1.0611951850435886,1.0611951850435886,-0.0017938426140657882,0.006766397500965301,0.7523042836657547,-0.06740929120509165,19.414298248548498,1.0,0.5753968253968254,CVX,XOM
2025-12-26,147.21826171875,117.5236587524414,2.050526017837353,0.61003074868916,0.03359347814624902,-1.0777009067850805,-0.9193565893008356,0.9193565893008356,0.0009562141269672253,0.006775318972738105,0.7536337531316334,-0.06645307707812442,26.074027202672116,0.0,0.5753968253968254,CVX,XOM
2025-12-29,148.17015075683594,118.92474365234375,2.050526017837353,0.61003074868916,0.03280888957735195,-1.0870515176212825,-1.0777009067850805,1.0777009067850805,-0.0026315128412308653,0.0066560785999334494,0.7532979977456907,-0.06908458991935529,28.182870568233476,1.0,0.5674603174603174,CVX,XOM
2025-12-30,149.46548461914062,119.37861633300781,2.050526017837353,0.61003074868916,0.03918937050556215,-0.4580208674627422,-1.0870515176212825,1.0870515176212825,-0.0007845885688970711,0.006529153416643698,0.7529708675807057,-0.06986917848825236,29.521042843669786,2.0,0.5595238095238095,CVX,XOM
2025-12-31,149.56362915039062,118.73727416992188,2.050526017837353,0.61003074868916,0.04313191757532131,-0.00026905867717783206,-0.4580208674627422,0.4580208674627422,0.006380480928210197,0.0065740771552714435,0.762718222135008,-0.06348869756004216,26.78439181656662,0.0,0.5476190476190477,CVX,XOM
2026-01-02,152.9884490966797,121.01651763916016,2.050526017837353,0.61003074868916,0.05417343826123133,1.2097657639948056,-0.00026905867717783206,0.00026905867717783206,0.003942547069759161,0.006437457788063706,0.7600292739760043,-0.059546150490283,24.547328324968067,0.0,0.5337301587301587,CVX,XOM
2026-01-05,160.7899932861328,123.69042205810547,2.050526017837353,0.61003074868916,0.0905780386472963,3.7209346963082477,1.2097657639948056,1.2097657639948056,0.011041520685910022,0.0068641519185781265,0.7739217511712506,-0.04850462980437298,21.246548538606746,1.0,0.5674603174603174,CVX,XOM
2026-01-06,153.6165008544922,119.43782043457031,2.050526017837353,0.61003074868916,0.06628065787465998,1.6360254162496946,3.7209346963082477,3.7209346963082477,0.03640460038606497,0.010381758888225122,0.7692123671355108,-0.012100029418308011,15.99937022796774,2.0,0.8154761904761905,CVX,XOM
2026-01-07,152.30152893066406,116.91191101074219,2.050526017837353,0.61003074868916,0.07072321363800604,1.7981593715601452,1.6360254162496946,1.6360254162496946,-0.024297380772636323,0.011485547599385118,0.8027116804227742,-0.036397410190944335,16.258473112716693,3.0,0.6884920634920635,CVX,XOM
2026-01-08,156.27587890625,121.27305603027344,2.050526017837353,0.61003074868916,0.07414210309450775,1.860956127232816,1.7981593715601452,1.7981593715601452,0.004442555763346068,0.011403257170950072,0.7906958012141905,-0.03195485442759827,16.571724798082982,4.0,0.7301587301587302,CVX,XOM
2026-01-09,159.08248901367188,122.95040893554688,2.050526017837353,0.61003074868916,0.08356242496057753,2.205993524659274,1.860956127232816,1.860956127232816,0.003418889456501706,0.010889852244234402,0.7976766083884145,-0.02853596497109656,16.460008645160514,5.0,0.7103174603174602,CVX,XOM
2026-01-12,159.30816650390625,122.37812805175781,2.050526017837353,0.61003074868916,0.08782609654173168,2.1931495012398066,2.205993524659274,2.205993524659274,0.00942032186606978,0.010748518931608452,0.8012260024379828,-0.01911564310502678,16.177263046553016,6.0,0.6825396825396826,CVX,XOM
2026-01-13,160.80960083007812,124.85469818115234,2.050526017837353,0.61003074868916,0.08498472078462882,1.8655253674694485,2.1931495012398066,2.1931495012398066,0.004263671581154149,0.010644493704356725,0.8000356592629632,-0.014851971523872631,16.335305382007547,7.0,0.6865079365079365,CVX,XOM
2026-01-14,164.11668395996094,128.4659423828125,2.050526017837353,0.61003074868916,0.0879474033385832,1.8716371286442224,1.8655253674694485,1.8655253674694485,-0.0028413757571028597,0.010680179568051245,0.7995666588477772,-0.01769334728097549,15.75817485189038,8.0,0.6924603174603174,CVX,XOM
2026-01-15,163.0568389892578,127.41020965576172,2.050526017837353,0.61003074868916,0.08650253018771803,1.6611351760706368,1.8716371286442224,1.8716371286442224,0.0029626825539543766,0.010673773254676026,0.8046921403163663,-0.014730664727021114,16.071270951372576,9.0,0.6547619047619048,CVX,XOM
2026-01-16,163.15496826171875,128.1600799560547,2.050526017837353,0.61003074868916,0.08352435945674985,1.4146066984347219,1.6611351760706368,1.6611351760706368,-0.0014448731508651669,0.010598103627149013,0.8066694593369681,-0.01617553787788628,15.721307374313444,10.0,0.6349206349206349,CVX,XOM
2026-01-20,162.21290588378906,128.72250366210938,2.050526017837353,0.61003074868916,0.07506236045368242,0.9822558308540559,1.4146066984347219,1.4146066984347219,-0.002978170730968177,0.01065749851342073,0.8061304060022383,-0.01915370860885446,15.834079033708655,11.0,0.6428571428571429,CVX,XOM
2026-01-21,163.61618041992188,131.83055114746094,2.050526017837353,0.61003074868916,0.06912159285400987,0.6736218755549778,0.9822558308540559,0.9822558308540559,-0.008461999003067433,0.010690610288317599,0.8016943186070954,-0.02761570761192189,17.062741939432556,0.0,0.6825396825396826,CVX,XOM
2026-01-22,163.54751586914062,131.8601531982422,2.050526017837353,0.61003074868916,0.06856487159018299,0.60682245999665,0.6736218755549778,0.6736218755549778,-0.005940767599672547,0.01082533171295929,0.7966569084835903,-0.03355647521159444,17.365822091146736,0.0,0.7222222222222222,CVX,XOM
2026-01-23,163.60638427734375,133.17242431640625,2.050526017837353,0.61003074868916,0.06288374327380852,0.30458703194961845,0.60682245999665,0.60682245999665,-0.000556721263826887,0.010791762394222575,0.7956981075688477,-0.034113196475421326,17.78912777575231,0.0,0.7281746031746033,CVX,XOM
2026-01-26,164.37181091308594,133.0441436767578,2.050526017837353,0.61003074868916,0.0681392034849968,0.5083120943731237,0.30458703194961845,0.30458703194961845,-0.005681128316374462,0.01088528900628639,0.794241168745675,-0.03979432479179579,18.10203835314786,0.0,0.7341269841269842,CVX,XOM
2026-01-27,165.8928680419922,135.00765991210938,2.050526017837353,0.61003074868916,0.06841313110091818,0.4770300677367131,0.5083120943731237,0.5083120943731237,0.005255460211188279,0.010917186730371287,0.7909197143805555,-0.03453886458060751,16.897803064784885,0.0,0.746031746031746,CVX,XOM
2026-01-28,166.7564239501953,135.74766540527344,2.050526017837353,0.61003074868916,0.0702705559032859,0.5177544904873642,0.4770300677367131,0.4770300677367131,0.0002739276159213766,0.010879234658269286,0.791876864313039,-0.03426493696468613,16.466589163997547,0.0,0.7380952380952381,CVX,XOM
2026-01-29,167.99290466308594,138.63864135742188,2.050526017837353,0.61003074868916,0.06480286216346798,0.21727523051324324,0.5177544904873642,0.5177544904873642,0.0018574248023677242,0.010863795313025183,0.7897447307355066,-0.03240751216231841,15.560953212399857,0.0,0.748015873015873,CVX,XOM
2026-01-30,173.5962677001953,139.51678466796875,2.050526017837353,0.61003074868916,0.09376164434534973,1.5148284685323319,0.21727523051324324,0.21727523051324324,-0.005467693739817925,0.010924725132637546,0.8228788354346767,-0.02577517648382832,14.622082042099178,0.0,0.625,CVX,XOM
2026-02-02,170.7798614501953,136.55674743652344,2.050526017837353,0.61003074868916,0.09048660722279411,1.2664529649030873,1.5148284685323319,1.5148284685323319,0.028958782181881748,0.012479370694548561,0.8025526883983999,0.0,13.58960076564256,1.0,0.7003968253968254,CVX,XOM
2026-02-03,174.7149658203125,141.81576538085938,2.050526017837353,0.61003074868916,0.09021495532227997,1.182411593371338,1.2664529649030873,1.2664529649030873,-0.003275037122555613,0.012380914137039161,0.8100396114548218,-0.003275037122555613,12.76185638051207,2.0,0.6468253968253969,CVX,XOM
2026-02-04,177.8453826904297,145.6243438720703,2.050526017837353,0.61003074868916,0.09180686383450576,1.1942951830288726,1.182411593371338,1.182411593371338,-0.0002716519005141471,0.00950380261628786,0.8133884603572026,-0.00354668902306976,12.39691287990716,3.0,0.5853174603174603,CVX,XOM
2026-02-05,175.8827362060547,144.13446044921875,2.050526017837353,0.61003074868916,0.08698320326235365,0.8944461239328823,1.1942951830288726,1.1942951830288726,0.0015919085122257925,0.007700792087921348,0.8171101588382571,-0.0019547805108439675,12.542403698062335,4.0,0.44841269841269843,CVX,XOM
2026-02-06,177.4822998046875,147.06491088867188,2.050526017837353,0.61003074868916,0.08375822726882376,0.676928959846965,0.8944461239328823,0.8944461239328823,-0.004823660572152111,0.007774751994883068,0.8192249576618578,-0.006778441082996078,11.33006293706112,0.0,0.4523809523809524,CVX,XOM
2026-02-09,179.1898193359375,149.19615173339844,2.050526017837353,0.61003074868916,0.08455600829912902,0.6713495180454271,0.676928959846965,0.676928959846965,-0.0032249759935298883,0.007798214243031002,0.8179888653818013,-0.010003417076525967,11.974927157305025,0.0,0.4603174603174603,CVX,XOM
2026-02-10,178.8561553955078,149.57107543945312,2.050526017837353,0.61003074868916,0.08116114386435092,0.42200427266670415,0.6713495180454271,0.6713495180454271,0.0007977810303052557,0.007525659538972166,0.8204418093313176,-0.009205636046220711,13.404046758176063,0.0,0.4305555555555556,CVX,XOM
2026-02-11,182.34967041015625,153.4882049560547,2.050526017837353,0.61003074868916,0.08473484335456627,0.6148306854263328,0.42200427266670415,0.42200427266670415,-0.0033948644347781,0.007496284145468276,0.8152295719485761,-0.01260050048099881,13.06555242903736,0.0,0.4444444444444444,CVX,XOM
2026-02-12,178.99354553222656,148.91920471191406,2.050526017837353,0.61003074868916,0.0845934965049735,0.5677236902828722,0.6148306854263328,0.6148306854263328,0.003573699490215354,0.007519313098343419,0.8227550355547807,-0.009026800990783457,12.054063031526187,0.0,0.4285714285714286,CVX,XOM
2026-02-13,180.30853271484375,147.44918823242188,2.050526017837353,0.61003074868916,0.09796487905110851,1.7114539634686148,0.5677236902828722,0.5677236902828722,-0.00014134684959277166,0.007488272724129504,0.8272177994112101,-0.009168147840376228,11.258909773474974,0.0,0.41666666666666663,CVX,XOM
2026-02-17,178.91131591796875,145.20443725585938,2.050526017837353,0.61003074868916,0.09954412853356986,1.8019068281451607,1.7114539634686148,1.7114539634686148,0.013371382546135013,0.008037984645018162,0.8124473714853921,0.0,11.456805670651729,1.0,0.5059523809523809,CVX,XOM
2026-02-18,182.20118713378906,149.66415405273438,2.050526017837353,0.61003074868916,0.09931125634719074,1.6876752097369911,1.8019068281451607,1.8019068281451607,0.0015792494824613534,0.007998581415181024,0.8150976091007024,0.0,11.762589622108163,2.0,0.501984126984127,CVX,XOM
2026-02-19,183.10292053222656,149.95220947265625,2.050526017837353,0.61003074868916,0.10307517323573512,1.8728505901155579,1.6876752097369911,1.6876752097369911,-0.00023287218637912943,0.007718244936168721,0.8140281873277911,-0.00023287218637912943,11.073208674214987,3.0,0.4801587301587301,CVX,XOM
2026-02-20,182.26063537597656,146.28707885742188,2.050526017837353,0.61003074868916,0.11356010692591667,2.4553495521411137,1.8728505901155579,1.8728505901155579,0.003763916888544383,0.007556648116493942,0.8135869912993411,0.0,11.363985962714045,4.0,0.4642857142857143,CVX,XOM
2026-02-23,183.23175048828125,149.74362182617188,2.050526017837353,0.61003074868916,0.10462767923973182,1.5751472750183257,2.4553495521411137,2.4553495521411137,0.010484933690181553,0.007772053242043403,0.8066277412483833,0.0,11.616643194377026,5.0,0.5178571428571428,CVX,XOM
2026-02-24,183.6578369140625,148.25372314453125,2.050526017837353,0.61003074868916,0.11305037378958138,2.0163373471641757,1.5751472750183257,1.5751472750183257,-0.008932427686184852,0.007967778950292562,0.8002567470940011,-0.008932427686184852,10.102031867990016,6.0,0.5932539682539683,CVX,XOM
2026-02-25,182.54800415039062,148.05508422851562,2.050526017837353,0.61003074868916,0.10780700676511179,1.5122583300004981,2.0163373471641757,2.0163373471641757,0.008422694549849563,0.008060115067581766,0.7938552388794395,-0.0005097331363352886,11.474382237493991,7.0,0.6408730158730158,CVX,XOM
2026-02-26,182.48855590820312,147.53857421875,2.050526017837353,0.61003074868916,0.10961319050894325,1.518996209820265,1.5122583300004981,1.5122583300004981,-0.005243367024469592,0.008215788910329232,0.7948075664142976,-0.00575310016080488,11.451982797263689,8.0,0.6428571428571428,CVX,XOM
2026-02-27,185.06495666503906,151.47189331054688,2.050526017837353,0.61003074868916,0.10758244012889939,1.2951602753224336,1.518996209820265,1.518996209820265,0.0018061837438314576,0.008215831510895262,0.7945411939161912,-0.003946916416973423,12.536016147104108,9.0,0.6468253968253967,CVX,XOM
2026-03-02,187.87918090820312,153.1802978515625,2.050526017837353,0.61003074868916,0.11583282466261924,1.6909953772458508,1.2951602753224336,1.2951602753224336,-0.0020307503800438553,0.008093557780490254,0.7959638422525435,-0.005977666797017278,12.483273224682954,10.0,0.6369047619047619,CVX,XOM
2026-03-03,187.0567169189453,150.80641174316406,2.050526017837353,0.61003074868916,0.12097346328638414,1.8268774163352905,1.6909953772458508,1.6909953772458508,0.008250384533719846,0.005507808524878148,0.7927020821488178,0.0,13.360808480315077,11.0,0.3948412698412699,CVX,XOM
2026-03-04,184.34158325195312,148.80996704101562,2.050526017837353,0.61003074868916,0.1144818610984184,1.3372652440265285,1.8268774163352905,1.8268774163352905,0.005140638623764904,0.005478612153813239,0.793866770704587,0.0,13.348076040067115,12.0,0.3849206349206349,CVX,XOM
2026-03-05,188.17645263671875,149.74362182617188,2.050526017837353,0.61003074868916,0.1312560319867373,2.092782425203025,1.3372652440265285,1.3372652440265285,-0.006491602187965739,0.005741947451364628,0.8009440938918604,-0.006491602187965739,11.887760247054093,13.0,0.36706349206349204,CVX,XOM
2026-03-06,188.21609497070312,150.1905975341797,2.050526017837353,0.61003074868916,0.12964848269493778,1.8396940718852448,2.092782425203025,2.092782425203025,0.016774170888318896,0.006670345341007955,0.7952545032636421,0.0,15.526338738642652,14.0,0.5158730158730158,CVX,XOM
2026-03-09,187.7206268310547,149.42578125,2.050526017837353,0.61003074868916,0.13012696765885412,1.7489637907606341,1.8396940718852448,1.8396940718852448,-0.0016075492917995149,0.006542102845104502,0.7941468409566009,-0.0016075492917995149,15.438951816798571,15.0,0.5059523809523809,CVX,XOM
2026-03-10,184.59921264648438,147.13136291503906,2.050526017837353,0.61003074868916,0.12279881637589263,1.2742471763439671,1.7489637907606341,1.7489637907606341,0.0004784849639163369,0.006439425322206404,0.8075010191602516,-0.001129064327883178,15.64647257244809,16.0,0.3849206349206349,CVX,XOM
2026-03-11,190.04930114746094,150.55809020996094,2.050526017837353,0.61003074868916,0.13785043111004391,1.9539006555737652,1.2742471763439671,1.2742471763439671,-0.0073281512829614925,0.00677040139890985,0.8137866004702823,-0.00845721561084467,14.199364527468834,17.0,0.4107142857142857,CVX,XOM
2026-03-12,195.1822967529297,152.4949493408203,2.050526017837353,0.61003074868916,0.1567031808438859,2.615424587329165,1.9539006555737652,1.9539006555737652,0.015051614734151286,0.007225768324823951,0.8178921906337208,0.0,17.933350547685823,18.0,0.4365079365079365,CVX,XOM
2026-03-13,195.03366088867188,155.06747436523438,2.050526017837353,0.61003074868916,0.14573624586198486,1.9387527054751623,2.615424587329165,2.615424587329165,0.01885274973384199,0.008026833393479336,0.8125064106034291,0.0,39.339638583283694,19.0,0.5277777777777778,CVX,XOM
2026-03-16,195.053466796875,156.1699981689453,2.050526017837353,0.61003074868916,0.14151584298046194,1.5833297198146552,1.9387527054751623,1.9387527054751623,-0.010966934981901044,0.008604955143988173,0.8038875864526237,-0.010966934981901044,24.589826799601173,20.0,0.6190476190476191,CVX,XOM
2026-03-17,196.1732177734375,157.73934936523438,2.050526017837353,0.61003074868916,0.1411405680886797,1.4488282175898886,1.5833297198146552,1.5833297198146552,-0.004220402881522922,0.008402411727820105,0.7917508569982118,-0.015187337863423966,23.209352955095763,21.0,0.6865079365079365,CVX,XOM
2026-03-18,196.80740356445312,156.52757263183594,2.050526017837353,0.61003074868916,0.14907257732395962,1.6793311687143997,1.4488282175898886,1.4488282175898886,-0.00037527489178224016,0.008420149621498483,0.7879659963485083,-0.015562612755206207,22.131016053848228,22.0,0.7023809523809523,CVX,XOM
2026-03-19,199.61172485351562,157.09373474121094,2.050526017837353,0.61003074868916,0.1610185698883888,2.008930280195121,1.6793311687143997,1.6793311687143997,0.007932009235279924,0.008495718539173842,0.7831970757134495,-0.007630603519926282,26.133154256728375,23.0,0.7301587301587302,CVX,XOM
2026-03-20,199.89907836914062,158.5935516357422,2.050526017837353,0.61003074868916,0.15666059303475333,1.6755430029017027,2.008930280195121,2.008930280195121,0.011945992564429186,0.008740772078106382,0.7794291582315126,0.0,56.104871982944765,24.0,0.7638888888888888,CVX,XOM
2026-03-23,203.34750366210938,160.04371643066406,2.050526017837353,0.61003074868916,0.16821160161343807,1.9808697946922407,1.6755430029017027,1.6755430029017027,-0.004357976853635481,0.00869502537040243,0.7764974628884853,-0.004357976853635481,53.10327750726018,25.0,0.7757936507936508,CVX,XOM
2026-03-24,204.9131622314453,164.2650604248047,2.050526017837353,0.61003074868916,0.15999978822293448,1.5321493266968118,1.9808697946922407,1.9808697946922407,0.01155100857868474,0.008533591549208314,0.7760756292231294,0.0,144.03197691169632,26.0,0.7599206349206349,CVX,XOM
2026-03-25,203.2880401611328,162.1593475341797,2.050526017837353,0.61003074868916,0.15990792348304206,1.4443658107295116,1.5321493266968118,1.5321493266968118,-0.008211813390503586,0.008788825785320578,0.7682778288809825,-0.008211813390503586,62.81997709737206,27.0,0.8035714285714286,CVX,XOM
2026-03-26,205.90408325195312,164.31471252441406,2.050526017837353,0.61003074868916,0.16463957775711613,1.5480723161077683,1.4443658107295116,1.4443658107295116,-9.186473989242216e-05,0.0086367581149143,0.771369612856849,-0.008303678130396008,67.02960443329134,28.0,0.7896825396825397,CVX,XOM
2026-03-27,209.23358154296875,169.8372344970703,2.050526017837353,0.61003074868916,0.16051460957684638,1.3073179244326065,1.5480723161077683,1.5480723161077683,0.004731654274074071,0.00864675713382417,0.7728303988639577,-0.0035720238563219375,106.57249322348248,29.0,0.7797619047619048,CVX,XOM
2026-03-30,208.79759216308594,170.31399536132812,2.050526017837353,0.61003074868916,0.15671863390494956,1.0723158705063303,1.3073179244326065,1.3073179244326065,-0.00412496818026975,0.008716432844245859,0.7726243889536948,-0.007696992036591688,76.03867146576437,30.0,0.7876984126984128,CVX,XOM
2026-03-31,205.02215576171875,168.51620483398438,2.050526017837353,0.61003074868916,0.14494491390009268,0.4946996527597076,1.0723158705063303,1.0723158705063303,-0.003795975671896823,0.008724599919668652,0.7721190325952714,-0.01149296770848851,62.48703838138539,31.0,0.7896825396825398,CVX,XOM
2026-04-01,195.61830139160156,159.69607543945312,2.050526017837353,0.61003074868916,0.13078709129827715,-0.2207179956280863,0.4946996527597076,0.4946996527597076,-0.01177372000485688,0.00919080556888787,0.772969794784381,-0.02326668771334539,41.341448981842085,0.0,0.8055555555555556,CVX,XOM
2026-04-02,197.1641387939453,159.60667419433594,2.050526017837353,0.61003074868916,0.1389999501115189,0.1256412836326921,-0.2207179956280863,0.2207179956280863,-0.014157822601815528,0.009651838367876964,0.8300412796022955,-0.03742451031516092,30.700857358758117,0.0,0.5773809523809523,CVX,XOM
2026-04-06,197.0551300048828,162.2686004638672,2.050526017837353,0.61003074868916,0.1283567078689445,-0.4490691606873377,0.1256412836326921,0.1256412836326921,0.008212858813241741,0.009109150705981069,0.8160020077193245,-0.029211651501919178,33.799477680178285,0.0,0.5714285714285714,CVX,XOM
2026-04-07,199.71080017089844,162.8049774169922,2.050526017837353,0.61003074868916,0.139730367350976,0.0840682371008218,-0.4490691606873377,0.4490691606873377,-0.010643242242574402,0.009415789668636867,0.8062652013292017,-0.03985489374449358,30.6156038372189,0.0,0.6428571428571428,CVX,XOM
2026-04-08,191.13931274414062,155.16680908203125,2.050526017837353,0.61003074868916,0.1251759758657056,-0.7495691841396602,0.0840682371008218,0.0840682371008218,0.011373659482031506,0.00974100932568183,0.7923964776084932,-0.028481234262462074,35.9867347870229,0.0,0.7321428571428572,CVX,XOM
2026-04-09,188.6322784423828,153.99476623535156,2.050526017837353,0.61003074868916,0.11659825072535179,-1.276498055935604,-0.7495691841396602,0.7495691841396602,-0.01455439148527038,0.010149390336028269,0.8234806110107248,-0.04303562574773245,28.964451384795165,0.0,0.5932539682539683,CVX,XOM
2026-04-10,186.83871459960938,151.4818115234375,2.050526017837353,0.61003074868916,0.11708137266000262,-1.2904167862269151,-1.276498055935604,1.276498055935604,-0.00857772514035382,0.009708059878642704,0.8247288668501291,-0.051613350888086273,26.868273300569673,1.0,0.5833333333333333,CVX,XOM
2026-04-13,190.03939819335938,151.61094665527344,2.050526017837353,0.61003074868916,0.13354720916827745,-0.4008667642204631,-1.2904167862269151,1.2904167862269151,0.000483121934650832,0.008584358277676491,0.8270547859928971,-0.05113022895343544,27.06107304844154,2.0,0.501984126984127,CVX,XOM
2026-04-14,185.32260131835938,148.23387145996094,2.050526017837353,0.61003074868916,0.12215571737820552,-1.1412839989871664,-0.4008667642204631,0.4008667642204631,0.016465836508274823,0.009207985673376788,0.8135692675249742,-0.03466439244516062,30.991851758125886,0.0,0.5972222222222222,CVX,XOM
2026-04-15,183.23175048828125,148.0054168701172,2.050526017837353,0.61003074868916,0.11175025818288731,-1.7299190144205228,-1.1412839989871664,1.1412839989871664,-0.011391491790071928,0.00947729443341406,0.8189314973389422,-0.04605588423523255,27.44456785969832,1.0,0.5952380952380952,CVX,XOM
2026-04-16,186.4423370361328,150.9553985595703,2.050526017837353,0.61003074868916,0.11708122711420943,-1.4189450945706765,-1.7299190144205228,1.7299190144205228,-0.010405459195318212,0.009695530291640279,0.8171101079043293,-0.05646134343055076,25.388478509172597,2.0,0.6150793650793651,CVX,XOM
2026-04-17,182.32009887695312,145.45274353027344,2.050526017837353,0.61003074868916,0.11737552478301749,-1.3359294657435328,-1.4189450945706765,1.4189450945706765,0.005330968931322122,0.009585368546295499,0.8226940075405594,-0.05113037449922864,26.190649525209846,3.0,0.5873015873015873,CVX,XOM
2026-04-20,181.58680725097656,146.6843719482422,2.050526017837353,0.61003074868916,0.1082016944662696,-1.7559344009839022,-1.3359294657435328,1.3359294657435328,0.0002942976688080634,0.009085434032679343,0.8327240877756705,-0.05083607683042057,26.31131724381319,4.0,0.5178571428571428,CVX,XOM
2026-04-21,184.2920379638672,147.35980224609375,2.050526017837353,0.61003074868916,0.12018700935493642,-1.0343305535908967,-1.7559344009839022,1.7559344009839022,-0.0091738303167479,0.00920296680002423,0.8286710334124792,-0.06000990714716847,24.768254562754226,5.0,0.5396825396825398,CVX,XOM
2026-04-22,184.6289520263672,148.4921112060547,2.050526017837353,0.61003074868916,0.1173439501602429,-1.172369329428991,-1.0343305535908967,1.0343305535908967,0.011985314888666831,0.009236365902470458,0.8279472123713641,-0.04802459225850164,25.94300588178356,6.0,0.5436507936507937,CVX,XOM
2026-04-23,185.8973388671875,149.51516723632812,2.050526017837353,0.61003074868916,0.12000190813603506,-0.9740645600571377,-1.172369329428991,1.172369329428991,-0.00284305919469352,0.00914111660342623,0.8279919177604819,-0.05086765145319516,25.394987973893276,7.0,0.5257936507936508,CVX,XOM
2026-04-24,183.52902221679688,147.90609741210938,2.050526017837353,0.61003074868916,0.11378082493320507,-1.228370605830705,-0.9740645600571377,0.9740645600571377,0.002657957975792158,0.009191322210697126,0.827641293294156,-0.048209693477403004,25.745637133356986,0.0,0.5416666666666667,CVX,XOM
2026-04-27,183.10292053222656,147.19094848632812,2.050526017837353,0.61003074868916,0.11441315999914359,-1.1172410109860496,-1.228370605830705,1.228370605830705,-0.006221083202829991,0.009100041949814983,0.8287593609133814,-0.054430776680232995,27.248042856859687,1.0,0.5158730158730158,CVX,XOM
2026-04-28,186.6504364013672,149.5449676513672,2.050526017837353,0.61003074868916,0.12392329645886413,-0.5732267516360567,-1.1172410109860496,1.1172410109860496,0.0006323350659385163,0.00911773877997483,0.8310709852047027,-0.05379844161429448,29.206776756612236,2.0,0.5158730158730159,CVX,XOM
2026-04-29,190.47540283203125,153.62725830078125,2.050526017837353,0.61003074868916,0.12777939082793255,-0.34324852910526,-0.5732267516360567,0.5732267516360567,0.009510136459720542,0.009463580052300911,0.8523167639515211,-0.04428830515457394,30.642637785304583,0.0,0.5496031746031746,CVX,XOM
2026-04-30,191.55551147460938,153.28955078125,2.050526017837353,0.61003074868916,0.13477642920915223,0.056997647297004135,-0.34324852910526,0.34324852910526,0.003856094369068419,0.009237098781407603,0.8527752685391429,-0.04043221078550552,31.44188691456945,0.0,0.5257936507936508,CVX,XOM
2026-05-01,188.89984130859375,151.72019958496094,2.050526017837353,0.61003074868916,0.12709329579754947,-0.3085514448972775,0.056997647297004135,0.056997647297004135,0.006997038381219678,0.008857007117254973,0.8466839198515416,-0.03343517240428584,33.31589114289367,0.0,0.4900793650793651,CVX,XOM
2026-05-04,190.53485107421875,152.65386962890625,2.050526017837353,0.61003074868916,0.13196892372755364,0.01163566965818197,-0.3085514448972775,0.3085514448972775,-0.0076831334116027605,0.008815379488816938,0.8440573616217355,-0.0411183058158886,30.392034756235923,0.0,0.48809523809523814,CVX,XOM
2026-05-05,190.89158630371094,153.83584594726562,2.050526017837353,0.61003074868916,0.12913427110478048,-0.08390283033199747,0.01163566965818197,0.01163566965818197,0.004875627930004178,0.00857655953337923,0.8431231609202963,-0.03624267788588442,31.488486846321702,0.0,0.4662698412698413,CVX,XOM
2026-05-06,183.47947692871094,147.6875762939453,2.050526017837353,0.61003074868916,0.1144127746656145,-0.9603899169540626,-0.08390283033199747,0.08390283033199747,-0.0028346526227731594,0.008200186389522133,0.8431006808137346,-0.03907733050865758,29.829835119716968,0.0,0.4305555555555556,CVX,XOM
2026-05-07,180.84361267089844,145.591796875,2.050526017837353,0.61003074868916,0.1086613239177101,-1.2885401542301727,-0.9603899169540626,0.9603899169540626,-0.014721496439165982,0.00821454447957766,0.8562364930462989,-0.053798826947823564,24.801856859111318,0.0,0.4126984126984127,CVX,XOM
2026-05-08,179.9716033935547,143.59535217285156,2.050526017837353,0.61003074868916,0.1122507663060408,-1.0287703395096486,-1.2885401542301727,1.2885401542301727,-0.005751450747904396,0.00809851598105325,0.8583234818163616,-0.05955027769572796,26.11745412403478,1.0,0.40674603174603174,CVX,XOM
2026-05-11,183.06329345703125,148.6708984375,2.050526017837353,0.61003074868916,0.10809371635138865,-1.363237823649672,-1.0287703395096486,1.0287703395096486,0.003589442388330699,0.00814356468087854,0.8538432661542131,-0.05596083530739726,27.081013605429693,2.0,0.4107142857142857,CVX,XOM
2026-05-12,184.26229858398438,149.614501953125,2.050526017837353,0.61003074868916,0.1107624496917019,-1.1517676645350505,-1.363237823649672,1.363237823649672,-0.004157049954652159,0.007215548938575849,0.850473538927321,-0.06011788526204942,25.32041590593314,3.0,0.3472222222222222,CVX,XOM
2026-05-13,184.31185913085938,150.5481719970703,2.050526017837353,0.61003074868916,0.10723631027985903,-1.4666583639648358,-1.1517676645350505,1.1517676645350505,0.0026687333403132563,0.006872200046339742,0.858210373390463,-0.057449151921736163,24.681349210999315,4.0,0.32341269841269843,CVX,XOM
2026-05-14,184.946044921875,151.75,2.050526017837353,0.61003074868916,0.1058206862436295,-1.4975206964400538,-1.4666583639648358,1.4666583639648358,-0.003526139411842877,0.006535190466886991,0.8572004871266095,-0.06097529133357904,23.465472810169295,5.0,0.28174603174603174,CVX,XOM
2026-05-15,189.36557006835938,157.9199981689453,2.050526017837353,0.61003074868916,0.10512368548503392,-1.4994770931173924,-1.4975206964400538,1.4975206964400538,-0.0014156240362295236,0.006412635369657718,0.8543730776146364,-0.062390915369808564,21.784837868465395,6.0,0.2638888888888889,CVX,XOM
2026-05-18,194.33999633789062,160.49000549316406,2.050526017837353,0.61003074868916,0.12120569833110695,0.26934446234209664,-1.4994770931173924,1.4994770931173924,-0.0006970007585955784,0.006409647639882554,0.8589948268049036,-0.06308791612840414,20.889606422648015,7.0,0.251984126984127,CVX,XOM
2026-05-19,197.25,162.5500030517578,2.050526017837353,0.61003074868916,0.12828814478313033,1.1768474242255977,0.26934446234209664,0.26934446234209664,0.016082012846073024,0.007054054877633008,0.86465067641755,-0.04700590328233112,21.85879337236073,0.0,0.32341269841269843,CVX,XOM
2026-05-20,191.3300018310547,156.27999877929688,2.050526017837353,0.61003074868916,0.12181229598750276,0.4249243931333822,1.1768474242255977,1.1768474242255977,0.007082446452023383,0.006733798575703681,0.8710189982214853,-0.039923456830307735,22.0704678207983,1.0,0.29365079365079366,CVX,XOM
2026-05-21,191.00999450683594,155.2899932861328,2.050526017837353,0.61003074868916,0.1240150809737317,0.6545445503929154,0.4249243931333822,0.4249243931333822,-0.00647584879562757,0.006866649879096704,0.8824188175087955,-0.046399305625935305,21.8947546630663,0.0,0.29563492063492064,CVX,XOM
2026-05-22,191.42999267578125,154.9199981689453,2.050526017837353,0.61003074868916,0.12766669348939352,1.0279744156522623,0.6545445503929154,0.6545445503929154,0.002202784986228945,0.0068592935505297934,0.8826438058048556,-0.04419652063970636,22.675075565687138,0.0,0.28968253968253965,CVX,XOM
2026-05-26,184.7100067138672,149.80999755859375,2.050526017837353,0.61003074868916,0.1123926515865139,-0.7038656280681457,1.0279744156522623,1.0279744156522623,0.0036516125156618173,0.006733479667037212,0.8823074388608138,-0.04054490812404454,23.887128123581864,1.0,0.27380952380952384,CVX,XOM
2026-05-27,182.39999389648438,147.89999389648438,2.050526017837353,0.61003074868916,0.10763522904435208,-1.1998134477132523,-0.7038656280681457,0.7038656280681457,-0.01527404190287962,0.007580000730570842,0.8887771496231712,-0.05581895002692416,20.458286852953798,0.0,0.3273809523809524,CVX,XOM
2026-05-28,183.02999877929688,146.9600067138672,2.050526017837353,0.61003074868916,0.1149727116104029,-0.33787172850911634,-1.1998134477132523,1.1998134477132523,-0.004757422542161827,0.007308411800721632,0.8892100894635221,-0.06057637256908599,19.318192176183,1.0,0.30952380952380953,CVX,XOM
2026-05-29,182.4600067138672,145.25999450683594,2.050526017837353,0.61003074868916,0.11895153331164776,0.13340981946813252,-0.33787172850911634,0.33787172850911634,0.007337482566050824,0.007457517525887659,0.8889723005009087,-0.053238890003035166,20.50830544815784,0.0,0.3134920634920635,CVX,XOM
2026-06-01,185.8300018310547,149.3800048828125,2.050526017837353,0.61003074868916,0.12019133534557724,0.2709572799710004,0.13340981946813252,0.13340981946813252,0.003978821701244861,0.007330903812358884,0.8869871354876151,-0.049260068301790305,18.68548821768626,0.0,0.30952380952380953,CVX,XOM
2026-06-02,187.5500030517578,149.55999755859375,2.050526017837353,0.61003074868916,0.12866993821545503,1.2059741750424515,0.2709572799710004,0.2709572799710004,0.0012398020339294824,0.0071675975674849466,0.8937308872942098,-0.04802026626786082,17.385170821420918,0.0,0.2916666666666667,CVX,XOM
2026-06-03,189.7100067138672,152.52999877929688,2.050526017837353,0.61003074868916,0.12812563624228712,1.0867639628773944,1.2059741750424515,1.2059741750424515,0.008478602869877783,0.007339760705687764,0.8922093980245881,-0.03954166339798304,15.262765863546026,1.0,0.30158730158730157,CVX,XOM
2026-06-04,188.35000610351562,152.0399932861328,2.050526017837353,0.61003074868916,0.12289386689890769,0.44851012909930305,1.0867639628773944,1.0867639628773944,-0.0005443019731679044,0.0073150394788323685,0.8925689854203883,-0.040085965371150944,16.897938264613412,2.0,0.29563492063492064,CVX,XOM
2026-06-05,187.30999755859375,149.9199981689453,2.050526017837353,0.61003074868916,0.12592281154460006,0.7725852909025022,0.44851012909930305,0.44851012909930305,-0.005231769343379433,0.006623063586937246,0.8910441160707102,-0.04531773471453038,15.295627656242326,0.0,0.23015873015873017,CVX,XOM
2026-06-08,189.24000549316406,151.75,2.050526017837353,0.61003074868916,0.12877263256455862,1.033154244621922,0.7725852909025022,0.7725852909025022,0.0030289446456923663,0.006488810538196494,0.8887926654199,-0.04228879006883801,14.648128083875811,0.0,0.2123015873015873,CVX,XOM
2026-06-09,186.75999450683594,148.91000366210938,2.050526017837353,0.61003074868916,0.12710578271189998,0.7899954067424175,1.033154244621922,1.033154244621922,0.002849821019958565,0.006475260503332264,0.894531144507135,-0.039438969048879446,14.825367737156977,1.0,0.19642857142857142,CVX,XOM
2026-06-10,189.8000030517578,150.6199951171875,2.050526017837353,0.61003074868916,0.13628704060286445,1.704727360391513,0.7899954067424175,0.7899954067424175,-0.0016668498526586362,0.006401769152720691,0.9014556739072063,-0.04110581890153808,13.541482673903237,0.0,0.16468253968253968,CVX,XOM
2026-06-11,185.82000732421875,146.60000610351562,2.050526017837353,0.61003074868916,0.13159734235108234,1.1655340134535632,1.704727360391513,1.704727360391513,0.009181257890964467,0.00664200278838746,0.9022678002342908,-0.031924561010573616,13.955364936645333,1.0,0.20436507936507936,CVX,XOM
2026-06-12,187.22000122070312,147.00999450683594,2.050526017837353,0.61003074868916,0.1373995829464154,1.7515733539435885,1.1655340134535632,1.1655340134535632,-0.004689698251782115,0.006688743806725983,0.9047006345056772,-0.03661425926235573,12.097194050336883,2.0,0.20833333333333331,CVX,XOM
2026-06-15,180.39999389648438,140.9199981689453,2.050526017837353,0.61003074868916,0.1261010778372822,0.5629514287044549,1.7515733539435885,1.7515733539435885,0.005802240595333075,0.006731491428669362,0.9068345495114606,-0.030812018667022656,11.61159484198577,3.0,0.2123015873015873,CVX,XOM
2026-06-16,180.11000061035156,141.86000061035156,2.050526017837353,0.61003074868916,0.12043660339846607,0.004189619063577008,0.5629514287044549,0.5629514287044549,-0.011298505109133217,0.007284534065682791,0.9160002318310532,-0.04211052377615587,11.203972061109729,0.0,0.251984126984127,CVX,XOM
2026-06-17,177.5800018310547,140.74000549316406,2.050526017837353,0.61003074868916,0.1111253970521564,-0.9411503594289797,0.004189619063577008,0.004189619063577008,-0.005664474438816125,0.006544909620127852,0.9156498708842127,-0.047774998214972,10.276450871210361,0.0,0.17063492063492064,CVX,XOM
2026-06-18,173.6300048828125,137.80999755859375,2.050526017837353,0.61003074868916,0.10146484103902242,-1.8370305813290213,-0.9411503594289797,0.9411503594289797,-0.009311206346309664,0.00662780481931061,0.9161768100546481,-0.053514180704959724,9.63788213080136,0.0,0.17857142857142858,CVX,XOM
2026-06-22,175.05999755859375,138.47000122070312,2.050526017837353,0.61003074868916,0.10675236964852663,-1.2779744386783347,-1.8370305813290213,1.8370305813290213,-0.00966055601313398,0.006796957807197413,0.9212891724951997,-0.0631747367180937,8.812766013411588,1.0,0.20634920634920634,CVX,XOM
2026-06-23,175.97999572753906,139.72999572753906,2.050526017837353,0.61003074868916,0.10646812573976083,-1.2626800269835203,-1.2779744386783347,1.2779744386783347,0.005287528609504211,0.0069024607633305715,0.9212298934208505,-0.057887208108589494,8.098197064572691,2.0,0.22619047619047616,CVX,XOM
2026-06-24,171.4499969482422,136.89999389648438,2.050526017837353,0.61003074868916,0.09287146325808804,-2.359932750762067,-1.2626800269835203,1.2626800269835203,-0.0002842439087658022,0.0068266276769887385,0.9205750536659902,-0.054046483837085546,8.01782715068409,3.0,0.20436507936507936,CVX,XOM
2026-06-25,172.24000549316406,137.5500030517578,2.050526017837353,0.61003074868916,0.09457908012005278,-2.0153675727912925,-2.359932750762067,2.359932750762067,-0.013596662481672794,0.006659748146282539,0.9220254336581417,-0.06384717064686152,7.8746102038396275,4.0,0.17063492063492064,CVX,XOM
2026-06-26,171.05999755859375,136.5399932861328,2.050526017837353,0.61003074868916,0.09220044717849474,-2.0442324526257925,-2.0153675727912925,2.0153675727912925,0.0017076168619647447,0.006625173514678278,0.9227499485152517,-0.05036583378003989,8.289232849404426,5.0,0.15873015873015872,CVX,XOM
2026-06-29,168.47000122070312,136.05999755859375,2.050526017837353,0.61003074868916,0.07909208289277059,-2.671568530360095,-2.0442324526257925,2.0442324526257925,-0.0023786329415580454,0.006372880338294029,0.9243895648013551,-0.047529920172481255,12.333045528123826,6.0,0.10119047619047619,CVX,XOM
