Date,KO,PEP,XOM,CVX,JPM,BAC,MSFT,AAPL,SPY,QQQ
2018-01-02,35.024227142333984,90.64907836914062,58.18548202514648,88.6404800415039,85.51600646972656,24.51014709472656,78.69989776611328,40.267086029052734,235.95431518554688,150.05728149414062
2018-01-03,34.94731521606445,90.41104125976562,59.3282470703125,89.28663635253906,85.60315704345703,24.42817497253418,79.06616973876953,40.26007080078125,237.4467315673828,151.5153045654297
2018-01-04,35.439537048339844,90.8563995361328,59.410377502441406,89.00873565673828,86.82947540283203,24.74787139892578,79.76207733154297,40.44706344604492,238.4475555419922,151.78042602539062
2018-01-05,35.43183898925781,91.1174545288086,59.36247634887695,88.86282348632812,86.27205657958984,24.86263656616211,80.75096130371094,40.90756988525391,240.0365753173828,153.30474853515625
2018-01-08,35.37800598144531,90.59532165527344,59.62935256958008,89.30054473876953,86.39948272705078,24.69049453735352,80.83336639404297,40.75563049316406,240.4754943847656,153.9011688232422
2018-01-09,35.554893493652344,90.66442108154295,59.37617111206055,88.82113647460938,86.83744812011719,24.81344985961914,80.77839660644531,40.75094985961914,241.01976013183597,153.91067504882812
2018-01-10,35.43183898925781,90.20374298095705,58.90399932861328,89.39086151123047,87.79299926757812,25.042978286743164,80.41215515136719,40.74161148071289,240.6510772705078,153.5509033203125
2018-01-11,35.408775329589844,89.74305725097656,59.48565673828125,92.10747528076172,88.2628402709961,25.133146286010746,80.65023803710938,40.9730224609375,242.40692138671875,154.60179138183594
2018-01-12,35.49337387084961,90.126953125,59.88937377929688,92.82308959960938,89.72010040283203,25.567611694335938,82.04200744628906,41.3961181640625,243.98712158203125,155.7379608154297
2018-01-16,35.78562545776367,90.49549865722656,59.51301193237305,91.7183837890625,89.40155029296875,25.608592987060547,80.89746856689453,41.18574523925781,243.15316772460935,155.2930145263672
2018-01-17,36.008670806884766,91.509033203125,60.21783447265625,91.96156311035156,89.97489929199219,25.55940818786621,82.53648376464844,41.86598587036133,245.4707794189453,156.96881103515625
2018-01-18,36.054805755615234,91.40921020507812,59.82779312133789,91.42659759521484,90.18990325927734,25.80533218383789,82.49982452392578,41.90337371826172,245.0581512451172,156.99725341796875
2018-01-19,36.2701416015625,92.26918029785156,59.63618087768555,91.22509002685548,89.99085235595703,26.002073287963867,82.40829467773438,41.71637725830078,246.1731414794922,157.4895477294922
2018-01-22,36.43935012817383,93.2980499267578,60.388919830322266,92.10050201416016,91.04197692871094,26.18241310119629,83.88248443603516,41.375091552734375,248.17477416992188,159.1747283935547
2018-01-23,36.49317932128906,93.13681030273438,60.42313766479492,91.0305633544922,90.94641876220705,26.166017532348636,84.14802551269531,41.38443374633789,248.70150756835935,160.49085998535156
2018-01-24,36.785438537597656,93.01395416259766,60.580509185791016,91.2876205444336,92.10901641845705,26.30537223815918,84.07474517822266,40.72522735595703,248.60491943359372,159.44943237304688
2018-01-25,36.79312515258789,92.82969665527344,60.47102737426758,90.77349090576172,92.13290405273438,26.30537223815918,84.54171752929688,39.99826431274414,248.71023559570312,159.39260864257812
2018-01-26,37.32379913330078,93.48999786376952,60.902137756347656,91.1486587524414,92.6266098022461,26.39554214477539,86.12579345703125,40.09175109863281,251.5897216796875,161.8353271484375
2018-01-29,36.68545913696289,91.88524627685548,60.22467422485352,89.26577758789062,92.53107452392578,26.461124420166016,85.99763488769531,39.26192092895508,249.92172241210935,161.04953002929688
2018-01-30,36.46240997314453,92.0541763305664,59.38298416137695,87.00775146484375,91.6630859375,26.13322639465332,84.91716003417969,39.03050231933594,247.3583068847656,159.72401428222656
2018-01-31,36.60084915161133,92.36898803710938,59.73886489868164,87.09113311767578,92.10901641845705,26.231595993041992,86.99565887451172,39.138031005859375,247.4811553955078,160.38674926757812
2018-02-01,36.49317932128906,92.36898803710938,60.95003128051758,87.2439956665039,93.06458282470705,26.641469955444336,86.30892181396484,39.219844818115234,247.2002410888672,159.0233612060547
2018-02-02,35.9394416809082,91.1174545288086,57.84334182739258,82.3874282836914,91.0021514892578,26.19061088562012,84.03813171386719,37.51808547973633,241.8186798095703,155.8516387939453
2018-02-05,34.52431106567383,87.88489532470703,54.55189514160156,78.24652099609375,86.63841247558594,24.805259704589844,80.57697296142578,36.58071517944336,231.70526123046875,149.70687866210938
2018-02-06,34.35512161254883,87.19385528564453,53.61440658569336,81.41476440429688,89.27415466308594,25.575807571411133,83.6260757446289,38.10950469970703,236.27035522460935,153.67398071289062
2018-02-07,34.2705192565918,87.14778900146484,52.64954376220703,80.10159301757812,89.8793716430664,25.616792678833008,82.05119323730469,37.293678283691406,234.98866271972656,151.68576049804688
2018-02-08,33.14765548706055,84.57560729980469,52.05422592163086,78.0241928100586,85.90576934814453,24.37898826599121,77.83920288085938,36.26748275756836,226.17442321777344,145.28541564941406
2018-02-09,33.17072677612305,85.366455078125,52.38602828979492,78.85794067382812,87.62580108642578,24.86263656616211,80.74178314208984,36.71108627319336,229.5719146728516,147.7943878173828
2018-02-12,33.81676483154297,85.94232177734375,52.82845687866211,79.1914291381836,88.97953033447266,25.510229110717773,81.61166381835938,38.18977355957031,232.94309997558597,150.4169921875
2018-02-13,33.985958099365234,86.10355377197266,52.74550628662109,78.7120361328125,89.52899169921875,25.55940818786621,82.25263977050781,38.57233428955078,233.52243041992188,151.1934051513672
2018-02-14,33.9167366027832,83.77705383300781,52.85611343383789,78.94827270507812,91.59935760498048,26.231595993041992,83.5405502319336,39.283504486083984,236.67417907714844,154.02426147460938
2018-02-15,34.43972396850586,85.2052001953125,52.68328857421875,78.96231079101562,91.98161315917967,26.40374183654785,85.24246215820312,40.60260009765625,239.69415283203125,156.88357543945312
2018-02-16,34.59354019165039,85.2743148803711,52.91142272949219,78.68865203857422,91.3206787109375,26.207006454467773,84.6352767944336,40.47114181518555,239.76438903808597,156.1830596923828
2018-02-20,33.83214569091797,84.06114959716797,52.36529159545898,77.87468719482422,91.34456634521484,26.17421531677246,85.29764556884766,40.33502578735352,238.2632293701172,156.4954071044922
2018-02-21,33.33223342895508,82.9247817993164,51.77078628540039,76.52738952636719,91.726806640625,26.12503433227539,84.16609191894531,40.151947021484375,237.0780487060547,156.05044555664062
2018-02-22,33.470672607421875,83.8922348022461,52.44134521484375,77.10981750488281,91.55956268310548,25.97747611999512,84.38688659667969,40.48758316040039,237.3853302001953,156.0315399169922
2018-02-23,33.8705940246582,84.21471405029297,53.59579849243164,79.00440979003906,93.41495513916016,26.25618553161621,86.53036499023438,41.19171524047852,241.1690216064453,159.22219848632812
2018-02-26,33.8629035949707,85.18218231201172,54.50139236450195,80.41481018066406,94.57756042480467,26.57588195800781,87.7815170288086,42.00615310668945,243.9695281982422,161.3335723876953
2018-02-27,33.54757308959961,85.14379119873047,53.57505416870117,79.72015380859375,93.45478057861328,26.502105712890625,86.65916442871094,41.87001800537109,240.9231719970703,159.33583068847656
2018-02-28,33.239952087402344,84.25310516357422,52.358375549316406,78.53426361083984,91.97364807128906,26.31356811523437,86.26361083984375,41.80664825439453,238.482666015625,158.31324768066406
2018-03-01,33.401458740234375,83.63043975830078,51.98508071899414,78.61846923828125,90.3252944946289,25.902162551879883,85.417236328125,41.0743522644043,235.01492309570312,155.72853088378906
2018-03-02,33.62448501586914,84.34205627441406,52.22705078125,78.33778381347656,90.23768615722656,26.025583267211918,85.60124969482422,41.35836791992188,236.22642517089844,157.15818786621094
2018-03-05,33.75522232055664,84.64373016357422,52.72476577758789,79.39735412597656,91.62327575683594,26.436992645263672,86.14398193359375,41.50152206420898,238.9566802978516,158.90028381347656
2018-03-06,33.7859992980957,84.75975799560547,52.66257095336914,79.74822235107422,91.702880859375,26.4205379486084,85.849609375,41.4663200378418,239.5624847412109,159.57249450683594
2018-03-07,33.7014045715332,84.96087646484375,51.33526992797852,79.88153076171875,91.36046600341795,26.478132247924805,86.34637451171875,41.08139801025391,239.47467041015625,159.94171142578125
2018-03-08,34.18590545654297,86.69349670410156,51.23849868774414,79.53771209716797,91.3684539794922,26.494590759277344,86.87077331542969,41.52968215942383,240.63352966308597,160.8223114013672
2018-03-09,34.470481872558594,87.04930877685547,51.54265975952149,82.2532730102539,93.99624633789062,26.922452926635746,88.81188201904297,42.24321365356445,244.82115173339844,163.9467315673828
2018-03-12,34.24745178222656,87.21173858642578,52.01273727416992,81.95155334472656,93.69366455078124,27.021190643310547,89.02344512939453,42.651615142822266,244.51388549804688,164.81771850585938
2018-03-13,34.27821350097656,87.86920928955078,51.521915435791016,81.71997833251953,92.57086944580078,26.62623786926269,86.85237121582031,42.240867614746094,242.93370056152344,162.5738525390625
2018-03-14,33.96784591674805,87.10343933105469,50.87901306152344,80.78670501708984,91.5356674194336,26.445219039916992,86.33719635009766,41.88175964355469,241.68701171875,162.54544067382812
2018-03-15,33.88251495361328,86.6238784790039,51.44588851928711,81.10248565673828,91.76660919189452,26.41231155395508,86.6407699584961,41.93105697631836,241.42361450195312,162.40341186523438
2018-03-16,33.719581604003906,86.35319519042969,51.92979431152344,80.9761734008789,91.92585754394533,26.46990394592285,87.02713775634766,41.78318786621094,241.6853790283203,161.9205780029297
2018-03-19,33.56440353393555,85.36309814453125,51.25923156738281,79.9166030883789,91.20122528076172,26.31356811523437,85.45405578613281,41.14477157592773,238.41534423828125,158.4657745361328
2018-03-20,33.48680877685547,85.00727081298828,51.14862060546875,80.34465026855469,91.28880310058594,26.31356811523437,85.6748046875,41.13069152832031,238.82077026367188,158.9873809814453
2018-03-21,33.362667083740234,84.11000061035156,51.87448501586914,82.12699127197266,91.3684539794922,26.223068237304688,85.0768814086914,40.19888305664063,238.3624420166016,158.2950897216797
2018-03-22,33.17646026611328,83.49122619628906,50.80988311767578,79.78329467773438,87.55413818359375,25.136945724487305,82.6021957397461,39.630889892578125,232.40411376953125,154.38795471191406
2018-03-23,32.84284210205078,82.1066665649414,50.3882064819336,79.27809143066406,85.2129898071289,24.001466751098636,80.2011489868164,38.713165283203125,227.45050048828125,150.31959533691406
2018-03-26,33.12215805053711,82.61717224121094,51.15554428100586,80.94110107421875,87.84080505371094,25.04643440246582,86.2728042602539,40.55094528198242,233.6732940673828,155.90530395507812
2018-03-27,33.27733612060547,83.25917053222656,50.94815444946289,80.4569320678711,86.13668823242188,24.28944969177246,82.30781555175781,39.51118850708008,229.69808959960935,150.86021423339844
2018-03-28,33.6109619140625,84.45034790039062,50.33289337158203,78.66057586669922,86.00132751464844,24.18247985839844,82.23421478271484,39.07462692260742,229.01939392089844,149.12474060058594
2018-03-29,33.69630813598633,84.42713928222656,51.57723617553711,80.02186584472656,87.5700454711914,24.676176071166992,83.96373748779297,39.3797492980957,231.9457244873047,151.85594177246094
2018-04-02,33.106624603271484,82.80281829833984,50.6163330078125,78.7588119506836,85.88188934326172,24.116662979125977,81.43388366699219,39.12156295776367,226.9392242431641,147.47462463378906
2018-04-03,33.65749740600586,83.6845932006836,51.86066818237305,80.57621002197266,87.0604248046875,24.3470458984375,82.52861785888672,39.522911071777344,229.8479156494141,149.13421630859375
2018-04-04,34.32476043701172,85.22386169433594,51.756961822509766,80.33060455322266,88.3823013305664,24.58565902709961,84.93887329101562,40.27869415283203,232.30706787109372,151.486083984375
2018-04-05,34.448909759521484,85.52552032470703,52.551944732666016,82.30237579345703,89.54279327392578,24.94770050048828,84.98486328125,40.5579948425293,234.14048767089844,152.34906005859375
2018-04-06,34.07648086547852,84.54315948486328,51.756961822509766,80.52710723876953,87.309814453125,24.37995719909668,83.0069808959961,39.52057266235352,228.92242431640625,148.5367889404297
2018-04-09,34.006649017333984,84.60506439208984,51.756961822509766,81.38317108154297,88.3582763671875,24.577430725097656,83.5037612915039,39.91252517700195,230.0507354736328,149.57994079589844
2018-04-10,34.13079833984375,84.62051391601562,53.27780532836914,83.39704132080078,90.04698944091797,25.07935333251953,85.44485473632812,40.66362380981445,233.70855712890625,152.88015747070312
2018-04-11,34.13079833984375,84.06361389160156,53.52667236328125,83.67772674560547,88.53437805175781,24.60211563110352,84.50648498535156,40.47348785400391,232.48342895507807,151.99818420410156
2018-04-12,34.161834716796875,83.77742767333984,53.38149642944336,83.6636962890625,90.73531341552734,25.2192325592041,86.08878326416016,40.87251663208008,234.39605712890625,153.82847595214844
2018-04-13,34.53424453735352,84.51223754882812,53.810096740722656,84.14785766601562,88.27825164794922,24.51983070373535,85.62882232666016,41.01097869873047,233.70855712890625,153.0319061279297
2018-04-16,34.6661491394043,85.0227279663086,54.29399871826172,84.69519805908203,88.2061996459961,24.62680053710937,86.63158416748047,41.26681900024414,235.6300811767578,154.1983184814453
2018-04-17,34.821327209472656,84.2105712890625,54.14883041381836,85.22845458984375,88.2061996459961,24.717315673828125,88.37947845458984,41.83482360839844,238.1510009765625,157.5174560546875
2018-04-18,34.53424453735352,82.74864196777344,54.76408004760742,86.8844985961914,87.49390411376953,24.29767608642578,88.7198715209961,41.74093246459961,238.3271942138672,157.83995056152344
2018-04-19,34.37907409667969,81.65805053710938,54.902339935302734,86.80729675292969,89.41474914550781,24.832508087158203,88.4162826538086,40.5579948425293,237.0050811767578,156.3889617919922
2018-04-20,33.93682861328125,79.26793670654297,54.61199188232422,85.82492065429688,89.21465301513672,24.898334503173828,87.39513397216797,38.896240234375,234.9954833984375,153.91383361816406
2018-04-23,34.12303161621094,79.34529113769531,55.00603103637695,86.71611022949219,88.78246307373047,24.94770050048828,87.71710968017578,38.78358459472656,234.96017456054688,153.52499389648438
2018-04-24,33.4169807434082,78.4634780883789,54.16265487670898,85.98631286621094,88.36628723144531,24.84073829650879,85.66565704345703,38.24375915527344,231.79591369628903,150.272216796875
2018-04-25,32.92042541503906,78.23918151855469,54.9576301574707,86.11264038085938,88.03013610839844,24.799591064453125,84.92047119140625,38.41039657592773,232.3687744140625,150.45240783691406
2018-04-26,33.16872787475586,79.87125396728516,55.89780426025391,87.16519927978516,88.11817169189453,24.741989135742188,86.71434783935547,38.54417419433594,234.73101806640625,153.61984252929688
2018-04-27,33.60319137573242,78.6723403930664,53.77553939819336,88.84925842285156,87.55794525146484,24.80781936645508,88.14948272705078,38.09823226928711,234.95135498046875,153.71466064453125
2018-04-30,33.52560043334961,78.07674407958984,53.74788284301758,87.78971099853516,87.06170654296875,24.61857795715332,86.03359985351562,38.788272857666016,233.1444549560547,152.62408447265625
2018-05-01,33.0445671081543,76.67671203613281,53.19484329223633,87.61426544189453,87.06170654296875,24.64325714111328,87.39513397216797,39.68955993652344,233.5587310791016,154.3690185546875
2018-05-02,32.63336181640625,75.20709228515625,53.09115219116211,88.05632781982422,86.3734130859375,24.338815689086918,86.0244140625,41.44285202026367,231.98985290527344,153.45860290527344
2018-05-03,32.50144958496094,75.49325561523438,52.91142272949219,88.42123413085938,85.82919311523438,24.02615547180176,86.53958892822266,41.51795959472656,231.4786071777344,153.4396209716797
2018-05-04,32.86611557006836,76.56842041015625,53.160282135009766,88.08439636230469,86.78157806396484,24.10842704772949,87.54235076904297,43.14684295654297,234.47544860839844,156.3509979248047
2018-05-07,32.695411682128906,75.98057556152344,53.740966796875,87.67040252685547,87.53392791748047,24.388185501098636,88.51749420166016,43.4590072631836,235.2686920166016,157.6502685546875
2018-05-08,32.43937683105469,74.8667221069336,53.982906341552734,88.81420135498047,88.83048248291016,24.62680053710937,88.14027404785156,43.66791534423828,235.2686920166016,157.48902893066406
2018-05-09,32.41610336303711,74.37944030761719,55.2548828125,90.32283020019533,90.76731872558594,25.276830673217773,89.17982482910156,43.97538757324219,237.54275512695312,159.20545959472656
2018-05-10,32.726463317871094,75.2380142211914,56.49230194091797,90.39301300048828,91.4716339111328,25.41670227050781,90.07218933105467,44.60440826416016,239.76385498046875,160.85557556152344
2018-05-11,32.695411682128906,75.36177825927734,56.75766372680664,91.10871887207033,91.12747192382812,25.441389083862305,89.87898254394531,44.43476867675781,240.49549865722656,160.7039031982422
2018-05-14,32.61783599853516,75.14518737792969,57.14173126220703,91.49466705322266,91.15949249267578,25.60594749450684,90.1825942993164,44.33108901977539,240.610107421875,160.97891235351562
2018-05-15,32.36955261230469,74.87449645996094,57.113800048828125,91.0385513305664,90.46320343017578,25.688234329223636,89.5294189453125,43.92819213867188,238.95306396484372,159.19595336914062
2018-05-16,32.23765182495117,75.17611694335938,57.27439880371094,90.91224670410156,90.71129608154295,25.556581497192383,89.76041412353516,44.33815002441406,239.9577789306641,160.2486572265625
2018-05-17,32.81956100463867,75.74079132080078,57.17662048339844,91.63423919677734,90.4071807861328,25.35087203979492,88.86416625976562,44.05777359008789,239.75515747070312,159.63223266601562
2018-05-18,32.726463317871094,75.42365264892578,56.771629333496094,90.501708984375,88.9425277709961,24.898334503173828,89.03047943115234,43.897552490234375,239.15579223632807,158.8071746826172
2018-05-21,32.904903411865234,76.97065734863281,57.455963134765625,91.57052612304688,89.75889587402344,25.136945724487305,90.17615509033205,44.20857238769531,240.9538116455078,159.69862365722656
2018-05-22,32.78076171875,77.2955093383789,57.00904083251953,90.76361083984376,90.44719696044922,25.41670227050781,90.08375549316406,44.09783554077149,240.28396606445312,159.489990234375
2018-05-23,32.897151947021484,77.69770812988281,57.36518478393555,91.09627532958984,90.03099060058594,25.04643440246582,91.15552520751952,44.38057327270508,240.94503784179688,160.8365936279297
2018-05-24,32.8350715637207,77.48889923095703,56.05238342285156,89.61695098876953,89.02255249023438,24.85719108581543,90.8321762084961,44.33108901977539,240.45140075683597,160.7891845703125
2018-05-25,32.897151947021484,77.58944702148438,54.963016510009766,86.4883804321289,88.56637573242188,24.816051483154297,90.87834930419922,44.432403564453125,239.8785400390625,160.950439453125
2018-05-29,33.11440658569336,78.20050048828125,54.76052474975586,85.92212677001953,84.78072357177734,23.828670501708984,90.5549774169922,44.27218627929688,237.11964416503903,160.2391357421875
2018-05-30,33.46355056762695,78.76518249511719,56.91128158569336,88.59060668945312,86.71754455566406,24.2647647857666,91.42347717285156,44.17794036865234,240.28396606445312,161.38661193847656
2018-05-31,33.362667083740234,78.2562026977539,56.72971725463867,87.98188018798828,85.64511108398438,23.992130279541016,91.32186126708984,44.02949905395508,238.8119659423828,161.28231811523438
2018-06-01,33.45578384399414,78.2562026977539,57.14173126220703,87.66336822509766,86.75756072998047,24.28954696655273,93.12352752685548,44.82353973388672,241.1565399169922,163.81439208984375
2018-06-04,33.74285888671875,78.15472412109375,56.54119491577149,86.5379409790039,86.79759216308594,24.28954696655273,93.93658447265624,45.19815444946289,242.30239868164065,165.2938232421875
2018-06-05,33.448020935058594,78.22498321533203,56.33869552612305,86.87061309814453,86.30938720703125,24.058225631713867,94.41705322265624,45.546871185302734,242.4786834716797,165.8058319091797
2018-06-06,33.719581604003906,78.7089614868164,57.30232238769531,87.33069610595703,88.32625579833984,24.818302154541016,94.6942138671875,45.70471954345703,244.5059509277344,166.7731170654297
2018-06-07,33.70405578613281,78.966552734375,57.87493896484375,89.86467742919922,88.67842864990234,24.85961151123047,93.20667266845705,45.58220672607422,244.47950744628903,165.41708374023438
2018-06-08,34.09976959228516,80.00476837158203,58.37770080566406,89.49662017822266,88.92652130126953,24.79351806640625,93.8996353149414,45.16753387451172,245.20230102539065,165.42649841308594
2018-06-11,34.23941421508789,80.5667953491211,58.0285758972168,90.28937530517578,88.70242309570312,24.83482360839844,93.36375427246094,45.05678176879883,245.5284423828125,165.8722686767578
2018-06-12,34.45665740966797,81.55818176269531,57.553707122802734,89.94961547851562,88.19023132324219,24.702638626098636,93.60397338867188,45.304176330566406,245.84571838378903,166.7447052001953
2018-06-13,34.27821350097656,82.17487335205078,56.918243408203125,89.94255065917969,88.01411437988281,24.65307235717773,93.17896270751952,44.931907653808594,245.06126403808597,166.73524475097656
2018-06-14,34.11383819580078,82.06555938720703,57.183631896972656,89.5461654663086,86.46144104003906,24.372167587280277,93.70559692382812,44.95547866821289,245.6782684326172,168.42324829101562
2018-06-15,34.536521911621094,84.00146484375,56.32472610473633,87.79784393310547,86.35743713378906,24.190406799316406,92.51370239257812,44.49366760253906,245.3648376464844,167.8353271484375
2018-06-18,34.09034729003906,82.26072692871094,56.43645858764648,89.16393280029297,86.58149719238281,24.28954696655273,93.18819427490234,44.47010040283203,244.86021423339844,167.73837280273438
2018-06-19,34.129486083984375,82.7134780883789,56.35265350341797,88.85957336425781,86.07728576660156,24.173885345458984,93.18819427490234,43.7514877319336,243.9216461181641,167.26316833496094
2018-06-20,33.86333084106445,82.59639739990234,56.178070068359375,88.68262481689453,86.06928253173828,24.15736389160156,94.12137603759766,43.94233322143555,244.33775329589844,168.45111083984375
2018-06-21,33.730262756347656,83.71269226074219,55.64737319946289,86.77149963378906,86.04528045654297,24.19867515563965,93.44688415527344,43.69728469848633,242.8060607910156,166.98757934570312
2018-06-22,33.85551452636719,84.59476470947266,56.827484130859375,88.54813385009766,84.63665771484375,23.950815200805664,92.7724151611328,43.570045471191406,243.248779296875,166.61692810058594
2018-06-25,34.11383819580078,85.0787353515625,55.682273864746094,86.78565979003906,83.86833953857422,23.52947235107422,90.90607452392578,42.92211532592773,239.9374542236328,162.8629913330078
2018-06-26,33.91812515258789,84.34496307373047,56.31074523925781,87.8827896118164,83.92436981201172,23.57903861999512,91.54360961914062,43.45459365844727,240.4687042236328,163.52828979492188
2018-06-27,33.714603424072266,84.5167007446289,57.05793380737305,89.1851806640625,82.6277847290039,23.3311824798584,90.12073516845705,43.3909912109375,238.4766082763672,161.30441284179688
2018-06-28,34.02772521972656,84.83674621582031,57.239479064941406,88.94451141357422,83.98037719726562,23.68643951416016,91.12783813476562,43.70670700073242,239.84014892578125,162.6919403076172
2018-06-29,34.33300018310547,84.98506164550781,57.77020263671875,89.48954010009766,83.39612579345703,23.28988075256348,91.1093521118164,43.61481094360352,240.1854705810547,163.12911987304688
2018-07-02,34.24690246582031,85.50028228759766,57.09284210205078,87.94649505615234,84.1004409790039,23.364234924316406,92.4028778076172,44.1025390625,240.6988677978516,164.22198486328125
2018-07-03,34.43476104736328,84.93041229248047,57.42803192138672,88.28624725341797,82.92391967773438,22.95114517211914,91.515869140625,43.33444213867188,239.84886169433597,162.32130432128906
2018-07-05,34.959228515625,85.51588439941406,57.47691345214844,87.7553939819336,83.46306610107422,23.066804885864254,92.171875,43.68315505981445,241.8056182861328,164.3360595703125
2018-07-06,34.94357681274414,85.52367401123047,57.490867614746094,87.86863708496094,83.73668670654297,23.157686233520508,93.46539306640624,44.28868865966797,243.850830078125,166.89251708984375
2018-07-09,34.755714416503906,84.11857604980469,57.8889045715332,89.17811584472656,86.3277587890625,24.000391006469727,94.10292053222656,44.90363311767578,246.0466461181641,168.39410400390625
2018-07-10,35.201904296875,88.12312316894531,58.41960525512695,90.31060028076172,85.79667663574219,23.81863021850586,94.35237121582033,44.84944915771485,246.93191528320312,168.5176544189453
2018-07-11,35.06099319458008,87.84990692138672,57.67242431640625,87.42979431152344,85.61160278320312,23.69470596313477,94.22299194335938,44.267486572265625,245.12583923339844,167.66229248046875
2018-07-12,34.967071533203125,87.06148529052734,57.74225997924805,87.95356750488281,85.98176574707031,23.769065856933597,96.2649154663086,45.00967025756836,247.34808349609372,170.5514373779297
2018-07-13,35.02186584472656,87.96701049804688,58.17520523071289,87.79784393310547,85.58747863769531,23.587303161621094,97.41056823730467,45.08034896850586,247.54283142089844,170.6939697265625
2018-07-16,35.01402282714844,88.1777572631836,57.60261154174805,87.04756164550781,88.98328399658203,24.603496551513672,96.93014526367188,44.98139953613281,247.3215789794922,170.2853240966797
2018-07-17,35.42106628417969,89.67652893066406,57.47691345214844,86.29019927978516,88.91890716552734,24.79351806640625,97.89104461669922,45.10861587524414,248.32196044921875,171.32122802734375
2018-07-18,35.31932067871094,89.63748168945312,57.4140625,86.02122497558594,89.74775695800781,24.892654418945312,97.12419128417967,44.8612174987793,248.8443756103516,170.99806213378906
2018-07-19,35.31148147583008,90.37128448486328,57.26741409301758,86.12032318115234,88.42803955078125,24.51261329650879,96.45893096923828,45.20994186401367,247.9058990478516,170.1427764892578
2018-07-20,35.44457244873047,90.5586166381836,56.84146118164063,86.54500579833984,89.54657745361328,24.892654418945312,98.18669128417967,45.10626983642578,247.6225433349609,170.1047821044922
2018-07-23,35.18623352050781,89.29403686523438,56.84146118164063,85.87967681884766,91.2123031616211,25.40488624572754,99.75740051269533,45.14632415771485,248.08297729492188,170.64645385742188
2018-07-24,35.428897857666016,89.56724548339844,57.965728759765625,87.66336822509766,91.85606384277344,25.47097587585449,99.47098541259766,45.47383117675781,249.33135986328125,171.34971618652344
2018-07-25,36.0786247253418,89.93414306640625,58.3707275390625,88.40656280517578,92.6848602294922,25.66925811767578,102.3998565673828,45.90265274047852,251.456298828125,173.74459838867188
2018-07-26,36.19604110717773,89.77017974853516,58.82461929321289,87.73412322998047,92.41932678222656,25.561864852905277,101.28187561035156,45.758914947509766,250.8631134033203,171.1121368408203
2018-07-27,36.17255401611328,89.20817565917969,57.20455551147461,89.16393280029297,93.3688735961914,25.661001205444336,99.4894561767578,44.99788665771485,249.16319274902344,168.80271911621094
2018-07-30,36.18821334838867,89.13011169433594,57.07887649536133,90.48048400878906,93.93216705322266,25.867544174194336,97.35516357421876,44.74577331542969,247.86166381835935,166.4173583984375
2018-07-31,36.50131988525391,89.77017974853516,56.918243408203125,89.37628173828125,92.4998016357422,25.51228904724121,98.01116180419922,44.835296630859375,249.08349609375,167.69082641601562
2018-08-01,36.313453674316406,88.68515014648438,56.13618087768555,88.75341033935547,93.0711441040039,25.817975997924805,98.19596099853516,47.47654724121094,248.66726684570312,168.32752990722656
2018-08-02,36.14906692504883,89.52822875976562,55.80098342895508,87.59965515136719,93.4654312133789,25.842758178710938,99.38780975341795,48.86433029174805,250.0219268798828,170.617919921875
2018-08-03,36.49350357055664,90.78500366210938,56.00349044799805,87.80493927001953,94.22187042236328,26.03278350830078,99.82205963134766,49.00569915771485,251.09323120117188,171.140625
2018-08-06,36.51698684692383,91.62804412841795,55.989532470703125,87.98188018798828,94.2459945678711,26.04104232788086,99.90523529052734,49.26017761230469,252.0140686035156,172.14797973632812
2018-08-07,36.39955139160156,89.16131591796875,56.75067138671875,88.60474395751953,94.5920181274414,26.03278350830078,100.5981674194336,48.79835510253906,252.84620666503903,172.77528381347656
2018-08-08,36.12559127807617,88.59146118164062,56.37359619140625,87.6845932006836,94.78514862060548,26.272369384765625,101.16178131103516,48.83135223388672,252.7400665283203,172.98428344726562
2018-08-09,36.28215026855469,88.75541687011719,56.08729553222656,86.72904968261719,94.0528793334961,26.10713577270508,101.3281021118164,49.21541213989258,252.39476013183597,172.87979125976562
2018-08-10,36.070796966552734,88.1075210571289,56.03084564208984,87.3023681640625,93.12747192382812,25.768404006958008,100.7090301513672,49.06880187988281,250.7037048339844,171.5587921142578
2018-08-13,35.875091552734375,88.22457885742188,55.42413330078125,86.66533660888672,91.64682006835938,25.18181610107422,99.97911834716795,49.38563537597656,249.76507568359372,171.36874389648438
2018-08-14,35.92205810546875,88.28704071044922,55.24773788452149,86.7644271850586,92.25838470458984,25.43793487548828,101.22644805908205,49.59370803833008,251.3588409423828,172.44264221191406
2018-08-15,36.070796966552734,88.56026458740234,54.28119659423828,83.48014831542969,91.4939422607422,25.08268547058105,99.85377502441406,49.70957946777344,249.4819183349609,170.3328094482422
2018-08-16,36.18038177490234,89.18475341796875,55.0290412902832,84.08040618896484,92.35494995117188,25.380096435546875,99.8352279663086,50.43781280517578,251.5004425048828,170.89356994628906
2018-08-17,36.47783660888672,89.73897552490234,55.21245956420898,84.18048095703125,92.35494995117188,25.396623611450195,99.77954864501952,51.445045471191406,252.3858642578125,170.9315185546875
2018-08-20,36.57958984375,89.64530944824219,55.60050964355469,84.14472961425781,92.23426055908205,25.5040283203125,99.1210479736328,50.94380569458008,252.92599487304688,170.77947998046875
2018-08-21,36.18038177490234,88.7710189819336,55.61459732055664,84.28050231933594,92.79753112792967,25.62795639038086,98.29557800292967,50.8444938659668,253.51919555664065,171.40673828125
2018-08-22,35.953372955322266,87.61571502685547,56.41181182861328,84.98085021972656,92.5159149169922,25.594905853271484,99.29724884033205,50.84685897827149,253.3686981201172,172.0719757080078
2018-08-23,35.773338317871094,87.37373352050781,55.79096603393555,84.39485168457031,92.32276916503906,25.4792423248291,99.7610321044922,50.95088958740234,253.0321502685547,171.8248748779297
2018-08-24,35.718544006347656,87.54545593261719,56.17194747924805,85.04515838623047,92.28254699707033,25.52054977416992,100.54011535644533,51.10929870605469,254.5550079345703,173.42152404785156
2018-08-27,35.765499114990234,87.74842071533203,56.72225189208984,86.00269317626953,93.91606903076172,25.867544174194336,101.6530990600586,51.53017044067383,256.5648193359375,175.18917846679688
2018-08-28,35.5150146484375,86.78046417236328,56.63759613037109,85.65254974365234,93.4573974609375,25.834491729736328,102.26525115966795,51.9463119506836,256.6888732910156,175.4457550048828
2018-08-29,35.48368835449219,87.46742248535156,57.04677581787109,85.90979766845703,93.151611328125,25.72709274291992,103.89761352539062,52.72184753417969,258.0700378417969,177.4700469970703
2018-08-30,35.18623352050781,87.39714050292969,56.79984664916992,85.6168212890625,92.69293975830078,25.619691848754883,103.83269500732422,53.20655822753906,257.0252380371094,177.15643310546875
2018-08-31,34.88877868652344,87.43614959716797,56.55998992919922,84.6520767211914,92.2020492553711,25.55359649658203,104.18517303466795,53.82129669189453,257.0340270996094,177.3844757080078
2018-09-04,35.03750991821289,86.64776611328125,56.64463806152344,84.94509887695312,92.66075134277344,25.72709274291992,103.61009216308594,53.9938850402832,256.59136962890625,176.62423706054688
2018-09-05,35.52284622192383,88.30265045166016,57.399532318115234,84.98085021972656,92.2101058959961,25.760141372680664,100.6235809326172,53.641597747802734,255.90084838867188,174.3433380126953
2018-09-06,35.828125,89.33213806152344,56.76456832885742,82.34391784667969,91.81583404541016,25.61071014404297,100.85545349121094,52.75020980834961,255.13058471679688,172.7847442626953
2018-09-07,35.78899383544922,88.73396301269531,57.73111724853516,81.89372253417969,91.99285125732422,25.61901092529297,100.3638687133789,52.32461929321289,254.63479614257807,172.11949157714844
2018-09-10,36.055137634277344,89.38725280761719,57.64645385742188,81.80797576904297,91.5019760131836,25.58580017089844,101.44904327392578,51.62237930297852,255.07749938964844,172.69923400878906
2018-09-11,36.023826599121094,89.19835662841797,58.457786560058594,82.19386291503906,92.08135223388672,25.61071014404297,103.17418670654295,52.92753601074219,255.9185791015625,174.02972412109375
2018-09-12,36.19604110717773,89.60760498046875,58.64825820922852,82.74411010742188,90.99501037597656,25.262039184570312,103.61009216308594,52.27024459838867,255.98043823242188,173.51649475097656
2018-09-13,36.18024826049805,90.50486755371094,58.07680130004883,83.10855102539062,91.34910583496094,25.02129173278809,104.72310638427734,53.532833099365234,257.4945373535156,175.36968994140625
2018-09-14,36.30655670166016,90.1742935180664,58.5001106262207,83.88032531738281,91.33299255371094,25.21222496032715,105.14974212646484,52.92517852783203,257.538818359375,174.85655212402344
2018-09-17,36.56707382202149,90.82758331298828,58.845802307128906,83.9732437133789,91.6065902709961,25.13751602172852,104.00891876220705,51.51598739624024,256.1752624511719,172.3380889892578
2018-09-18,36.259185791015625,89.70989227294922,59.001007080078125,84.4162826538086,91.97674560546876,25.079402923583984,105.00132751464844,51.60110855102539,257.5653076171875,173.76361083984375
2018-09-19,36.28286743164063,89.54464721679688,59.706504821777344,85.40245819091797,94.64835357666016,25.7352294921875,103.60082244873048,51.6318473815918,257.8397521972656,173.6305389404297
2018-09-20,36.8197021484375,90.68588256835938,59.84056091308594,85.33814239501953,95.46109008789062,25.89297103881836,105.3352279663086,52.02433013916016,259.9292907714844,175.55027770996094
2018-09-21,36.77233505249024,90.44192504882812,60.08746719360352,86.56010437011719,94.83341217041016,25.7601375579834,105.97521209716795,51.463966369628906,259.6918640136719,174.59046936035156
2018-09-24,36.36971282958984,88.36405944824219,61.09636306762695,87.62487030029297,93.9241180419922,25.51939010620117,106.35546875,52.20403671264648,258.82916259765625,175.0759735107422
2018-09-25,36.06182861328125,88.12794494628906,61.025787353515625,88.16081237792969,93.6585693359375,25.46127700805664,106.15143585205078,52.53504180908203,258.5889892578125,175.3140411376953
2018-09-26,36.19604110717773,87.75801849365234,60.517822265625,87.14607238769531,92.55612182617188,25.012983322143555,105.71549987792967,52.11655426025391,257.8152770996094,175.437744140625
2018-09-27,36.32234191894531,87.40382385253906,60.510780334472656,87.51769256591797,92.15380096435548,24.855260848999023,106.11434173583984,53.18762969970703,258.5356140136719,176.92300415039062
2018-09-28,36.46443557739258,87.994140625,59.98166275024414,87.38188171386719,90.8018798828125,24.456771850585938,106.07722473144533,53.37441635131836,258.562255859375,176.8848876953125
2018-10-01,36.49602890014648,87.13623046875,60.53899765014648,88.88971710205078,91.33299255371094,24.6145076751709,107.2273178100586,53.73381423950195,259.46063232421875,177.24668884277344
2018-10-02,36.71706771850586,85.56995391845703,60.99755859375,89.13983154296875,91.7112045288086,24.556394577026367,106.80067443847656,54.21142578125,259.3093566894531,176.8468475341797
2018-10-03,36.21183395385742,84.62547302246094,60.77885818481445,89.54715728759766,92.57223510742188,24.905067443847656,106.81922912597656,54.87109375,259.4516906738281,177.03724670410156
2018-10-04,36.19604110717773,83.90924835205078,60.37674331665039,89.28987884521484,93.40685272216795,25.262039184570312,104.61178588867188,53.90641784667969,257.423828125,173.6383819580078
2018-10-05,36.2197151184082,83.8147964477539,60.207401275634766,89.56143951416016,92.88015747070312,25.096004486083984,103.9996566772461,53.03157424926758,255.9831695556641,171.5152587890625
2018-10-08,36.693389892578125,85.15281677246094,60.76473617553711,89.21129608154297,93.4473648071289,25.129213333129883,102.81246185302734,52.90862655639648,255.9831695556641,170.46795654296875
2018-10-09,36.622337341308594,85.09771728515625,61.03285598754883,90.62620544433594,92.79914093017578,24.88846778869629,104.12023162841795,53.641597747802734,255.60948181152344,171.0201873779297
2018-10-10,36.06182861328125,84.48380279541016,59.62888717651367,87.6105728149414,90.3276138305664,24.274139404296875,98.46253204345705,51.15659713745117,247.5162048339844,163.4988250732422
2018-10-11,35.24081039428711,82.68929290771484,57.56883239746094,84.63067626953125,87.62110900878906,23.543590545654297,98.23065185546876,50.70499420166016,242.06419372558597,161.47091674804688
2018-10-12,35.27239227294922,82.86244201660156,57.41363525390625,84.15902709960938,86.6648941040039,23.62660789489746,101.6252899169922,52.51613235473633,245.42613220214844,165.96475219726562
2018-10-15,35.453948974609375,83.1379165649414,57.0185661315918,83.56588745117188,86.17061614990234,23.17831039428711,99.7981185913086,51.39303970336914,244.04751586914065,163.955810546875
2018-10-16,35.91183090209961,84.5231704711914,57.2866439819336,83.9732437133789,88.01818084716797,23.684722900390625,102.95156860351562,52.52559280395508,249.38385009765625,168.7257080078125
2018-10-17,36.20392608642578,85.24727630615234,57.498291015625,83.81600189208984,88.99864959716797,23.99188232421875,102.6826171875,52.298614501953125,249.4283599853516,168.79232788085938
2018-10-18,36.00656509399414,84.94816589355469,57.74522018432617,83.94464111328125,87.58867645263672,23.4522762298584,100.63284301757812,51.07619857788086,245.8263092041016,164.8793182373047
2018-10-19,36.57496643066406,86.80565643310547,57.829872131347656,84.42344665527344,87.4428482055664,23.5103816986084,100.78126525878906,51.85409927368164,245.69290161132807,164.7269744873047
2018-10-22,36.29076766967773,86.10515594482422,57.25136947631836,83.75885772705078,86.18682861328125,22.73002243041992,101.68092346191406,52.17092514038086,244.5899658203125,165.5742950439453
2018-10-23,36.5986557006836,86.67972564697266,56.3271713256836,81.03621673583984,85.28736114501953,22.431161880493164,100.2618637084961,52.6627311706543,243.3448181152344,164.96502685546875
2018-10-24,36.89073944091797,88.90713500976562,54.76095199584961,78.75662231445312,83.69911193847656,21.74212455749512,94.90093994140624,50.8563117980957,235.97190856933597,157.41513061523438
2018-10-25,36.71706771850586,88.82056427001953,55.24773788452149,79.7356185913086,84.9713363647461,22.074188232421875,100.44735717773438,51.96996688842773,240.20535278320312,162.86093139648438
2018-10-26,36.25130081176758,86.93157958984375,54.69746017456055,79.69991302490234,83.80443572998047,21.90815544128418,99.20451354980467,51.14241027832031,235.9807586669922,158.6717987060547
2018-10-29,36.6776008605957,88.85204315185547,54.35882568359375,77.84193420410156,84.96321868896484,22.090789794921875,96.32003021240234,50.182464599609375,234.67340087890625,155.40626525878906
2018-10-30,37.60124969482422,89.54464721679688,55.579345703125,79.2139892578125,86.46232604980469,22.231931686401367,96.20870971679688,50.43307876586914,238.1509246826172,157.96728515625
2018-10-31,37.79861068725586,88.45062255859375,56.21427917480469,79.78565979003906,88.34230041503906,22.82964324951172,99.06541442871094,51.7476921081543,240.6945343017578,161.68038940429688
2018-11-01,37.68807601928711,87.76586151123047,56.912723541259766,79.44263458251953,88.30988311767578,23.08699607849121,98.23990631103516,52.54214477539063,243.25592041015625,163.81300354003906
2018-11-02,37.893333435058594,87.4982681274414,57.81576156616211,81.98661804199219,87.82369995117188,23.153409957885746,98.46253204345705,49.05698394775391,241.8152008056641,161.26150512695312
2018-11-05,38.43804550170898,90.03264617919922,57.59706115722656,84.9951171875,88.39901733398438,23.294538497924805,99.71463775634766,47.66434097290039,243.14927673339844,160.8616180419922
2018-11-06,38.76961517333984,90.67803955078124,57.8439826965332,84.96653747558594,88.81228637695312,23.419063568115234,99.909423828125,48.17979049682617,244.68780517578125,162.08026123046875
2018-11-07,38.974876403808594,90.99282836914062,58.57770156860352,86.37429809570312,90.3357162475586,23.69301986694336,103.84198760986328,49.64099884033203,249.92642211914065,167.16427612304688
2018-11-08,38.94329833984375,91.34703826904295,57.64645385742188,85.2952651977539,91.06500244140624,23.966976165771484,103.64720153808594,49.467811584472656,249.47276306152344,166.09800720214844
2018-11-09,39.2196044921875,92.46468353271484,57.6322021484375,85.40245819091797,90.18175506591795,23.676414489746094,101.6252899169922,48.51399612426758,247.0359649658203,163.29888916015625
2018-11-12,39.36959457397461,92.06324768066406,56.89103698730469,83.88746643066406,88.2855453491211,23.03718376159668,99.1210479736328,46.07014083862305,242.41993713378903,158.35769653320312
2018-11-13,39.3617057800293,92.19708251953124,55.58687973022461,82.42969512939453,88.80419158935547,23.045488357543945,99.18597412109376,45.609840393066406,241.9663848876953,158.49095153808594
2018-11-14,39.28276443481445,91.81139373779295,55.15216827392578,82.69410705566406,86.97283172607422,22.58889579772949,97.77942657470705,44.32148361206055,240.3121337890625,157.28179931640625
2018-11-15,39.26697540283203,91.92945098876952,55.7222900390625,84.38981628417969,89.1931381225586,23.161714553833008,99.93116760253906,45.41526794433594,242.8201904296875,160.0332794189453
2018-11-16,39.60642623901367,93.14942932128906,56.2710189819336,85.91236114501953,89.1283187866211,23.03718376159668,100.8719711303711,45.91827774047852,243.4516448974609,159.47158813476562
2018-11-19,39.87483978271485,93.66889190673828,56.456321716308594,86.1721420288086,89.80899047851562,23.03718376159668,97.45337677001952,44.09843444824219,239.33383178710935,154.2923126220703
2018-11-20,38.98277282714844,91.29979705810548,54.85285568237305,83.77649688720703,87.88040161132812,22.73002243041992,94.7427215576172,41.99151992797852,234.90472412109372,151.5313262939453
2018-11-21,38.46964645385742,90.73311614990234,55.27331161499024,84.83721923828125,87.22406005859375,22.63870620727539,96.04681396484376,41.94405746459961,235.705078125,152.683349609375
2018-11-23,38.69857025146485,90.83544158935548,53.798118591308594,81.97248077392578,86.42179870605469,22.38965606689453,96.00957489013672,40.87872695922852,234.130859375,151.5789031982422
2018-11-26,38.58015441894531,91.18960571289062,54.8599739074707,82.96827697753906,88.53677368164062,22.879457473754883,99.17665100097656,41.43156814575195,237.9107666015625,155.0825653076172
2018-11-27,38.974876403808594,91.64614868164062,54.90988159179688,83.13426208496094,88.90953063964844,23.02887916564941,99.80077362060548,41.34139633178711,238.7112274169922,155.6061553955078
2018-11-28,39.24330139160156,93.2674789428711,55.90757751464844,85.2485122680664,89.89813232421875,23.601707458496094,103.50813293457033,42.93108367919922,244.2076416015625,160.6140899658203
2018-11-29,38.97276306152344,93.0864486694336,56.3423080444336,85.76083374023438,89.1850357055664,23.277936935424805,102.6418228149414,42.60128402709961,243.67393493652344,160.0904083251953
2018-11-30,40.10262680053711,95.97500610351562,56.6558723449707,85.82579803466797,90.1007308959961,23.57679748535156,103.29387664794922,42.37114715576172,245.1592559814453,161.25198364257812
2018-12-03,39.537689208984375,93.64527893066406,57.881614685058594,87.07414245605469,90.95158386230467,23.69301986694336,104.4116668701172,43.85169982910156,248.40542602539065,164.07008361816406
2018-12-04,39.45018768310547,92.71653747558594,56.60596466064453,84.59909057617188,86.89180755615234,22.406259536743164,101.08621978759766,41.92271041870117,240.3565216064453,157.7769317626953
2018-12-06,39.29103469848633,92.69114685058594,55.86482620239258,83.63937377929688,85.23873901367188,21.93876266479492,101.71033477783205,41.45528411865234,239.9918975830078,158.8908233642578
2018-12-07,39.06028747558594,91.8819580078125,55.3303337097168,83.3363037109375,83.69911193847656,21.229177474975582,97.63967895507812,39.97712707519531,234.41546630859372,153.64491271972656
2018-12-10,39.17963790893555,92.1754913330078,54.546417236328125,82.93944549560547,82.13517761230469,20.66986083984375,100.21990966796876,40.24049377441406,234.8601837158203,155.25392150878906
2018-12-11,39.41835021972656,93.0481414794922,54.64616012573242,83.32186889648438,81.33292388916016,20.519590377807617,101.15144348144533,40.01034164428711,234.91358947753903,155.7679901123047
2018-12-12,39.16373062133789,92.81808471679688,54.17583465576172,83.43010711669922,81.85963439941406,20.469507217407227,101.60785675048828,40.1218376159668,236.0963897705078,157.13900756835938
2018-12-13,39.36264419555664,93.88906860351562,54.8599739074707,83.66101837158203,81.9406967163086,20.36932373046875,101.95249938964844,40.56079864501953,236.01638793945312,157.1866455078125
2018-12-14,39.25920867919922,90.39844512939452,53.862266540527344,82.13845825195312,81.26811218261719,20.436111450195312,98.7667999267578,39.262943267822266,231.65835571289065,153.3592987060547
2018-12-17,38.45556640625,89.54168701171875,52.76478576660156,81.14266967773438,80.23089599609375,20.42776679992676,95.84188842773438,38.897560119628906,227.1136474609375,149.8842315673828
2018-12-18,38.44761276245117,88.72455596923828,51.31097412109375,79.18717193603516,79.85002136230469,20.42776679992676,96.84790802001952,39.402931213378906,226.8645782470703,150.82679748535156
2018-12-19,38.11342239379883,87.29660034179688,50.44154357910156,77.80892944335938,78.83711242675781,20.185670852661133,96.58707427978516,38.17387771606445,223.46714782714844,147.1232147216797
2018-12-20,37.82696914672852,87.43146514892578,48.90933609008789,75.75240325927734,78.15644073486328,20.12723159790039,94.55641174316406,37.21059036254883,219.8295135498047,144.9906005859375
2018-12-21,37.8508415222168,86.80472564697266,48.545875549316406,75.19677734375,76.30887603759766,19.509469985961918,91.50109100341795,35.76325988769531,215.3253326416016,140.49679565429688
2018-12-24,36.56977844238281,84.11540985107422,46.68586349487305,72.87325286865234,74.66390991210938,18.975191116333008,87.68195343017578,34.83790588378906,209.6357879638672,137.01278686523438
2018-12-26,37.34954833984375,85.94001007080078,48.91645050048828,77.49141693115234,77.75936126708984,20.12723159790039,93.67149353027344,37.29125595092773,220.2276306152344,145.5677490234375
2018-12-27,37.81901168823242,86.80472564697266,49.13026428222656,78.88408660888672,78.63453674316406,20.34428024291992,94.24901580810548,37.04925155639648,221.9183807373047,146.13104248046875
2018-12-28,37.55644226074219,87.55044555664062,48.58151626586914,78.4006118774414,78.46437072753906,20.360979080200195,93.5131378173828,37.06822204589844,221.6321258544922,146.0546875
2018-12-31,37.67578887939453,87.64563751220703,48.59576416015625,78.50165557861328,79.1045150756836,20.56968116760254,94.61233520507812,37.42650604248047,223.57334899902344,147.28634643554688
2019-01-02,37.34160232543945,86.69367218017578,49.66474533081055,79.8726806640625,80.47398376464844,20.836816787719727,94.19315338134766,37.46921157836914,223.8059539794922,147.87832641601562
2019-01-03,37.11084365844727,85.88451385498047,48.9022102355957,78.34291076660156,79.33031463623047,20.502891540527344,90.72795867919922,33.73698806762695,218.46530151367188,143.04702758789062
2019-01-04,37.8508415222168,87.64563751220703,50.705223083496094,79.96649932861328,82.25485229492188,21.354398727416992,94.9476547241211,35.177207946777344,225.7829742431641,149.16734313964844
2019-01-07,37.35751724243164,86.89200592041016,50.96889114379883,81.00556945800781,82.31202697753906,21.337703704833984,95.06873321533205,35.098899841308594,227.563232421875,150.94322204589844
2019-01-08,37.77922439575195,87.72498321533203,51.3394775390625,80.6519775390625,82.15681457519531,21.29596328735352,95.75804901123048,35.76799392700195,229.7012481689453,152.3085479736328
2019-01-09,37.055152893066406,85.27362060546875,51.61027526855469,81.73436737060547,82.01792907714844,21.50466537475586,97.12735748291016,36.37540817260742,230.7747039794922,153.54981994628906
2019-01-10,37.45299530029297,85.79722595214844,51.34660339355469,81.8642578125,82.00977325439453,21.4796199798584,96.50325012207033,36.49166870117188,231.5888519287109,153.9890594482422
2019-01-11,37.66782379150391,85.80514526367188,51.111427307128906,81.2076187133789,81.61764526367188,21.730056762695312,95.75804901123048,36.13339614868164,231.6782684326172,153.42567443847656
2019-01-14,37.51665115356445,85.13876342773438,51.04728317260742,80.61591339111328,82.45906829833984,22.01389503479004,95.05941772460938,35.590049743652344,230.26480102539065,152.06991577148438
2019-01-15,37.8508415222168,86.4636001586914,51.07578659057617,80.90455627441406,83.06359100341797,22.164159774780277,97.8166732788086,36.318458557128906,232.90382385253903,155.039306640625
2019-01-16,37.33363723754883,85.94795227050781,51.05442810058594,80.38499450683594,83.73345947265625,23.750301361083984,98.16130828857422,36.76214599609375,233.46743774414065,155.0106658935547
2019-01-17,37.44504165649414,86.64608001708984,51.40361022949219,80.7890853881836,84.07656860351562,24.201099395751957,98.85064697265624,36.98042297363281,235.23866271972656,156.2327880859375
2019-01-18,37.88267135620117,87.32040405273438,52.01650619506836,82.52813720703125,85.44081115722656,24.459884643554688,100.33171081542967,37.20820617675781,238.3696746826172,157.77957153320312
2019-01-22,37.970191955566406,87.19346618652344,51.23257446289063,81.06330108642578,84.0928955078125,24.284574508666992,98.4407730102539,36.3730354309082,235.1491851806641,154.61920166015625
2019-01-23,38.4078254699707,87.84398651123047,50.81211853027344,80.37779235839844,83.88050079345703,24.14266014099121,99.4001922607422,36.5201416015625,235.6412506103516,154.81964111328125
2019-01-24,37.94632339477539,86.86820983886719,50.88338851928711,81.9075698852539,83.92951965332031,24.276233673095703,98.92515563964844,36.23067474365234,235.76649475097656,155.82220458984375
2019-01-25,37.69170379638672,86.74920654296875,51.111427307128906,81.69828033447266,84.46052551269531,24.69363212585449,99.82869720458984,37.43123626708984,237.76141357421875,157.68408203125
2019-01-28,37.532562255859375,86.3287582397461,50.76934814453125,80.94064331054688,84.86078643798828,24.735376358032227,97.88187408447266,37.08483505249024,235.954345703125,155.73629760742188
2019-01-29,37.715579986572266,86.47154235839844,50.961761474609375,80.69528198242188,85.09771728515625,24.53501892089844,95.8884735107422,36.70045852661133,235.6412506103516,154.26588439941406
2019-01-30,38.08159255981445,87.91537475585938,51.51764678955078,81.54676818847656,85.29376220703125,24.267885208129883,99.09282684326172,39.20837020874024,239.37164306640625,158.1901092529297
2019-01-31,38.296424865722656,89.38302612304688,52.22316360473633,82.73017120361328,84.55035400390625,23.766996383666992,97.27640533447266,39.49071502685547,241.47393798828125,160.55804443359375
2019-02-01,38.749961853027344,89.0022201538086,54.10456848144531,85.41449737548828,84.86078643798828,23.69186210632324,95.7394027709961,39.50970458984375,241.59017944335935,159.8800811767578
2019-02-04,39.18759536743164,89.71619415283203,53.32064437866211,86.40306854248047,85.1630630493164,24.109262466430664,98.49664306640624,40.6319694519043,243.28982543945312,161.86607360839844
2019-02-05,39.195556640625,89.56547546386719,53.869388580322266,86.21544647216797,84.78729248046875,24.025781631469727,99.87527465820312,41.32716369628906,244.30975341796875,163.29818725585938
2019-02-06,39.195556640625,89.68446350097656,53.63420867919922,85.7824935913086,84.7464370727539,23.984045028686523,98.7667999267578,41.34139633178711,243.98765563964844,162.81129455566406
2019-02-07,39.3228645324707,89.71619415283203,53.22088241577149,85.31346130371094,83.63542175292969,23.574989318847656,98.058837890625,40.55842590332031,241.66177368164065,160.62481689453125
2019-02-08,39.386512756347656,89.6606674194336,53.307350158691406,84.84442138671875,82.80218505859375,23.616729736328125,98.4314422607422,40.6060791015625,241.95700073242188,160.93991088867188
2019-02-11,39.47404479980469,89.6209945678711,53.39380645751953,84.38981628417969,82.41006469726562,23.71691131591797,98.04020690917967,40.37256240844727,242.09117126464844,160.78717041015625
2019-02-12,39.51382827758789,90.27151489257812,54.33053588867188,85.66704559326172,83.81515502929688,23.95065689086914,99.5678939819336,40.720458984375,245.2042999267578,163.16456604003906
2019-02-13,39.61725616455078,90.53333282470705,54.94302749633789,86.2803955078125,84.2154312133789,23.959003448486328,99.4933624267578,40.551265716552734,246.0004730224609,163.2791748046875
2019-02-14,36.2753791809082,89.31954956054688,54.95743560791016,86.12004852294922,83.6680908203125,23.70021247863769,99.57720947265624,40.699012756347656,245.4547119140625,163.47964477539062
2019-02-15,35.99688720703125,91.95336151123048,55.995025634765625,86.98737335205078,86.22503662109375,24.301273345947266,100.80677795410156,40.60846328735352,248.1295623779297,164.1671142578125
2019-02-19,35.670658111572266,91.96923828125,56.369754791259766,86.95821380615234,85.92276763916016,24.317968368530277,100.7602081298828,40.72998428344727,248.55897521972656,164.49179077148438
2019-02-20,35.885494232177734,91.88990783691406,56.58591079711914,87.66519927978516,86.33940887451172,24.55171775817871,100.23634338378906,40.99208831787109,249.05992126464844,164.46307373046875
2019-02-21,36.49020385742188,92.1041030883789,56.07432556152344,86.83428955078125,86.15968322753906,24.451534271240234,102.35052490234376,40.760963439941406,248.17433166503903,163.86154174804688
2019-02-22,36.02871322631836,92.62769317626952,56.50665664672852,87.01652526855469,85.77571868896484,24.276233673095703,103.80985260009766,41.216087341308594,249.71295166015625,165.07418823242188
2019-02-25,35.7581787109375,92.0723648071289,56.56429290771485,87.18416595458984,86.67435455322266,24.43484115600586,104.38985443115234,41.51632308959961,250.05291748046875,165.67567443847656
2019-02-26,35.55925750732422,92.00096893310548,56.67958450317383,87.41738891601562,86.01264190673828,24.451534271240234,105.11016082763672,41.54015350341797,249.87399291992188,165.8475341796875
2019-02-27,35.7581787109375,91.52497863769533,57.26324081420898,87.51941680908203,85.90644836425781,24.651891708374023,104.93242645263672,41.668827056884766,249.7666931152344,165.74246215820312
2019-02-28,36.076454162597656,92.48306274414062,56.94619369506836,87.15499877929688,85.25292205810547,24.40017509460449,104.80145263671876,41.25899124145508,249.30142211914065,165.36061096191406
2019-03-01,36.1082878112793,92.91492462158205,57.6451530456543,88.940673828125,85.31010437011719,24.59315299987793,105.2691879272461,41.69264602661133,250.8580322265625,166.50633239746094
2019-03-04,36.32312774658203,92.90692901611328,57.868499755859375,89.0062484741211,85.11404418945312,24.35821533203125,105.01661682128906,41.90234375,249.9456329345703,166.5350341796875
2019-03-05,36.2833251953125,92.7949676513672,57.78205108642578,89.85901641845703,85.04869079589844,24.40017509460449,104.49274444580078,41.82609939575195,249.60565185546875,166.65908813476562
2019-03-06,36.16398620605469,93.29883575439452,57.126346588134766,90.03392028808594,84.73008728027344,24.19879531860352,104.53952026367188,41.58543014526367,248.09376525878903,165.71388244628906
2019-03-07,36.02871322631836,92.85094451904295,57.760440826416016,88.87506103515625,84.11741638183594,23.95546531677246,103.26730346679688,41.10408782958984,246.0184631347656,163.68020629882812
2019-03-08,35.678611755371094,92.15518951416016,56.93178176879883,88.64183807373047,84.15010070800781,24.03937339782715,103.37953186035156,41.201786041259766,245.5262908935547,163.4319305419922
2019-03-11,36.74482727050781,93.2428207397461,57.486629486083984,90.09953308105467,85.24475860595703,24.28270149230957,105.54984283447266,42.62911605834961,249.0867919921875,166.83096313476562
2019-03-12,36.64139175415039,93.22683715820312,57.6451530456543,90.30360412597656,84.99150848388672,24.28270149230957,106.28888702392578,43.10807418823242,250.0260772705078,167.74758911132812
2019-03-13,36.77665710449219,93.23484802246094,58.156734466552734,90.86480712890624,85.27741241455078,24.576372146606445,107.1120834350586,43.29868316650391,251.68115234375,169.00791931152344
2019-03-14,36.68035125732422,92.37109375,57.96218490600586,90.81378936767578,86.05349731445312,24.719013214111328,107.19625854492188,43.780029296875,251.5199737548828,168.72146606445312
2019-03-15,36.35928726196289,92.4990692138672,57.75321960449219,91.3312759399414,87.04194641113281,24.58476448059082,108.43112182617188,44.349517822265625,252.7627716064453,170.28738403320312
2019-03-18,36.44757843017578,93.7866668701172,58.4233512878418,91.7467041015625,87.5647964477539,25.021085739135746,109.9840087890625,44.80226135253906,253.67921447753903,170.6929168701172
2019-03-19,36.56797409057617,94.44245147705078,58.27204132080078,91.30939483642578,87.2461929321289,24.878442764282227,110.05883026123048,44.44721984863281,253.74208068847656,171.26681518554688
2019-03-20,36.54389953613281,94.62638854980467,58.59628677368164,90.87937927246094,85.38360595703125,24.030981063842773,109.93722534179688,44.83562469482422,252.9783172607422,171.9459228515625
2019-03-21,36.52784729003906,95.52213287353516,58.93496322631836,91.73214721679688,84.03572082519531,23.64500617980957,112.4630126953125,46.4869384765625,255.8356170654297,174.63381958007812
2019-03-22,36.86494445800781,96.54580688476562,57.99101638793945,89.7132339477539,81.4951171875,22.66329765319824,109.49755096435548,45.52426910400391,250.9117584228516,170.7981414794922
2019-03-25,36.94520568847656,96.6497802734375,57.58749771118164,89.56747436523438,80.81710052490234,22.52065658569336,110.06818389892578,44.97383499145508,250.72303771972656,170.472900390625
2019-03-26,37.434814453125,97.5854721069336,58.33687973022461,90.4712371826172,81.6258316040039,22.83110809326172,110.30205535888672,44.50917434692383,252.5919952392578,171.26681518554688
2019-03-27,37.41074752807617,97.4814910888672,57.89014053344727,89.49457550048828,81.34808349609375,22.680082321166992,109.2356185913086,44.90950393676758,251.2711181640625,170.1667938232422
2019-03-28,37.38667678833008,97.44151306152344,58.178367614746094,89.66222381591797,82.27119445800781,22.931795120239254,109.38530731201172,44.96906280517578,252.2235412597656,170.55899047851562
2019-03-29,37.61140441894531,98.00933837890624,58.22159576416016,89.77881622314453,82.69601440429688,23.14995574951172,110.3301239013672,45.26215362548828,253.8140106201172,171.85028076171875
2019-04-01,37.49902725219727,97.56948852539062,58.891719818115234,91.06159210205078,85.4816665649414,23.94706916809082,111.34043884277344,45.56954956054688,256.823974609375,174.12680053710938
2019-04-02,37.37863540649414,97.31356048583984,58.63953399658203,91.05430603027344,85.8901138305664,24.22396469116211,111.4994888305664,46.231971740722656,256.94976806640625,174.786865234375
2019-04-03,37.06560516357422,97.21759033203124,58.29367446899414,90.29629516601562,86.06165313720703,24.19879531860352,112.22914123535156,46.54889678955078,257.3540954589844,175.79115295410156
2019-04-04,37.30640411376953,97.14561462402344,59.12229537963867,90.95954895019533,86.89305114746094,24.45890617370605,111.65850830078124,46.629913330078125,258.0370178222656,175.72421264648438
2019-04-05,37.29838180541992,97.26558685302734,59.43936538696289,92.14028930664062,86.68727111816406,24.40017509460449,112.15428924560548,46.94206237792969,259.285888671875,176.63294982910156
2019-04-08,37.36258316040039,97.56948852539062,59.80684280395508,92.32977294921876,86.96713256835938,24.475685119628903,112.19173431396484,47.68074417114258,259.4835510253906,177.08250427246094
2019-04-09,37.45890045166016,97.70542907714844,59.03583526611328,91.4989013671875,86.32506561279297,24.240745544433597,111.58364868164062,47.53777694702149,258.15380859375,176.46078491210938
2019-04-10,37.434814453125,97.60147857666016,58.76921463012695,91.4624481201172,86.71195983886719,24.39178466796875,112.43495178222656,47.80465698242188,259.0343017578125,177.40773010253906
2019-04-11,37.49100875854492,97.3055648803711,59.05024337768555,91.8268814086914,87.44456481933594,24.39178466796875,112.56591796875,47.406715393066406,258.9624938964844,176.98684692382812
2019-04-12,37.515079498291016,97.75345611572266,58.308067321777344,87.28620147705078,91.5439224243164,25.314760208129883,113.14591217041016,47.38765335083008,260.714599609375,177.75209045410156
2019-04-15,37.72377395629883,98.89707946777344,58.11351013183594,87.56312561035156,90.49850463867188,25.037866592407227,113.2394561767578,47.47343444824219,260.5438842773437,177.78082275390625
2019-04-16,37.68363952636719,97.89737701416016,58.50982284545898,88.31385803222656,91.45337677001952,25.07142639160156,112.97752380371094,47.47819900512695,260.714599609375,178.39300537109375
2019-04-17,37.948509216308594,101.57623291015624,58.675537109375,87.65789031982422,94.08749389648438,25.197290420532227,113.91300201416016,48.40275192260742,260.07666015625,179.01475524902344
2019-04-18,38.10902786254883,101.64021301269533,58.45939636230469,87.35906982421875,93.3960189819336,25.197290420532227,115.40975952148438,48.57670593261719,260.5888061523437,179.2443084716797
2019-04-22,38.04482650756836,101.120361328125,59.73478317260742,88.84591674804688,93.5112762451172,25.21407127380371,115.77458953857422,48.73634338378906,260.8135070800781,179.75123596191406
2019-04-23,38.6949577331543,101.64021301269533,60.080665588378906,88.933349609375,93.62652587890624,25.230852127075195,117.3462142944336,49.43927383422852,263.1585693359375,182.037353515625
2019-04-24,38.51034164428711,101.50426483154295,58.9133415222168,86.20747375488281,93.47014617919922,25.188899993896484,116.94395446777344,49.36304473876953,262.5746154785156,181.4634552001953
2019-04-25,38.397979736328125,100.87244415283205,59.24479293823242,85.93053436279297,93.5195083618164,25.239242553710938,120.81681060791016,48.91505813598633,262.41278076171875,182.1999969482422
2019-04-26,38.73508071899414,101.08837127685548,57.99821853637695,85.34747314453125,94.2274398803711,25.46579360961914,121.50908660888672,48.68154144287109,263.6347961425781,182.3625946044922
2019-04-29,38.86349868774414,101.32029724121094,57.623531341552734,85.7993392944336,95.5856475830078,25.81820106506348,121.39683532714844,48.755401611328125,264.048095703125,182.71649169921875
2019-04-30,39.37718963623047,102.40797424316406,57.846900939941406,87.50484466552734,95.52804565429688,25.658775329589844,122.17325592041016,47.81656646728516,264.1828918457031,181.30081176757807
2019-05-01,38.999961853027344,101.76016998291016,56.686790466308594,85.86495208740234,94.79541015625,25.39027214050293,119.62877655029295,50.163665771484375,262.1971435546875,180.7173614501953
2019-05-02,38.83943176269531,101.4322738647461,55.69241714477539,84.82270812988281,95.00120544433594,25.591650009155277,118.0665283203125,49.83722686767578,261.6310729980469,179.9329833984375
2019-05-03,39.10429382324219,102.10406494140624,55.82211685180664,85.47138214111328,95.5856475830078,25.76785469055176,120.58292388916016,50.45676040649414,264.1918334960937,182.80259704589844
2019-05-06,38.90364074707031,101.78418731689452,55.57712936401367,86.29496765136719,94.73778533935548,25.56647491455078,119.88135528564452,49.67756652832031,263.1046142578125,181.6834259033203
2019-05-07,38.52639389038086,100.7524871826172,55.281700134277344,86.20021057128906,93.19023895263672,25.10499382019043,117.42102813720705,48.338417053222656,258.7109069824219,178.14425659179688
2019-05-08,38.40600204467773,100.78447723388672,55.36815643310547,85.63900756835938,92.69635772705078,25.004301071166992,117.41168212890624,48.34795379638672,258.3514404296875,177.6947021484375
2019-05-09,38.04482650756836,100.80847930908205,55.31771469116211,88.32842254638672,92.62227630615234,24.92878150939941,117.40233612060548,47.828495025634766,257.56988525390625,176.7381591796875
2019-05-10,38.67890930175781,102.3759765625,55.79874038696289,88.91149139404297,92.61404418945312,24.81970596313477,118.92715454101562,47.1658935546875,258.8636169433594,176.9581756591797
2019-05-13,38.56653594970703,101.6961898803711,55.17924880981445,87.78179931640625,90.09515380859376,23.703744888305664,115.39104461669922,44.42464065551758,252.3583526611328,170.81724548339844
2019-05-14,39.08020782470703,101.89612579345705,55.25213241577149,88.65641784667969,90.81128692626952,24.01420211791992,116.68201446533205,45.12788772583008,254.6405487060547,172.6920623779297
2019-05-15,39.4735107421875,103.44763946533205,55.660282135009766,89.02082824707031,90.46558380126952,23.7373046875,118.32514190673828,45.66849136352539,256.1321105957031,175.13119506835938
2019-05-16,39.79458236694336,104.18341827392578,55.65298461914063,88.91043090820312,91.62625122070312,23.9890251159668,121.05745697021484,45.467559814453125,258.5042724609375,176.8912353515625
2019-05-17,39.489559173583984,104.37535858154295,55.32501983642578,88.70433807373047,91.18169403076172,23.829605102539062,120.25001525878906,45.20922088623047,256.8330078125,175.08338928222656
2019-05-20,39.20863723754883,103.95948028564452,55.31772232055664,88.93985748291016,91.65916442871094,23.829605102539062,118.51294708251952,43.795536041259766,255.13478088378903,172.1276397705078
2019-05-21,39.00798416137695,103.2077178955078,55.57280349731445,89.3078842163086,91.9719696044922,24.07293701171875,119.15142059326172,44.6351318359375,257.4349975585937,173.9259490966797
2019-05-22,39.85074615478516,104.02346801757812,55.069915771484375,88.74113464355469,91.22288513183594,23.90512084960937,119.8744125366211,43.72138595581055,256.644287109375,173.15118408203125
2019-05-23,40.01128005981445,103.94349670410156,53.7799072265625,86.75392150878906,89.42839050292969,23.2925968170166,118.4753875732422,42.97507095336914,253.5084381103516,170.50160217285156
2019-05-24,39.81864547729492,103.56759643554688,54.00583267211914,87.37216186523438,90.30919647216795,23.64500617980957,118.53172302246094,42.81001663208008,254.08355712890625,170.41549682617188
2019-05-28,39.409305572509766,102.0720672607422,52.91989135742188,87.0777587890625,89.32962036132812,23.410064697265625,118.45661926269533,42.63301849365234,251.72044372558597,169.77464294433594
2019-05-29,39.01601791381836,102.50394439697266,52.591922760009766,85.94429016113281,89.08268737792969,23.28420829772949,117.31111145019533,42.4296875,250.03109741210935,168.37806701660156
2019-05-30,39.529693603515625,102.85581970214844,52.45343780517578,84.92123413085938,88.12781524658203,22.789155960083008,118.0528564453125,42.64975357055664,250.7140655517578,169.0859375
2019-05-31,39.433380126953125,102.36795806884766,51.57885360717773,83.79513549804688,87.22232055664062,22.31928253173828,116.12804412841795,41.87713241577149,247.33563232421875,166.38851928710938
2019-06-03,40.11561584472656,103.15171813964844,52.38785171508789,85.37020111083984,87.6338882446289,22.386402130126957,112.52252960205078,41.45375061035156,246.7067108154297,162.7249755859375
2019-06-04,40.13167572021485,103.22370910644533,53.63413238525391,86.33438873291016,90.33389282226562,23.426847457885746,115.63977813720705,42.97028732299805,252.0618438720703,167.30674743652344
2019-06-05,40.75771713256836,105.07913208007812,53.1895637512207,86.59198760986328,90.6549072265625,23.41845703125,118.14675903320312,43.66397476196289,254.24530029296875,168.55027770996094
2019-06-06,41.2553596496582,106.3237762451172,54.15889739990234,88.8221206665039,90.85246276855467,23.519685745239254,120.01525115966795,44.30503463745117,255.8985595703125,169.8893585205078
2019-06-07,41.32758712768555,107.52413940429688,54.35567855834961,89.41090393066406,89.85645294189453,23.22443389892578,123.37663269042967,45.48430252075195,258.45928955078125,173.17027282714844
2019-06-10,41.23929977416992,107.6208038330078,54.59618377685547,90.00708770751953,90.82776641845705,23.67997360229492,124.50337982177734,46.06557083129883,259.6453552246094,175.1885986328125
2019-06-11,41.19917297363281,107.30663299560548,54.5451545715332,89.1827621459961,91.1076431274414,23.823387145996094,124.0339126586914,46.59898376464844,259.5824279785156,175.42774963378906
2019-06-12,41.44798278808594,107.25829315185548,53.95483016967773,88.46145629882812,89.94697570800781,23.578744888305664,123.46117401123048,46.450679779052734,259.1241760253906,174.413818359375
2019-06-13,41.35900115966797,107.09716796875,54.42855072021485,88.99139404296875,90.16924285888672,23.57030868530273,124.24048614501952,46.44111251831055,260.19342041015625,175.44686889648438
2019-06-14,41.50460433959961,106.92801666259766,54.18804168701172,88.91776275634766,90.39972686767578,23.6546630859375,124.36255645751952,46.10384368896485,259.906005859375,174.7007293701172
2019-06-17,41.14868927001953,106.75885772705078,54.72738265991211,89.34467315673828,89.90583801269531,23.561864852905277,124.73812103271484,46.37892150878906,260.00469970703125,175.7529296875
2019-06-18,40.96265411376953,106.38825225830078,55.20110321044922,90.4781494140625,91.1323471069336,24.14396095275879,126.90709686279295,47.46967315673828,262.72723388671875,178.3068389892578
2019-06-19,41.35091400146485,107.024658203125,54.89500427246094,90.4487075805664,90.47381591796876,23.890878677368164,127.40470886230467,47.33094024658203,263.3203125,178.9765167236328
2019-06-20,41.7877197265625,108.0800323486328,55.83517837524414,91.47176361083984,90.70430755615234,23.84870147705078,128.5877685546875,47.71128082275391,265.83624267578125,180.64077758789065
2019-06-21,41.69874572753906,107.91886901855467,56.6223258972168,91.9501724243164,90.08692932128906,23.72216033935547,128.60655212402344,47.54861831665039,265.44970703125,180.3730316162109
2019-06-24,41.99803924560547,108.06389617919922,56.08298873901367,91.93544006347656,89.44486999511719,23.60405158996582,129.36709594726562,47.50078201293945,265.12469482421875,180.37869262695312
2019-06-25,41.868614196777344,107.79806518554688,55.58738327026367,91.00071716308594,88.70401000976562,23.41845321655273,125.28268432617188,46.78079605102539,262.5244140625,177.28231811523438
2019-06-26,41.35091400146485,106.5977020263672,55.82789611816406,91.21416473388672,89.29670715332031,23.545000076293945,125.75214385986328,47.792606353759766,262.2624816894531,178.10671997070312
2019-06-27,41.31856536865234,106.09014129638672,55.25941848754883,90.6106185913086,89.593017578125,23.79808235168457,125.95872497558594,47.77825546264648,263.1925048828125,178.7873992919922
2019-06-28,41.18914413452149,105.6390380859375,55.84976196289063,91.58950805664062,92.02957916259766,24.464529037475582,125.78034210205078,47.3429069519043,264.546875,179.0174560546875
2019-07-01,41.73919296264648,106.23516845703124,55.79874038696289,91.88394165039062,93.57714080810548,24.81884384155273,127.39527130126952,48.21120834350586,266.9485778808594,181.43321228027344
2019-07-02,42.04656219482422,106.6863021850586,55.18653869628906,90.4781494140625,93.67589569091795,24.591068267822266,128.2403564453125,48.493465423583984,267.64373779296875,182.15223693847656
2019-07-03,42.14363861083984,107.94307708740234,55.71128463745117,90.78724670410156,93.52667236328124,24.506711959838867,129.06666564941406,48.89531707763672,269.7836303710937,183.5231475830078
2019-07-05,42.1517333984375,107.16162872314452,55.48533630371094,90.92710876464844,94.08211517333984,24.68386650085449,128.69102478027344,48.852272033691406,269.4765625,183.1492462158203
2019-07-08,42.0627555847168,106.79103088378906,55.74044799804688,90.97126770019533,93.56814575195312,24.633249282836918,128.59719848632812,47.84523010253906,267.9958801269531,181.8646240234375
2019-07-09,41.73109436035156,106.13044738769533,55.70400238037109,90.78724670410156,93.96605682373048,24.759788513183597,128.127685546875,48.137054443359375,268.3299255371094,182.7753448486328
2019-07-10,41.91714859008789,108.28142547607422,56.49112319946289,92.32551574707033,93.69249725341795,24.48140525817871,129.43283081054688,48.61307144165039,269.6120300292969,184.5967559814453
2019-07-11,42.09510803222656,108.23306274414062,56.53486251831055,92.31815338134766,94.58780670166016,24.768224716186523,129.9491729736328,48.25905227661133,270.244140625,184.46255493164065
2019-07-12,42.15981674194336,107.3710708618164,56.57857894897461,92.72297668457033,95.58259582519533,24.844148635864254,130.41867065429688,48.62981414794922,271.45391845703125,185.5266571044922
2019-07-15,42.16790771484375,108.07196044921876,56.17773818969727,92.53163146972656,94.42201232910156,24.650115966796875,130.41867065429688,49.086692810058594,271.54425048828125,186.1210174560547
2019-07-16,42.17599105834961,107.79000091552734,55.33959197998047,91.8250503540039,95.43335723876952,24.456092834472656,128.7098388671875,48.91686248779297,270.6684265136719,185.162353515625
2019-07-17,42.20835494995117,106.9682846069336,55.01161956787109,91.36872863769533,94.4966049194336,24.624814987182617,127.94932556152344,48.64176940917969,268.8265075683594,184.2516632080078
2019-07-18,42.08702850341797,107.04883575439452,54.5451545715332,91.76617431640624,95.0603256225586,24.869461059570312,128.09019470214844,49.19432067871094,269.8106689453125,184.46255493164065
2019-07-19,41.56932830810547,104.80119323730467,54.65449142456055,92.03113555908205,94.12357330322266,24.80196952819824,128.27792358398438,48.45998001098633,268.3117980957031,183.11085510253903
2019-07-22,41.43181228637695,104.95426940917967,54.71278762817383,92.22987365722656,94.72872161865234,24.94537925720215,129.97740173339844,49.56748962402344,268.9709777832031,184.5680389404297
2019-07-23,43.947486877441406,105.32485961914062,54.93144989013672,92.60521697998048,96.46131896972656,25.51903343200684,130.78488159179688,49.95498275756836,270.8941650390625,185.7759246826172
2019-07-24,43.50259017944336,104.09228515625,54.92416000366211,93.13516235351562,96.85093688964844,25.873350143432617,132.12754821777344,49.91433334350586,272.1673278808594,187.0797119140625
2019-07-25,42.92827987670898,103.91503143310548,54.61076354980469,92.4653549194336,95.92247009277344,25.59495735168457,131.62994384765625,49.51963806152344,270.8670654296875,185.30621337890625
2019-07-26,43.81806564331055,105.7115249633789,54.52329635620117,91.0595703125,96.3452606201172,25.95770835876465,132.70974731445312,49.69187545776367,272.681884765625,187.21389770507807
2019-07-29,43.672462463378906,105.96126556396484,54.90956497192383,91.4349594116211,96.0385284423828,25.74680519104004,132.4185791015625,50.15591430664063,272.1852722167969,186.57162475585935
2019-07-30,43.45406723022461,105.11536407470705,54.9168586730957,91.51590728759766,95.822998046875,26.05894088745117,131.78016662597656,49.94064712524414,271.51715087890625,185.76634216308597
2019-07-31,42.572357177734375,102.96441650390624,54.19532775878906,90.6106185913086,96.16287994384766,25.88178253173828,127.94932556152344,50.95964050292969,268.5466003417969,183.1971435546875
2019-08-01,42.08702850341797,102.4246826171875,52.81058120727539,88.86627960205078,93.62618255615234,24.87789535522461,129.62997436523438,49.85691452026367,266.2081298828125,182.2864227294922
2019-08-02,42.329689025878906,103.05303955078124,52.29312133789063,88.85891723632812,93.6178970336914,24.78509330749512,128.5408477783203,48.80203628540039,264.20379638671875,179.6022491455078
2019-08-05,41.779632568359375,100.21729278564452,51.22173309326172,87.39423370361328,90.83248901367188,23.688411712646484,124.13719177246094,46.247344970703125,256.25836181640625,173.25599670410156
2019-08-06,42.28115081787109,101.8687973022461,51.71732711791992,87.86528778076172,91.5454330444336,23.97524070739746,126.46581268310548,47.12284469604492,259.851806640625,175.6813507080078
2019-08-07,43.01725387573242,102.94023895263672,51.38207626342773,87.6592025756836,89.55585479736328,23.528121948242188,127.01974487304688,47.61081314086914,260.00537109375,176.6304473876953
2019-08-08,43.42979049682617,104.3017120361328,52.75226211547852,90.6989517211914,91.07289123535156,23.94149780273437,130.40931701660156,48.66090393066406,265.1067199707031,180.474609375
2019-08-09,43.21139144897461,103.6008529663086,51.6298713684082,90.10277557373048,90.97340393066406,23.899314880371094,129.30137634277344,48.25991821289063,263.3008728027344,178.77780151367188
2019-08-12,43.03342819213867,103.39944458007812,51.37899398803711,89.46244049072266,89.26568603515625,23.31722450256348,127.49861145019533,48.13746643066406,260.0955810546875,176.72630310058594
2019-08-13,43.27610397338867,104.67227935791016,52.01356506347656,90.0806884765625,90.64179229736328,23.38471794128418,130.13702392578125,50.17600631713867,264.1405639648437,180.5992431640625
2019-08-14,42.86355972290039,104.01974487304688,49.91798782348633,86.65824127197266,86.87818145751953,22.288026809692383,126.218017578125,48.68252182006836,256.3305358886719,175.20204162597656
2019-08-15,43.57538604736328,105.3087387084961,49.622825622558594,86.07676696777344,87.20980072021484,22.144615173339844,125.93539428710938,48.44002532958984,257.0077514648437,175.00074768066406
2019-08-16,44.01219940185547,106.14656066894533,50.39761352539063,86.11398315429688,89.2988510131836,22.802631378173828,128.24346923828125,49.58293533325195,260.7998352050781,177.8095703125
2019-08-19,44.23868942260742,106.79913330078124,51.24617004394531,87.22930145263672,90.10295867919922,23.00509262084961,130.391357421875,50.50735855102539,263.94189453125,180.63754272460935
2019-08-20,43.583473205566406,106.38825225830078,50.936256408691406,86.35189819335938,88.9589614868164,22.54110717773437,129.3079833984375,50.50975799560547,261.91943359375,179.23794555664062
2019-08-21,43.76143646240234,106.61380767822266,51.44539642333984,87.65316009521484,89.2076416015625,22.71826934814453,130.7493438720703,51.057228088378906,264.0503234863281,180.82931518554688
2019-08-22,44.076908111572266,106.87162017822266,51.33470916748047,87.54164123535156,90.12784576416016,22.93760681152344,129.79788208007812,51.01399230957031,263.9690246582031,180.24452209472656
2019-08-23,43.47023391723633,104.94621276855467,49.79991149902344,85.6455078125,87.88956451416016,22.33020782470703,125.66222381591795,48.65610885620117,257.188232421875,174.5405731201172
2019-08-26,44.11735534667969,107.7416534423828,50.065555572509766,86.06189727783203,88.59420013427734,22.591726303100582,127.60284423828124,49.58053970336914,260.03240966796875,177.17684936523438
2019-08-27,44.26295471191406,108.56334686279295,49.57854080200195,86.12884521484375,87.65744018554688,22.33020782470703,127.87602996826172,49.02107238769531,259.0121765136719,176.802978515625
2019-08-28,44.57842254638672,108.90979766845705,49.94011688232422,86.87239837646484,88.53616333007812,22.650779724121094,127.70650482177734,49.35002517700195,260.83599853515625,177.4357147216797
2019-08-29,44.5298957824707,109.57844543457033,50.493534088134766,87.38546752929688,90.54232788085938,23.05570602416992,130.11814880371094,50.18560409545898,264.16766357421875,180.14865112304688
2019-08-30,44.52180480957031,110.15039825439452,50.53042984008789,87.53419494628906,91.07289123535156,23.20756149291992,129.87326049804688,50.12078094482422,264.0503234863281,179.71731567382812
2019-09-03,44.73211669921875,110.73851776123048,50.58945846557617,86.45600891113281,89.99519348144531,22.81949806213379,128.15870666503906,49.39083480834961,262.5062561035156,177.97251892089844
2019-09-04,45.11228942871094,112.09996795654295,51.12810516357422,87.1847152709961,91.0811767578125,23.19068717956543,129.65660095214844,50.22883605957031,265.4858703613281,180.54168701171875
2019-09-05,44.586517333984375,110.3032455444336,51.85123825073242,87.4747085571289,93.1536636352539,23.878507614135746,131.93637084960938,51.21089172363281,268.8988037109375,183.8490295410156
2019-09-06,44.675479888916016,111.43077087402344,52.33824157714844,87.93572235107422,93.35260772705078,23.54733085632324,131.04141235351562,51.20608139038086,269.1064147949219,183.6669158935547
2019-09-09,44.101165771484375,110.64392852783205,52.751461029052734,88.77597045898438,95.66547393798828,24.31158447265625,129.552978515625,51.424591064453125,269.2419738769531,183.2834014892578
2019-09-10,44.00410461425781,110.20587921142578,53.17942810058594,90.60518646240234,96.88410186767578,24.92298126220703,128.1964111328125,52.03207015991211,269.1786193847656,182.75616455078125
2019-09-11,44.30341720581055,110.61149597167967,53.07612991333008,90.18132019042967,97.14938354492188,25.016387939453125,128.23403930664062,53.686431884765625,271.0927734375,184.47213745117188
2019-09-12,44.57842254638672,111.3658676147461,53.1130256652832,90.28543853759766,97.74625396728516,25.19471740722656,129.552978515625,53.56637954711914,272.0317687988281,185.2390899658203
2019-09-13,44.21175765991211,110.67638397216795,53.60002899169922,90.34493255615234,99.66950988769533,25.619298934936523,129.36456298828125,52.52428436279297,271.8511657714844,184.57760620117188
2019-09-16,43.967315673828125,109.41094970703124,54.40433883666992,92.29309844970705,98.78250122070312,25.585325241088867,128.43190002441406,52.8004150390625,271.0115966796875,183.75320434570312
2019-09-17,44.19547653198242,110.07611846923828,53.99111175537109,92.1220703125,98.29339599609376,25.423982620239254,129.4304962158203,52.99251556396485,271.69775390625,184.6351623535156
2019-09-18,44.18732070922852,109.91388702392578,53.73284912109375,92.33772277832033,99.27989196777344,25.47493553161621,130.49502563476562,53.489540100097656,271.8602600097656,184.55845642089844
2019-09-19,44.42360305786133,109.89765167236328,53.37128829956055,91.95105743408205,98.9648666381836,25.32209205627441,132.8972930908203,53.054935455322266,271.8421325683594,184.8652191162109
2019-09-20,43.92657470703125,109.27306365966795,53.18681335449219,92.44181823730467,98.56696319580078,25.12677574157715,131.36172485351562,52.27937698364258,270.55780029296875,182.90951538085935
2019-09-23,44.11397933959961,109.86517333984376,53.22370529174805,92.87310028076172,98.55036926269533,25.067338943481445,131.0790557861328,52.51709365844727,270.49432373046875,182.9902801513672
2019-09-24,44.24434661865234,109.80028533935548,52.493194580078125,92.01052856445312,97.26544952392578,24.5748233795166,129.4210662841797,52.267364501953125,268.3718566894531,180.5599822998047
2019-09-25,44.13843536376953,109.58130645751952,52.64816284179688,91.83950805664062,97.82086944580078,24.83806037902832,131.28634643554688,53.071754455566406,269.9591064453125,182.5867919921875
2019-09-26,44.317684173583984,110.0923309326172,52.367767333984375,89.34851837158203,97.01673889160156,24.73616600036621,131.45594787597656,52.79801940917969,269.3968505859375,181.9144287109375
2019-09-27,44.25249862670898,109.99501037597656,52.74409103393555,88.18852233886719,97.58875274658205,24.92298126220703,129.75076293945312,52.54110336303711,267.9454345703125,179.6570587158203
2019-09-30,44.35842514038086,111.21173858642578,52.10211563110352,88.18852233886719,97.5638656616211,24.77013397216797,130.97544860839844,53.777679443359375,269.18804931640625,181.3668975830078
2019-10-01,44.529541015625,111.43077087402344,50.87722396850586,86.26268005371094,95.7898406982422,24.15024185180664,129.12901306152344,53.92653274536133,265.98614501953125,179.8876190185547
2019-10-02,43.250282287597656,108.64842987060548,49.54903411865234,83.49656677246094,93.88316345214844,23.64073944091797,126.84919738769533,52.57473373413086,261.28765869140625,176.79454040527344
2019-10-03,43.86953353881836,111.88501739501952,50.16149139404297,84.13601684570312,93.74947357177734,23.615264892578125,128.38479614257812,53.02131652832031,263.42828369140625,178.73483276367188
2019-10-04,44.43991088867188,113.79126739501952,50.89199447631836,84.65653991699219,95.78004455566406,24.09079933166504,130.11814880371094,54.507606506347656,266.9930114746094,181.3668975830078
2019-10-07,43.89398193359375,112.21760559082033,50.19098281860352,84.21782684326172,95.5711441040039,24.03984832763672,129.17613220214844,54.51961517333984,265.8410339355469,180.81936645507807
2019-10-08,43.657691955566406,111.3253402709961,49.21697998046875,83.06527709960938,93.4402847290039,23.46241950988769,127.81011199951172,53.88092422485352,261.7140197753906,178.1105499267578
2019-10-09,43.86139297485352,111.82010650634766,49.76302719116211,84.12860107421875,94.11714935302734,23.68319702148437,130.23121643066406,54.51240921020508,264.1993103027344,179.84915161132812
2019-10-10,43.722877502441406,111.85256958007812,50.36070251464844,85.2068099975586,95.43742370605467,24.15873336791992,131.04141235351562,55.24714660644531,265.98614501953125,181.2419891357422
2019-10-11,43.42953872680664,111.64979553222656,50.89938354492188,86.36678314208984,97.0501937866211,24.549352645874023,131.58782958984375,56.71662902832031,268.74371337890625,183.5762176513672
2019-10-14,43.42953872680664,111.49565887451172,51.04694747924805,86.38909149169922,97.30924224853516,24.74465751647949,131.46534729003906,56.6349983215332,268.4443664550781,183.55702209472656
2019-10-15,43.60065460205078,110.58712005615234,51.22403335571289,86.48575592041016,100.24230194091795,25.245664596557617,133.3683319091797,56.5029411315918,271.10211181640625,185.8912048339844
2019-10-16,43.58435821533203,110.66016387939452,50.345951080322266,85.59345245361328,100.0083465576172,25.619298934936523,132.27548217773438,56.27483367919922,270.66656494140625,185.4300994873047
2019-10-17,43.82879638671875,111.09819793701172,50.27953720092773,85.77189636230469,100.56819915771484,25.695724487304688,131.5972442626953,56.49333190917969,271.46490478515625,185.92002868652344
2019-10-18,44.63546371459961,110.5222396850586,49.88846206665039,85.31832122802734,100.7436752319336,25.772146224975582,129.44931030273438,56.76465225219727,270.2765808105469,184.13330078125
2019-10-21,44.18732070922852,110.4167938232422,50.72227096557617,86.70883178710938,103.24222564697266,26.34108543395996,130.41021728515625,57.74911880493164,272.1088562011719,185.76634216308597
2019-10-22,43.877685546875,110.8548583984375,50.98052978515625,87.59369659423828,104.2784194946289,26.493940353393555,128.4695587158203,57.6170539855957,271.21990966796875,184.2870635986328
2019-10-23,44.52140045166016,111.49565887451172,51.46754455566406,87.72753143310547,104.55416870117188,26.680747985839844,129.28916931152344,58.39020919799805,272.0090637207031,184.64242553710935
2019-10-24,44.49694061279297,111.85256958007812,50.98052978515625,87.43008422851562,104.4789581298828,26.62980461120605,131.832763671875,58.48625183105469,272.4535827636719,186.438720703125
2019-10-25,43.79620742797852,110.83861541748048,51.09859848022461,88.24059295654297,105.31461334228516,26.93550109863281,132.57696533203125,59.20658874511719,273.5691833496094,187.9276580810547
2019-10-28,43.64954376220703,110.78180694580078,50.64848327636719,88.09932708740234,105.7156982421875,27.03740119934082,135.83648681640625,59.79965591430664,275.1112670898437,189.78160095214844
2019-10-29,43.519168853759766,110.3843231201172,50.50090026855469,87.83905792236328,105.64884948730467,27.232709884643555,134.55528259277344,58.4166145324707,275.0295715332031,188.31182861328125
2019-10-30,43.95102691650391,111.0495147705078,49.96963119506836,86.52291107177734,105.0639190673828,26.850584030151367,136.23220825195312,58.4094123840332,275.8731994628906,189.2244415283203
2019-10-31,44.35027694702149,111.26851654052734,49.85895538330078,86.35933685302734,104.38703918457033,26.553377151489254,135.06399536132812,59.730018615722656,275.138427734375,189.31088256835935
2019-11-01,43.918434143066406,111.0738296508789,51.35685729980469,86.41138458251953,106.79367065429688,27.003433227539062,135.3937225341797,61.42520904541016,277.687255859375,191.0302734375
2019-11-04,43.29916000366211,109.63809204101562,52.88428497314453,90.39696502685548,107.6460189819336,27.51292991638184,136.17567443847656,61.82859420776367,278.8030090332031,192.2118377685547
2019-11-05,42.712501525878906,108.70523071289062,53.93206405639648,90.67210388183594,107.87999725341795,27.869577407836918,136.09088134765625,61.73976135253906,278.4945678710937,192.31748962402344
2019-11-06,43.02213668823242,109.05403137207033,52.751461029052734,89.15520477294922,108.047119140625,27.84410858154297,135.71401977539062,61.76617431640625,278.5580139160156,191.88519287109372
2019-11-07,42.60657501220703,108.14552307128906,53.873043060302734,90.63492584228516,108.63206481933594,28.21774101257324,135.90248107910156,62.4790267944336,279.53765869140625,192.52882385253903
2019-11-08,42.5413932800293,107.99138641357422,52.84993362426758,89.92108917236328,108.9496078491211,28.243200302124023,137.50396728515625,62.65004348754883,280.22711181640625,193.2972717285156
2019-11-11,42.23991394042969,107.39112854003906,52.52882766723633,89.83184051513672,108.56519317626952,28.17527961730957,137.6453094482422,63.14613342285156,279.6918334960937,193.03793334960935
2019-11-12,42.13398742675781,107.0585479736328,51.80445861816406,89.94336700439453,107.9301300048828,28.098857879638672,138.5496826171875,63.08833694458008,280.2814636230469,193.59503173828125
2019-11-13,42.7043571472168,108.12117004394533,51.37879180908203,90.92491149902344,107.36188507080078,27.84410858154297,138.77578735351562,63.69282913208008,280.37213134765625,193.6430511474609
2019-11-14,42.88361740112305,108.15362548828124,51.154747009277344,90.68695831298828,107.4622039794922,27.767683029174805,139.48231506347656,63.25210571289063,280.78033447265625,193.4893951416016
2019-11-15,42.91620635986328,108.54299926757812,51.67002868652344,90.58935546875,108.23931121826172,27.96298599243164,141.28164672851562,64.00350189208984,282.81219482421875,194.91102600097656
2019-11-18,43.20954132080078,108.74578857421876,51.16967010498047,89.01995086669922,109.15013122558594,27.988468170166016,141.63023376464844,64.32621002197266,283.0207824707031,195.06475830078125
2019-11-19,43.250282287597656,109.1594696044922,50.64693832397461,87.44304656982422,109.1167221069336,27.971479415893555,141.6773223876953,64.13114929199219,282.9391174316406,195.3529052734375
2019-11-20,43.364356994628906,108.48621368408205,50.80375289916992,88.11136627197266,108.3228759765625,27.759191513061523,141.43153381347656,63.384552001953125,281.8869323730469,194.18099975585935
2019-11-21,43.15250396728516,108.62411499023438,52.02848434448242,89.18515014648438,108.57356262207033,27.88656616210937,141.29920959472656,63.100372314453125,281.4334716796875,193.74874877929688
2019-11-22,43.20954132080078,108.75391387939452,51.80445861816406,89.08003997802734,109.29219818115234,28.17527961730957,141.4031982421875,63.04497146606445,282.05926513671875,193.87355041503903
2019-11-25,43.364356994628906,108.55921936035156,51.460933685302734,88.8923110961914,109.87715911865234,28.42154693603516,142.95343017578125,64.150390625,284.2453308105469,196.16940307617188
2019-11-26,43.918434143066406,110.07611846923828,51.33396530151367,88.44927978515625,110.0275650024414,28.319639205932617,143.70965576171875,63.64949798583984,284.88922119140625,196.5440368652344
2019-11-27,43.95916748046875,110.24645233154295,51.3040885925293,88.6595230102539,110.35344696044922,28.379079818725582,143.98382568359375,64.50443267822266,286.1592712402344,197.9176177978516
2019-11-29,43.836036682128906,110.18155670166016,50.87844467163086,87.95365905761719,110.10275268554688,28.29416275024414,143.09524536132812,64.36234283447266,285.09796142578125,197.0146942138672
2019-12-02,44.123348236083984,110.2221221923828,51.09498977661133,87.70587158203125,109.86043548583984,28.387575149536133,141.3654022216797,63.6181755065918,282.6761169433594,194.9974822998047
2019-12-03,44.16438674926758,109.8814468383789,50.69174957275391,87.02255249023438,108.4482192993164,27.88656616210937,141.13853454589844,62.48384475708008,280.78033447265625,193.47018432617188
2019-12-04,44.5666389465332,111.3740005493164,51.26677322387695,87.81098175048828,110.58744049072266,28.149810791015625,141.64898681640625,63.03536224365234,282.5128173828125,194.4499664306641
2019-12-05,44.48453903198242,111.36990356445312,51.08753967285156,87.35295104980469,111.1890869140625,28.25226402282715,141.72459411621094,63.96015548706055,283.0207824707031,194.83421325683597
2019-12-06,44.67334747314453,112.2031021118164,51.90900802612305,88.6144790649414,112.84365844726562,28.747467041015625,143.44496154785156,65.19560241699219,285.6058959960937,196.9186248779297
2019-12-09,44.38603591918945,112.03974151611328,52.021026611328125,88.0813217163086,112.31716918945312,28.610864639282227,143.07638549804688,64.28285217285156,284.7079162597656,196.0253143310547
2019-12-10,44.1397705078125,111.3127212524414,51.57295227050781,88.52436065673828,112.39240264892578,28.6279296875,142.85888671875,64.6585693359375,284.39044189453125,195.8619842529297
2019-12-11,44.28752899169922,111.9906997680664,51.49826431274414,87.27783966064453,112.1249771118164,28.72184944152832,143.39772033691406,65.21005249023438,285.1977233886719,196.8993988037109
2019-12-12,44.443504333496094,112.05606079101562,52.52882766723633,89.2151870727539,115.33381652832033,29.609811782836918,144.85342407226562,65.37623596191406,287.65594482421875,198.3690643310547
2019-12-13,44.67334747314453,112.6768798828125,51.69990539550781,88.57693481445312,114.32270050048828,29.404890060424805,146.0728759765625,66.26488494873047,287.828125,199.0222930908203
2019-12-16,44.67334747314453,111.9580535888672,52.2749137878418,89.6281967163086,114.7656021118164,29.62688446044922,147.0181121826172,67.39922332763672,289.8055725097656,201.020263671875
2019-12-17,44.67334747314453,111.23102569580078,52.03596115112305,89.05748748779297,115.46752166748048,29.91717529296875,146.22406005859375,67.53170013427734,289.8691711425781,201.13558959960935
2019-12-18,44.25468826293945,111.06768035888672,52.1778450012207,89.01995086669922,115.35050964355467,29.97693634033203,145.92156982421875,67.37030792236328,289.8872375488281,201.28927612304688
2019-12-19,44.59125900268555,111.47610473632812,51.81938934326172,88.70458221435547,114.77395629882812,29.840330123901367,147.18824768066406,67.43777465820312,291.07550048828125,202.54763793945312
2019-12-20,45.124847412109375,112.66053009033205,52.230125427246094,89.86848449707031,114.68202209472656,29.84886741638184,148.79522705078125,67.2980728149414,292.35162353515625,203.3641815185547
2019-12-23,45.07559967041016,111.94168853759766,52.49150085449219,90.3565673828125,114.64859008789062,30.02816390991211,148.79522705078125,68.39628601074219,292.7982788085937,203.9012908935547
2019-12-24,44.91140365600586,111.81914520263672,52.28985977172852,90.36407470703124,114.96614837646484,30.07086181640625,148.76687622070312,68.46131134033203,292.8074645996094,204.00718688964844
2019-12-26,45.16588592529297,111.65577697753906,52.37201690673828,90.55929565429688,116.1861572265625,30.327003479003903,149.9862518310547,69.819580078125,294.3661193847656,205.8073883056641
2019-12-27,45.436790466308594,112.35013580322266,52.19278335571289,90.33403778076172,116.2697296142578,30.18185234069824,150.26040649414062,69.7930908203125,294.2930603027344,205.63409423828125
2019-12-30,45.3711166381836,111.75379943847656,51.88660430908203,89.99613952636719,115.8435516357422,30.011091232299805,148.9653778076172,70.20735168457031,292.670654296875,204.28636169433597
2019-12-31,45.436790466308594,111.6394500732422,52.110633850097656,90.49172973632812,116.48698425292967,30.07086181640625,149.06935119628906,70.72029876708984,293.38153076171875,204.67144775390625
2020-01-02,45.14126205444336,110.94512939453124,52.94702911376953,91.1825714111328,117.8991928100586,30.429452896118164,151.82955932617188,72.33385467529297,296.1253356933594,208.0888671875
2020-01-03,44.89498901367188,110.78992462158205,52.521366119384766,90.86717224121094,116.3433609008789,29.797643661499023,149.93899536132812,71.6306381225586,293.8829040527344,206.18280029296875
2020-01-06,44.87856674194336,111.21466827392578,52.92462539672852,90.55929565429688,116.25082397460938,29.75494766235352,150.3265838623047,72.20140838623047,295.0040588378906,207.5112762451172
2020-01-07,44.53379821777344,109.46663665771484,52.49150085449219,89.40290832519531,114.27452850341795,29.558578491210938,148.95596313476562,71.86185455322266,294.17462158203125,207.4823760986328
2020-01-08,44.61588668823242,110.03025817871094,51.69990539550781,88.38168334960938,115.16594696044922,29.857402801513672,151.3285369873047,73.01782989501953,295.74249267578125,209.04188537597656
2020-01-09,45.42858505249024,110.1037826538086,52.09570693969727,88.23902130126953,115.58647918701172,29.908632278442383,153.2191162109375,74.56879425048828,297.747802734375,210.81320190429688
2020-01-10,45.58454895019531,109.8913803100586,51.632694244384766,87.43553924560547,114.43431091308594,29.661029815673828,152.5102081298828,74.73737335205078,296.8909606933594,210.27410888671875
2020-01-13,46.07708740234375,111.52511596679688,52.12556457519531,87.60073852539062,115.38461303710938,29.934255599975582,154.34396362304688,76.3340835571289,298.93280029296875,212.7000274658203
2020-01-14,45.97037506103516,111.78649139404295,51.67749786376953,87.3304214477539,116.7302474975586,30.15623664855957,153.25689697265625,75.30332946777344,298.4770812988281,211.86253356933597
2020-01-15,46.54499435424805,113.7060775756836,51.595340728759766,87.20277404785156,114.98094177246094,29.60126495361328,154.24942016601562,74.98060607910156,299.1515808105469,211.94911193847656
2020-01-16,46.64350891113281,114.041015625,51.39371871948242,87.77345275878906,115.4266586303711,29.643962860107425,157.07579040527344,75.91986083984375,301.6399841308594,213.9803466796875
2020-01-17,46.74202346801758,115.38878631591795,51.19956207275391,86.7897720336914,116.22560119628906,29.635421752929688,157.9549560546875,76.76036071777344,302.5788269042969,215.039306640625
2020-01-21,46.93082046508789,115.8789291381836,50.46770477294922,85.08519744873047,115.08186340332033,29.25121116638184,157.38775634765625,76.24015045166016,301.9863586425781,214.9429931640625
2020-01-22,47.292022705078125,117.1205596923828,50.17646408081055,84.77735137939453,114.94729614257812,29.33659172058105,156.63153076171875,76.5123291015625,302.0227966308594,215.510986328125
2020-01-23,47.472618103027344,117.34110260009766,49.86280822753906,84.92752075195312,114.82953643798828,29.13167953491211,157.59571838378906,76.88077545166016,302.36920166015625,216.2040863037109
2020-01-24,47.3494873046875,116.74480438232422,49.52676010131836,83.9888687133789,111.97859954833984,28.636474609375,156.00770568847656,76.65922546386719,299.6802673339844,214.3846435546875
2020-01-27,47.185302734375,116.10765838623048,48.34683609008789,82.892578125,111.03667449951172,28.04734992980957,153.39869689941406,74.40502166748047,294.8765869140625,209.95643615722656
2020-01-28,46.79948425292969,116.35270690917967,48.27964019775391,83.44073486328125,113.05508422851562,28.38033103942871,156.4046630859375,76.50990295410156,297.9665832519531,213.1813507080078
2020-01-29,46.79948425292969,115.77273559570312,47.87636566162109,82.87753295898438,112.88684844970705,28.183956146240234,158.84349060058594,78.11141967773438,297.7204284667969,213.52789306640625
2020-01-30,48.31814193725586,117.4881591796875,48.38417053222656,83.65098571777344,114.28294372558594,28.585241317749023,163.32408142089844,77.99822998046875,298.6866760253906,214.28843688964844
2020-01-31,47.94053649902344,116.00963592529295,46.39026641845703,80.45211029052734,111.31419372558594,28.030277252197266,160.91360473632812,74.53990173339844,293.2630615234375,210.89019775390625
2020-02-03,48.08829879760742,116.40990447998048,45.35221862792969,79.80632019042969,112.16360473632812,28.14981460571289,164.83648681640625,74.33519744873047,295.441650390625,214.0766143798828
2020-02-04,48.30172348022461,116.98983764648438,44.7846794128418,80.2343521118164,113.7782974243164,28.704776763916016,170.2623748779297,76.78925323486328,299.9445495605469,218.97657775878903
2020-02-05,48.3099250793457,117.87206268310548,46.845802307128906,82.80996704101562,115.71261596679688,29.635421752929688,170.0543670654297,77.41545104980469,303.4082946777344,219.69859313964844
2020-02-06,48.42487335205078,117.89657592773438,46.21104049682617,82.21675109863281,115.72946166992188,29.60126495361328,173.58023071289062,78.32096099853516,304.42926025390625,221.59500122070312
2020-02-07,48.58903884887695,118.74609375,45.90486526489258,81.8037338256836,115.35939025878906,29.550033569335938,173.82606506347656,77.25634002685547,302.8067321777344,220.64198303222656
2020-02-10,49.04874420166016,118.98297119140624,45.420047760009766,82.44200897216797,115.83875274658205,29.618335723876957,178.37278747558594,77.62329864501953,305.0673217773437,223.30856323242188
2020-02-11,48.91740798950195,119.3260498046875,45.85182571411133,83.5083236694336,116.05740356445312,29.6866455078125,174.34591674804688,77.15496063232422,305.5959777832031,223.34701538085935
2020-02-12,48.76964569091797,119.3260498046875,46.412376403808594,84.1315689086914,116.05740356445312,29.814722061157227,174.60118103027344,78.98722839355469,307.5648498535156,225.522705078125
2020-02-13,48.93382263183594,119.64462280273438,46.15482711791992,83.84622955322266,115.95647430419922,29.80617332458496,173.65586853027344,78.42475128173828,307.2366943359375,225.2338714599609
2020-02-14,49.21293258666992,120.0693817138672,45.94272232055664,83.62589263916016,115.603271484375,29.75494766235352,175.20614624023438,78.44406127929688,307.7289123535156,225.87884521484372
2020-02-18,48.8681526184082,118.93395233154295,45.35945129394531,83.74745178222656,114.07268524169922,29.25975227355957,176.98324584960938,77.00772094726562,306.9359130859375,225.96548461914065
2020-02-19,49.0651741027832,118.87678527832033,45.70790100097656,84.12731170654297,115.62853240966795,29.643962860107425,177.51405334472656,78.12301635742188,308.4034118652344,228.1315155029297
2020-02-20,49.024112701416016,118.57454681396484,45.34429931640625,83.42076873779297,115.62853240966795,29.75494766235352,174.80313110351562,77.32154083251953,307.136474609375,226.01364135742188
2020-02-21,49.360687255859375,119.13816833496094,44.79132843017578,82.81305694580078,114.21562957763672,29.33659172058105,169.27719116210938,75.57137298583984,303.9734802246094,221.6720123291016
2020-02-24,48.145751953125,116.51610565185548,42.69301986694336,79.54641723632812,111.14599609375,27.944887161254883,161.97866821289062,71.98168182373047,293.89208984375,213.1236114501953
2020-02-25,47.46441268920898,115.25812530517578,41.05680847167969,76.50768280029297,106.18415069580078,26.53612327575684,159.30577087402344,69.54351806640625,284.9864501953125,207.3283843994141
2020-02-26,47.283817291259766,115.97694396972656,40.15538024902344,74.47933197021484,106.50370025634766,26.151914596557617,161.2962646484375,70.64673614501953,283.93829345703125,208.3969573974609
2020-02-27,45.092018127441406,111.3944091796875,37.73894500732422,71.50897216796875,102.0716781616211,24.871212005615234,149.93148803710938,66.02867889404297,271.18609619140625,197.961669921875
2020-02-28,43.909915924072266,107.8492431640625,38.966102600097656,70.90880584716797,97.64801788330078,24.33331871032715,153.56178283691406,65.99005126953125,270.0467224121094,198.11572265625
2020-03-02,45.904693603515625,112.38282775878906,40.814414978027344,73.37777709960938,102.19779205322266,25.07612419128418,163.7796173095703,72.13377380371094,281.7415466308594,208.33914184570312
2020-03-03,46.01963424682617,110.74909210205078,38.86004638671875,71.70648956298828,98.36286163330078,23.69296646118164,155.9313507080078,69.84284973144531,273.67449951171875,201.65830993652344
2020-03-04,48.36738967895508,116.31184387207033,39.70845413208008,74.85157775878906,100.79335021972656,24.239397048950195,161.6564178466797,73.08248901367188,285.17791748046875,210.0719451904297
2020-03-05,46.57783508300781,113.56928253173828,37.958621978759766,73.8335952758789,95.84829711914062,23.01067543029785,157.5996551513672,70.71189880371094,275.6982116699219,203.68951416015625
2020-03-06,45.36290740966797,112.8784637451172,36.12545394897461,72.4129867553711,90.8948211669922,22.091278076171875,153.14468383789062,69.7728500366211,271.1405639648437,200.2528076171875
2020-03-09,42.57184982299805,107.0396499633789,31.709197998046875,61.28361129760742,78.58264923095703,18.84331512451172,142.76568603515625,64.25437927246094,249.9659881591797,186.3423767089844
2020-03-10,44.04947280883789,110.31267547607422,32.88332748413086,64.557861328125,84.68827819824219,20.28685760498047,152.52857971191406,68.88204956054688,262.900390625,196.48880004882807
2020-03-11,42.85916519165039,106.7024917602539,31.80009651184082,63.076473236083984,80.70195770263672,19.479167938232425,145.6187744140625,66.4897689819336,250.0844573974609,187.9307403564453
2020-03-12,38.713623046875,94.85213470458984,28.164072036743164,57.93341827392578,74.04969024658203,17.623186111450195,131.80857849121094,59.9235954284668,226.15704345703125,170.69908142089844
2020-03-13,40.1379508972168,104.8110122680664,28.87612533569336,63.37275314331055,87.38785552978516,20.759445190429688,150.547607421875,67.10293579101562,245.4903717041016,185.1582794189453
2020-03-16,37.47974395751953,93.00178527832033,26.12638282775879,52.94990921020508,74.31038665771484,17.56304359436035,128.3583221435547,58.47034454345703,218.6279296875,162.97857666015625
2020-03-17,39.06969451904297,105.03305053710938,27.88378524780273,53.70200347900391,78.85177612304688,18.88628196716309,138.9269561767578,61.04129409790039,230.43209838867188,175.339111328125
2020-03-18,37.140235900878906,99.44095611572266,25.088594436645508,41.8205451965332,70.55113220214844,17.86377716064453,133.07864379882812,59.547000885009766,218.7646484375,170.00596618652344
2020-03-19,34.639381408691406,96.49687957763672,26.080923080444336,43.59820938110352,71.7369384765625,18.21607208251953,135.2681884765625,59.09074783325195,219.2295379638672,171.0264129638672
2020-03-20,31.716188430786133,85.46888732910156,24.80073928833008,45.11756134033203,70.22315216064453,16.901418685913086,130.18771362304688,55.3393440246582,209.78201293945312,164.32626342773438
2020-03-23,31.1033935546875,86.4968490600586,23.82355308532715,41.19001770019531,66.46389770507812,15.535211563110352,128.88916015625,54.16370391845703,204.41824340820312,164.44496154785156
2020-03-24,32.668495178222656,93.61858367919922,26.84600830078125,50.556907653808594,74.36927795410156,18.06999969482422,140.60459899902344,59.59769058227539,222.93919372558597,177.1791229248047
2020-03-25,34.45719146728516,92.5166015625,28.247394561767575,52.623233795166016,77.14456176757812,18.13014030456543,139.25868225097656,59.26938629150391,226.27667236328125,175.86712646484375
2020-03-26,36.67650604248047,98.89818572998048,29.406370162963867,58.024600982666016,82.51850128173828,19.522125244140625,147.9694366455078,62.38833236694336,239.48892211914065,185.12838745117188
2020-03-27,35.45090866088867,99.06266021728516,27.98984146118164,52.2509994506836,76.63993072509766,18.55976676940918,141.8936767578125,59.80530548095703,232.3555908203125,178.76126098632812
2020-03-30,37.26444625854492,103.1909637451172,28.40646743774414,54.65918731689453,78.63312530517578,18.93783569335937,151.87457275390625,61.51201629638672,239.90147399902344,185.26341247558597
2020-03-31,36.643367767333984,98.76661682128906,28.762495040893555,55.04662322998047,75.71485137939453,18.24184226989746,149.48602294921875,61.3864860534668,236.32565307617188,183.6813201904297
2020-04-01,34.87952423095703,97.13832092285156,28.42918968200684,52.083866119384766,70.9464111328125,16.98734474182129,144.1780242919922,58.156524658203125,225.6898651123047,175.8767547607422
2020-04-02,36.39494323730469,101.85871887207033,30.60323905944824,57.82707214355469,73.59552764892578,17.674739837646484,147.16372680664062,59.126953125,230.89767456054688,179.44622802734375
2020-04-03,36.29557037353516,102.4590301513672,29.701801300048828,57.05979537963867,71.42021942138672,17.21074676513672,145.80833435058594,58.277225494384766,227.56027221679688,176.89938354492188
2020-04-06,38.64737319946289,107.86203002929688,30.6562614440918,61.07091522216797,76.01728820800781,18.37932777404785,156.65174865722656,63.36118316650391,242.84466552734372,189.5467529296875
2020-04-07,38.51487731933594,107.3027801513672,31.239545822143555,61.473541259765625,77.01996612548828,19.023759841918945,154.96458435058594,62.62730026245117,243.09214782714844,189.46961975097656
2020-04-08,39.59968185424805,109.05445861816406,33.21662902832031,65.31753540039062,80.13002014160156,20.14937400817871,156.51907348632812,64.23023223876953,251.25250244140625,193.492431640625
2020-04-09,40.576847076416016,109.89325714111328,32.67122268676758,64.04888153076172,87.31876373291016,21.36092185974121,156.528564453125,64.69373321533203,255.0758056640625,193.77220153808597
2020-04-13,38.8626708984375,107.63997650146484,32.39094924926758,64.50468444824219,83.43547821044922,20.553226470947266,156.87928771972656,65.9635238647461,252.7469482421875,195.8656463623047
2020-04-14,40.51060104370117,113.81595611572266,32.14097213745117,64.27677917480469,81.14969635009766,20.389968872070312,164.64215087890625,69.29487609863281,260.2011413574219,204.3840484619141
2020-04-15,39.4257926940918,111.04459381103516,30.663843154907227,62.66625213623047,77.14743041992188,19.06672477722168,162.9170684814453,68.66238403320312,254.67239379882807,202.03976440429688
2020-04-16,39.00345230102539,111.54624938964844,29.656362533569336,60.76703643798828,74.20735931396484,18.405105590820312,167.80801391601562,69.20796203613281,255.90106201171875,205.7250213623047
2020-04-17,39.79842376708984,113.11697387695312,32.739402770996094,66.22157287597656,80.87777709960938,20.003305435180664,169.2866668701172,68.26889038085938,262.81427001953125,207.69302368164065
2020-04-20,38.53144073486328,110.6498794555664,31.19408416748047,63.48670959472656,77.92918395996094,19.33309364318848,165.9312744140625,66.85188293457031,258.18408203125,205.2330474853516
2020-04-21,37.579139709472656,107.6811065673828,31.027442932128903,62.02052307128906,75.66889953613281,18.59413719177246,159.06881713867188,64.78546142578125,250.34466552734372,197.66001892089844
2020-04-22,37.82755661010742,109.06266784667967,31.913719177246094,64.14762878417969,75.91532897949219,18.731616973876957,164.47158813476562,66.65150451660156,255.90106201171875,203.5254669189453
2020-04-23,37.32242584228516,107.1218719482422,32.91363525390625,65.94046020507812,75.95780944824219,18.791767120361328,162.48104858398438,66.39320373535156,255.88262939453125,203.09136962890625
2020-04-24,37.62053298950195,110.49358367919922,33.125728607177734,66.10001373291016,77.07946014404297,19.05813407897949,165.44789123535156,68.30994415283203,259.4493408203125,206.29415893554688
2020-04-27,38.73845672607422,110.57584381103516,33.28480529785156,68.15116119384766,80.40192413330078,20.16655921936035,164.97396850585938,68.35824584960938,263.1901550292969,207.9534912109375
2020-04-28,38.70534133911133,112.10545349121094,34.065040588378906,68.3031234741211,80.97125244140625,20.52744483947754,160.95501708984375,67.25019836425781,261.9799499511719,204.03677368164065
2020-04-29,39.020015716552734,109.67121887207033,35.95123291015625,71.8812026977539,83.15508270263672,21.29218292236328,168.1776580810547,69.45904541015625,268.8382568359375,211.2720947265625
2020-04-30,38.001461029052734,108.7913055419922,35.201297760009766,69.89083099365234,81.37060546875,20.66493034362793,169.86485290527344,70.92435455322266,266.3350524902344,211.1852569580078
2020-05-01,37.76129913330078,107.02320861816406,32.67879867553711,67.94606018066406,79.23779296875,19.831453323364254,165.46682739257812,69.78252410888672,259.2843017578125,205.2330474853516
2020-05-04,37.38038635253906,107.6646499633789,33.996864318847656,69.46540069580078,78.2945785522461,19.702566146850582,169.51412963867188,70.76985931396484,259.9994506835937,207.62545776367188
2020-05-05,37.59569549560547,108.28141784667967,33.95899200439453,70.56694793701172,78.17561340332031,19.470571517944336,171.3340301513672,71.8320083618164,262.4016418457031,209.97943115234372
2020-05-06,37.05742645263672,107.54953002929688,33.32267761230469,68.4094467163086,76.70555877685547,19.204200744628903,173.02122497558594,72.57313537597656,260.6229248046875,211.2720947265625
2020-05-07,36.9332160949707,108.18272399902344,33.512062072753906,70.37703704833984,77.50431823730469,19.62523460388184,174.02593994140625,73.32389068603516,263.7678527832031,213.9925537109375
2020-05-08,38.18364334106445,110.38668060302734,34.98161315917969,72.52693939208984,78.77043914794922,20.252485275268555,175.04957580566406,75.06910705566406,268.1321716308594,216.92529296875
2020-05-11,37.71161651611328,110.5100555419922,34.64832305908203,70.93159484863281,76.45064544677734,19.401832580566406,177.00222778320312,76.25037384033203,268.18719482421875,218.8643798828125
2020-05-12,37.11539840698242,109.32584381103516,34.06917190551758,69.2071304321289,73.9524154663086,18.791767120361328,172.9927520751953,75.37897491455078,262.84185791015625,214.2819976806641
2020-05-13,36.38665390014648,109.34230041503906,32.37805938720703,67.38388061523438,71.4032211303711,17.93251609802246,170.37673950195312,74.46882629394531,258.1932067871094,211.6000823974609
2020-05-14,36.18792343139648,109.4409637451172,32.663780212402344,68.4094467163086,74.36880493164062,18.654285430908203,171.11605834960938,74.92632293701172,261.28302001953125,214.0022735595703
2020-05-15,35.82355499267578,111.80118560791016,32.4321174621582,67.73332977294922,72.99224090576172,18.42228507995605,173.60882568359375,74.48334503173828,262.4842224121094,215.3914337158203
2020-05-18,37.23960876464844,111.44757080078124,35.0112419128418,71.3408432006836,76.8585205078125,19.702566146850582,175.2676239013672,76.23827362060547,270.4794006347656,219.40463256835935
2020-05-19,36.88352584838867,108.33077239990234,33.93017578125,69.08231353759766,75.34599304199219,19.083908081054688,174.0543670654297,75.79773712158203,267.7012023925781,218.85472106933597
2020-05-20,38.001461029052734,107.94425201416016,35.03440856933594,71.6877212524414,77.60628509521484,19.685379028320312,176.46864318847656,77.27185821533203,272.2489624023437,223.22488403320312
2020-05-21,37.40522003173828,107.08079528808594,34.408935546875,70.94770812988281,76.62059783935547,19.676788330078125,174.34901428222656,76.69576263427734,270.3694152832031,220.79380798339844
2020-05-22,37.289283752441406,107.3027801513672,34.43982696533203,69.591064453125,76.02578735351562,19.470571517944336,174.42507934570312,77.1895751953125,270.8827209472656,221.5559539794922
2020-05-26,38.16708755493164,106.7024917602539,35.45140075683594,71.9189682006836,81.42160034179688,20.862550735473636,172.58111572265625,76.66671752929688,274.22027587890625,220.9577789306641
2020-05-27,38.697059631347656,107.57418060302734,35.70622634887695,72.38148498535156,86.13763427734375,22.32327651977539,172.8092498779297,77.000732421875,278.3003845214844,222.1636962890625
2020-05-28,38.99516296386719,108.7913055419922,34.77959060668945,70.04583740234375,84.85453033447266,21.36092185974121,172.4195556640625,77.03462982177734,277.78692626953125,221.87429809570312
2020-05-29,38.65565872192383,108.18272399902344,35.11163330078125,70.68562316894531,82.68770599365234,20.725072860717773,174.17794799804688,76.95958709716797,279.0247497558594,225.1253662109375
2020-06-01,38.91236877441406,109.36695098876952,35.73710632324219,71.52584075927734,83.78387451171875,21.14610290527344,173.77871704101562,77.90604400634766,280.1524658203125,225.80062866210935
2020-06-02,38.83782958984375,109.07091522216795,36.532474517822266,72.99042510986328,84.06426239013672,21.343732833862305,175.75576782226562,78.26670837402344,282.4721984863281,227.3152618408203
2020-06-03,39.66593551635742,109.22716522216795,38.02280044555664,74.9098129272461,88.60184478759766,22.331867218017575,176.18345642089844,78.69757080078125,286.2313842773437,228.33790588378903
2020-06-04,39.68250274658203,108.21028900146484,37.91469192504883,74.21607208251953,90.44577026367188,23.1711540222168,173.86424255371094,78.01979064941406,285.4795227050781,226.73643493652344
2020-06-05,40.65137100219727,109.76006317138672,40.988014221191406,77.70795440673828,94.51604461669922,24.321918487548828,177.93235778808594,80.24188232421875,292.79620361328125,231.23204040527344
2020-06-08,41.280723571777344,109.56944274902344,42.26985549926758,79.5810775756836,96.40240478515624,24.69397354125977,179.0349578857422,80.71631622314453,296.3353576660156,233.02638244628903
2020-06-09,40.576847076416016,110.19925689697266,41.32779312133789,78.2629623413086,93.9297103881836,24.417102813720703,180.40365600585935,83.26517486572266,294.125732421875,234.71466064453125
2020-06-10,40.262168884277344,111.16063690185548,39.11159133911133,75.21815490722656,90.12287902832033,23.015411376953125,187.0951385498047,85.40737915039062,292.4844970703125,237.5315704345703
2020-06-11,37.71161651611328,105.9477767944336,35.659889221191406,68.88957214355469,82.60271453857422,20.70521354675293,177.0484161376953,81.30694580078125,275.6230773925781,225.7620849609375
2020-06-12,38.1043701171875,106.9091339111328,36.424354553222656,71.2175064086914,84.86302947998047,21.44067001342773,178.44564819335938,82.0088882446289,278.92388916015625,227.55645751953125
2020-06-15,38.68929290771485,108.13567352294922,36.40119552612305,70.3233413696289,86.0356674194336,21.76080894470215,179.58619689941406,83.02312469482422,281.5278015136719,230.3251800537109
2020-06-16,39.0820426940918,109.12188720703124,37.219722747802734,72.48168182373047,86.72393035888672,22.32321548461914,183.98703002929688,85.22341918945312,286.9465026855469,234.28045654296875
2020-06-17,38.92327499389648,109.1964874267578,36.00736999511719,70.56231689453125,84.53164672851562,21.63102149963379,184.62387084960935,85.10482025146484,285.75457763671875,235.0232696533203
2020-06-18,39.2658805847168,110.04180908203124,36.23130416870117,70.87065887451172,84.07276153564453,21.66563415527344,186.6008758544922,85.13871765136719,285.8646850585937,235.6600341796875
2020-06-19,38.4553337097168,108.7986831665039,35.50544738769531,69.86084747314453,83.11256408691406,21.847332000732425,185.48880004882807,84.65216827392578,284.2309875488281,235.62144470214844
2020-06-22,38.22135162353516,108.60806274414062,35.84521484375,70.60084533691406,82.21186065673828,21.302234649658203,190.64048767089844,86.86698150634766,286.0543518066406,238.4471893310547
2020-06-23,38.13779067993164,108.86498260498048,36.06142807006836,70.48521423339844,83.21454620361328,21.449323654174805,191.9141540527344,88.72114562988281,287.3712463378906,240.4766082763672
2020-06-24,37.31052780151367,107.37321472167967,34.36260223388672,67.5560302734375,80.4359130859375,20.60138511657715,188.04562377929688,87.1550521850586,280.0406799316406,235.5189971923828
2020-06-25,37.54449462890625,108.90643310546876,34.87996292114258,68.7662582397461,83.24003601074219,21.388761520385746,190.42184448242188,88.31206512451172,283.04296875,237.76104736328125
2020-06-26,36.40805435180664,106.8511199951172,33.68307876586914,66.64644622802734,78.67696380615234,20.030330657958984,186.61041259765625,85.59862518310547,276.3202819824219,232.1463623046875
2020-06-29,37.068206787109375,108.6329574584961,34.223609924316406,67.57917022705078,79.02535247802734,20.23799133300781,188.61593627929688,87.57137298583984,280.3815002441406,234.67823791503903
2020-06-30,37.335594177246094,109.61087799072266,34.5324821472168,68.78166198730469,79.92607116699219,20.549474716186523,193.43490600585935,88.30239868164062,283.9730224609375,239.2782745361328
2020-07-01,37.45259475708008,109.69375610351562,33.75258255004883,67.54063415527344,79.24628448486328,20.12550544738769,194.5660552978516,88.13536071777344,285.96221923828125,242.07113647460935
2020-07-02,37.502723693847656,110.09983825683594,34.03828048706055,68.07249450683594,79.50367736816406,20.15145874023437,196.0487823486328,88.13536071777344,287.53692626953125,243.7140045166016
2020-07-06,37.79518508911133,110.47279357910156,34.27766036987305,68.27291870117188,81.51144409179688,20.47160148620605,200.2689514160156,90.49298858642578,291.975830078125,249.7056427001953
2020-07-07,37.778465270996094,110.696533203125,33.38964080810547,66.53082275390625,79.21195220947266,19.90919685363769,197.94027709960935,90.21219635009766,288.9644775390625,247.9854278564453
2020-07-08,37.66149520874024,111.23522186279295,33.31242370605469,66.5616683959961,80.05281829833984,19.987070083618164,202.2935333251953,92.31327056884766,291.1746520996094,251.25177001953125
2020-07-09,36.692169189453125,109.98381042480467,31.93791389465332,63.77894973754883,78.31961822509766,19.7015323638916,203.70977783203125,92.71024322509766,289.5169677734375,253.36831665039065
2020-07-10,37.72833633422852,111.43414306640624,32.934051513671875,65.6983413696289,82.60111236572266,20.7830867767334,203.0919342041016,92.87242889404295,292.47320556640625,255.09808349609372
2020-07-13,37.8119010925293,111.80707550048828,32.94176483154297,65.8293685913086,83.78519439697266,20.930179595947266,196.8186798095703,92.4439926147461,289.94061279296875,249.8505706787109
2020-07-14,38.329986572265625,112.31262969970705,34.03056335449219,68.10333251953125,84.26567077636719,20.886913299560547,198.0352935791016,93.97379302978516,293.6979675292969,251.6190490722656
2020-07-15,38.77286529541016,110.79598999023438,34.46299362182617,68.51959991455078,85.5698471069336,21.28492546081543,197.7406463623047,94.62007904052734,296.3962707519531,252.1312255859375
2020-07-16,38.56396484375,110.95343780517578,34.192718505859375,68.11103057861328,85.81009674072266,20.70521354675293,193.82460021972656,93.45578002929688,295.4200439453125,250.41107177734372
2020-07-17,39.12382125854492,111.59986877441406,33.60586166381836,67.20916748046875,84.2227554321289,20.09089088439941,192.83615112304688,93.26697540283205,296.2765197753906,250.70098876953125
2020-07-20,38.53888702392578,110.31529998779295,32.8182258605957,65.72916412353516,83.4848861694336,20.40238380432129,201.1243896484375,95.2324447631836,298.6708374023437,257.81365966796875
2020-07-21,39.44136428833008,111.40925598144533,34.47844696044922,70.44668579101562,85.2952880859375,21.12918472290039,198.41549682617188,93.91809844970705,299.30633544921875,255.12710571289065
2020-07-22,40.51095199584961,112.71868896484376,33.67535400390625,70.1769027709961,84.67752075195312,21.03400230407715,201.2670135498047,94.18193817138672,301.010009765625,256.0258178710937
2020-07-23,40.34382629394531,113.60545349121094,33.74484634399414,70.15376281738281,84.92634582519531,21.23301315307617,192.5129547119141,89.8951187133789,297.41845703125,249.33840942382807
2020-07-24,40.51932144165039,112.7601318359375,33.536354064941406,69.47542572021484,84.32572174072266,21.0686149597168,191.33436584472656,89.67244720458984,295.50299072265625,246.97073364257807
2020-07-27,40.51095199584961,114.09439849853516,34.03056335449219,70.1769027709961,83.14167785644531,20.886913299560547,193.75808715820312,91.79767608642578,297.6578674316406,251.3774871826172
2020-07-28,40.26026153564453,113.85409545898438,33.6290168762207,68.68915557861328,83.50203704833984,21.0772647857666,192.01873779296875,90.28968048095705,295.7700500488281,248.17872619628903
2020-07-29,40.126564025878906,114.30989074707033,33.99967575073242,69.42916870117188,85.5269546508789,21.86463928222656,193.9577178955078,92.02039337158205,299.4075622558594,251.0391998291016
2020-07-30,39.85081100463867,114.11100006103516,32.33173751831055,66.50000762939453,83.24464416503906,21.492584228515625,193.80560302734372,93.1338348388672,298.3394470214844,252.35354614257807
2020-07-31,39.47478485107422,114.08616638183594,32.493896484375,64.70396423339844,82.91858673095703,21.52719497680664,194.8606719970703,102.88389587402344,300.6969299316406,256.8569641113281
2020-08-03,38.68929290771485,113.29052734375,32.62516784667969,65.37457275390625,82.45525360107422,21.622371673583984,205.81988525390625,105.47632598876952,302.7873840332031,260.3262939453125
2020-08-04,39.01519393920898,113.9286880493164,33.567237854003906,66.66957092285156,81.98336029052734,21.63967704772949,202.73077392578125,106.18072509765624,303.9569091796875,261.2926025390625
2020-08-05,39.45807647705078,112.91758728027344,33.86068344116211,67.21688842773438,83.40765380859375,21.968469619750977,202.39805603027344,106.56558990478516,305.84478759765625,261.940185546875
2020-08-06,39.67533874511719,112.59437561035156,33.698516845703125,67.42499542236328,83.43338775634766,22.037691116333008,205.6392517089844,110.28356170654295,307.8891906738281,265.40948486328125
2020-08-07,39.9427375793457,113.32369995117188,33.5440788269043,66.90853881835938,85.26954650878906,22.59144401550293,201.96083068847656,107.77619934082033,308.1102600097656,262.3460388183594
2020-08-10,39.87589645385742,112.69383239746094,34.37032699584961,69.16709899902344,86.35063934326172,22.98080062866211,197.94027709960935,109.34269714355467,309.0310363769531,261.2250671386719
2020-08-11,40.051361083984375,111.98109436035156,34.72553253173828,69.08231353759766,89.07914733886719,23.292285919189453,193.31134033203125,106.09088134765624,306.480224609375,256.27703857421875
2020-08-12,40.46917343139648,114.2021484375,34.717655181884766,69.93021392822266,88.32408905029297,23.127885818481445,198.83372497558597,109.61669921875,310.75323486328125,262.7228698730469
2020-08-13,40.42739486694336,114.4508056640625,33.867244720458984,69.23646545410156,87.83501434326172,22.799102783203125,198.3679656982422,111.55667114257812,310.19140625,263.32208251953125
2020-08-14,40.48589706420898,114.00326538085938,34.01685333251953,69.6449966430664,87.86933898925781,22.902929306030277,198.55813598632807,111.45726776123048,310.2006530761719,263.0129089355469
2020-08-17,40.28534698486328,114.30162048339844,33.575897216796875,69.96875762939453,85.55270385742188,22.40973854064941,199.86973571777344,111.16625213623048,311.1860656738281,266.066650390625
2020-08-18,40.460819244384766,114.4590835571289,33.41053771972656,68.52215576171875,84.36006164550781,22.089599609375,201.01986694335935,112.09256744384766,311.8583374023437,268.62762451171875
2020-08-19,39.58341979980469,113.08334350585938,33.04043960571289,67.55252838134766,84.55741119384766,22.06364631652832,199.80029296875,112.23322296142578,310.55987548828125,266.8204345703125
2020-08-20,39.56669998168945,113.30711364746094,32.53648376464844,66.31707000732422,83.5449447631836,21.71755027770996,204.44992065429688,114.7236328125,311.5268249511719,270.5216064453125
2020-08-21,39.508209228515625,113.09164428710938,32.29238510131836,66.52820587158203,83.50203704833984,21.613719940185547,202.963623046875,120.63563537597656,312.63189697265625,272.3963928222656
2020-08-24,40.08478546142578,114.0695571899414,33.24516677856445,68.18590545654297,85.85301208496094,22.22804069519043,203.6019287109375,122.07845306396484,315.7999267578125,274.09735107421875
2020-08-25,40.03465270996094,113.78780364990234,32.19001770019531,67.34923553466797,86.23053741455078,22.49626350402832,206.25067138671875,121.07697296142578,316.9049377441406,276.2523803710937
2020-08-26,40.243560791015625,114.75743103027344,31.504955291748047,66.29361724853516,85.02071380615234,22.11556053161621,210.7097625732422,122.72349548339844,320.0821228027344,282.1473693847656
2020-08-27,40.30205535888672,114.69939422607422,31.2923526763916,66.395263671875,87.8178482055664,22.53952407836914,215.88340759277344,121.25642395019533,320.781982421875,281.26788330078125
2020-08-28,41.63904571533203,115.9757080078125,32.0404052734375,66.95826721191406,88.17821502685547,22.75583839416504,218.10345458984372,121.05998992919922,322.8540344238281,282.69805908203125
2020-08-31,41.38835525512695,116.07518005371094,31.44984436035156,65.62895965576172,85.96453094482422,22.271303176879883,214.88299560546875,125.1653823852539,321.6845397949219,284.9691467285156
2020-09-01,41.04575729370117,115.35411071777344,31.048248291015625,64.96430969238281,85.92162322998047,22.245342254638672,216.54086303710935,130.15103149414062,324.7142944335937,289.8398742675781
2020-09-02,42.775489807128906,118.75200653076172,30.85926818847656,65.05030059814453,87.21725463867188,22.51357078552246,220.71408081054688,127.45452880859376,329.4110107421875,292.5843811035156
2020-09-03,42.18220520019531,116.33384704589844,30.79627227783203,64.33873748779297,86.94269561767578,22.356739044189453,207.04153442382807,117.25041961669922,318.07452392578125,277.7502746582031
2020-09-04,42.650150299072266,115.82467651367188,30.772653579711918,64.0650405883789,88.82173156738281,23.123455047607425,204.135498046875,117.32801055908205,315.4775390625,274.04901123046875
2020-09-08,41.6223258972168,113.14524841308594,30.063962936401367,61.75049591064453,85.73287200927734,22.199907302856445,193.0926513671875,109.4324188232422,306.8577880859375,260.8770446777344
2020-09-09,41.93986892700195,114.44741821289062,29.88286018371582,62.57933044433594,86.54800415039062,22.226051330566406,201.31524658203125,113.7973175048828,312.9174194335937,268.5406188964844
2020-09-10,41.781097412109375,112.48580932617188,29.13479995727539,61.10928726196289,85.6556625366211,21.903684616088867,195.67469787597656,110.0822982788086,307.4840087890625,263.186767578125
2020-09-11,42.6668586730957,113.36228942871094,29.056058883666992,60.74958801269531,86.71959686279297,22.21733665466309,194.39794921875,108.63704681396484,307.6406555175781,261.3602905273437
2020-09-14,42.71739959716797,114.08013153076172,28.86707878112793,60.436798095703125,87.92081451416016,22.435155868530277,195.7128143310547,111.89615631103516,311.69256591796875,265.9119873046875
2020-09-15,43.00381088256836,113.20366668701172,28.55998420715332,59.7017822265625,85.18374633789062,22.02565574645996,198.9237518310547,112.07076263427734,313.2673645019531,269.68084716796875
2020-09-16,42.78479766845703,112.66943359375,29.772619247436523,61.42988586425781,85.54411315917969,22.304462432861328,195.3698272705078,108.7631378173828,312.0242004394531,265.3804931640625
2020-09-17,42.58262252807617,111.18367004394533,29.76473617553711,61.60973358154297,84.56597900390625,22.086650848388672,193.3308563232422,107.02690887451172,309.2798767089844,261.2346496582031
2020-09-18,42.498382568359375,109.73963165283205,29.2844181060791,61.15617370605469,84.38579559326172,21.964675903320312,190.92984008789065,103.63196563720705,305.7191772460937,257.9007263183594
2020-09-21,41.35273361206055,109.54764556884766,28.68596076965332,59.66267395019531,81.77740478515625,21.31993293762207,192.978271484375,106.77471160888672,302.316650390625,258.5191345214844
2020-09-22,41.83290100097656,110.30722045898438,27.97728538513184,59.060585021972656,80.88506317138672,20.8581600189209,197.6279144287109,108.45275115966795,305.3955078125,263.32208251953125
2020-09-23,40.6114387512207,109.3473129272461,27.07962226867676,56.26119995117188,79.57234191894531,20.26569938659668,191.1203765869141,103.90357971191406,298.31317138671875,255.28170776367188
2020-09-24,41.02420425415039,109.83142852783205,27.024497985839844,56.1439208984375,79.50367736816406,20.33540153503418,193.59765625,104.97056579589844,299.1083679199219,256.4704284667969
2020-09-25,41.04105758666992,111.47584533691406,27.276477813720703,56.16737365722656,80.19866943359375,20.466087341308597,198.0091094970703,108.90863037109376,303.9439697265625,262.43292236328125
2020-09-28,41.51279067993164,115.1652603149414,27.80405044555664,57.80946731567383,82.50674438476562,20.98885154724121,199.5525360107422,111.50814056396484,308.99224853515625,267.88348388671875
2020-09-29,41.20954895019531,114.48915100097656,26.99300575256348,56.22210311889648,81.8117446899414,20.71004676818848,197.4754638671875,110.66427612304688,307.3094787597656,266.6753845214844
2020-09-30,41.58860778808594,115.69112396240234,27.03237533569336,56.3003044128418,82.60111236572266,20.98885154724121,200.4005889892578,112.3326416015625,309.63946533203125,268.5018920898437
2020-10-01,41.42855453491211,117.52745819091795,26.087465286254883,55.0648307800293,83.20172119140625,20.99756622314453,202.4300079345703,113.2832260131836,311.6273803710937,272.7637023925781
2020-10-02,41.58018493652344,115.24038696289062,25.96934700012207,55.66692352294922,83.99112701416016,21.093402862548828,196.4559783935547,109.62643432617188,308.668701171875,265.0904541015625
2020-10-05,41.59702301025391,115.13185119628906,26.567794799804688,56.8476448059082,85.766357421875,21.450624465942383,200.44818115234372,113.00192260742188,314.1422424316406,270.7439270019531
2020-10-06,41.22637939453125,113.27044677734376,26.292186737060547,56.53489303588867,84.8830795288086,21.23280334472656,196.1892242431641,109.7622299194336,309.67645263671875,265.9119873046875
2020-10-07,41.748661041259766,114.36392974853516,26.378807067871094,57.69217300415039,86.3638687133789,21.677152633666992,199.92416381835935,111.62456512451172,315.06689453125,270.51202392578125
2020-10-08,42.506813049316406,115.06510162353516,27.76467514038086,58.81818771362305,88.13912963867188,21.99081039428711,200.6387481689453,111.51787567138672,317.8591613769531,271.9519348144531
2020-10-09,42.80164337158203,115.5575714111328,27.3552188873291,57.864200592041016,87.63687133789062,22.095361709594727,205.6218719482422,113.4578094482422,320.6976318359375,276.1073913574219
2020-10-12,43.03750991821289,118.63766479492188,27.268600463867188,58.26298522949219,88.7106704711914,22.37416648864746,210.94796752929688,120.66471862792967,325.8569641113281,284.6309509277344
2020-10-13,42.30463409423828,119.8145980834961,26.945762634277344,57.39502716064453,87.27315521240234,21.738142013549805,212.33905029296875,117.46380615234376,323.7304077148437,284.6213684082031
2020-10-14,42.22039031982422,118.96320343017578,26.890634536743164,57.04315185546875,86.78821563720703,20.579355239868164,210.43345642089844,117.55110931396484,321.6962280273437,282.2439270019531
2020-10-15,42.11088562011719,118.05335235595705,27.126863479614254,57.48104476928711,88.0871810913086,21.041126251220703,209.2900848388672,117.08552551269533,321.2986755371094,280.3498840332031
2020-10-16,42.14458465576172,118.30376434326172,26.85126304626465,56.99624252319336,87.90531158447266,21.119537353515625,209.2900848388672,115.44625854492188,321.1046142578125,278.8133239746094
2020-10-19,41.799198150634766,116.59260559082033,26.31581115722656,55.737300872802734,86.42449951171875,20.666479110717773,204.10690307617188,112.49755096435548,316.2226257324219,274.2616271972656
2020-10-20,42.32990646362305,116.61766815185548,26.53629875183105,56.050071716308594,86.9181137084961,21.032411575317383,204.51663208007807,113.98159790039062,317.4893493652344,274.8511047363281
2020-10-21,42.11088562011719,116.5258560180664,26.111083984375,55.41670227050781,86.05213928222656,20.95400047302246,204.65956115722656,113.36083221435548,316.88836669921875,274.63848876953125
2020-10-22,42.692142486572266,116.53419494628906,27.449710845947266,57.39502716064453,89.0916976928711,21.668439865112305,204.74526977539065,112.2744598388672,318.6265869140625,274.6287536621094
2020-10-23,42.55735397338867,116.49242401123048,26.89851188659668,56.74600601196289,89.8970718383789,21.694580078125,206.0220184326172,111.58575439453124,319.7083435058594,275.1699523925781
2020-10-26,41.95083618164063,115.24038696289062,26.260692596435547,55.47143173217773,87.6715087890625,21.380918502807617,200.162353515625,111.59547424316406,313.8001708984375,271.04351806640625
2020-10-27,42.03507232666016,116.12516784667967,25.84335708618164,54.35325241088867,86.01749420166016,20.779747009277344,203.18272399902344,113.09893035888672,312.7183532714844,273.1599426269531
2020-10-28,40.400840759277344,111.99337005615234,24.859073638916016,52.29671859741211,83.60142517089844,20.44866371154785,193.11167907714844,107.8610610961914,302.02996826171875,262.5102844238281
2020-10-29,40.45138549804688,111.84308624267578,25.961471557617188,53.79807662963867,84.14698791503906,20.509654998779297,195.055419921875,111.85736846923828,305.09967041015625,267.10064697265625
2020-10-30,40.48508071899414,111.25880432128906,25.685869216918945,54.34542846679688,84.9003677368164,20.649057388305664,192.91165161132807,105.59132385253906,301.9190368652344,260.3262939453125
2020-11-02,40.956817626953125,112.81136322021484,26.764652252197266,56.4175910949707,86.814208984375,20.98014068603516,192.7782287597656,105.50404357910156,305.3031311035156,260.9060974121094
2020-11-03,41.57175064086914,114.38896942138672,26.307939529418945,56.09698486328125,89.5506820678711,21.51161193847656,196.6846923828125,107.1238784790039,310.6935119628906,265.41912841796875
2020-11-04,41.42012786865234,115.07345581054688,26.166202545166016,56.12044525146485,86.814208984375,20.63163185119629,206.1744537353516,111.49847412109376,317.6372375488281,277.2669982910156
2020-11-05,41.6475715637207,115.2320327758789,26.118953704833984,56.40977096557617,90.36470794677734,21.44190788269043,212.7487335205078,115.45597839355467,323.83203125,284.4956970214844
2020-11-06,41.65600204467773,115.50747680664062,25.81186294555664,55.63564300537109,89.1609878540039,21.180530548095703,213.158447265625,115.3248062133789,323.75811767578125,284.7082214355469
2020-11-09,44.28424072265625,115.56590270996094,29.07968521118164,62.08673477172852,101.23271942138672,24.18640518188477,208.0800628662109,113.02200317382812,327.8264465332031,278.8906555175781
2020-11-10,45.47201156616211,118.2954330444336,29.724822998046875,64.95648193359375,100.90364074707033,24.099279403686523,201.0484619140625,112.68191528320312,327.34552001953125,273.8944091796875
2020-11-11,45.13506317138672,120.11510467529295,29.41838264465332,64.47946166992188,99.39683532714844,23.82047462463379,206.3269195556641,116.10210418701172,329.7772521972656,280.0213317871094
2020-11-12,44.65489196777344,120.06502532958984,28.410348892211918,63.07980346679688,98.17581176757812,23.254150390625,205.2693023681641,115.83004760742188,326.5782470703125,278.70709228515625
2020-11-13,45.02553939819336,120.7912368774414,29.0958194732666,64.92518615722656,98.7906494140625,23.52423667907715,206.28884887695312,115.8786392211914,331.0994873046875,281.1519470214844
2020-11-16,45.36249923706055,121.66766357421876,30.773176193237305,69.56214904785156,101.57911682128906,24.02957534790039,206.9748077392578,116.88915252685548,335.2323913574219,283.3456726074219
2020-11-17,45.21929168701172,121.2336196899414,31.18445205688477,69.06227111816406,100.54859161376952,24.003437042236328,204.3355865478516,116.00493621826172,333.4294738769531,282.4469909667969
2020-11-18,44.31793975830078,119.6810531616211,30.0070743560791,66.87232208251953,99.80384063720705,23.506816864013672,201.6416931152344,114.68348693847656,329.41668701171875,280.3594055175781
2020-11-19,44.7559814453125,119.63096618652344,30.16028594970703,68.02284240722656,100.07229614257812,23.506816864013672,202.9217834472656,115.2762222290039,330.8034973144531,282.55328369140625
2020-11-20,44.36846923828125,119.71443939208984,29.78933525085449,68.07044982910156,99.21499633789062,23.358701705932617,200.9824981689453,114.0130615234375,328.5382385253906,280.6204528808594
2020-11-23,44.376914978027344,119.38053894042967,31.74088478088379,72.2281494140625,102.0727081298828,23.864036560058597,200.7150421142578,110.6220245361328,330.5076904296875,280.63018798828125
2020-11-24,44.831790924072266,120.2235870361328,33.853721618652344,75.87013244628906,106.79227447509766,25.249351501464844,204.29737854003903,111.90459442138672,335.8334350585937,284.572998046875
2020-11-25,44.587501525878906,120.33211517333984,32.910194396972656,73.10889434814453,105.6751708984375,25.292911529541016,204.30694580078125,112.74020385742188,335.31561279296875,286.3222045898437
2020-11-27,44.39375305175781,120.69938659667967,32.41022109985352,72.4503173828125,104.97371673583984,25.2580623626709,205.6061248779297,113.28431701660156,336.24951171875,288.9603881835937
2020-11-30,43.80794525146485,120.39056396484376,30.74898147583008,69.1733627319336,102.08135223388672,24.534910202026367,204.49798583984372,115.6745834350586,334.7609558105469,289.5498962402344
2020-12-01,44.18150329589844,121.92642974853516,31.04735946655273,69.38758087158203,103.69207000732422,24.996686935424805,206.54232788085935,119.24054718017578,338.4222412109375,293.2607727050781
2020-12-02,44.240943908691406,120.71607208251952,32.208614349365234,71.3077621459961,105.68380737304688,25.31905174255371,205.73985290527344,119.59031677246094,339.13427734375,293.6377868652344
2020-12-03,44.80975341796875,121.43317413330078,32.426353454589844,71.252197265625,104.99105834960938,25.34535217285156,204.660400390625,119.4542999267578,339.04180908203125,294.0533447265625
2020-12-04,45.71817779541016,122.610107421875,33.61179733276367,74.013427734375,105.94363403320312,25.67850112915039,204.7750244140625,118.78385162353516,341.9634704589844,295.2516174316406
2020-12-07,44.98805618286133,122.2065658569336,32.982784271240234,72.013916015625,105.54528045654295,25.503156661987305,204.7081451416016,120.2413330078125,341.2607116699219,296.9234619140625
2020-12-08,45.14935302734375,122.3326187133789,34.06338882446289,72.6328125,105.64918518066406,25.362890243530277,206.35125732421875,120.85344696044922,342.2593688964844,297.92852783203125
2020-12-09,45.27670669555664,122.4755630493164,34.51499557495117,71.7600326538086,104.82652282714844,25.248912811279297,202.32948303222656,118.3271942138672,339.1897277832031,291.18316650390625
2020-12-10,45.03897857666016,121.61812591552734,35.490760803222656,74.06895446777344,104.15104675292967,25.520700454711918,201.10675048828125,119.74578094482422,339.07879638671875,292.3524169921875
2020-12-11,45.29368591308594,121.87030029296876,35.32140350341797,73.35486602783203,103.53619384765624,25.04728126525879,203.7242126464844,118.93931579589844,338.68121337890625,291.7050170898437
2020-12-14,45.22576141357422,121.24823760986328,34.04726028442383,70.96656799316406,102.44508361816406,24.74043273925781,204.6221923828125,118.3271942138672,337.1648254394531,293.8213806152344
2020-12-15,45.70968246459961,121.70217895507812,34.70853805541992,70.91102600097656,104.19435119628906,25.1086483001709,204.55532836914065,124.25423431396484,341.72314453125,296.9620361328125
2020-12-16,45.047481536865234,121.80307006835938,35.24077224731445,70.3714828491211,104.49744415283205,25.17878150939941,209.47503662109372,124.18621826171876,342.2593688964844,298.59527587890625
2020-12-17,45.22576141357422,122.49237823486328,35.06334686279297,70.14930725097656,103.63146209716795,25.27521514892578,209.60873413085935,125.05096435546876,344.1733093261719,300.5473937988281
2020-12-18,45.62479019165039,123.51800537109376,34.458534240722656,69.18128967285156,103.1205596923828,25.134939193725582,208.8158264160156,123.0688247680664,342.799072265625,299.6390075683594
2020-12-21,44.83522415161133,122.2317886352539,33.82951736450195,68.30850219726562,106.99144744873048,26.073013305664062,212.63702392578125,124.59429168701172,341.5733337402344,299.0783996582031
2020-12-22,44.79278945922852,121.07168579101562,33.2569694519043,66.93582153320312,105.36341857910156,25.608362197875977,213.92665100097656,128.14085388183594,340.9977111816406,299.8916931152344
2020-12-23,45.064453125,121.39956665039062,33.684364318847656,67.99111938476562,108.30775451660156,26.344789505004883,211.1371917724609,127.24691772460938,341.3041381835937,298.38140869140625
2020-12-24,45.37009811401367,121.9459991455078,33.54727554321289,67.70548248291016,107.83145141601562,26.265884399414062,212.7899169921875,128.22825622558594,342.6319274902344,299.6980285644531
2020-12-28,45.98136520385742,123.501220703125,33.66017150878906,67.3642807006836,108.54156494140624,26.41493034362793,214.90106201171875,132.81443786621094,345.57537841796875,302.7187194824219
2020-12-29,45.95590591430664,123.92993927001952,33.28116226196289,67.1341781616211,108.25577545166016,26.309722900390625,214.12725830078125,131.04598999023438,344.9161071777344,302.9897155761719
2020-12-30,46.219085693359375,123.8374481201172,33.54727554321289,67.70548248291016,108.5588607788086,26.283416748046875,211.7677154541016,129.9286651611328,345.4082336425781,302.9994506835937
2020-12-31,46.55868148803711,124.66973114013672,33.24082565307617,67.00721740722656,110.03971862792967,26.572731018066406,212.474609375,128.9278564453125,347.16314697265625,303.7449035644531
2021-01-04,44.79278945922852,121.28189086914062,33.46663284301758,67.2135238647461,109.0005111694336,26.32725524902344,207.95611572265625,125.7408218383789,342.4369812011719,299.4559936523437
2021-01-05,44.30036926269531,121.6433563232422,35.07948303222656,69.03052520751953,109.5936279296875,26.52889633178711,208.1567230224609,127.29548645019533,344.79541015625,301.9247131347656
2021-01-06,42.89103317260742,120.15538024902344,35.97461700439453,71.252197265625,114.7397003173828,28.185853958129883,202.7593536376953,123.0105209350586,346.85675048828125,297.7423400878906
2021-01-07,42.41559982299805,119.7686538696289,36.25687026977539,71.58546447753906,118.50765228271484,28.80831718444824,208.52926635742188,127.2080535888672,352.0101013183594,304.9454345703125
2021-01-08,43.36647033691406,121.20616149902344,36.66007232666016,72.267822265625,118.63848114013672,28.519004821777344,209.79981994628903,128.30601501464844,354.0158386230469,308.8663635253906
2021-01-11,42.619361877441406,119.44923400878906,37.77294921875,72.68043518066406,120.4090805053711,28.992420196533203,207.7650604248047,125.3230209350586,351.6295471191406,304.4032287597656
2021-01-12,42.5429573059082,118.89439392089844,38.61161422729492,74.06101989746094,122.30179595947266,29.509666442871094,205.3195037841797,125.1481475830078,351.7037658691406,303.91912841796875
2021-01-13,42.58540344238281,119.86952209472656,39.04710006713867,73.98963165283203,122.4151840209961,29.33433723449707,206.66651916503903,127.17889404296876,352.6509094238281,305.9716491699219
2021-01-14,41.79583740234375,119.17179870605467,40.57123565673828,75.76696014404297,123.13038635253906,29.798982620239254,203.49496459960935,125.2550277709961,351.4159240722656,304.3354797363281
2021-01-15,41.34586715698242,118.8607406616211,38.61969757080078,73.06919860839844,120.92372131347656,28.9398193359375,203.1414794921875,123.5352020263672,348.85308837890625,301.9247131347656
2021-01-19,41.1845703125,119.42398071289062,39.38578796386719,74.98938751220703,120.40036010742188,28.72940444946289,206.76202392578125,124.20565795898438,351.59228515625,306.3298645019531
2021-01-20,41.32890319824219,118.81033325195312,39.94222640991211,75.6796875,118.59487915039062,28.35243034362793,214.3087921142578,128.28656005859375,356.4578857421875,313.455322265625
2021-01-21,41.55813217163086,117.36437225341795,38.79711151123047,73.00574493408203,117.60055541992188,27.85270881652832,214.91064453125,132.9893341064453,356.782958984375,315.9627990722656
2021-01-22,41.16758728027344,116.50691223144533,38.24872970581055,72.78357696533203,116.69343566894533,27.65983772277832,215.8467559814453,135.12693786621094,355.52008056640625,315.0528564453125
2021-01-25,41.413795471191406,117.8435516357422,37.821319580078125,72.12501525878906,115.2368392944336,27.31792449951172,219.2667236328125,138.86781311035156,356.9222106933594,317.65704345703125
2021-01-26,41.84677505493164,119.20542907714844,36.99070739746094,70.90310668945312,114.76587677001952,27.12505340576172,221.94151306152344,139.1010284423828,356.3651123046875,318.1218566894531
2021-01-27,41.2015495300293,116.0445327758789,36.57137298583984,69.98268127441406,111.52120971679688,26.151914596557617,222.48599243164065,138.03219604492188,347.6553649902344,309.2536315917969
2021-01-28,41.72792816162109,117.01131439208984,37.14393997192383,70.63330841064453,113.48371124267578,26.581499099731445,228.2463836669922,133.203125,350.6452331542969,311.0833435058594
2021-01-29,40.87892532348633,114.8087921142578,36.160099029541016,67.602294921875,112.22771453857422,25.994112014770508,221.58807373046875,128.21853637695312,343.6254577636719,304.5388488769531
2021-02-01,41.15910339355469,115.15343475341795,36.22461318969727,68.56240844726562,113.05631256103516,26.265884399414062,228.9342193603516,130.3367462158203,349.34527587890625,312.1484680175781
2021-02-02,41.56660461425781,116.33038330078124,36.79717254638672,69.07814025878906,116.53645324707033,27.20395278930664,228.80044555664065,131.16265869140625,354.2850646972656,317.2408142089844
2021-02-03,41.405303955078125,116.02776336669922,38.240665435791016,70.58570861816406,117.87095642089844,27.686140060424805,232.13442993164065,130.14244079589844,354.563720703125,315.982177734375
2021-02-04,41.60905075073242,117.42321014404295,38.97452545166016,70.6174545288086,120.58351135253906,28.49270439147949,231.1886444091797,133.49461364746094,358.59356689453125,319.71923828125
2021-02-05,42.15242385864258,118.49929809570312,40.28092956542969,70.82373809814453,120.34803771972656,28.37873268127441,231.3701934814453,133.08102416992188,360.0049133300781,320.8034362792969
2021-02-08,42.38164520263672,118.02849578857422,42.01474380493164,72.585205078125,122.2320327758789,29.009952545166016,231.6280975341797,133.22698974609375,362.6048278808594,322.9528503417969
2021-02-09,42.19486618041992,117.3559799194336,41.52267074584961,72.17261505126953,121.74353790283205,28.887216567993164,232.86997985839844,132.35118103027344,362.3634643554688,322.8851013183594
2021-02-10,42.10995864868164,115.7587432861328,41.92452621459961,73.410400390625,121.81333923339844,28.91351127624512,231.9624786376953,131.7478790283203,362.2055969238281,322.1492919921875
2021-02-11,42.70426559448242,113.46372985839844,40.87477111816406,73.013671875,121.4731674194336,28.82584953308105,233.55772399902344,131.49488830566406,362.7905883789063,323.9209899902344
2021-02-12,43.03536224365234,112.53897857666016,41.43245697021485,73.43419647216797,123.2001724243164,29.25543212890625,234.0354156494141,131.7283935546875,364.5827026367188,325.7314147949219
2021-02-16,42.67879104614258,112.96774291992188,42.67903137207031,74.93893432617188,126.16569519042967,30.044458389282227,232.80308532714844,129.60702514648438,364.2668762207031,324.8503723144531
2021-02-17,42.559940338134766,113.03501892089844,43.34332656860352,77.1839599609375,126.55818939208984,30.167198181152344,233.8180084228516,127.32030487060548,364.35052490234375,323.2917175292969
2021-02-18,43.103294372558594,113.79998779296876,42.66263961791992,76.44367218017578,126.9855728149414,29.97432518005371,233.4254608154297,126.220703125,362.79986572265625,321.878173828125
2021-02-19,42.5429573059082,111.3957061767578,42.94967269897461,77.08740234375,129.10504150390625,30.281179428100582,230.725341796875,126.37638092041016,362.1591491699219,320.474365234375
2021-02-22,42.98441696166992,110.95857238769533,44.532508850097656,79.17152404785156,130.3174285888672,30.815954208374023,224.5399932861328,122.6104736328125,359.3734741210937,312.1677551269531
2021-02-23,42.90802001953125,111.6226806640625,45.14760208129883,80.16931915283203,131.3640899658203,31.14033317565918,223.3527069091797,122.4742431640625,359.8099670410156,311.2383117675781
2021-02-24,43.052345275878906,111.0426025390625,46.50079727172852,83.1304702758789,133.6754608154297,31.894290924072266,224.5783233642578,121.97795867919922,363.7747802734375,313.80389404296875
2021-02-25,42.59389114379883,109.28565216064452,45.72989654541016,82.35799407958984,131.8612518310547,31.49978256225586,219.2546539306641,117.73524475097656,355.0093994140625,302.8638916015625
2021-02-26,41.59208297729492,108.60470581054688,44.58991622924805,80.46702575683594,128.3636474609375,30.430206298828125,222.5005340576172,117.99798583984376,353.1801452636719,304.1321716308594
2021-03-01,42.36466598510742,109.80686950683594,46.25475692749024,82.1166000366211,131.26815795898438,31.377046585083008,226.86666870117188,124.3523178100586,361.7413330078125,313.2810974121094
2021-03-02,42.534461975097656,110.18517303466795,45.98411560058594,82.43042755126953,130.8407745361328,31.14910316467285,223.92721557617188,121.75414276123048,358.91851806640625,308.2564697265625
2021-03-03,42.43257522583008,108.56268310546876,46.353172302246094,83.35577392578125,133.3701934814453,31.92935943603516,217.8854522705078,118.77645874023438,354.1644592285156,299.31085205078125
2021-03-04,42.39861297607422,109.16685485839844,48.14923477172852,84.0880355834961,131.32041931152344,32.15843200683594,217.09075927734372,116.8983917236328,349.78173828125,294.4120178222656
2021-03-05,43.12026596069336,112.72583770751952,49.96990203857422,87.70906829833984,131.62574768066406,32.537288665771484,221.7537078857422,118.15369415283205,356.21649169921875,298.84600830078125
2021-03-08,43.8419075012207,111.96319580078124,49.920692443847656,88.31256866455078,133.3701934814453,32.7134895324707,217.7227020263672,113.22979736328124,354.4429626464844,290.3845520019531
2021-03-09,43.1796989440918,112.06487274169922,49.14977264404297,88.11139678955078,132.4281768798828,31.999839782714844,223.8409881591797,117.83255767822266,359.5035400390625,301.837646484375
2021-03-10,43.6721076965332,113.19187927246094,50.65880584716797,89.61613464355469,135.30650329589844,32.92494201660156,222.53884887695312,116.7524185180664,361.7413330078125,300.9759521484375
2021-03-11,43.19667053222656,112.88683319091795,50.28155517578125,89.4712905883789,134.5999755859375,32.81040954589844,227.04861450195312,118.67916107177734,365.4090576171875,307.90789794921875
2021-03-12,43.11106491088867,112.73430633544922,50.82282638549805,89.76901245117188,136.1961669921875,33.427146911621094,225.727294921875,117.77417755126952,365.90130615234375,305.4100646972656
2021-03-15,43.68461990356445,112.72583770751952,49.52703857421875,88.71490478515625,135.5158233642578,33.259742736816406,224.8271942138672,120.654541015625,368.0832214355469,308.6727905273437
2021-03-16,43.84728240966797,113.55626678466795,48.47727966308594,86.61470031738281,133.89349365234375,33.16283416748047,227.60394287109372,122.19205474853516,367.6190185546875,310.36700439453125
2021-03-17,43.86440658569336,113.22577667236328,48.690521240234375,86.92852020263672,135.27159118652344,33.43596649169922,226.96243286132807,121.40384674072266,368.8725280761719,311.6449584960937
2021-03-18,43.29083633422852,112.3021469116211,46.59101104736328,83.78226470947266,137.5044708251953,34.30819320678711,220.9111175537109,117.2876205444336,363.5055847167969,302.0990600585937
2021-03-19,43.49629211425781,113.9714584350586,46.328575134277344,83.18679809570312,135.31521606445312,33.94697189331055,220.55685424804688,116.7621612548828,362.8329772949219,303.1639709472656
2021-03-22,43.6589469909668,116.76779174804688,45.85289764404297,82.51087951660156,131.67803955078125,33.18045425415039,225.95709228515625,120.07068634033205,365.7301330566406,308.8493347167969
2021-03-23,43.9928092956543,118.1744384765625,45.28701019287109,82.0522232055664,130.36105346679688,32.5108528137207,227.47946166992188,119.24354553222656,362.8515625,307.5019226074219
2021-03-24,44.10409927368164,117.62364196777344,46.20555114746094,84.24897766113281,131.37278747558594,32.5108528137207,225.4496154785156,116.85945129394533,361.0069580078125,302.31573486328125
2021-03-25,44.53212738037109,118.31847381591795,46.07433319091797,84.54669952392578,133.05616760253906,33.18045425415039,222.46224975585935,117.34600830078124,363.0379028320313,301.7923889160156
2021-03-26,45.40531921386719,120.91990661621094,47.3291130065918,86.4859619140625,135.27159118652344,34.079132080078125,226.42623901367188,117.94932556152344,368.8882751464844,306.3192443847656
2021-03-29,46.09870910644531,122.70785522460938,47.07488250732422,86.03533935546875,133.1695556640625,33.753135681152344,225.23895263671875,118.1244888305664,368.701904296875,306.23193359375
2021-03-30,45.49946975708008,120.78433227539062,46.49259185791016,85.23871612548828,134.73951721191406,34.35225296020508,221.9930877685547,116.67459106445312,367.7238159179688,304.6907653808594
2021-03-31,45.12281036376953,119.86070251464844,45.787296295166016,84.32139587402344,132.7770538330078,34.08793640136719,225.74647521972656,118.86405181884766,369.2142333984375,309.3533935546875
2021-04-01,44.95159149169922,119.71665954589844,47.06667709350586,85.09387969970703,134.06793212890625,34.792781829833984,232.04666137695312,119.691162109375,373.201416015625,314.6268310546875
2021-04-05,45.20840835571289,121.30967712402344,46.33676528930664,84.0960922241211,134.778564453125,35.0659065246582,238.48098754882807,122.51315307617188,378.5580139160156,320.9081726074219
2021-04-06,45.53371047973633,121.74183654785156,46.20555114746094,83.3477554321289,133.8310546875,34.968990325927734,237.32241821289065,122.81481170654295,378.33447265625,320.6852722167969
2021-04-07,45.61075973510742,121.52156066894533,46.41057586669922,83.83860778808594,135.92791748046875,35.286170959472656,239.2757110595703,124.45936584472656,378.7723388671875,321.460693359375
2021-04-08,45.47378921508789,120.78433227539062,45.92671203613281,82.89713287353516,136.0946502685547,34.977806091308594,242.4833068847656,126.8531723022461,380.5702819824219,324.8147888183594
2021-04-09,45.525146484375,120.80973052978516,45.82009506225586,82.816650390625,137.11236572265625,35.23331069946289,244.97276306152344,129.42218017578125,383.3370361328125,326.7825927734375
2021-04-12,45.670692443847656,121.19107055664062,45.51665496826172,81.89933776855469,136.82284545898438,35.29499053955078,245.03016662597656,127.70951080322266,383.4767761230469,326.3561096191406
2021-04-13,45.44810104370117,121.21649169921876,45.68887710571289,82.26947784423828,135.19093322753906,34.643009185791016,247.50051879882807,130.813720703125,384.6133117675781,330.1656799316406
2021-04-14,45.439544677734375,120.41995239257812,47.009273529052734,83.9029769897461,132.66419982910156,35.13639450073242,244.72378540039065,128.478271484375,383.2998352050781,326.200927734375
2021-04-15,45.653564453125,120.58940887451172,46.73042297363281,83.218994140625,133.5064239501953,34.13199234008789,248.4675750732422,130.88180541992188,387.4174499511719,331.144775390625
2021-04-16,45.95318222045898,122.15705871582033,46.46798706054688,82.84884643554688,134.4978485107422,34.49322509765625,249.6548309326172,130.55096435546875,388.7123718261719,331.5324401855469
2021-04-19,46.22712326049805,122.6570053100586,46.32036590576172,83.09024810791016,133.92755126953125,34.510841369628906,247.7398681640625,131.212646484375,386.8025817871094,328.4983825683594
2021-04-20,46.372650146484375,123.47046661376952,45.34442138671875,81.53723907470703,130.96214294433594,33.55049133300781,247.28028869628903,129.5292205810547,383.9705810546875,326.1040344238281
2021-04-21,46.74931716918945,124.54666137695312,45.92671203613281,82.66380310058594,132.0763702392578,34.1143684387207,249.5015869140625,129.9087371826172,387.6037292480469,328.89581298828125
2021-04-22,46.60378646850586,123.7755355834961,45.32801818847656,81.23145294189453,129.29513549804688,33.79718780517578,246.2366180419922,128.39068603515625,384.0636901855469,324.9310607910156
2021-04-23,46.62945556640625,123.57218170166016,45.57405471801758,81.71427154541016,131.76931762695312,34.519649505615234,250.04737854003903,130.70668029785156,388.2279357910156,329.0218200683594
2021-04-26,45.936065673828125,121.47918701171876,45.66427612304688,81.69012451171875,132.0939178466797,34.722293853759766,250.43035888671875,131.0959014892578,389.038330078125,331.16424560546875
2021-04-27,45.86758041381836,121.08091735839844,46.26295852661133,82.6396255493164,132.69927978515625,35.13639450073242,250.8325958251953,130.77474975585938,388.95458984375,329.7294616699219
2021-04-28,45.87614059448242,120.18272399902344,47.65715789794922,84.66741180419922,133.55909729003906,35.26854705810547,243.73757934570312,129.98655700683594,388.84271240234375,328.6146850585937
2021-04-29,46.44969177246094,121.97063446044922,48.33786392211914,86.01925659179688,136.15603637695312,36.22008514404297,241.7747039794922,129.88925170898438,391.3207702636719,329.7972717285156
2021-04-30,46.20999526977539,122.15705871582033,46.94366455078125,82.93737030029297,134.9452667236328,35.70907974243164,241.4587554931641,127.92363739013672,388.7495727539063,327.63555908203125
2021-05-03,46.63801956176758,123.53831481933594,48.23944854736328,84.91685485839844,134.55050659179688,35.73551177978516,241.1523895263672,128.9745330810547,389.5880126953125,325.89080810546875
2021-05-04,46.346961975097656,121.98758697509766,48.54289245605469,85.38356018066406,136.41046142578125,36.123172760009766,237.25538635253903,124.41072082519533,387.18450927734375,320.0261535644531
2021-05-05,46.22712326049805,121.92829895019533,50.002708435058594,87.67686462402344,138.2002716064453,36.46678161621094,235.99156188964844,124.65396881103516,387.30560302734375,318.9501342773437
2021-05-06,46.689395904541016,123.3433837890625,50.47837448120117,87.72514343261719,140.9814910888672,37.01302719116211,239.1129150390625,126.24988555908205,390.3984375,321.3541564941406
2021-05-07,46.663700103759766,123.3433837890625,51.2000846862793,88.52982330322266,141.46401977539062,37.16281127929688,241.72686767578125,126.92239379882812,393.2398376464844,323.9617004394531
2021-05-10,47.006134033203125,124.32633972167967,51.32310485839844,88.16770935058594,141.44647216796875,37.04827499389648,236.6713104248047,123.64728546142578,389.3457946777344,315.7802734375
2021-05-11,46.50105667114258,123.41964721679688,49.69106674194336,85.85830688476562,139.09519958496094,36.62536239624024,235.76173400878903,122.73101806640624,385.87103271484375,315.3440856933594
2021-05-12,46.26136016845703,122.21638488769533,49.95732498168945,86.39744567871094,138.13885498046875,36.281768798828125,228.8391265869141,119.67029571533205,377.673095703125,307.1820068359375
2021-05-13,46.663700103759766,124.02978515625,49.34159469604492,85.84223937988281,141.69215393066406,36.86326217651367,232.69775390625,121.81475067138672,382.2098388671875,309.5569763183594
2021-05-14,46.85204315185547,124.21617889404295,50.56473159790039,88.0872573852539,143.894287109375,37.3213996887207,237.60006713867188,124.23213958740234,388.078857421875,316.3909606933594
2021-05-17,46.77499008178711,123.86029815673828,51.74626541137695,89.16549682617188,144.4733123779297,37.65620803833008,234.75636291503903,123.08191680908205,387.09130859375,314.4716186523437
2021-05-18,46.5181770324707,123.3010025024414,50.28182220458984,86.48573303222656,142.43788146972656,37.14518737792969,232.74562072753903,121.69778442382812,383.7562561035156,312.3487548828125
2021-05-19,46.372650146484375,123.23320770263672,49.0753288269043,84.05845642089844,141.3499298095703,36.97779083251953,233.32147216796875,121.54183197021484,382.7501220703125,312.7074279785156
2021-05-20,46.78355407714844,124.75850677490234,48.95883941650391,84.35169982910156,141.10430908203125,36.88969039916992,236.5460357666016,124.0956573486328,386.8677978515625,318.7562255859375
2021-05-21,46.75786972045898,124.64835357666016,49.02540969848633,84.8078384399414,142.70985412597656,37.35665512084961,235.2888336181641,122.26311492919922,386.5510864257813,316.9920349121094
2021-05-24,46.91196060180664,125.28385925292967,49.59953689575195,86.01332092285156,143.48190307617188,37.55928421020508,240.67271423339844,123.8909683227539,390.49163818359375,322.3235168457031
2021-05-25,46.90340805053711,125.66519927978516,48.47624969482422,84.60420989990234,141.99917602539062,37.01302719116211,241.5748748779297,123.69601440429688,389.6252746582031,322.7694396972656
2021-05-26,47.108863830566406,125.66519927978516,49.04204940795898,84.8078384399414,141.98165893554688,37.03947448730469,241.35411071777344,123.64728546142578,390.3984375,323.8938903808594
2021-05-27,47.50265502929688,124.14839935302734,48.72586441040039,83.90371704101562,144.1925506591797,37.48879623413086,239.2619781494141,122.11691284179688,390.6034240722656,322.6821594238281
2021-05-28,47.33142852783203,125.3601303100586,48.56777191162109,84.53902435302734,144.09608459472656,37.347843170166016,239.6170654296875,121.46383666992188,391.3021240234375,323.6999816894531
2021-06-01,47.32286834716797,125.0974349975586,50.30679321289063,86.86859130859375,145.68408203125,37.81478500366211,237.42898559570312,121.14217376708984,390.95745849609375,322.6240234375
2021-06-02,47.51121520996094,125.59739685058594,50.70618438720703,88.03334045410156,145.6927947998047,37.83241653442383,237.33297729492188,121.9024658203125,391.5722961425781,323.254150390625
2021-06-03,47.63105392456055,126.04548645019533,50.905887603759766,87.63422393798828,145.78933715820312,38.26595306396485,235.8070526123047,120.4208526611328,390.1189880371094,319.8904113769531
2021-06-04,48.144676208496094,126.19061279296876,51.13053131103516,88.33470153808594,146.02626037597656,38.28363800048828,240.6823272705078,122.71153259277344,393.68695068359375,325.3187866210937
2021-06-07,47.973480224609375,126.11380004882812,50.79771423339844,87.76453399658203,145.34188842773438,38.15092468261719,243.5806427001953,122.72126007080078,393.3050537109375,326.2882080078125
2021-06-08,47.63961410522461,124.93590545654295,51.69635009765625,88.56277465820312,144.7628631591797,37.9385871887207,242.3905792236328,123.54004669189452,393.3889465332031,326.4432983398437
2021-06-09,47.49407958984375,124.7054443359375,52.1290283203125,87.78897857666016,142.9555206298828,37.443119049072266,243.36947631835935,123.9202117919922,392.8019714355469,326.5208740234375
2021-06-10,47.862186431884766,125.9857940673828,52.21222686767578,88.30213165283203,140.72702026367188,36.88571548461914,246.8723602294922,122.92598724365234,394.6278076171875,329.92333984375
2021-06-11,48.076210021972656,126.06255340576172,51.72962951660156,87.8948745727539,140.63052368164062,37.0361328125,247.4962310791016,124.13465118408205,395.2799682617188,330.7859802246094
2021-06-14,47.91233825683594,126.81373596191406,51.646427154541016,87.94373321533203,138.24417114257812,36.59374237060547,249.4155731201172,127.18563079833984,396.16497802734375,333.9559020996094
2021-06-15,47.79157257080078,126.82223510742188,53.52689743041992,89.84156036376953,136.14724731445312,36.62028503417969,247.9472198486328,126.36685943603516,395.4383850097656,331.7748413085937
2021-06-16,47.1533203125,125.55899047851562,53.33551788330078,89.32840728759766,137.1035919189453,36.82378768920898,247.0067596435547,126.86397552490234,393.2304992675781,330.56317138671875
2021-06-17,47.39483642578125,126.77103424072266,51.579856872558594,87.21066284179688,133.14669799804688,35.213523864746094,250.38491821289065,128.4625701904297,393.10009765625,334.7604675292969
2021-06-18,46.377071380615234,124.12501525878906,50.256866455078125,83.92001342773438,129.77774047851562,34.31106185913086,248.9741058349609,127.16612243652344,387.7970275878906,332.133544921875
2021-06-21,46.88594818115234,125.09806823730467,52.07909393310547,86.37985229492188,131.97984313964844,35.16926956176758,252.04515075683597,128.9596710205078,393.3487548828125,334.19775390625
2021-06-22,47.05844879150391,125.28585052490234,53.077579498291016,86.66492462158203,131.78683471679688,35.36392593383789,254.80911254882807,130.5972137451172,395.45166015625,337.31298828125
2021-06-23,46.67893600463867,123.63846588134766,53.46864700317383,86.55904388427734,132.585205078125,35.56741714477539,254.5787353515625,130.3243408203125,394.9749145507813,337.4778747558594
2021-06-24,46.91181564331055,124.33836364746094,53.68497848510742,87.2676773071289,133.8046875,36.12482833862305,255.94146728515625,130.04164123535156,397.3114929199219,339.5645751953125
2021-06-25,46.851444244384766,124.97000885009766,53.80147552490234,87.39801788330078,135.15586853027344,36.82378768920898,254.33880615234372,129.74920654296875,398.7227783203125,339.147216796875
2021-06-28,46.79969024658203,125.50775146484376,52.42856597900391,84.70194244384766,135.4014892578125,36.77070617675781,257.88970947265625,131.37704467773438,399.526611328125,343.2718200683594
2021-06-29,46.454689025878906,125.42242431640624,52.10405731201172,84.51461029052734,135.2348175048828,36.17791366577149,260.46160888671875,132.88790893554688,399.7415466308594,344.5140075683594
2021-06-30,46.67031478881836,126.47234344482422,52.486812591552734,85.31283569335938,136.463134765625,36.478736877441406,259.9818725585937,133.50201416015625,400.0780334472656,343.9704895019531
2021-07-01,46.54093551635742,126.49788665771484,52.63657760620117,86.51016235351562,137.81422424316406,36.75300598144531,260.6536560058594,133.80421447753906,402.2931213378906,344.1064453125
2021-07-02,46.7307014465332,127.10395050048828,52.56169891357422,86.3961410522461,137.681884765625,36.40795516967773,266.4598083496094,136.42626953125,405.36810302734375,348.0562744140625
2021-07-06,46.47195053100586,127.29170989990234,51.06397247314453,84.70194244384766,135.3699493408203,35.45240020751953,266.46942138671875,138.43426513671875,404.6296997070313,349.560546875
2021-07-07,46.851444244384766,127.85506439208984,50.26518249511719,83.83855438232422,135.52882385253906,35.16926956176758,268.64794921875,140.9198455810547,406.0597229003906,350.2981262207031
2021-07-08,46.68756484985352,127.91482543945312,50.04052734375,83.56974029541016,133.1904296875,34.31106185913086,266.239013671875,139.62347412109375,402.7511291503906,348.1824645996094
2021-07-09,46.9721908569336,127.59044647216795,50.94748306274414,84.76709747314453,137.45248413085938,35.42586898803711,266.738037109375,141.44625854492188,407.0503234863281,350.3563232421875
2021-07-12,46.98943710327149,127.61604309082033,50.89755630493164,84.93815612792969,139.4202117919922,35.9478759765625,266.1430969238281,140.85165405273438,408.5083923339844,351.72467041015625
2021-07-13,47.455204010009766,130.56085205078125,50.6562614440918,84.65306091308594,137.3465576171875,35.2666015625,269.6555480957031,141.962890625,407.1158447265625,351.72467041015625
2021-07-14,48.52471160888672,131.9095001220703,49.53297424316406,83.05661010742188,136.8788604736328,34.3818473815918,271.1239318847656,145.3842315673828,407.7232971191406,352.35552978515625
2021-07-15,48.679962158203125,132.51548767089844,49.05037689208984,82.5108871459961,137.17892456054688,34.35529327392578,269.70361328125,144.73114013671875,406.3307800292969,349.8808288574219
2021-07-16,48.64546203613281,133.00201416015625,47.69410705566406,80.32796478271484,134.04637145996094,33.55016326904297,269.4347839355469,142.6939239501953,403.1435852050781,347.0469970703125
2021-07-19,48.06758117675781,132.9849853515625,46.05492401123047,78.16134643554688,129.687255859375,32.67426300048828,265.84552001953125,138.8533935546875,397.1899719238281,344.2033996582031
2021-07-20,48.1538314819336,133.00201416015625,46.56248474121094,78.62564086914062,132.10508728027344,33.34666061401367,268.06256103515625,142.4600067138672,402.8819274902344,348.2018737792969
2021-07-21,48.77483367919922,132.5070037841797,48.06021118164063,81.30538940429688,134.8846435546875,34.02793502807617,270.0586853027344,141.72894287109375,406.1437377929688,350.89013671875
2021-07-22,48.70583724975586,132.46429443359375,47.51936721801758,80.49087524414062,133.1815643310547,33.58555221557617,274.6075744628906,143.09356689453125,406.9943237304688,353.20965576171875
2021-07-23,49.17159652709961,134.16287231445312,47.461124420166016,80.5234375,132.92568969726562,33.35551452636719,277.9953918457031,144.80914306640625,411.1814270019531,357.334228515625
2021-07-26,49.21471405029297,134.06903076171875,48.659297943115234,82.22579193115234,133.81692504882812,33.735965728759766,277.4003295898437,145.22824096679688,412.1908264160156,357.6155700683594
2021-07-27,49.387203216552734,134.81158447265625,48.11846160888672,81.94886016845703,133.6404571533203,33.60325622558594,274.99151611328125,143.0643310546875,410.3122863769531,353.6753845214844
2021-07-28,48.93871307373047,133.57391357421875,48.44295501708984,82.41315460205078,133.86105346679688,33.735965728759766,274.6843566894531,141.3195343017578,410.14398193359375,355.0341186523437
2021-07-29,49.206085205078125,133.84707641601562,49.03372573852539,83.54532623291016,135.0081787109375,34.222591400146484,274.9530334472656,141.962890625,411.8450317382813,355.6649169921875
2021-07-30,49.1888427734375,133.9665985107422,47.90211486816406,82.92627716064453,133.93165588378906,33.939456939697266,273.4271850585937,142.17733764648438,409.8448486328125,353.811279296875
2021-08-02,49.05946731567383,133.4288330078125,47.91043472290039,82.7796859741211,133.39340209960938,33.58555221557617,273.3408508300781,141.84588623046875,408.9851379394531,353.8403625488281
2021-08-03,49.09396362304688,133.72755432128906,48.42631912231445,83.56974029541016,134.91111755371094,34.10757827758789,275.54815673828125,143.63943481445312,412.3123474121094,355.9851379394531
2021-08-04,48.38671112060547,131.49124145507812,47.294708251953125,81.69637298583984,133.4551544189453,33.859840393066406,274.9626770019531,143.2397918701172,410.2842102050781,356.49957275390625
2021-08-05,48.73171615600586,131.7131805419922,47.59425735473633,82.45386505126953,135.1405487060547,34.52340316772461,277.8514099121094,143.3470458984375,412.8824462890625,358.7608337402344
2021-08-06,48.85246276855469,131.73025512695312,48.1434211730957,83.04032897949219,138.97898864746094,35.523189544677734,277.7937316894531,142.66368103027344,413.5647277832031,357.1885986328125
2021-08-09,48.86109161376953,131.747314453125,47.59425735473633,81.6556167602539,138.82899475097656,35.983253479003906,276.7092590332031,142.61485290527344,413.228271484375,357.8485107421875
2021-08-10,48.99045944213867,131.8155975341797,48.4096794128418,83.1462173461914,140.53201293945312,36.65568161010742,274.8955383300781,142.13650512695312,413.74224853515625,356.0143127441406
2021-08-11,48.93009185791016,132.33627319335938,48.55112838745117,83.77339935302734,142.20864868164062,37.11575698852539,275.3850402832031,142.3903350830078,414.7704772949219,355.40289306640625
2021-08-12,49.02496337890625,132.36190795898438,48.44132614135742,83.60234832763672,142.76451110839844,37.292701721191406,278.1296691894531,145.3482666015625,416.013427734375,356.6839599609375
2021-08-13,49.36133575439453,133.5995330810547,47.95142364501953,83.04847717285156,141.16737365722656,36.83262634277344,281.0472106933594,145.55328369140625,416.7705078125,357.9359436035156
2021-08-16,49.57696914672852,134.90548706054688,47.25035095214844,82.20135498046875,140.2408447265625,36.53181838989258,282.7266845703125,147.52520751953125,417.751953125,358.0911865234375
2021-08-17,49.40446853637695,134.77743530273438,46.92938232421875,82.04661560058594,138.54661560058594,36.35486602783203,281.2679138183594,146.61737060546875,415.013427734375,354.9371032714844
2021-08-18,48.73171615600586,133.39471435546875,45.94113540649414,79.82600402832031,137.28482055664062,36.08943557739258,279.5468444824219,142.87843322753906,410.47113037109375,351.5209655761719
2021-08-19,49.04222106933594,135.63955688476562,44.53898620605469,77.83654022216797,136.13766479492188,35.55857467651367,285.3544921875,143.21034240722656,411.1066284179688,353.21929931640625
2021-08-20,48.85246276855469,135.16156005859375,44.54743957519531,77.84479522705078,136.52589416503906,35.71783447265625,292.65240478515625,144.66488647460938,414.3778991699219,356.8780822753906
2021-08-23,48.679962158203125,134.73477172851562,46.38035202026367,79.85077667236328,138.2730712890625,36.19560241699219,292.93133544921875,146.1487579345703,418.0229797363281,362.2156982421875
2021-08-24,48.30908584594727,133.06179809570312,46.76044464111328,80.76708221435547,139.12901306152344,36.69991302490234,290.9794616699219,146.06088256835938,418.6865234375,363.3220520019531
2021-08-25,48.360836029052734,132.47283935546875,46.84491729736328,81.3201675415039,141.99685668945312,37.292701721191406,290.3928527832031,144.83087158203125,419.5650329589844,363.7394104003906
2021-08-26,47.90370178222656,131.98631286621094,46.21141052246094,80.25526428222656,142.72926330566406,37.19538497924805,287.5851745605469,144.03036499023438,417.0882568359375,361.4296875
2021-08-27,47.99857711791992,132.2509307861328,47.10675811767578,81.427490234375,143.8763885498047,37.59353256225586,288.1909484863281,145.06517028808594,420.8175354003906,364.94281005859375
2021-08-30,48.45571517944336,133.1556854248047,46.59151458740234,81.22111511230469,141.5732879638672,36.85917282104492,291.912109375,149.47763061523438,422.66802978515625,369.0381774902344
2021-08-31,48.567832946777344,133.4885711669922,46.05093383789063,79.88380432128906,141.140869140625,36.93880844116211,290.2678527832031,148.21827697753906,422.0418701171875,368.7374267578125
2021-09-01,48.89558410644531,134.78602600097656,45.41743469238281,79.00875091552734,140.9379425048828,36.44333267211914,290.2197570800781,148.88211059570312,422.2661743164063,369.3488464355469
2021-09-02,48.96458435058594,134.88482666015625,46.5239486694336,80.65975189208984,141.5909423828125,36.478912353515625,289.56597900390625,149.99502563476562,423.5653381347656,369.1741638183594
2021-09-03,48.93009185791016,135.00515747070312,46.346561431884766,80.47815704345703,140.7349853515625,36.50559616088867,289.556396484375,150.6295623779297,423.4624938964844,370.3096008300781
2021-09-07,48.01583480834961,132.80506896972656,46.0762825012207,80.12317657470703,140.48789978027344,36.74570083618164,288.6332702636719,152.9627227783203,421.9483642578125,370.8336486816406
2021-09-08,48.66270446777344,134.6871795654297,45.65393829345703,79.57012176513672,139.86143493652344,36.26548004150391,288.662109375,151.42030334472656,421.4343566894531,369.54290771484375
2021-09-09,48.17970657348633,133.8363800048828,45.6877326965332,79.2481460571289,140.47027587890625,36.398868560791016,285.8160400390625,150.405029296875,419.6305541992188,368.2715759277344
2021-09-10,47.96407699584961,133.6042938232422,45.59481430053711,79.30593872070312,138.85543823242188,35.81192779541016,284.3352355957031,145.4263458251953,416.3218688964844,365.4765625
2021-09-13,48.360836029052734,133.8621063232422,46.768890380859375,80.87438201904297,141.0614776611328,36.40775680541992,285.56597900390625,145.9925537109375,417.3874206542969,365.2242126464844
2021-09-14,48.39559173583984,133.33787536621094,46.10161590576172,79.4132308959961,138.59957885742188,35.429542541503906,288.25836181640625,144.5965576171875,415.1349182128906,364.1859130859375
2021-09-15,48.56071472167969,134.08555603027344,47.6557846069336,81.09727478027344,139.56143188476562,35.69633102416992,293.0947570800781,145.48492431640625,418.6025085449219,366.8934631347656
2021-09-16,48.10012435913086,133.6902618408203,47.14899063110352,80.33782196044922,139.49960327148438,35.97201156616211,293.4793395996094,145.25062561035156,417.9387817382813,367.1458740234375
2021-09-17,47.309326171875,132.46127319335938,46.59151458740234,79.87554931640625,139.13783264160156,36.01647186279297,288.3351135253906,142.5855712890625,413.86767578125,362.798095703125
2021-09-20,46.97909927368164,132.014404296875,45.3498649597168,78.24103546142578,134.972900390625,34.78034973144531,282.9794921875,139.539794921875,406.96673583984375,355.3014831542969
2021-09-21,46.970401763916016,131.95423889160156,45.30763244628906,78.29882049560547,134.99053955078125,34.79814529418945,283.460205078125,140.0181121826172,406.5823059082031,355.7384948730469
2021-09-22,47.03992462158203,132.35816955566406,46.63376235961914,80.60198211669922,137.57598876953125,35.69633102416992,287.0947570800781,142.38059997558594,410.5484313964844,359.0614929199219
2021-09-23,46.96171569824219,132.46127319335938,48.21326446533203,82.59968566894531,142.22625732421875,37.07474136352539,288.037109375,143.33726501464844,415.5367126464844,362.3744812011719
2021-09-24,46.83136749267578,132.52142333984375,48.64404678344727,83.04545593261719,143.86753845214844,37.47492599487305,287.835205078125,143.42507934570312,416.2210998535156,362.7144165039063
2021-09-27,46.58804321289063,131.24952697753906,50.08841323852539,85.00189208984375,147.34420776367188,38.47093200683594,282.8544616699219,141.91200256347656,415.03033447265625,359.8192138671875
2021-09-28,45.745094299316406,129.81431579589844,50.61210632324219,85.32386016845703,146.55006408691406,38.38200378417969,272.6141052246094,138.53428649902344,406.666748046875,349.6371459960937
2021-09-29,46.02316665649414,130.8885498046875,50.57832336425781,85.29906463623047,146.4353485107422,38.30196762084961,273.0756225585937,139.4324188232422,407.3512878417969,349.0639343261719
2021-09-30,45.59735107421875,129.26426696777344,49.68297576904297,83.74713134765625,144.4411163330078,37.7506103515625,271.0756225585937,138.13401794433594,402.3724060058594,347.78155517578125
2021-10-01,46.0753173828125,129.72836303710938,51.465213775634766,86.12458038330078,147.47657775878906,38.31086349487305,277.9794921875,139.2566680908203,407.1542663574219,349.9383850097656
2021-10-04,46.04925155639648,129.0837860107422,52.13249588012695,86.44652557373047,147.31771850585938,38.54207992553711,272.2198181152344,135.83018493652344,401.9036254882813,342.5934143066406
2021-10-05,46.12745666503906,129.8486785888672,52.04803085327149,87.3875961303711,149.72348022460938,39.32465362548828,277.6525573730469,137.7532958984375,406.0853576660156,347.21807861328125
2021-10-06,46.6749382019043,133.17462158203125,51.093563079833984,86.619873046875,150.04306030273438,39.34244918823242,281.835205078125,138.62217712402344,407.7731323242188,349.4429016113281
2021-10-07,46.82268142700195,134.40357971191406,51.237152099609375,87.23900604248047,150.99290466308594,39.23573684692383,283.50830078125,139.88148498535156,411.298583984375,352.6490478515625
2021-10-08,47.03123092651367,134.0941619873047,52.52104187011719,89.19544219970703,151.1083221435547,39.43136978149414,283.50830078125,139.500732421875,410.5484313964844,350.8905639648437
2021-10-11,47.12682723999024,134.27467346191406,51.997344970703125,88.43598175048828,147.93026733398438,38.93336486816406,282.9121398925781,139.41287231445312,407.57623291015625,348.19927978515625
2021-10-12,47.12682723999024,134.86761474609375,51.72706604003906,88.45250701904297,146.79396057128906,38.71993637084961,281.6140441894531,138.14381408691406,406.5729370117188,346.98486328125
2021-10-13,47.13551712036133,135.7786102294922,51.58346176147461,88.98081970214844,142.9235076904297,38.36421585083008,284.912109375,137.55809020996094,408.0356140136719,349.7634582519531
2021-10-14,47.45705795288086,136.87010192871094,52.36899566650391,89.82283020019531,145.11618041992188,40.0805549621582,291.1044311523437,140.34030151367188,414.8990173339844,356.2049865722656
2021-10-15,47.34407424926758,136.48333740234375,52.86734771728516,90.48322296142578,147.9036407470703,41.23664474487305,292.5081787109375,141.39463806152344,418.0588073730469,358.44927978515625
2021-10-18,46.874813079833984,135.8645782470703,52.84201049804688,90.44196319580078,147.85035705566406,41.15660095214844,295.4698791503906,143.06390380859375,419.2965698242188,362.0537414550781
2021-10-19,47.05730438232422,137.59197998046875,53.63599395751953,92.20852661132812,149.64358520507812,41.33445739746094,296.3735656738281,145.22134399414062,422.53131103515625,364.7936096191406
2021-10-20,47.47443771362305,138.6318817138672,53.93162155151367,93.41375732421876,151.65872192382812,41.8769416809082,295.585205078125,145.70947265625,424.19091796875,364.3175659179688
2021-10-21,47.23110580444336,136.8013153076172,52.95180892944336,92.24154663085938,150.46914672851562,41.64571762084961,298.8063049316406,145.92422485351562,425.2972717285156,366.54241943359375
2021-10-22,47.31800842285156,137.48023986816406,53.31501770019531,93.1166000366211,152.49317932128906,42.30380630493164,297.267822265625,145.15301513671875,424.8566589355469,363.4626159667969
2021-10-25,47.12682723999024,136.83567810058594,54.35395431518555,93.98336791992188,151.74746704101562,42.250431060791016,296.27740478515625,145.10415649414062,427.1350708007813,367.18365478515625
2021-10-26,47.33538436889648,138.51153564453125,55.61250686645508,94.18973541259766,152.1558380126953,42.65062713623047,298.1813659667969,145.76805114746094,427.5194396972656,368.3398742675781
2021-10-27,48.24786376953125,138.0302734375,54.168113708496094,92.5139617919922,148.98667907714844,41.83247756958008,310.73895263671875,145.30917358398438,425.62548828125,369.1947937011719
2021-10-28,48.69975280761719,138.89830017089844,54.320159912109375,93.38074493408205,151.23260498046875,42.49055099487305,311.8735656738281,148.94073486328125,429.7322998046875,373.2947692871094
2021-10-29,48.98652267456055,138.881103515625,54.45531463623047,94.5116729736328,150.81536865234375,42.49055099487305,318.8638610839844,146.23660278320312,430.604248046875,375.131103515625
2021-11-01,48.81272506713867,138.58889770507812,55.43512344360352,94.54470825195312,150.73550415039062,42.55279922485352,316.700439453125,145.41661071777344,431.344970703125,376.4134826660156
2021-11-02,48.75189208984375,139.8607940673828,54.75094604492188,93.96686553955078,151.3302459716797,42.57947540283203,320.3158569335937,146.45135498046875,433.0890502929688,377.9874572753906
2021-11-03,48.9170036315918,141.20152282714844,53.99919891357422,93.28992462158205,151.3834991455078,43.01523971557617,321.1523742675781,147.88641357421875,435.7330627441406,382.00006103515625
2021-11-04,49.18639755249024,141.21009826660156,54.404632568359375,93.70269012451172,149.39501953125,42.090370178222656,323.4985046386719,147.3690185546875,437.7864685058594,386.8966979980469
2021-11-05,49.394962310791016,142.66249084472656,54.91986846923828,94.71803283691406,149.1819610595703,41.77022552490234,323.1329650878906,147.89694213867188,439.3054504394531,387.2659606933594
2021-11-08,48.95177459716797,139.59439086914062,55.51113128662109,95.0565185546875,150.07855224609375,42.09926223754883,324.02734375,147.07569885253906,439.6804809570313,386.7413635253906
2021-11-09,49.090816497802734,140.5225372314453,56.05172729492188,95.75819396972656,148.9422607421875,41.690189361572266,323.02734375,147.4374542236328,438.2272033691406,384.0791931152344
2021-11-10,49.29067993164063,140.9780731201172,54.94747161865234,94.23102569580078,148.8002166748047,42.00143432617188,318.07537841796875,144.61207580566406,434.7016906738281,378.4343872070313
2021-11-11,49.30806350708008,139.81788635253906,55.05018615722656,94.23927307128906,148.7913818359375,42.23264694213867,319.64276123046875,144.5631866455078,434.84228515625,379.4836730957031
2021-11-12,49.19509506225586,139.7834930419922,54.63074493408203,94.29704284667967,148.1255645751953,41.71685791015625,323.76776123046875,146.63577270507812,438.1240234375,383.4768371582031
2021-11-15,49.20377349853516,140.77182006835938,55.10154724121094,96.43509674072266,147.85923767089844,41.84136199951172,323.142822265625,146.6455535888672,438.2740783691406,383.3893432617188
2021-11-16,48.856178283691406,140.35067749023438,55.65795135498047,96.81482696533205,146.79396057128906,41.86804962158203,326.450439453125,147.62318420410156,440.0086364746094,386.1195373535156
2021-11-17,48.58677291870117,140.40225219726562,55.05018615722656,96.38060760498048,146.00390625,41.361141204833984,326.6719055175781,150.05752563476562,438.9398498535156,386.323486328125
2021-11-18,48.15226364135742,140.44525146484375,54.45097351074219,95.57061767578124,144.7433624267578,41.19218063354492,328.7430419921875,154.33953857421875,440.43060302734375,390.3263854980469
2021-11-19,47.90894317626953,140.78038024902344,51.934303283691406,93.44961547851562,142.8524932861328,40.37402725219727,330.51544189453125,156.95962524414062,439.6430358886719,392.5025939941406
2021-11-22,48.20441436767578,141.07261657714844,52.653358459472656,95.1196746826172,145.89736938476562,41.15660095214844,327.3558654785156,157.41912841796875,438.4053649902344,387.946044921875
2021-11-23,48.56071472167969,142.01795959472656,54.04009628295898,97.11544036865234,149.3861541748047,42.24154281616211,325.2847900390625,157.80044555664062,438.9866027832031,386.177734375
2021-11-24,48.16964340209961,140.7202606201172,54.33970642089844,97.85862731933594,148.21434020996094,42.35715866088867,325.50640869140625,158.3185272216797,440.15869140625,387.4213562011719
2021-11-26,46.69231796264648,138.4857635498047,52.4307975769043,95.62071990966795,143.74905395507812,40.69416809082031,317.5785522460937,153.3032684326172,430.3417053222656,380.0763549804688
2021-11-29,47.43098831176758,141.06399536132812,52.72183609008789,95.9046401977539,143.12770080566406,40.54298782348633,324.2733764648437,156.6566162109375,435.62060546875,388.3248901367188
2021-11-30,45.93343734741211,137.31700134277344,51.22381210327149,94.25125885009766,140.99713134765625,39.5469856262207,318.4550476074219,161.6034393310547,427.1444091796875,382.621826171875
2021-12-01,45.80208206176758,137.6435546875,51.18100738525391,93.60824584960938,140.16268920898438,38.986724853515625,317.9637756347656,161.08526611328125,422.4000244140625,376.1124267578125
2021-12-02,46.47640609741211,138.97164916992188,52.45646286010742,96.14678955078124,143.10992431640625,40.11262512207031,317.3954772949219,160.0978546142578,428.86962890625,378.8230590820313
2021-12-03,46.88801574707031,142.51040649414062,52.12261962890625,95.53721618652344,140.5177764892578,39.20117950439453,311.1533508300781,158.2207489013672,425.137939453125,372.2357482910156
2021-12-06,48.08780288696289,143.98992919921875,52.71327590942383,97.0319366455078,142.17782592773438,39.45138549804688,314.21649169921875,161.62298583984375,430.1729736328125,375.218505859375
2021-12-07,48.35053253173828,143.82553100585938,53.30392074584961,98.4682159423828,144.31723022460938,39.951786041259766,322.6261291503906,167.35191345214844,439.0709838867188,386.5177612304688
2021-12-08,48.16661834716797,144.07647705078125,53.458003997802734,98.91078186035156,142.66607666015625,39.46031951904297,322.67437744140625,171.16470336914062,440.2336730957031,388.2472229003906
2021-12-09,48.04401779174805,143.894775390625,53.59496688842773,98.65193939208984,142.44415283203125,39.75520706176758,320.8729248046875,170.6562957763672,437.2614440917969,382.534423828125
2021-12-10,49.28759002685547,146.1962432861328,53.93737411499024,98.81892395019533,141.87599182128906,39.782005310058594,329.96649169921875,175.4369659423828,441.3776245117188,386.6926879882813
2021-12-13,50.58370971679688,146.92300415039062,52.75607681274414,96.7647476196289,140.18931579589844,38.94204330444336,326.9416809082031,171.8099822998047,437.4677429199219,381.1061706542969
2021-12-14,50.61873626708984,146.5596160888672,52.67903518676758,97.04865264892578,141.2634735107422,39.43351745605469,316.2876892089844,170.4314727783203,434.45794677734375,377.16156005859375
2021-12-15,50.84643173217773,148.44581604003906,52.44791030883789,96.4975128173828,140.20706176757812,39.26372909545898,322.3660583496094,175.29034423828125,441.2463073730469,385.7599792480469
2021-12-16,51.36312484741211,148.662109375,52.53351593017578,97.3993682861328,142.3997344970703,40.21092987060547,312.97393798828125,168.40777587890625,437.3551635742188,375.84033203125
2021-12-17,50.55743408203125,145.61656188964844,51.386451721191406,94.86083221435548,139.1595916748047,39.21012115478516,311.91424560546875,167.31280517578125,432.700439453125,373.9652099609375
2021-12-20,50.39104080200195,146.58558654785156,50.641727447509766,94.90259552001952,136.6561737060547,38.566741943359375,308.1671142578125,165.95387268066406,428.0993957519531,370.3375549316406
2021-12-21,50.592472076416016,146.15298461914062,51.78878402709961,96.42237091064452,138.56480407714844,39.48712539672852,315.2762451171875,169.12144470214844,435.7020263671875,378.62591552734375
2021-12-22,50.9515266418457,147.0614776611328,52.208229064941406,96.9734878540039,139.10629272460938,39.56755065917969,320.9692687988281,171.71218872070312,440.0583801269531,383.237060546875
2021-12-23,50.98655319213867,146.89707946777344,52.233917236328125,97.2072982788086,139.60342407226562,39.6926383972168,322.40460205078125,172.3378448486328,442.7965087890625,386.1262512207031
2021-12-27,51.36312484741211,148.3592987060547,52.978633880615234,99.19471740722656,140.40240478515625,39.88924407958984,329.87969970703125,176.29727172851562,449.06298828125,392.5077819824219
2021-12-28,51.56455993652344,149.12933349609375,52.807430267333984,99.0026397705078,140.8284912109375,39.94284439086914,328.7237548828125,175.280517578125,448.6961059570313,390.688720703125
2021-12-29,51.6258659362793,149.65711975097656,52.34518432617188,98.4932632446289,140.75747680664062,39.88030242919922,329.3980407714844,175.3685302734375,449.2699890136719,390.6302490234375
2021-12-30,51.47697448730469,149.39755249023438,52.03702163696289,98.05905151367188,140.6864471435547,39.79093933105469,326.86456298828125,174.21490478515625,448.0281372070313,389.4629821777344
2021-12-31,51.853553771972656,150.29739379882812,52.379425048828125,97.99224090576172,140.57107543945312,39.75520706176758,323.9747314453125,173.5990447998047,446.89886474609375,387.0309753417969
2022-01-03,51.932373046875,149.66575622558594,54.39105987548828,99.58716583251952,143.5448760986328,41.26534271240234,322.46240234375,177.9397430419922,449.4864196777344,390.75677490234375
2022-01-04,52.79937362670898,149.88206481933594,56.43692398071289,101.3992156982422,148.98667907714844,42.88271713256836,316.9330444335937,175.681396484375,449.33587646484375,385.6884460449219
2022-01-05,53.23725509643555,150.392578125,57.13885498046875,102.05889129638672,146.2628936767578,42.15892028808594,304.7666931152344,171.00828552246094,440.7077026367188,373.8396911621094
2022-01-06,52.95700454711914,150.4271697998047,58.48280334472656,102.92735290527344,147.8167724609375,43.0078239440918,302.35845947265625,168.15357971191406,440.2936706542969,373.5770263671875
2022-01-07,52.83441162109375,150.61749267578125,58.96217727661133,104.40536499023438,149.28138732910156,43.946075439453125,302.5126953125,168.31979370117188,438.5530090332031,369.5301818847656
2022-01-10,52.92197799682617,150.6953582763672,58.61120223999024,104.47217559814452,149.4242401123047,43.72268295288086,302.73406982421875,168.33932495117188,438.0072326660156,369.7734375
2022-01-11,52.939491271972656,150.6261444091797,61.07649993896485,106.86038970947266,149.57606506347656,43.97287368774414,303.41802978515625,171.16470336914062,441.9967956542969,375.328125
2022-01-12,53.018310546875,150.4617919921875,60.896751403808594,106.32596588134766,150.42449951171875,43.66012954711914,306.5872497558594,171.60464477539062,443.1917114257813,376.8164978027344
2022-01-13,53.33357620239258,150.70401000976562,60.46020126342773,105.88340759277344,150.23690795898438,43.57076644897461,293.6117858886719,168.33932495117188,437.0851440429688,367.3899536132813
2022-01-14,53.7627067565918,151.9672393798828,61.52164840698242,107.68708038330078,141.00283813476562,42.81122970581055,298.8135986328125,169.19967651367188,437.2638854980469,369.6761169433594
2022-01-18,53.33357620239258,150.5137176513672,62.55742263793945,108.03780364990234,135.09091186523438,41.33682632446289,291.54058837890625,166.00279235839844,429.5201416015625,360.4733276367188
2022-01-19,53.42115783691406,151.59519958496094,62.583106994628906,107.64533233642578,133.0011444091797,41.49767303466797,292.1957092285156,162.51263427734375,425.0601806640625,356.5140075683594
2022-01-20,53.20222854614258,150.4964141845703,62.72005462646485,107.2612075805664,131.86700439453125,40.881107330322266,290.5292053222656,160.83103942871094,420.3556518554688,351.8834228515625
2022-01-21,52.939491271972656,150.73861694335938,61.7784538269043,105.97525787353516,129.56292724609375,40.13943099975586,285.1636657714844,158.7780303955078,412.103759765625,342.1261901855469
2022-01-24,52.51036834716797,149.9686279296875,62.30916976928711,106.20071411132812,129.44683837890625,39.808815002441406,285.4911804199219,158.0056915283203,413.8538208007813,343.69244384765625
2022-01-25,52.38776397705078,148.24681091308594,64.14104461669922,110.71829986572266,130.85784912109375,40.595157623291016,277.9003295898437,156.2068328857422,408.8011779785156,335.7251281738281
2022-01-26,52.19510269165039,146.68077087402344,63.4904670715332,110.80179595947266,132.09921264648438,41.01514053344727,285.8186340332031,156.11888122558594,407.7755432128906,335.19976806640625
2022-01-27,52.23888397216797,146.5423126220703,64.30369567871094,113.03968048095705,129.76832580566406,40.63090515136719,288.83380126953125,155.65936279296875,405.761962890625,331.8242492675781
2022-01-28,53.28104019165039,149.39755249023438,64.4406509399414,109.06490325927734,130.92933654785156,40.98832702636719,296.9447631835937,166.52093505859375,415.8392028808594,342.23321533203125
2022-01-31,53.42992401123047,150.1329803466797,65.02275848388672,109.66614532470705,132.7064666748047,41.2296028137207,299.56494140625,170.87139892578125,423.3289184570313,353.1772155761719
2022-02-01,53.03583526611328,149.11199951171875,69.19153594970703,112.5553741455078,134.98373413085938,41.94446563720703,297.4263610839844,170.7052001953125,426.1892700195313,355.580078125
2022-02-02,53.57879638671875,151.82015991210938,69.01175689697266,113.07312774658205,133.90316772460938,41.899784088134766,301.953857421875,171.90771484375,430.329345703125,358.4693603515625
2022-02-03,53.95536804199219,151.733642578125,68.20710754394531,112.06271362304688,132.7957305908203,41.48873519897461,290.1920471191406,169.03341674804688,420.2144470214844,343.93560791015625
2022-02-04,53.38613510131836,149.24180603027344,69.68801879882812,113.46558380126952,136.242919921875,43.141849517822266,294.7098999023437,168.74957275390625,422.1904602050781,348.2743835449219
2022-02-07,53.94661712646485,148.65345764160156,70.52690124511719,115.69512176513672,136.69837951660156,43.34737777709961,289.9030456542969,168.03500366210938,420.8355102539063,345.47265625
2022-02-08,54.29691696166992,148.83514404296875,68.70359802246094,113.93318939208984,139.27037048339844,44.124794006347656,293.3805236816406,171.1380615234375,424.2980346679688,349.3541259765625
2022-02-09,53.45619201660156,148.76596069335938,68.37470245361328,115.06049346923828,139.85081481933594,44.03542709350586,299.78643798828125,172.5574188232422,430.5081481933594,356.7571716308594
2022-02-10,53.753944396972656,145.67710876464844,67.7169189453125,113.59917449951172,139.27037048339844,43.82991027832031,291.28057861328125,168.4852752685547,422.7738342285156,348.68292236328125
2022-02-11,52.79937362670898,145.85879516601562,69.4219741821289,115.9122543334961,137.45745849609375,42.82015609741211,284.21002197265625,165.0788116455078,414.4371948242188,337.6221008300781
2022-02-14,53.14091873168945,144.2322235107422,68.3573989868164,114.12527465820312,136.180419921875,42.37337112426758,284.1714782714844,165.31370544433594,413.082275390625,338.0403747558594
2022-02-15,53.34234237670898,143.59193420410156,67.50054931640625,113.28990173339844,138.171875,42.70400619506836,289.44061279296875,169.14111328125,419.7439880371094,346.4454040527344
2022-02-16,53.33357620239258,143.88612365722656,67.81212615966797,113.32366180419922,138.4219512939453,42.60570526123047,289.10284423828125,168.9062042236328,420.2144470214844,346.3580017089844
2022-02-17,54.40200805664063,144.2754364013672,67.70828247070312,112.74141693115234,135.2337646484375,41.16704559326172,280.6372985839844,165.31370544433594,411.2380676269531,336.055908203125
2022-02-18,54.76982116699219,145.10606384277344,66.95528411865234,112.58108520507812,135.8678436279297,41.06875991821289,277.9344787597656,163.76707458496094,408.5753173828125,332.2231140136719
2022-02-22,54.54212951660156,145.6597900390625,66.17632293701172,111.72039794921876,135.62672424316406,40.71133041381836,277.7317199707031,160.85000610351562,404.1905822753906,328.88641357421875
2022-02-23,53.9378547668457,144.22352600097656,66.44462585449219,114.37841796875,132.78683471679688,40.01433181762695,270.5403137207031,156.68978881835938,397.0208435058594,320.4618225097656
2022-02-24,52.99203109741211,141.7144012451172,65.6051025390625,113.78775787353516,129.08963012695312,38.959922790527344,284.36334228515625,159.30337524414062,402.9956359863281,331.23077392578125
2022-02-25,55.04131317138672,145.6857452392578,67.37071228027344,118.45399475097656,132.14385986328125,40.228790283203125,286.9888916015625,161.3688201904297,411.8873291015625,336.3671264648437
2022-02-28,54.50709533691406,141.67117309570312,67.8727035522461,121.50859832763672,126.63375091552734,39.49606323242188,288.4174499511719,161.6331024169922,410.8335571289063,337.36920166015625
2022-03-01,54.27064895629883,140.39926147460938,68.5218505859375,126.3351821899414,121.85595703125,37.95016860961914,284.7107849121094,159.753662109375,404.5763854980469,332.20361328125
2022-03-02,54.67349624633789,142.34600830078125,69.69892120361328,130.0648651123047,124.38329315185548,38.566741943359375,289.76885986328125,163.04269409179688,412.01904296875,337.7776794433594
2022-03-03,54.7085189819336,142.19361877441406,70.14033508300781,131.8199462890625,123.49918365478516,38.15368270874024,285.6471252441406,162.71966552734375,409.9678649902344,332.9527282714844
2022-03-04,54.79609680175781,144.35345458984375,72.78011322021484,133.8704071044922,120.02522277832033,36.770843505859375,279.7974548339844,159.72425842285156,406.6369934082031,328.1275634765625
2022-03-07,53.49121475219727,141.4794464111328,75.402587890625,136.7309112548828,115.39031982421876,34.42721939086914,269.22760009765625,155.93600463867188,394.6496887207031,316.0257873535156
2022-03-08,51.37188720703125,137.4906768798828,75.97381591796875,143.8948516845703,114.57765197753906,34.651702880859375,266.2738952636719,154.1152801513672,391.6575927734375,314.556884765625
2022-03-09,51.63460922241211,137.08135986328125,71.65496826171875,140.3002471923828,119.1679229736328,36.85166549682617,278.4847412109375,159.5089111328125,402.1582946777344,325.8803100585937
2022-03-10,50.68880844116211,134.5644073486328,73.87930297851562,144.1395721435547,117.75688934326172,36.51943206787109,275.6757507324219,155.17250061035156,400.3422546386719,322.2615051269531
2022-03-11,50.72382354736328,133.88511657714844,73.49848175048828,144.20709228515625,115.10455322265624,36.2141227722168,270.3472900390625,151.46253967285156,395.2518615722656,315.57830810546875
2022-03-14,51.65923309326172,135.7662811279297,70.86734008789062,140.67994689941406,116.24763488769533,36.995338439941406,266.8433532714844,147.43930053710938,392.3632507324219,309.51776123046875
2022-03-15,52.61228942871094,138.47482299804688,66.83411407470703,133.55819702148438,118.310546875,37.26472473144531,277.1815490722656,151.81491088867188,400.9915466308594,319.2264099121094
2022-03-16,52.47110366821289,139.08447265625,66.58311462402344,133.07723999023438,123.59737396240234,38.43204879760742,284.17022705078125,156.21986389160156,409.8831787109375,331.0654602050781
2022-03-17,53.02704620361328,140.1643829345703,68.3573989868164,135.38084411621094,125.16020965576172,38.63857650756836,284.9713439941406,157.2281036376953,415.01116943359375,335.0733642578125
2022-03-18,53.03587341308594,141.77557373046875,68.08907318115234,136.46932983398438,125.1156005859375,38.5218505859375,290.0005187988281,160.51718139648438,419.5567321777344,341.9317321777344
2022-03-21,53.45945739746094,141.5752410888672,71.14431762695312,138.92483520507812,124.7137222290039,38.46796417236328,288.7745666503906,161.8876190185547,419.4339904785156,340.9809875488281
2022-03-22,53.653594970703125,143.12547302246094,70.83272552490234,138.4607391357422,127.36604309082033,39.67121887207031,293.5045471191406,165.25497436523438,424.3419799804688,347.68218994140625
2022-03-23,53.30061721801758,142.37646484375,71.94921875,139.95425415039062,124.82979583740234,38.69246673583984,289.0931701660156,166.61561584472656,418.8771667480469,342.6855163574219
2022-03-24,53.81243896484375,143.2386932373047,72.16559600830078,140.32557678222656,125.64247131347656,38.67449951171875,293.5431213378906,170.39413452148438,425.1914978027344,350.30230712890625
2022-03-25,54.29778289794922,143.9093017578125,73.74081420898438,142.8654327392578,126.7409210205078,39.26714324951172,293.1377258300781,171.0303497314453,427.2678527832031,350.0101013183594
2022-03-28,54.64194488525391,144.3360595703125,71.67227172851562,140.36776733398438,125.80321502685548,39.10550308227539,299.9140319824219,171.89181518554688,430.30706787109375,355.4256286621094
2022-03-29,54.85373306274414,146.47850036621094,71.29145050048828,138.65480041503906,126.0800323486328,39.00673294067383,304.46051025390625,175.18084716796875,435.63031005859375,361.5423583984375
2022-03-30,54.89786148071289,146.27818298339844,72.51181030273438,139.63365173339844,125.50847625732422,38.61164093017578,302.9643249511719,174.0159912109375,432.94036865234375,357.5489807128906
2022-03-31,54.71255111694336,145.7730255126953,71.48185729980469,137.39755249023438,121.7398910522461,37.01329803466797,297.60699462890625,170.92269897460938,426.27685546875,353.1171875
2022-04-01,55.48028945922852,147.84580993652344,71.94060516357422,138.5704345703125,120.8379135131836,36.72595977783203,298.67852783203125,170.6290283203125,427.4849853515625,352.44512939453125
2022-04-04,55.189083099365234,147.462646484375,71.97521209716797,138.6969757080078,121.3737335205078,36.66310119628906,304.0357971191406,174.67184448242188,431.1470642089844,359.70147705078125
2022-04-05,55.1273078918457,147.61935424804688,71.60304260253906,137.84474182128906,119.96125793457033,36.04351806640625,300.0877990722656,171.36318969726562,425.7011413574219,351.7146911621094
2022-04-06,55.683250427246094,150.1363067626953,72.39927673339844,139.0682830810547,118.29686737060548,35.64842224121094,289.10284423828125,168.201416015625,421.4443664550781,344.0783996582031
2022-04-07,55.98329162597656,150.27566528320312,73.61100769042969,141.0006103515625,117.93700408935548,35.37005615234375,290.90789794921875,168.5048370361328,423.5680236816406,344.89654541015625
2022-04-08,56.32745742797852,150.78077697753906,75.16024780273438,143.3885955810547,120.09622192382812,35.62147903442383,286.6606750488281,166.49813842773438,422.4354248046875,340.0751037597656
2022-04-11,56.30979919433594,150.31922912597656,72.57240295410156,139.70114135742188,119.65536499023438,35.549644470214844,275.3572082519531,162.24981689453125,415.2150573730469,332.0298767089844
2022-04-12,56.971656799316406,150.92881774902344,74.08702087402344,142.61227416992188,118.34185791015624,35.17251205444336,272.2681884765625,164.1194305419922,413.6766052246094,330.6273803710937
2022-04-13,57.12167739868164,150.6675567626953,75.13427734375,144.8568115234375,114.52728271484376,34.85823440551758,277.6351928710937,166.8015899658203,418.4146728515625,337.34796142578125
2022-04-14,57.37758255004883,149.70953369140625,76.01709747314453,144.789306640625,113.4656753540039,33.73579788208008,270.1156921386719,161.7995147705078,413.2046813964844,329.6337890625
2022-04-18,56.86575698852539,148.420654296875,76.64025115966797,146.73008728027344,115.57089233398438,34.88517379760742,270.7816772460937,161.5841522216797,413.37451171875,329.8871154785156
2022-04-19,57.42171096801758,150.5804901123047,75.95651245117188,144.9918212890625,117.9639892578125,35.53168487548828,275.3957214355469,163.8649444580078,420.0474853515625,337.26031494140625
2022-04-20,58.20709609985352,152.8187255859375,76.12960052490234,145.58250427246094,118.37783813476562,35.612510681152344,276.41900634765625,163.6985321044922,419.7359924316406,332.3415222167969
2022-04-21,58.42770385742188,152.27001953125,75.3246841430664,138.87417602539062,117.46017456054688,34.93904495239258,271.0616455078125,162.9056396484375,413.4595031738281,325.465087890625
2022-04-22,57.58053970336914,149.92727661132812,73.68022918701172,135.8111572265625,114.08642578125,33.72682189941406,264.5170288085937,158.37339782714844,402.1145324707031,316.94244384765625
2022-04-25,58.18944549560547,151.31204223632812,71.19623565673828,132.8916015625,114.05046081542967,33.48436737060547,270.9747314453125,159.44041442871094,404.4458312988281,321.0138244628906
2022-04-26,57.404056549072266,150.92881774902344,71.22222900390625,132.08151245117188,110.67670440673828,32.7301025390625,260.8393249511719,153.4888153076172,392.7326965332031,308.897216796875
2022-04-27,57.854103088378906,152.2787322998047,73.25613403320312,131.83682250976562,109.23724365234376,32.550506591796875,273.38800048828125,153.26365661621094,393.8370056152344,308.5270690917969
2022-04-28,58.410064697265625,154.586669921875,75.4718246459961,136.5199737548828,110.96460723876952,33.0533561706543,279.5755310058594,160.18435668945312,403.7850646972656,319.4846496582031
2022-04-29,57.015769958496094,149.5440673828125,73.78409576416016,132.19964599609375,107.3839340209961,32.03867721557617,267.8858947753906,154.32081604003906,388.8630065917969,305.1083068847656
2022-05-02,55.98329162597656,146.10400390625,74.7880859375,134.798583984375,108.36457061767578,32.45173263549805,274.5946655273437,154.62429809570312,391.2036437988281,310.2023010253906
2022-05-03,55.66561126708984,146.3043212890625,76.32868194580078,137.11065673828125,110.68572235107422,33.340702056884766,271.9980163574219,156.1121826171875,392.9969482421875,310.53350830078125
2022-05-04,57.38639831542969,151.4165496826172,79.36656951904297,141.41407775878906,114.34734344482422,34.67864227294922,279.913330078125,162.51409912109375,404.9649658203125,321.0333557128906
2022-05-05,56.92752456665039,148.3944854736328,78.16354370117188,140.29180908203125,111.48639678955078,33.70885467529297,267.7218017578125,153.4594268798828,390.5713806152344,304.86480712890625
2022-05-06,57.13048553466797,148.41192626953125,79.3579330444336,144.02987670898438,111.30648040771484,33.62803649902344,265.1927795410156,154.18487548828125,388.2400207519531,301.2121887207031
2022-05-09,57.015769958496094,149.535400390625,73.10034942626953,134.376708984375,109.63311004638672,32.65826416015625,255.39508056640625,149.0675811767578,375.80963134765625,289.4266357421875
2022-05-10,56.48629760742188,149.35250854492188,73.58502960205078,135.66775512695312,106.96110534667967,32.11051940917969,260.1443176269531,151.46937561035156,376.6779479980469,292.9429016113281
2022-05-11,56.75103378295898,148.629638671875,75.11697387695312,137.67601013183594,106.2863540649414,31.939912796020508,251.5049591064453,143.6170196533203,370.6940002441406,284.2547912597656
2022-05-12,56.92752456665039,148.40318298339844,75.45796966552734,138.9839324951172,106.19637298583984,31.490938186645508,246.48550415039065,139.75453186035156,370.30706787109375,283.5826721191406
2022-05-13,57.995304107666016,151.2946014404297,77.69636535644531,141.6503143310547,107.14103698730467,31.58072280883789,252.05519104003903,144.21499633789062,379.1602478027344,294.0922546386719
2022-05-16,58.20709609985352,152.8187255859375,79.5237808227539,145.98748779296875,106.3943328857422,31.257469177246094,252.42205810546875,142.6759033203125,377.621826171875,290.6832275390625
2022-05-17,58.04825210571289,151.9390869140625,80.5380630493164,146.8481903076172,109.92098999023438,32.31704330444336,257.5573425292969,146.30311584472656,385.3896484375,298.2123107910156
2022-05-18,54.00658416748047,142.5245361328125,79.26148223876953,142.97727966308594,108.04068756103516,31.320322036743164,245.83084106445312,138.04879760742188,369.8539733886719,283.5729064941406
2022-05-19,52.94763946533203,140.3908233642578,79.6899185180664,141.9563751220703,106.43929290771484,30.9342098236084,244.92135620117188,134.64707946777344,367.5887145996094,282.05340576171875
2022-05-20,53.81243896484375,141.2704620361328,80.31947326660156,142.77310180664062,105.56661987304688,30.4044246673584,244.36019897460935,134.88235473632812,367.7492370605469,281.17681884765625
2022-05-23,55.471473693847656,144.2228546142578,82.09442138671875,146.0910186767578,112.0981903076172,32.20929718017578,252.1874542236328,140.29373168945312,374.6298828125,285.8521423339844
2022-05-24,56.49512100219727,146.15628051757812,82.54035949707031,146.8737030029297,113.6815948486328,32.01174545288086,251.19094848632807,137.5978240966797,371.7700500488281,279.7743225097656
2022-05-25,56.53924179077149,147.1577911376953,84.20166778564453,149.23031616210938,114.47330474853516,32.182342529296875,253.99679565429688,137.75466918945312,375.0545043945313,283.6897888183594
2022-05-26,56.742218017578125,148.150634765625,84.49893188476562,150.23419189453125,116.45254516601562,32.927635192871094,257.2670593261719,140.9505157470703,382.5486755371094,291.550048828125
2022-05-27,57.07755279541016,149.59632873535156,85.32958221435547,151.6719512939453,118.09893798828124,33.2419319152832,264.36871337890625,146.69522094726562,391.93988037109375,301.066162109375
2022-05-31,55.93034744262695,146.0952911376953,83.93933868408203,148.5922393798828,118.96261596679688,33.40355682373047,263.04327392578125,145.9109649658203,389.74066162109375,300.2674865722656
2022-06-01,55.65678405761719,144.99795532226562,85.54818725585938,150.00448608398438,116.87541961669922,32.927635192871094,263.57537841796875,145.78350830078125,386.58831787109375,298.0467224121094
2022-06-02,56.23920440673828,146.1730499267578,85.3995361328125,149.73223876953125,118.75569915771484,33.14439392089844,265.6652526855469,148.2343292236328,393.9503173828125,306.20880126953125
2022-06-03,55.56852722167969,144.56825256347656,86.6411361694336,151.09347534179688,117.10032653808594,32.683807373046875,261.2533874511719,142.51907348632812,387.4849853515625,298.2415771484375
2022-06-06,55.48028945922852,145.17330932617188,86.42254638671875,150.43836975097656,116.71346282958984,32.64767837524414,260.0245056152344,143.26409912109375,388.6647644042969,299.2349548339844
2022-06-07,55.81562042236328,146.06785583496094,90.3834457397461,153.30540466308594,117.01935577392578,32.828304290771484,263.6528015136719,145.78350830078125,392.3929443359375,301.816162109375
2022-06-08,55.49793243408203,145.3399200439453,91.45015716552734,154.0966033935547,115.15704345703124,32.412872314453125,261.63067626953125,145.04824829101562,388.1268005371094,299.6441650390625
2022-06-09,54.53605651855469,142.75291442871094,89.47410583496094,151.025390625,112.73694610595705,31.16656875610352,256.1930236816406,139.83294677734375,378.8960266113281,291.61822509765625
2022-06-10,54.19189453125,142.52488708496094,87.83902740478516,149.22177124023438,107.55489349365234,29.956392288208008,244.77621459960935,134.431396484375,367.90966796875,281.3327941894531
2022-06-13,54.13013458251953,140.08689880371094,83.80818176269531,142.35621643066406,104.35206604003906,28.91780662536621,234.3945770263672,129.28472900390625,353.9407958984375,268.25177001953125
2022-06-14,52.6457633972168,136.9123077392578,84.02676391601562,142.54339599609375,102.61570739746094,28.41206169128418,236.55218505859372,130.1473846435547,352.87420654296875,268.7388000488281
2022-06-15,53.03686141967773,138.37681579589844,82.96879577636719,139.74441528320312,103.8302764892578,28.94489860534668,243.58615112304688,132.7648468017578,357.90496826171875,275.4496765136719
2022-06-16,52.50355529785156,137.71031188964844,79.90850067138672,132.2748260498047,102.0489501953125,28.76427459716797,237.0166015625,127.50052642822266,346.0596923828125,264.3362731933594
2022-06-17,52.82353973388672,137.7366485595703,75.30059051513672,126.23450469970705,101.68907165527344,28.82749557495117,239.60958862304688,128.97100830078125,346.8057556152344,267.5505065917969
2022-06-21,53.95235443115234,140.93759155273438,79.9872055053711,131.51760864257812,104.2081298828125,29.66739273071289,245.5018615722656,133.19619750976562,355.5361328125,274.3006286621094
2022-06-22,54.352333068847656,142.09515380859375,76.82199096679688,125.80062103271484,103.62334442138672,29.441614151000977,244.91168212890625,132.6864471435547,354.8915710449219,273.9006042480469
2022-06-23,55.00117874145508,143.9104766845703,74.50491333007812,121.17251586914062,102.48976135253906,28.971996307373047,250.4556427001953,135.54896545410156,358.3703918457031,277.97979736328125
2022-06-24,56.03224563598633,145.69070434570312,75.98260498046875,123.1632843017578,105.54863739013672,29.179710388183597,259.0086975097656,138.8722686767578,369.764404296875,287.5043640136719
2022-06-27,55.91668701171875,145.88369750976562,77.8449935913086,125.5453872680664,104.70293426513672,29.2158317565918,256.28985595703125,138.8722686767578,368.3519592285156,285.3964538574219
2022-06-28,55.35671615600586,143.83154296875,80.00469970703125,127.56167602539062,104.19914245605467,29.13455390930176,248.1529083251953,134.73529052734375,360.825439453125,276.7013244628906
2022-06-29,55.7567024230957,146.2169189453125,77.04932403564453,125.04346466064452,103.7313003540039,28.773303985595703,251.8101959228516,136.4900665283203,360.5316162109375,276.9549865722656
2022-06-30,55.91668701171875,146.155517578125,74.88088989257812,123.17180633544922,101.31120300292967,28.114032745361328,248.49154663085935,134.02947998046875,357.60260009765625,273.5199279785156
2022-07-01,57.22328186035156,148.54966735839844,76.55094146728516,124.6435775756836,102.6067123413086,28.502376556396484,251.1522521972656,136.1959991455078,361.38470458984375,275.3253479003906
2022-07-05,56.24555969238281,148.21641540527344,74.15515899658203,121.36820220947266,102.21644592285156,28.21337509155273,254.3160858154297,138.7742462158203,362.0672302246094,280.0388488769531
2022-07-06,56.361106872558594,149.69845581054688,72.8173828125,119.76878356933594,101.55388641357422,27.978565216064453,257.5669860839844,140.10745239257812,363.2900390625,281.8345031738281
2022-07-07,55.91668701171875,149.4003143310547,75.1432113647461,122.0998764038086,104.12245178222656,28.773303985595703,259.6858825683594,143.469970703125,368.731201171875,287.8653564453125
2022-07-08,56.1211166381836,150.73333740234375,75.26561737060547,121.46179962158205,103.7957000732422,28.710092544555664,258.9698791503906,144.1463623046875,368.4278259277344,288.2265014648437
2022-07-11,55.94335174560547,149.49681091308594,74.88088989257812,120.38983154296876,102.43428802490234,28.41206169128418,255.92221069335935,142.01905822753906,364.2190551757813,282.0686950683594
2022-07-12,55.70336151123047,148.6461181640625,73.88411712646484,118.1863784790039,102.53412628173828,28.32175064086914,245.43414306640625,142.98965454101562,360.9961853027344,279.3362121582031
2022-07-13,55.44560623168945,149.17230224609375,74.18138122558594,117.39518737792967,101.57203674316406,27.852127075195312,244.51499938964844,142.62689208984375,359.1003112792969,278.76043701171875
2022-07-14,55.26783752441406,149.9440460205078,72.6949691772461,115.65113830566406,98.0232391357422,27.210918426513672,245.83084106445312,145.54823303222656,358.2281494140625,279.755859375
2022-07-15,55.5522689819336,150.06680297851562,73.91908264160156,117.10594177246094,102.5159683227539,29.12552833557129,248.3850860595703,147.21475219726562,365.0721435546875,284.83038330078125
2022-07-18,54.79674911499024,147.55870056152344,75.2831039428711,118.74789428710938,101.46312713623048,29.13455390930176,245.99530029296875,144.17581176757812,362.0578308105469,282.4200134277344
2022-07-19,55.57893371582031,149.13722229003906,77.18045806884766,123.02716064453124,103.97723388671876,30.118955612182617,251.1038818359375,148.0284423828125,371.84027099609375,291.1053771972656
2022-07-20,54.663421630859375,147.55870056152344,78.02861785888672,124.65208435058594,103.9590835571289,30.12798309326172,253.7549285888672,150.02828979492188,374.2100830078125,295.72125244140625
2022-07-21,54.53899383544922,147.77793884277344,76.72581481933594,123.69923400878906,104.6670379638672,30.389892578125,256.2414855957031,152.29286193847656,378.0206604003906,299.9664001464844
2022-07-22,54.74342346191406,148.74261474609375,76.13997650146484,122.66985321044922,104.15876770019533,30.19120216369629,251.90689086914065,151.0576171875,374.5133972167969,294.7063293457031
2022-07-25,55.27672958374024,148.9530792236328,78.6756591796875,126.319580078125,104.57625579833984,30.462139129638672,250.4265899658203,149.94009399414062,374.9684448242188,293.02783203125
2022-07-26,56.18334197998047,150.68946838378906,78.36961364746094,125.33271026611328,102.94254302978516,29.848018646240234,243.7215881347656,148.61663818359375,370.5321960449219,287.2701416015625
2022-07-27,56.00556564331055,150.47897338867188,80.06590270996094,126.98314666748048,104.59440612792967,30.33570098876953,260.0148620605469,153.7045135498047,380.1535034179688,299.4100036621094
2022-07-28,56.938846588134766,153.32911682128906,81.00147247314453,127.94450378417967,104.20413208007812,30.09185791015625,267.43585205078125,154.25352478027344,384.9215698242188,302.3377380371094
2022-07-29,57.036617279052734,153.43438720703125,84.75251007080078,139.33607482910156,104.70333099365234,30.53438949584961,271.6252746582031,159.31198120117188,390.5332946777344,307.8514404296875
2022-08-01,57.34770202636719,155.17955017089844,82.61031341552734,136.55409240722656,103.6595687866211,30.444074630737305,268.98388671875,158.3316192626953,389.3767700195313,307.6660461425781
2022-08-02,56.56554412841797,153.89918518066406,82.25181579589844,135.38858032226562,102.04400634765624,29.8389835357666,265.8974304199219,156.8611602783203,386.8079833984375,306.7487487792969
2022-08-03,56.814414978027344,155.07427978515625,79.58499145507812,132.17274475097656,103.114990234375,30.3808536529541,273.2990417480469,162.86068725585938,392.8651428222656,315.102294921875
2022-08-04,56.59220886230469,154.232421875,76.23617553710938,128.58255004882812,101.98046875,30.16411018371582,274.4407958984375,162.54701232910156,392.5997314453125,316.5758361816406
2022-08-05,56.33443832397461,153.07481384277344,77.33785247802734,130.70944213867188,105.06637573242188,30.669849395751957,273.7248229980469,162.3212127685547,391.9361572265625,313.9897155761719
2022-08-08,55.970008850097656,152.46095275878906,77.7750473022461,130.51376342773438,103.78662872314452,30.245391845703125,271.21893310546875,161.8499755859375,391.4811706542969,312.974853515625
2022-08-09,56.0411262512207,153.0309600830078,79.20899963378906,132.2152557373047,104.72147369384766,30.633724212646484,273.1344909667969,161.8990936279297,389.9266662597656,309.4324035644531
2022-08-10,56.57442855834961,154.29379272460938,79.96096801757812,132.56410217285156,107.45342254638672,31.67230987548828,279.7718811035156,166.13995361328125,398.1165771484375,318.06890869140625
2022-08-11,56.192230224609375,153.5045166015625,82.27408599853516,135.79693603515625,109.0417709350586,32.43093490600586,277.7013854980469,165.40371704101562,398.1165771484375,316.2635498046875
2022-08-12,56.618873596191406,155.51280212402344,82.98919677734375,135.99261474609375,110.84793090820312,32.78315353393555,282.4326477050781,168.9475555419922,404.8563232421875,322.4213562011719
2022-08-15,57.32994079589844,157.2228546142578,81.5059814453125,133.4063262939453,111.14745330810548,32.73799133300781,283.94195556640625,170.01760864257812,406.524658203125,325.0269470214844
2022-08-16,57.80100631713867,158.13494873046875,80.7467269897461,133.0660400390625,112.20935821533205,33.0902099609375,283.2066650390625,169.8605499267578,407.3209228515625,324.26580810546875
2022-08-17,57.66768646240234,158.04722595214844,81.40003204345703,134.16346740722656,111.2654266357422,32.88249588012695,282.4599914550781,171.35269165039062,404.4297180175781,320.5672302246094
2022-08-18,57.96990966796875,158.20506286621094,83.32467651367188,136.5157470703125,110.40320587158205,32.765079498291016,281.34503173828125,170.9600372314453,405.6052551269531,321.338134765625
2022-08-19,57.92544937133789,158.00335693359375,83.05982971191406,135.37396240234375,107.67127227783205,32.0425910949707,277.4472961425781,168.37820434570312,400.1546630859375,315.0729064941406
2022-08-22,57.06328201293945,156.49497985839844,82.99800872802734,134.69577026367188,105.892333984375,31.356224060058597,269.3027648925781,164.50054931640625,391.8224487304688,306.7780456542969
2022-08-23,57.12550354003906,156.4248046875,86.52064514160156,139.06544494628906,104.84854888916016,31.076255798339844,268.0326232910156,164.16677856445312,390.87451171875,306.5242919921875
2022-08-24,57.20549011230469,157.20533752441406,87.03269958496094,140.09559631347656,105.10267639160156,31.175600051879883,267.40240478515625,164.46128845214844,392.1257629394531,307.4123229980469
2022-08-25,57.48103713989258,157.21409606933594,87.48297119140625,141.32321166992188,107.59866333007812,31.73553466796875,270.36932373046875,166.91549682617188,397.6616516113281,312.8479309082031
2022-08-26,56.09445571899414,153.5045166015625,86.40586853027344,140.28448486328125,104.07706451416016,30.733074188232425,259.9365539550781,160.62289428710938,384.201171875,300.0249328613281
2022-08-29,55.7567024230957,153.02218627929688,88.39232635498047,141.3318328857422,103.82293701171876,30.615673065185547,257.1635437011719,158.42393493652344,381.6607666015625,297.0679931640625
2022-08-30,55.24116897583008,151.70675659179688,85.02861022949219,137.88931274414062,103.84110260009766,30.787260055541992,254.9722595214844,155.99917602539062,377.470947265625,293.759765625
2022-08-31,54.85007858276367,151.0753173828125,84.3929443359375,135.6915740966797,103.22391510009766,30.35376739501953,253.51791381835935,154.34011840820312,374.5987548828125,292.0519104003906
2022-09-01,55.10784530639648,152.60267639160156,82.87442779541016,133.5281982421875,103.93185424804688,30.426488876342773,252.48043823242188,155.06661987304688,375.7742614746094,292.1788024902344
2022-09-02,54.352333068847656,150.669189453125,84.3929443359375,135.51129150390625,103.20574951171876,30.390121459960938,248.2724151611328,152.95594787597656,371.8118286132813,288.0508728027344
2022-09-06,54.37900161743164,149.65390014648438,83.82792663574219,134.88462829589844,103.23297882080078,30.053773880004883,245.5478515625,151.6994171142578,370.4089965820313,285.98199462890625
2022-09-07,55.383392333984375,152.95582580566406,83.11279296875,133.15907287597656,105.1934585571289,30.517391204833984,250.2406463623047,153.10324096679688,377.0633544921875,291.7591552734375
2022-09-08,55.214500427246094,152.44374084472656,83.79261016845703,133.88018798828125,107.64404296875,31.499195098876957,250.65757751464844,151.6306610107422,379.5279235839844,293.27178955078125
2022-09-09,55.39228057861328,152.92933654785156,85.19635009765625,137.33128356933594,108.16136169433594,31.7628116607666,256.4169006347656,154.48741149902344,385.4239501953125,299.683349609375
2022-09-12,55.5522689819336,153.52969360351562,86.17633056640625,139.5032501220703,109.44112396240234,32.06281280517578,258.54034423828125,160.4364013671875,389.56634521484375,303.2453308105469
2022-09-13,53.747928619384766,147.79989624023438,84.16340637207031,136.85055541992188,105.63817596435548,30.90829086303711,244.3262176513672,151.02203369140625,372.6270751953125,286.6163024902344
2022-09-14,54.032352447509766,148.921142578125,86.22929382324219,140.16427612304688,105.39312744140624,30.790111541748047,244.5491943359375,152.46511840820312,374.0489501953125,288.89013671875
2022-09-15,53.29819488525391,146.4491424560547,83.72197723388672,137.88931274414062,106.98147583007812,31.371923446655277,237.91720581054688,149.57896423339844,369.80224609375,284.0790405273437
2022-09-16,53.3071517944336,147.4114532470703,82.2917251586914,134.3094482421875,106.26443481445312,31.017383575439453,237.29669189453125,147.93959045410156,366.9811096191406,282.3419494628906
2022-09-19,53.71004867553711,148.96527099609375,82.28291320800781,134.69577026367188,107.24468231201172,31.535547256469727,237.08338928222656,151.6503143310547,369.8269653320313,284.5406188964844
2022-09-20,53.62947082519531,149.1330108642578,81.6119384765625,134.16346740722656,105.12992095947266,31.062833786010746,235.0763397216797,154.0260009765625,365.5819396972656,282.2725524902344
2022-09-21,53.18180465698242,148.70928955078125,80.29644775390625,133.0731964111328,102.09844207763672,30.135587692260746,231.6827545166016,150.90423583984375,359.20477294921875,277.2181396484375
2022-09-22,53.05646133422852,148.85049438476562,79.96098327636719,132.97021484375,100.93669128417967,29.544692993164062,233.65103149414065,149.9422149658203,356.1875,273.8062438964844
2022-09-23,52.46554565429688,148.7798614501953,75.70555877685547,124.2823715209961,99.05791473388672,28.844709396362305,230.68411254882807,147.6745147705078,350.2196655273437,269.34814453125
2022-09-26,51.811973571777344,148.7180633544922,74.14289855957031,121.01155853271484,96.9250030517578,28.208364486694336,230.2283935546875,148.00828552246094,346.7550354003906,268.2337341308594
2022-09-27,50.47795104980469,146.5638885498047,75.69672393798828,121.06307220458984,96.07183837890624,27.790193557739254,229.22003173828125,148.98016357421875,345.8699035644531,268.3412170410156
2022-09-28,51.01513671875,148.91232299804688,78.45125579833984,125.1494369506836,98.01415252685548,28.244726181030277,233.7383270263672,147.09532165527344,352.67535400390625,273.6790771484375
2022-09-29,50.64805603027344,147.09361267089844,78.29235076904297,124.2823715209961,96.35321807861328,27.87200927734375,230.2769012451172,139.8701171875,345.30828857421875,265.78961181640625
2022-09-30,50.15563583374024,144.13604736328125,77.08283233642578,123.33804321289062,94.8465576171875,27.45383644104004,225.81678771972656,135.6685028076172,339.9685974121094,261.2826843261719
2022-10-03,50.71968460083008,145.89291381835938,81.15283966064453,130.25741577148438,97.77818298339844,28.26290702819824,233.41835021972656,139.84066772460938,348.9442443847656,267.41241455078125
2022-10-04,50.83607482910156,147.53504943847656,84.11042022705078,135.32244873046875,102.35260009765624,29.43560791015625,241.310791015625,143.42379760742188,359.7568054199219,275.8201599121094
2022-10-05,50.35260009765625,146.55508422851562,87.50944519042969,136.09506225585938,101.0888671875,29.017433166503903,241.62106323242188,143.7183074951172,358.9192199707031,275.6734619140625
2022-10-06,49.26927185058594,143.7299041748047,90.10506439208984,138.57611083984375,99.02845001220705,28.599262237548828,239.2843170166016,142.7660675048828,355.2167358398437,273.5032043457031
2022-10-07,48.803707122802734,142.67933654785156,89.19572448730469,137.3828125,97.0504379272461,27.95382499694824,227.11602783203125,137.52394104003906,345.30828857421875,263.0814819335937
2022-10-10,48.69626235961914,142.86471557617188,87.26226806640625,134.90179443359375,96.14385986328124,27.87200927734375,222.27780151367188,137.84783935546875,342.6718139648437,260.45166015625
2022-10-11,48.7768440246582,143.5445098876953,86.52064514160156,134.9275360107422,93.36917114257812,27.062936782836918,218.5545959472656,136.43423461914062,340.50164794921875,256.8736267089844
2022-10-12,49.36774826049805,149.54798889160156,86.9002685546875,135.3310089111328,94.88013458251952,27.144756317138672,218.88421630859372,135.80596923828125,339.37847900390625,256.7855834960937
2022-10-13,50.02133560180664,154.15652465820312,89.93733215332031,141.8898162841797,100.15481567382812,28.808347702026367,227.11602783203125,140.3708038330078,348.33502197265625,262.8078308105469
2022-10-14,49.22450256347656,150.2542724609375,87.57125854492188,137.47720336914062,101.82147979736328,28.81743812561035,221.6087646484375,135.84523010253906,340.3969116210937,254.90841674804688
2022-10-17,49.86018371582031,152.49673461914062,88.83374786376953,138.48167419433594,106.09797668457033,30.56285095214844,230.3059844970703,139.80145263671875,349.1441650390625,263.3259582519531
2022-10-18,50.53166580200195,154.55381774902344,88.99267578125,139.692138671875,108.82688903808594,31.708276748657227,231.2464599609375,141.1168975830078,353.2464599609375,265.4083251953125
2022-10-19,50.10190963745117,153.0529327392578,91.63243865966795,144.22491455078125,106.69322204589844,30.8355655670166,229.28787231445312,141.224853515625,350.7431030273437,264.44049072265625
2022-10-20,49.31402969360352,151.37551879882812,91.75603485107422,145.04904174804688,106.34523010253906,30.63557243347168,228.96795654296875,140.76345825195312,347.80206298828125,263.0913391113281
2022-10-21,50.10190963745117,152.7880859375,93.45994567871094,148.6804656982422,111.93126678466795,31.77190589904785,234.75637817382807,144.57237243652344,356.254150390625,269.2602233886719
2022-10-24,51.54336929321289,156.8668975830078,94.11327362060548,148.62892150878906,112.0686264038086,31.88100242614746,239.7303466796875,146.7124786376953,360.6134948730469,272.22247314453125
2022-10-25,52.77891159057617,157.3878173828125,93.47760772705078,150.17416381835938,112.36165618896484,32.171897888183594,243.03665161132807,149.54949951171875,366.3719787597656,277.8536376953125
2022-10-26,53.172847747802734,158.09410095214844,94.59001922607422,152.0284881591797,113.65286254882812,32.45370864868164,224.28485107421875,146.61428833007812,363.6116943359375,271.7141418457031
2022-10-27,53.29819488525391,157.9263458251953,94.95199584960938,152.7238311767578,114.10155487060548,32.608245849609375,219.85382080078125,142.14759826660156,361.66998291015625,266.7672119140625
2022-10-28,54.39943313598633,160.88392639160156,97.7330093383789,154.509521484375,115.4568862915039,32.89006042480469,228.69647216796875,152.88723754882812,370.2743835449219,274.9304504394531
2022-10-31,53.58469772338867,160.31007385253906,97.83013153076172,155.29933166503906,115.27371215820312,32.76279067993164,225.07020568847656,150.5312042236328,367.5997314453125,271.7336120605469
2022-11-01,53.39667892456055,159.58609008789062,98.8012924194336,156.43251037597656,117.35244750976562,32.90823745727539,221.23065185546875,147.89048767089844,365.99114990234375,268.9571228027344
2022-11-02,52.65357208251953,157.36129760742188,96.77069854736328,153.23895263671875,116.27188873291016,32.808231353759766,213.4060821533203,142.3734130859375,356.80621337890625,259.7380065917969
2022-11-03,52.62670516967773,156.9552001953125,98.08616638183594,155.4967498779297,116.48250579833984,32.62642288208008,207.7339782714844,136.3360595703125,353.1322326660156,254.66412353515625
2022-11-04,53.05646133422852,157.83807373046875,99.15443420410156,157.46267700195312,119.6692886352539,33.44458770751953,214.6568145751953,136.070556640625,358.2148742675781,258.7604675292969
2022-11-07,53.26238632202149,159.10052490234375,100.32864379882812,159.34275817871094,120.30116271972656,33.64458465576172,220.9397735595703,136.60159301757812,361.6414184570313,261.60528564453125
2022-11-08,53.36086654663086,159.54197692871094,100.6464614868164,159.11094665527344,120.37442779541016,33.73549270629883,221.90933227539065,137.17190551757812,363.5926513671875,263.51171875
2022-11-09,52.61775588989258,157.63497924804688,96.14385986328124,152.7496337890625,118.80851745605467,33.19913482666016,217.6819305419922,132.61917114257812,356.1018371582031,257.4308166503906
2022-11-10,54.506866455078125,160.41598510742188,97.55644989013672,155.64271545410156,123.69855499267578,34.66274642944336,235.59019470214844,144.4188995361328,375.6711120605469,276.4262390136719
2022-11-11,54.90081405639648,157.1935577392578,100.60233306884766,160.07247924804688,123.90005493164062,34.91728210449219,239.59461975097656,147.20166015625,379.3070983886719,281.519775390625
2022-11-14,54.3725700378418,156.0281982421875,100.89602661132812,160.14974975585938,122.6271514892578,34.326385498046875,234.2037353515625,145.80538940429688,376.0804138183594,279.0560302734375
2022-11-15,54.28304672241211,156.43429565429688,101.57238006591795,161.4374542236328,121.73888397216795,34.2718391418457,234.6109313964844,147.53602600097656,379.2879943847656,282.91778564453125
2022-11-16,54.18456268310547,157.4407501220703,100.48662567138672,158.81048583984375,121.9036865234375,33.9627685546875,235.0387420654297,146.30685424804688,376.39453125,279.0560302734375
2022-11-17,54.35467147827149,158.94163513183594,100.6201171875,159.2603759765625,121.37257385253906,33.79004669189453,234.9901123046875,148.2046356201172,375.2427978515625,278.4401550292969
2022-11-18,54.739654541015625,160.08934020996094,99.74796295166016,158.3087615966797,122.5630340576172,33.8082160949707,234.5428466796875,148.76512145996094,376.946533203125,278.45001220703125
2022-11-21,55.58125686645508,163.1705322265625,98.76009368896484,156.7947540283203,121.839599609375,33.91731262207031,235.3498992919922,145.53988647460938,375.5759582519531,275.5854797363281
2022-11-22,55.82298278808594,163.18817138671875,101.61688232421876,160.8175811767578,123.66192626953124,34.08094024658203,238.2473907470703,147.67364501953125,380.6300659179688,279.55474853515625
2022-11-23,56.07366943359375,163.40005493164062,101.10961151123048,159.39013671875,124.98060607910156,34.19002914428711,240.726806640625,148.548828125,383.0287170410156,282.3604736328125
2022-11-25,56.127384185791016,162.54371643066406,100.75360870361328,158.92295837402344,125.21871185302734,34.2718391418457,240.6392974853516,145.63819885253906,382.9429931640625,280.5030212402344
2022-11-28,56.13634490966797,162.34945678710938,97.72770690917967,154.30322265625,123.03005981445312,33.50822830200195,235.06790161132807,141.81312561035156,376.8323364257813,276.3871154785156
2022-11-29,55.93937683105469,161.2017364501953,98.37738800048828,156.6130828857422,125.05387115478516,33.635494232177734,233.6775054931641,138.8140411376953,376.18505859375,274.2950744628906
2022-11-30,57.3549919128418,163.77967834472656,99.0893783569336,158.5855712890625,126.5373764038086,34.4081916809082,248.0775604248047,145.5595245361328,388.03515625,286.7989196777344
2022-12-01,57.51729202270508,165.14779663085938,98.60880279541016,157.87615966796875,124.76082611083984,33.4206657409668,247.6400146484375,145.8348846435547,387.7496337890625,287.15093994140625
2022-12-02,58.02222442626953,164.9612274169922,97.772216796875,156.6130828857422,123.77180480957033,32.990909576416016,247.9608612060547,145.3431854248047,387.3023071289063,286.007080078125
2022-12-05,57.228763580322266,162.67811584472656,95.09341430664062,152.7459716796875,120.30116271972656,31.518754959106445,243.27426147460935,144.18292236328125,380.33502197265625,281.2069396972656
2022-12-06,57.20171356201172,161.35446166992188,92.4501953125,148.80967712402344,120.50261688232422,30.174610137939453,238.3349151611328,140.5249786376953,374.8526306152344,275.3802185058594
2022-12-07,57.2918815612793,161.84304809570312,92.24549865722656,149.25091552734375,120.4201889038086,29.936878204345703,237.60568237304688,138.58787536621094,374.2148742675781,274.25592041015625
2022-12-08,57.53532409667969,163.26441955566406,92.93077087402344,150.13331604003906,121.6839370727539,29.662559509277344,240.55181884765625,140.2693328857422,377.14642333984375,277.5016784667969
2022-12-09,56.93120956420898,162.66036987304688,92.14759826660156,145.34054565429688,121.02460479736328,29.60769844055176,238.6265869140625,139.78750610351562,374.3291015625,275.732177734375
2022-12-12,57.67959213256836,163.4332275390625,94.4170150756836,146.85447692871094,122.90187072753906,29.92772483825684,245.52032470703125,142.07862854003906,379.725830078125,279.1929016113281
2022-12-13,57.697635650634766,163.3444061279297,95.44939422607422,150.1246795654297,122.78282165527344,29.946022033691406,249.80828857421875,143.0422821044922,382.6003723144531,282.1943359375
2022-12-14,57.697635650634766,162.89134216308594,94.74633026123048,149.08651733398438,122.16928100585938,29.516254425048828,250.09999084472656,140.8199920654297,380.1541442871094,280.1021423339844
2022-12-15,56.90416717529297,160.12847900390625,93.83853912353516,147.97052001953125,119.13816833496094,29.049922943115234,242.11721801757807,134.22195434570312,370.85498046875,270.6973876953125
2022-12-16,56.57955551147461,160.20846557617188,93.17996978759766,145.96340942382812,118.39641571044922,28.985916137695312,237.9167938232422,132.26516723632812,366.4765625,268.1163330078125
2022-12-19,56.66070938110352,161.09683227539062,93.59825134277344,146.96697998046875,119.10153198242188,29.315093994140625,233.794189453125,130.160888671875,363.3689575195313,264.3483581542969
2022-12-20,56.615631103515625,160.99911499023438,94.95101165771484,149.38064575195312,119.67845916748048,29.43396377563477,235.1068115234375,130.09205627441406,363.86627197265625,264.1425476074219
2022-12-21,57.52631759643555,162.12734985351562,96.17027282714844,151.13685607910156,121.02460479736328,29.88201332092285,237.6640167236328,133.1894989013672,369.3069458007813,267.97430419921875
2022-12-22,57.11154556274414,160.874755859375,94.23013305664062,148.87025451660156,119.65097045898438,29.61684226989746,231.59674072265625,130.02322387695312,364.0383911132813,261.41827392578125
2022-12-23,57.544342041015625,161.9141082763672,96.7220458984375,153.4727020263672,120.2187271118164,29.68999481201172,232.12179565429688,129.65939331054688,366.1323852539063,262.0061340332031
2022-12-27,57.89599609375,162.63369750976562,98.06591033935548,155.4019012451172,120.6399917602539,29.744853973388672,230.4007873535156,127.85993957519533,364.6885681152344,258.3019104003906
2022-12-28,57.31893157958984,161.46109008789062,96.4550552368164,153.10934448242188,121.29930114746094,29.964305877685547,228.0380401611328,123.93651580810548,360.15625,254.89161682128903
2022-12-29,57.66155624389648,161.66537475585938,97.18484497070312,154.2686004638672,121.9952621459961,30.302629470825195,234.3386383056641,127.44696044921876,366.6391296386719,261.1046447753906
2022-12-30,57.3549919128418,160.49273681640625,98.1637954711914,155.2808074951172,122.80113983154295,30.284332275390625,233.1815948486328,127.7616195678711,365.6734008789063,260.94793701171875
2023-01-03,56.75989532470703,159.3822784423828,94.79080963134766,150.52261352539062,123.73521423339844,30.64094352722168,232.94825744628903,122.9827117919922,364.1340026855469,259.18389892578125
2023-01-04,56.73284912109375,158.9913787841797,95.0666961669922,148.92214965820312,124.88902282714844,31.21701431274414,222.7583923339844,124.25118255615234,366.9451293945313,260.4186706542969
2023-01-05,56.08364868164063,157.33016967773438,97.19373321533205,151.60400390625,124.86136627197266,31.152999877929688,216.1562957763672,122.93356323242188,362.7570495605469,256.34197998046875
2023-01-06,57.16564178466797,160.88363647460938,98.36849212646484,152.7459716796875,127.25064849853516,31.463890075683597,218.7037506103516,127.45677947998048,371.0758666992188,263.4173583984375
2023-01-09,56.45332336425781,159.31124877929688,96.53515625,151.5521240234375,126.72482299804688,30.98841094970703,220.83316040039065,127.97794342041016,370.865478515625,265.12255859375
2023-01-10,56.02053451538086,157.9964141845703,97.97691345214844,152.29612731933594,127.85952758789062,31.1987247467041,222.51528930664065,128.54823303222656,373.46624755859375,267.3666687011719
2023-01-11,55.91232299804688,158.174072265625,99.1160659790039,151.56942749023438,128.80966186523438,31.43645668029785,229.2437438964844,131.26219177246094,378.1898498535156,271.9921569824219
2023-01-12,55.19099426269531,156.15748596191406,100.76251983642578,153.1958465576172,128.6805419921875,31.518754959106445,231.9078826904297,131.18353271484375,379.5667724609375,273.4621276855469
2023-01-13,55.38935470581055,155.67779541015625,100.70022583007812,153.611083984375,131.927734375,32.21369171142578,232.60794067382807,132.510986328125,381.039306640625,275.3436584472656
2023-01-17,55.61477279663086,156.40625,100.50442504882812,156.14593505859375,129.8890380859375,31.564472198486328,233.69696044921875,133.6713104248047,380.34130859375,275.9023132324219
2023-01-18,53.92866516113281,152.46188354492188,98.43970489501952,153.32559204101562,125.98680877685548,30.83296775817871,229.2825927734375,132.9534912109375,374.3364868164063,272.3155822753906
2023-01-19,53.84750747680664,150.69403076171875,99.07157135009766,154.8568572998047,124.30785369873048,30.384923934936523,225.5100250244141,133.0124969482422,371.611328125,269.6402587890625
2023-01-20,54.17211532592773,150.91612243652344,100.87820434570312,156.50064086914062,124.6122589111328,30.951833724975582,233.57054138183597,135.56907653808594,378.53411865234375,277.0194396972656
2023-01-23,54.30735778808594,150.24093627929688,100.3531494140625,156.29298400878906,126.63256072998048,31.381601333618164,235.86520385742188,138.7550048828125,383.0759582519531,283.1737060546875
2023-01-24,54.595890045166016,151.63568115234375,101.28759765625,156.4400634765625,127.72112274169922,31.61019515991211,235.3401641845703,140.15130615234375,382.664794921875,282.59552001953125
2023-01-25,54.93852615356445,152.73727416992188,100.75360870361328,154.92611694335938,128.3391876220703,31.8845157623291,233.94973754882807,139.4925079345703,382.8082580566406,281.96832275390625
2023-01-26,54.830326080322266,151.21817016601562,104.80299377441406,162.4613494873047,129.13253784179688,32.31427001953125,241.1351776123047,141.55747985839844,387.0154113769531,287.46600341796875
2023-01-27,54.54179382324219,150.6851348876953,102.8895492553711,155.24618530273438,129.4462127685547,32.414852142333984,241.290771484375,143.49456787109375,387.9046630859375,290.3275451660156
2023-01-30,54.67703628540039,150.56076049804688,101.06510925292967,150.70431518554688,128.34841918945312,32.27769470214844,235.9916076660156,140.61351013183594,383.0377197265625,284.4574584960937
2023-01-31,55.290184020996094,151.92886352539062,103.24552917480467,150.54861450195312,129.11412048339844,32.442283630371094,240.95046997070312,141.88192749023438,388.6696472167969,288.7203063964844
2023-02-01,55.29920196533203,152.4085693359375,102.11527252197266,148.2473602294922,128.77279663085938,32.8446044921875,245.75369262695312,143.00291442871094,392.8003540039063,294.89422607421875
2023-02-02,54.35244369506836,150.99606323242188,98.92027282714844,146.21432495117188,128.17315673828125,33.03662872314453,257.27569580078125,148.30294799804688,398.5183715820313,305.4779357910156
2023-02-03,53.94669342041016,150.24093627929688,99.60555267333984,146.594970703125,130.15652465820312,33.31095123291016,251.1986846923828,151.9215545654297,394.2824096679688,300.0489196777344
2023-02-06,54.25325393676758,152.63958740234375,99.43646240234376,146.75933837890625,130.92222595214844,33.256080627441406,249.6624298095703,149.19776916503906,391.872802734375,297.5107116699219
2023-02-07,54.1630973815918,152.4085693359375,102.27544403076172,150.60914611816406,132.51817321777344,33.62184143066406,260.1537780761719,152.06906127929688,396.9979248046875,303.6747131347656
2023-02-08,53.84750747680664,152.05320739746094,101.38550567626952,147.07077026367188,131.58642578125,33.37495422363281,259.3466796875,149.3845977783203,392.6569213867188,298.2751159667969
2023-02-09,53.75734329223633,153.49240112304688,101.76818084716795,145.72122192382812,129.53842163085938,32.6617317199707,256.3227844238281,148.3521270751953,389.2529296875,295.6390075683594
2023-02-10,53.75734329223633,156.53060913085938,106.0578384399414,148.7750701904297,130.1103973388672,32.533721923828125,255.81723022460935,148.7165069580078,390.1612854003906,293.6986999511719
2023-02-13,54.6409797668457,157.92535400390625,105.64531707763672,147.94454956054688,131.52188110351562,32.59772491455078,263.8096618652344,151.51341247558594,394.7414245605469,298.4025573730469
2023-02-14,53.73029327392578,156.14862060546875,104.40770721435548,149.07789611816406,132.10302734375,32.5703010559082,264.6361694335937,150.87327575683594,394.5597839355469,300.607421875
2023-02-15,53.73029327392578,156.36183166503906,104.09380340576172,147.50689697265625,132.65652465820312,32.51543045043945,262.5209045410156,152.9709014892578,395.8409729003906,302.910400390625
2023-02-16,53.39667892456055,155.9176483154297,103.78887939453124,145.37733459472656,130.82998657226562,32.2594108581543,255.53195190429688,151.37551879882812,390.3907470703125,297.2265319824219
2023-02-17,54.20817565917969,156.60166931152344,99.79804229736328,142.13063049316406,131.2174072265625,32.32341384887695,251.5452117919922,150.233154296875,389.41546630859375,295.12939453125
2023-02-21,53.91964721679688,156.51283264160156,99.69939422607422,140.51600646972656,128.80966186523438,31.564472198486328,246.291259765625,146.2249298095703,381.6033935546875,288.14215087890625
2023-02-22,54.08194732666016,156.45953369140625,98.40797424316406,139.94871520996094,127.82259368896484,31.35417366027832,245.1605529785156,146.64842224121094,381.0775451660156,288.35772705078125
2023-02-23,54.18112182617188,156.6283416748047,99.31375122070312,141.3276824951172,128.84657287597656,31.326738357543945,248.33827209472656,147.1309814453125,383.1046447753906,290.87628173828125
2023-02-24,53.95570755004883,156.31739807128906,99.32273864746094,141.74661254882812,130.00892639160156,31.281015396118164,242.92832946777344,144.48184204101562,379.01214599609375,286.005859375
2023-02-27,53.93767929077149,156.2729949951172,99.14336395263672,142.10446166992188,131.1436309814453,31.281015396118164,243.8446502685547,145.67344665527344,380.3030090332031,288.0539855957031
2023-02-28,53.65815734863281,154.15867614746094,98.56939697265624,140.3152618408203,132.24142456054688,31.36330223083496,243.1233062744141,145.1712188720703,378.8974609375,287.6816101074219
2023-03-01,53.07207107543945,152.20425415039062,99.44827270507812,141.4324493408203,131.50341796875,31.21701431274414,240.0528259277344,143.10308837890625,377.4440612792969,285.3688049316406
2023-03-02,53.84750747680664,155.01260375976562,99.90565490722656,141.8775177001953,130.13812255859375,30.821277618408203,244.7706451416016,143.69398498535156,380.3795166015625,287.7305603027344
2023-03-03,53.59503936767578,154.86053466796875,101.1701889038086,143.97215270996094,132.52740478515625,31.437877655029297,248.8451232910156,148.73622131347656,386.4799499511719,293.6789855957031
2023-03-06,54.42457580566406,155.173583984375,102.0669937133789,145.02822875976562,131.7524871826172,31.37346649169922,250.38522338867188,151.4936981201172,386.7476806640625,294.01220703125
2023-03-07,54.10899353027344,154.4044189453125,100.093994140625,143.16049194335938,127.8779525756836,30.37032127380371,247.73390197753903,149.29757690429688,380.8193359375,290.40594482421875
2023-03-08,54.13603973388672,154.82476806640625,98.63217163085938,142.25283813476562,127.12150573730467,29.96537971496582,247.29525756835935,150.5482940673828,381.4408874511719,291.8563537597656
2023-03-09,53.61307907104492,153.6531219482422,97.86988067626952,140.08831787109375,120.23957061767578,28.106348037719727,245.9501190185547,148.30287170410156,374.40338134765625,286.7995910644531
2023-03-10,53.387657165527344,153.85882568359375,96.65916442871094,139.35520935058594,123.29307556152344,27.857866287231445,242.3142547607422,146.24464416503906,369.0008544921875,282.7718200683594
2023-03-13,53.92866516113281,155.36138916015625,95.54712677001952,138.51734924316406,121.07906341552734,26.238117218017575,247.5097198486328,148.1846923828125,368.4749755859375,284.8690490722656
2023-03-14,54.12702560424805,155.20040893554688,95.90586853027344,140.3065643310547,124.18791961669922,26.46819877624512,254.2062530517578,150.2725372314453,374.56591796875,291.4153137207031
2023-03-15,54.48769760131836,157.97296142578125,91.134765625,134.23208618164062,118.32076263427734,26.219711303710938,258.7388916015625,150.6664581298828,372.2232971191406,292.94403076171875
2023-03-16,54.78752517700195,157.86561584472656,90.60565185546876,134.65968322753906,120.6178207397461,26.66146278381348,269.2272033691406,153.48301696777344,378.75396728515625,300.6662292480469
2023-03-17,54.53312683105469,156.63140869140625,89.5384292602539,132.9578094482422,116.06063079833984,25.60310173034668,272.3756408691406,152.64590454101562,374.3254089355469,299.2452392578125
2023-03-20,55.06010055541992,158.83155822753906,91.8791275024414,134.91281127929688,117.2875747680664,25.53868103027344,265.35748291015625,155.00946044921875,377.9246826171875,300.3072509765625
2023-03-21,54.80569839477539,159.20718383789062,95.99553680419922,139.04100036621094,120.43331909179688,26.31174087524414,266.8682861328125,156.86090087890625,382.8870239257813,304.596435546875
2023-03-22,54.56037902832031,157.86561584472656,93.79832458496094,136.21324157714844,117.32447052001952,25.437442779541016,265.4159545898437,155.43295288085938,376.360107421875,300.4544677734375
2023-03-23,54.4422607421875,157.0964813232422,92.74007415771484,134.8604278564453,117.01081848144533,24.82083320617676,270.6504821777344,156.5162353515625,377.3776245117188,304.0173645019531
2023-03-24,55.33267593383789,160.17311096191406,92.84768676757812,136.2045440673828,115.23037719726562,24.97728729248047,273.4869384765625,157.81619262695312,379.85400390625,305.13623046875
2023-03-27,55.74153518676758,160.53085327148438,94.88347625732422,137.59219360351562,118.532958984375,26.219711303710938,269.4027099609375,155.87611389160156,380.5642700195313,303.045654296875
2023-03-28,55.805137634277344,160.47718811035156,96.0672836303711,139.19810485839844,118.89273834228516,25.879196166992188,268.2816772460937,155.2556610107422,379.7099914550781,301.4360046386719
2023-03-29,56.20491409301758,161.58621215820312,97.7174301147461,140.393798828125,119.13257598876952,26.385364532470703,273.4284362792969,158.3282928466797,385.2290954589844,306.93231201171875
2023-03-30,56.1958236694336,161.7293243408203,98.1927261352539,141.72914123535156,118.77279663085938,26.044851303100582,276.8790588378906,159.8941650390625,387.4846801757813,309.8376159667969
2023-03-31,56.35936737060547,163.0440673828125,98.3451919555664,142.40118408203125,120.21190643310548,26.32094383239746,281.0217590332031,162.3955535888672,392.9461364746094,314.99041748046875
2023-04-03,56.69555282592773,163.22291564941406,104.1476058959961,148.32730102539062,120.07353973388672,26.31174087524414,279.978759765625,163.6462860107422,394.4434509277344,314.2248840332031
2023-04-04,56.52292251586914,162.64161682128906,103.1521453857422,147.5330810546875,118.4683837890625,25.750349044799805,279.92999267578125,163.114501953125,392.2550354003906,313.1648864746094
2023-04-05,57.05898284912109,164.2425079345703,104.91887664794922,148.26617431640625,118.64502716064452,25.437442779541016,277.16180419921875,161.2728729248047,391.22802734375,310.0731506347656
2023-04-06,57.0953254699707,164.88645935058594,103.17906951904295,146.3199005126953,118.51485443115234,25.621505737304688,284.2384948730469,162.1592254638672,392.754150390625,312.1637268066406
2023-04-10,56.95903778076172,163.8489990234375,102.72168731689452,146.8784637451172,118.90535736083984,25.71353912353516,282.0842590332031,159.56912231445312,393.1571960449219,311.9869689941406
2023-04-11,56.85909652709961,163.59854125976562,103.44808959960938,147.69015502929688,119.49109649658205,26.422176361083984,275.6898498535156,158.35781860351562,393.2629089355469,309.9847717285156
2023-04-12,56.95903778076172,163.27658081054688,103.34049224853516,148.21385192871094,119.47248840332033,26.210508346557617,276.3332214355469,157.66845703125,391.6599426269531,307.2464294433594
2023-04-13,57.376991271972656,164.9043731689453,103.82476043701172,150.1949920654297,119.92808532714844,26.28413200378418,282.5229187011719,163.0455322265625,396.8622131347656,313.2629699707031
2023-04-14,57.28612518310547,164.12625122070312,104.0758819580078,150.50050354003906,128.98382568359375,27.167631149291992,278.91632080078125,162.70086669921875,395.8927612304688,312.6740417480469
2023-04-17,57.65864944458008,164.9669189453125,102.86517333984376,149.1738739013672,130.00656127929688,27.949899673461918,281.5091552734375,162.7205810546875,397.3133544921875,312.9390563964844
2023-04-18,57.749507904052734,165.3068389892578,104.87403869628906,148.82476806640625,131.4662322998047,28.124757766723636,281.0899963378906,163.9417266845703,397.5724487304688,312.9587097167969
2023-04-19,57.85853576660156,165.2084197998047,104.54222869873048,148.96441650390625,131.29885864257812,27.66460227966309,281.16796875,165.08412170410156,397.5053405761719,312.8114929199219
2023-04-20,58.112937927246094,165.75399780273438,103.70819091796876,148.24002075195312,130.91769409179688,27.51735115051269,278.8870849609375,164.11898803710938,395.3360900878906,310.4264831542969
2023-04-21,58.19472122192383,165.8255615234375,104.0399932861328,147.60287475585938,130.66664123535156,27.489744186401367,278.54595947265625,162.5137481689453,395.643310546875,310.75030517578125
2023-04-24,58.10384750366211,165.9060516357422,106.00403594970705,149.66262817382812,130.8433074951172,27.388507843017575,274.6566467285156,162.8190460205078,396.0559692382813,310.1026306152344
2023-04-25,58.01299285888672,169.67137145996094,104.49738311767578,147.48941040039062,127.99827575683594,26.54181861877441,268.46697998046875,161.28274536132812,389.7690124511719,304.2528076171875
2023-04-26,57.74041366577149,168.62490844726562,103.53778839111328,144.86239624023438,125.72969818115234,26.173696517944336,287.913330078125,161.2728729248047,388.1181335449219,306.0980834960937
2023-04-27,57.85853576660156,169.6534423828125,104.775390625,145.708984375,127.42183685302734,26.587833404541016,297.1344909667969,165.85227966308594,395.8448486328125,314.421142578125
2023-04-28,58.28557586669922,170.72671508789062,106.1295928955078,147.13160705566406,128.52822875976562,26.94675636291504,299.50311279296875,167.1029510498047,399.2234191894531,316.5902099609375
2023-05-01,58.4218635559082,171.43324279785156,102.8382568359375,145.96209716796875,131.28028869628906,26.725887298583984,297.8460388183594,167.0143280029297,398.8202819824219,316.22705078125
2023-05-02,58.15837097167969,171.94305419921875,98.7397918701172,139.6781463623047,129.16046142578125,25.91601181030273,297.6998291015625,165.9802703857422,394.337890625,313.4691162109375
2023-05-03,57.83128356933594,171.8804473876953,96.79370880126952,136.87655639648438,126.42699432373048,25.63991355895996,296.7153625488281,164.9068603515625,391.6311645507813,311.41778564453125
2023-05-04,57.89487457275391,172.9536895751953,95.09871673583984,136.3441619873047,124.69769287109376,24.83924102783203,297.6998291015625,163.2720489501953,388.8572082519531,310.3185119628906
2023-05-05,58.16744995117188,173.7496795654297,97.46630859375,139.82652282714844,127.13363647460938,25.50186920166016,302.8075866699219,170.93389892578125,396.0559692382813,316.9141540527344
2023-05-08,58.07659149169922,172.92684936523438,97.85194396972656,139.2766571044922,127.44041442871094,25.48346328735352,300.8580627441406,170.86495971679688,396.16156005859375,317.69927978515625
2023-05-09,57.59504318237305,173.63340759277344,97.8788604736328,138.8751983642578,126.8267822265625,25.455846786499023,299.2496643066406,169.16123962402344,394.42425537109375,315.687255859375
2023-05-10,57.69499206542969,173.7496795654297,96.62330627441406,137.10345458984375,126.89188385009766,25.1429443359375,304.4256286621094,170.92405700683594,396.2671508789063,319.1224670410156
2023-05-11,58.02207565307617,174.7066650390625,94.87451934814452,136.3441619873047,126.49208068847656,25.207368850708008,302.2811889648437,171.1111602783203,395.5760803222656,320.1628723144531
2023-05-12,58.24922561645508,175.40426635742188,94.86553192138672,136.6932373046875,124.6791000366211,24.931272506713867,301.16998291015625,170.18414306640625,395.0577392578125,319.0145263671875
2023-05-15,58.09476852416992,173.7496795654297,95.04644775390624,137.199462890625,125.72969818115234,25.44664764404297,301.6475524902344,169.6910858154297,396.4206848144531,320.7419128417969
2023-05-16,57.44058990478516,172.99839782714844,92.73971557617188,133.97894287109375,124.88363647460938,25.17975616455078,303.8699951171875,169.6910858154297,393.7715759277344,321.1050720214844
2023-05-17,57.376991271972656,171.7731170654297,94.8202896118164,135.8990478515625,128.72348022460938,26.2933349609375,306.74200439453125,170.30250549316406,398.5515747070313,324.9918212890625
2023-05-18,57.05898284912109,171.32594299316406,95.6796875,135.73158264160156,129.69972229003906,26.201305389404297,311.1576232910156,172.62986755371094,402.390869140625,331.02801513671875
2023-05-19,57.08624267578125,171.57635498046875,96.12294006347656,136.80682373046875,129.4021759033203,25.8699951171875,310.98175048828125,172.7383575439453,401.8053894042969,330.28204345703125
2023-05-22,55.886905670166016,166.92562866210938,94.95599365234376,134.3479461669922,128.33297729492188,26.081666946411133,313.75604248046875,171.79161071777344,401.9685668945313,331.39117431640625
2023-05-23,55.78696441650391,166.41583251953125,96.24958801269533,138.23452758789062,126.99415588378906,26.30254173278809,307.97296142578125,169.1881103515625,397.4573059082031,327.1903381347656
2023-05-24,55.31450653076172,165.36045837402344,97.32604217529295,138.6046600341797,125.8319854736328,25.86078643798828,306.5955810546875,169.46424865722656,394.5778503417969,325.5119934082031
2023-05-25,54.88747024536133,164.38560485839844,95.58019256591795,136.21630859375,126.13877868652344,25.92521095275879,318.38653564453125,170.59835815429688,397.9948425292969,333.4327087402344
2023-05-26,54.75118637084961,164.18885803222656,94.95599365234376,135.7932891845703,127.31957244873048,26.054052352905277,325.1954650878906,173.0045928955078,403.1490478515625,341.9520263671875
2023-05-30,54.315059661865234,162.42691040039062,94.11470794677734,134.94723510742188,127.80304718017578,26.008041381835938,323.55426025390625,174.84877014160156,403.30267333984375,343.5028076171875
2023-05-31,54.20603942871094,163.08876037597656,92.43215942382812,132.74391174316406,126.17598724365234,25.57549285888672,320.79949951171875,174.79945373535156,401.0663146972656,341.5495910644531
2023-06-01,54.51494598388672,164.0839385986328,93.49958801269533,134.1011505126953,127.91460418701172,25.77029800415039,324.8926086425781,177.6001739501953,404.8768615722656,345.4952087402344
2023-06-02,55.56891250610352,165.7681121826172,95.67063903808594,137.7145538330078,130.60157775878906,26.633018493652344,327.6474609375,178.4482879638672,410.7318115234375,348.0863037109375
2023-06-05,55.196388244628906,165.8851776123047,95.24546813964844,137.0535430908203,129.31851196289062,26.475318908691406,328.17498779296875,177.0972442626953,409.9447937011719,348.3316955566406
2023-06-06,54.79661178588867,163.5165557861328,96.02344512939452,137.30032348632812,129.5509796142578,27.11539649963379,325.9671630859375,176.73236083984375,410.83740234375,348.27276611328125
2023-06-07,54.71484375,162.21067810058594,98.17638397216795,140.86085510253906,130.80613708496094,27.347314834594727,315.9052124023437,175.361572265625,409.4168701171875,342.3642272949219
2023-06-08,54.85112380981445,164.00289916992188,97.86881256103516,140.3408966064453,130.8433074951172,27.11539649963379,317.7418212890625,178.07357788085938,411.8932495117188,346.61407470703125
2023-06-09,54.94198226928711,164.22805786132812,97.14512634277344,140.0059814453125,131.1036376953125,27.15250396728516,319.2364501953125,178.45816040039062,412.63226318359375,347.9390869140625
2023-06-12,54.70575714111328,163.82275390625,96.26766967773438,138.65757751464844,131.09434509277344,27.022634506225582,324.179443359375,181.2490081787109,416.3756713867188,353.8182373046875
2023-06-13,54.92381286621094,163.49855041503906,96.28575134277344,139.697509765625,132.04269409179688,27.27310562133789,326.56304931640625,180.7756805419922,419.1207885742188,356.5369873046875
2023-06-14,55.29634475708008,164.96656799316406,95.12787628173828,138.44602966308594,131.54991149902344,27.01335906982422,329.5425720214844,181.40684509277344,419.619873046875,359.12811279296875
2023-06-15,56.05619812011719,167.25413513183594,95.78822326660156,139.4947967529297,133.03749084472656,27.245271682739254,340.0539245605469,183.43832397460935,424.82220458984375,363.4074401855469
2023-06-16,56.459022521972656,167.5513458251953,95.10074615478516,138.59588623046875,133.195556640625,27.07829475402832,334.417236328125,182.3634185791016,423.3751831054688,361.12060546875
2023-06-20,56.08366012573242,166.8938751220703,92.92064666748048,135.44076538085938,132.516845703125,26.781442642211918,330.23614501953125,182.45216369628903,421.1785583496094,360.60357666015625
2023-06-21,56.239295959472656,167.00196838378906,93.9609375,136.4983673095703,132.32162475585938,26.50314712524414,325.8499755859375,181.41668701171875,419.02056884765625,355.6893310546875
2023-06-22,56.62380599975586,168.7311553955078,93.44532012939452,134.52418518066406,129.7740936279297,25.93727684020996,331.8578491210937,184.41465759277344,420.53314208984375,359.8861083984375
2023-06-23,56.02873229980469,167.57835388183594,92.63116455078124,133.3872833251953,129.09536743164062,25.742469787597656,327.27618408203125,184.09906005859372,417.3539123535156,356.3183898925781
2023-06-26,56.04704284667969,166.515625,94.3408660888672,135.73158264160156,129.41151428222656,26.0578727722168,321.004638671875,182.7085723876953,415.6487121582031,351.54180908203125
2023-06-27,55.92802810668945,167.7134552001953,94.57606506347656,135.30859375,129.42080688476562,26.197023391723636,326.8365783691406,185.46002197265625,420.2055358886719,357.58624267578125
2023-06-28,55.40620040893555,165.4438934326172,95.34497833251952,136.53358459472656,128.85365295410156,26.039321899414062,328.0870666503906,186.633544921875,420.4175109863281,358.2841186523437
2023-06-29,54.94844436645508,165.60601806640625,96.52095794677734,137.69692993164062,133.35362243652344,26.586639404296875,327.30548095703125,186.96885681152344,422.0745239257813,357.56658935546875
2023-06-30,55.13154602050781,166.8128204345703,97.01848602294922,138.67520141601562,135.22244262695312,26.614465713500977,332.66864013671875,191.28829956054688,427.0552978515625,363.0803527832031
2023-07-03,55.461124420166016,167.15504455566406,97.20845794677734,138.5518035888672,136.3102264404297,27.087574005126957,330.1775207519531,189.79917907714844,427.546630859375,363.9354248046875
2023-07-05,55.87309646606445,168.03765869140625,96.7109375,137.75863647460938,135.4021759033203,26.97625160217285,330.3338317871094,188.68478393554688,426.9107971191406,363.925537109375
2023-07-06,55.442813873291016,168.05569458007812,93.10157012939452,134.7357177734375,134.0634765625,26.234128952026367,333.3817138671875,189.15814208984372,423.56781005859375,361.1539611816406
2023-07-07,54.710411071777344,164.885498046875,93.31867980957033,135.91665649414062,135.12132263183594,26.46604347229004,329.42535400390625,188.04376220703125,422.4984130859375,359.9548645019531
2023-07-10,54.29843521118164,165.9842529296875,94.70272064208984,136.8244171142578,135.8795928955078,26.586639404296875,324.15997314453125,186.0023956298828,423.56781005859375,360.0728454589844
2023-07-11,54.490684509277344,165.69607543945312,95.860595703125,139.35382080078125,138.0045928955078,26.92059326171875,324.7851257324219,185.47972106933597,426.265380859375,361.8517761230469
2023-07-12,54.78364944458008,164.96656799316406,96.33098602294922,140.6934051513672,138.68798828125,27.23600006103516,329.40582275390625,187.1463623046875,429.6950378417969,366.4220581054688
2023-07-13,55.25056076049805,168.8932647705078,94.56700897216795,138.81619262695312,139.3619842529297,27.523569107055664,334.73956298828125,187.90570068359372,433.10540771484375,372.6433715820313
2023-07-14,55.75408554077149,169.50570678710938,91.31045532226562,135.35263061523438,140.2045135498047,27.004085540771484,337.2599792480469,188.05364990234372,432.8357238769531,372.5647277832031
2023-07-17,55.671688079833984,167.18209838867188,91.70848846435548,135.229248046875,143.58396911621094,27.27310562133789,337.7386779785156,191.3080291748047,434.3385620117188,376.0439453125
2023-07-18,55.45196533203125,166.1193389892578,91.2923583984375,135.50242614746094,143.8461151123047,28.47905731201172,351.1805725097656,191.05160522460935,437.5660705566406,379.1202697753906
2023-07-19,56.43155670166016,167.7494659423828,91.92559051513672,136.3308868408203,144.3983917236328,29.24901390075684,346.8724365234375,192.4026641845703,438.5390625,379.0318298339844
2023-07-20,57.11818313598633,170.4873809814453,93.54483795166016,137.8379364013672,146.17703247070312,29.39743423461914,338.8522644042969,190.4599151611328,435.6295166015625,370.2944030761719
2023-07-21,57.16394805908203,171.2618865966797,93.97903442382812,139.85617065429688,145.0537109375,29.66645622253418,335.8239440917969,189.286376953125,435.6295166015625,369.1837768554688
2023-07-24,57.18226623535156,171.94635009765625,95.45352935791016,142.61468505859375,147.90892028808594,30.28798484802246,337.1329650878906,190.0851593017578,437.57568359375,369.7735290527344
2023-07-25,56.99001693725586,172.34263610839844,95.59825897216795,143.26686096191406,146.80426025390625,29.82415771484375,342.8673400878906,190.9431304931641,438.770263671875,372.2796936035156
2023-07-26,57.722412109375,172.5587921142578,95.06453704833984,142.19161987304688,147.6842041015625,30.065349578857425,329.9626159667969,191.8109588623047,438.8377075195313,371.0413208007813
2023-07-27,57.16394805908203,169.79388427734375,95.36306762695312,140.7110137939453,146.0553436279297,29.63862991333008,323.0755310058594,190.54867553710935,435.92822265625,370.1567993164063
2023-07-28,57.20057678222656,171.39700317382812,94.2232666015625,140.01480102539062,146.8885040283203,29.59224319458008,330.5487365722656,193.12252807617188,440.1961364746094,376.8990173339844
2023-07-31,56.697052001953125,168.83023071289062,97.00944519042967,144.23629760742188,147.87147521972656,29.685009002685547,328.15545654296875,193.7339782714844,441.0342712402344,377.09564208984375
2023-08-01,56.550567626953125,168.25384521484375,96.44859313964844,143.03768920898438,147.14125061035156,29.332502365112305,328.5656433105469,192.90560913085935,439.772216796875,376.2209777832031
2023-08-02,56.72451019287109,169.59571838378906,95.24546813964844,140.77272033691406,145.4749298095703,28.933609008789062,319.9300231933594,189.91748046875,433.6545715332031,367.9650573730469
2023-08-03,56.43155670166016,168.52401733398438,96.9009017944336,140.71983337402344,146.3642578125,29.13769149780273,319.10943603515625,188.52700805664065,432.4118347167969,367.3753662109375
2023-08-04,55.58013916015625,166.25448608398438,97.1722640991211,140.40255737304688,146.0553436279297,29.0356502532959,320.2035217285156,179.4739227294922,430.45611572265625,365.6553955078125
2023-08-07,56.01957702636719,168.3168487548828,96.97325134277344,140.9137420654297,146.7480926513672,29.57369041442871,322.47967529296875,176.37730407714844,434.21337890625,368.7513427734375
2023-08-08,55.77239227294922,166.11038208007812,97.45269775390624,140.7022247314453,145.92428588867188,29.0078182220459,318.5135192871094,177.31417846679688,432.3251037597656,365.6161193847656
2023-08-09,55.90056228637695,165.69607543945312,99.1081085205078,140.8872833251953,143.9677734375,28.627485275268555,314.7818603515625,175.7264404296875,429.4349060058594,361.5962829589844
2023-08-10,55.77239227294922,165.48892211914062,99.61469268798828,141.74217224121094,143.75247192382812,28.701696395874023,315.46563720703125,175.50949096679688,429.5890808105469,362.26458740234375
2023-08-11,56.00126647949219,165.7501220703125,101.16156005859376,144.6681365966797,144.58560180664062,29.02637481689453,313.5900573730469,175.56874084472656,429.3385620117188,359.9548645019531
2023-08-14,55.73577499389648,165.37184143066406,101.24297332763672,144.56239318847656,144.88519287109375,28.692419052124023,316.54998779296875,177.2178955078125,431.70849609375,363.9944152832031
2023-08-15,55.36041641235352,163.32745361328125,98.64373779296876,140.3408966064453,141.19683837890625,27.774036407470703,314.42041015625,175.2329864501953,426.6796569824219,360.1318359375
2023-08-16,55.36957550048828,163.20135498046875,96.9838409423828,139.80328369140625,140.59768676757812,27.171062469482425,313.65679931640625,174.36398315429688,423.5486145019531,356.3183898925781
2023-08-17,55.488582611083984,160.7156219482422,98.86261749267578,142.14341735839844,139.13735961914062,27.161785125732425,310.2109375,171.82611083984375,420.3211975097656,352.4263916015625
2023-08-18,55.79986190795898,160.4724578857422,100.35832977294922,143.1666717529297,139.4556121826172,27.004085540771484,309.81939697265625,172.30996704101562,420.5235290527344,351.984130859375
2023-08-21,55.32379913330078,159.4547882080078,99.14533233642578,142.68618774414062,139.93304443359375,27.041189193725582,315.10565185546875,173.64312744140625,423.2594909667969,357.65509033203125
2023-08-22,54.98506164550781,158.23895263671875,98.58900451660156,141.5116729736328,137.03103637695312,26.382553100585938,315.67340087890625,175.01573181152344,422.113037109375,357.1439819335937
2023-08-23,55.17732620239258,160.41842651367188,97.72259521484376,141.69851684570312,137.9578094482422,26.39183235168457,320.117919921875,178.8571319580078,426.81451416015625,362.7756652832031
2023-08-24,55.03084182739258,159.5718536376953,96.99298095703124,140.5328826904297,137.82676696777344,26.54953384399414,313.23583984375,174.17636108398438,420.8992309570313,355.0210266113281
2023-08-25,55.28717803955078,161.58920288085938,98.7258071899414,141.5828399658203,137.65826416015625,26.43821144104004,316.1825561523437,176.37850952148438,423.8664855957031,357.77301025390625
2023-08-28,55.442813873291016,162.33673095703125,99.55574798583984,142.55270385742188,138.1356658935547,26.67940330505371,316.88739013671875,177.9387664794922,426.5543823242188,360.4660034179688
2023-08-29,55.38788604736328,162.9491729736328,100.14854431152344,142.33026123046875,139.259033203125,27.05974006652832,321.4982604980469,181.81967163085935,432.7201232910156,368.3385314941406
2023-08-30,55.36041641235352,163.0842742919922,101.12440490722656,142.52598571777344,138.6973419189453,26.93914794921875,321.8702392578125,185.3055877685547,434.50244140625,370.3926086425781
2023-08-31,54.77450180053711,161.36558532714844,101.4071273803711,143.34461975097656,136.98422241210938,26.81754875183105,320.8619384765625,185.52281188964844,433.8665771484375,371.5032348632813
2023-09-01,54.29843521118164,159.0075225830078,103.53211975097656,146.19192504882812,137.4429168701172,27.10751724243164,321.7430725097656,187.0929718017578,434.67578125,371.1101379394531
2023-09-05,53.8498420715332,157.95542907714844,103.54125213623048,148.11387634277344,135.92642211914062,26.7988395690918,326.5300598144531,187.3299560546875,432.7971496582031,371.5818786621094
2023-09-06,53.81321716308594,158.4723663330078,104.4350357055664,148.26512145996094,135.7017364501953,26.55563735961914,325.8741149902344,180.62478637695312,429.8877258300781,368.30908203125
2023-09-07,53.4012451171875,159.9870147705078,103.92430877685548,148.27403259277344,134.54095458984375,26.31243705749512,322.9667053222656,175.34164428710938,428.56787109375,365.6751098632813
2023-09-08,53.4012451171875,159.8690948486328,105.4382553100586,148.78121948242188,134.64389038085938,26.52758026123047,327.23486328125,175.95387268066406,429.2133483886719,366.1861267089844
2023-09-11,53.90476989746094,162.28160095214844,104.1158447265625,145.71142578125,135.23367309570312,26.63982391357422,330.8276672363281,177.11912536621094,432.0361633300781,370.5007934570313
2023-09-12,53.37377548217773,161.6830291748047,107.15283966064452,148.42530822753906,136.9935760498047,27.09816169738769,324.7875061035156,174.09735107421875,429.6661987304688,366.3924865722656
2023-09-13,53.501953125,162.9618377685547,106.19522857666016,147.8825225830078,137.05911254882812,27.013978958129883,328.9871826171875,172.03347778320312,430.1671752929688,367.7881164550781
2023-09-14,53.94487380981445,164.3675994873047,108.09221649169922,148.7989959716797,139.71771240234375,27.31330299377441,331.5716857910156,173.54437255859375,433.876220703125,370.7955932617188
2023-09-15,53.46503829956055,163.10694885253906,106.43234252929688,148.1494903564453,139.30587768554688,26.9765625,323.2701721191406,172.82347106933594,428.6487121582031,364.4464416503906
2023-09-18,53.79723358154297,162.68972778320312,107.2896499633789,148.79010009765625,139.5960235595703,26.9017333984375,322.1344909667969,175.74649047851562,428.9000549316406,364.8264770507813
2023-09-19,53.68650436401367,161.72836303710938,107.00692749023438,148.77230834960938,139.41819763183594,26.7988395690918,321.7331237792969,176.832763671875,428.0106201171875,364.04888916015625
2023-09-20,53.92641830444336,161.78277587890625,106.15875244140624,148.3185272216797,138.8284149169922,26.70530128479004,314.0189514160156,173.29750061035156,424.0757751464844,358.802734375
2023-09-21,53.0959358215332,159.06190490722656,104.6630401611328,146.98385620117188,137.74249267578125,26.23760414123535,312.8051147460937,171.75698852539062,417.0665588378906,352.2278137207031
2023-09-22,53.15129852294922,158.96214294433594,104.82720184326172,147.9536895751953,136.4225616455078,25.85409545898437,310.338134765625,172.60621643066406,416.1287231445313,352.27703857421875
2023-09-25,52.59763717651367,158.10960388183594,106.0037078857422,150.11590576171875,137.09657287597656,25.816686630249023,310.8570251464844,173.88011169433594,417.8786315917969,353.9502868652344
2023-09-26,52.1639404296875,156.468017578125,106.1678695678711,149.3061981201172,135.67364501953125,25.414464950561523,305.5706787109375,169.8115997314453,411.7394409179688,348.63525390625
2023-09-27,51.62873077392578,153.79251098632812,109.62439727783205,152.18910217285156,136.46937561035156,25.508007049560547,306.2069702148437,168.30068969726562,411.9037780761719,349.4522399902344
2023-09-28,51.499549865722656,153.72898864746094,108.9586410522461,151.7886962890625,138.16375732421875,25.77927017211914,307.0391540527344,168.5574493408203,414.2917785644531,352.37548828125
2023-09-29,51.65642166137695,153.67459106445312,107.23493194580078,150.03579711914062,135.7578887939453,25.61089515686035,309.1047058105469,169.0709686279297,413.2863159179688,352.63140869140625
2023-10-02,51.19503784179688,153.42971801757812,105.45648193359376,148.18505859375,134.58773803710938,24.97483253479004,315.02734375,171.5792236328125,413.1219482421875,355.5743408203125
2023-10-03,50.64137268066406,152.09646606445312,105.63890075683594,148.53207397460938,133.59542846679688,24.23587989807129,306.7943420410156,170.24609375,407.59185791015625,349.3341369628906
2023-10-04,50.78902053833008,153.19393920898438,101.68984985351562,145.07078552246094,134.19459533691406,24.263940811157227,312.2470703125,171.4903564453125,410.5598754882813,354.0881042480469
2023-10-05,48.3344612121582,145.20362854003906,99.40070343017578,145.8360137939453,134.7603759765625,24.37618827819824,312.638671875,172.7247314453125,410.4052429199219,353.0448303222656
2023-10-06,49.035762786865234,145.37596130371094,97.7408218383789,144.35006713867188,136.83506774902344,24.385541915893555,320.3724365234375,175.27252197265625,415.2779541015625,358.960205078125
2023-10-09,48.795841217041016,146.3463897705078,101.16089630126952,148.34523010253906,136.5238800048828,24.610034942626957,322.8785705566406,176.7537384033203,417.93658447265625,360.7909240722656
2023-10-10,49.85702896118164,149.10353088378906,100.73223876953124,148.18505859375,137.353759765625,25.26480484008789,321.4786682128906,176.16127014160156,420.1118774414063,362.78900146484375
2023-10-11,49.561744689941406,147.4891357421875,97.1206512451172,143.34461975097656,137.8252410888672,25.274158477783203,325.4238586425781,177.5536346435547,421.8328857421875,365.3775939941406
2023-10-12,48.73125457763672,143.37158203125,97.1024169921875,143.46029663085938,137.50462341308594,25.16191291809082,324.1903686523437,178.45225524902344,419.2611083984375,364.1078796386719
2023-10-13,48.80507278442383,145.11293029785156,100.20327758789062,145.97836303710938,139.56988525390625,25.03096008300781,320.8326110839844,176.6155242919922,417.1728210449219,359.53106689453125
2023-10-16,49.303367614746094,146.0924530029297,100.2762451171875,147.17066955566406,139.4284210205078,25.246097564697266,325.63922119140625,176.4871368408203,421.5620727539063,363.5960693359375
2023-10-17,49.8939323425293,145.44850158691406,101.58953857421876,149.11932373046875,139.1266632080078,25.83538818359375,325.0713806152344,174.93673706054688,421.542724609375,362.4050903320313
2023-10-18,49.8754768371582,146.9540557861328,103.01229095458984,150.30276489257812,137.59893798828125,25.545419692993164,323.1624450683594,173.64312744140625,415.9256286621094,357.651123046875
2023-10-19,50.15230178833008,145.62081909179688,103.07613372802734,150.4629364013672,137.0142364501953,25.21803474426269,324.346923828125,173.2678680419922,412.2711791992188,354.3046569824219
2023-10-20,50.35532379150391,145.11293029785156,101.30682373046876,148.44308471679688,134.80752563476562,24.610034942626957,319.794921875,170.7200927734375,407.2051086425781,349.0191345214844
2023-10-23,49.90316009521485,145.1854705810547,99.82022857666016,142.9709014892578,132.96859741210938,23.9178466796875,322.3890991210937,170.8385772705078,406.4993896484375,350.0722961425781
2023-10-24,51.34268569946289,147.09918212890625,98.8534927368164,139.38507080078125,133.12892150878906,23.824308395385746,323.5736389160156,171.27310180664062,409.5640869140625,353.4778747558594
2023-10-25,51.785606384277344,147.24429321289062,99.035888671875,138.69102478027344,132.4027862548828,23.89913749694824,333.5002136230469,168.9623260498047,403.68597412109375,344.826171875
2023-10-26,51.47186279296875,146.39173889160156,98.13299560546876,137.69447326660156,132.74224853515625,24.43231201171875,320.9892272949219,164.804931640625,398.85205078125,338.2513427734375
2023-10-27,50.973575592041016,144.7682647705078,96.26335906982422,128.44070434570312,127.96109008789062,23.54369163513184,322.8687744140625,166.11831665039062,397.0440979003906,339.87530517578125
2023-10-30,51.81329345703125,147.18075561523438,96.56432342529295,129.9889373779297,129.592529296875,24.03009414672852,330.2108764648437,168.1624298095703,401.7911071777344,343.7041320800781
2023-10-31,52.12702560424805,148.0877685546875,96.5369644165039,129.6685791015625,131.1391143798828,24.638092041015625,330.9940490722656,168.63645935058594,404.3144226074219,345.3479309082031
2023-11-01,52.08089065551758,149.52980041503906,96.3454360961914,128.11146545410156,131.0259552001953,24.6942195892334,338.7865295410156,171.79649353027344,408.6263427734375,351.34197998046875
2023-11-02,52.68069076538086,151.3074188232422,99.51013946533205,132.36463928222656,133.36468505859375,25.83538818359375,340.9892272949219,175.35153198242188,416.45745849609375,357.72003173828125
2023-11-03,52.357723236083984,151.27114868164062,98.29714965820312,131.34140014648438,134.85467529296875,26.58370018005371,345.3749084472656,174.4429931640625,420.2569274902344,361.9228820800781
2023-11-06,52.56995391845703,151.1895294189453,96.55520629882812,130.79864501953125,135.8731689453125,26.499515533447266,349.02642822265625,176.9907684326172,421.2237548828125,363.3992614746094
2023-11-07,52.76374053955078,151.6248779296875,95.041259765625,128.4940948486328,135.80715942382812,26.340499877929688,352.9422607421875,179.5483856201172,422.4225463867188,366.8343505859375
2023-11-08,52.68069076538086,151.81533813476562,93.87386322021484,126.70560455322266,136.47669982910156,26.08794593811035,355.5560607910156,180.60501098632807,422.73193359375,367.0704956054688
2023-11-09,52.28389358520508,150.69976806640625,93.9012451171875,126.29631805419922,136.0712127685547,25.75120735168457,353.09881591796875,180.13104248046875,419.4351196289063,364.2457275390625
2023-11-10,52.33926773071289,151.38906860351562,94.62173461914062,127.19499206542967,138.08929443359375,25.89151382446289,361.8899536132813,184.3136749267578,425.9803466796875,372.4347839355469
2023-11-13,52.53304672241211,152.1599884033203,95.6158218383789,128.12925720214844,137.4763641357422,25.91022109985352,358.9627685546875,182.73159790039065,425.57427978515625,371.2733154296875
2023-11-14,52.68991470336914,152.46835327148438,95.98397064208984,129.0635528564453,139.98483276367188,27.332012176513672,362.4772338867188,185.342041015625,433.830810546875,379.2655334472656
2023-11-15,52.79142379760742,151.6883544921875,95.40414428710938,129.51734924316406,141.21078491210938,27.706167221069336,362.62445068359375,185.90560913085935,434.7492370605469,379.5509948730469
2023-11-16,52.73605728149414,152.10556030273438,94.29973602294922,127.46737670898438,142.82339477539062,27.63133430480957,369.0005493164063,187.5866241455078,435.2809448242188,379.8757019042969
2023-11-17,52.83755874633789,151.24395751953125,96.60061645507812,129.88597106933594,144.11534118652344,28.042896270751957,362.8009643554688,187.56686401367188,435.8223876953125,379.9644165039063
2023-11-20,52.96674346923828,151.0262908935547,96.17725372314452,129.81402587890625,144.5585479736328,28.070964813232425,370.2462463378906,189.30714416503903,439.1771545410156,384.59033203125
2023-11-21,53.54808044433594,152.18719482421875,96.1404266357422,129.5083465576172,144.25682067871094,27.74357795715332,365.9595947265625,188.50621032714844,438.219970703125,382.3561401367188
2023-11-22,53.90796661376953,153.47506713867188,95.72628021240234,129.76910400390625,144.59628295898438,27.715517044067383,370.64849853515625,189.1687164306641,439.9118957519531,383.9211120605469
2023-11-24,54.046382904052734,153.61109924316406,96.2416763305664,130.2815704345703,144.7943572998047,27.80905532836914,370.2364807128906,187.84371948242188,440.1826171875,383.3796997070313
2023-11-27,53.94487380981445,152.65882873535156,95.68025207519533,129.7960662841797,144.4642791748047,27.650041580200195,371.39398193359375,187.66574096679688,439.3898010253906,383.0451354980469
2023-11-28,54.05560302734375,153.14857482910156,95.62505340576172,130.8300323486328,144.7943572998047,27.62198257446289,375.4060974121094,188.2689208984375,439.8249206542969,384.0490112304688
2023-11-29,53.732643127441406,151.6067352294922,94.18927764892578,129.3914337158203,145.52989196777344,28.35157966613769,371.6293640136719,187.25045776367188,439.5154724121094,383.6750183105469
2023-11-30,54.35581588745117,153.7954559326172,94.5574188232422,129.1127471923828,147.18968200683594,28.74757957458496,371.6882934570313,187.82394409179688,441.24609375,382.71038818359375
2023-12-01,54.54183578491211,154.16102600097656,94.78751373291016,130.2006378173828,147.9063720703125,29.190719604492188,367.3721618652344,189.0995178222656,443.8564147949219,383.802978515625
2023-12-04,54.47673034667969,154.57223510742188,94.27210998535156,130.25460815429688,148.99085998535156,29.0587215423584,362.1045227050781,187.3097686767578,441.5264892578125,380.2399291992188
2023-12-05,54.56044006347656,153.4755859375,92.44059753417967,128.44740295410156,148.9720001220703,28.83243560791016,365.4200439453125,191.25511169433597,441.439453125,381.1946411132813
2023-12-06,54.504642486572266,153.08261108398438,91.21653747558594,128.15069580078125,147.4065399169922,28.785295486450195,361.77093505859375,190.16741943359372,439.66058349609375,378.9898681640625
2023-12-07,54.634857177734375,153.0369415283203,90.58148956298828,128.05177307128906,147.85919189453125,28.907869338989254,363.8800354003906,192.0956115722656,443.0153198242188,384.2852783203125
2023-12-08,54.51393508911133,151.4102325439453,91.62149810791016,129.7510986328125,149.49066162109375,29.190719604492188,367.0974731445313,193.5194854736328,444.9198913574219,385.9978637695313
2023-12-11,54.91387939453125,153.36595153808594,91.6859130859375,129.78707885742188,150.0376434326172,29.08700561523437,364.2232971191406,191.01779174804688,446.6504821777344,389.2951049804688
2023-12-12,55.26732635498047,153.95997619628906,90.2409439086914,128.12371826171875,151.3767547607422,28.983295440673828,367.2445983886719,192.5306701660156,448.6903991699219,392.3955383300781
2023-12-13,55.74168395996094,157.19505310058594,91.04165649414062,130.02085876464844,151.885986328125,30.209003448486328,367.23480224609375,195.7443389892578,454.87786865234375,397.38580322265625
2023-12-14,54.91387939453125,153.7589111328125,93.48981475830078,134.80409240722656,154.64910888671875,32.00041961669922,358.95562744140625,195.89260864257807,456.3377685546875,397.0412902832031
2023-12-15,54.504642486572266,152.61654663085938,92.86397552490234,134.28265380859375,155.81846618652344,31.67985343933105,363.6642150878906,195.3586578369141,455.5863952636719,398.9605712890625
2023-12-18,54.895286560058594,154.36207580566406,93.55422973632812,134.57933044433594,156.76148986816406,31.51956367492676,365.5475463867188,193.69744873046875,458.1491088867188,401.4734802246094
2023-12-19,54.718563079833984,153.48472595214844,94.78751373291016,136.34161376953125,158.8550567626953,31.59498786926269,366.1459045410156,194.73570251464844,460.9351196289063,403.52484130859375
2023-12-20,53.58382797241211,151.4193878173828,93.20449829101562,135.0918426513672,157.06329345703125,31.095277786254883,363.5562438964844,192.6493377685547,454.5477600097656,397.528564453125
2023-12-21,53.93726348876953,152.58912658691406,93.62786102294922,135.50543212890625,157.95916748046875,31.30271339416504,366.4206237792969,192.5010223388672,458.8577270507813,402.154052734375
2023-12-22,54.24420166015625,153.23797607421875,93.79353332519533,135.81114196777344,157.8648681640625,31.51956367492676,367.4408264160156,191.43310546875,459.7799377441406,402.7556457519531
2023-12-26,54.467430114746094,154.31634521484375,94.00521087646484,137.03392028808594,158.79847717285156,31.924991607666016,367.519287109375,190.8892364501953,461.7213439941406,405.2211608886719
2023-12-27,54.60694885253906,154.80982971191406,93.5634536743164,136.5843963623047,159.7509002685547,31.906137466430664,366.9405212402344,190.98812866210935,462.55615234375,406.0461120605469
2023-12-28,54.64414596557617,154.8007354736328,92.21051025390624,134.66026306152344,160.59967041015625,31.943849563598636,368.1274108886719,191.41331481933597,462.7309265136719,405.8487243652344
2023-12-29,54.81157684326172,155.21194458007812,92.01724243164062,134.11180114746094,160.4110565185547,31.745853424072266,368.87298583984375,190.3750762939453,461.3912963867188,404.0923767089844
2024-01-02,55.63937759399414,158.01754760742188,94.20769500732422,134.39950561523438,162.2782745361328,31.96271133422852,363.801513671875,183.5621795654297,458.8091735839844,397.2542419433594
2024-01-03,55.76958847045898,158.05409240722656,94.99919128417967,136.9619903564453,161.57098388671875,31.61385726928711,363.5366516113281,182.187744140625,455.0622253417969,393.0506286621094
2024-01-04,55.58356857299805,156.70156860351562,94.1708755493164,135.46047973632812,162.64320373535156,31.868417739868164,360.9273986816406,179.8739471435547,453.5964660644531,391.02783203125
2024-01-05,55.49985885620117,154.38946533203125,94.4561767578125,135.2266845703125,163.459228515625,32.46241760253906,360.740966796875,179.15211486816406,454.2176818847656,391.4915771484375
2024-01-08,55.90910339355469,154.54481506347656,92.88237762451172,134.41748046875,163.22201538085938,32.207847595214844,367.5487060546875,183.48306274414065,460.7021179199219,399.5829162597656
2024-01-09,55.80679321289063,152.7718963623047,91.73192596435548,131.00086975097656,161.93157958984375,31.7081356048584,368.6278076171875,183.0677795410156,460.0031433105469,400.372314453125
2024-01-10,55.9928092956543,152.54345703125,90.82998657226562,129.92193603515625,162.27317810058594,31.67985343933105,375.4747314453125,184.10601806640625,462.6047058105469,403.0858459472656
2024-01-11,55.630069732666016,151.82147216796875,90.8115692138672,130.6232452392578,161.58999633789062,31.25556945800781,377.29925537109375,183.5127716064453,462.4008483886719,403.9245910644531
2024-01-12,56.169532775878906,152.86334228515625,91.98963165283205,132.4124755859375,160.40391540527344,30.92557144165039,381.0660705566406,183.83901977539065,462.72119140625,404.1318359375
2024-01-16,55.7974967956543,151.8580322265625,89.90962219238281,129.19366455078125,159.39813232421875,30.284427642822266,382.8317565917969,181.5746917724609,461.0224304199219,404.0923767089844
2024-01-17,55.7974967956543,152.10479736328125,89.25617218017578,128.68116760253906,158.5441436767578,29.982715606689453,382.0470275878906,180.63531494140625,458.4597473144531,401.81292724609375
2024-01-18,55.95560836791992,152.7718963623047,89.09050750732422,127.51229858398438,158.85726928710938,29.91671371459961,386.3630981445313,186.5187225341797,462.5367431640625,407.5163269042969
2024-01-19,55.64867401123047,151.50164794921875,89.22856140136719,127.88996124267578,161.59947204589844,30.37871551513672,391.0716247558594,189.41590881347656,468.30279541015625,415.5977783203125
2024-01-22,55.40684509277344,150.88934326171875,89.10891723632812,128.11471557617188,161.40968322753906,30.68985748291016,388.9528198242188,191.71983337402344,469.29296875,416.14056396484375
2024-01-23,55.66727828979492,153.20147705078125,90.1121063232422,127.75507354736328,160.34698486328125,30.89728546142578,391.2972717285156,192.9954071044922,470.6616516113281,417.8672790527344
2024-01-24,54.792964935302734,151.33714294433594,91.6675033569336,130.299560546875,161.77975463867188,31.095277786254883,394.8875427246094,192.322998046875,471.1761169433594,420.1861267089844
2024-01-25,55.02549743652344,152.21444702148438,93.99600982666016,133.58132934570312,164.09494018554688,31.481853485107425,397.1535034179688,191.9967193603516,473.7388610839844,420.6993103027344
2024-01-26,55.22081756591797,153.40248107910156,94.79671478271484,134.09385681152344,163.46871948242188,31.51956367492676,396.23138427734375,190.2663116455078,473.136962890625,418.1929321289063
2024-01-29,55.5556640625,153.6675262451172,94.9163589477539,134.03988647460938,163.89569091796875,31.689287185668945,401.9111022949219,189.5840301513672,476.8839721679688,422.4754333496094
2024-01-30,55.71378707885742,155.01089477539062,96.4993667602539,134.97496032714844,167.25465393066406,32.801849365234375,400.8026428222656,185.935302734375,476.51507568359375,419.6631774902344
2024-01-31,55.33243560791016,154.01480102539062,94.62184143066406,132.55633544921875,165.4423370361328,32.06642150878906,390.00244140625,182.33604431152344,468.7396240234375,411.4436340332031
2024-02-01,56.71830368041992,156.91177368164062,94.23529815673828,132.96994018554688,164.8445587158203,31.632713317871094,396.0842895507813,184.7685394287109,474.8745727539063,416.2885437011719
2024-02-02,56.30905151367188,156.24462890625,93.84873962402344,136.88107299804688,165.7934112548828,31.55728530883789,403.3824462890625,183.7698211669922,479.8737487792969,423.323974609375
2024-02-05,55.84400939941406,156.1989288330078,93.46218872070312,136.9619903564453,165.57516479492188,31.104713439941406,397.9186401367188,185.579345703125,478.12646484375,422.7714538574219
2024-02-06,55.7509880065918,156.6558837890625,94.10645294189452,136.97998046875,166.1444854736328,31.15185546875,397.7616271972656,187.1812286376953,479.51458740234375,421.9228515625
2024-02-07,55.7974967956543,156.70156860351562,94.0788345336914,136.7821807861328,166.45762634277344,31.283849716186523,406.1585388183594,187.2899932861328,483.5139770507813,426.2645568847656
2024-02-08,55.64867401123047,158.8765869140625,95.68946075439452,138.5174560546875,165.85984802246094,31.22728157043457,406.2174072265625,186.2122039794922,483.7275085449219,427.053955078125
2024-02-09,55.39754486083984,153.22886657714844,93.6646728515625,135.80215454101562,166.05909729003906,31.180137634277344,412.5346374511719,186.9745330810547,486.5231628417969,431.2574157714844
2024-02-12,55.52776718139648,155.91561889648438,94.9531707763672,136.73721313476562,166.7991943359375,31.698705673217773,407.3454895019531,185.29139709472656,486.3096008300781,429.5700988769531
2024-02-13,55.20221328735352,154.3346710205078,94.13573455810548,135.40650939941406,165.3474578857422,30.878427505493164,398.5758666992188,183.20236206054688,479.6116333007813,422.8701171875
2024-02-14,55.14641189575195,153.09178161621094,93.67127990722656,135.77517700195312,167.02691650390625,31.23671531677246,402.42822265625,182.3212127685547,483.97015380859375,427.4782409667969
2024-02-15,55.24872589111328,153.40248107910156,96.35582733154295,140.3925018310547,170.67051696777344,32.12299728393555,399.54876708984375,182.0341033935547,487.3094177246094,428.7511291503906
2024-02-16,55.23942184448242,151.99514770507812,96.35582733154295,140.54702758789062,169.87350463867188,32.141849517822266,397.0918884277344,180.4994964599609,484.8826293945313,424.86334228515625
2024-02-20,56.45787048339844,154.1244354248047,95.44550323486328,139.97438049316406,170.5376739501953,32.01927947998047,395.8437805175781,179.75692749023438,482.2131958007813,421.6564636230469
2024-02-21,56.96013641357422,154.28895568847656,97.39620971679688,141.2832489013672,171.64784240722656,31.77413749694824,395.2442932128906,180.5094146728516,482.6499938964844,419.9691162109375
2024-02-22,56.87643051147461,153.7589111328125,97.31260681152344,141.27415466308594,173.70687866210938,31.689287185668945,404.5509948730469,182.53900146484372,492.638671875,432.2639770507813
2024-02-23,56.92293548583984,154.99264526367188,96.4580078125,140.57427978515625,174.57981872558594,31.9815616607666,403.2635803222656,180.70741271972656,492.9784851074219,430.9910888671875
2024-02-26,56.467166900634766,153.76803588867188,96.83885955810548,140.3834228515625,173.98204040527344,31.689287185668945,400.5118713378906,179.36093139648438,491.17291259765625,430.7640686035156
2024-02-27,56.1230354309082,153.67666625976562,96.63450622558594,138.30197143554688,174.06744384765625,32.32099151611328,400.4529113769531,180.8163146972656,492.0852966308594,431.8002014160156
2024-02-28,56.17884063720703,152.64395141601562,96.90388488769533,138.465576171875,174.94984436035156,32.34928131103516,400.6887512207031,179.6182861328125,491.4350280761719,429.5010070800781
2024-02-29,55.82539749145508,152.2526092529297,97.08967590332033,138.16563415527344,176.54391479492188,32.776546478271484,406.5066833496094,178.95497131347656,493.20166015625,433.1816101074219
2024-03-01,55.36963653564453,151.56198120117188,98.31583404541016,138.8927764892578,175.8133087158203,32.61513137817383,408.3346252441406,177.8758087158203,497.83197021484375,439.7039794921875
2024-03-04,55.630069732666016,152.28025817871094,96.9410400390625,135.3207244873047,177.1322479248047,33.374732971191406,407.7646484375,173.36106872558594,497.2981262207031,438.1350708007813
2024-03-05,55.36033630371094,149.2138214111328,98.13004302978516,135.9660186767578,178.9066162109375,33.60260772705078,395.7062377929688,168.43055725097656,492.3280334472656,430.2707214355469
2024-03-06,55.38824081420898,150.09783935546875,99.1797103881836,134.82078552246094,179.83645629882812,33.63108825683594,395.1558837890625,167.44046020507812,494.82275390625,432.9744262695313
2024-03-07,55.285926818847656,150.1991424560547,99.73707580566406,135.76608276367188,178.26136779785156,33.83049011230469,402.0842895507813,167.32167053222656,499.7345886230469,439.546142578125
2024-03-08,55.36033630371094,150.14389038085938,100.6752471923828,136.22964477539062,178.5934600830078,33.802001953125,399.2146606445313,169.03448486328125,496.7351379394531,433.2013549804688
2024-03-11,56.03002548217773,151.69088745117188,101.26976776123048,138.1565399169922,178.65988159179688,34.077354431152344,397.54388427734375,171.034423828125,496.3079833984375,431.5929870605469
2024-03-12,56.27184677124024,151.51593017578125,100.61952209472656,138.0565948486328,180.13058471679688,34.14381790161133,408.118408203125,171.50965881347656,501.64697265625,437.7798156738281
2024-03-13,56.8485221862793,152.21580505371094,101.74351501464844,139.87442016601562,181.5918884277344,34.25776290893555,407.94146728515625,169.43052673339844,500.8606262207031,434.4150695800781
2024-03-14,56.721946716308594,151.7369384765625,103.5456085205078,141.51956176757812,178.3562469482422,33.88745880126953,417.8870239257813,171.2819366455078,499.87054443359375,433.31982421875
2024-03-15,56.14067459106445,151.62644958496094,103.35980224609376,141.38323974609375,180.56707763671875,33.62160110473633,409.2387390136719,170.90570068359375,496.4381408691406,428.1689453125
2024-03-18,56.37505340576172,157.70401000976562,104.31658172607422,141.25599670410156,182.80638122558597,34.19129180908203,410.1232299804688,171.99478149414062,499.3884887695313,432.2526245117188
2024-03-19,56.46880722045898,158.2012939453125,105.0504150390625,142.3557586669922,183.8785858154297,34.21028518676758,414.1427307128906,174.3313446044922,502.1636962890625,433.3294982910156
2024-03-20,56.95634460449219,158.25653076171875,104.95753479003906,140.4743194580078,186.2886505126953,34.893924713134766,417.8968505859375,176.8956298828125,506.8084106445313,438.4674072265625
2024-03-21,56.69383239746094,158.79981994628906,105.42198181152344,140.75604248046875,188.87905883789065,35.615535736083984,421.9653930664063,169.6681365966797,508.4831237792969,440.5423278808594
2024-03-22,56.71257781982422,158.4038543701172,105.42198181152344,140.57427978515625,186.5638427734375,35.17877578735352,421.3463134765625,170.56910705566406,507.5191955566406,441.0462646484375
2024-03-25,56.62820053100586,158.93795776367188,106.4995346069336,142.21946716308594,184.85592651367188,34.99836730957031,415.5676879882813,169.15330505371094,506.1170349121094,439.4456176757813
2024-03-26,56.75945281982422,159.05764770507812,105.7006607055664,141.12872314453125,185.7193756103516,35.21674346923828,414.3785400390625,168.02464294433594,505.1822814941406,438.0228271484375
2024-03-27,57.218849182128906,159.8311767578125,106.79676818847656,142.11036682128906,189.3155212402344,35.90038299560547,414.1623840332031,171.5888671875,509.4277038574219,439.51470947265625
2024-03-28,57.3594856262207,161.1571807861328,107.97649383544922,143.373779296875,190.05560302734372,36.00482940673828,413.4646301269531,169.7770538330078,509.3303527832031,438.7045593261719
2024-04-01,56.89070892333984,159.28787231445312,108.67317962646484,144.59173583984375,188.7652130126953,35.62503433227539,417.2481994628906,168.34144592285156,508.4441528320313,439.6333312988281
2024-04-02,56.3938102722168,157.86978149414062,110.80037689208984,145.2279815673828,188.68930053710935,35.416141510009766,414.1721801757813,167.1632537841797,505.21142578125,435.8391723632813
2024-04-03,56.09379196166992,156.24908447265625,110.8189697265625,145.827880859375,188.1579132080078,35.549076080322266,413.1992492675781,167.96517944335938,505.7664794921875,436.8173828125
2024-04-04,55.59688568115234,156.22146606445312,111.2091064453125,146.05508422851562,186.72634887695312,35.05533981323242,410.6735534667969,167.14346313476562,499.593017578125,430.13812255859375
2024-04-05,55.79376983642578,155.75181579589844,112.74181365966795,146.88221740722656,188.4442596435547,35.235740661621094,418.1818237304688,167.89593505859375,504.812255859375,435.2068481445313
2024-04-08,55.56876373291016,156.15699768066406,111.9801025390625,146.58229064941406,189.42727661132807,35.606040954589844,417.2678527832031,166.77716064453125,505.0945434570313,435.3353271484375
2024-04-09,55.99065780639648,157.10546875,112.56529998779295,147.2458038330078,188.1579132080078,35.824432373046875,418.9287414550781,167.98501586914062,505.6788330078125,436.9458312988281
2024-04-10,55.24061584472656,155.5768585205078,113.51278686523438,147.8547821044922,186.55453491210935,34.79896926879883,415.9607849121094,166.11380004882812,500.6154479980469,433.1319274902344
2024-04-11,55.36249542236328,155.03359985351562,113.13194274902344,147.1457977294922,186.5163726806641,34.514122009277344,420.55023193359375,173.3016815185547,504.3934631347656,440.04827880859375
2024-04-12,54.64058303833008,154.79415893554688,111.81290435791016,144.482666015625,174.45291137695312,33.98241424560547,414.6242370605469,174.79669189453125,497.4313354492188,433.0331726074219
2024-04-15,54.50932312011719,153.7351837158203,111.17195892333984,143.23744201660156,174.54830932617188,34.134334564208984,406.5066833496094,170.97500610351562,491.1994934082031,425.9093017578125
2024-04-16,54.43432235717773,154.2416534423828,110.25232696533205,142.04672241210938,172.5536651611328,32.928466796875,407.4304504394531,167.69790649414062,490.30364990234375,425.9487609863281
2024-04-17,54.85622024536133,156.06491088867188,110.19658660888672,142.15582275390625,171.86648559570312,33.450679779052734,404.73773193359375,166.33160400390625,487.40185546875,420.7516784667969
2024-04-18,55.23123550415039,158.6340789794922,110.09439849853516,143.21926879882812,172.9831085205078,33.963417053222656,397.29827880859375,165.38113403320312,486.3989562988281,418.3507080078125
2024-04-19,56.412559509277344,160.34686279296875,111.35771942138672,145.42796325683594,177.3256072998047,35.102813720703125,392.237060546875,163.3613739013672,482.1534729003906,409.69537353515625
2024-04-22,56.76882553100586,162.49241638183594,111.9893798828125,147.173095703125,180.7709503173828,35.824432373046875,394.0453186035156,164.1930389404297,486.59368896484375,413.8155822753906
2024-04-23,56.85321044921875,157.66717529296875,112.4259796142578,148.0183868408203,183.37643432617188,36.43210220336914,400.5413818359375,165.24252319335938,492.3679504394531,419.9908447265625
2024-04-24,57.70638275146485,163.3672332763672,112.44454193115234,148.67282104492188,184.2735748291016,36.38462829589844,402.0056762695313,167.3414764404297,492.13421630859375,421.4137268066406
2024-04-25,57.88451385498047,162.6949920654297,112.70464324951172,150.22708129882812,184.55030822753903,35.99533462524414,392.1585083007813,168.20281982421875,490.2646179199219,419.3782348632813
2024-04-26,57.88451385498047,161.6820831298828,109.57421875,150.7815399169922,184.6648712158203,35.91938400268555,399.31292724609375,167.6186981201172,494.909423828125,425.8500061035156
2024-04-29,58.1657829284668,162.19773864746094,111.13478088378906,151.1814422607422,184.4644470214844,35.65351486206055,395.3130798339844,171.7769775390625,496.662109375,427.5791015625
2024-04-30,57.91263961791992,161.9859619140625,109.86217498779295,146.58229064941406,182.9946746826172,35.14078521728516,382.6159057617188,168.63848876953125,488.7943420410156,419.5166015625
2024-05-01,58.06265258789063,161.28611755371094,107.78141784667967,145.09164428710938,183.1092071533203,35.08382034301758,388.1291809082031,167.6186981201172,487.2071533203125,416.4832763671875
2024-05-02,58.11890411376953,161.56236267089844,107.97649383544922,146.09144592285156,182.91835021972656,35.017356872558594,390.9791564941406,171.31166076660156,491.7641906738281,421.7989807128906
2024-05-03,58.28766250610352,162.2069549560547,107.75355529785156,145.6551971435547,181.8207855224609,35.36867141723633,399.6470031738281,181.55889892578125,497.85980224609375,430.2764587402344
2024-05-06,58.456424713134766,161.903076171875,108.45023345947266,147.51846313476562,183.2428131103516,35.78644180297852,406.4083862304688,179.9054718017578,503.0011291503906,434.989501953125
2024-05-07,58.70956039428711,163.92893981933594,107.91148376464844,147.8547821044922,183.0042266845703,35.92887115478516,402.2808532714844,180.58860778808597,503.5561218261719,435.05859375
2024-05-08,58.92519760131836,163.3672332763672,107.89289093017578,147.73663330078125,186.72634887695312,35.8054313659668,403.4601745605469,180.9252166748047,503.6047973632813,434.8017272949219
2024-05-09,58.95332717895508,163.96578979492188,110.02008819580078,150.38157653808594,188.49197387695312,36.34664535522461,405.2095031738281,182.73704528808597,506.5065002441406,435.7502746582031
2024-05-10,59.30959701538086,165.55882263183594,109.57421875,150.71788024902344,189.70404052734372,36.50806427001953,407.5877380371094,181.47796630859372,507.1589965820313,436.77783203125
2024-05-13,59.60961532592773,166.58099365234375,109.52777099609376,149.54534912109375,189.6658477783203,36.28017807006836,406.5852966308594,184.68020629882807,507.22705078125,437.7856750488281
2024-05-14,59.15958786010742,165.63250732421875,110.19265747070312,148.70916748046875,192.3190460205078,36.546043395996094,409.3763427734375,185.8203582763672,509.5543212890625,440.60162353515625
2024-05-15,59.18771743774414,165.2549591064453,111.04483032226562,148.2001953125,192.8916931152344,36.94482421875,416.5338439941406,188.09066772460935,515.8640747070312,447.48828125
2024-05-16,59.3658561706543,168.61602783203125,110.37994384765624,147.89718627929688,193.23529052734372,37.23917388916016,414.4761962890625,188.2096099853516,514.8027954101562,446.579345703125
2024-05-17,59.09395980834961,167.76885986328125,112.0374755859375,149.34779357910156,195.449462890625,37.305641174316406,413.708251953125,188.23936462402344,515.5427856445312,446.3619384765625
2024-05-20,58.66267776489258,166.0376739501953,111.12911224365234,147.94309997558594,186.65953063964844,36.85937881469727,418.7588806152344,189.3993225097656,516.1367797851562,449.4743041992188
2024-05-21,58.98144912719727,166.74671936035156,110.36121368408205,146.86891174316406,190.41981506347656,37.64746475219727,422.4016418457031,190.69810485839844,517.4025268554688,450.3536987304688
2024-05-22,59.06583786010742,167.67677307128906,108.1418228149414,144.66549682617188,189.26502990722656,37.751895904541016,423.8587646484375,189.2605438232422,515.9127197265625,450.2647399902344
2024-05-23,58.21266174316406,165.07998657226562,106.29701232910156,144.08705139160156,187.93841552734372,37.19169616699219,420.3932189941406,185.27505493164065,512.1444091796875,448.2392578125
2024-05-24,58.12828063964844,163.90130615234375,106.21272277832033,144.8307342529297,191.55555725097656,37.69493103027344,423.5043029785156,188.34841918945312,515.5330810546875,452.4779968261719
2024-05-28,57.95952224731445,159.65623474121094,107.56121826171876,146.01507568359375,190.40074157714844,37.33412551879883,423.6618347167969,188.35836791992188,515.8932495117188,454.1873474121094
2024-05-29,57.84701156616211,157.6027374267578,106.40937042236328,144.05035400390625,189.0741424560547,36.764427185058594,422.5296020507813,188.65576171875,512.2808227539062,450.9860534667969
2024-05-30,58.10015106201172,156.98574829101562,106.74650573730467,145.29896545410156,190.23849487304688,36.67897415161133,408.25396728515625,189.64715576171875,508.8824157714844,446.1544799804688
2024-05-31,59.00020599365234,159.21420288085938,109.80870819091795,149.00808715820312,193.3879852294922,37.97028732299805,408.7068481445313,190.5989532470703,513.517333984375,445.3244934082031
2024-06-03,59.00020599365234,157.67640686035156,107.1772689819336,144.56448364257812,192.6149444580078,37.865840911865234,407.1217651367188,192.36366271972656,513.9360961914062,447.715576171875
2024-06-04,59.94712829589844,160.1258544921875,105.5103759765625,143.34339904785156,190.07623291015625,37.67594528198242,409.63232421875,192.6809234619141,514.5106201171875,448.9407348632813
2024-06-05,59.92837905883789,159.7575225830078,105.9317855834961,142.28756713867188,188.26290893554688,37.94179534912109,417.449462890625,194.18785095214844,520.6256103515625,457.9913024902344
2024-06-06,60.144020080566406,159.4904327392578,106.72777557373048,143.1597442626953,187.92889404296875,37.69493103027344,417.95159912109375,192.80978393554688,520.6159057617188,457.8331909179688
2024-06-07,59.91901016235352,158.7433319091797,105.58529663085938,143.29751586914062,190.8302001953125,38.00061798095703,417.2919921875,195.1990966796875,519.9829711914062,457.4281005859375
2024-06-10,59.618988037109375,153.97286987304688,105.8943328857422,143.9034423828125,190.50572204589844,37.8955307006836,421.2496948242188,191.4614715576172,521.5896606445312,459.2757873535156
2024-06-11,59.58148956298828,153.20254516601562,105.04214477539062,143.67391967773438,185.49517822265625,37.12176132202149,425.9853210449219,205.37098693847656,522.845703125,462.4276428222656
2024-06-12,58.95332717895508,152.05169677734375,103.88095092773438,141.58984375,182.7942657470703,37.64716339111328,434.2356567382813,211.2401580810547,527.1399536132812,468.4844055175781
2024-06-13,59.05646133422852,151.58763122558594,103.0475082397461,140.3228302001953,184.82708740234372,37.50387573242188,434.7476196289063,212.4000701904297,528.2012939453125,471.0237121582031
2024-06-14,59.09897613525391,152.03311157226562,102.17659759521484,140.07498168945312,184.94161987304688,37.48477935791016,435.7222900390625,210.6651306152344,528.522705078125,473.4641723632813
2024-06-17,59.16511154174805,154.1956329345703,101.47427368164062,140.64418029785156,186.0869140625,37.7426872253418,441.4325256347656,214.80923461914065,532.7290649414062,479.2640380859375
2024-06-18,59.174560546875,154.51116943359375,102.42945098876952,140.772705078125,188.0147705078125,38.20122528076172,439.4339599609375,212.4496612548828,534.0825805664062,479.4122619628906
2024-06-20,58.74938583374024,154.69679260253906,104.63948059082033,143.81163024902344,189.6085968017578,38.20122528076172,438.8038940429688,207.87925720214844,532.6318359375,475.7169494628906
2024-06-21,59.30683517456055,155.25367736816406,103.72174835205078,142.56300354003906,187.34671020507807,37.72359085083008,442.82073974609375,205.7080841064453,531.917724609375,474.4423828125
2024-06-24,60.44063568115234,155.99612426757812,106.80269622802734,146.2629852294922,189.80905151367188,38.22988510131836,440.743408203125,206.3524627685547,530.1886596679688,469.0410461425781
2024-06-25,60.31779861450195,155.31863403320312,107.10235595703124,145.48257446289062,189.0359649658203,37.61851119995117,443.97265625,207.2745056152344,532.2302856445312,474.40478515625
2024-06-26,60.516212463378906,154.75250244140625,107.13982391357422,143.17813110351562,188.42514038085935,37.25550842285156,445.1639404296875,211.4185791015625,532.8945922851562,475.3844604492188
2024-06-27,60.38393783569336,154.30697631835938,107.5986785888672,143.51785278320312,190.0857696533203,37.49432373046875,445.84326171875,212.26129150390625,533.734619140625,476.6116027832031
2024-06-28,60.13828659057617,153.07260131835938,107.80470275878906,143.60963439941406,193.0348358154297,37.99106597900391,440.0345458984375,208.8111724853516,531.6343994140625,474.1375427246094
2024-07-01,59.7886962890625,151.1792755126953,107.65486907958984,143.70147705078125,196.079345703125,38.2203254699707,449.6632080078125,214.8885498046875,532.7284545898438,476.91839599609375
2024-07-02,59.66586685180664,151.81967163085938,106.92443084716795,143.9126434326172,199.30520629882807,39.09917831420898,452.1737060546875,218.37831115722656,536.3136596679688,481.9259033203125
2024-07-03,59.8359375,150.91014099121094,107.4675750732422,143.87591552734375,199.17156982421875,39.07052230834961,453.64068603515625,219.64732360839844,538.7069702148438,485.94378662109375
2024-07-05,60.2422103881836,152.57144165039062,106.1659164428711,141.67247009277344,196.532470703125,38.60243606567383,460.32562255859375,224.3961639404297,541.8133544921875,491.0105895996094
2024-07-08,59.48635482788086,150.4646453857422,105.051513671875,141.69082641601562,196.89715576171875,38.80304336547852,459.0260620117188,225.86346435546875,542.4386596679688,492.1783752441406
2024-07-09,59.23124694824219,150.26043701171875,103.89031982421876,140.45138549804688,199.2579803466797,39.56725692749024,452.4297180175781,226.7160797119141,542.9661865234375,492.6039123535156
2024-07-10,59.36352157592773,151.8289337158203,104.80802917480467,142.42532348632812,199.4210968017578,39.87294769287109,459.035888671875,230.97915649414065,548.3389892578125,497.7400512695313
2024-07-11,59.61862564086914,152.16307067871094,106.05353546142578,142.5446319580078,199.0852203369141,39.93981552124024,447.6646423339844,225.6156311035156,543.61083984375,486.8244934082031
2024-07-12,60.18552780151367,154.4183807373047,106.0722427368164,142.84764099121094,196.67642211914065,39.72965621948242,446.5323791503906,228.56011962890625,547.0396118164062,489.6844787597656
2024-07-15,59.91152191162109,152.0795440673828,107.88897705078124,145.09698486328125,201.58038330078125,40.01622772216797,446.9360656738281,232.38693237304688,548.5440673828125,491.0007019042969
2024-07-16,60.72406768798828,152.91482543945312,108.6662368774414,144.84910583496094,205.00640869140625,42.15604019165039,442.5647888183594,232.80337524414065,551.7969970703125,491.188720703125
2024-07-17,61.61222076416016,157.67599487304688,110.1645736694336,148.0257110595703,208.12538146972656,42.01274490356445,436.6576232910156,226.9143829345703,544.0602416992188,476.7699279785156
2024-07-18,61.59331893920898,158.1215057373047,111.2508544921875,148.7051239013672,201.51319885253903,41.08613967895508,433.5563354492188,222.2547149658203,539.8792114257812,474.51361083984375
2024-07-19,61.68779754638672,157.1841278076172,108.69434356689452,146.1160888671875,201.32125854492188,40.981056213378906,430.3467712402344,222.38360595703125,536.2941284179688,470.3077087402344
2024-07-22,61.19647979736328,155.60635375976562,107.9451675415039,144.1329803466797,201.80108642578125,40.40789031982422,436.0865478515625,222.03662109375,541.8233032226562,477.314208984375
2024-07-23,61.37601089477539,154.3255615234375,106.20335388183594,141.470458984375,201.8490753173828,40.51297378540039,437.9670104980469,223.07760620117188,540.9732666015625,475.6318664550781
2024-07-24,62.17911148071289,156.07968139648438,107.70169067382812,142.37020874023438,200.1792449951172,40.30281829833984,422.2637634277344,216.66314697265625,528.7135009765625,458.5707702636719
2024-07-25,62.424766540527344,158.72479248046875,109.96791076660156,144.63792419433594,200.25601196289065,39.81563186645508,411.9262390136719,215.62217712402344,525.9588012695312,453.5137939453125
2024-07-26,63.3506965637207,160.33041381835938,109.87425994873048,144.91334533691406,203.68206787109372,39.80607986450195,418.68994140625,216.08816528320312,531.849365234375,458.1650390625
2024-07-29,63.14284133911133,160.75733947753906,108.72241973876952,143.77491760253906,202.3481292724609,39.25201797485352,420.12738037109375,216.36573791503903,532.1619262695312,459.0854187011719
2024-07-30,63.94594192504883,160.72947692871094,110.66088104248048,146.50169372558594,206.51312255859372,39.43351745605469,416.3763732910156,216.92092895507807,529.4657592773438,452.7815246582031
2024-07-31,63.05780029296875,160.2561492919922,111.05419158935548,147.32798767089844,204.219482421875,38.50690841674805,411.8770446777344,220.1727752685547,538.072021484375,466.1810302734375
2024-08-01,64.21047973632812,162.3815460205078,109.5184097290039,140.12086486816406,199.57464599609372,37.7331428527832,410.6561279296875,216.48471069335935,530.4523315429688,454.889404296875
2024-08-02,65.5049057006836,165.24008178710938,109.4528579711914,136.38421630859375,191.11029052734372,35.899024963378906,402.1695556640625,217.97183227539065,520.5762329101562,444.0926513671875
2024-08-05,64.34275817871094,161.52764892578125,107.47693634033205,132.812744140625,187.041259765625,35.010623931884766,389.0359497070313,207.4727935791016,505.41510009765625,430.85150146484375
2024-08-06,64.29552459716797,160.08909606933594,106.90570831298828,131.49986267089844,192.2618865966797,35.268550872802734,393.4269714355469,205.4502868652344,510.0748596191406,434.9683837890625
2024-08-07,64.68290710449219,159.4394073486328,108.32910919189452,130.74705505371094,192.3194580078125,35.63154602050781,392.2652587890625,208.01806640625,506.6654357910156,430.2577209472656
2024-08-08,64.9380111694336,159.9777069091797,110.39867401123048,132.6566925048828,195.8319091796875,36.5008430480957,396.4593200683594,211.4780731201172,518.3782348632812,443.4197387695313
2024-08-09,64.8907699584961,159.99627685546875,111.29768371582033,133.1157684326172,197.50173950195312,36.56771087646485,399.73779296875,214.38291931152344,520.6640014648438,445.7353820800781
2024-08-12,64.40890502929688,159.0960235595703,111.43814086914062,133.14329528808594,197.8760528564453,36.4626350402832,400.5155944824219,215.91146850585935,520.9376831054688,446.69537353515625
2024-08-13,64.68290710449219,159.9777069091797,110.37059020996094,132.34451293945312,199.5554656982422,36.73965835571289,407.6042175292969,219.6236572265625,529.5048217773438,457.7790832519531
2024-08-14,64.7962875366211,161.22140502929688,111.39131927490234,132.8219451904297,201.76272583007807,37.07400894165039,410.4100646972656,220.0702972412109,531.17529296875,457.9275512695313
2024-08-15,64.8624267578125,160.11695861816406,112.08043670654295,134.7775115966797,203.0198974609375,37.28416061401367,415.2626647949219,223.0479736328125,540.2797241210938,469.4962768554688
2024-08-16,65.3631820678711,160.20973205566406,111.55179595947266,135.2090301513672,205.34230041503903,37.58030319213867,412.7377624511719,224.3680725097656,541.4910278320312,470.0999450683594
2024-08-19,65.1742172241211,161.32350158691406,111.89163970947266,136.3137969970703,206.7626037597656,37.8955307006836,415.7558288574219,224.20925903320312,546.66845703125,476.275146484375
2024-08-20,65.55215454101562,163.20753479003906,108.16285705566406,134.32705688476562,205.8701171875,36.95937347412109,418.9810485839844,224.82464599609372,545.7796020507812,475.2756042480469
2024-08-21,65.73165893554688,162.61355590820312,107.4737548828125,134.9119415283203,205.9469146728516,37.01668548583984,418.3301086425781,224.7154541015625,547.6550903320312,477.4924011230469
2024-08-22,65.5049057006836,163.1054229736328,108.30445098876952,135.2925567626953,207.89505004882807,37.48477935791016,409.8577575683594,222.85939025878903,543.3568725585938,469.9217529296875
2024-08-23,65.93952941894531,163.22608947753906,109.80541229248048,137.04721069335938,209.50733947753903,37.99106597900391,411.0807800292969,225.15220642089844,549.1301879882812,475.0183410644531
2024-08-26,66.93158721923828,163.31890869140625,112.1559600830078,137.86416625976562,210.3326568603516,38.13435363769531,407.8259582519531,225.4896545410156,547.8211669921875,470.4067077636719
2024-08-27,67.55517578125,162.6970672607422,111.0892333984375,136.42518615722656,211.3018951416016,37.8955307006836,408.1711730957031,226.3333282470703,548.5733642578125,471.8119201660156
2024-08-28,67.79138946533203,161.41627502441406,109.99420166015624,135.54324340820312,212.36715698242188,38.16300964355469,404.9755554199219,224.8048095703125,545.3888549804688,466.4580993652344
2024-08-29,68.07483673095703,159.7178497314453,111.5140380859375,136.8615264892578,213.2500457763672,38.3731689453125,407.4610595703125,228.0802459716797,545.4375610351562,465.7752685546875
2024-08-30,68.47166442871094,160.45108032226562,111.33468627929688,137.35357666015625,215.7356414794922,38.92723083496094,411.426025390625,227.29611206054688,550.6443481445312,471.3270568847656
2024-09-03,68.98186492919922,164.77603149414062,109.00301361083984,134.2991943359375,211.4170837402344,38.87946319580078,403.8315124511719,221.1124725341797,539.3125610351562,457.01708984375
2024-09-04,68.55670166015625,165.68557739257812,107.67198181152344,131.8946990966797,210.48617553710935,38.68840789794922,403.2988586425781,219.20675659179688,538.208740234375,455.82952880859375
2024-09-05,67.24339294433594,166.40951538085938,106.8318328857422,130.83633422851562,208.8547515869141,38.34450912475586,402.79583740234375,220.7253875732422,536.8997802734375,456.2550964355469
2024-09-06,67.21504974365234,165.84371948242188,106.3315200805664,128.63609313964844,203.8932037353516,37.26763534545898,396.197509765625,219.17697143554688,527.8635864257812,444.0332336425781
2024-09-09,67.88587188720703,166.6386260986328,108.56877136230467,130.25148010253906,208.06781005859372,37.95029830932617,400.1624145507813,219.26634216308597,533.773681640625,449.7433471679688
2024-09-10,67.6024169921875,166.2832489013672,104.61343383789062,128.32972717285156,197.2714080810547,37.76761245727539,408.5262756347656,218.4722595214844,536.0987548828125,453.8997802734375
2024-09-11,67.15835571289062,164.3848419189453,103.57505798339844,128.00479125976562,198.87408447265625,37.4984016418457,417.24517822265625,221.0032958984375,541.5985107421875,463.7564086914063
2024-09-12,67.30008697509766,165.7595672607422,105.00048065185548,129.23953247070312,198.26950073242188,37.286865234375,421.1509094238281,221.1124725341797,546.1605834960938,468.3086853027344
2024-09-13,67.93270111083984,165.8624267578125,104.92496490478516,130.53927612304688,196.0814208984375,37.16188049316406,424.6917114257813,220.844482421875,549.0130004882812,470.4067077636719
2024-09-16,68.5890884399414,165.72216796875,106.3975830078125,131.9132843017578,199.47866821289065,37.59454727172852,425.4314575195313,214.71046447753903,549.82373046875,468.3284301757813
2024-09-17,68.30370330810547,165.40420532226562,107.7852554321289,133.1387481689453,200.8126373291016,38.0272216796875,429.1893005371094,215.17697143554688,550.0484619140625,468.5758972167969
2024-09-18,68.25614166259766,163.851806640625,108.16285705566406,133.6493377685547,199.1619873046875,38.09452438354492,424.90869140625,219.0479431152344,548.4170532226562,466.5472106933594
2024-09-19,67.1811752319336,163.3374481201172,109.50333404541016,134.6055908203125,201.99302673339844,39.29639434814453,432.6807861328125,227.1670837402344,557.7755126953125,478.3434448242188
2024-09-20,68.1514892578125,160.08303833007812,108.81421661376952,135.2461395263672,202.5784454345703,38.71950149536133,429.3076171875,226.5020751953125,556.8114013671875,477.4329833984375
2024-09-23,68.23712158203125,160.95274353027344,110.78716278076172,136.97293090820312,202.91433715820312,38.33489990234375,427.5717468261719,224.78494262695312,558.2028198242188,478.6985168457031
2024-09-24,67.8565902709961,158.90472412109375,110.49452209472656,136.88937377929688,203.05828857421875,37.93106460571289,423.2912292480469,225.67825317382807,559.7999267578125,481.0075988769531
2024-09-25,67.97074127197266,158.41844177246094,108.34222412109376,133.6586151123047,201.7147216796875,37.73876953125,426.1908874511719,224.6856689453125,558.5653076171875,481.4535217285156
2024-09-26,67.92318725585938,158.68963623046875,106.48255157470705,131.8204345703125,201.32125854492188,37.99837875366211,425.40185546875,225.8271484375,560.7798461914062,485.07073974609375
2024-09-27,68.294189453125,158.97955322265625,109.33341979980467,135.0697479248047,202.01223754882807,37.882999420166016,422.1569213867188,226.0951232910156,559.9664916992188,482.3751831054688
2024-09-30,68.36077880859375,159.02630615234375,110.65502166748048,136.72227478027344,202.3577117919922,38.15221786499024,424.40570068359375,231.266357421875,562.2105102539062,483.6833190917969
2024-10-01,68.21807861328125,160.2700958251953,113.21321868896484,138.97821044921875,198.6917266845703,37.70992660522461,414.9273681640625,224.5269012451172,557.173828125,476.9444274902344
2024-10-02,67.55216979980469,158.55873107910156,114.71417999267578,140.13870239257812,198.93167114257807,37.719539642333984,411.4161071777344,225.09263610839844,557.4091186523438,477.6183166503906
2024-10-03,67.0860366821289,157.60484313964844,115.71481323242188,140.4171905517578,196.9547119140625,37.73876953125,410.834228515625,223.9908905029297,556.3900146484375,477.2615661621094
2024-10-04,66.7530746459961,157.08114624023438,117.83879852294922,139.9437255859375,203.94537353515625,38.56565856933594,410.3608093261719,225.11248779296875,561.4461059570312,482.9400634765625
2024-10-07,65.64956665039062,156.37042236328125,118.34856414794922,140.2965087890625,203.66534423828125,38.42142868041992,403.93011474609375,220.0405120849609,556.370361328125,477.7669677734375
2024-10-08,65.81128692626953,159.37229919433594,115.20506286621094,138.0962677001953,203.49156188964844,38.3925895690918,409.0292663574219,224.09014892578125,561.63232421875,484.9022216796875
2024-10-09,66.18229675292969,161.3548583984375,115.25225067138672,138.93179321289062,206.069580078125,38.64258193969727,411.7415771484375,227.8320770263672,565.5223999023438,488.7176818847656
2024-10-10,65.87788391113281,161.7757110595703,116.2434539794922,139.8323211669922,205.50958251953125,38.43104934692383,410.1437683105469,227.33580017089844,564.53271484375,488.1626586914063
2024-10-11,66.18229675292969,163.4777374267578,116.68712615966795,140.57501220703125,214.63409423828125,40.33481597900391,410.61724853515625,225.85690307617188,567.9132690429688,488.92572021484375
2024-10-14,66.914794921875,164.68411254882812,117.13080596923828,140.90927124023438,213.85202026367188,40.29635238647461,413.3985900878906,229.5790252685547,572.5579833984375,493.028564453125
2024-10-15,66.914794921875,164.4970703125,113.60971069335938,137.14930725097656,214.73065185546875,40.51750183105469,413.0040588378906,232.11004638671875,568.1092529296875,486.4383239746094
2024-10-16,67.13359832763672,163.1691131591797,113.90234375,138.07769775390625,215.9376220703125,41.15208435058594,410.4199523925781,230.055419921875,570.5785522460938,486.4977722167969
2024-10-17,66.49623107910156,163.34678649902344,113.60971069335938,140.3708038330078,216.69076538085935,40.95978546142578,411.0117492675781,230.4226837158203,570.6275024414062,486.834716796875
2024-10-18,67.00993347167969,163.71153259277344,113.28874969482422,139.95301818847656,217.6080017089844,40.69056701660156,412.4320068359375,233.25148010253903,572.822509765625,490.0257873535156
2024-10-21,66.0681381225586,163.6647491455078,113.35482788085938,140.07373046875,215.31967163085935,40.15212631225586,413.0434875488281,234.720458984375,571.8817138671875,490.9672546386719
2024-10-22,66.0681381225586,163.06625366210938,113.94010162353516,140.11083984375,216.4010772705078,40.67133712768555,421.6539611816406,234.1050720214844,571.5780029296875,491.5023498535156
2024-10-23,64.6982650756836,161.73831176757812,113.53418731689452,139.70236206054688,215.71551513671875,40.70980072021485,418.7838134765625,229.04302978515625,566.3552856445312,483.9706726074219
2024-10-24,64.02283477783203,160.99951171875,112.89225769042967,139.6745147705078,217.2314453125,41.00786590576172,418.91204833984375,228.8544464111328,567.580078125,487.8951416015625
2024-10-25,63.66133499145508,160.6534881591797,112.7978744506836,140.00872802734375,214.6534118652344,40.277122497558594,422.28515625,229.68820190429688,567.3840942382812,490.8681640625
2024-10-28,63.42350387573242,158.8299102783203,112.2409210205078,139.75804138183594,217.7335662841797,40.9790153503418,420.7465515136719,231.6633758544922,569.13818359375,490.9474182128906
2024-10-29,62.3675537109375,156.6416015625,110.7116470336914,137.88275146484375,215.2230987548828,40.89247894287109,426.03314208984375,231.93136596679688,570.0592041015625,495.6646423339844
2024-10-30,62.71003341674805,155.4352569580078,110.15469360351562,137.4464111328125,216.6811065673828,40.68095779418945,426.6051940917969,228.38792419433597,568.3346557617188,491.9186096191406
2024-10-31,62.12973403930664,155.31365966796875,110.23963928222656,138.16123962402344,214.2768402099609,40.20981597900391,400.7838134765625,224.22911071777344,557.193603515625,479.5012512207031
2024-11-01,61.84434509277344,154.85543823242188,108.51213836669922,142.10687255859375,215.2617034912109,40.15212631225586,404.7486877441406,221.2514495849609,559.545166015625,483.049072265625
2024-11-04,61.93947219848633,155.5568084716797,111.96714782714844,142.94239807128906,212.21055603027344,39.73868942260742,402.8648376464844,220.35812377929688,558.3399047851562,481.6418151855469
2024-11-05,62.18682098388672,156.9689178466797,112.29755401611328,142.42251586914062,213.86166381835935,40.26751327514648,405.8237609863281,221.7873992919922,565.09130859375,487.7861022949219
2024-11-06,60.59813690185547,154.032470703125,114.22331237792967,146.423828125,238.55101013183597,43.66159439086914,414.4243774414063,221.06285095214844,579.1427001953125,501.0359191894531
2024-11-07,60.5600814819336,153.3684844970703,114.36489868164062,145.54188537597656,228.2388153076172,43.04623794555664,419.6024169921875,225.78741455078125,583.62060546875,508.9244384765625
2024-11-08,60.80742263793945,154.40652465820312,114.32714080810548,145.69036865234375,228.8181610107422,43.39237594604492,416.7520446777344,225.5191650390625,586.148681640625,509.5190124511719
2024-11-11,60.274688720703125,153.6116485595703,113.72298431396484,145.2911834716797,231.048583984375,44.3057975769043,412.2840881347656,222.80645751953125,586.7071533203125,509.2216796875
2024-11-12,60.12248229980469,153.68646240234375,113.60971069335938,144.1678466796875,231.30931091308597,44.09427261352539,417.23529052734375,222.80645751953125,584.8847045898438,508.300048828125
2024-11-13,59.93221664428711,154.060546875,114.66697692871094,147.35220336914062,232.85418701171875,44.103885650634766,419.3755798339844,223.6908264160156,585.1687622070312,507.6459655761719
2024-11-14,59.504127502441406,154.44395446777344,114.74311065673828,150.21160888671875,233.5397491455078,44.13272857666016,421.0424499511719,226.77114868164065,581.4060668945312,504.1179809570313
2024-11-15,58.73357391357422,148.3372802734375,113.55342864990234,149.8588409423828,236.8612823486328,44.95000457763672,409.3153381347656,223.5715789794922,573.9591064453125,492.10693359375
2024-11-18,58.84773254394531,148.06607055664062,114.5051727294922,150.76853942871094,236.5909118652344,44.92115783691406,410.0649108886719,226.57241821289065,576.310791015625,495.52587890625
2024-11-19,59.54219055175781,146.5604248046875,112.90624237060548,149.6806182861328,234.7177276611328,44.62309265136719,412.0670776367188,226.8307647705078,578.41748046875,498.9349670410156
2024-11-20,59.92270660400391,148.44949340820312,114.5146942138672,151.30313110351562,232.48727416992188,44.28656768798828,409.798583984375,227.54620361328125,578.6134643554688,498.6475524902344
2024-11-21,60.655216217041016,149.9457550048828,116.0470199584961,151.58445739746094,236.3302001953125,44.671165466308594,408.0295715332031,227.0692443847656,581.7196655273438,500.44134521484375
2024-11-22,60.80742263793945,151.49815368652344,115.9137725830078,152.2690887451172,239.98968505859372,45.190372467041016,412.1111450195313,228.41065979003903,583.522705078125,501.24407958984375
2024-11-25,61.24502182006836,152.4801025390625,114.18157958984376,150.39340209960938,241.66973876953125,45.67112350463867,413.8801879882813,231.3916015625,585.5020141601562,502.036865234375
2024-11-26,61.40675354003906,151.64781188964844,112.27808380126952,152.4285125732422,241.36077880859372,45.9114990234375,422.9722595214844,233.56771850585935,588.5592041015625,504.732421875
2024-11-27,61.29258728027344,152.1714630126953,111.98303985595705,152.0346221923828,241.1869964599609,45.93073272705078,418.0309448242188,233.43853759765625,586.7757568359375,500.7584228515625
2024-11-29,61.4219856262207,152.85414123535156,112.26856994628906,151.86582946777344,241.1194000244141,45.68073654174805,418.4953918457031,235.8233337402344,590.4208984375,505.1585083007813
2024-12-02,61.00983047485352,152.4801025390625,112.16387176513672,152.12841796875,237.76889038085935,45.22883605957031,425.9272766113281,238.06895446777344,591.479248046875,510.65863037109375
2024-12-03,60.88521957397461,151.21759033203125,111.9925537109375,151.8564453125,236.38815307617188,45.01730728149414,426.1446838378906,241.10952758789065,591.75341796875,512.224365234375
2024-12-04,59.62955474853516,149.79612731933594,108.76612854003906,148.48019409179688,235.01705932617188,44.58463287353516,432.2917175292969,241.46725463867188,595.427978515625,518.5570678710938
2024-12-05,60.31010055541992,150.08602905273438,109.24199676513672,149.4274139404297,237.02542114257807,45.190372467041016,437.4307861328125,241.4970703125,594.4481201171875,517.1201171875
2024-12-06,59.936279296875,148.8175048828125,108.09038543701172,145.59161376953125,238.84068298339844,45.20004653930664,438.3696899414063,241.2983245849609,595.574951171875,521.748046875
2024-12-09,60.00337600708008,150.40200805664062,107.45270538330078,147.31724548339844,235.41293334960935,44.38789367675781,440.7909240722656,245.1835021972656,592.5079956054688,517.6849365234375
2024-12-10,60.30052185058594,150.75094604492188,107.23380279541016,147.24220275878906,234.49563598632807,44.23320007324219,438.1324462890625,246.1970367431641,590.6658935546875,515.9209594726562
2024-12-11,60.04171371459961,147.85552978515625,106.51998138427734,146.50132751464844,235.142578125,44.5522575378418,443.7261047363281,244.9251708984375,595.2321166992188,525.1571044921875
2024-12-12,61.19194030761719,149.86441040039062,106.4248046875,145.0945587158203,233.21144104003903,44.5522575378418,444.2894287109375,246.38584899902344,592.1651000976562,521.7679443359375
2024-12-13,60.50180816650391,148.98727416992188,105.4920883178711,144.3067626953125,231.6762237548828,44.15584945678711,442.0262451171875,246.55474853515625,592.047607421875,525.7617797851562
2024-12-16,59.955448150634766,147.1481475830078,103.23644256591795,140.07705688476562,231.3285980224609,43.96247863769531,446.2956237792969,249.44625854492188,594.5755615234375,533.3329467773438
2024-12-17,60.77019119262695,147.26133728027344,102.79864501953124,138.90475463867188,230.150634765625,43.55640411376953,449.1319580078125,251.8707733154297,592.1257934570312,530.9842529296875
2024-12-18,60.24300765991211,145.64859008789062,101.28536224365234,135.12521362304688,222.43582153320312,42.05779266357422,432.2621154785156,246.4752655029297,574.478515625,511.82806396484375
2024-12-19,59.85960388183594,142.8568878173828,100.41925811767578,132.37730407714844,224.9366149902344,41.94176864624024,431.9063415527344,248.2041931152344,574.3019409179688,509.5486755371094
2024-12-20,59.955448150634766,144.10183715820312,100.76190185546876,133.9716796875,229.41680908203125,42.7055778503418,431.4813537597656,252.87437438964844,581.199951171875,513.9983520507812
2024-12-23,59.79249954223633,142.68711853027344,101.17115020751952,134.08421325683594,230.1795959472656,42.43486022949219,430.147216796875,253.6494140625,584.6802978515625,519.006103515625
2024-12-24,60.23342514038086,144.12069702148438,101.26632690429688,134.90013122558594,233.96458435058597,42.90861892700195,434.1793212890625,256.5608215332031,591.1790771484375,526.043701171875
2024-12-26,59.97462463378906,143.771728515625,101.35197448730467,135.03143310546875,234.7660217285156,43.0729866027832,432.9736328125,257.3755798339844,591.2183837890625,525.686279296875
2024-12-27,59.85960388183594,144.19615173339844,101.34246826171876,135.05018615722656,232.8638458251953,42.86994552612305,425.4825439453125,253.9673767089844,584.9949951171875,518.6983642578125
2024-12-30,59.45701217651367,143.09268188476562,100.6572036743164,134.17799377441406,231.07757568359372,42.45420455932617,419.849365234375,250.59890747070312,578.3192749023438,511.7997131347656
2024-12-31,59.6774787902832,143.41334533691406,102.37987518310548,135.8379669189453,231.4541473388672,42.49287796020508,416.5583801269531,248.8302001953125,576.21533203125,507.4521179199219
2025-01-02,59.274898529052734,141.66854858398438,102.13241577148438,137.59178161621094,231.73416137695312,42.82160568237305,413.6726379394531,242.30194091796875,574.7994995117188,506.4595336914063
2025-01-03,59.18863296508789,141.14039611816406,102.65587615966795,138.66091918945312,234.9011688232422,43.324363708496094,418.3866882324219,241.8150329589844,581.9864501953125,514.7477416992188
2025-01-06,58.287628173828125,137.9525909423828,102.54167938232422,138.10755920410156,233.7559356689453,43.89480209350586,422.833984375,243.44461059570312,585.3390502929688,520.663818359375
2025-01-07,58.31637954711914,137.13206481933594,103.50293731689452,140.29275512695312,236.00759887695312,44.5522575378418,417.418212890625,240.67233276367188,578.722412109375,511.3729248046875
2025-01-08,59.15029144287109,138.2072296142578,101.770751953125,140.95864868164062,235.96878051757807,44.67794418334961,419.58251953125,241.15921020507807,579.56787109375,511.4622802734375
2025-01-10,58.53683853149414,134.5290069580078,101.39956665039062,143.6221160888672,232.80479431152344,43.61441421508789,414.0382690429688,235.3463592529297,570.7192993164062,503.4420166015625
2025-01-13,59.0927848815918,136.28323364257812,104.01688385009766,145.69476318359375,237.01698303222656,43.56607437133789,412.2989501953125,232.91189575195312,571.604248046875,501.8240356445313
2025-01-14,59.46660232543945,136.70765686035156,104.42613983154295,147.1484375,240.18093872070312,44.26220703125,410.7967834472656,231.79904174804688,572.3908081054688,501.3475341796875
2025-01-15,59.20780563354492,136.54730224609375,106.12976837158205,148.48956298828125,244.91722106933597,45.53843688964844,421.3119812011719,236.35987854003903,582.8025512695312,512.8817749023438
2025-01-16,59.66789627075195,138.2072296142578,105.94894409179688,149.47430419921875,246.78065490722656,45.093692779541016,419.6022338867188,226.81089782714844,581.6817016601562,509.2884826660156
2025-01-17,60.10881042480469,139.8199920654297,106.90069580078124,151.43441772460938,251.52664184570312,44.987335205078125,424.0000915527344,228.5199737548828,587.5217895507812,517.8844604492188
2025-01-21,59.830841064453125,140.10293579101562,106.09170532226562,148.40518188476562,255.2826690673828,45.11302947998047,423.4763488769531,221.22657775878903,592.899658203125,520.9217529296875
2025-01-22,59.21738815307617,139.66908264160156,104.24530029296876,146.6888885498047,255.0982208251953,44.27187347412109,440.9688415527344,222.40902709960935,596.2326049804688,527.582275390625
2025-01-23,58.977760314941406,140.16897583007812,104.83538818359376,146.31375122070312,258.1166381835937,44.85198211669922,441.4728393554688,222.24008178710935,599.4868774414062,528.7039184570312
2025-01-24,59.3515739440918,140.64051818847656,103.4172821044922,145.9761199951172,257.0393371582031,44.9776725769043,438.8539123535156,221.3656768798828,597.7368774414062,525.7161865234375
2025-01-27,61.220699310302734,145.81834411621094,104.85442352294922,147.4579315185547,258.0196533203125,45.528770446777344,429.4653015136719,228.40072631835935,589.2816162109375,510.4100646972656
2025-01-28,59.77333450317383,141.7062530517578,102.8271942138672,146.50132751464844,259.2716064453125,45.28705978393555,441.95709228515625,236.74742126464844,594.344970703125,517.9539184570312
2025-01-29,60.22383499145508,141.81942749023438,103.42679595947266,146.01364135742188,258.7280578613281,45.20004653930664,437.1441650390625,237.84039306640625,591.680419921875,516.9811401367188
2025-01-30,61.39323425292969,143.262451171875,104.28337860107422,146.6044921875,260.3294677734375,45.17103958129883,410.1246948242188,236.0816650390625,594.8561401367188,519.1847534179688
2025-01-31,60.84687423706055,142.1212615966797,101.6755828857422,139.91761779785156,259.4268493652344,44.76496124267578,410.1938781738281,234.5017547607422,591.6903076171875,518.4303588867188
2025-02-03,60.722267150878906,141.7251434326172,101.92302703857422,140.0583038330078,258.9512634277344,44.67794418334961,406.1024169921875,226.5624847412109,587.7084350585938,514.28125
2025-02-04,60.07047653198242,135.33067321777344,104.65454864501952,143.69717407226562,260.04803466796875,45.16136932373047,407.5354614257813,231.3220672607422,591.6510620117188,520.59423828125
2025-02-05,60.50180816650391,137.3772735595703,104.5784149169922,143.48146057128906,262.46466064453125,45.5481071472168,408.4447021484375,230.99420166015625,594.0498657226562,522.9566040039062
2025-02-06,60.73184967041016,137.0849151611328,103.19837188720705,142.45921325683594,268.7441101074219,46.1572265625,410.9449768066406,231.7393951416016,596.1145629882812,525.686279296875
2025-02-07,61.19194030761719,136.35867309570312,103.63619232177734,143.1344451904297,267.6764831542969,45.8284912109375,404.9461669921875,226.1848907470703,590.657958984375,519.0557250976562
2025-02-10,61.87249755859375,136.1417694091797,105.61583709716795,146.0886688232422,263.0567321777344,45.12269592285156,407.3871765136719,226.45346069335935,594.6692504882812,525.3389282226562
2025-02-11,64.79598236083984,137.35838317871094,106.28205871582033,147.6548614501953,266.8903503417969,45.23871994018555,406.6163330078125,231.3973388671875,595.1216430664062,524.0882568359375
2025-02-12,65.85993957519531,135.80224609375,103.0843734741211,145.27273559570312,267.3368530273437,44.67794418334961,404.2444763183594,235.62501525878903,593.2044067382812,524.39599609375
2025-02-13,66.61717224121094,136.35867309570312,103.83338165283205,146.1918487548828,268.18121337890625,44.79397201538086,405.7268676757813,240.26052856445312,599.4672241210938,531.9398193359375
2025-02-14,66.0133056640625,135.23635864257812,103.93900299072266,147.30128479003906,268.4432373046875,45.403076171875,403.6416015625,243.3143615722656,599.4376831054688,534.1732177734375
2025-02-18,66.18584442138672,135.90599060058594,105.76351928710938,148.078857421875,271.70428466796875,44.987335205078125,404.8374938964844,243.18505859375,601.1975708007812,535.3842163085938
2025-02-19,67.16352081298828,137.51873779296875,105.91716003417967,149.09347534179688,271.02490234375,44.48458099365234,409.90728759765625,243.58294677734372,602.61328125,535.5331420898438
2025-02-20,67.134765625,140.6216583251953,107.54959106445312,150.57272338867188,258.94158935546875,43.798118591308594,412.0759887695313,244.53790283203125,600.1063232421875,533.2599487304688
2025-02-21,68.39042663574219,144.77146911621094,106.29166412353516,148.79953002929688,256.45703125,43.324363708496094,404.2331237792969,244.25938415527344,589.8419799804688,522.1923217773438
2025-02-24,67.66194915771484,145.10157775878906,106.84860229492188,149.71932983398438,253.6424102783203,42.98596954345703,400.0641174316406,245.80123901367188,587.157958984375,516.0282592773438
2025-02-25,68.52462005615234,147.5254364013672,105.36979675292967,148.3253936767578,249.81846618652344,42.48320388793945,394.0235595703125,245.74154663085935,584.2378540039062,509.5266723632813
2025-02-26,67.86324310302734,142.8946075439453,105.11053466796876,147.1116485595703,251.16754150390625,42.48320388793945,395.8357543945313,239.0966644287109,584.5328979492188,510.7575378417969
2025-02-27,67.93034362792969,143.37562561035156,105.77310943603516,148.5624542236328,251.41986083984372,42.65724182128906,388.7058410644531,236.05276489257807,575.2025756835938,496.5731201171875
2025-02-28,68.25623321533203,144.74317932128906,106.90621948242188,150.41152954101562,256.8548889160156,44.571590423583984,393.1224365234375,240.56890869140625,584.178955078125,504.4147338867188
2025-03-03,69.3201904296875,147.119873046875,103.47808074951172,145.167724609375,252.94363403320312,44.04949951171875,384.7052001953125,236.7789001464844,573.9442138671875,493.37689208984375
2025-03-04,67.27854919433594,145.4222412109375,103.2668228149414,144.13412475585938,242.8790740966797,41.25531768798828,384.8240356445313,234.68994140625,567.1504516601562,491.8879699707031
2025-03-05,67.17311096191406,145.12985229492188,101.2502670288086,143.00570678710938,244.1213531494141,40.88791275024414,397.1131286621094,234.50094604492188,573.2460327148438,498.3002624511719
2025-03-06,67.537353515625,145.81834411621094,103.34364318847656,145.0349578857422,239.27833557128903,40.085426330566406,393.0234375,234.09310913085935,563.0703735351562,484.59228515625
2025-03-07,68.46710968017578,146.94583129882812,104.68801879882812,148.24952697753906,235.14382934570312,40.28002166748047,389.478271484375,237.8134613037109,566.2262573242188,488.1557922363281
2025-03-10,68.48627471923828,148.6680145263672,107.35755157470705,149.4158935546875,225.3801422119141,38.75249481201172,376.4563598632813,226.2843475341797,551.1444702148438,469.2366638183594
2025-03-11,68.09329986572266,144.938232421875,104.82245635986328,146.1064910888672,222.39085388183597,38.53844451904297,376.74359130859375,219.67926025390625,546.5629272460938,468.114990234375
2025-03-12,67.03892517089844,140.9801025390625,104.79364013671876,144.7694549560547,221.18739318847656,38.8303337097168,379.53607177734375,215.83956909179688,549.4633178710938,473.3956909179688
2025-03-13,66.73219299316406,141.141845703125,104.35192108154295,145.6608123779297,218.5572052001953,38.59682083129883,375.0798950195313,208.5779266357422,542.1386108398438,464.8790893554688
2025-03-14,66.78046417236328,141.37969970703125,107.45358276367188,148.8943634033203,225.5936584472656,39.783817291259766,384.7745666503906,212.36788940429688,553.3368530273438,476.1154174804688
2025-03-17,67.70744323730469,143.99627685546875,109.23966217041016,150.50637817382812,227.03976440429688,40.318939208984375,384.9132080078125,212.87522888183597,557.6039428710938,479.202392578125
2025-03-18,66.99288940429688,141.76028442382812,109.12443542480467,152.48822021484375,228.0491180419922,40.52325439453125,379.78363037109375,211.57211303710935,551.5770263671875,471.0332336425781
2025-03-19,66.8963394165039,140.92300415039062,110.82411193847656,155.56056213378906,232.0671844482422,41.0681037902832,384.041748046875,214.1087188720703,557.5842895507812,477.33636474609375
2025-03-20,67.3115463256836,140.00958251953125,111.2946319580078,156.2432861328125,231.9701232910156,41.33080291748047,383.07135009765625,212.9747009277344,555.9718627929688,475.7183837890625
2025-03-21,66.30732727050781,138.39207458496094,110.9105224609375,156.2243194580078,234.5129547119141,41.32107162475586,387.4482421875,217.12277221679688,556.1552734375,477.2866821289063
2025-03-24,66.57769012451172,139.3435516357422,111.1986083984375,156.48036193847656,240.75357055664065,41.90484237670898,389.2504577636719,219.56983947753903,566.1151733398438,487.7604370117188
2025-03-25,66.44251251220703,138.4777069091797,111.95721435546876,157.35275268554688,243.733154296875,42.10915756225586,391.3102416992188,222.5739898681641,567.47607421875,490.54388427734375
2025-03-26,67.61087799072266,141.42726135253906,113.57044982910156,159.2777099609375,243.6361083984375,41.66160583496094,386.1708068847656,220.3656463623047,560.701416015625,481.517578125
2025-03-27,68.30610656738281,142.4073028564453,113.20555877685548,158.0260009765625,240.8118133544922,41.40863800048828,386.7748718261719,222.67344665527344,559.2123413085938,478.7738342285156
2025-03-28,67.94884490966797,142.02671813964844,113.05191802978516,157.49497985839844,235.6970367431641,40.13408279418945,375.109619140625,216.75473022460935,547.9506225585938,466.1687622070313
2025-03-31,69.15583038330078,142.66421508789062,114.20423126220705,158.6328887939453,238.07485961914065,40.60109329223633,371.73291015625,220.9624786376953,551.6289672851562,466.14886474609375
2025-04-01,69.39723205566406,142.4073028564453,114.3098602294922,159.78973388671875,236.48318481445312,40.36758804321289,378.4666137695313,222.0169219970703,553.18701171875,469.9065551757813
2025-04-02,68.87580108642578,141.8839874267578,113.95455169677734,157.85531616210938,238.5795745849609,40.71784210205078,378.4171447753906,222.71324157714844,556.6878051757812,473.336181640625
2025-04-03,70.66215515136719,144.02481079101562,107.96251678466795,148.04092407226562,221.95411682128903,36.21309661865234,369.47503662109375,202.1220245361328,529.2537841796875,447.9967651367188
2025-04-04,67.52397155761719,139.49578857421875,100.1939697265625,135.86537170410156,205.34344482421875,33.459659576416016,356.3343505859375,187.389892578125,498.2696533203125,420.1722412109375
2025-04-07,66.01766204833984,136.2417449951172,98.84960174560548,132.89736938476562,209.40577697753903,34.61746597290039,354.3736572265625,180.5062561035156,497.3821716308594,421.1861877441406
2025-04-08,66.06593322753906,133.4919891357422,96.76583862304688,129.84397888183594,211.7787170410156,34.08234405517578,351.1058044433594,171.51377868652344,489.591796875,413.6012573242188
2025-04-09,67.54328155517578,138.52528381347656,101.5959701538086,138.4730682373047,228.83859252929688,36.144996643066406,386.6857604980469,197.8048553466797,541.0084228515625,463.24615478515625
2025-04-10,68.3254165649414,137.14564514160156,95.9592056274414,127.99490356445312,221.7783203125,34.88016128540039,377.6347961425781,189.41915893554688,517.302001953125,443.5432434082031
2025-04-11,68.97236633300781,137.42156982421875,99.04165649414062,128.6112518310547,230.65493774414065,34.97745513916016,384.6656188964844,197.1085205078125,526.5320434570312,451.7146911621094
2025-04-14,69.95726776123047,139.62899780273438,99.28172302246094,128.3173065185547,229.2096710205078,35.677974700927734,384.0318908691406,201.4555511474609,531.6401977539062,454.7765197753906
2025-04-15,69.3875732421875,135.90872192382812,99.00325775146484,127.57764434814452,227.6569976806641,36.9622688293457,381.9721374511719,201.0775451660156,530.151123046875,455.2834777832031
2025-04-16,69.2137680053711,133.2921600341797,100.04994201660156,128.35523986816406,224.2196350097656,36.320125579833984,367.98968505859375,193.2489318847656,518.3668823242188,441.5550842285156
2025-04-17,70.48834991455078,135.90872192382812,102.67144775390624,130.73533630371094,226.5144805908203,36.39795684814453,364.1969909667969,195.94467163085935,519.1064453125,441.4755859375
2025-04-21,70.26625061035156,134.8525848388672,101.16384887695312,126.80958557128906,223.61419677734372,35.92121505737305,355.6213684082031,192.14476013183597,506.7503356933594,430.5504455566406
2025-04-22,71.35738372802734,136.4986572265625,103.99663543701172,130.19483947753906,230.05923461914065,37.28334045410156,363.246337890625,198.69017028808597,519.934814453125,441.8533325195313
2025-04-23,70.77803039550781,135.35687255859375,103.10358428955078,129.60691833496094,235.2250823974609,37.70170593261719,370.7426452636719,203.52462768554688,527.9915161132812,451.873779296875
2025-04-24,70.02485656738281,128.74411010742188,104.31350708007812,131.8732452392578,238.89678955078125,38.509254455566406,383.52679443359375,207.2748107910156,539.1051635742188,464.5881958007813
2025-04-25,69.43584442138672,126.90778350830078,104.25589752197266,131.5508270263672,237.83238220214844,38.61627578735352,388.0325012207031,208.1800079345703,543.0003662109375,469.7673950195313
2025-04-28,69.31997680664062,127.26932525634766,104.31350708007812,132.84994506835938,237.51011657714844,38.70384216308594,387.3492431640625,209.03550720214844,543.2074584960938,469.6182556152344
2025-04-29,69.86070251464844,127.79263305664062,104.0542449951172,132.09133911132812,238.87725830078125,38.90816879272461,390.2012023925781,210.09988403320312,546.6293334960938,472.7198181152344
2025-04-30,70.0538330078125,129.0010223388672,101.43272399902344,129.01901245117188,238.87725830078125,38.80113983154297,391.4092712402344,211.3831024169922,546.84619140625,472.66015625
2025-05-01,68.8371810913086,127.06952667236328,101.57675170898438,129.2086639404297,241.09397888183597,39.08329391479492,421.2556457519531,212.1988067626953,550.7216796875,478.8334655761719
2025-05-02,69.18479919433594,127.25983428955078,101.98966979980467,131.33274841308594,246.58203125,39.958946228027344,431.0393981933594,204.27069091796875,558.896728515625,485.9411926269531
2025-05-05,69.23307800292969,125.58521270751952,99.16649627685548,128.4879913330078,246.6308441162109,40.007591247558594,431.9207458496094,197.8446350097656,555.6917724609375,483.058349609375
2025-05-06,69.25239562988281,124.39588165283205,100.5492706298828,128.58282470703125,243.3985748291016,39.73516845703125,429.0885925292969,197.4666290283203,551.047119140625,478.5650634765625
2025-05-07,69.90899658203125,125.51861572265624,100.4532470703125,128.7629852294922,243.5352783203125,39.82273483276367,429.1282348632813,195.218505859375,553.3645629882812,480.4439086914063
2025-05-08,68.7213134765625,125.05238342285156,101.85523986816406,129.9482879638672,247.5195159912109,40.474605560302734,433.9012451171875,196.45199584960935,557.2202758789062,485.4044494628906
2025-05-09,68.09366607666016,124.11043548583984,103.04595947265624,131.32327270507812,247.1386566162109,40.65946960449219,434.4557800292969,197.4865264892578,556.5103149414062,485.0863037109375
2025-05-12,67.13773345947266,125.29025268554688,104.82245635986328,134.29129028320312,253.94500732421875,42.18699645996094,444.8832092285156,209.95704650878903,574.9015502929688,504.8488159179688
2025-05-13,66.58735656738281,123.98673248291016,105.11053466796876,134.9835205078125,256.8355407714844,43.08210754394531,444.764404296875,212.08859252929688,578.6981811523438,512.5430908203125
2025-05-14,66.78046417236328,122.21700286865234,104.16947174072266,134.3386993408203,259.40380859375,43.5296630859375,448.52734375,211.490966796875,579.4376831054688,515.61474609375
2025-05-15,69.14617156982422,125.1189956665039,105.2258071899414,134.89816284179688,261.2103576660156,43.17940139770508,449.5392761230469,210.61444091796875,582.2678833007812,516.1815185546875
2025-05-16,69.52275085449219,125.57571411132812,104.8478546142578,134.7464599609375,261.2787170410156,43.48101806640625,450.6702575683594,210.4252014160156,585.9559936523438,518.4281616210938
2025-05-19,69.45516204833984,125.39492797851562,103.18098449707033,132.92283630371094,258.66162109375,43.55885314941406,455.2337646484375,207.9550018310547,586.596923828125,518.9251708984375
2025-05-20,69.22342681884766,125.40444946289062,101.70793151855467,131.75186157226562,259.44287109375,43.48101806640625,454.5393371582031,206.04258728027344,584.6246948242188,517.1954345703125
2025-05-21,69.37792205810547,123.8344955444336,100.4577865600586,130.11061096191406,254.91177368164065,42.07997512817383,448.9837036132813,201.2914276123047,574.7732543945312,510.0081481933594
2025-05-22,68.69235229492188,123.80596923828124,99.7891082763672,129.85145568847656,254.5504913330078,42.13835144042969,451.2555541992188,200.56431579589844,575.0001220703125,510.9624938964844
2025-05-23,69.30066680908203,123.06380462646484,99.84725189208984,131.05120849609375,254.58950805664065,42.03132629394531,446.6126403808594,194.49839782714844,571.0753173828125,506.2305908203125
2025-05-27,69.31031799316406,124.99530029296876,100.32211303710938,132.2893524169922,259.06201171875,43.02373123168945,457.0393371582031,199.4188690185547,582.9483032226562,518.1397705078125
2025-05-28,68.7020034790039,124.32927703857422,98.95567321777344,130.5521240234375,257.30426025390625,42.86805725097656,453.7357482910156,199.62803649902344,579.5757446289062,515.8434448242188
2025-05-29,69.0302963256836,125.51861572265624,99.51775360107422,132.36614990234375,258.1636047363281,43.04319381713867,455.0453186035156,199.15988159179688,581.8635864257812,516.8574829101562
2025-05-30,69.61930847167969,125.07142639160156,99.13980865478516,131.20477294921875,257.8022766113281,42.9361686706543,456.71197509765625,200.05633544921875,581.2127685546875,516.042236328125
2025-06-02,69.52275085449219,124.55764770507812,99.86663055419922,132.2989501953125,258.4468078613281,42.88752365112305,458.3092346191406,200.90298461914065,584.4866943359375,520.1181640625
2025-06-03,68.71166229248047,125.45201873779295,100.5934600830078,133.9402313232422,260.0189819335937,43.44210052490234,459.3013000488281,202.46676635742188,587.8197631835938,524.183837890625
2025-06-04,68.9144287109375,125.34734344482422,99.13980865478516,131.84783935546875,258.01708984375,43.159942626953125,460.1941223144531,202.0185546875,587.6619262695312,525.6452026367188
2025-06-05,68.47026824951172,124.74791717529295,98.68431854248048,131.396728515625,255.80044555664065,43.17940139770508,463.9739685058594,199.83718872070312,584.8218994140625,521.688720703125
2025-06-06,68.8951187133789,125.0778579711914,101.04894256591795,134.57369995117188,259.4916687011719,44.01128387451172,466.6525573730469,203.11419677734372,590.8274536132812,526.788330078125
2025-06-09,69.30066680908203,125.01053619384766,101.72732543945312,135.1015625,260.4779357910156,43.91341018676758,469.00384521484375,200.6539459228516,591.3599243164062,527.5638427734375
2025-06-10,69.86070251464844,126.8093032836914,103.9078140258789,137.58746337890625,262.2943115234375,44.12872314453125,467.1882934570313,201.869140625,594.7127685546875,531.0531005859375
2025-06-11,69.59034729003906,124.95279693603516,105.9332504272461,138.95997619628906,261.8548583984375,43.776397705078125,468.8748474121094,197.9945068359375,593.0166015625,529.263671875
2025-06-12,69.7544937133789,127.26142120361328,106.34027099609376,139.142333984375,261.9427490234375,43.668739318847656,475.0752868652344,198.4128570556641,595.3734741210938,530.5062255859375
2025-06-13,69.06404876708984,125.86662292480467,108.6564483642578,140.0445556640625,258.7300109863281,43.15004348754883,471.1962890625,195.6737060546875,588.7171020507812,523.845947265625
2025-06-16,68.57781219482422,126.40531158447266,109.0053253173828,140.1597137451172,264.0129699707031,43.46321487426758,475.3431701660156,197.6359405517578,594.318359375,531.132568359375
2025-06-17,67.7026138305664,124.36603546142578,110.47836303710938,142.86636352539062,263.1927185058594,43.28705596923828,474.25189208984375,194.86691284179688,589.2398681640625,525.953369140625
2025-06-18,67.30389404296875,124.15442657470705,109.69339752197266,142.23289489746094,267.5284423828125,44.099365234375,476.4344482421875,195.80322265625,589.1510009765625,525.8638916015625
2025-06-20,66.94408416748047,124.15442657470705,111.15674591064452,143.53822326660156,268.5440368652344,44.52998352050781,473.6169738769531,200.20574951171875,587.7673950195312,523.7166748046875
2025-06-23,67.81930541992188,124.17365264892578,108.2881851196289,140.95635986328125,271.7372741699219,45.312931060791016,482.1488037109375,200.70376586914065,593.572998046875,529.1017456054688
2025-06-24,68.27635955810547,126.05901336669922,104.99321746826172,137.7794189453125,274.6570739746094,45.66525268554688,486.2261962890625,199.5084991455078,600.13037109375,537.1928100585938
2025-06-25,67.71232604980469,123.14441680908205,105.02229309082033,137.47227478027344,277.391357421875,45.8511962890625,488.36907958984375,200.7635040283203,600.4666748046875,538.5661010742188
2025-06-26,67.55674743652344,123.3367919921875,106.59224700927734,138.63365173339844,281.97125244140625,46.44819641113281,493.508056640625,200.20574951171875,605.1646118164062,543.6018676757812
2025-06-27,68.39305877685547,126.04938507080078,106.00109100341795,138.00978088378906,280.3697509765625,46.11544418334961,492.0100402832031,200.28543090820312,608.1712646484375,545.4629516601562
2025-06-30,68.8014907836914,127.01132202148438,104.46990203857422,137.43389892578125,283.1040344238281,46.311180114746094,493.4684143066406,204.35926818847656,611.0790405273438,548.9959106445312
2025-07-01,69.6961441040039,130.10867309570312,105.86541748046876,139.71823120117188,283.59228515625,47.12348937988281,488.15087890625,206.9987945556641,610.8812866210938,544.3682250976562
2025-07-02,68.95709228515625,131.28221130371094,107.61949920654295,142.0313262939453,285.1449890136719,47.67154693603516,487.198486328125,211.6005401611328,613.650634765625,548.159912109375
2025-07-03,69.38496398925781,130.22410583496094,108.73397064208984,142.40567016601562,290.443603515625,47.88685989379883,494.8870849609375,212.70616149902344,618.4869995117188,553.553955078125
2025-07-07,69.05432891845703,129.32952880859375,107.67765045166016,141.4746551513672,286.4892272949219,47.62261199951172,493.7759399414063,209.1203765869141,613.8780517578125,549.3840942382812
2025-07-08,68.30553436279297,129.89706420898438,110.66250610351562,147.0799102783203,277.4717712402344,46.144805908203125,492.68463134765625,209.18014526367188,613.5418090820312,549.6926879882812
2025-07-09,67.56646728515625,129.35838317871094,110.28455352783205,146.86874389648438,277.8446350097656,45.8414192199707,499.5200805664063,210.3056640625,617.2210083007812,553.5838623046875
2025-07-10,67.8484878540039,130.89744567871094,111.379638671875,147.97250366210938,282.7801818847656,45.96864318847656,497.5061645507813,211.5706787109375,618.9617919921875,552.7877197265625
2025-07-11,67.94571685791016,130.10867309570312,111.86418914794922,149.06668090820312,281.47515869140625,45.73375701904297,499.33154296875,210.3255920410156,616.7858276367188,551.5435791015625
2025-07-14,67.55674743652344,130.40687561035156,110.40084075927734,145.5537872314453,283.2806701660156,46.06650924682617,499.033935546875,207.79563903808597,617.9627685546875,553.5440063476562
2025-07-15,67.44976806640625,128.71389770507812,109.42205047607422,144.6324005126953,281.17095947265625,45.16613006591797,501.8117370605469,208.28369140625,615.3220825195312,554.051513671875
2025-07-16,67.36224365234375,130.1952667236328,108.76304626464844,143.89334106445312,280.4546813964844,45.04868316650391,501.61334228515625,209.3295440673828,617.3792724609375,554.6188354492188
2025-07-17,68.64588928222656,139.9009552001953,108.21066284179688,145.29466247558594,284.4580993652344,46.017578125,507.6451721191406,209.1901092529297,621.1574096679688,559.107177734375
2025-07-18,67.92626953125,137.78475952148438,104.4408187866211,144.00851440429688,285.8023986816406,46.311180114746094,506.0082092285156,210.34552001953125,620.7024536132812,558.56982421875
2025-07-21,68.14021301269531,136.3034210205078,104.7121810913086,143.66297912597656,285.50799560546875,46.467769622802734,506.0181274414063,211.64036560058597,621.87939453125,561.4658813476562
2025-07-22,67.74151611328125,140.47811889648438,105.18704223632812,144.00851440429688,285.9593811035156,46.751590728759766,501.2660827636719,213.55279541015625,621.9684448242188,558.5598754882812
2025-07-23,67.2552719116211,140.11260986328125,106.53410339355467,146.96470642089844,291.1893005371094,47.11369323730469,501.8613586425781,213.3037872314453,627.259765625,561.1075439453125
2025-07-24,67.19693756103516,139.00637817382812,107.36753845214844,149.56578063964844,290.9832458496094,47.35837173461914,506.8316345214844,212.91531372070312,627.4674682617188,562.3018798828125
2025-07-25,67.26499938964844,137.98675537109375,106.98957824707033,148.6155548095703,293.014404296875,47.417091369628906,509.6392822265625,213.0348663330078,630.1181030273438,563.6553344726562
2025-07-28,66.2147445678711,136.17837524414062,107.99745178222656,149.9976806640625,292.6807861328125,47.20177459716797,508.4388122558594,213.2041778564453,629.9598999023438,565.4168090820312
2025-07-29,67.46920776367188,138.41000366210938,109.3929672241211,150.71754455566406,291.46405029296875,46.92774963378906,508.50823974609375,210.4351501464844,628.2982788085938,564.541015625
2025-07-30,66.85657501220703,137.41921997070312,108.44325256347656,147.38702392578125,294.0054626464844,46.93753433227539,509.17291259765625,208.2239227294922,627.5070190429688,565.2974853515625
2025-07-31,66.02024841308594,132.66737365722656,108.19126892089844,145.54421997070312,290.6791076660156,46.262245178222656,529.2723388671875,206.74978637695312,625.153076171875,562.3018798828125
2025-08-01,66.96353912353516,133.97557067871094,106.25305938720705,145.3138427734375,283.93804931640625,44.68657302856445,519.956787109375,201.58029174804688,614.9065551757812,551.2251586914062
2025-08-04,67.060791015625,134.24488830566406,104.05318450927734,144.96832275390625,288.7362670898437,44.87251663208008,531.3955078125,202.5464782714844,624.2530517578125,561.3961791992188
2025-08-05,67.1483154296875,134.1390838623047,103.9272003173828,146.88792419433594,285.9004821777344,44.58870315551758,523.5679321289062,202.11813354492188,621.088134765625,557.5845336914062
2025-08-06,67.59564208984375,135.43768310546875,103.2197494506836,146.6383819580078,285.880859375,44.45168685913086,520.7802734375,212.40733337402344,625.8455200195312,564.6007690429688
2025-08-07,68.49030303955078,138.43885803222656,102.67703247070312,147.00311279296875,281.5536499023437,43.96234130859375,516.7127685546875,219.1605529785156,625.3212890625,566.5115356445312
2025-08-08,68.40277862548828,139.67974853515625,103.50079345703124,148.77871704101562,283.33953857421875,45.02910614013672,517.9031982421875,228.44374084472656,630.1972045898438,571.7960815429688
2025-08-11,68.8014907836914,139.35267639160156,102.56075286865234,147.2814483642578,284.12451171875,45.17591094970703,517.6354370117188,226.53909301757807,628.9509887695312,570.1041870117188
2025-08-12,68.76258850097656,141.27650451660156,102.85147857666016,148.23162841796875,287.3527526855469,46.48735046386719,525.0462036132812,229.00210571289065,635.6467895507812,577.2697143554688
2025-08-13,68.51947784423828,143.6620635986328,104.27606964111328,149.60414123535156,285.0762634277344,46.23289108276367,516.454833984375,232.6717529296875,637.82275390625,577.558349609375
2025-08-14,67.63453674316406,142.95985412597656,104.0628662109375,148.92269897460938,288.6381530761719,46.692867279052734,518.3397216796875,232.1233062744141,637.882080078125,577.1105346679688
2025-08-15,67.99433898925781,144.6720733642578,104.16068267822266,150.25682067871094,285.0370178222656,45.93927764892578,516.0479736328125,230.9366607666016,636.388671875,574.57275390625
2025-08-18,67.22610473632812,143.8544464111328,104.38565063476562,149.07627868652344,286.0575256347656,46.89838790893555,513.0023193359375,230.23863220214844,636.2501831054688,574.3438110351562
2025-08-19,68.19856262207031,146.3650360107422,105.0703353881836,147.51377868652344,285.203857421875,47.05498123168945,505.7304382324219,229.9095764160156,632.7984008789062,566.5513916015625
2025-08-20,68.75286865234375,144.989501953125,106.15605926513672,148.69778442382812,286.754150390625,47.319217681884766,501.7125549316406,225.3723907470703,631.1170654296875,563.1876220703125
2025-08-21,68.7139663696289,143.30613708496094,106.84075164794922,150.95901489257812,285.9986267089844,47.23114013671875,501.066650390625,224.26551818847656,628.5850830078125,560.5801391601562
2025-08-22,68.19856262207031,143.94100952148438,108.84590911865234,153.51138305664062,290.6791076660156,48.42513275146485,504.0378112792969,227.1174468994141,638.2380981445312,569.2284545898438
2025-08-25,67.0316162109375,142.5558624267578,109.29584503173828,153.53079223632812,289.3642578125,48.42513275146485,501.0865173339844,226.5191650390625,635.4292602539062,567.5863647460938
2025-08-26,66.83712005615234,141.40155029296875,109.0513153076172,152.715576171875,292.9653625488281,49.17871475219727,498.8804626464844,228.6630859375,638.0897216796875,569.8654174804688
2025-08-27,66.93437194824219,142.0172119140625,110.28375244140624,154.5401153564453,293.6620483398437,49.305946350097656,503.5509033203125,229.8397674560547,639.543701171875,570.7412109375
2025-08-28,66.47731018066406,141.38233947753906,110.8706283569336,154.6177520751953,295.4184265136719,49.4135971069336,506.4326477050781,231.90391540527344,641.80859375,574.31396484375
2025-08-29,67.08995819091797,142.9887237548828,111.79006958007812,155.85997009277344,295.7618713378906,49.65827178955078,503.5011901855469,231.485107421875,637.98095703125,567.666015625
2025-09-02,67.15802764892578,144.556640625,112.18131256103516,157.0536651611328,294.0741271972656,49.3450927734375,501.9410705566406,229.07192993164065,633.2533569335938,562.908935546875
2025-09-03,67.08995819091797,142.97909545898438,109.4621353149414,153.39492797851562,293.8877258300781,48.992767333984375,502.1696472167969,237.79725646972656,636.685302734375,567.337646484375
2025-09-04,66.37034606933594,141.29576110839844,109.94140625,153.03585815429688,298.1168518066406,49.540828704833984,504.7731323242188,239.1035614013672,642.0064086914062,572.4728393554688
2025-09-05,66.08832550048828,142.19229125976562,106.84075164794922,149.12478637695312,288.8540344238281,48.97988128662109,491.884765625,239.0137939453125,640.1469116210938,573.298828125
2025-09-08,65.57292938232422,137.64649963378906,107.44718170166016,149.4547576904297,287.41162109375,48.674800872802734,495.0646362304688,237.2089080810547,641.7196044921875,576.0953369140625
2025-09-09,65.99108123779297,138.9966278076172,108.2296905517578,150.27967834472656,292.2588806152344,49.49162292480469,495.2733154296875,233.6888732910156,643.2031860351562,577.7276000976562
2025-09-10,65.95217895507812,138.56924438476562,110.03923034667967,153.1328887939453,294.8983459472656,49.33416366577149,497.2209777832031,226.15020751953125,645.0625,577.9166870117188
2025-09-11,65.75769805908203,140.09422302246094,109.68710327148438,153.57931518554688,299.8241577148437,49.94432067871094,497.8569641113281,229.3810577392578,650.423095703125,581.2803955078125
2025-09-12,65.16448974609375,139.414306640625,109.70665740966795,152.47296142578125,301.1488342285156,49.77701950073242,506.6910095214844,233.40966796875,650.20556640625,583.8480224609375
2025-09-15,64.88031768798828,136.607177734375,109.89250183105467,152.6670684814453,303.1014404296875,49.78686141967773,512.1166381835938,236.03224182128903,653.6671142578125,588.843994140625
2025-09-16,64.90971374511719,136.01466369628906,112.17153930664062,154.83123779296875,303.385986328125,49.855751037597656,505.8364562988281,237.4781494140625,652.76708984375,588.346435546875
2025-09-17,65.69364929199219,137.1802520751953,112.76819610595705,155.36500549316406,305.89794921875,50.58400344848633,506.8102416992188,238.3157958984375,651.9561157226562,587.1720581054688
2025-09-18,65.12529754638672,136.69459533691406,111.4379425048828,154.1519012451172,307.3501892089844,51.30241394042969,505.2501525878906,237.2089080810547,655.0023803710938,592.466552734375
2025-09-19,65.09589385986328,137.69505310058594,110.35221862792967,151.5995330810547,308.8710632324219,51.42050552368164,514.6705322265625,244.80740356445312,658.2465209960938,596.4771728515625
2025-09-22,64.88031768798828,136.98597717285156,109.56971740722656,151.4442596435547,306.57501220703125,51.09574508666992,511.21240234375,255.3575592041016,661.3607177734375,600.0083618164062
2025-09-23,65.37026977539062,137.83103942871094,111.45750427246094,152.77381896972656,306.8693542480469,50.87923812866211,506.0252380371094,253.71221923828125,657.7605590820312,596.02294921875
2025-09-24,65.11549377441406,138.09329223632812,112.05416107177734,154.48187255859375,307.53662109375,50.87923812866211,506.9394226074219,251.59820556640625,655.6678466796875,593.9305419921875
2025-09-25,64.65493774414062,135.90782165527344,113.06163024902344,155.97642517089844,307.5660705566406,51.026851654052734,503.8390502929688,256.1453552246094,652.6429443359375,591.3699340820312
2025-09-26,64.35115814208984,136.4129180908203,114.6559829711914,155.43295288085938,310.12701416015625,51.381141662597656,508.2411804199219,254.73931884765625,656.3818969726562,593.801025390625
2025-09-29,64.71372985839844,136.15065002441406,111.72160339355467,151.49276733398438,309.76397705078125,51.58780670166016,511.3613586425781,253.71221923828125,658.2266845703125,596.5509643554688
2025-09-30,64.98810577392578,136.4129180908203,110.28375244140624,150.7066650390625,309.50885009765625,50.7709846496582,514.6903686523438,253.9116668701172,660.7060546875,598.18505859375
2025-10-01,65.4388656616211,139.0354766845703,109.54037475585938,150.01763916015625,304.8774719238281,49.87543487548828,516.439208984375,254.72935485839844,662.9574584960938,601.0545043945312
2025-10-02,64.77252197265625,138.22927856445312,108.8556900024414,148.8433380126953,301.7767944335937,49.67860794067383,512.4942626953125,256.40460205078125,663.7210693359375,603.5254516601562
2025-10-03,65.31147766113281,137.9087371826172,110.78260040283205,149.01803588867188,304.2102355957031,49.83606719970703,514.0940551757812,257.2920837402344,663.7113037109375,600.9848022460938
2025-10-06,64.77252197265625,135.69410705566406,111.70203399658205,149.4741668701172,304.8511047363281,49.59003829956055,525.2435302734375,255.96585083007807,666.0914916992188,605.498291015625
2025-10-07,65.44866180419922,136.75286865234375,111.76072692871094,150.33790588378906,303.3819885253906,49.49162292480469,520.682373046875,255.7564392089844,663.6220092773438,602.3099365234375
2025-10-08,64.79212188720703,134.85877990722656,111.52597045898438,149.2024383544922,299.77325439453125,49.04876708984375,521.5468139648438,257.3320007324219,667.5791625976562,609.2147827148438
2025-10-09,65.03710174560547,140.5604705810547,110.44026184082033,147.1644287109375,301.2522277832031,48.99956130981445,519.1123046875,253.3233184814453,665.6452026367188,608.4774169921875
2025-10-10,65.69364929199219,145.77647399902344,108.30794525146484,144.50527954101562,296.6772155761719,47.87765884399414,507.7443237304688,244.57806396484372,647.6542358398438,587.3546142578125
2025-10-13,65.4584732055664,144.62059020996094,109.78490447998048,147.45555114746094,303.6580505371094,48.08432769775391,510.81488037109375,246.96131896972656,657.5919189453125,599.8190307617188
2025-10-14,66.15421295166016,147.19459533691406,109.83381652832033,147.8922882080078,297.8505249023437,49.29479598999024,510.3379211425781,247.07101440429688,656.78857421875,595.8236083984375
2025-10-15,65.73284149169922,146.8255157470703,109.16868591308594,147.62054443359375,301.40997314453125,51.45003128051758,510.1987915039063,248.63658142089844,659.7044067382812,600.0281982421875
2025-10-16,66.23258972167969,148.29220581054688,108.21990203857422,147.2323455810547,294.360107421875,49.63924026489258,508.3902587890625,246.75192260742188,655.211669921875,597.8063354492188
2025-10-17,67.0655288696289,149.30238342285156,109.78490447998048,148.56192016601562,293.3938293457031,50.46590805053711,510.3478698730469,251.5782470703125,658.9308471679688,601.7320556640625
2025-10-20,67.0655288696289,149.23440551757812,110.23484802246094,149.92059326171875,298.1265869140625,51.213844299316406,513.5376586914062,261.50018310546875,665.7840576171875,609.3142700195312
2025-10-21,69.7896957397461,148.78758239746094,110.24462890625,149.25094604492188,292.9303894042969,50.70209503173828,514.4021606445312,262.0287170410156,665.7741088867188,609.1549682617188
2025-10-22,69.38793182373047,148.6418914794922,112.2008819580078,150.97842407226562,289.9920959472656,50.28876495361328,517.2640380859375,257.72088623046875,662.312744140625,603.286376953125
2025-10-23,68.53541564941406,147.16546630859375,113.44309997558594,151.93919372558594,290.4161071777344,50.93828201293945,517.2838745117188,258.8476867675781,666.2402954101562,608.3578491210938
2025-10-24,68.31002807617188,147.20431518554688,112.86600494384766,150.9687042236328,296.2334899902344,51.73542785644531,520.3146362304688,262.0785522460937,671.6851806640625,614.8540649414062
2025-10-27,68.65299987792969,148.2533721923828,113.40397644042967,150.6969757080078,299.8915405273437,52.17828369140625,528.1749877929688,268.0516662597656,679.6094970703125,625.8041381835938
2025-10-28,68.75099182128906,145.81532287597656,112.51388549804688,149.5809326171875,301.0845947265625,52.03066253662109,538.6585083007812,268.2411193847656,681.41455078125,630.6165771484375
2025-10-29,66.97733306884766,141.9688720703125,113.90281677246094,150.5222930908203,301.2325134277344,51.74526977539063,538.1417846679688,268.93914794921875,681.7418212890625,633.4562377929688
2025-10-30,67.59468841552734,143.31903076171875,112.18131256103516,148.98892211914062,305.10748291015625,52.18811798095703,522.4512329101562,270.63433837890625,674.2440185546875,623.7715454101562
2025-10-31,67.51628875732422,141.90089416503906,111.85853576660156,153.06497192382812,306.7639465332031,52.60145568847656,514.5512084960938,269.6072692871094,676.4556884765625,626.7805786132812
2025-11-03,66.60496520996094,139.4822998046875,111.27165985107422,149.4935760498047,305.0187683105469,52.70970916748047,513.776123046875,268.2909545898437,677.7251586914062,629.7796020507812
2025-11-04,67.28111267089844,138.80235290527344,111.64334106445312,148.86276245117188,304.920166015625,52.69002914428711,511.0931701660156,269.2781982421875,669.691650390625,616.996337890625
2025-11-05,67.13412475585938,138.7635040283203,111.19342041015624,148.154296875,307.3161315917969,51.617332458496094,503.96826171875,269.3779296875,672.012451171875,621.01171875
2025-11-06,67.6730728149414,137.5202178955078,111.99547576904295,148.42604064941406,309.0317687988281,52.44399642944336,493.9715576171875,269.0089416503906,664.80224609375,609.4439086914062
2025-11-07,69.13316345214844,138.85092163085938,114.6559829711914,150.44467163085938,309.8106994628906,52.35542678833008,493.6933288574219,267.7126159667969,665.4567260742188,607.5209350585938
2025-11-10,69.10375213623047,138.5303955078125,115.63410949707033,151.05606079101562,312.45318603515625,52.57193374633789,502.8155517578125,268.93035888671875,675.8406982421875,620.9618530273438
2025-11-11,70.17186737060547,140.91986083984375,117.15998840332033,151.62864685058594,311.200927734375,52.77859878540039,505.4786987304688,274.73956298828125,677.387939453125,619.307861328125
2025-11-12,70.0738754272461,140.2496337890625,115.53629302978516,148.79483032226562,315.92388916015625,53.25098037719727,507.9232177734375,272.9628601074219,677.7647705078125,618.8196411132812
2025-11-13,69.64270782470703,140.861572265625,116.19163513183594,150.9881134033203,305.14697265625,52.03066253662109,500.1226196289063,272.44384765625,666.5180053710938,606.1858520507812
2025-11-14,69.73091125488281,141.6677703857422,117.70126342773438,152.96791076660156,299.35906982421875,51.7747917175293,506.96923828125,271.9048156738281,666.4088134765625,606.6441040039062
2025-11-17,69.26054382324219,143.5909881591797,116.11270141601562,150.2505645751953,296.1644592285156,50.66273498535156,504.296142578125,266.9639892578125,660.2003173828125,601.4630737304688
2025-11-18,69.7896957397461,144.50404357910156,117.44471740722656,150.75103759765625,295.2179260253906,50.8201904296875,490.6824035644531,266.9440612792969,654.65625,594.1397705078125
2025-11-19,69.6819076538086,142.8916473388672,115.78709411621094,148.8668975830078,299.0238342285156,51.19416046142578,484.0543518066406,268.0619506835937,657.185302734375,597.6868896484375
2025-11-20,69.77989959716797,141.9105987548828,115.46148681640624,147.50283813476562,294.20233154296875,50.19034957885742,476.308837890625,265.7562561035156,647.1683349609375,583.5385131835938
2025-11-21,71.48495483398438,142.13400268554688,115.52069091796876,147.17901611328125,293.84735107421875,50.741458892822266,470.0268249511719,270.98651123046875,653.6148681640625,587.9224853515625
2025-11-24,71.1321792602539,141.3278045654297,114.42547607421876,146.95330810546875,293.8276672363281,51.105587005615234,471.89849853515625,275.4083251953125,663.2351684570312,602.9575805664062
2025-11-25,71.15179443359375,141.92030334472656,112.98491668701172,145.75608825683594,298.7576599121094,51.64685821533203,474.8752136230469,276.4563903808594,669.4735107421875,606.6740112304688
2025-11-26,71.4163589477539,143.7366943359375,113.241455078125,146.71778869628906,303.33270263671875,52.14876174926758,483.3475341796875,277.0352783203125,674.09521484375,612.034423828125
2025-11-28,71.65154266357422,144.47491455078125,114.37613677978516,148.3075408935547,308.6965026855469,52.798282623291016,489.8286743164063,278.3328857421875,677.7747192382812,616.996337890625
2025-12-01,71.00025177001953,145.22280883789062,115.0766830444336,149.69119262695312,304.5947570800781,52.39479446411133,484.5820007324219,282.57501220703125,674.6803588867188,614.923828125
2025-12-02,69.73715209960938,144.34864807128906,113.84333038330078,147.4439697265625,303.5693359375,52.345584869384766,487.82757568359375,285.6592712402344,675.9299926757812,619.736328125
2025-12-03,69.87529754638672,143.8144073486328,116.2311019897461,148.75894165039062,307.75982666015625,53.231292724609375,475.6119689941406,283.623046875,678.2706298828125,621.2507934570312
2025-12-04,69.52005004882812,142.69737243652344,115.57988739013672,149.4164276123047,311.6742553710937,53.30018615722656,478.7081909179688,280.179443359375,678.7665405273438,620.6729125976562
2025-12-05,69.07598876953125,142.2393341064453,114.9878921508789,147.19863891601562,310.62908935546875,53.36943435668945,481.0178833007813,278.26300048828125,680.0557861328125,623.20361328125
2025-12-08,69.32269287109375,142.837646484375,114.43534088134766,145.9327392578125,310.79669189453125,53.319969177246094,488.8430480957031,277.3746643066406,678.0127563476562,622.008056640625
2025-12-09,69.164794921875,141.86660766601562,116.67510986328124,145.71685791015625,296.30255126953125,52.963844299316406,489.8385925292969,276.6659545898437,677.4276123046875,622.7752075195312
2025-12-10,69.2832260131836,146.82958984375,117.94792938232422,148.58230590820312,305.76806640625,53.4980354309082,476.4382934570313,278.26300048828125,681.9203491210938,625.3258666992188
2025-12-11,68.19773864746094,146.1822509765625,117.94792938232422,147.9051971435547,312.9363098144531,53.97286605834961,481.3265075683594,277.514404296875,683.5072021484375,623.3032836914062
2025-12-12,69.58912658691406,147.76138305664062,117.23751831054688,147.18882751464844,314.06036376953125,54.54662322998047,476.4084167480469,277.7639465332031,676.1581420898438,611.3868408203125
2025-12-15,70.03319549560547,148.32044982910156,116.19164276123048,147.00238037109375,315.53936767578125,54.73458480834961,472.7148742675781,273.6016540527344,675.1365966796875,608.3179931640625
2025-12-16,69.44110870361328,147.4867401123047,113.15265655517578,144.0093231201172,311.1319580078125,54.220176696777344,474.2779235839844,274.1007385253906,673.2918701171875,609.5235595703125
2025-12-17,69.73715209960938,147.2023162841797,115.84630584716795,146.7276153564453,310.5699157714844,53.96297454833984,474.0090942382813,271.3358764648437,665.8832397460938,598.224853515625
2025-12-18,69.43123626708984,146.5059356689453,114.9878921508789,144.93179321289062,308.61767578125,53.67609405517578,481.8342590332031,271.68524169921875,670.9114990234375,606.8932495117188
2025-12-19,69.13520050048828,145.3191375732422,115.1358871459961,144.9906463623047,312.7686767578125,54.67522811889648,483.7656555175781,273.1625061035156,676.9923095703125,614.8042602539062
2025-12-22,69.2832260131836,144.2304229736328,116.57644653320312,147.00238037109375,318.5663452148437,55.27866363525391,482.7701110839844,270.4674987792969,681.2098388671875,617.7513427734375
2025-12-23,68.94770812988281,140.92503356933594,117.82952880859376,147.69911193847656,321.3666076660156,55.36769485473633,484.6915283203125,271.8549194335937,684.3233032226562,620.6444702148438
2025-12-24,69.1845474243164,140.98388671875,117.63218688964844,147.68931579589844,324.5612487792969,55.64468002319336,485.8563232421875,273.3022155761719,686.7305297851562,622.4602661132812
2025-12-26,68.94770812988281,141.0231170654297,117.5236587524414,147.21826171875,323.3188781738281,55.5655403137207,485.5476989746094,272.8929748535156,686.660888671875,622.4202880859375
2025-12-29,69.23388671875,141.47430419921875,118.92474365234376,148.17015075683594,319.2171325683594,54.75436401367188,484.9404296875,273.2523498535156,684.2138671875,619.4074096679688
2025-12-30,69.14506530761719,141.3958282470703,119.3786163330078,149.46548461914062,318.89178466796875,54.68511962890625,485.3187255859375,272.5735778808594,683.3782958984375,617.9707641601562
2025-12-31,68.9871826171875,140.76809692382812,118.73727416992188,149.56362915039062,317.70855712890625,54.40813064575195,481.4758605957031,271.3558349609375,678.3152465820312,612.8628540039062
2026-01-02,68.20761108398438,139.50282287597656,121.01651763916016,152.9884490966797,320.92291259765625,55.3479118347168,470.84320068359375,270.5074157714844,679.55859375,611.6757202148438
2026-01-05,67.04318237304688,137.2371368408203,123.69042205810548,160.7899932861328,329.36309814453125,56.277793884277344,470.7536315917969,266.7643737792969,684.0845947265625,616.5341796875
2026-01-06,66.94449615478516,136.29554748535156,119.43782043457033,153.6165008544922,331.41326904296875,56.63391876220703,476.3885192871094,261.8734436035156,688.1529541015625,621.951416015625
2026-01-07,66.64846801757812,134.38291931152344,116.9119110107422,152.30152893066406,323.8660583496094,55.04124450683594,481.3265075683594,259.8471984863281,685.9347534179688,622.550048828125
2026-01-08,68.45431518554688,136.69766235351562,121.27305603027344,156.27587890625,326.63934326171875,55.57543563842773,475.9902648925781,258.55963134765625,685.8651123046875,619.0083618164062
2026-01-09,69.57926177978516,137.22731018066406,122.95040893554688,159.08248901367188,326.0450744628906,55.24898147583008,477.1550903320313,258.8890075683594,690.4010009765625,625.173828125
2026-01-12,69.56939697265625,138.64952087402344,122.3781280517578,159.30816650390625,321.3899841308594,54.59608840942383,475.06439208984375,259.76739501953125,691.4852294921875,625.6925659179688
2026-01-13,70.29962921142578,140.72886657714844,124.85469818115234,160.80960083007812,307.9298095703125,53.95308303833008,468.5832824707031,260.5658874511719,690.1026000976562,624.7647705078125
2026-01-14,70.49698638916016,143.12208557128906,128.4659423828125,164.11668395996094,304.9287414550781,51.91525268554688,457.3433227539063,259.4779052734375,686.7105712890625,618.0905151367188
2026-01-15,69.5496597290039,143.75961303710938,127.41020965576172,163.0568389892578,306.30548095703125,52.02406692504883,454.6353759765625,257.73114013671875,688.5806884765625,620.3153076171875
2026-01-16,69.51018524169922,143.51441955566406,128.1600799560547,163.15496826171875,309.4848022460937,52.39997863769531,457.8211669921875,255.0561370849609,688.0037231445312,619.7965087890625
2026-01-20,70.80289459228516,144.82872009277344,128.72250366210938,162.21290588378906,299.8477478027344,51.53934097290039,452.5048828125,246.2425079345703,673.9981689453125,606.6276245117188
2026-01-21,71.05946350097656,143.92636108398438,131.83055114746094,163.61618041992188,299.15447998046875,51.50966262817383,442.1410217285156,247.1907501220703,681.77685546875,614.8282470703125
2026-01-22,70.92131042480469,141.6312255859375,131.8601531982422,163.54751586914062,300.729248046875,51.88557434082031,449.1398620605469,247.8894500732422,685.3379516601562,619.2976684570312
2026-01-23,71.91797637939453,141.80776977539062,133.17242431640625,163.60638427734375,294.875732421875,51.16342926025391,463.8841857910156,247.58001708984372,685.5865478515625,621.2530517578125
2026-01-26,71.60220336914062,143.0730438232422,133.0441436767578,164.37181091308594,298.1640319824219,51.46020126342773,468.1950073242188,254.9363555908203,689.068115234375,623.9866333007812
2026-01-27,72.57913208007812,145.92724609375,135.00765991210938,165.8928680419922,297.44097900390625,51.608585357666016,478.4493103027344,257.791015625,691.8134765625,629.6432495117188
2026-01-28,72.09559631347656,145.65260314941406,135.74766540527344,166.7564239501953,297.89654541015625,51.25246047973633,479.4946899414063,255.96446228027344,691.7438354492188,631.7283325195312
2026-01-29,72.4607162475586,145.83895874023438,138.63864135742188,167.99290466308594,303.4926147460937,52.50879669189453,431.57806396484375,257.801025390625,690.3711547851562,627.947265625
2026-01-30,73.82250213623047,150.6842498779297,139.51678466796875,173.5962677001953,302.9676818847656,52.62750244140625,428.38232421875,258.9988098144531,688.3121337890625,620.4050903320312
2026-02-02,74.33563995361328,152.22413635253906,136.55674743652344,170.7798614501953,305.1961669921875,53.44856643676758,421.4929809570313,269.5093078613281,691.73388671875,624.6650390625
2026-02-03,75.87504577636719,159.7274627685547,141.81576538085938,174.7149658203125,311.8420715332031,53.864051818847656,409.3868713378906,268.98028564453125,685.885009765625,615.0676879882812
2026-02-04,76.32897186279297,162.99359130859375,145.6243438720703,177.8453826904297,314.23895263671875,54.78404235839844,412.3536682128906,275.97723388671875,682.5626831054688,604.3230590820312
2026-02-05,77.47366333007812,164.31771850585938,144.13446044921875,175.8827362060547,307.1968688964844,54.34877395629883,391.9246520996094,275.3983459472656,674.0379638671875,595.6236572265625
2026-02-06,77.98680114746094,167.22096252441406,147.06491088867188,177.4822998046875,319.3199462890625,55.92166519165039,399.3615417480469,277.6042175292969,686.96923828125,608.2138671875
2026-02-09,76.94078826904297,163.27804565429688,149.19615173339844,179.1898193359375,319.0228271484375,55.802955627441406,411.7662963867188,274.3672180175781,690.2816162109375,612.8728637695312
2026-02-10,75.79609680175781,163.76846313476562,149.57107543945312,178.8561553955078,315.2392883300781,54.79393768310547,411.437744140625,273.4280700683594,688.4613037109375,610.029541015625
2026-02-11,77.56246948242188,165.9066619873047,153.4882049560547,182.34967041015625,307.8505554199219,53.270503997802734,402.57720947265625,275.24639892578125,688.3021850585938,611.6657104492188
2026-02-12,77.95719146728516,163.99403381347656,148.91920471191406,178.99354553222656,299.7487487792969,51.95481872558594,400.0584106445313,261.4891052246094,677.668701171875,599.22509765625
2026-02-13,77.64141845703125,162.75820922851562,147.44918823242188,180.30853271484372,299.6595764160156,51.9844970703125,399.5407409667969,255.5445556640625,678.1461181640625,600.5020751953125
2026-02-17,78.50979614257812,158.81529235839844,145.20443725585938,178.91131591796875,304.1958312988281,52.172454833984375,395.1004943847656,263.6371154785156,679.2402954101562,599.8834838867188
2026-02-18,78.44071960449219,161.23793029785156,149.66415405273438,182.20118713378903,305.8300476074219,52.78578186035156,397.828369140625,264.106689453125,682.662109375,604.3629150390625
2026-02-19,77.86837768554688,161.43408203125,149.95220947265625,183.10292053222656,305.10699462890625,52.20213317871094,397.5988464355469,260.3401184082031,680.8616943359375,602.0484008789062
2026-02-20,78.78610229492188,161.7773895263672,146.28707885742188,182.26063537597656,307.82086181640625,52.48900985717773,396.37152099609375,264.3364562988281,685.7855834960938,607.3758544921875
2026-02-23,79.49659729003906,165.0925750732422,149.74362182617188,183.23175048828125,294.8262023925781,50.52042388916016,383.6390686035156,265.9349670410156,678.7827758789062,599.9932250976562
2026-02-24,79.65449523925781,166.28916931152344,148.25372314453125,183.6578369140625,294.459716796875,49.867523193359375,388.1593017578125,271.8895263671875,683.7164916992188,606.4380493164062
2026-02-25,79.40779113769531,165.92626953125,148.05508422851562,182.54800415039065,300.40240478515625,51.133750915527344,399.7342224121094,273.97760009765625,689.4859008789062,615.227294921875
2026-02-26,79.43739318847656,164.36676025390625,147.53857421875,182.48855590820312,303.20538330078125,51.73719024658203,400.851806640625,272.6987609863281,685.6561889648438,607.8048095703125
2026-02-27,80.48339080810547,166.4853515625,151.47189331054688,185.06495666503903,297.4310607910156,49.29376983642578,391.8912048339844,263.93682861328125,682.3637084960938,605.859375
2026-03-02,79.16108703613281,164.072509765625,153.1802978515625,187.87918090820312,294.7172546386719,49.27398300170898,397.6886291503906,264.476318359375,682.7516479492188,606.6575317382812
2026-03-03,78.2927017211914,161.74795532226562,150.80641174316406,187.0567169189453,297.3914489746094,49.4322624206543,403.0570068359375,263.5072326660156,676.7337036132812,600.1629028320312
2026-03-04,77.06907653808594,160.77694702148438,148.80996704101562,184.34158325195312,296.52978515625,49.75871276855469,404.32427978515625,262.2783508300781,681.50830078125,609.311279296875
2026-03-05,76.01319122314453,157.61868286132812,149.74362182617188,188.17645263671875,290.7455444335937,49.27398300170898,409.79241943359375,260.0504150390625,677.7084350585938,607.4755249023438
2026-03-06,76.02306365966797,157.77008056640625,150.1905975341797,188.21609497070312,286.7144470214844,48.38858413696289,408.0761413574219,257.2229919433594,668.8256225585938,598.337158203125
2026-03-09,76.77303314208984,159.8482208251953,149.42578125,187.7206268310547,287.1502685546875,47.65240859985352,408.5251770019531,259.6407775878906,674.6845092773438,606.3283081054688
2026-03-10,76.85197448730469,159.1060333251953,147.13136291503906,184.5992126464844,285.9716186523437,48.30899810791016,404.8830871582031,260.58990478515625,673.6002807617188,606.3383178710938
2026-03-11,76.60527801513672,158.4825897216797,150.55809020996094,190.0493011474609,284.77313232421875,48.26920318603516,404.0049743652344,260.5699157714844,672.7548217773438,606.2584838867188
2026-03-12,76.58554077148438,157.20602416992188,152.4949493408203,195.1822967529297,280.1874084472656,46.88639068603516,400.9914855957031,255.52456665039065,662.5390625,595.8530883789062
2026-03-13,76.8438720703125,158.2154083251953,155.06747436523438,195.03366088867188,280.7321472167969,46.47850799560547,394.6951293945313,249.8897705078125,658.7890014648438,592.3213500976562
2026-03-16,77.32079315185547,156.07789611816406,156.1699981689453,195.053466796875,283.4261474609375,46.81675338745117,399.0856323242188,252.58729553222656,665.493408203125,598.9656982421875
2026-03-17,77.08233642578125,154.87059020996094,157.73934936523438,196.1732177734375,284.1492004394531,47.03561401367188,398.5467834472656,253.99598693847656,667.2440185546875,601.8887939453125
2026-03-18,75.48265838623047,151.94140625,156.52757263183594,196.80740356445312,284.9910583496094,46.58794021606445,390.9432678222656,249.7099456787109,657.9335327148438,593.4986572265625
2026-03-19,75.06536102294922,151.14974975585938,157.09373474121094,199.6117248535156,285.2188415527344,46.76700592041016,388.1792297363281,248.73085021972656,656.3121337890625,591.623046875
2026-03-20,74.2704849243164,148.47784423828125,158.5935516357422,199.89907836914065,283.8223571777344,46.91623306274414,381.0447082519531,247.76173400878903,646.9034423828125,580.6888427734375
2026-03-23,74.62818145751953,149.30911254882812,160.04371643066406,203.34750366210935,287.14031982421875,47.27437210083008,382.1722717285156,251.25851440429688,653.6959228515625,587.3545532226562
2026-03-24,74.19100189208984,149.02212524414062,164.2650604248047,204.9131622314453,289.6065368652344,47.89116668701172,371.9344177246094,251.4083709716797,651.5015869140625,583.3389282226562
2026-03-25,74.76728057861328,150.15025329589844,162.1593475341797,203.2880401611328,292.59771728515625,48.49801635742188,370.2381286621094,252.3874664306641,655.1322021484375,587.1747436523438
2026-03-26,74.21087646484375,149.25962829589844,164.31471252441406,205.90408325195312,288.8736267089844,47.99065399169922,365.1790771484375,252.6572265625,643.432373046875,573.1600952148438
2026-03-27,75.22432708740234,151.4466094970703,169.8372344970703,209.23358154296875,280.13787841796875,46.72721862792969,355.9989318847656,248.57098388671875,632.4606323242188,561.9624633789062
2026-03-30,75.78073120117188,155.18727111816406,170.31399536132812,208.79759216308597,281.0589904785156,46.985870361328125,358.1842041015625,246.40298461914065,630.3460693359375,557.6671752929688
2026-03-31,75.56214904785156,153.67318725585938,168.51620483398438,205.02215576171875,291.3497314453125,48.49801635742188,369.3699951171875,253.55638122558597,648.6688842773438,576.54638671875
2026-04-01,75.59195709228516,153.0398406982422,159.69607543945312,195.6183013916016,292.5580749511719,49.01532745361328,368.57171630859375,255.3946990966797,653.5562744140625,583.6685791015625
2026-04-02,76.22785186767578,155.37527465820312,159.60667419433594,197.1641387939453,291.7855224609375,49.124759674072266,372.6528625488281,255.68443298339844,654.144775390625,584.3378295898438
2026-04-06,76.72463989257812,155.0981903076172,162.2686004638672,197.0551300048828,294.125,49.801246643066406,372.0741271972656,258.6217041015625,657.23681640625,587.85400390625
2026-04-07,75.42304992675781,151.61485290527344,162.8049774169922,199.71080017089844,296.0662536621094,50.02010726928711,371.48541259765625,253.26666259765625,657.5260009765625,587.9439086914062
2026-04-08,76.79419708251953,153.18829345703125,155.16680908203125,191.13931274414065,306.5888366699219,51.6118392944336,373.52099609375,258.66168212890625,674.27294921875,605.4246826171875
2026-04-09,77.67848205566406,155.8502960205078,153.99476623535156,188.6322784423828,308.938232421875,52.43754577636719,372.26373291015625,260.2502136230469,678.162841796875,609.5202026367188
2026-04-10,76.97303771972656,155.4247589111328,151.4818115234375,186.83871459960935,308.4803161621094,52.26842498779297,370.0684814453125,260.240234375,677.7140502929688,610.3992309570312
2026-04-13,75.91984558105469,154.25704956054688,151.61094665527344,190.03939819335935,312.2732238769531,53.07423782348633,383.539306640625,258.96142578125,684.3369750976562,616.7122802734375
2026-04-14,75.4131088256836,154.0987091064453,148.23387145996094,185.32260131835935,309.7247009277344,53.07423782348633,392.2604064941406,258.5917358398437,692.675537109375,627.909912109375
2026-04-15,74.82688903808594,153.23777770996094,148.0054168701172,183.23175048828125,304.5579833984375,54.03922271728516,410.3312683105469,266.18475341796875,698.1414184570312,636.7003173828125
2026-04-16,74.6977310180664,156.73101806640625,150.9553985595703,186.4423370361328,308.5599670410156,53.2334098815918,419.3517456054688,263.15753173828125,699.8569946289062,639.7669067382812
2026-04-17,75.25413513183594,156.02841186523438,145.45274353027344,182.32009887695312,308.8984375,53.631343841552734,421.8762817382813,269.98126220703125,708.3152465820312,648.1376953125
2026-04-20,74.99580383300781,155.35549926757812,146.6843719482422,181.58680725097656,315.5683898925781,53.67113876342773,417.1664733886719,272.79864501953125,706.8988037109375,646.0799560546875
2026-04-21,74.2208023071289,153.30703735351562,147.35980224609375,184.2920379638672,311.5962829589844,53.20356750488281,423.2433166503906,265.9250183105469,702.2708129882812,643.6226806640625
2026-04-22,74.15125274658203,152.1887969970703,148.4921112060547,184.6289520263672,311.6161804199219,52.84542465209961,431.984375,272.9185791015625,709.3825073242188,654.390869140625
2026-04-23,75.7906723022461,154.07891845703125,149.51516723632812,185.8973388671875,310.29217529296875,52.19878768920898,414.8514709472656,273.1783142089844,706.6295776367188,650.7048950195312
2026-04-24,76.138427734375,153.82162475585938,147.90609741210938,183.52902221679688,306.8974609375,51.78095626831055,423.7023010253906,270.8104858398437,712.10546875,663.1512451171875
2026-04-27,74.95606231689453,152.49559020996094,147.19094848632812,183.10292053222656,310.232421875,52.35795974731445,423.9018859863281,267.3636474609375,713.332275390625,663.5008544921875
2026-04-28,77.8473892211914,154.6627655029297,149.5449676513672,186.6504364013672,310.0532531738281,52.3878059387207,428.3222961425781,270.4608154296875,709.8612060546875,656.8281860351562
2026-04-29,78.36405944824219,153.67318725585938,153.62725830078125,190.47540283203125,307.86309814453125,52.60667037963867,423.5426330566406,269.9213256835937,709.7515258789062,660.84375
2026-04-30,78.25476837158203,156.83987426757812,153.28955078125,191.55551147460935,311.82525634765625,53.18367004394531,406.8987121582031,271.1002502441406,716.8132934570312,667.0069580078125
2026-05-01,78.07592010498047,155.7711181640625,151.72019958496094,188.89984130859372,311.06866455078125,52.96480941772461,413.5443115234375,279.88214111328125,718.7982177734375,673.4099731445312
2026-05-04,77.68842315673828,152.98046875,152.65386962890625,190.53485107421875,306.270263671875,51.92023468017578,412.72607421875,276.5751647949219,716.1649780273438,672.141357421875
2026-05-05,77.9765625,153.42578125,153.83584594726562,190.8915863037109,308.0124206542969,52.84542465209961,410.4909362792969,283.9184265136719,721.9102172851562,680.8617553710938
2026-05-06,78.72174835205078,154.33621215820312,147.6875762939453,183.4794769287109,313.4877624511719,53.32294464111328,413.0653381347656,287.245361328125,731.9443359375,695.0062255859375
2026-05-07,77.9268798828125,154.6627655029297,145.591796875,180.84361267089844,304.8964538574219,52.47734069824219,419.8606262207031,287.1754150390625,729.7001342773438,694.1771240234375
2026-05-08,77.91693878173828,153.01016235351562,143.59535217285156,179.9716033935547,300.74517822265625,51.04478454589844,414.2228393554688,293.0500183105469,735.724609375,710.44921875
2026-05-11,78.15541076660156,147.8544158935547,148.6708984375,183.06329345703125,298.6545715332031,50.28871154785156,411.7681579589844,292.67999267578125,737.4002685546875,712.5069580078125
2026-05-12,79.51661682128906,150.26901245117188,149.614501953125,184.2622985839844,303.5126953125,50.517520904541016,406.8887023925781,294.79998779296875,736.2831420898438,706.463623046875
2026-05-13,79.7451400756836,147.7158660888672,150.5481719970703,184.31185913085935,298.9034729003906,49.58238220214844,404.3342590332031,298.8699951171875,740.4025268554688,713.9254760742188
2026-05-14,79.93392181396484,147.1221160888672,151.75,184.946044921875,298.56500244140625,49.59232711791992,408.5451354980469,298.2099914550781,746.2474975585938,718.9998168945312
2026-05-15,80.30155181884766,147.5674285888672,157.9199981689453,189.36557006835935,296.4743957519531,49.51274490356445,421.0081481933594,300.2300109863281,737.2706298828125,708.1517944335938
2026-05-18,80.67910766601562,147.508056640625,160.49000549316406,194.33999633789065,299.3813171386719,50.42798614501953,422.6246643066406,297.8399963378906,736.751953125,705.1051025390625
2026-05-19,81.39449310302734,148.80441284179688,162.5500030517578,197.25,294.3738708496094,50.43793487548828,416.5178833007813,298.9700012207031,731.8446044921875,700.7599487304688
2026-05-20,81.02687072753906,147.73565673828125,156.27999877929688,191.3300018310547,300.625732421875,50.96519470214844,420.1499938964844,302.25,739.3452758789062,712.3671875
2026-05-21,80.64929962158203,147.3002471923828,155.2899932861328,191.00999450683597,301.6411437988281,51.223854064941406,419.0899963378906,304.989990234375,740.8114624023438,713.7256469726562
2026-05-22,80.95732116699219,149.00233459472656,154.9199981689453,191.42999267578125,305.0059814453125,51.5322494506836,418.5700073242188,308.82000732421875,743.7239990234375,716.7523193359375
2026-05-26,79.94385528564453,144.16323852539062,149.80999755859375,184.7100067138672,305.3643493652344,51.93018341064453,416.0299987792969,308.3299865722656,748.6613159179688,729.4783935546875
2026-05-27,81.09642028808594,146.20179748535156,147.89999389648438,182.3999938964844,297.93780517578125,50.83586883544922,412.6700134277344,310.8500061035156,748.5316162109375,728.6492919921875
2026-05-28,79.89418029785156,144.7668914794922,146.9600067138672,183.02999877929688,295.3992614746094,50.50757598876953,426.989990234375,312.510009765625,752.6609497070312,734.79248046875
2026-05-29,78.50315856933594,142.6887664794922,145.25999450683594,182.4600067138672,297.9676818847656,51.333282470703125,450.239990234375,312.0599975585937,754.5361328125,737.49951171875
2026-06-01,78.13553619384766,140.0465545654297,149.3800048828125,185.8300018310547,295.2499084472656,51.24374771118164,460.5199890136719,306.3099975585937,756.5908203125,741.9246826171875
2026-06-02,77.90701293945312,140.5215606689453,149.55999755859375,187.5500030517578,299.6102600097656,52.20873641967773,441.30999755859375,315.20001220703125,757.6182250976562,745.3408813476562
2026-06-03,78.25476837158203,141.05592346191406,152.52999877929688,189.7100067138672,299.50079345703125,52.129150390625,427.3399963378906,310.260009765625,752.3018798828125,743.39306640625
2026-06-04,76.32720947265625,140.6699981689453,152.0399932861328,188.3500061035156,309.4957580566406,53.88999938964844,428.0499877929688,311.2300109863281,755.1445922851562,739.7969970703125
2026-06-05,78.97014617919922,141.9199981689453,149.9199981689453,187.30999755859372,310.9691162109375,53.83000183105469,416.6700134277344,307.3399963378906,735.65478515625,704.2860107421875
2026-06-08,79.0297622680664,140.67999267578125,151.75,189.2400054931641,309.7147521972656,53.630001068115234,411.739990234375,301.5400085449219,737.3204345703125,715.283935546875
2026-06-09,80.81820678710938,142.77999877929688,148.91000366210938,186.75999450683597,311.2976379394531,54.41999816894531,403.4100036621094,290.54998779296875,735.1560668945312,707.052978515625
2026-06-10,83.05377197265625,144.32000732421875,150.6199951171875,189.8000030517578,307.75360107421875,54.540000915527344,397.3599853515625,291.5799865722656,723.56591796875,692.9285278320312
2026-06-11,82.00057983398438,143.72999572753906,146.60000610351562,185.82000732421875,312.0840759277344,55.15999984741211,390.3399963378906,295.6300048828125,735.8642578125,716.332763671875
2026-06-12,82.09000396728516,144.27000427246094,147.00999450683594,187.22000122070312,319.2816772460937,56.02000045776367,390.739990234375,291.1300048828125,739.843994140625,720.5481567382812
2026-06-15,80.91000366210938,146.25,140.9199981689453,180.3999938964844,317.96759033203125,55.869998931884766,399.760009765625,296.4200134277344,752.890380859375,743.1832885742188
2026-06-16,80.27999877929688,146.1199951171875,141.86000061035156,180.11000061035156,329.6549377441406,56.84000015258789,393.8299865722656,299.239990234375,748.4019775390625,729.0587768554688
2026-06-17,79.93000030517578,141.58999633789062,140.74000549316406,177.5800018310547,331.9645080566406,56.52999877929688,378.9100036621094,295.95001220703125,739.0560302734375,721.7168579101562
2026-06-18,79.38999938964844,142.02000427246094,137.80999755859375,173.6300048828125,323.761474609375,56.20000076293945,379.3999938964844,298.010009765625,746.739990234375,739.8070068359375
2026-06-22,79.52999877929688,140.7100067138672,138.47000122070312,175.05999755859375,329.993408203125,57.369998931884766,367.3399963378906,297.010009765625,744.3900146484375,737.9500122070312
2026-06-23,80.30999755859375,142.0500030517578,139.72999572753906,175.97999572753906,332.6414794921875,57.90999984741211,373.9400024414063,294.29998779296875,733.5800170898438,713.6500244140625
2026-06-24,80.5999984741211,142.27000427246094,136.89999389648438,171.4499969482422,331.95458984375,57.72999954223633,365.4599914550781,293.0799865722656,733.239990234375,710.6199951171875
2026-06-25,80.41999816894531,139.52000427246094,137.5500030517578,172.24000549316406,333.6170654296875,58.18999862670898,352.8299865722656,275.1499938964844,734.2999877929688,716.3800048828125
2026-06-26,82.62999725341797,141.38999938964844,136.5399932861328,171.05999755859375,327.57427978515625,57.880001068115234,372.9700012207031,283.7799987792969,728.989990234375,706.52001953125
2026-06-29,82.6500015258789,138.67999267578125,136.05999755859375,168.47000122070312,327.91278076171875,57.880001068115234,368.5700073242188,281.739990234375,741.0,724.0800170898438
