Date,asset_a_price,asset_b_price,alpha,hedge_ratio,spread,contemporaneous_zscore_for_outcomes,signal_zscore,abs_zscore,spread_change_lagged,spread_volatility,rolling_corr,spread_drawdown,half_life,deviation_persistence,regime_stress_proxy,asset_a,asset_b
2018-06-28,34.02772521972656,84.83674621582031,0.4142259182193211,0.7069425792773061,-0.026390533712554287,-1.6581475224845423,-2.231848195231245,2.231848195231245,-0.007456423822112868,0.0054544528773332055,0.6777513976745752,-0.0566778837360129,16.171198792015108,11.0,0.7038834951456311,KO,PEP
2018-06-29,34.33300018310547,84.98506164550781,0.4142259182193211,0.7069425792773061,-0.01869400741477234,-1.1093321547010675,-1.6581475224845423,1.6581475224845423,0.00657258600381061,0.005725959348399908,0.6564533176114886,-0.05010529773220229,15.6945131751078,12.0,0.7644230769230769,KO,PEP
2018-07-02,34.24690246582031,85.50028228759766,0.4142259182193211,0.7069425792773061,-0.025477771365725488,-1.4161691282672983,-1.1093321547010675,1.1093321547010675,0.007696526297781947,0.0060180038276090074,0.6519044792629373,-0.042408771434420345,15.585542890628666,13.0,0.7904761904761906,KO,PEP
2018-07-03,34.43476104736328,84.93041229248047,0.4142259182193211,0.7069425792773061,-0.015279710556960424,-0.7511775343974799,-1.4161691282672983,1.4161691282672983,-0.006783763950953148,0.005545028551419907,0.6380883415215806,-0.04919253538537349,15.730033958129379,14.0,0.7452830188679245,KO,PEP
2018-07-05,34.959228515625,85.51588439941406,0.4142259182193211,0.7069425792773061,-0.005020401397911822,-0.12019075179178099,-0.7511775343974799,0.7511775343974799,0.010198060808765064,0.005943897627745803,0.6269841596643068,-0.03899447457660843,15.25669045248559,0.0,0.7897196261682242,KO,PEP
2018-07-06,34.94357681274414,85.52367401123047,0.4142259182193211,0.7069425792773061,-0.005532606921021088,-0.13615503447012517,-0.12019075179178099,0.12019075179178099,0.010259309159048602,0.006382898040946389,0.6278750857433057,-0.028735165417559827,15.083168204166046,0.0,0.7935729847494554,KO,PEP
2018-07-09,34.755714416503906,84.11857604980469,0.4142259182193211,0.7069425792773061,0.000787797492849851,0.2473828263366614,-0.13615503447012517,0.13615503447012517,-0.0005122055231092659,0.006372788320119036,0.6295601356023435,-0.029247370940669093,15.432425304529099,0.0,0.7836723839914905,KO,PEP
2018-07-10,35.201904296875,88.12312316894531,0.4142259182193211,0.7069425792773061,-0.01933418475428894,-0.9105285182146023,0.2473828263366614,0.2473828263366614,0.006320404413870939,0.006532102957614597,0.6331548533476743,-0.022926966526798154,15.662037498230154,0.0,0.7876623376623377,KO,PEP
2018-07-11,35.06099319458008,87.84990692138672,0.4142259182193211,0.7069425792773061,-0.021149953673767374,-0.9571823743930686,-0.9105285182146023,0.9105285182146023,-0.020121982247138792,0.007769804539005858,0.632129403235941,-0.043048948773936946,14.11863745953395,0.0,0.8302245907879711,KO,PEP
2018-07-12,34.967071533203125,87.06148529052734,0.4142259182193211,0.7069425792773061,-0.017459156409452614,-0.6899695539600522,-0.9571823743930686,0.9571823743930686,-0.0018157689194784332,0.007768833911128669,0.6317061812127588,-0.04486471769341538,14.14024667525069,0.0,0.8273809523809523,KO,PEP
2018-07-13,35.02186584472656,87.96701049804688,0.4142259182193211,0.7069425792773061,-0.02320828047790302,-0.9634302773521135,-0.6899695539600522,0.6899695539600522,0.00369079726431476,0.007582689724381831,0.6446317641073257,-0.04117392042910062,13.852547902274392,0.0,0.7883379803612559,KO,PEP
2018-07-16,35.01402282714844,88.1777572631836,0.4142259182193211,0.7069425792773061,-0.02512388238932095,-1.008781456701462,-0.9634302773521135,0.9634302773521135,-0.005749124068450406,0.007628665040487848,0.635454135483914,-0.046923044497551025,14.101502917979653,0.0,0.7971787577050735,KO,PEP
2018-07-17,35.42106628417969,89.67652893066406,0.4142259182193211,0.7069425792773061,-0.02548082131187268,-0.9789728827135249,-1.008781456701462,1.008781456701462,-0.0019156019114179301,0.007599706039851616,0.6331026955702935,-0.048838646408968955,14.64334648121516,1.0,0.8014492753623188,KO,PEP
2018-07-18,35.31932067871094,89.63748168945312,0.4142259182193211,0.7069425792773061,-0.02804952877332889,-1.072688513373301,-0.9789728827135249,0.9789728827135249,-0.00035693892255173054,0.007574051572840062,0.6224426179133425,-0.049195585331520686,14.696982346858789,0.0,0.8232758620689655,KO,PEP
2018-07-19,35.31148147583008,90.37128448486328,0.4142259182193211,0.7069425792773061,-0.034035217347718305,-1.382659261119754,-1.072688513373301,1.072688513373301,-0.00256870746145621,0.0075724063873569575,0.6256011237630283,-0.05124850945782544,14.80912340419179,1.0,0.814019314019314,KO,PEP
2018-07-20,35.44457244873047,90.5586166381836,0.4142259182193211,0.7069425792773061,-0.031737162208118175,-1.1719196764392945,-1.382659261119754,1.382659261119754,-0.005985688574389414,0.007542889237005994,0.614812198672096,-0.057234198032214856,15.65396089015255,2.0,0.8177966101694916,KO,PEP
2018-07-23,35.18623352050781,89.29403686523438,0.4142259182193211,0.7069425792773061,-0.029110914566198964,-0.9540310075175874,-1.1719196764392945,1.1719196764392945,0.0022980551396001303,0.007016678807249663,0.6218450445724888,-0.054936142892614725,15.729827435213902,3.0,0.7919902138070418,KO,PEP
2018-07-24,35.428897857666016,89.56724548339844,0.4142259182193211,0.7069425792773061,-0.02439771223795928,-0.565169972160427,-0.9540310075175874,0.9540310075175874,0.0026262476419192105,0.006998743994337431,0.6259711693529566,-0.052309895250695515,15.51816319614082,0.0,0.7708333333333333,KO,PEP
2018-07-25,36.0786247253418,89.93414306640625,0.4142259182193211,0.7069425792773061,-0.00911490557871275,0.8213375491650702,-0.565169972160427,0.565169972160427,0.004713202328239685,0.00703216232443036,0.6943778627474404,-0.04759669292245583,15.156727775275352,0.0,0.6843689419446994,KO,PEP
2018-07-26,36.19604110717773,89.77017974853516,0.4142259182193211,0.7069425792773061,-0.004575693724971686,1.3093580543951935,0.8213375491650702,0.8213375491650702,0.015282806659246528,0.007775372206004943,0.669669970594308,-0.0323138862632093,14.261786531596103,0.0,0.7610955617752899,KO,PEP
2018-07-27,36.17255401611328,89.20817565917969,0.4142259182193211,0.7069425792773061,-0.0007850807673923654,1.6719760395852286,1.3093580543951935,1.3093580543951935,0.004539211853741065,0.007573891630605246,0.6435387841818402,-0.027774674409468236,13.77750059486515,1.0,0.74086590263493,KO,PEP
2018-07-30,36.18821334838867,89.13011169433594,0.4142259182193211,0.7069425792773061,0.000266631579138199,1.7166441564327535,1.6719760395852286,1.6719760395852286,0.00379061295757932,0.007503188939225179,0.6180293576631638,-0.023984061451888916,13.880380677380073,2.0,0.8085637480798771,KO,PEP
2018-07-31,36.50131988525391,89.77017974853516,0.4142259182193211,0.7069425792773061,0.003822976278378132,1.9576658219673124,1.7166441564327535,1.7166441564327535,0.0010517123465305644,0.007357421886894525,0.6231387545030264,-0.02293234910535835,13.58453699629446,3.0,0.788470588235294,KO,PEP
2018-08-01,36.313453674316406,88.68515014648438,0.4142259182193211,0.7069425792773061,0.007259547982248815,2.097344183060963,1.9576658219673124,1.9576658219673124,0.003556344699239933,0.007156500093063474,0.6150626583643365,-0.01937600440611842,12.3239573679186,4.0,0.7997416020671835,KO,PEP
2018-08-02,36.14906692504883,89.52822875976562,0.4142259182193211,0.7069425792773061,-0.003966364958368107,1.1086195004045696,2.097344183060963,2.097344183060963,0.0034365717038706833,0.006890737385458944,0.616642684390932,-0.015939432702247736,11.387983740722715,5.0,0.768033306181555,KO,PEP
2018-08-03,36.49350357055664,90.78500366210938,0.4142259182193211,0.7069425792773061,-0.004338115491045791,1.009212149166453,1.1086195004045696,1.1086195004045696,-0.011225912940616922,0.0070560551669139986,0.5850706582550209,-0.027165345642864658,12.533074416539009,6.0,0.796875,KO,PEP
2018-08-06,36.51698684692383,91.62804412841795,0.4142259182193211,0.7069425792773061,-0.01022929116594673,0.48168929315209874,1.009212149166453,1.009212149166453,-0.00037175053267768376,0.00705555930980421,0.5923854529543807,-0.02753709617554234,12.75320262854125,7.0,0.7889556658827628,KO,PEP
2018-08-07,36.39955139160156,89.16131591796875,0.4142259182193211,0.7069425792773061,0.005842158566364386,1.6645467259300901,0.48168929315209874,0.48168929315209874,-0.005891175674900939,0.0070156229613769425,0.5829247776217545,-0.03342827185044328,14.704023721312337,0.0,0.7807692307692308,KO,PEP
2018-08-08,36.12559127807617,88.59146118164062,0.4142259182193211,0.7069425792773061,0.002819989220836039,1.3223192162260993,1.6645467259300901,1.6645467259300901,0.016071449732311116,0.00637241334442392,0.5741701260102393,-0.017356822118132165,15.011890282260584,1.0,0.7480916030534351,KO,PEP
2018-08-09,36.28215026855469,88.75541687011719,0.4142259182193211,0.7069425792773061,0.005837242316287128,1.4598571375681701,1.3223192162260993,1.3223192162260993,-0.003022169345528347,0.006406848025587119,0.5789553397502427,-0.020378991463660512,14.876846354467936,2.0,0.7521409749670619,KO,PEP
2018-08-10,36.070796966552734,88.1075210571289,0.4142259182193211,0.7069425792773061,0.005174398996540042,1.3114702676386656,1.4598571375681701,1.4598571375681701,0.003017253095451089,0.006395418917843545,0.5748202456452238,-0.017361738368209423,15.02363685749264,3.0,0.7502627536583394,KO,PEP
2018-08-13,35.875091552734375,88.22457885742188,0.4142259182193211,0.7069425792773061,-0.001204570284661255,0.7657587446394988,1.3114702676386656,1.3114702676386656,-0.0006628433197470862,0.006213983751903056,0.5872414693411685,-0.01802458168795651,14.461780166958706,4.0,0.7159415687519848,KO,PEP
2018-08-14,35.92205810546875,88.28704071044922,0.4142259182193211,0.7069425792773061,-0.00039658668678610454,0.7723948606447142,0.7657587446394988,0.7657587446394988,-0.006378969281201297,0.006406893747812694,0.5945738088677368,-0.024403550969157806,13.370513104217645,0.0,0.7261208576998051,KO,PEP
2018-08-15,36.070796966552734,88.56026458740234,0.4142259182193211,0.7069425792773061,0.0015510516099883631,0.8717188002340497,0.7723948606447142,0.7723948606447142,0.0008079835978751504,0.006397800072122125,0.5917384324636746,-0.023595567371282655,14.44398819780537,0.0,0.7261029411764706,KO,PEP
2018-08-16,36.18038177490234,89.18475341796875,0.4142259182193211,0.7069425792773061,-0.00038306650308594925,0.7053198007517274,0.8717188002340497,0.8717188002340497,0.0019476382967744676,0.00633830882631281,0.5906308982022502,-0.021647929074508188,13.757459651484252,0.0,0.7099480773572128,KO,PEP
2018-08-17,36.47783660888672,89.73897552490234,0.4142259182193211,0.7069425792773061,0.0034251918858148045,0.9615087960441869,0.7053198007517274,0.7053198007517274,-0.0019341181130743124,0.006158660064689438,0.5967374947687123,-0.0235820471875825,12.420179451309314,0.0,0.6808636498077492,KO,PEP
2018-08-20,36.57958984375,89.64530944824219,0.4142259182193211,0.7069425792773061,0.006949026953645188,1.1951216520797552,0.9615087960441869,0.9615087960441869,0.0038082583889007537,0.006174979578638859,0.5967470837605892,-0.019773788798681746,11.998263829492494,0.0,0.6782573940847322,KO,PEP
2018-08-21,36.18038177490234,88.7710189819336,0.4142259182193211,0.7069425792773061,0.0029041212334557365,0.8357576374838305,1.1951216520797552,1.1951216520797552,0.003523835067830383,0.006184380652059473,0.5934861635352232,-0.016249953730851363,13.566207591641874,1.0,0.6907142857142857,KO,PEP
2018-08-22,35.953372955322266,87.61571502685547,0.4142259182193211,0.7069425792773061,0.005870839042223963,0.9888950021547317,0.8357576374838305,0.8357576374838305,-0.004044905720189451,0.006272259284601257,0.6053354903751254,-0.020294859451040814,13.123930340213134,0.0,0.6803244154202654,KO,PEP
2018-08-23,35.773338317871094,87.37373352050781,0.4142259182193211,0.7069425792773061,0.0028059828938662434,0.7108048605999394,0.9888950021547317,0.9888950021547317,0.0029667178087682267,0.005422650847561242,0.6128911531765849,-0.017328141642272588,13.284215346880918,0.0,0.5757387462027065,KO,PEP
2018-08-24,35.718544006347656,87.54545593261719,0.4142259182193211,0.7069425792773061,-0.0001149452642734694,0.44571443704768304,0.7108048605999394,0.7108048605999394,-0.0030648561483577197,0.005410156711478225,0.613474412459869,-0.020392997790630307,12.8754289593647,0.0,0.5670446058795573,KO,PEP
2018-08-27,35.765499114990234,87.74842071533203,0.4142259182193211,0.7069425792773061,-0.0004382961293396548,0.3713090848316384,0.44571443704768304,0.44571443704768304,-0.002920928158139713,0.005395650984689107,0.6097439932485812,-0.02331392594877002,12.04139697877787,0.0,0.5715811965811965,KO,PEP
2018-08-28,35.5150146484375,86.78046417236328,0.4142259182193211,0.7069425792773061,0.00037518613946696533,0.3841473066557459,0.3713090848316384,0.3713090848316384,-0.0003233508650661854,0.005390997383692292,0.6109188848224006,-0.023637276813836205,11.773378506425638,0.0,0.5665024630541872,KO,PEP
2018-08-29,35.48368835449219,87.46742248535156,0.4142259182193211,0.7069425792773061,-0.0060814185320912095,-0.22638264592638604,0.3841473066557459,0.3841473066557459,0.0008134822688066201,0.005332455836258768,0.6317900199442033,-0.017138094020434647,12.267120459296644,0.0,0.49075988627552336,KO,PEP
2018-08-30,35.18623352050781,87.39714050292969,0.4142259182193211,0.7069425792773061,-0.013931341379610718,-1.1134071165656405,-0.22638264592638604,0.22638264592638604,-0.006456604671558175,0.005432654586789075,0.6360441714716796,-0.02359469869199282,11.034107560632405,0.0,0.48823828596859303,KO,PEP
2018-08-31,34.88877868652344,87.43614959716797,0.4142259182193211,0.7069425792773061,-0.022736472830385157,-2.1997467580972137,-1.1134071165656405,1.1134071165656405,-0.007849922847519508,0.005146887001731955,0.6310645534971452,-0.03111270321866222,10.18696554325988,1.0,0.48948948948948945,KO,PEP
2018-09-04,35.03750991821289,86.64776611328125,0.4142259182193211,0.7069425792773061,-0.012079339257396349,-1.2673671311880863,-2.1997467580972137,2.1997467580972137,-0.00880513145077444,0.005455461106512047,0.6249242168255933,-0.03991783466943666,9.70420034618441,2.0,0.55310633581676,KO,PEP
2018-09-05,35.52284622192383,88.30265045166016,0.4142259182193211,0.7069425792773061,-0.011697061510008933,-1.4385767491968424,-1.2673671311880863,1.2673671311880863,0.010657133572988808,0.0058773442412179714,0.6000543379673415,-0.02839866493160592,9.015185753991178,3.0,0.6642424242424243,KO,PEP
2018-09-06,35.828125,89.33213806152344,0.4142259182193211,0.7069425792773061,-0.011334211562314955,-1.359134151800594,-1.4385767491968424,1.4385767491968424,0.00038227774738741616,0.004568960867780367,0.617870159023197,-0.0256952242173476,8.372990837320309,4.0,0.4770598412982519,KO,PEP
2018-09-07,35.78899383544922,88.73396301269531,0.4142259182193211,0.7069425792773061,-0.00767733649846658,-0.8242087851129155,-1.359134151800594,1.359134151800594,0.00036284994769397727,0.004549012875402432,0.6192907208463012,-0.01859375954456377,8.352140880615648,5.0,0.46851503759398494,KO,PEP
2018-09-10,36.055137634277344,89.38725280761719,0.4142259182193211,0.7069425792773061,-0.005454067246593031,-0.49153026203530514,-0.8242087851129155,0.8242087851129155,0.003656875063848375,0.00457724895415143,0.6323596225076649,-0.014936884480715396,8.005573679612734,0.0,0.4135577534848748,KO,PEP
2018-09-11,36.023826599121094,89.19835662841797,0.4142259182193211,0.7069425792773061,-0.004827349626190802,-0.380847881099599,-0.49153026203530514,0.49153026203530514,0.0022232692518735497,0.004620669334405669,0.6351070766383775,-0.012713615228841846,8.010605295142279,0.0,0.41108452950558216,KO,PEP
2018-09-12,36.19604110717773,89.60760498046875,0.4142259182193211,0.7069425792773061,-0.003294252352450844,-0.13741959640048182,-0.380847881099599,0.380847881099599,0.0006267176204022284,0.004425523788602608,0.615087511085554,-0.012086897608439617,7.66266062516204,0.0,0.47966339410939696,KO,PEP
2018-09-13,36.18024826049805,90.50486755371094,0.4142259182193211,0.7069425792773061,-0.01077424243619074,-1.1113462659206637,-0.13741959640048182,0.13741959640048182,0.0015330972737399584,0.004436435331538359,0.5870785109819179,-0.010553800334699659,7.49350469571449,0.0,0.5521662245800176,KO,PEP
2018-09-14,36.30655670166016,90.1742935180664,0.4142259182193211,0.7069425792773061,-0.00470235973367128,-0.2492739239600419,-1.1113462659206637,1.1113462659206637,-0.007479990083739896,0.004683056188993902,0.5812017138444804,-0.018033790418439555,7.531491823869496,1.0,0.5922750285807611,KO,PEP
2018-09-17,36.56707382202149,90.82758331298828,0.4142259182193211,0.7069425792773061,-0.0026556526107719414,0.03198385404227009,-0.2492739239600419,0.2492739239600419,0.00607188270251946,0.004890859234474881,0.5792830517337115,-0.011961907715920095,7.13694419443615,0.0,0.6107058571122077,KO,PEP
2018-09-18,36.259185791015625,89.70989227294922,0.4142259182193211,0.7069425792773061,-0.0023577695814274158,0.03770971471962506,0.03198385404227009,0.03198385404227009,0.0020467071228993383,0.004833116180738179,0.6073786082148181,-0.009915200593020757,6.870868733661064,0.0,0.547011257333122,KO,PEP
2018-09-19,36.28286743164063,89.54464721679688,0.4142259182193211,0.7069425792773061,-0.00040147707860116455,0.35807180894197516,0.03770971471962506,0.03770971471962506,0.0002978830293445256,0.004755888830946776,0.6189479197536412,-0.009617317563676231,6.813450630535165,0.0,0.49479166666666663,KO,PEP
2018-09-20,36.8197021484375,90.68588256835938,0.4142259182193211,0.7069425792773061,0.005332987868038153,1.177398976246155,0.35807180894197516,0.35807180894197516,0.0019562925028262512,0.0047096701773856045,0.6173725603577294,-0.00766102506084998,6.329205608552493,0.0,0.5033365843642523,KO,PEP
2018-09-21,36.77233505249024,90.44192504882812,0.4142259182193211,0.7069425792773061,0.005950034630809231,1.2659275076081546,1.177398976246155,1.177398976246155,0.005734464946639317,0.004838566017314605,0.6214228123352082,-0.0019265601142106625,6.7736708935206735,1.0,0.49848208864602306,KO,PEP
2018-09-24,36.36971282958984,88.36405944824219,0.4142259182193211,0.7069425792773061,0.011371792932175051,1.9352023221805348,1.2659275076081546,1.2659275076081546,0.0006170467627710785,0.00478926944691779,0.6302983922535383,-0.001309513351439584,7.069737923988862,2.0,0.4489001945234177,KO,PEP
2018-09-25,36.06182861328125,88.12794494628906,0.4142259182193211,0.7069425792773061,0.00476188127462196,0.9719758443984728,1.9352023221805348,1.9352023221805348,0.00542175830136582,0.0048657099883961516,0.6563956665762076,0.0,7.170262274756445,3.0,0.40430763178599527,KO,PEP
2018-09-26,36.19604110717773,87.75801849365234,0.4142259182193211,0.7069425792773061,0.01145041818455983,1.7379619169059333,0.9719758443984728,0.9719758443984728,-0.006609911657553091,0.005110451132876297,0.6579484909465049,-0.006609911657553091,6.730321330206828,0.0,0.4155151515151515,KO,PEP
2018-09-27,36.32234191894531,87.40382385253906,0.4142259182193211,0.7069425792773061,0.01779271891978862,2.267375956575294,1.7379619169059333,1.7379619169059333,0.00668853690993787,0.0052991888163815785,0.6599017834609242,0.0,6.594113858560041,1.0,0.42756741250717156,KO,PEP
2018-09-28,36.46443557739258,87.994140625,0.4142259182193211,0.7069425792773061,0.016938536196448695,1.9554983377321604,2.267375956575294,2.267375956575294,0.00634230073522879,0.005185553939810282,0.667778233259155,0.0,6.910690189333978,2.0,0.4215191663916262,KO,PEP
2018-10-01,36.49602890014648,87.13623046875,0.4142259182193211,0.7069425792773061,0.0247308223851177,2.446084869477198,1.9554983377321604,1.9554983377321604,-0.0008541827233399246,0.004784135175462751,0.6757754864611691,-0.0008541827233399246,7.0931032227972395,3.0,0.3699776785714286,KO,PEP
2018-10-02,36.71706771850586,85.56995391845703,0.4142259182193211,0.7069425792773061,0.04359198252499574,3.3207951807834846,2.446084869477198,2.446084869477198,0.0077922861886690065,0.004335542832489172,0.6705828686444042,0.0,7.719012049728036,4.0,0.31498555112150817,KO,PEP
2018-10-03,36.21183395385742,84.62547302246094,0.4142259182193211,0.7069425792773061,0.03758252683408658,2.4573288270038347,3.3207951807834846,3.3207951807834846,0.01886116013987804,0.005365630909690008,0.6227571491436743,0.0,10.414424398931153,5.0,0.5447963800904977,KO,PEP
2018-10-04,36.19604110717773,83.90924835205078,0.4142259182193211,0.7069425792773061,0.04315495408054115,2.4573143158773942,2.4573288270038347,2.4573288270038347,-0.00600945569090916,0.00568026511127353,0.6178317489201528,-0.00600945569090916,9.519041936216068,6.0,0.6358198294718985,KO,PEP
2018-10-05,36.2197151184082,83.8147964477539,0.4142259182193211,0.7069425792773061,0.0446050035879062,2.238274848746193,2.4573143158773942,2.4573143158773942,0.00557242724645457,0.005697363218037616,0.6159089746849892,-0.0004370284444545902,11.814352303435175,7.0,0.6486081747709654,KO,PEP
2018-10-08,36.693389892578125,85.15281677246094,0.4142259182193211,0.7069425792773061,0.04640153900103128,2.0802030434480083,2.238274848746193,2.238274848746193,0.0014500495073650477,0.0056996059753440225,0.6138985663342426,0.0,12.923197320328162,8.0,0.6620887478812638,KO,PEP
2018-10-09,36.622337341308594,85.09771728515625,0.4142259182193211,0.7069425792773061,0.044920862721125054,1.8157203657840983,2.0802030434480083,2.0802030434480083,0.0017965354131250777,0.0057018275056676185,0.6387956125133225,0.0,14.114546365505287,9.0,0.5335820895522387,KO,PEP
2018-10-10,36.06182861328125,84.48380279541016,0.4142259182193211,0.7069425792773061,0.034615957040017964,1.2234980754280689,1.8157203657840983,1.8157203657840983,-0.0014806762799062234,0.005756397869916836,0.6394159159940644,-0.0014806762799062234,13.618610200641065,10.0,0.5386243386243386,KO,PEP
2018-10-11,35.24081039428711,82.68929290771484,0.4142259182193211,0.7069425792773061,0.026763678607791608,0.7929991563100335,1.2234980754280689,1.2234980754280689,-0.01030490568110709,0.006397062041906683,0.6170699559013529,-0.011785581961013314,10.841186216647435,11.0,0.7030414438502673,KO,PEP
2018-10-12,35.27239227294922,82.86244201660156,0.4142259182193211,0.7069425792773061,0.02618068009781016,0.7114918179376561,0.7929991563100335,0.7929991563100335,-0.007852278432226356,0.006424797674939869,0.6552874352651651,-0.01963786039323967,11.170181365357863,0.0,0.5856323972122561,KO,PEP
2018-10-15,35.453948974609375,83.1379165649414,0.4142259182193211,0.7069425792773061,0.028968434500748597,0.7937860302951678,0.7114918179376561,0.7114918179376561,-0.0005829985099814472,0.006371025425083899,0.6612319162543965,-0.020220858903221117,11.89079437522283,0.0,0.5449438202247191,KO,PEP
2018-10-16,35.91183090209961,84.5231704711914,0.4142259182193211,0.7069425792773061,0.030118479398505205,0.7950753624878568,0.7937860302951678,0.7937860302951678,0.002787754402938436,0.006375993362156507,0.6620376838275749,-0.01743310450028268,12.274588792760445,0.0,0.5498774165025522,KO,PEP
2018-10-17,36.20392608642578,85.24727630615234,0.4142259182193211,0.7069425792773061,0.03218870772665028,0.8433427172993139,0.7950753624878568,0.7950753624878568,0.001150044897756608,0.006370119712158025,0.6723538266817872,-0.016283059602526073,14.483578685517553,0.0,0.5273809523809524,KO,PEP
2018-10-18,36.00656509399414,84.94816589355469,0.4142259182193211,0.7069425792773061,0.02920726352640246,0.6346812411664317,0.8433427172993139,0.8433427172993139,0.002070228328145074,0.00637046543836018,0.676906828886015,-0.014212831274381,14.880781896285699,0.0,0.5233141334587202,KO,PEP
2018-10-19,36.57496643066406,86.80565643310547,0.4142259182193211,0.7069425792773061,0.0295784655474316,0.6034689337832289,0.6346812411664317,0.6346812411664317,-0.002981444200247818,0.006372866210321819,0.6901568581626456,-0.017194275474628817,14.599849280491313,0.0,0.5240287881132951,KO,PEP
2018-10-22,36.29076766967773,86.10515594482422,0.4142259182193211,0.7069425792773061,0.0275058084940909,0.4396372525142154,0.6034689337832289,0.6034689337832289,0.0003712020210291378,0.00637420361087446,0.7152546847402544,-0.01682307345359968,14.746585392559469,0.0,0.5095723948182964,KO,PEP
2018-10-23,36.5986557006836,86.67972564697266,0.4142259182193211,0.7069425792773061,0.03125226776428436,0.6025758428604459,0.4396372525142154,0.4396372525142154,-0.0020726570533406985,0.006334073302826177,0.7194627596907156,-0.018895730506940378,15.270017298541552,0.0,0.487469806763285,KO,PEP
2018-10-24,36.89073944091797,88.90713500976562,0.4142259182193211,0.7069425792773061,0.02126449299275901,-0.035461913023265,0.6025758428604459,0.6025758428604459,0.0037464592701934585,0.006126512103730357,0.72227213759749,-0.01514927123674692,16.217412154951525,0.0,0.4614165890027959,KO,PEP
2018-10-25,36.71706771850586,88.82056427001953,0.4142259182193211,0.7069425792773061,0.017234344660352008,-0.3639761193141044,-0.035461913023265,0.035461913023265,-0.009987774771525348,0.006465188920811773,0.7177841780918282,-0.025137046008272268,14.147564155799587,0.0,0.5368610988363529,KO,PEP
2018-10-26,36.25130081176758,86.93157958984375,0.4142259182193211,0.7069425792773061,0.01966493039584538,-0.273182531633964,-0.3639761193141044,0.3639761193141044,-0.004030148332407002,0.006390582472385564,0.71378999213466,-0.02916719434067927,13.584348402518872,0.0,0.524446142093201,KO,PEP
2018-10-29,36.6776008605957,88.85204315185547,0.4142259182193211,0.7069425792773061,0.01590837219850716,-0.6101120485707878,-0.273182531633964,0.273182531633964,0.0024305857354933735,0.006409418590808834,0.7441281204538267,-0.026736608605185896,13.55122517437148,0.0,0.43933294997124783,KO,PEP
2018-10-30,37.60124969482422,89.54464721679688,0.4142259182193211,0.7069425792773061,0.035290151052385976,0.7670368822170679,-0.6101120485707878,0.6101120485707878,-0.0037565581973382223,0.006210816447093527,0.7481780934356688,-0.03049316680252412,13.050881160775454,0.0,0.3765136181243564,KO,PEP
2018-10-31,37.79861068725586,88.45062255859375,0.4142259182193211,0.7069425792773061,0.049215582029230376,1.758702689698193,0.7670368822170679,0.7670368822170679,0.019381778853878817,0.006292219678233865,0.7311544652132927,-0.011111387948645302,14.954931982674106,0.0,0.4589473684210526,KO,PEP
2018-11-01,37.68807601928711,87.76586151123047,0.4142259182193211,0.7069425792773061,0.05178124817028307,1.8277958182869554,1.758702689698193,1.758702689698193,0.0139254309768444,0.006878678148468077,0.7328691686194747,0.0,19.92794365293084,1.0,0.4985610762456225,KO,PEP
2018-11-02,37.893333435058594,87.4982681274414,0.4142259182193211,0.7069425792773061,0.05937140994125967,2.2120038483650455,1.8277958182869554,1.8277958182869554,0.0025656661410526915,0.00680037024693173,0.7319173944423469,0.0,23.712672851083116,2.0,0.5069901315789473,KO,PEP
2018-11-05,38.43804550170898,90.03264617919922,0.4142259182193211,0.7069425792773061,0.0534583780124156,1.6356052116950717,2.2120038483650455,2.2120038483650455,0.0075901617709766,0.006975768530059572,0.7270536382375409,0.0,36.45179686541118,3.0,0.5432286904399065,KO,PEP
2018-11-06,38.76961517333984,90.67803955078124,0.4142259182193211,0.7069425792773061,0.0569978701930709,1.8051825916612676,1.6356052116950717,1.6356052116950717,-0.00591303192884407,0.007118201064132336,0.7359678257400677,-0.00591303192884407,27.562495068197386,4.0,0.5172379167224528,KO,PEP
2018-11-07,38.974876403808594,90.99282836914062,0.4142259182193211,0.7069425792773061,0.05982838698434456,1.8768859898986188,1.8051825916612676,1.8051825916612676,0.0035394921806553015,0.007137606650016151,0.7425172763371691,-0.002373539748188769,33.082520916704276,5.0,0.49114971050454925,KO,PEP
2018-11-08,38.94329833984375,91.34703826904295,0.4142259182193211,0.7069425792773061,0.05627125326702709,1.4948379957801499,1.8768859898986188,1.8768859898986188,0.002830516791273663,0.006694171690004886,0.7428266107714195,0.0,45.14607909885883,6.0,0.44767137624280484,KO,PEP
2018-11-09,39.2196044921875,92.46468353271484,0.4142259182193211,0.7069425792773061,0.05474422404146351,1.2961955461993246,1.4948379957801499,1.4948379957801499,-0.0035571337173174733,0.006463289019850065,0.7403815135691582,-0.0035571337173174733,38.73396742002442,7.0,0.45355491609816034,KO,PEP
2018-11-12,39.36959457397461,92.06324768066406,0.4142259182193211,0.7069425792773061,0.061637171016480696,1.6713251650171799,1.2961955461993246,1.2961955461993246,-0.001527029225563581,0.0064815703192121574,0.7428683732562641,-0.005084162942881054,36.79907443971574,8.0,0.44284618335251247,KO,PEP
2018-11-13,39.3617057800293,92.19708251953124,0.4142259182193211,0.7069425792773061,0.06040981779162369,1.4829025919929677,1.6713251650171799,1.6713251650171799,0.006892946975017189,0.006585543653721651,0.7378710529102611,0.0,52.862205000566085,9.0,0.47694447078158086,KO,PEP
2018-11-14,39.28276443481445,91.81139373779295,0.4142259182193211,0.7069425792773061,0.06136582885575059,1.4405172487567464,1.4829025919929677,1.4829025919929677,-0.0012273532248570085,0.00661458825312497,0.7380967905481269,-0.0012273532248570085,49.774541607547285,10.0,0.47687500000000005,KO,PEP
2018-11-15,39.26697540283203,91.92945098876952,0.4142259182193211,0.7069425792773061,0.060055364987826376,1.275673544053584,1.4405172487567464,1.4405172487567464,0.0009560110641269048,0.006614365828274343,0.7345670801314093,-0.00027134216073010364,53.5690548945017,11.0,0.4898488921850376,KO,PEP
2018-11-16,39.60642623901367,93.14942932128906,0.4142259182193211,0.7069425792773061,0.059342908764522306,1.1682943069400473,1.275673544053584,1.275673544053584,-0.0013104638679242164,0.006568142674741485,0.7297385017851077,-0.00158180602865432,51.27973142361633,12.0,0.5248747096931916,KO,PEP
2018-11-19,39.87483978271485,93.66889190673828,0.4142259182193211,0.7069425792773061,0.06216564240356126,1.2822060714535946,1.1682943069400473,1.1682943069400473,-0.0007124562233040699,0.006582035897169118,0.7333945093005115,-0.00229426225195839,50.0787162023427,13.0,0.4907673244885007,KO,PEP
2018-11-20,38.98277282714844,91.29979705810548,0.4142259182193211,0.7069425792773061,0.057650078303849384,0.9547419088514504,1.2822060714535946,1.2822060714535946,0.0028227336390389546,0.006535926669716483,0.735691661919949,0.0,58.55569926784649,14.0,0.4796150167384027,KO,PEP
2018-11-21,38.46964645385742,90.73311614990234,0.4142259182193211,0.7069425792773061,0.04880131410133304,0.3742425028725443,0.9547419088514504,0.9547419088514504,-0.004515564099711877,0.006655614528280155,0.7616535748497711,-0.004515564099711877,45.341677223759795,0.0,0.4099039172209904,KO,PEP
2018-11-23,38.69857025146485,90.83544158935548,0.4142259182193211,0.7069425792773061,0.05393762813635883,0.6450463281405467,0.3742425028725443,0.3742425028725443,-0.008848764202516346,0.006562840361581074,0.7553969541830993,-0.013364328302228223,37.16535617274739,0.0,0.39870160252661135,KO,PEP
2018-11-26,38.58015441894531,91.18960571289062,0.4142259182193211,0.7069425792773061,0.04812199901996461,0.2368283538172222,0.6450463281405467,0.6450463281405467,0.005136314035025791,0.00648889194492953,0.7595636944452527,-0.008228014267202433,42.82599005466744,0.0,0.3918539732129943,KO,PEP
2018-11-27,38.974876403808594,91.64614868164062,0.4142259182193211,0.7069425792773061,0.054770738017703824,0.6162655021846939,0.2368283538172222,0.2368283538172222,-0.005815629116394216,0.006696620347695579,0.7603895525192808,-0.014043643383596649,37.0088073647973,0.0,0.4163232600732601,KO,PEP
2018-11-28,39.24330139160156,93.2674789428711,0.4142259182193211,0.7069425792773061,0.049236938039501243,0.21804223646468315,0.6162655021846939,0.6162655021846939,0.006648738997739212,0.00667819042209084,0.7671706637356651,-0.007394904385857437,44.08774596018567,0.0,0.4059341468248351,KO,PEP
2018-11-29,38.97276306152344,93.0864486694336,0.4142259182193211,0.7069425792773061,0.04369268718166053,-0.17666575170908594,0.21804223646468315,0.21804223646468315,-0.00553379997820258,0.005534991722768256,0.7742702861743878,-0.012928704364060017,38.018771646026565,0.0,0.2586834733893557,KO,PEP
2018-11-30,40.10262680053711,95.97500610351562,0.4142259182193211,0.7069425792773061,0.05066791564717388,0.24886166148310984,-0.17666575170908594,0.17666575170908594,-0.005544250857840716,0.0047840583299872345,0.7646128595384949,-0.018472955221900733,34.18764122618631,0.0,0.17081012167068538,KO,PEP
2018-12-03,39.537689208984375,93.64527893066406,0.4142259182193211,0.7069425792773061,0.05385270898198513,0.42115145063137704,0.24886166148310984,0.24886166148310984,0.00697522846551335,0.005006388890221591,0.7884559582502666,-0.011497726756387383,40.23768542433714,0.0,0.17897103992979377,KO,PEP
2018-12-04,39.45018768310547,92.71653747558594,0.4142259182193211,0.7069425792773061,0.0586833503080908,0.7064807143936598,0.42115145063137704,0.42115145063137704,0.0031847933348112534,0.004755786579158083,0.7989505637643888,-0.00831293342157613,43.023109779605825,0.0,0.15224293739314498,KO,PEP
2018-12-06,39.29103469848633,92.69114685058594,0.4142259182193211,0.7069425792773061,0.05483453793767845,0.3820297204668553,0.7064807143936598,0.7064807143936598,0.004830641326105667,0.0046950988008737345,0.7975172628874564,-0.003482292095470463,47.94025768426683,0.0,0.14733054033730797,KO,PEP
2018-12-07,39.06028747558594,91.8819580078125,0.4142259182193211,0.7069425792773061,0.0551431232190871,0.34826011944406954,0.3820297204668553,0.3820297204668553,-0.0038488123704123467,0.004713254837249978,0.7959055509290862,-0.0073311044658828095,43.130109866025805,0.0,0.1587375415282392,KO,PEP
2018-12-10,39.17963790893555,92.1754913330078,0.4142259182193211,0.7069425792773061,0.055939154215010944,0.3556510373202863,0.34826011944406954,0.34826011944406954,0.0003085852814086465,0.004666450676275736,0.7973794168850004,-0.007022519184474163,42.26605313038374,0.0,0.14404461279461278,KO,PEP
2018-12-11,39.41835021972656,93.0481414794922,0.4142259182193211,0.7069425792773061,0.055352100391054204,0.23014239807867334,0.3556510373202863,0.3556510373202863,0.0007960309959238465,0.004607536075194444,0.8039110834525736,-0.0062264881885503165,39.77255386775396,0.0,0.13075060532687652,KO,PEP
2018-12-12,39.16373062133789,92.81808471679688,0.4142259182193211,0.7069425792773061,0.05062177378837651,-0.6642735838089013,0.23014239807867334,0.23014239807867334,-0.0005870538239567402,0.0045966706779312526,0.8068224634894118,-0.006813542012507057,32.42811759755279,0.0,0.12550252551283372,KO,PEP
2018-12-13,39.36264419555664,93.88906860351562,0.4142259182193211,0.7069425792773061,0.04757757029324905,-1.5423015742434303,-0.6642735838089013,0.6642735838089013,-0.0047303266026776924,0.00442381297679295,0.8043942239655597,-0.01154386861518475,27.372007467351185,0.0,0.11396392949159459,KO,PEP
2018-12-14,39.25920867919922,90.39844512939452,0.4142259182193211,0.7069425792773061,0.07173021387562661,2.939061242118629,-1.5423015742434303,1.5423015742434303,-0.003044203495127462,0.004455316060986486,0.8005453125737689,-0.014588072110312211,27.15772994419684,1.0,0.12575757575757576,KO,PEP
2018-12-17,38.45556640625,89.54168701171875,0.4142259182193211,0.7069425792773061,0.057779690906495595,0.3627196510464688,2.939061242118629,2.939061242118629,0.024152643582377564,0.007008192933557407,0.7618428354873756,0.0,38.04267783015647,2.0,0.4664633384165396,KO,PEP
2018-12-18,38.44761276245117,88.72455596923828,0.4142259182193211,0.7069425792773061,0.06405380914081515,1.4410088910424437,0.3627196510464688,0.3627196510464688,-0.013950522969131018,0.007682145626900685,0.7505581871187178,-0.013950522969131018,23.425543717434344,0.0,0.5375457875457875,KO,PEP
2018-12-19,38.11342239379883,87.29660034179688,0.4142259182193211,0.7069425792773061,0.06679398224359234,1.7546549944041718,1.4410088910424437,1.4410088910424437,0.006274118234319559,0.007804849453752253,0.7486065905382676,-0.0076764047348114595,28.123500459559104,1.0,0.5598887500306305,KO,PEP
2018-12-20,37.82696914672852,87.43146514892578,0.4142259182193211,0.7069425792773061,0.058158470906795046,0.2896743683129789,1.7546549944041718,1.7546549944041718,0.002740173102777188,0.007803501701111448,0.7464407555947674,-0.004936231632034271,33.6814241992335,2.0,0.5708462732919255,KO,PEP
2018-12-21,37.8508415222168,86.80472564697266,0.4142259182193211,0.7069425792773061,0.06387522951763458,1.2064723750637607,0.2896743683129789,0.2896743683129789,-0.008635511336797297,0.007978510720134861,0.742883936723852,-0.013571742968831568,25.06463138385449,0.0,0.6118318318318319,KO,PEP
2018-12-24,36.56977844238281,84.11540985107422,0.4142259182193211,0.7069425792773061,0.05169257866501642,-0.7737480680045992,1.2064723750637607,1.2064723750637607,0.005716758610839534,0.007797964940232986,0.7438529161311215,-0.007854984357992034,32.13106150356725,1.0,0.5708916167094871,KO,PEP
2018-12-26,37.34954833984375,85.94001007080078,0.4142259182193211,0.7069425792773061,0.057620439077278984,0.18032467361873714,-0.7737480680045992,0.7737480680045992,-0.01218265085261816,0.008213737085075537,0.7704896602274298,-0.020037635210610194,29.349771185725654,0.0,0.5688826591910292,KO,PEP
2018-12-27,37.81901168823242,86.80472564697266,0.4142259182193211,0.7069425792773061,0.06303394769901738,1.0512772117167053,0.18032467361873714,0.18032467361873714,0.0059278604122625644,0.008204780677394857,0.7805706393206445,-0.01410977479834763,31.34076235698088,0.0,0.5556644270250093,KO,PEP
2018-12-28,37.55644226074219,87.55044555664062,0.4142259182193211,0.7069425792773061,0.05001969841182152,-0.9968443138129257,1.0512772117167053,1.0512772117167053,0.005413508621738394,0.008162615546149624,0.7860485403013168,-0.008696266176609235,37.06005655757846,1.0,0.5509807998890968,KO,PEP
2018-12-31,37.67578887939453,87.64563751220703,0.4142259182193211,0.7069425792773061,0.052424225583788786,-0.565883494326074,-0.9968443138129257,0.9968443138129257,-0.013014249287195856,0.008586899875441768,0.7977857720189228,-0.02171051546380509,24.668217913696243,0.0,0.5618993135011442,KO,PEP
2019-01-02,37.34160232543945,86.69367218017578,0.4142259182193211,0.7069425792773061,0.05123507048496023,-0.7100415582122116,-0.565883494326074,0.565883494326074,0.0024045271719672634,0.008502819151051992,0.7952183062910883,-0.019305988291837828,24.03609571888473,0.0,0.5698760227556039,KO,PEP
2019-01-03,37.11084365844727,85.88451385498047,0.4142259182193211,0.7069425792773061,0.05166548838792817,-0.599102865088121,-0.7100415582122116,0.7100415582122116,-0.0011891550988285537,0.008374111454135845,0.7994805710950901,-0.02049514339066638,24.477284599130574,0.0,0.5478627873563219,KO,PEP
2019-01-04,37.8508415222168,87.64563751220703,0.4142259182193211,0.7069425792773061,0.0570597549422196,0.30649353541241353,-0.599102865088121,0.599102865088121,0.0004304179029679389,0.008343662536457441,0.8008811804854783,-0.020064725487698443,22.22145481649654,0.0,0.5407169383352977,KO,PEP
2019-01-07,37.35751724243164,86.89200592041016,0.4142259182193211,0.7069425792773061,0.0500457146311728,-0.8014484741722294,0.30649353541241353,0.30649353541241353,0.005394266554291427,0.008361233461887323,0.8043380264697835,-0.014670458933407016,21.97849006787144,0.0,0.5400475812846947,KO,PEP
2019-01-08,37.77922439575195,87.72498321533203,0.4142259182193211,0.7069425792773061,0.0545261681276763,-0.10184509290825265,-0.8014484741722294,0.8014484741722294,-0.007014040311046799,0.008460416853112478,0.805030837891274,-0.021684499244453814,19.75786126738447,0.0,0.5457719585379159,KO,PEP
2019-01-09,37.055152893066406,85.27362060546875,0.4142259182193211,0.7069425792773061,0.05521012537524905,0.0049096710632901535,-0.10184509290825265,0.10184509290825265,0.0044804534965035,0.00852255805196077,0.8085542763641926,-0.017204045747950314,18.98197465439819,0.0,0.5450968523002422,KO,PEP
2019-01-10,37.45299530029297,85.79722595214844,0.4142259182193211,0.7069425792773061,0.061561827345357756,0.9949327265142622,0.0049096710632901535,0.0049096710632901535,0.0006839572475727529,0.00852204935645659,0.8108610168376089,-0.01652008850037756,16.8185749482372,0.0,0.5427509691790358,KO,PEP
2019-01-11,37.66782379150391,85.80514526367188,0.4142259182193211,0.7069425792773061,0.06721613930118409,1.7700668387543,0.9949327265142622,0.9949327265142622,0.006351701970108703,0.00863308904481071,0.8105716906815433,-0.010168386530268858,17.454180969673917,0.0,0.5513538748832867,KO,PEP
2019-01-14,37.51665115356445,85.13876342773438,0.4142259182193211,0.7069425792773061,0.0687064584063033,1.8274295147598782,1.7700668387543,1.7700668387543,0.00565431195582633,0.00862658440560959,0.8091818850517536,-0.004514074574442528,18.416000975320962,1.0,0.5515127940960031,KO,PEP
2019-01-15,37.8508415222168,86.4636001586914,0.4142259182193211,0.7069425792773061,0.06665884785064913,1.449129029010621,1.8274295147598782,1.8274295147598782,0.0014903191051192088,0.008581259228549746,0.8060865185964484,-0.0030237554693233193,19.531892420123576,2.0,0.5525,KO,PEP
2019-01-16,37.33363723754883,85.94795227050781,0.4142259182193211,0.7069425792773061,0.05712901357698952,-0.08746729588617304,1.449129029010621,1.449129029010621,-0.002047610555654167,0.00676253751892882,0.8064575760463617,-0.005071366024977486,24.59906766385717,3.0,0.3841786916042195,KO,PEP
2019-01-17,37.44504165649414,86.64608001708984,0.4142259182193211,0.7069425792773061,0.054389520020431625,-0.5313967034691911,-0.08746729588617304,0.08746729588617304,-0.00952983427365961,0.006372219757228137,0.8037803382420623,-0.014601200298637096,22.488070933943767,0.0,0.3333401521970379,KO,PEP
2019-01-18,37.88267135620117,87.32040405273438,0.4142259182193211,0.7069425792773061,0.060528515544187034,0.44540448695356455,-0.5313967034691911,0.5313967034691911,-0.0027394935565578926,0.006227339732404247,0.796979748417285,-0.01734069385519499,22.59861204344906,0.0,0.3372052950597012,KO,PEP
2019-01-22,37.970191955566406,87.19346618652344,0.4142259182193211,0.7069425792773061,0.06386458955305097,0.9221426474350625,0.44540448695356455,0.44540448695356455,0.006138995523755408,0.006357991195437312,0.7962794757765749,-0.01120169833143958,23.885163706863676,0.0,0.3484410157505625,KO,PEP
2019-01-23,38.4078254699707,87.84398651123047,0.4142259182193211,0.7069425792773061,0.07006971003651108,1.736643306049635,0.9221426474350625,0.9221426474350625,0.003336074008863932,0.00610480625703077,0.7950220109730112,-0.007865624322575648,25.72990224839559,0.0,0.32976605276256843,KO,PEP
2019-01-24,37.94632339477539,86.86820983886719,0.4142259182193211,0.7069425792773061,0.06587780583274183,1.0376880646357194,1.736643306049635,1.736643306049635,0.006205120483460114,0.006127417033190289,0.8012681801387195,-0.0016605038391155347,29.2273756956514,1.0,0.30570684347620175,KO,PEP
2019-01-25,37.69170379638672,86.74920654296875,0.4142259182193211,0.7069425792773061,0.06011432395318428,0.15985489622141516,1.0376880646357194,1.0376880646357194,-0.004191904203769248,0.0055313534283407,0.8045724920721333,-0.0058524080428847824,23.85716455977378,2.0,0.2481859610006063,KO,PEP
2019-01-28,37.532562255859375,86.3287582397461,0.4142259182193211,0.7069425792773061,0.05931787149742762,-0.002045991275434661,0.15985489622141516,0.15985489622141516,-0.005763481879557553,0.005566622268909271,0.7978151395753739,-0.011615889922442335,21.64958337920616,0.0,0.28326612903225806,KO,PEP
2019-01-29,37.715579986572266,86.47154235839844,0.4142259182193211,0.7069425792773061,0.0630139725294181,0.5126653704955162,-0.002045991275434661,0.002045991275434661,-0.0007964524557566577,0.005434585736663326,0.7958853669803296,-0.012412342378198993,19.46945753647079,0.0,0.26667435291404856,KO,PEP
2019-01-30,38.08159255981445,87.91537475585938,0.4142259182193211,0.7069425792773061,0.0609652351085086,0.25580904828097173,0.5126653704955162,0.5126653704955162,0.003696101031990473,0.004621865554280715,0.8076326769683841,-0.00871624134620852,25.751877899443148,0.0,0.13152380952380952,KO,PEP
2019-01-31,38.296424865722656,89.38302612304688,0.4142259182193211,0.7069425792773061,0.05488653997281112,-0.7724839013546396,0.25580904828097173,0.25580904828097173,-0.0020487374209094966,0.004639199898382974,0.8240777374974771,-0.010764978767118016,23.902869805641323,0.0,0.12271293971035291,KO,PEP
2019-02-01,38.749961853027344,89.0022201538086,0.4142259182193211,0.7069425792773061,0.06967804563480273,1.6657979280016515,-0.7724839013546396,0.7724839013546396,-0.006078695135697476,0.004842317313853185,0.8222160346962877,-0.016843673902815492,22.960774776133572,0.0,0.16026504941599282,KO,PEP
2019-02-04,39.18759536743164,89.71619415283203,0.4142259182193211,0.7069425792773061,0.07526007301557547,2.344520502699906,1.6657979280016515,1.6657979280016515,0.01479150566199161,0.005796585935189867,0.812046892543548,-0.0020521682408238817,25.33261550446998,1.0,0.2682763246143528,KO,PEP
2019-02-05,39.195556640625,89.56547546386719,0.4142259182193211,0.7069425792773061,0.07665183700881695,2.2416585615593143,2.344520502699906,2.344520502699906,0.005582027380772736,0.005804003446466067,0.8099606046712869,0.0,24.904508094091586,2.0,0.2750333778371161,KO,PEP
2019-02-06,39.195556640625,89.68446350097656,0.4142259182193211,0.7069425792773061,0.07571328469802285,1.9279527159482412,2.2416585615593143,2.2416585615593143,0.0013917639932414794,0.005511976311449238,0.8087570148271238,0.0,25.32310091077421,3.0,0.23773532668881506,KO,PEP
2019-02-07,39.3228645324707,89.71619415283203,0.4142259182193211,0.7069425792773061,0.07870596542436559,2.080559566046603,1.9279527159482412,1.9279527159482412,-0.0009385523107940941,0.005483583071476867,0.8084232139939891,-0.0009385523107940941,25.226768356057082,4.0,0.23412698412698413,KO,PEP
2019-02-08,39.386512756347656,89.6606674194336,0.4142259182193211,0.7069425792773061,0.08076093597671008,2.0747973991016555,2.080559566046603,2.080559566046603,0.0029926807263427335,0.005498745206393267,0.8093127287749572,0.0,25.22858087792673,5.0,0.22689452124935997,KO,PEP
2019-02-11,39.47404479980469,89.6209945678711,0.4142259182193211,0.7069425792773061,0.08329373195208634,2.104617048116144,2.0747973991016555,2.0747973991016555,0.0020549705523444928,0.005374826505662016,0.8079831032555775,0.0,27.424591401877862,6.0,0.2142675112858599,KO,PEP
2019-02-12,39.51382827758789,90.27151489257812,0.4142259182193211,0.7069425792773061,0.07918820428979467,1.5573834733895915,2.104617048116144,2.104617048116144,0.0025327959753762563,0.005280742610741063,0.8108912471554546,0.0,30.200248135919516,7.0,0.18971515546858012,KO,PEP
2019-02-13,39.61725616455078,90.53333282470705,0.4142259182193211,0.7069425792773061,0.07975489075664832,1.5004988579623304,1.5573834733895915,1.5573834733895915,-0.004105527662291664,0.005384191007954669,0.8094866348650537,-0.004105527662291664,25.66392185193226,8.0,0.20847763347763348,KO,PEP
2019-02-14,36.2753791809082,89.31954956054688,0.4142259182193211,0.7069425792773061,0.0011714685217700804,-4.1748784342194725,1.5004988579623304,1.5004988579623304,0.0005666864668536498,0.0053518067678841085,0.809565016139067,-0.003538841195438014,26.696880640550102,9.0,0.20422143216260863,KO,PEP
2019-02-15,35.99688720703125,91.95336151123048,0.4142259182193211,0.7069425792773061,-0.02707986117150618,-3.9949555864941284,-4.1748784342194725,4.1748784342194725,-0.07858342223487824,0.018040767995066875,0.653192421008528,-0.08212226343031626,10.905149184407191,10.0,0.8558558558558558,KO,PEP
2019-02-19,35.670658111572266,91.96923828125,0.4142259182193211,0.7069425792773061,-0.036305931173464145,-3.348240652382663,-3.9949555864941284,3.9949555864941284,-0.02825132969327626,0.0188742130171947,0.6076067115706097,-0.11037359312359252,13.477307652591431,11.0,0.9573991031390134,KO,PEP
2019-02-20,35.885494232177734,91.88990783691406,0.4142259182193211,0.7069425792773061,-0.0296911721744908,-2.6352832305342044,-3.348240652382663,3.348240652382663,-0.009226070001957964,0.01875522452817262,0.6047276181072853,-0.11959966312555048,16.213302902126394,12.0,0.9600694444444444,KO,PEP
2019-02-21,36.49020385742188,92.1041030883789,0.4142259182193211,0.7069425792773061,-0.014626453105537784,-1.9524950447232292,-2.6352832305342044,2.6352832305342044,0.006614758998973347,0.018840124820180854,0.5871435730279067,-0.11298490412657713,15.044348430853619,13.0,0.9802380952380952,KO,PEP
2019-02-22,36.02871322631836,92.62769317626952,0.4142259182193211,0.7069425792773061,-0.03136150188361331,-2.157041158359228,-1.9524950447232292,1.9524950447232292,0.015064719068953014,0.01919167831415991,0.5814776564368427,-0.09792018505762412,11.876391628752012,14.0,0.9889380530973451,KO,PEP
2019-02-25,35.7581787109375,92.0723648071289,0.4142259182193211,0.7069425792773061,-0.03464762378699593,-2.006950358983059,-2.157041158359228,2.157041158359228,-0.016735048778075523,0.019384011428657293,0.5731913297541973,-0.11465523383569964,13.315115426869534,15.0,1.0,KO,PEP
2019-02-26,35.55925750732422,92.00096893310548,0.4142259182193211,0.7069425792773061,-0.03967771279014576,-1.9177705998902441,-2.006950358983059,2.006950358983059,-0.0032861219033826217,0.019385770124496476,0.5755575138996734,-0.11794135573908227,12.985377921973773,16.0,0.993421052631579,KO,PEP
2019-02-27,35.7581787109375,91.52497863769533,0.4142259182193211,0.7069425792773061,-0.03043218439310813,-1.5661622828517316,-1.9177705998902441,1.9177705998902441,-0.005030089003149829,0.01936467683285143,0.5741320556966474,-0.1229714447422321,16.487011753724783,17.0,0.993848339918209,KO,PEP
2019-02-28,36.076454162597656,92.48306274414062,0.4142259182193211,0.7069425792773061,-0.02893260412175991,-1.4188117791394923,-1.5661622828517316,1.5661622828517316,0.009245528397037628,0.019525662450426157,0.5674223259098756,-0.11372591634519447,14.579651900851308,18.0,1.0,KO,PEP
2019-03-01,36.1082878112793,92.91492462158205,0.4142259182193211,0.7069425792773061,-0.03134407720573762,-1.3658259655065736,-1.4188117791394923,1.4188117791394923,0.001499580271348222,0.019564776303086027,0.5711095147981664,-0.11222633607384624,14.634718693588917,19.0,0.9978354978354979,KO,PEP
2019-03-04,36.32312774658203,92.90692901611328,0.4142259182193211,0.7069425792773061,-0.02535099193106305,-1.1600062167195582,-1.3658259655065736,1.3658259655065736,-0.002411473083977711,0.019566258216176406,0.5363932152868396,-0.11463780915782396,16.042469030459355,20.0,1.0,KO,PEP
2019-03-05,36.2833251953125,92.7949676513672,0.4142259182193211,0.7069425792773061,-0.025594939263390515,-1.0900019166571164,-1.1600062167195582,1.1600062167195582,0.00599308527467457,0.019227789408714595,0.528617085303493,-0.10864472388314939,15.388199708996828,21.0,0.9880952380952381,KO,PEP
2019-03-06,36.16398620605469,93.29883575439452,0.4142259182193211,0.7069425792773061,-0.032717695305684025,-1.1526455319902047,-1.0900019166571164,1.0900019166571164,-0.00024394733232746546,0.019112819540146365,0.5309734248648162,-0.10888867121547685,15.818994880281927,22.0,0.981990231990232,KO,PEP
2019-03-07,36.02871322631836,92.85094451904295,0.4142259182193211,0.7069425792773061,-0.03306332542800128,-1.0838358631334752,-1.1526455319902047,1.1526455319902047,-0.00712275604229351,0.019059506823714042,0.5290556038968872,-0.11601142725777036,18.047448455619847,23.0,0.9800151975683891,KO,PEP
2019-03-08,35.678611755371094,92.15518951416016,0.4142259182193211,0.7069425792773061,-0.03751089524047391,-1.0954999178873894,-1.0838358631334752,1.0838358631334752,-0.0003456301223172531,0.01906698949941309,0.5284161372957016,-0.11635705738008761,17.40245375215134,24.0,0.9821428571428572,KO,PEP
2019-03-11,36.74482727050781,93.2428207397461,0.4142259182193211,0.7069425792773061,-0.016359437929034826,-0.6310438592088933,-1.0954999178873894,1.0954999178873894,-0.004447569812472629,0.018971196748106708,0.530577120942322,-0.12080462719256024,20.463637389226136,25.0,0.9718454892505526,KO,PEP
2019-03-12,36.64139175415039,93.22683715820312,0.4142259182193211,0.7069425792773061,-0.019057181790615996,-0.6366605374652176,-0.6310438592088933,0.6310438592088933,0.02115145731143908,0.019805285844054447,0.53914495797682,-0.09965316988112116,15.400745985689147,0.0,0.9873949579831933,KO,PEP
2019-03-13,36.77665710449219,93.23484802246094,0.4142259182193211,0.7069425792773061,-0.015433123406455529,-0.5188090457754451,-0.6366605374652176,0.6366605374652176,-0.00269774386158117,0.019740418673327532,0.5386266669606522,-0.10235091374270233,16.010743774922535,0.0,0.9854635717606429,KO,PEP
2019-03-14,36.68035125732422,92.37109375,0.4142259182193211,0.7069425792773061,-0.011475381788636607,-0.39617072304136014,-0.5188090457754451,0.5188090457754451,0.0036240583841604668,0.01983190198165493,0.5367788115501425,-0.09872685535854187,15.840182637572525,0.0,0.9875,KO,PEP
2019-03-15,36.35928726196289,92.4990692138672,0.4142259182193211,0.7069425792773061,-0.02124569375794305,-0.5508126954931484,-0.39617072304136014,0.39617072304136014,0.003957741617818922,0.0198908785133749,0.5842592392720052,-0.09476911374072294,16.030139142423934,0.0,0.9564315352697095,KO,PEP
2019-03-18,36.44757843017578,93.7866668701172,0.4142259182193211,0.7069425792773061,-0.0285931986309107,-0.6511206491561307,-0.5508126954931484,0.5508126954931484,-0.009770311969306444,0.010545300801090972,0.5743247238460659,-0.10453942571002939,17.787089671601347,0.0,0.9313918404827495,KO,PEP
2019-03-19,36.56797409057617,94.44245147705078,0.4142259182193211,0.7069425792773061,-0.030221340438169708,-0.6338430147709329,-0.6511206491561307,0.6511206491561307,-0.007347504872967647,0.008674466919789183,0.5761529806523071,-0.11188693058299704,20.528611693692717,0.0,0.9233539094650205,KO,PEP
2019-03-20,36.54389953613281,94.62638854980467,0.4142259182193211,0.7069425792773061,-0.03225541749780714,-0.6276303814889043,-0.6338430147709329,0.6338430147709329,-0.0016281418072590093,0.008428289868669541,0.5770275759854554,-0.11351507239025604,20.739733167319947,0.0,0.9035909445745511,KO,PEP
2019-03-21,36.52784729003906,95.52213287353516,0.4142259182193211,0.7069425792773061,-0.03935529821841177,-0.7428114039574075,-0.6276303814889043,0.6276303814889043,-0.002034077059637429,0.008314523977935511,0.5781537266785877,-0.11554914944989347,22.982864211814512,0.0,0.8937641723356009,KO,PEP
2019-03-22,36.86494445800781,96.54580688476562,0.4142259182193211,0.7069425792773061,-0.03770484767178317,-0.6573787780771834,-0.7428114039574075,0.7428114039574075,-0.007099880720604634,0.00766759970227551,0.5799269193067165,-0.12264903017049811,27.807328183301365,0.0,0.8283004258614015,KO,PEP
2019-03-25,36.94520568847656,96.6497802734375,0.4142259182193211,0.7069425792773061,-0.03629096513725383,-0.5785907581806874,-0.6573787780771834,0.6573787780771834,0.0016504505466286012,0.006808332103130767,0.5324980277096598,-0.1209985796238695,27.561041310978133,0.0,0.8132912409228199,KO,PEP
2019-03-26,37.434814453125,97.5854721069336,0.4142259182193211,0.7069425792773061,-0.02993689240861963,-0.332949178515217,-0.5785907581806874,0.5785907581806874,0.0014138825345293426,0.006782864661917256,0.5097692730490941,-0.11958469708934016,28.617332628167066,0.0,0.8194444444444444,KO,PEP
2019-03-27,37.41074752807617,97.4814910888672,0.4142259182193211,0.7069425792773061,-0.02982632566089638,-0.26507489751319413,-0.332949178515217,0.332949178515217,0.006354072728634197,0.006821320820608342,0.50976885750556,-0.11323062436070597,27.429225524978047,0.0,0.8234126984126984,KO,PEP
2019-03-28,37.38667678833008,97.44151306152344,0.4142259182193211,0.7069425792773061,-0.030179967601066338,-0.2576285191124636,-0.26507489751319413,0.26507489751319413,0.00011056674772325081,0.006518690858844506,0.5185882244189918,-0.11312005761298272,28.149863991496765,0.0,0.7856825396825398,KO,PEP
2019-03-29,37.61140441894531,98.00933837890624,0.4142259182193211,0.7069425792773061,-0.028294701124379706,0.07151704891958818,-0.2576285191124636,0.2576285191124636,-0.00035364194016995754,0.006510312931622347,0.5190162004165934,-0.11347369955315267,28.595807749359643,0.0,0.7817223170808828,KO,PEP
2019-04-01,37.49902725219727,97.56948852539062,0.4142259182193211,0.7069425792773061,-0.028107238850319405,0.10184614235046054,0.07151704891958818,0.07151704891958818,0.0018852664766866312,0.006500136066516416,0.5162133723652412,-0.11158843307646604,28.039577395048944,0.0,0.7817460317460317,KO,PEP
2019-04-02,37.37863540649414,97.31356048583984,0.4142259182193211,0.7069425792773061,-0.02946616582900008,-0.11691358243024717,0.10184614235046054,0.10184614235046054,0.00018746227406030158,0.0063609690241719745,0.514855891748776,-0.11140097080240574,28.117294904483206,0.0,0.7341269841269842,KO,PEP
2019-04-03,37.06560516357422,97.21759033203124,0.4142259182193211,0.7069425792773061,-0.037178478852260444,-1.1291070363636255,-0.11691358243024717,0.11691358243024717,-0.0013589269786806746,0.0063665384466750265,0.4935812397879535,-0.11275989778108642,29.048945599209585,0.0,0.7380952380952381,KO,PEP
2019-04-04,37.30640411376953,97.14561462402344,0.4142259182193211,0.7069425792773061,-0.03017934632906316,-0.1145489972906341,-1.1291070363636255,1.1291070363636255,-0.007712313023260364,0.006399831031574941,0.4857943627219731,-0.12047221080434678,34.113873660455006,1.0,0.7658730158730158,KO,PEP
2019-04-05,37.29838180541992,97.26558685302734,0.4142259182193211,0.7069425792773061,-0.031266924295261234,-0.27350426588713284,-0.1145489972906341,0.1145489972906341,0.006999132523197282,0.006590160101508655,0.4758071551381443,-0.1134730782811495,30.907528370452297,0.0,0.8015873015873016,KO,PEP
2019-04-08,37.36258316040039,97.56948852539062,0.4142259182193211,0.7069425792773061,-0.03175247816941251,-0.3611885626984396,-0.27350426588713284,0.27350426588713284,-0.0010875779661980722,0.006513342690124617,0.4516334451738488,-0.11456065624734757,31.790208542868626,0.0,0.7857142857142857,KO,PEP
2019-04-09,37.45890045166016,97.70542907714844,0.4142259182193211,0.7069425792773061,-0.030162163279645604,-0.18151883580537886,-0.3611885626984396,0.3611885626984396,-0.0004855538741512788,0.004423948182411317,0.4482304184420715,-0.11504621012149885,32.50982293148297,0.0,0.5277777777777778,KO,PEP
2019-04-10,37.434814453125,97.60147857666016,0.4142259182193211,0.7069425792773061,-0.030052839248091878,-0.16678302882714013,-0.18151883580537886,0.18151883580537886,0.0015903148897669084,0.004429214849257334,0.45061972687529545,-0.11345589523173194,32.149639608406346,0.0,0.5277777777777778,KO,PEP
2019-04-11,37.49100875854492,97.3055648803711,0.4142259182193211,0.7069425792773061,-0.026406236284184814,0.3777854368031589,-0.16678302882714013,0.16678302882714013,0.00010932403155372583,0.004328488548666725,0.4509244499194746,-0.11334657120017821,32.41820618557485,0.0,0.5158730158730159,KO,PEP
2019-04-12,37.515079498291016,97.75345611572266,0.4142259182193211,0.7069425792773061,-0.029010946939938886,-0.03204330606070613,0.3777854368031589,0.3777854368031589,0.003646602963907064,0.004312137176319228,0.44177045862006165,-0.10969996823627115,31.274676297004177,0.0,0.5178571428571429,KO,PEP
2019-04-15,37.72377395629883,98.89707946777344,0.4142259182193211,0.7069425792773061,-0.031685971801616475,-0.4101060009147091,-0.03204330606070613,0.03204330606070613,-0.0026047106557540722,0.003816723890457955,0.43098056859509,-0.11230467889202522,32.54712994599886,0.0,0.5119047619047619,KO,PEP
2019-04-16,37.68363952636719,97.89737701416016,0.4142259182193211,0.7069425792773061,-0.02556793875835739,0.5283352469440408,-0.4101060009147091,0.4101060009147091,-0.0026750248616775885,0.0035146425908398784,0.43262628018865223,-0.11497970375370281,34.01650649266715,0.0,0.501984126984127,KO,PEP
2019-04-17,37.948509216308594,101.57623291015624,0.4142259182193211,0.7069425792773061,-0.0446427406301102,-2.1538712734061356,0.5283352469440408,0.5283352469440408,0.006118033043259086,0.0037498619196936196,0.41820109984322834,-0.10886167071044373,31.70526163832531,0.0,0.503968253968254,KO,PEP
2019-04-18,38.10902786254883,101.64021301269533,0.4142259182193211,0.7069425792773061,-0.040866898724368994,-1.5254088908392291,-2.1538712734061356,2.1538712734061356,-0.01907480187175281,0.005631830536947676,0.39247209127651256,-0.12793647258219654,40.909621035060944,1.0,0.6726190476190477,KO,PEP
2019-04-22,38.04482650756836,101.120361328125,0.4142259182193211,0.7069425792773061,-0.0389279699311893,-1.245559105166432,-1.5254088908392291,1.5254088908392291,0.0037758419057412063,0.005503439932001571,0.38603675833570916,-0.12416063067645533,38.496961412707044,2.0,0.6507936507936508,KO,PEP
2019-04-23,38.6949577331543,101.64021301269533,0.4142259182193211,0.7069425792773061,-0.025608804147176478,0.6295589981990667,-1.245559105166432,1.245559105166432,0.001938928793179695,0.005508320637737747,0.3719070665237462,-0.12222170188327564,37.95187195293505,3.0,0.6507936507936508,KO,PEP
2019-04-24,38.51034164428711,101.50426483154295,0.4142259182193211,0.7069425792773061,-0.029445085991034237,0.13794472680882305,0.6295589981990667,0.6295589981990667,0.01331916578401282,0.006231381915575784,0.3705830871120107,-0.10890253609926281,31.759176124426332,0.0,0.7182539682539683,KO,PEP
2019-04-25,38.397979736328125,100.87244415283205,0.4142259182193211,0.7069425792773061,-0.027952890223933657,0.4620213620678283,0.13794472680882305,0.13794472680882305,-0.0038362818438577584,0.006150766473348325,0.3701962353081542,-0.11273881794312057,34.44713625048666,0.0,0.7023809523809523,KO,PEP
2019-04-26,38.73508071899414,101.08837127685548,0.4142259182193211,0.7069425792773061,-0.020723730362582238,1.9423594126775012,0.4620213620678283,0.4620213620678283,0.0014921957671005792,0.006159097308274007,0.37185540705521286,-0.11124662217602,32.944331506676455,0.0,0.7003968253968254,KO,PEP
2019-04-29,38.86349868774414,101.32029724121094,0.4142259182193211,0.7069425792773061,-0.01903399830477115,2.1841462562919287,1.9423594126775012,1.9423594126775012,0.00722915986135142,0.006350313967105044,0.3609587271851869,-0.10401746231466857,30.261355733866765,1.0,0.7261904761904762,KO,PEP
2019-04-30,39.37718963623047,102.40797424316406,0.4142259182193211,0.7069425792773061,-0.01345137452955214,2.69948845532033,2.1841462562919287,2.1841462562919287,0.0016897320578110886,0.006348282069407178,0.3590297444794792,-0.10232773025685749,28.626632670363215,2.0,0.7261904761904762,KO,PEP
2019-05-01,38.999961853027344,101.76016998291016,0.4142259182193211,0.7069425792773061,-0.018591286511254523,1.7286699876634712,2.69948845532033,2.69948845532033,0.005582623775219009,0.006444736471155344,0.3852825936496547,-0.09674510648163848,28.372960290484553,3.0,0.7619047619047619,KO,PEP
2019-05-02,38.83943176269531,101.4322738647461,0.4142259182193211,0.7069425792773061,-0.02043432183013083,1.3513228507837873,1.7286699876634712,1.7286699876634712,-0.005139911981702383,0.006557785999252029,0.38671637435866163,-0.10188501846334086,28.54115584824661,4.0,0.7797619047619048,KO,PEP
2019-05-03,39.10429382324219,102.10406494140624,0.4142259182193211,0.7069425792773061,-0.018304737133968185,1.5460703532230549,1.3513228507837873,1.3513228507837873,-0.0018430353188763071,0.006308339565794166,0.38917233796610484,-0.10372805378221717,28.20114939822024,5.0,0.7043650793650793,KO,PEP
2019-05-06,38.90364074707031,101.78418731689452,0.4142259182193211,0.7069425792773061,-0.021230947994908433,1.0538646272645362,1.5460703532230549,1.5460703532230549,0.0021295846961626452,0.006157995854945055,0.39207179556131083,-0.10159846908605452,28.2185531939088,6.0,0.6825396825396826,KO,PEP
2019-05-07,38.52639389038086,100.7524871826172,0.4142259182193211,0.7069425792773061,-0.02377298280007123,0.6338679562959822,1.0538646272645362,1.0538646272645362,-0.002926210860940248,0.006196016540174358,0.39551453709484624,-0.10452467994699477,28.819720175741125,7.0,0.6884920634920635,KO,PEP
2019-05-08,38.40600204467773,100.78447723388672,0.4142259182193211,0.7069425792773061,-0.02712722079264518,0.12523905434993593,0.6338679562959822,0.6338679562959822,-0.002542034805162796,0.006228527199129162,0.40494660299538654,-0.10706671475215757,27.931507718445047,0.0,0.6944444444444444,KO,PEP
2019-05-09,38.04482650756836,100.80847930908205,0.4142259182193211,0.7069425792773061,-0.03674420208901985,-1.229500901278822,0.12523905434993593,0.12523905434993593,-0.0033542379925739496,0.006274296398762751,0.40667822723338,-0.1068821115492935,28.557846019180182,0.0,0.6984126984126984,KO,PEP
2019-05-10,38.67890930175781,102.3759765625,0.4142259182193211,0.7069425792773061,-0.031122686882153694,-0.41485140507875823,-1.229500901278822,1.229500901278822,-0.009616981296374671,0.006625828666902774,0.40752044351123906,-0.11649909284566817,30.254596244374977,1.0,0.7916666666666667,KO,PEP
2019-05-13,38.56653594970703,101.6961898803711,0.4142259182193211,0.7069425792773061,-0.029322379574462154,-0.15104202767174488,-0.41485140507875823,0.41485140507875823,0.005621515206866157,0.006698739814431357,0.426302288794194,-0.032294155403923774,28.697451151483637,0.0,0.7976190476190477,KO,PEP
2019-05-14,39.08020782470703,101.89612579345705,0.4142259182193211,0.7069425792773061,-0.017479683661967282,1.4449792854970944,-0.15104202767174488,0.15104202767174488,0.00180030730769154,0.0066896423171524935,0.41991842809578733,-0.017846997785825547,28.144310594951325,0.0,0.7936507936507937,KO,PEP
2019-05-15,39.4735107421875,103.44763946533205,0.4142259182193211,0.7069425792773061,-0.018149076065226755,1.2647229375581837,1.4449792854970944,1.4449792854970944,0.011842695912494872,0.0071345423590897985,0.5278253068900286,-0.006004301873330675,25.135606495706426,1.0,0.7996031746031746,KO,PEP
2019-05-16,39.79458236694336,104.18341827392578,0.4142259182193211,0.7069425792773061,-0.015058510152938798,1.55984087525299,1.2647229375581837,1.2647229375581837,-0.0006693924032594722,0.007029902582171479,0.5437785495061987,-0.0066736942765901475,25.71641186099225,2.0,0.7678571428571428,KO,PEP
2019-05-17,39.489559173583984,104.37535858154295,0.4142259182193211,0.7069425792773061,-0.024054203223485615,0.3384242323584108,1.55984087525299,1.55984087525299,0.003090565912287957,0.005445570580961433,0.5531376033328532,-0.0035831283643021905,26.610592781411427,3.0,0.5317460317460317,KO,PEP
2019-05-20,39.20863723754883,103.95948028564452,0.4142259182193211,0.7069425792773061,-0.02837105197873635,-0.25004080049195015,0.3384242323584108,0.3384242323584108,-0.008995693070546817,0.005871023287779713,0.5638965893520613,-0.012578821434849008,26.7266974023743,0.0,0.5932539682539683,KO,PEP
2019-05-21,39.00798416137695,103.2077178955078,0.4142259182193211,0.7069425792773061,-0.028371076479915214,-0.2670766919938194,-0.25004080049195015,0.25004080049195015,-0.004316848755250735,0.005969987177085277,0.6014999401673117,-0.016895670190099743,28.269701889188312,0.0,0.5396825396825397,KO,PEP
2019-05-22,39.85074615478516,104.02346801757812,0.4142259182193211,0.7069425792773061,-0.012561976920046014,1.7005220687858635,-0.2670766919938194,0.2670766919938194,-2.4501178863545192e-08,0.005199065681065039,0.5998649442651969,-0.016895694691278607,26.985022388408364,0.0,0.4444444444444444,KO,PEP
2019-05-23,40.01128005981445,103.94349670410156,0.4142259182193211,0.7069425792773061,-0.007997996846817568,2.039476007897389,1.7005220687858635,1.7005220687858635,0.0158090995598692,0.00617230017277099,0.5964120455954787,-0.0010865951314094069,25.14455686625034,1.0,0.5654761904761905,KO,PEP
2019-05-24,39.81864547729492,103.56759643554688,0.4142259182193211,0.7069425792773061,-0.010262916421354351,1.6257491680191012,2.039476007897389,2.039476007897389,0.004563980073228446,0.006224512569140615,0.6065386205117135,0.0,25.336167996792547,2.0,0.5615079365079365,KO,PEP
2019-05-28,39.409305572509766,102.0720672607422,0.4142259182193211,0.7069425792773061,-0.010313465561631485,1.4948308847002598,1.6257491680191012,1.6257491680191012,-0.0022649195745367834,0.00609179242881309,0.6042216539809284,-0.0022649195745367834,24.457021215606844,3.0,0.5396825396825398,KO,PEP
2019-05-29,39.01601791381836,102.50394439697266,0.4142259182193211,0.7069425792773061,-0.02332799318401335,0.03334336064355744,1.4948308847002598,1.4948308847002598,-5.0549140277134086e-05,0.006086933166844854,0.6237000028927372,-0.0023154687148139175,23.76617120673768,4.0,0.48412698412698413,KO,PEP
2019-05-30,39.529693603515625,102.85581970214844,0.4142259182193211,0.7069425792773061,-0.012670779470970839,1.1465785217327062,0.03334336064355744,0.03334336064355744,-0.013014527622381866,0.006626282341308527,0.6092491507501921,-0.015329996337195784,23.62624279754488,0.0,0.6626984126984128,KO,PEP
2019-05-31,39.433380126953125,102.36795806884766,0.4142259182193211,0.7069425792773061,-0.01174911739006168,1.2189128088136065,1.1465785217327062,1.1465785217327062,0.010657213713042513,0.0069585724897501,0.6032325696928302,-0.004672782624153271,22.809106216886793,1.0,0.7003968253968254,KO,PEP
2019-06-03,40.11561584472656,103.15171813964844,0.4142259182193211,0.7069425792773061,1.194332100418194e-05,2.3987588936652173,1.2189128088136065,1.2189128088136065,0.000921662080909158,0.006942147668694865,0.6124399564934749,-0.003751120543244113,22.414634726359747,2.0,0.6785714285714286,KO,PEP
2019-06-04,40.13167572021485,103.22370910644533,0.4142259182193211,0.7069425792773061,-8.100965933754978e-05,2.215947987065785,2.3987588936652173,2.3987588936652173,0.011761060711065863,0.007364279675617872,0.6120201039866725,0.0,21.338847551090883,3.0,0.7083333333333333,KO,PEP
2019-06-05,40.75771713256836,105.07913208007812,0.4142259182193211,0.7069425792773061,0.002803968492343323,2.236782472190301,2.215947987065785,2.215947987065785,-9.295298034173172e-05,0.007316103052967458,0.6017044628240342,-9.295298034173172e-05,21.13265401424498,4.0,0.7242063492063493,KO,PEP
2019-06-06,41.2553596496582,106.3237762451172,0.4142259182193211,0.7069425792773061,0.006615395614847586,2.319452475477668,2.236782472190301,2.236782472190301,0.0028849781516808726,0.007278110033510643,0.6202759307002302,0.0,21.451783284283177,5.0,0.6666666666666667,KO,PEP
2019-06-07,41.32758712768555,107.52413940429688,0.4142259182193211,0.7069425792773061,0.00042815565121046006,1.5848735530847657,2.319452475477668,2.319452475477668,0.003811427122504263,0.007214853727886343,0.6295441575607585,0.0,21.572865256597698,6.0,0.6408730158730159,KO,PEP
2019-06-10,41.23929977416992,107.6208038330078,0.4142259182193211,0.7069425792773061,-0.0023456681679077107,1.2348928844656641,1.5848735530847657,1.5848735530847657,-0.006187239963637126,0.006981106268033364,0.6244001334638346,-0.006187239963637126,18.72690442631661,7.0,0.625,KO,PEP
2019-06-11,41.19917297363281,107.30663299560548,0.4142259182193211,0.7069425792773061,-0.0012524127641362348,1.2481627028701492,1.2348928844656641,1.2348928844656641,-0.0027738238191181708,0.0069946155311223284,0.6230668918944752,-0.008961063782755296,20.61285675428194,8.0,0.628968253968254,KO,PEP
2019-06-12,41.44798278808594,107.25829315185548,0.4142259182193211,0.7069425792773061,0.005087156348086985,1.6754892632516971,1.2481627028701492,1.2481627028701492,0.001093255403771476,0.006994486106954053,0.6311779003088988,-0.00786780837898382,19.371210647758236,9.0,0.6011904761904762,KO,PEP
2019-06-13,41.35900115966797,107.09716796875,0.4142259182193211,0.7069425792773061,0.004000801403063914,1.4641946176306988,1.6754892632516971,1.6754892632516971,0.00633956911222322,0.006679560039759234,0.6360600129419989,-0.0015282392667606004,18.490664523172647,10.0,0.5496031746031746,KO,PEP
2019-06-14,41.50460433959961,106.92801666259766,0.4142259182193211,0.7069425792773061,0.00863253168629008,1.685957231908781,1.4641946176306988,1.4641946176306988,-0.0010863549450230714,0.006685786368038381,0.6380488840007502,-0.002614594211783672,19.397508653730213,11.0,0.5476190476190477,KO,PEP
2019-06-17,41.14868927001953,106.75885772705078,0.4142259182193211,0.7069425792773061,0.0011394976638019472,1.029673507972244,1.685957231908781,1.685957231908781,0.004631730283226165,0.006717007128777388,0.6359284426906464,0.0,18.290286729565228,12.0,0.5595238095238095,KO,PEP
2019-06-18,40.96265411376953,106.38825225830078,0.4142259182193211,0.7069425792773061,-0.000933431822800479,0.8142958472825594,1.029673507972244,1.029673507972244,-0.007493034022488132,0.006610271951119351,0.6452992720769003,-0.007493034022488132,19.675084499666593,13.0,0.5158730158730159,KO,PEP
2019-06-19,41.35091400146485,107.024658203125,0.4142259182193211,0.7069425792773061,0.0042840417766534244,1.1369764480492734,0.8142958472825594,0.8142958472825594,-0.002072929486602426,0.006533263874453011,0.6423400398074051,-0.009565963509090558,18.616551474861353,0.0,0.503968253968254,KO,PEP
2019-06-20,41.7877197265625,108.0800323486328,0.4142259182193211,0.7069425792773061,0.007854986577061407,1.3184614633393585,1.1369764480492734,1.1369764480492734,0.005217473599453903,0.006577294582115811,0.6446293577031236,-0.004348489909636655,17.508928634707488,1.0,0.5079365079365079,KO,PEP
2019-06-21,41.69874572753906,107.91886901855467,0.4142259182193211,0.7069425792773061,0.006778469318045044,1.1909530082697732,1.3184614633393585,1.3184614633393585,0.0035709448004079825,0.0057468048329820534,0.6437236054342599,-0.0007775451092286723,19.11180984181342,2.0,0.36309523809523814,KO,PEP
2019-06-24,41.99803924560547,108.06389617919922,0.4142259182193211,0.7069425792773061,0.012980962454410605,1.6035672026006875,1.1909530082697732,1.1909530082697732,-0.001076517259016363,0.005704251543252172,0.6442334959692263,-0.0018540623682450352,18.503471026721403,3.0,0.35714285714285715,KO,PEP
2019-06-25,41.868614196777344,107.79806518554688,0.4142259182193211,0.7069425792773061,0.01163569233830719,1.4210801376231876,1.6035672026006875,1.6035672026006875,0.006202493136365561,0.005779334201090739,0.6408089162766704,0.0,18.461622755743775,4.0,0.36904761904761907,KO,PEP
2019-06-26,41.35091400146485,106.5977020263672,0.4142259182193211,0.7069425792773061,0.0071099060954775695,0.9698301485006606,1.4210801376231876,1.4210801376231876,-0.0013452701161034142,0.005799771078505514,0.641060331284219,-0.0013452701161034142,18.088595844432003,5.0,0.36904761904761907,KO,PEP
2019-06-27,41.31856536865234,106.09014129638672,0.4142259182193211,0.7069425792773061,0.009701422775437951,1.1146909003230425,0.9698301485006606,0.9698301485006606,-0.004525786242829621,0.0050080769470018435,0.6550486342083752,-0.005871056358933036,17.006142578363306,0.0,0.26587301587301587,KO,PEP
2019-06-28,41.18914413452149,105.6390380859375,0.4142259182193211,0.7069425792773061,0.009576610576089717,1.032668447136005,1.1146909003230425,1.1146909003230425,0.0025915166799603817,0.004560997493304443,0.653449944035377,-0.003279539678972654,17.664289725959556,1.0,0.22023809523809523,KO,PEP
2019-07-01,41.73919296264648,106.23516845703124,0.4142259182193211,0.7069425792773061,0.018864322272343248,1.7174952200725726,1.032668447136005,1.032668447136005,-0.0001248121993482343,0.004568952384166993,0.6587474960324025,-0.003404351878320888,16.83505080052462,2.0,0.21031746031746032,KO,PEP
2019-07-02,42.04656219482422,106.6863021850586,0.4142259182193211,0.7069425792773061,0.02320566766808252,2.004107119849853,1.7174952200725726,1.7174952200725726,0.009287711696253531,0.004303569921223092,0.6632635381100421,0.0,16.65467090938867,3.0,0.18253968253968253,KO,PEP
2019-07-03,42.14363861083984,107.94307708740234,0.4142259182193211,0.7069425792773061,0.017232608198417765,1.4667680811406099,2.004107119849853,2.004107119849853,0.004341345395739271,0.004358383091723066,0.6641606309950613,0.0,15.76552042442666,4.0,0.19047619047619047,KO,PEP
2019-07-05,42.1517333984375,107.16162872314452,0.4142259182193211,0.7069425792773061,0.022561155594730486,1.8258224283562405,1.4667680811406099,1.4667680811406099,-0.005973059469664754,0.0046041752184077965,0.6567644898569002,-0.005973059469664754,14.445858671579368,5.0,0.23015873015873015,KO,PEP
2019-07-08,42.0627555847168,106.79103088378906,0.4142259182193211,0.7069425792773061,0.0228970930777872,1.703788857616365,1.8258224283562405,1.8258224283562405,0.005328547396312722,0.004666534841840267,0.6541801312685323,-0.0006445120733520326,14.026097277283734,6.0,0.25,KO,PEP
2019-07-09,41.73109436035156,106.13044738769533,0.4142259182193211,0.7069425792773061,0.01936748541447786,1.2919742185329948,1.703788857616365,1.703788857616365,0.0003359374830567141,0.00438652806807336,0.655281257092739,-0.00030857459029531853,13.87891809011669,7.0,0.2123015873015873,KO,PEP
2019-07-10,41.91714859008789,108.28142547607422,0.4142259182193211,0.7069425792773061,0.009631424023462287,0.3461910069697269,1.2919742185329948,1.2919742185329948,-0.003529607663309342,0.004423043109933763,0.6623761127938883,-0.0038381822536046606,14.538774388201158,8.0,0.19841269841269843,KO,PEP
2019-07-11,42.09510803222656,108.23306274414062,0.4142259182193211,0.7069425792773061,0.014183760595419148,0.7657697270263363,0.3461910069697269,0.3461910069697269,-0.009736061391015571,0.005012544502755353,0.6491533076430592,-0.013574243644620232,14.112251785008768,0.0,0.2976190476190476,KO,PEP
2019-07-12,42.15981674194336,107.3710708618164,0.4142259182193211,0.7069425792773061,0.02137256889017225,1.5088476408335036,0.7657697270263363,0.7657697270263363,0.004552336571956861,0.004923571692872484,0.6469175880939558,-0.009021907072663371,13.253157975954537,0.0,0.29563492063492064,KO,PEP
2019-07-15,42.16790771484375,108.07196044921876,0.4142259182193211,0.7069425792773061,0.01696472729498355,0.9671328730573665,1.5088476408335036,1.5088476408335036,0.007188808294753102,0.005120441665957931,0.6436052187856979,-0.0018330987779102692,12.740228366470813,1.0,0.31746031746031744,KO,PEP
2019-07-16,42.17599105834961,107.79000091552734,0.4142259182193211,0.7069425792773061,0.019003225162855575,1.1472749352161455,0.9671328730573665,0.9671328730573665,-0.0044078415951886996,0.005167069964203665,0.7088389413513393,-0.006240940373098969,11.566653651098713,0.0,0.2599206349206349,KO,PEP
2019-07-17,42.20835494995117,106.9682846069336,0.4142259182193211,0.7069425792773061,0.025180171826063358,1.7741511560387542,1.1472749352161455,1.1472749352161455,0.0020384978678720245,0.004845089220900487,0.7095353658687539,-0.004202442505226944,11.607552769695674,1.0,0.24206349206349204,KO,PEP
2019-07-18,42.08702850341797,107.04883575439452,0.4142259182193211,0.7069425792773061,0.021769413389341796,1.2607694015731996,1.7741511560387542,1.7741511560387542,0.006176946663207783,0.004925520519828002,0.7027809890091147,0.0,12.035464114132179,2.0,0.25396825396825395,KO,PEP
2019-07-19,41.56932830810547,104.80119323730467,0.4142259182193211,0.7069425792773061,0.024393735290105134,1.4612223364741446,1.2607694015731996,1.2607694015731996,-0.0034107584367215615,0.004941838695932974,0.7059601404964725,-0.0034107584367215615,11.62626257345967,3.0,0.25595238095238093,KO,PEP
2019-07-22,41.43181228637695,104.95426940917967,0.4142259182193211,0.7069425792773061,0.020048307824893197,0.8872030943837423,1.4612223364741446,1.4612223364741446,0.002624321900763338,0.004920270384723312,0.721363895670849,-0.0007864365359582237,11.042971345126336,4.0,0.24007936507936506,KO,PEP
2019-07-23,43.947486877441406,105.32485961914062,0.4142259182193211,0.7069425792773061,0.07650295517722183,4.439425766677607,0.8872030943837423,0.8872030943837423,-0.004345427465211937,0.005033771664328512,0.7170095699838879,-0.005131864001170161,10.692611309698547,0.0,0.2599206349206349,KO,PEP
2019-07-24,43.50259017944336,104.09228515625,0.4142259182193211,0.7069425792773061,0.0746498485680327,3.3256159921029873,4.439425766677607,4.439425766677607,0.056454647352328635,0.013157670163572091,0.5619282200644309,0.0,13.723730733021721,1.0,0.8650793650793651,KO,PEP
2019-07-25,42.92827987670898,103.91503143310548,0.4142259182193211,0.7069425792773061,0.06256502571967282,2.2900986237014314,3.3256159921029873,3.3256159921029873,-0.0018531066091891368,0.013166857861299855,0.573311820766077,-0.0018531066091891368,11.918748980941904,2.0,0.8551587301587301,KO,PEP
2019-07-26,43.81806564331055,105.7115249633789,0.4142259182193211,0.7069425792773061,0.07096315073273507,2.3797710212287715,2.2900986237014314,2.2900986237014314,-0.012084822848359877,0.013486398334237452,0.5608291517597433,-0.013937929457549014,9.967546333516333,3.0,0.8650793650793651,KO,PEP
2019-07-29,43.672462463378906,105.96126556396484,0.4142259182193211,0.7069425792773061,0.0659665517891721,1.92326333511452,2.3797710212287715,2.3797710212287715,0.008398125013062252,0.013541759292348167,0.5792577796060546,-0.005539804444486762,10.38966363772043,4.0,0.8333333333333333,KO,PEP
2019-07-30,43.45406723022461,105.11536407470705,0.4142259182193211,0.7069425792773061,0.06661950715700415,1.7824953157912635,1.92326333511452,1.92326333511452,-0.004996598943562969,0.013640370247303805,0.5745309059470652,-0.010536403388049731,9.917101912501414,5.0,0.8452380952380952,KO,PEP
2019-07-31,42.572357177734375,102.96441650390624,0.4142259182193211,0.7069425792773061,0.06073623694263608,1.417705314675125,1.7824953157912635,1.7824953157912635,0.0006529553678320532,0.013565253704156456,0.576259933390755,-0.009883448020217678,9.554243922942005,6.0,0.8353174603174602,KO,PEP
2019-08-01,42.08702850341797,102.4246826171875,0.4142259182193211,0.7069425792773061,0.05298616990113958,1.0108841500643069,1.417705314675125,1.417705314675125,-0.005883270214368075,0.0136742247538893,0.606266928938508,-0.015766718234585753,8.75654498225024,7.0,0.7757936507936507,KO,PEP
2019-08-02,42.329689025878906,103.05303955078124,0.4142259182193211,0.7069425792773061,0.054411580342821786,1.00366151735881,1.0108841500643069,1.0108841500643069,-0.0077500670414965,0.013730596991571786,0.6024738827581084,-0.023516785276082253,7.8581194336173565,8.0,0.7837301587301587,KO,PEP
2019-08-05,41.779632568359375,100.21729278564452,0.4142259182193211,0.7069425792773061,0.06105768545689605,1.2070327217751193,1.00366151735881,1.00366151735881,0.0014254104416822067,0.013706599930984952,0.6043790123902159,-0.022091374834400046,7.898413028569494,9.0,0.7757936507936507,KO,PEP
2019-08-06,42.28115081787109,101.8687973022461,0.4142259182193211,0.7069425792773061,0.06143517792970776,1.1423307203369393,1.2070327217751193,1.2070327217751193,0.006646105114074263,0.013746611273058902,0.6161525928695873,-0.015445269720325783,7.928859055058074,10.0,0.746031746031746,KO,PEP
2019-08-07,43.01725387573242,102.94023895263672,0.4142259182193211,0.7069425792773061,0.07129839492003986,1.4495442345785596,1.1423307203369393,1.1423307203369393,0.0003774924728117135,0.013695615727342032,0.609167917002772,-0.01506777724751407,33.999118455576614,11.0,0.7619047619047619,KO,PEP
2019-08-08,43.42979049682617,104.3017120361328,0.4142259182193211,0.7069425792773061,0.07155409709025173,1.3623773710984342,1.4495442345785596,1.4495442345785596,0.009863216990332102,0.013513389163546184,0.6173780685431742,-0.005204560257181967,62.95502001768573,12.0,0.7261904761904762,KO,PEP
2019-08-09,43.21139144897461,103.6008529663086,0.4142259182193211,0.7069425792773061,0.0712789836174963,1.2627070775686666,1.3623773710984342,1.3623773710984342,0.0002557021702118689,0.013522478209532961,0.6226147677915584,-0.004948858086970098,54.27907152854528,13.0,0.7142857142857142,KO,PEP
2019-08-12,43.03342819213867,103.39944458007812,0.4142259182193211,0.7069425792773061,0.06852773653426647,1.07698456414408,1.2627070775686666,1.2627070775686666,-0.0002751134727554394,0.013501074633524157,0.6219855898774838,-0.005223971559725538,60.5337763192418,14.0,0.7123015873015872,KO,PEP
2019-08-13,43.27610397338867,104.67227935791016,0.4142259182193211,0.7069425792773061,0.06550188302517457,0.888109676015231,1.07698456414408,1.07698456414408,-0.002751247083229824,0.013463498679096676,0.6196511863500976,-0.007975218642955362,67.76612824975214,15.0,0.7142857142857143,KO,PEP
2019-08-14,42.86355972290039,104.01974487304688,0.4142259182193211,0.7069425792773061,0.06034423810519307,0.6227017848316566,0.888109676015231,0.888109676015231,-0.0030258535090919025,0.013518778026291046,0.6238335406741098,-0.011001072152047264,51.378577247513604,0.0,0.7063492063492063,KO,PEP
2019-08-15,43.57538604736328,105.3087387084961,0.4142259182193211,0.7069425792773061,0.06810817698427885,0.8913944842934536,0.6227017848316566,0.6227017848316566,-0.005157644919981497,0.013582846717107551,0.62592788363311,-0.01615871707202876,40.38433533334022,0.0,0.7083333333333334,KO,PEP
2019-08-16,44.01219940185547,106.14656066894533,0.4142259182193211,0.7069425792773061,0.07248049740646767,1.0101581817661611,0.8913944842934536,0.8913944842934536,0.007763938879085774,0.013588564125583832,0.6333671192686631,-0.008394778192942987,46.47639622021079,0.0,0.6964285714285714,KO,PEP
2019-08-19,44.23868942260742,106.79913330078124,0.4142259182193211,0.7069425792773061,0.0732805069951592,0.9777746835362664,1.0101581817661611,1.0101581817661611,0.0043723204221888246,0.013595879589734409,0.6326488503646028,-0.004022457770754162,66.81761004447029,1.0,0.6984126984126984,KO,PEP
2019-08-20,43.583473205566406,106.38825225830078,0.4142259182193211,0.7069425792773061,0.06108381542308772,0.400312382532511,0.9777746835362664,0.9777746835362664,0.0008000095886915304,0.013514158492067406,0.6339706256154028,-0.0032224481820626316,69.75887632539201,0.0,0.6825396825396826,KO,PEP
2019-08-21,43.76143646240234,106.61380767822266,0.4142259182193211,0.7069425792773061,0.06366156174919357,0.4632176269364243,0.400312382532511,0.400312382532511,-0.012196691572071483,0.006099498055127455,0.6316858937567763,-0.015419139754134115,41.01665915928823,0.0,0.4543650793650794,KO,PEP
2019-08-22,44.076908111572266,106.87162017822266,0.4142259182193211,0.7069425792773061,0.06913713977481706,0.6746795508413921,0.4632176269364243,0.4632176269364243,0.0025777463261058564,0.006136524560710346,0.6235141731045539,-0.012841393428028258,47.143388468752654,0.0,0.48214285714285715,KO,PEP
2019-08-23,43.47023391723633,104.94621276855467,0.4142259182193211,0.7069425792773061,0.06813000482113374,0.5726892958144213,0.6746795508413921,0.6746795508413921,0.005475578025623484,0.005661073985232124,0.6363724868466065,-0.007365815402404774,54.88120936689133,0.0,0.40476190476190477,KO,PEP
2019-08-26,44.11735534667969,107.7416534423828,0.4142259182193211,0.7069425792773061,0.06432250747090551,0.31251894900801797,0.5726892958144213,0.5726892958144213,-0.0010071349536833196,0.005353500204423352,0.6506191124128397,-0.008372950356088094,47.548408403925855,0.0,0.3392857142857143,KO,PEP
2019-08-27,44.26295471191406,108.56334686279295,0.4142259182193211,0.7069425792773061,0.06224629415850158,0.12137903813730383,0.31251894900801797,0.31251894900801797,-0.0038074973502282283,0.005305640939350296,0.654291740429046,-0.012180447706316322,41.99477060026044,0.0,0.32936507936507936,KO,PEP
2019-08-28,44.57842254638672,108.90979766845705,0.4142259182193211,0.7069425792773061,0.06709572070101899,0.37447253371727995,0.12137903813730383,0.12137903813730383,-0.0020762133124039295,0.005320055079799118,0.6503908136869786,-0.014256661018720251,37.23837399226252,0.0,0.3412698412698413,KO,PEP
2019-08-29,44.5298957824707,109.57844543457033,0.4142259182193211,0.7069425792773061,0.06167957779821398,-0.11357527823971478,0.37447253371727995,0.37447253371727995,0.00484942654251741,0.005262593886719678,0.6507452367575102,-0.009407234476202841,59.92134701240262,0.0,0.33333333333333337,KO,PEP
2019-08-30,44.52180480957031,110.15039825439452,0.4142259182193211,0.7069425792773061,0.057817521113880055,-0.638288368399411,-0.11357527823971478,0.11357527823971478,-0.00541614290280501,0.0051059393737446215,0.6361048745336637,-0.014823377379007852,49.19046670648197,0.0,0.3551587301587302,KO,PEP
2019-09-03,44.73211669921875,110.73851776123048,0.4142259182193211,0.7069425792773061,0.058765698397948096,-1.1531166867459657,-0.638288368399411,0.638288368399411,-0.0038620566843339255,0.005184085117401681,0.6275134570010066,-0.018685434063341777,46.41145530813556,0.0,0.39087301587301587,KO,PEP
2019-09-04,45.11228942871094,112.09996795654295,0.4142259182193211,0.7069425792773061,0.05859030661906317,-1.128896310210784,-1.1531166867459657,1.1531166867459657,0.0009481772840680414,0.0049726273661762,0.6338008785154543,-0.017737256779273736,48.827667676708764,1.0,0.35714285714285715,KO,PEP
2019-09-05,44.586517333984375,110.3032455444336,0.4142259182193211,0.7069425792773061,0.0582896774112136,-1.1224088077116448,-1.128896310210784,1.128896310210784,-0.00017539177888492574,0.004971351505180321,0.6371954370228214,-0.01791264855815866,44.95156262542205,2.0,0.34523809523809523,KO,PEP
2019-09-06,44.675479888916016,111.43077087402344,0.4142259182193211,0.7069425792773061,0.05309325068604309,-1.9019264061324366,-1.1224088077116448,1.1224088077116448,-0.0003006292078495676,0.004410427260260016,0.6467381891961259,-0.01821327776600823,40.89775548930343,3.0,0.24603174603174605,KO,PEP
2019-09-09,44.101165771484375,110.64392852783205,0.4142259182193211,0.7069425792773061,0.045164282568633585,-2.7605156423734565,-1.9019264061324366,1.9019264061324366,-0.005196426725170511,0.004513291667587758,0.644439691710653,-0.02340970449117874,36.38994096087045,4.0,0.26785714285714285,KO,PEP
2019-09-10,44.00410461425781,110.20587921142578,0.4142259182193211,0.7069425792773061,0.04576538669529606,-2.321782627118651,-2.7605156423734565,2.7605156423734565,-0.007928968117409507,0.004759885205930717,0.6483982143188316,-0.03133867260858825,31.792497751683285,5.0,0.29563492063492064,KO,PEP
2019-09-11,44.30341720581055,110.61149597167967,0.4142259182193211,0.7069425792773061,0.04994713091200742,-1.5979790689183972,-2.321782627118651,2.321782627118651,0.0006011041266624773,0.004765053835817923,0.6501697055144334,-0.03073756848192577,29.099376769913608,6.0,0.2936507936507936,KO,PEP
2019-09-12,44.57842254638672,111.3658676147461,0.4142259182193211,0.7069425792773061,0.051330271718093456,-1.3297531571448398,-1.5979790689183972,1.5979790689183972,0.004181744216711358,0.004879829245193201,0.6519564780059705,-0.02655582426521441,30.09658957111557,7.0,0.3035714285714286,KO,PEP
2019-09-13,44.21175765991211,110.67638397216795,0.4142259182193211,0.7069425792773061,0.04746149112718978,-1.7465092885699784,-1.3297531571448398,1.3297531571448398,0.0013831408060860362,0.004793753137038986,0.6520936771158189,-0.025172683459128375,30.371762380892406,8.0,0.2916666666666667,KO,PEP
2019-09-16,43.967315673828125,109.41094970703124,0.4142259182193211,0.7069425792773061,0.05004675232542377,-1.376751123038359,-1.7465092885699784,1.7465092885699784,-0.0038687805909036754,0.004455549330762244,0.6532326698319847,-0.02904146405003205,31.007259933846672,9.0,0.24603174603174602,KO,PEP
2019-09-17,44.19547653198242,110.07611846923828,0.4142259182193211,0.7069425792773061,0.050937785838932825,-1.195654364645481,-1.376751123038359,1.376751123038359,0.00258526119823399,0.004363229436391842,0.6507457473217549,-0.02645620285179806,31.230721035774817,10.0,0.24007936507936506,KO,PEP
2019-09-18,44.18732070922852,109.91388702392578,0.4142259182193211,0.7069425792773061,0.051795897661703894,-1.035141813493993,-1.195654364645481,1.195654364645481,0.0008910335135090541,0.004365278537258202,0.651521884703925,-0.025565169338289007,30.813141613623994,11.0,0.24206349206349204,KO,PEP
2019-09-19,44.42360305786133,109.89765167236328,0.4142259182193211,0.7069425792773061,0.05723337012065999,-0.3515330730244323,-1.035141813493993,1.035141813493993,0.0008581118227710682,0.0035618590186110317,0.6523037230509953,-0.02470705751551794,31.190330519437246,12.0,0.2222222222222222,KO,PEP
2019-09-20,43.92657470703125,109.27306365966795,0.4142259182193211,0.7069425792773061,0.05001119542909427,-1.1457157113554353,-0.3515330730244323,0.3515330730244323,0.005437472458956094,0.003734336034864984,0.6507256421973264,-0.019269585056561844,32.40917167098011,0.0,0.2361111111111111,KO,PEP
2019-09-23,44.11397933959961,109.86517333984376,0.4142259182193211,0.7069425792773061,0.05044812099541929,-1.027068892288486,-1.1457157113554353,1.1457157113554353,-0.007222174691565719,0.0037739843667634436,0.6455710663306491,-0.026491759748127564,28.969839600834415,1.0,0.25595238095238093,KO,PEP
2019-09-24,44.24434661865234,109.80028533935548,0.4142259182193211,0.7069425792773061,0.05381665432631211,-0.5606624375209026,-1.027068892288486,1.027068892288486,0.00043692556632501933,0.003786115289591406,0.6463407586800283,-0.026054834181802544,26.18665704283694,2.0,0.2579365079365079,KO,PEP
2019-09-25,44.13843536376953,109.58130645751952,0.4142259182193211,0.7069425792773061,0.05283129435231482,-0.6366664317015471,-0.5606624375209026,0.5606624375209026,0.00336853333089282,0.0038318217842001224,0.6448500200772073,-0.022686300850909724,28.710423634620348,0.0,0.26785714285714285,KO,PEP
2019-09-26,44.317684173583984,110.0923309326172,0.4142259182193211,0.7069425792773061,0.053595017827407165,-0.5093641833916843,-0.6366664317015471,0.6366664317015471,-0.0009853599739972907,0.003817092956193418,0.6438811574192054,-0.023671660824907015,27.50305254153722,0.0,0.27380952380952384,KO,PEP
2019-09-27,44.25249862670898,109.99501037597656,0.4142259182193211,0.7069425792773061,0.05274827194225029,-0.566470403780401,-0.5093641833916843,0.5093641833916843,0.0007637234750923483,0.0036317280366446095,0.6434395346200779,-0.022907937349814667,26.895344563712122,0.0,0.26785714285714285,KO,PEP
2019-09-30,44.35842514038086,111.21173858642578,0.4142259182193211,0.7069425792773061,0.04736206696995726,-1.2170699858001512,-0.566470403780401,0.566470403780401,-0.0008467458851568743,0.0034662399151160488,0.6479676118908784,-0.02375468323497154,26.602408278119604,0.0,0.23809523809523808,KO,PEP
2019-10-01,44.529541015625,111.43077087402344,0.4142259182193211,0.7069425792773061,0.04982125989422359,-0.8473010912439506,-1.2170699858001512,1.2170699858001512,-0.005386204972293029,0.0035560841546585687,0.6468284337298058,-0.02914088820726457,24.99953210943533,1.0,0.24404761904761904,KO,PEP
2019-10-02,43.250282287597656,108.64842987060548,0.4142259182193211,0.7069425792773061,0.03854813757500564,-2.233423154444397,-0.8473010912439506,0.8473010912439506,0.002459192924266329,0.0036022836995262607,0.6464173175540623,-0.02668169528299824,25.887461200403553,0.0,0.25,KO,PEP
2019-10-03,43.86953353881836,111.88501739501952,0.4142259182193211,0.7069425792773061,0.032012543253646,-2.668327064684077,-2.233423154444397,2.233423154444397,-0.011273122319217954,0.004304051600487721,0.6793680954242562,-0.037954817602216195,22.950935064692892,1.0,0.20238095238095238,KO,PEP
2019-10-04,44.43991088867188,113.79126739501952,0.4142259182193211,0.7069425792773061,0.032987283946018575,-2.3163498266460176,-2.668327064684077,2.668327064684077,-0.006535594321359639,0.004464755630652045,0.6911525974889291,-0.044490411923575834,21.320079751092962,2.0,0.22817460317460317,KO,PEP
2019-10-07,43.89398193359375,112.21760559082033,0.4142259182193211,0.7069425792773061,0.030471353138910917,-2.3622497516861314,-2.3163498266460176,2.3163498266460176,0.0009747406923725777,0.004398522590514201,0.6982122905804287,-0.04351567123120326,22.3093347506266,3.0,0.2142857142857143,KO,PEP
2019-10-08,43.657691955566406,111.3253402709961,0.4142259182193211,0.7069425792773061,0.030717126351147428,-2.1126699817273416,-2.3622497516861314,2.3622497516861314,-0.002515930807107658,0.004122012725421528,0.7091949613942662,-0.046031602038310915,18.123532224122503,4.0,0.19246031746031744,KO,PEP
2019-10-09,43.86139297485352,111.82010650634766,0.4142259182193211,0.7069425792773061,0.032237219779658766,-1.7885360025599215,-2.1126699817273416,2.1126699817273416,0.00024577321223651083,0.00411697982909547,0.7124592458297766,-0.045785828826074404,18.24578186415042,5.0,0.19047619047619047,KO,PEP
2019-10-10,43.722877502441406,111.85256958007812,0.4142259182193211,0.7069425792773061,0.028868989107518228,-1.9974282600557773,-1.7885360025599215,1.7885360025599215,0.0015200934285113377,0.003996589902369664,0.7133071014307685,-0.044265735397563066,18.017682727875016,6.0,0.19047619047619047,KO,PEP
2019-10-11,43.42953872680664,111.64979553222656,0.4142259182193211,0.7069425792773061,0.02342009408928858,-2.291808924441996,-1.9974282600557773,1.9974282600557773,-0.0033682306721405375,0.003995892285309559,0.7163246784864697,-0.047633966069703604,20.530781991587844,7.0,0.1865079365079365,KO,PEP
2019-10-14,43.42953872680664,111.49565887451172,0.4142259182193211,0.7069425792773061,0.024396728670405654,-1.9814945805878,-2.291808924441996,2.291808924441996,-0.005448895018229649,0.0040644318116064525,0.7166417848526274,-0.05308286108793325,19.127446882932215,8.0,0.19047619047619047,KO,PEP
2019-10-15,43.60065460205078,110.58712005615234,0.4142259182193211,0.7069425792773061,0.03411329210394776,-0.9988665898446887,-1.9814945805878,1.9814945805878,0.0009766345811170751,0.004004157911268363,0.7119107991290501,-0.05210622650681618,18.909032647812737,9.0,0.20238095238095238,KO,PEP
2019-10-16,43.58435821533203,110.66016387939452,0.4142259182193211,0.7069425792773061,0.03327266949163432,-1.0122126747934428,-0.9988665898446887,0.9988665898446887,0.009716563433542103,0.004653097258850998,0.7047635407808451,-0.042389663073274075,19.956630127289667,0.0,0.2698412698412698,KO,PEP
2019-10-17,43.82879638671875,111.09819793701172,0.4142259182193211,0.7069425792773061,0.03607257552948262,-0.6887056878779994,-1.0122126747934428,1.0122126747934428,-0.0008406226123134353,0.004636778261154998,0.8683536042940936,-0.041377179076398374,19.831589501566498,1.0,0.08928571428571427,KO,PEP
2019-10-18,44.63546371459961,110.5222396850586,0.4142259182193211,0.7069425792773061,0.05798469960927655,1.4396200213722314,-0.6887056878779994,0.6887056878779994,0.0027999060378482987,0.004489065368463615,0.8654376866633982,-0.03720793146567658,20.70519979016294,0.0,0.07738095238095238,KO,PEP
2019-10-21,44.18732070922852,110.4167938232422,0.4142259182193211,0.7069425792773061,0.048568686218500634,0.5109394012825857,1.4396200213722314,1.4396200213722314,0.021912124079793927,0.006520067695202677,0.8301082390145346,-0.015295807385882654,20.16700692255939,1.0,0.29166666666666663,KO,PEP
2019-10-22,43.877685546875,110.8548583984375,0.4142259182193211,0.7069425792773061,0.038737533310086114,-0.41784659564826865,0.5109394012825857,0.5109394012825857,-0.009416013390775912,0.006861844809950194,0.8178814427040358,-0.024711820776658566,18.129518968636752,0.0,0.3531746031746032,KO,PEP
2019-10-23,44.52140045166016,111.49565887451172,0.4142259182193211,0.7069425792773061,0.04922688585149748,0.5993799637268693,-0.41784659564826865,0.41784659564826865,-0.00983115290841452,0.00712674699230664,0.8116444425141097,-0.034542973685073086,17.33700081660106,0.0,0.376984126984127,KO,PEP
2019-10-24,44.49694061279297,111.85256958007812,0.4142259182193211,0.7069425792773061,0.046417947883700794,0.3464503432700553,0.5993799637268693,0.5993799637268693,0.010489352541411368,0.007535202196377192,0.8058686133820949,-0.02405362114366172,16.757187343317725,0.0,0.4226190476190476,KO,PEP
2019-10-25,43.79620742797852,110.83861541748048,0.4142259182193211,0.7069425792773061,0.036982461760517005,-0.5404670784773623,0.3464503432700553,0.3464503432700553,-0.0028089379677966875,0.00755303373866909,0.7895999600191276,-0.026862559111458406,15.68156732268244,0.0,0.4662698412698413,KO,PEP
2019-10-28,43.64954376220703,110.78180694580078,0.4142259182193211,0.7069425792773061,0.033990491014047386,-0.7791891972249374,-0.5404670784773623,0.5404670784773623,-0.00943548612318379,0.007808409796657561,0.7920983215182985,-0.036298045234642196,14.237984701294934,0.0,0.4761904761904762,KO,PEP
2019-10-29,43.519168853759766,110.3843231201172,0.4142259182193211,0.7069425792773061,0.033540228379025816,-0.7688512835295057,-0.7791891972249374,0.7791891972249374,-0.002991970746469619,0.007755172603985098,0.791091522789144,-0.039290015981111814,12.379219991608213,0.0,0.47023809523809523,KO,PEP
2019-10-30,43.95102691650391,111.0495147705078,0.4142259182193211,0.7069425792773061,0.03916736156868739,-0.1809418809095068,-0.7688512835295057,0.7688512835295057,-0.00045026263502156993,0.00772235554015433,0.7913678108869581,-0.039740278616133384,12.55974075885915,0.0,0.46825396825396826,KO,PEP
2019-10-31,44.35027694702149,111.26851654052734,0.4142259182193211,0.7069425792773061,0.046817530415766306,0.6395444778220268,-0.1809418809095068,0.1809418809095068,0.005627133189661571,0.007451547726222425,0.7853193392178498,-0.034113145426471814,12.251791224653795,0.0,0.46825396825396826,KO,PEP
2019-11-01,43.918434143066406,111.0738296508789,0.4142259182193211,0.7069425792773061,0.0382707443480963,-0.20795250702626672,0.6395444778220268,0.6395444778220268,0.00765016884707892,0.0074678716856043745,0.7789868930431906,-0.026462976579392894,13.614010521322541,0.0,0.4722222222222222,KO,PEP
2019-11-04,43.29916000366211,109.63809204101562,0.4142259182193211,0.7069425792773061,0.03326733033792717,-0.6821409531209457,-0.20795250702626672,0.20795250702626672,-0.00854678606767001,0.007736417832158153,0.7717391543489351,-0.0350097626470629,12.77806597598834,0.0,0.4861111111111111,KO,PEP
2019-11-05,42.712501525878906,108.70523071289062,0.4142259182193211,0.7069425792773061,0.02566654112134792,-1.3993389576464426,-0.6821409531209457,0.6821409531209457,-0.005003414010169127,0.007799847225016146,0.7792966840512083,-0.04001317665723203,12.69357164607413,0.0,0.4861111111111111,KO,PEP
2019-11-06,43.02213668823242,109.05403137207033,0.4142259182193211,0.7069425792773061,0.03062495448160929,-0.8127611590729803,-1.3993389576464426,1.3993389576464426,-0.007600789216579251,0.007979910340290651,0.7829749222130438,-0.04761396587381128,11.283193334811825,1.0,0.4920634920634921,KO,PEP
2019-11-07,42.60657501220703,108.14552307128906,0.4142259182193211,0.7069425792773061,0.02683282134671039,-1.1666826950492062,-0.8127611590729803,0.8127611590729803,0.004958413360261371,0.008052949802370486,0.7817364941417059,-0.04265555251354991,10.224441614796543,0.0,0.49404761904761907,KO,PEP
2019-11-08,42.5413932800293,107.99138641357422,0.4142259182193211,0.7069425792773061,0.026310101790122165,-1.164526387800049,-1.1666826950492062,1.1666826950492062,-0.0037921331348989007,0.008062127440242074,0.7830517374947338,-0.04644768564844881,9.71029706608716,1.0,0.4920634920634921,KO,PEP
2019-11-11,42.23991394042969,107.39112854003906,0.4142259182193211,0.7069425792773061,0.023138563836803794,-1.4331671511339061,-1.164526387800049,1.164526387800049,-0.0005227195565882248,0.007969725364782654,0.7765068323454443,-0.046970405205037036,11.19183238281973,2.0,0.49603174603174605,KO,PEP
2019-11-12,42.13398742675781,107.0585479736328,0.4142259182193211,0.7069425792773061,0.02282041316147332,-1.3885077198190845,-1.4331671511339061,1.4331671511339061,-0.0031715379533183707,0.007999292918669822,0.7752877986079517,-0.050141943158355406,11.447984111526045,3.0,0.501984126984127,KO,PEP
2019-11-13,42.7043571472168,108.12117004394533,0.4142259182193211,0.7069425792773061,0.029284405525925372,-0.5833162671838502,-1.3885077198190845,1.3885077198190845,-0.00031815067533047525,0.007678430998793782,0.773785576336257,-0.04631672661334374,10.906970311355233,4.0,0.4801587301587302,KO,PEP
2019-11-14,42.88361740112305,108.15362548828124,0.4142259182193211,0.7069425792773061,0.03326114804613978,-0.11715242800389936,-0.5833162671838502,0.5833162671838502,0.006463992364452054,0.007828868839888583,0.7842612356601218,-0.039852734248891686,10.3658360010615,0.0,0.4801587301587302,KO,PEP
2019-11-15,42.91620635986328,108.54299926757812,0.4142259182193211,0.7069425792773061,0.03148024076981182,-0.32195842427954513,-0.11715242800389936,0.11715242800389936,0.003976742520214405,0.007855567642580559,0.7828453684194443,-0.03587599172867728,8.780535575823077,0.0,0.4861111111111111,KO,PEP
2019-11-18,43.20954132080078,108.74578857421876,0.4142259182193211,0.7069425792773061,0.03697251203377405,0.30338778920803366,-0.32195842427954513,0.32195842427954513,-0.0017809072763279588,0.006010408464022339,0.7843166117066493,-0.03664976405132192,9.425703433789527,0.0,0.3115079365079365,KO,PEP
2019-11-19,43.250282287597656,109.1594696044922,0.4142259182193211,0.7069425792773061,0.035230751829050444,0.07914033433857039,0.30338778920803366,0.30338778920803366,0.005492271263962234,0.0058838961907991694,0.7725125292364464,-0.03012320866724494,9.04301524148322,0.0,0.33531746031746035,KO,PEP
2019-11-20,43.364356994628906,108.48621368408205,0.4142259182193211,0.7069425792773061,0.0422384941667624,0.86342054166177,0.07914033433857039,0.07914033433857039,-0.001741760204723608,0.00549952514201222,0.7632854271357551,-0.031864968871968546,9.889138206664594,0.0,0.31547619047619047,KO,PEP
2019-11-21,43.15250396728516,108.62411499023438,0.4142259182193211,0.7069425792773061,0.036443049854919085,0.15319240973915058,0.86342054166177,0.86342054166177,0.007007742337711953,0.005206488579585385,0.7544962916236114,-0.024857226534256593,9.552114114169017,0.0,0.3035714285714286,KO,PEP
2019-11-22,43.20954132080078,108.75391387939452,0.4142259182193211,0.7069425792773061,0.036919692428632356,0.16178002821438786,0.15319240973915058,0.15319240973915058,-0.005795444311843312,0.0053165517971451295,0.7513787829046596,-0.025236527943294895,9.48019523283601,0.0,0.3115079365079365,KO,PEP
2019-11-25,43.364356994628906,108.55921936035156,0.4142259182193211,0.7069425792773061,0.04176291794931952,0.7026614608613821,0.16178002821438786,0.16178002821438786,0.0004766425737132707,0.004906566938968644,0.7559334089715554,-0.02184600596931574,9.55883421424413,0.0,0.2698412698412698,KO,PEP
2019-11-26,43.918434143066406,110.07611846923828,0.4142259182193211,0.7069425792773061,0.04464948698328053,1.0050146025088094,0.7026614608613821,0.7026614608613821,0.004843225520687167,0.004964738628590393,0.7551470891166987,-0.017002780448628574,8.862458672610547,0.0,0.27976190476190477,KO,PEP
2019-11-27,43.95916748046875,110.24645233154295,0.4142259182193211,0.7069425792773061,0.04448344337207599,0.9267990189733888,1.0050146025088094,1.0050146025088094,0.002886569033961006,0.0049897489267400775,0.7636065554687586,-0.013940819635782642,8.36561483387415,1.0,0.2777777777777778,KO,PEP
2019-11-29,43.836036682128906,110.18155670166016,0.4142259182193211,0.7069425792773061,0.04209474475506125,0.6063354079681614,0.9267990189733888,0.9267990189733888,-0.00016604361120453603,0.004853208086588193,0.7592156589859171,-0.01380623403913761,8.128234281622118,0.0,0.2638888888888889,KO,PEP
2019-12-02,44.123348236083984,110.2221221923828,0.4142259182193211,0.7069425792773061,0.048367364351730835,1.5302391009890477,0.6063354079681614,0.6063354079681614,-0.0023886986170147395,0.0045746648696695785,0.7511606008947158,-0.015889954854215294,8.316206944189839,0.0,0.2361111111111111,KO,PEP
2019-12-03,44.16438674926758,109.8814468383789,0.4142259182193211,0.7069425792773061,0.05148542528906663,1.887564972834321,1.5302391009890477,1.5302391009890477,0.006272619596669582,0.0043638717119018474,0.7534958376442435,-0.009617335257545712,8.008761188668943,1.0,0.20238095238095238,KO,PEP
2019-12-04,44.5666389465332,111.3740005493164,0.4142259182193211,0.7069425792773061,0.05101427721306795,1.6862374819116281,1.887564972834321,1.887564972834321,0.003118060937335798,0.004207480339841049,0.748542108356894,-0.0064992743202099135,8.142191394713697,2.0,0.1984126984126984,KO,PEP
2019-12-05,44.48453903198242,111.36990356445312,0.4142259182193211,0.7069425792773061,0.04919640103094469,1.4632422868175672,1.6862374819116281,1.6862374819116281,-0.00047114807599868413,0.0037481819788484864,0.7530553217460974,-0.006970422396208598,7.447465564459943,3.0,0.16468253968253968,KO,PEP
2019-12-06,44.67334747314453,112.2031021118164,0.4142259182193211,0.7069425792773061,0.04816257280297931,1.3175410754863723,1.4632422868175672,1.4632422868175672,-0.001817876182123257,0.0037052437746768895,0.7520725455499058,-0.008788298578331855,6.974874920179397,4.0,0.1626984126984127,KO,PEP
2019-12-09,44.38603591918945,112.03974151611328,0.4142259182193211,0.7069425792773061,0.04274042958509927,0.6291834217096991,1.3175410754863723,1.3175410754863723,-0.0010338282279653832,0.00357604650539676,0.7503601882974495,-0.009822126806297238,7.005777089945438,5.0,0.16468253968253968,KO,PEP
2019-12-10,44.1397705078125,111.3127212524414,0.4142259182193211,0.7069425792773061,0.041778980636162366,0.4810271979539199,0.6291834217096991,0.6291834217096991,-0.005422143217880038,0.003834962221472075,0.7459251456615075,-0.015244270024177276,6.916683576110087,0.0,0.19444444444444445,KO,PEP
2019-12-11,44.28752899169922,111.9906997680664,0.4142259182193211,0.7069425792773061,0.04082814958992742,0.33756919429810955,0.4810271979539199,0.4810271979539199,-0.0009614489489369049,0.0037491929967945307,0.7482427087331289,-0.01620571897311418,6.619101150882466,0.0,0.17857142857142858,KO,PEP
2019-12-12,44.443504333496094,112.05606079101562,0.4142259182193211,0.7069425792773061,0.04393136997045799,0.6890432616318464,0.33756919429810955,0.33756919429810955,-0.0009508310462349456,0.003762254315761967,0.7469083109907649,-0.017156550019349126,6.75854449227258,0.0,0.18253968253968253,KO,PEP
2019-12-13,44.67334747314453,112.6768798828125,0.4142259182193211,0.7069425792773061,0.04518379121459315,0.851494423115033,0.6890432616318464,0.6890432616318464,0.003103220380530569,0.0035806785695151437,0.746323762458873,-0.014053329638818557,6.490726799364594,0.0,0.17063492063492064,KO,PEP
2019-12-16,44.67334747314453,111.9580535888672,0.4142259182193211,0.7069425792773061,0.04970820459032588,1.3121456823719542,0.851494423115033,0.851494423115033,0.00125242124413516,0.003505698686640345,0.751059102395862,-0.012800908394683397,6.057887883190548,0.0,0.1468253968253968,KO,PEP
2019-12-17,44.67334747314453,111.23102569580078,0.4142259182193211,0.7069425792773061,0.05431388506081136,1.6919168610763242,1.3121456823719542,1.3121456823719542,0.004524413375732728,0.00356084041380601,0.7443097910143835,-0.00827649501895067,5.952168675421678,1.0,0.17063492063492064,KO,PEP
2019-12-18,44.25468826293945,111.06768035888672,0.4142259182193211,0.7069425792773061,0.04593705453186869,0.6992296742026755,1.6919168610763242,1.6919168610763242,0.004605680470485485,0.0035086728996880346,0.7388861109696373,-0.0036708145484651844,5.751219683151461,2.0,0.17063492063492064,KO,PEP
2019-12-19,44.59125900268555,111.47610473632812,0.4142259182193211,0.7069425792773061,0.05091875123441936,1.1927105277855337,0.6992296742026755,0.6992296742026755,-0.00837683052894267,0.004016579306355696,0.7359984369721675,-0.012047645077407854,5.901011415734431,0.0,0.21825396825396826,KO,PEP
2019-12-20,45.124847412109375,112.66053009033205,0.4142259182193211,0.7069425792773061,0.055342343198203636,1.5929204960797727,1.1927105277855337,1.1927105277855337,0.004981696702550664,0.003875118956816215,0.7360785492889926,-0.007065948374857189,5.953361563341034,1.0,0.21031746031746032,KO,PEP
2019-12-23,45.07559967041016,111.94168853759766,0.4142259182193211,0.7069425792773061,0.058775549284814765,1.8516706987671916,1.5929204960797727,1.5929204960797727,0.004423591963784279,0.0036893096127470935,0.7427390341261466,-0.0026423564110729103,5.679879545111552,2.0,0.18253968253968253,KO,PEP
2019-12-24,44.91140365600586,111.81914520263672,0.4142259182193211,0.7069425792773061,0.05590053672287976,1.47632771423002,1.8516706987671916,1.8516706987671916,0.003433206086611129,0.0037266275958439225,0.7403437725368968,0.0,5.8208908264282435,3.0,0.1865079365079365,KO,PEP
2019-12-26,45.16588592529297,111.65577697753906,0.4142259182193211,0.7069425792773061,0.06258446217171132,2.1975438279339903,1.47632771423002,1.47632771423002,-0.0028750125619350086,0.003717890794965126,0.7463308213996679,-0.0028750125619350086,5.6807536524210605,4.0,0.17658730158730157,KO,PEP
2019-12-27,45.436790466308594,112.35013580322266,0.4142259182193211,0.7069425792773061,0.0641818535809291,2.207329462773148,2.1975438279339903,2.1975438279339903,0.0066839254488315625,0.003916039225814067,0.7413434261596064,0.0,5.549148664539881,5.0,0.2123015873015873,KO,PEP
2019-12-30,45.3711166381836,111.75379943847656,0.4142259182193211,0.7069425792773061,0.06649774994247748,2.241447945728007,2.207329462773148,2.207329462773148,0.0015973914092177743,0.003910966323738793,0.6852213676552827,0.0,5.0885474495653815,6.0,0.25,KO,PEP
2019-12-31,45.436790466308594,111.6394500732422,0.4142259182193211,0.7069425792773061,0.06866791651090054,2.269090281355904,2.241447945728007,2.241447945728007,0.0023158963615483863,0.003841852949501339,0.6816954093895122,0.0,5.1401910656552925,7.0,0.24801587301587302,KO,PEP
2020-01-02,45.14126205444336,110.94512939453124,0.4142259182193211,0.7069425792773061,0.0665529329232637,1.8570290646512204,2.269090281355904,2.269090281355904,0.0021701665684230598,0.003672398809038278,0.6628545748104272,0.0,5.383876983148142,8.0,0.22420634920634921,KO,PEP
2020-01-03,44.89498901367188,110.78992462158205,0.4142259182193211,0.7069425792773061,0.062072046021410365,1.288938427574533,1.8570290646512204,1.8570290646512204,-0.002114983587636843,0.0036995624295487854,0.6465918984615396,-0.002114983587636843,5.059448324189915,9.0,0.27976190476190477,KO,PEP
2020-01-06,44.87856674194336,111.21466827392578,0.4142259182193211,0.7069425792773061,0.05900110930121416,0.8877822668152014,1.288938427574533,1.288938427574533,-0.0044808869018533315,0.0038654196866876787,0.6409641948048708,-0.006595870489490174,4.88234746705177,10.0,0.3392857142857143,KO,PEP
2020-01-07,44.53379821777344,109.46663665771484,0.4142259182193211,0.7069425792773061,0.06248891002171719,1.2030919765263537,0.8877822668152014,0.8877822668152014,-0.0030709367201962046,0.0039131985826702876,0.6342358715713463,-0.009666807209686379,4.92347068392796,0.0,0.35912698412698413,KO,PEP
2020-01-08,44.61588668823242,110.03025817871094,0.4142259182193211,0.7069425792773061,0.06069993248657779,0.9446328622211247,1.2030919765263537,1.2030919765263537,0.0034878007205030315,0.003949068461784774,0.6403632769701597,-0.006179006489183347,4.753728421112619,1.0,0.3492063492063492,KO,PEP
2020-01-09,45.42858505249024,110.1037826538086,0.4142259182193211,0.7069425792773061,0.07827923096770428,2.5853319047203054,0.9446328622211247,0.9446328622211247,-0.0017889775351394022,0.0037405791499788713,0.6399235471903539,-0.00796798402432275,4.686729614027328,0.0,0.31746031746031744,KO,PEP
2020-01-10,45.58454895019531,109.8913803100586,0.4142259182193211,0.7069425792773061,0.08307160498875321,2.6253409658336464,2.5853319047203054,2.5853319047203054,0.017579298481126493,0.005183916338360443,0.6164790735125553,0.0,4.6839754547528845,1.0,0.5178571428571428,KO,PEP
2020-01-13,46.07708740234375,111.52511596679688,0.4142259182193211,0.7069425792773061,0.08338596105288687,2.325289092802992,2.6253409658336464,2.6253409658336464,0.0047923740210489285,0.005181266634005528,0.6341217666791038,0.0,9.96328642493968,2.0,0.4781746031746032,KO,PEP
2020-01-14,45.97037506103516,111.78649139404295,0.4142259182193211,0.7069425792773061,0.07941243778779628,1.8140501575791148,2.325289092802992,2.325289092802992,0.00031435606413365846,0.005190238722764312,0.6465858456641878,0.0,10.520618180572693,3.0,0.43253968253968256,KO,PEP
2020-01-15,46.54499435424805,113.7060775756836,0.4142259182193211,0.7069425792773061,0.07979824034636573,1.68786342935834,1.8140501575791148,1.8140501575791148,-0.003973523265090595,0.005349042501763838,0.6400668506685812,-0.003973523265090595,12.020368313713035,4.0,0.4821428571428572,KO,PEP
2020-01-16,46.64350891113281,114.041015625,0.4142259182193211,0.7069425792773061,0.07983320543092898,1.5552094701512085,1.68786342935834,1.68786342935834,0.0003858025585694591,0.005316169394662302,0.7238055343730305,-0.003587720706521136,11.58490520078581,5.0,0.34523809523809523,KO,PEP
2020-01-17,46.74202346801758,115.38878631591795,0.4142259182193211,0.7069425792773061,0.07363717901062561,1.0087557297734016,1.5552094701512085,1.5552094701512085,3.496508456324321e-05,0.005276034484336521,0.7317645630913303,-0.0035527556219578926,12.682420404828555,6.0,0.3392857142857143,KO,PEP
2020-01-21,46.93082046508789,115.8789291381836,0.4142259182193211,0.7069425792773061,0.07467161506432873,1.0174765761921423,1.0087557297734016,1.0087557297734016,-0.006196026420303369,0.0050948365630770626,0.7364900654571305,-0.009748782042261261,11.386211743901711,7.0,0.3134920634920635,KO,PEP
2020-01-22,47.292022705078125,117.1205596923828,0.4142259182193211,0.7069425792773061,0.07480410939156901,0.9612560414082839,1.0174765761921423,1.0174765761921423,0.001034436053703125,0.005027697613237869,0.7386616908340747,-0.008714345988558136,12.446360571179513,8.0,0.30952380952380953,KO,PEP
2020-01-23,47.472618103027344,117.34110260009766,0.4142259182193211,0.7069425792773061,0.0772856144887335,1.0822836324394602,0.9612560414082839,0.9612560414082839,0.00013249432724027344,0.004976324770981588,0.745399644443456,-0.008581851661317863,13.4076486920185,0.0,0.29166666666666663,KO,PEP
2020-01-24,47.3494873046875,116.74480438232422,0.4142259182193211,0.7069425792773061,0.07829018747356642,1.0974903901052568,1.0822836324394602,1.0822836324394602,0.0024815050971644936,0.004957085935887149,0.7347508881363805,-0.006100346564153369,14.24560134523177,1.0,0.3035714285714286,KO,PEP
2020-01-27,47.185302734375,116.10765838623048,0.4142259182193211,0.7069425792773061,0.07868543087178859,1.0761698779545263,1.0974903901052568,1.0974903901052568,0.0010045729848329188,0.00487987598111753,0.7371779343428766,-0.005095773579320451,14.607995442255259,2.0,0.2857142857142857,KO,PEP
2020-01-28,46.79948425292969,116.35270690917967,0.4142259182193211,0.7069425792773061,0.06898470194208706,0.20864129553375782,1.0761698779545263,1.0761698779545263,0.00039524339822216703,0.004710880560696154,0.7379151592236626,-0.004700530181098284,14.996832327024887,3.0,0.2698412698412698,KO,PEP
2020-01-29,46.79948425292969,115.77273559570312,0.4142259182193211,0.7069425792773061,0.07251733727070464,0.4697447762765185,0.20864129553375782,0.20864129553375782,-0.00970072892970153,0.00523072216635157,0.7181948011168336,-0.014401259110799813,11.979371539130963,0.0,0.35317460317460314,KO,PEP
2020-01-30,48.31814193725586,117.4881591796875,0.4142259182193211,0.7069425792773061,0.09405421614348075,2.259320180657588,0.4697447762765185,0.4697447762765185,0.0035326353286175838,0.005261496080382952,0.7206868085791776,-0.01086862378218223,12.365350213176882,0.0,0.35119047619047616,KO,PEP
2020-01-31,47.94053649902344,116.00963592529295,0.4142259182193211,0.7069425792773061,0.09516146915355339,2.121042390447407,2.259320180657588,2.259320180657588,0.02153687887277611,0.007008505225267307,0.7366102012606901,0.0,17.328236014219243,1.0,0.4880952380952381,KO,PEP
2020-02-03,48.08829879760742,116.40990447998048,0.4142259182193211,0.7069425792773061,0.09580395963855581,2.0423204171674274,2.121042390447407,2.121042390447407,0.0011072530100726397,0.006965761109505881,0.7253163967263366,0.0,19.851272799874227,2.0,0.4900793650793651,KO,PEP
2020-02-04,48.30172348022461,116.98983764648438,0.4142259182193211,0.7069425792773061,0.09671920627899855,1.9674634345674924,2.0423204171674274,2.0423204171674274,0.0006424904850024227,0.0068366706836678615,0.7143076627644459,0.0,22.446734993912656,3.0,0.49603174603174605,KO,PEP
2020-02-05,48.3099250793457,117.87206268310548,0.4142259182193211,0.7069425792773061,0.09157790942027466,1.4368017582815376,1.9674634345674924,1.9674634345674924,0.0009152466404427351,0.0067526576347550545,0.7149780656559392,0.0,26.400165190536924,4.0,0.48611111111111116,KO,PEP
2020-02-06,48.42487335205078,117.89657592773438,0.4142259182193211,0.7069425792773061,0.09380747171878534,1.5156585455228926,1.4368017582815376,1.4368017582815376,-0.005141296858723887,0.006910355019276183,0.693978949758833,-0.005141296858723887,20.802701980223574,5.0,0.5178571428571428,KO,PEP
2020-02-07,48.58903884887695,118.74609375,0.4142259182193211,0.7069425792773061,0.09211615105865745,1.2987159231119456,1.5156585455228926,1.5156585455228926,0.002229562298510679,0.006871439710389204,0.6925510401658952,-0.0029117345602132083,21.824772786102113,6.0,0.5158730158730158,KO,PEP
2020-02-10,49.04874420166016,118.98297119140624,0.4142259182193211,0.7069425792773061,0.10012394632557164,1.8247269966981154,1.2987159231119456,1.2987159231119456,-0.001691320660127893,0.00584548947555955,0.6834798499817673,-0.004603055220341101,20.99484009262667,7.0,0.4246031746031746,KO,PEP
2020-02-11,48.91740798950195,119.3260498046875,0.4142259182193211,0.7069425792773061,0.09540720422989502,1.3325044298031232,1.8247269966981154,1.8247269966981154,0.008007795266914197,0.00599827800740988,0.6755838307847073,0.0,38.961676184739886,8.0,0.43452380952380953,KO,PEP
2020-02-12,48.76964569091797,119.3260498046875,0.4142259182193211,0.7069425792773061,0.09238198429112598,1.010565451795287,1.3325044298031232,1.3325044298031232,-0.004716742095676629,0.0061198415838277275,0.6597295739999309,-0.004716742095676629,30.11435787559266,9.0,0.4503968253968254,KO,PEP
2020-02-13,48.93382263183594,119.64462280273438,0.4142259182193211,0.7069425792773061,0.09385784775605455,1.0604993793951,1.010565451795287,1.010565451795287,-0.0030252199387690304,0.006087804802691966,0.6610637702561957,-0.00774196203444566,26.09276731020268,10.0,0.44246031746031744,KO,PEP
2020-02-14,49.21293258666992,120.0693817138672,0.4142259182193211,0.7069425792773061,0.09704014466569522,1.2400348210847043,1.0604993793951,1.0604993793951,0.0014758634649285618,0.00609008827713471,0.6629900444952993,-0.006266098569517098,28.56174217765034,11.0,0.4365079365079365,KO,PEP
2020-02-18,48.8681526184082,118.93395233154295,0.4142259182193211,0.7069425792773061,0.09672657939823903,1.148860842807522,1.2400348210847043,1.2400348210847043,0.0031822969096406695,0.006111419580032631,0.6657243244584637,-0.0030838016598764284,35.22412775142343,12.0,0.4384920634920635,KO,PEP
2020-02-19,49.0651741027832,118.87678527832033,0.4142259182193211,0.7069425792773061,0.10109005110443903,1.4638373220162124,1.148860842807522,1.148860842807522,-0.00031356526745618396,0.005902730227693167,0.6790119238970306,-0.0033973669273326124,36.507493223267986,13.0,0.42063492063492064,KO,PEP
2020-02-20,49.024112701416016,118.57454681396484,0.4142259182193211,0.7069425792773061,0.1020524820402029,1.4814367597188376,1.4638373220162124,1.4638373220162124,0.004363471706199995,0.00594379358058793,0.6859325781262916,0.0,44.63763262480118,14.0,0.41468253968253965,KO,PEP
2020-02-21,49.360687255859375,119.13816833496094,0.4142259182193211,0.7069425792773061,0.10554215606828343,1.7502433020148216,1.4814367597188376,1.4814367597188376,0.0009624309357638694,0.005938246200152278,0.692417733189209,0.0,53.587078141834176,15.0,0.4126984126984127,KO,PEP
2020-02-24,48.145751953125,116.51610565185548,0.4142259182193211,0.7069425792773061,0.0963533372149139,0.8008204320394825,1.7502433020148216,1.7502433020148216,0.003489674028080536,0.005951795525072939,0.6939282335187149,0.0,76.03542576351691,16.0,0.41468253968253965,KO,PEP
2020-02-25,47.46441268920898,115.25812530517578,0.4142259182193211,0.7069425792773061,0.0897747457198741,0.1381603807072295,0.8008204320394825,0.8008204320394825,-0.00918881885336953,0.006385571089012607,0.7539518034152359,-0.00918881885336953,39.99796645022087,0.0,0.36904761904761907,KO,PEP
2020-02-26,47.283817291259766,115.97694396972656,0.4142259182193211,0.7069425792773061,0.08156740414438568,-0.6570167951272095,0.1381603807072295,0.1381603807072295,-0.0065785914950398094,0.006590892333782897,0.7567374159894948,-0.01576741034840934,31.98084239747138,0.0,0.38690476190476186,KO,PEP
2020-02-27,45.092018127441406,111.3944091796875,0.4142259182193211,0.7069425792773061,0.06260442175729253,-2.2560714576754406,-0.6570167951272095,0.6570167951272095,-0.008207341575488414,0.006481843775246237,0.7428273865880461,-0.023974751923897752,26.557005710110207,0.0,0.4087301587301587,KO,PEP
2020-02-28,43.909915924072266,107.8492431640625,0.4142259182193211,0.7069425792773061,0.058903833554876606,-2.303282513536425,-2.2560714576754406,2.2560714576754406,-0.018962982387093152,0.007714933856550424,0.836008374959733,-0.042937734310990905,20.497559852572387,1.0,0.4126984126984127,KO,PEP
2020-03-02,45.904693603515625,112.38282775878906,0.4142259182193211,0.7069425792773061,0.07422140480339756,-1.0216790105021567,-2.303282513536425,2.303282513536425,-0.003700588202415922,0.005845498757910782,0.8561733665247618,-0.04663832251340683,20.006979149475562,2.0,0.251984126984127,KO,PEP
2020-03-03,46.01963424682617,110.74909210205078,0.4142259182193211,0.7069425792773061,0.0870745950456433,-0.019146934204981484,-1.0216790105021567,1.0216790105021567,0.015317571248520956,0.006916112525677845,0.8892481331248038,-0.03132075126488587,20.379384218735005,3.0,0.37103174603174605,KO,PEP
2020-03-04,48.36738967895508,116.31184387207033,0.4142259182193211,0.7069425792773061,0.10218666062938597,1.1469977486871046,-0.019146934204981484,0.019146934204981484,0.012853190242245738,0.007548371278548888,0.8729200488874509,-0.018467561022640133,23.53356725299885,0.0,0.4087301587301587,KO,PEP
2020-03-05,46.57783508300781,113.56928253173828,0.4142259182193211,0.7069425792773061,0.08135456622395276,-0.5912304156197332,1.1469977486871046,1.1469977486871046,0.015112065583742673,0.008274691735729662,0.9017243736390107,-0.00335549543889746,32.21365653490741,1.0,0.44047619047619047,KO,PEP
2020-03-06,45.36290740966797,112.8784637451172,0.4142259182193211,0.7069425792773061,0.05923785335146148,-2.209180612981249,-0.5912304156197332,0.5912304156197332,-0.02083209440543321,0.009416003679647225,0.904300819149258,-0.02418758984433067,18.958320296320373,0.0,0.44841269841269843,KO,PEP
2020-03-09,42.57184982299805,107.0396499633789,0.4142259182193211,0.7069425792773061,0.03328372919318934,-3.2806397229211055,-2.209180612981249,2.209180612981249,-0.022116712872491284,0.0104949355828091,0.8925095626480968,-0.046304302716821955,15.627256731409501,1.0,0.45436507936507936,KO,PEP
2020-03-10,44.04947280883789,110.31267547607422,0.4142259182193211,0.7069425792773061,0.046111115684755344,-2.214753283482807,-3.2806397229211055,3.2806397229211055,-0.02595412415827214,0.01174802044084275,0.9157703875389042,-0.0722584268750941,15.449838420533064,2.0,0.45436507936507936,KO,PEP
2020-03-11,42.85916519165039,106.7024917602539,0.4142259182193211,0.7069425792773061,0.04224028213460995,-2.206548072303246,-2.214753283482807,2.214753283482807,0.012827386491566006,0.012016509776496095,0.9214918580825188,-0.05943104038352809,14.033142461916254,3.0,0.45634920634920634,KO,PEP
2020-03-12,38.713623046875,94.85213470458984,0.4142259182193211,0.7069425792773061,0.023737358064190417,-2.69402465930055,-2.206548072303246,2.206548072303246,-0.0038708335501453917,0.012010826478610239,0.9234097470712014,-0.06330187393367348,14.409193470711315,4.0,0.45634920634920634,KO,PEP
2020-03-13,40.1379508972168,104.8110122680664,0.4142259182193211,0.7069425792773061,-0.010712798328658124,-3.2755193251908308,-2.69402465930055,2.69402465930055,-0.018502924070419535,0.012498274165311792,0.9469578119480128,-0.08180479800409302,15.927015132860276,5.0,0.4603174603174603,KO,PEP
2020-03-16,37.47974395751953,93.00178527832033,0.4142259182193211,0.7069425792773061,0.005273560441869218,-2.3409695467840628,-3.2755193251908308,3.2755193251908308,-0.03445015639284854,0.01413793740103854,0.9051680432484108,-0.11625495439694156,27.868404773912403,6.0,0.5099206349206349,KO,PEP
2020-03-17,39.06969451904297,105.03305053710938,0.4142259182193211,0.7069425792773061,-0.03918404898394545,-3.0413921617931594,-2.3409695467840628,2.3409695467840628,0.015986358770527342,0.01477964450579898,0.9091066972669569,-0.10026859562641421,17.762036589247835,7.0,0.5099206349206349,KO,PEP
2020-03-18,37.140235900878906,99.44095611572266,0.4142259182193211,0.7069425792773061,-0.051152692301636105,-2.7893337078680096,-3.0413921617931594,3.0413921617931594,-0.04445760942581467,0.01709182392356156,0.8886453861805577,-0.14472620505222888,112.4836886860077,8.0,0.5218253968253969,KO,PEP
2020-03-19,34.639381408691406,96.49687957763672,0.4142259182193211,0.7069425792773061,-0.09961635278639536,-3.1086854190366866,-2.7893337078680096,2.7893337078680096,-0.011968643317690653,0.016928540600990284,0.8935559823411681,-0.15669484836991954,112.4836886860077,9.0,0.5158730158730159,KO,PEP
2020-03-20,31.716188430786133,85.46888732910156,0.4142259182193211,0.7069425792773061,-0.10198703562342182,-2.6539900704966697,-3.1086854190366866,3.1086854190366866,-0.04846366048475925,0.018979840029407443,0.8756853977612014,-0.2051585088546788,112.4836886860077,10.0,0.5257936507936508,KO,PEP
2020-03-23,31.1033935546875,86.4968490600586,0.4142259182193211,0.7069425792773061,-0.12994923110875245,-2.638126480404782,-2.6539900704966697,2.6539900704966697,-0.002370682837026461,0.01881253111616658,0.8941539230010168,-0.20752919169170525,112.4836886860077,11.0,0.5158730158730159,KO,PEP
2020-03-24,32.668495178222656,93.61858367919922,0.4142259182193211,0.7069425792773061,-0.13678894663730734,-2.3790385747626326,-2.638126480404782,2.638126480404782,-0.027962195485330632,0.01919433793217516,0.8877433828998083,-0.23549138717703588,112.4836886860077,12.0,0.5277777777777778,KO,PEP
2020-03-25,34.45719146728516,92.5166015625,0.4142259182193211,0.7069425792773061,-0.07511161585300563,-1.4276749778439657,-2.3790385747626326,2.3790385747626326,-0.0068397155285548905,0.01919120019997722,0.8952312867240582,-0.24233110270559077,112.4836886860077,13.0,0.5158730158730159,KO,PEP
2020-03-26,36.67650604248047,98.89818572998048,0.4142259182193211,0.7069425792773061,-0.05984799649854278,-1.1447005943953052,-1.4276749778439657,1.4276749778439657,0.06167733078430171,0.024941847915311306,0.8603092299250555,-0.18065377192128906,162.61289106998757,14.0,0.5396825396825397,KO,PEP
2020-03-27,35.45090866088867,99.06266021728516,0.4142259182193211,0.7069425792773061,-0.0950102170059024,-1.4817798997794558,-1.1447005943953052,1.1447005943953052,0.015263619354462854,0.025291287978202247,0.8678296875573338,-0.1653901525668262,54.097794910326364,15.0,0.5376984126984127,KO,PEP
2020-03-30,37.26444625854492,103.1909637451172,0.4142259182193211,0.7069425792773061,-0.07398296474971744,-1.1345614209102148,-1.4817798997794558,1.4817798997794558,-0.03516222050735962,0.026058516207494692,0.8600444758260531,-0.20055237307418583,54.097794910326364,16.0,0.5436507936507936,KO,PEP
2020-03-31,36.643367767333984,98.76661682128906,0.4142259182193211,0.7069425792773061,-0.05981082850292019,-0.8935907980597935,-1.1345614209102148,1.1345614209102148,0.02102725225618496,0.026338842682895616,0.861434749216871,-0.17952512081800087,76.93641705591261,17.0,0.5416666666666666,KO,PEP
2020-04-01,34.87952423095703,97.13832092285156,0.4142259182193211,0.7069425792773061,-0.09739131221657571,-1.278842126815591,-0.8935907980597935,0.8935907980597935,0.014172136246797251,0.026391095088173843,0.8596767260280566,-0.16535298457120362,45.835312315498555,0.0,0.5476190476190477,KO,PEP
2020-04-02,36.39494323730469,101.85871887207033,0.4142259182193211,0.7069425792773061,-0.08840641362085577,-1.0920981566826646,-1.278842126815591,1.278842126815591,-0.03758048371365552,0.026646682954255797,0.8533596066942313,-0.20293346828485914,252.0,1.0,0.5515873015873016,KO,PEP
2020-04-03,36.29557037353516,102.4590301513672,0.4142259182193211,0.7069425792773061,-0.09529473563392932,-1.107502092157837,-1.0920981566826646,1.0920981566826646,0.008984898595719937,0.026831227462718432,0.8573384808861001,-0.1939485696891392,120.74394800912589,2.0,0.5496031746031746,KO,PEP
2020-04-06,38.64737319946289,107.86203002929688,0.4142259182193211,0.7069425792773061,-0.0688413391928,-0.7140059362498751,-1.107502092157837,1.107502092157837,-0.0068883220130735445,0.02664912643592785,0.8571279515141101,-0.20083689170221275,244.1847163957696,3.0,0.5496031746031746,KO,PEP
2020-04-07,38.51487731933594,107.3027801513672,0.4142259182193211,0.7069425792773061,-0.06860062170627224,-0.6583286361735613,-0.7140059362498751,0.7140059362498751,0.026453396441129318,0.027296725070687658,0.8618992190901046,-0.17438349526108343,51.751591624724746,0.0,0.5416666666666666,KO,PEP
2020-04-08,39.59968185424805,109.05445861816406,0.4142259182193211,0.7069425792773061,-0.05227152081967201,-0.3896621633753605,-0.6583286361735613,0.6583286361735613,0.00024071748652776392,0.027019694148229377,0.8621855482176873,-0.17414277777455567,52.21117485776031,0.0,0.5396825396825397,KO,PEP
2020-04-09,40.576847076416016,109.89325714111328,0.4142259182193211,0.7069425792773061,-0.03331165415715853,-0.08358632933698368,-0.3896621633753605,0.3896621633753605,0.016329100886600223,0.027444715985549026,0.8610212838448554,-0.15781367688795545,38.54006300709809,0.0,0.5476190476190477,KO,PEP
2020-04-13,38.8626708984375,107.63997650146484,0.4142259182193211,0.7069425792773061,-0.06182910574392686,-0.44344534978373207,-0.08358632933698368,0.08358632933698368,0.01895986666251348,0.027717559064937027,0.859051491263269,-0.13885381022544196,31.09184618373639,0.0,0.5555555555555556,KO,PEP
2020-04-14,40.51060104370117,113.81595611572266,0.4142259182193211,0.7069425792773061,-0.05974034674145878,-0.36210547028691564,-0.44344534978373207,0.44344534978373207,-0.028517451586768328,0.02740782646021057,0.8567050890395906,-0.1673712618122103,42.85301843574673,0.0,0.5575396825396826,KO,PEP
2020-04-15,39.4257926940918,111.04459381103516,0.4142259182193211,0.7069425792773061,-0.06945706124150464,-0.4575468946387803,-0.36210547028691564,0.36210547028691564,0.002088759002468077,0.02710339619929322,0.8605170007872492,-0.16528250280974222,42.55408088494805,0.0,0.5416666666666666,KO,PEP
2020-04-16,39.00345230102539,111.54624938964844,0.4142259182193211,0.7069425792773061,-0.0834136323809207,-0.641515558411738,-0.4575468946387803,0.4575468946387803,-0.009716714500045853,0.025470899923578632,0.8614052319056078,-0.17499921730978807,50.40083505796884,0.0,0.5238095238095237,KO,PEP
2020-04-17,39.79842376708984,113.11697387695312,0.4142259182193211,0.7069425792773061,-0.07312177351764015,-0.40415599475752784,-0.641515558411738,0.641515558411738,-0.013956571139416063,0.025515345053771073,0.8605253717464131,-0.18895578844920413,69.897344924343,0.0,0.5277777777777778,KO,PEP
2020-04-20,38.53144073486328,110.6498794555664,0.4142259182193211,0.7069425792773061,-0.08988540530221334,-0.6896122284552543,-0.40415599475752784,0.40415599475752784,0.010291858863280545,0.023232297466832905,0.8602146754565259,-0.1786639295859236,55.0728055032444,0.0,0.5257936507936508,KO,PEP
2020-04-21,37.579139709472656,107.6811065673828,0.4142259182193211,0.7069425792773061,-0.09568425377575496,-0.7650594981021233,-0.6896122284552543,0.6896122284552543,-0.016763631784573185,0.023556281316193618,0.8605583835495735,-0.19542756137049677,83.86682553664964,0.0,0.5198412698412699,KO,PEP
2020-04-22,37.82755661010742,109.06266784667967,0.4142259182193211,0.7069425792773061,-0.09810797128761362,-0.7887451450078927,-0.7650594981021233,0.7650594981021233,-0.005798848473541618,0.022691769538152287,0.8614909073479275,-0.2012264098440384,104.02683375665482,0.0,0.5099206349206349,KO,PEP
2020-04-23,37.32242584228516,107.1218719482422,0.4142259182193211,0.7069425792773061,-0.09885795441446721,-0.7908327554030835,-0.7887451450078927,0.7887451450078927,-0.0024237175118586585,0.022628869099448404,0.8617765008449427,-0.20365012735589705,113.99327946035719,0.0,0.5079365079365079,KO,PEP
2020-04-24,37.62053298950195,110.49358367919922,0.4142259182193211,0.7069425792773061,-0.1128106839582661,-1.198527228734394,-0.7908327554030835,0.7908327554030835,-0.0007499831268535928,0.018006110267573358,0.862215753911918,-0.20440011048275064,112.95588269203935,0.0,0.49404761904761907,KO,PEP
2020-04-27,38.73845672607422,110.57584381103516,0.4142259182193211,0.7069425792773061,-0.08405396292373402,-0.20343629582783085,-1.198527228734394,1.198527228734394,-0.013952729543798892,0.01779612716560915,0.8617621533281017,-0.21835284002654953,252.0,1.0,0.5,KO,PEP
2020-04-28,38.70534133911133,112.10545349121094,0.4142259182193211,0.7069425792773061,-0.09462137893722211,-0.5442035973569893,-0.20343629582783085,0.20343629582783085,0.028756721034532085,0.017405258448975305,0.8583697391410289,-0.18959611899201745,66.29143620936352,0.0,0.5238095238095238,KO,PEP
2020-04-29,39.020015716552734,109.67121887207033,0.4142259182193211,0.7069425792773061,-0.07100473543598307,0.5139637100064944,-0.5442035973569893,0.5442035973569893,-0.010567416013488096,0.016901316731894465,0.85805180983643,-0.20016353500550554,85.59700064081619,0.0,0.5198412698412698,KO,PEP
2020-04-30,38.001461029052734,108.7913055419922,0.4142259182193211,0.7069425792773061,-0.09176005374206975,-0.35238870950835116,0.5139637100064944,0.5139637100064944,0.023616643501239043,0.017442790171429846,0.8530348350060079,-0.1765468915042665,51.764921826236574,0.0,0.5376984126984127,KO,PEP
2020-05-01,37.76129913330078,107.02320861816406,0.4142259182193211,0.7069425792773061,-0.08651616259667749,-0.13468725345411794,-0.35238870950835116,0.35238870950835116,-0.02075531830608668,0.01598153416469491,0.8517432680818433,-0.19730220981035318,71.90842749834482,0.0,0.5297619047619048,KO,PEP
2020-05-04,37.38038635253906,107.6646499633789,0.4142259182193211,0.7069425792773061,-0.10087916914751727,-0.7968804395901692,-0.13468725345411794,0.13468725345411794,0.005243891145392254,0.015900260340430246,0.8512281147652561,-0.19205831866496093,64.79493728672023,0.0,0.5297619047619048,KO,PEP
2020-05-05,37.59569549560547,108.28141784667967,0.4142259182193211,0.7069425792773061,-0.09917398124830568,-0.8240493537195378,-0.7968804395901692,0.7968804395901692,-0.014363006550839774,0.016145946724265177,0.850477884720135,-0.2064213252158007,87.8279580430629,0.0,0.5337301587301587,KO,PEP
2020-05-06,37.05742645263672,107.54953002929688,0.4142259182193211,0.7069425792773061,-0.10880023168535935,-1.4925487005204763,-0.8240493537195378,0.8240493537195378,0.001705187899211591,0.01495411854830679,0.8504058188236681,-0.2047161373165891,83.88906442318059,0.0,0.5297619047619048,KO,PEP
2020-05-07,36.9332160949707,108.18272399902344,0.4142259182193211,0.7069425792773061,-0.11630759074224573,-1.735208969163788,-1.4925487005204763,1.4925487005204763,-0.009626250437053674,0.015050453498623646,0.8508661455603633,-0.21434238775364278,108.85866690951293,1.0,0.5277777777777778,KO,PEP
2020-05-08,38.18364334106445,110.38668060302734,0.4142259182193211,0.7069425792773061,-0.09726913487347622,-0.6914976523763259,-1.735208969163788,1.735208969163788,-0.007507359056886376,0.014484152433083545,0.8507512932506713,-0.22184974681052916,139.90523056459023,2.0,0.5238095238095238,KO,PEP
2020-05-11,37.71161651611328,110.5100555419922,0.4142259182193211,0.7069425792773061,-0.11049787786899001,-1.3297620626130697,-0.6914976523763259,0.6914976523763259,0.01903845586876951,0.014490173631948522,0.8500517417455677,-0.20281129094175965,76.21115080828339,0.0,0.5297619047619048,KO,PEP
2020-05-12,37.11539840698242,109.32584381103516,0.4142259182193211,0.7069425792773061,-0.11881773199038737,-1.6132205902021497,-1.3297620626130697,1.3297620626130697,-0.013228742995513798,0.013503985952097338,0.8495144907847434,-0.21604003393727345,100.35008403749431,1.0,0.49603174603174605,KO,PEP
2020-05-13,36.38665390014648,109.34230041503906,0.4142259182193211,0.7069425792773061,-0.13875401724612368,-2.301461272492179,-1.6132205902021497,1.6132205902021497,-0.008319854121397352,0.013520235550713116,0.8497235132897626,-0.2243598880586708,128.81687175094063,2.0,0.501984126984127,KO,PEP
2020-05-14,36.18792343139648,109.4409637451172,0.4142259182193211,0.7069425792773061,-0.14486822830941204,-2.280368713246539,-2.301461272492179,2.301461272492179,-0.01993628525573632,0.013952382919908761,0.8483703074326333,-0.24429617331440712,252.0,3.0,0.5297619047619048,KO,PEP
2020-05-15,35.82355499267578,111.80118560791016,0.4142259182193211,0.7069425792773061,-0.17007201381753712,-2.765240218565116,-2.280368713246539,2.280368713246539,-0.006114211063288355,0.01376090026010415,0.8486771654066567,-0.25041038437769547,252.0,4.0,0.5277777777777778,KO,PEP
2020-05-18,37.23960876464844,111.44757080078124,0.4142259182193211,0.7069425792773061,-0.1290651800952367,-1.218256864265482,-2.765240218565116,2.765240218565116,-0.025203785508125076,0.01420461523198516,0.845664186889422,-0.27561416988582055,252.0,5.0,0.5357142857142857,KO,PEP
2020-05-19,36.88352584838867,108.33077239990234,0.4142259182193211,0.7069425792773061,-0.11862069645903572,-0.7965942585864636,-1.218256864265482,1.218256864265482,0.041006833722300406,0.01707216690429678,0.8351120306192243,-0.23125184072462268,113.76544412657678,6.0,0.5595238095238095,KO,PEP
2020-05-20,38.001461029052734,107.94425201416016,0.4142259182193211,0.7069425792773061,-0.08623422990979224,0.3665221115408499,-0.7965942585864636,0.7965942585864636,0.010444483636200985,0.017255559927838518,0.8329799692408091,-0.2208073570884217,84.25439752178511,0.0,0.5634920634920635,KO,PEP
2020-05-21,37.40522003173828,107.08079528808594,0.4142259182193211,0.7069425792773061,-0.09637092743570586,0.060547965115408144,0.3665221115408499,0.3665221115408499,0.03238646654924349,0.018731458179844555,0.826264004558597,-0.1884208905391782,51.44987517133312,0.0,0.5753968253968254,KO,PEP
2020-05-22,37.289283752441406,107.3027801513672,0.4142259182193211,0.7069425792773061,-0.1009392257270032,-0.028647360277241928,0.060547965115408144,0.060547965115408144,-0.010136697525913618,0.018876282333211595,0.8264246419058047,-0.19855758806509183,56.59235438047085,0.0,0.5773809523809523,KO,PEP
2020-05-26,38.16708755493164,106.7024917602539,0.4142259182193211,0.7069425792773061,-0.07370566825263314,1.1477255531347825,-0.028647360277241928,0.028647360277241928,-0.004568298291297346,0.018635629947966633,0.8238058243274518,-0.20312588635638917,57.66096765727278,0.0,0.5753968253968254,KO,PEP
2020-05-27,38.697059631347656,107.57418060302734,0.4142259182193211,0.7069425792773061,-0.06566740290443196,1.5194478206230964,1.1477255531347825,1.1477255531347825,0.027233557474370063,0.018523152991728718,0.8175809421861208,-0.1758923288820191,43.99549499544414,1.0,0.5773809523809524,KO,PEP
2020-05-28,38.99516296386719,108.7913055419922,0.4142259182193211,0.7069425792773061,-0.06594704899210369,1.4915815130008478,1.5194478206230964,1.5194478206230964,0.008038265348201179,0.018409949874226117,0.8142925885511479,-0.16785406353381793,41.85041008078196,2.0,0.5773809523809523,KO,PEP
2020-05-29,38.65565872192383,108.18272399902344,0.4142259182193211,0.7069425792773061,-0.07072572837762214,1.245987668012835,1.4915815130008478,1.4915815130008478,-0.0002796460876717255,0.017693918539850407,0.8162126348411816,-0.16813370962148966,41.94700220944872,3.0,0.5714285714285714,KO,PEP
2020-06-01,38.91236877441406,109.36695098876952,0.4142259182193211,0.7069425792773061,-0.07180326817676397,1.1961534943902064,1.245987668012835,1.245987668012835,-0.004778679385518458,0.01707733069307261,0.8115297580615405,-0.1520802946015749,42.87156990015854,4.0,0.5674603174603174,KO,PEP
2020-06-02,38.83782958984375,109.07091522216795,0.4142259182193211,0.7069425792773061,-0.0718045154416731,1.1476422603797825,1.1961534943902064,1.1961534943902064,-0.0010775397991418245,0.01705530100694723,0.8112943997216059,-0.13104112152822545,43.7268596203898,5.0,0.5654761904761905,KO,PEP
2020-06-03,39.66593551635742,109.22716522216795,0.4142259182193211,0.7069425792773061,-0.051718513463755666,1.804933717103264,1.1476422603797825,1.1476422603797825,-1.2472649091321841e-06,0.01670318320236078,0.8128915165069195,-0.11791563112642844,43.67106513376918,6.0,0.5555555555555556,KO,PEP
2020-06-04,39.68250274658203,108.21028900146484,0.4142259182193211,0.7069425792773061,-0.044688654694704955,1.882117821643537,1.804933717103264,1.804933717103264,0.020086001977917434,0.017190305545264527,0.8049677175289794,-0.09782962914851101,39.46293016807368,7.0,0.5773809523809524,KO,PEP
2020-06-05,40.65137100219727,109.76006317138672,0.4142259182193211,0.7069425792773061,-0.030619371048265176,2.1241870960985088,1.882117821643537,1.882117821643537,0.007029858769050712,0.016991133963847237,0.802582207227229,-0.0869289368293149,38.06779601338908,8.0,0.5694444444444444,KO,PEP
2020-06-08,41.280723571777344,109.56944274902344,0.4142259182193211,0.7069425792773061,-0.014027468752792593,2.3314352918532,2.1241870960985088,2.1241870960985088,0.014069283646439779,0.016961645166902684,0.8003879632699687,-0.05435672911245559,36.369279986756,9.0,0.5694444444444444,KO,PEP
2020-06-09,40.576847076416016,110.19925689697266,0.4142259182193211,0.7069425792773061,-0.03527741293815101,1.5674097427883271,2.3314352918532,2.3314352918532,0.016591902295472583,0.016863335014258764,0.7653655472632247,-0.019301029194661812,34.75240831253177,10.0,0.6011904761904762,KO,PEP
2020-06-10,40.262168884277344,111.16063690185548,0.4142259182193211,0.7069425792773061,-0.04920338831234128,1.095818897464293,1.5674097427883271,1.5674097427883271,-0.021249944185358416,0.017360234264561056,0.7656379291136923,-0.04055097338002023,34.46538851029826,11.0,0.621031746031746,KO,PEP
2020-06-11,37.71161651611328,105.9477767944336,0.4142259182193211,0.7069425792773061,-0.08069302585831029,0.20941518842859713,1.095818897464293,1.095818897464293,-0.01392597537419027,0.017596683731408512,0.7427582348626366,-0.035175919559548685,36.18620799345176,12.0,0.6765873015873016,KO,PEP
2020-06-12,38.1043701171875,106.9091339111328,0.4142259182193211,0.7069425792773061,-0.07671800832873776,0.3081478779080212,0.20941518842859713,0.20941518842859713,-0.03148963754596901,0.018521286775062658,0.7745973472650783,-0.06666555710551769,38.62426578872805,0.0,0.626984126984127,KO,PEP
2020-06-15,38.68929290771485,108.13567352294922,0.4142259182193211,0.7069425792773061,-0.06954848132281954,0.4943411014498667,0.3081478779080212,0.3081478779080212,0.003975017529572522,0.01840585474161994,0.7634204348456727,-0.06269053957594517,37.00463158307108,0.0,0.6369047619047619,KO,PEP
2020-06-16,39.0820426940918,109.12188720703124,0.4142259182193211,0.7069425792773061,-0.06586647863230422,0.5641489535446453,0.4943411014498667,0.4943411014498667,0.007169527005918219,0.017202695550190914,0.7636114023971138,-0.05552101257002695,35.11812755485554,0.0,0.6170634920634921,KO,PEP
2020-06-17,38.92327499389648,109.1964874267578,0.4142259182193211,0.7069425792773061,-0.07042030336388194,0.40793024884361995,0.5641489535446453,0.5641489535446453,0.003682002690515329,0.015093370484531476,0.7111246366345153,-0.05183900987951162,34.735684932963885,0.0,0.6924603174603174,KO,PEP
2020-06-18,39.2658805847168,110.04180908203124,0.4142259182193211,0.7069425792773061,-0.06710831406846651,0.4643043563455074,0.40793024884361995,0.40793024884361995,-0.004553824731577727,0.015085401273299383,0.7212807046171519,-0.05639283461108935,34.04138791897929,0.0,0.6706349206349207,KO,PEP
2020-06-19,38.4553337097168,108.7986831665039,0.4142259182193211,0.7069425792773061,-0.07993519577253405,0.0663019300288303,0.4643043563455074,0.4643043563455074,0.0033119892954154295,0.013437534280821064,0.7102694937225166,-0.05308084531567392,33.06472406133647,0.0,0.6349206349206349,KO,PEP
2020-06-22,38.22135162353516,108.60806274414062,0.4142259182193211,0.7069425792773061,-0.0847986146476587,-0.08629880638246268,0.0663019300288303,0.0663019300288303,-0.012826881704067539,0.013560800451220401,0.7622002523075936,-0.06590772701974146,33.679753931272145,0.0,0.5535714285714286,KO,PEP
2020-06-23,38.13779067993164,108.86498260498048,0.4142259182193211,0.7069425792773061,-0.088657591760124,-0.22153619458485047,-0.08629880638246268,0.08629880638246268,-0.004863418875124648,0.01356681681327181,0.7324101526952014,-0.0707711458948661,33.53649720466825,0.0,0.626984126984127,KO,PEP
2020-06-24,37.31052780151367,107.37321472167967,0.4142259182193211,0.7069425792773061,-0.10083357035136498,-0.6045754855976905,-0.22153619458485047,0.22153619458485047,-0.0038589771124653005,0.012157802815505454,0.7454733941042078,-0.0746301230073314,33.948901871698304,0.0,0.5615079365079365,KO,PEP
2020-06-25,37.54449462890625,108.90643310546876,0.4142259182193211,0.7069425792773061,-0.1046056288003876,-0.7841397608497396,-0.6045754855976905,0.6045754855976905,-0.012175978591240977,0.012225443069770355,0.7294022029486006,-0.08680610159857238,36.13714426528562,0.0,0.5992063492063492,KO,PEP
2020-06-26,36.40805435180664,106.8511199951172,0.4142259182193211,0.7069425792773061,-0.12187323719450172,-1.401626951532247,-0.7841397608497396,0.7841397608497396,-0.0037720584490226194,0.012228017143139001,0.7386889558560154,-0.090578160047595,36.95362566130013,0.0,0.5793650793650793,KO,PEP
2020-06-29,37.068206787109375,108.6329574584961,0.4142259182193211,0.7069425792773061,-0.11559529887503972,-1.4497841279383767,-1.401626951532247,1.401626951532247,-0.01726760839411412,0.012668353276515384,0.744341661623316,-0.10784576844170912,39.512410514974086,1.0,0.5674603174603174,KO,PEP
2020-06-30,37.335594177246094,109.61087799072266,0.4142259182193211,0.7069425792773061,-0.11474326889115405,-1.4812286896405322,-1.4497841279383767,1.4497841279383767,0.006277938319461995,0.01281193037284175,0.7285878449514901,-0.10156783012224713,37.67724461643542,2.0,0.6071428571428572,KO,PEP
2020-07-01,37.45259475708008,109.69375610351562,0.4142259182193211,0.7069425792773061,-0.11214874040640899,-1.4073668597095679,-1.4812286896405322,1.4812286896405322,0.0008520299838856715,0.012820564381790764,0.7303610593086312,-0.10071580013836146,33.78929582713023,3.0,0.6051587301587302,KO,PEP
2020-07-02,37.502723693847656,110.09983825683594,0.4142259182193211,0.7069425792773061,-0.11342341426453828,-1.378131780233476,-1.4073668597095679,1.4073668597095679,0.0025945284847450623,0.011832619606255467,0.68578261665926,-0.0981212716536164,31.779111054342106,4.0,0.6507936507936507,KO,PEP
2020-07-06,37.79518508911133,110.47279357910156,0.4142259182193211,0.7069425792773061,-0.10804593108297622,-1.1442165992030593,-1.378131780233476,1.378131780233476,-0.0012746738581292938,0.01161634811767346,0.6857706106490571,-0.09939594551174569,31.206707491265853,5.0,0.6488095238095237,KO,PEP
2020-07-07,37.778465270996094,110.696533203125,0.4142259182193211,0.7069425792773061,-0.1099187255135683,-1.1891679451630268,-1.1442165992030593,1.1442165992030593,0.005377483181562059,0.011104600856355043,0.6793496996923829,-0.09401846233018363,30.45693993806529,6.0,0.6567460317460317,KO,PEP
2020-07-08,37.66149520874024,111.23522186279295,0.4142259182193211,0.7069425792773061,-0.11645162881328286,-1.33502144487416,-1.1891679451630268,1.1891679451630268,-0.001872794430592073,0.010085748099566926,0.6797049298090094,-0.0958912567607757,29.965261276609816,7.0,0.6507936507936508,KO,PEP
2020-07-09,36.692169189453125,109.98381042480467,0.4142259182193211,0.7069425792773061,-0.13452821912471613,-1.7972751705485375,-1.33502144487416,1.33502144487416,-0.006532903299714565,0.00936978917108559,0.6664323239566652,-0.10242416006049027,30.104401800416948,8.0,0.6567460317460317,KO,PEP
2020-07-10,37.72833633422852,111.43414306640624,0.4142259182193211,0.7069425792773061,-0.11594150669745273,-1.0942040936370208,-1.7972751705485375,1.7972751705485375,-0.01807659031143327,0.009628436108386998,0.6325571034014071,-0.12050075037192354,33.29994296224647,9.0,0.75,KO,PEP
2020-07-13,37.8119010925293,111.80707550048828,0.4142259182193211,0.7069425792773061,-0.1160909968192958,-1.032407354483267,-1.0942040936370208,1.0942040936370208,0.018586712427263397,0.008688779579226728,0.6254171229255678,-0.10191403794466014,29.17235705279274,10.0,0.75,KO,PEP
2020-07-14,38.329986572265625,112.31262969970705,0.4142259182193211,0.7069425792773061,-0.10567171725693703,-0.6513364734552992,-1.032407354483267,1.032407354483267,-0.00014949012184306554,0.008598635221369019,0.630784377516903,-0.1020635280665032,28.521081427222757,11.0,0.7420634920634921,KO,PEP
2020-07-15,38.77286529541016,110.79598999023438,0.4142259182193211,0.7069425792773061,-0.08457218694871393,0.05078873485803622,-0.6513364734552992,0.6513364734552992,0.010419279562358774,0.008798173176659,0.6241550922299866,-0.09164424850414443,26.3964386931901,0.0,0.75,KO,PEP
2020-07-16,38.56396484375,110.95343780517578,0.4142259182193211,0.7069425792773061,-0.09097844880573236,-0.11862480459659674,0.05078873485803622,0.05078873485803622,0.02109953030822309,0.010068612846070125,0.5866107253339314,-0.07054471819592134,24.017291271067293,0.0,0.7797619047619048,KO,PEP
2020-07-17,39.12382125854492,111.59986877441406,0.4142259182193211,0.7069425792773061,-0.08067201426500104,0.2758799037739124,-0.11862480459659674,0.11862480459659674,-0.006406261857018425,0.01010990967604618,0.5666594732574204,-0.07695098005293977,23.67608676650575,0.0,0.7896825396825398,KO,PEP
2020-07-20,38.53888702392578,110.31529998779295,0.4142259182193211,0.7069425792773061,-0.08755130357879137,0.11125620750056413,0.2758799037739124,0.2758799037739124,0.010306434540731324,0.010371576452147997,0.567867613123619,-0.06664454551220844,23.7480270927358,0.0,0.7876984126984128,KO,PEP
2020-07-21,39.44136428833008,111.40925598144533,0.4142259182193211,0.7069425792773061,-0.0713799228213352,0.9146143786886988,0.11125620750056413,0.11125620750056413,-0.006879289313790338,0.01010070822396368,0.5677203967669902,-0.07352383482599878,23.079504212587597,0.0,0.7837301587301588,KO,PEP
2020-07-22,40.51095199584961,112.71868896484376,0.4142259182193211,0.7069425792773061,-0.05288318640551415,1.8455254357695623,0.9146143786886988,0.9146143786886988,0.016171380757456166,0.010658902465427646,0.5875298454596194,-0.05735245406854261,19.728047300987654,0.0,0.7757936507936508,KO,PEP
2020-07-23,40.34382629394531,113.60545349121094,0.4142259182193211,0.7069425792773061,-0.06255696064560023,1.4740380571371932,1.8455254357695623,1.8455254357695623,0.018496736415821058,0.011279393267424706,0.6071138890466063,-0.038855717652721555,18.61274500548847,1.0,0.7738095238095237,KO,PEP
2020-07-24,40.51932144165039,112.7601318359375,0.4142259182193211,0.7069425792773061,-0.05293648187014943,1.7924329681538602,1.4740380571371932,1.4740380571371932,-0.009673774240086086,0.011136779526446896,0.6099517151085256,-0.04852949189280764,17.95744777636637,2.0,0.7718253968253967,KO,PEP
2020-07-27,40.51095199584961,114.09439849853516,0.4142259182193211,0.7069425792773061,-0.06145905461097412,1.3514968784622103,1.7924329681538602,1.7924329681538602,0.009620478775450803,0.01117732583546538,0.6377736629726279,-0.03890901311735684,17.13331145294458,3.0,0.7261904761904762,KO,PEP
2020-07-28,40.26026153564453,113.85409545898438,0.4142259182193211,0.7069425792773061,-0.06617597880431747,1.1320877545202235,1.3514968784622103,1.3514968784622103,-0.008522572740824685,0.01054539607477249,0.6283227410158997,-0.047431585858181524,16.969460570768135,4.0,0.746031746031746,KO,PEP
2020-07-29,40.126564025878906,114.30989074707033,0.4142259182193211,0.7069425792773061,-0.07232680877166775,0.8795893728489477,1.1320877545202235,1.1320877545202235,-0.0047169241933433526,0.010647357993484782,0.6309953509121681,-0.05214851005152488,16.18234587109101,5.0,0.746031746031746,KO,PEP
2020-07-30,39.85081100463867,114.11100006103516,0.4142259182193211,0.7069425792773061,-0.07799151314388464,0.6451687609066965,0.8795893728489477,0.8795893728489477,-0.00615082996735028,0.010808762774669276,0.6370233384195112,-0.058299340018875156,15.726229293140744,0.0,0.7301587301587301,KO,PEP
2020-07-31,39.47478485107422,114.08616638183594,0.4142259182193211,0.7069425792773061,-0.08731829292542681,0.26315756068243495,0.6451687609066965,0.6451687609066965,-0.005664704372216889,0.010939758561522728,0.6368514671591684,-0.06396404439109205,14.523591197079101,0.0,0.7341269841269842,KO,PEP
2020-08-03,38.68929290771485,113.29052734375,0.4142259182193211,0.7069425792773061,-0.10247000733340661,-0.39724561936765407,0.26315756068243495,0.26315756068243495,-0.009326779781542172,0.011187475845881594,0.6324868273456928,-0.07329082417263422,14.303635344194985,0.0,0.7619047619047619,KO,PEP
2020-08-04,39.01519393920898,113.9286880493164,0.4142259182193211,0.7069425792773061,-0.09805274519536988,-0.17452192732939947,-0.39724561936765407,0.39724561936765407,-0.0151517144079798,0.011696941399143875,0.6392419083436718,-0.08844253858061402,14.092620837050305,0.0,0.7420634920634921,KO,PEP
2020-08-05,39.45807647705078,112.91758728027344,0.4142259182193211,0.7069425792773061,-0.08046313005326189,0.6192511693223121,-0.17452192732939947,0.17452192732939947,0.004417262138036726,0.011719402884862461,0.6205114321601457,-0.08402527644257729,13.219423657801963,0.0,0.7976190476190477,KO,PEP
2020-08-06,39.67533874511719,112.59437561035156,0.4142259182193211,0.7069425792773061,-0.07294564765562672,0.9091914816845411,0.6192511693223121,0.6192511693223121,0.017589615142107995,0.012157066437208644,0.6099196529268986,-0.0664356613004693,12.045951172896386,0.0,0.8174603174603174,KO,PEP
2020-08-07,39.9427375793457,113.32369995117188,0.4142259182193211,0.7069425792773061,-0.0707930017093954,0.9451670002329263,0.9091914816845411,0.9091914816845411,0.007517482397635167,0.011315415719712146,0.601296746326957,-0.05891817890283413,11.33469696596191,0.0,0.8055555555555556,KO,PEP
2020-08-10,39.87589645385742,112.69383239746094,0.4142259182193211,0.7069425792773061,-0.06852758997955544,0.9815677409075255,0.9451670002329263,0.9451670002329263,0.002152645946231324,0.010741605895346042,0.6093883233313309,-0.056765532956602804,10.419791876855815,0.0,0.7876984126984127,KO,PEP
2020-08-11,40.051361083984375,111.98109436035156,0.4142259182193211,0.7069425792773061,-0.059651680823561204,1.2918818067553677,0.9815677409075255,0.9815677409075255,0.002265411729839961,0.010727434872443932,0.6105823052214309,-0.05450012122676284,9.68135293036487,0.0,0.7817460317460317,KO,PEP
2020-08-12,40.46917343139648,114.2021484375,0.4142259182193211,0.7069425792773061,-0.06315819386051169,1.0617949994347349,1.2918818067553677,1.2918818067553677,0.008875909155994233,0.010674734777597684,0.6513456995418091,-0.04562421207076861,8.822913912837919,1.0,0.6805555555555556,KO,PEP
2020-08-13,40.42739486694336,114.4508056640625,0.4142259182193211,0.7069425792773061,-0.0657286654007665,0.8839229874206265,1.0617949994347349,1.0617949994347349,-0.003506513036950487,0.009821071577376706,0.6891067277634314,-0.0491307251077191,8.542201934544483,2.0,0.6170634920634921,KO,PEP
2020-08-14,40.48589706420898,114.00326538085938,0.4142259182193211,0.7069425792773061,-0.06151282161902838,1.010014890550501,0.8839229874206265,0.8839229874206265,-0.002570471540254804,0.00971001145317784,0.7019035513609333,-0.0517011966479739,8.165921912620153,0.0,0.6051587301587302,KO,PEP
2020-08-17,40.28534698486328,114.30162048339844,0.4142259182193211,0.7069425792773061,-0.06832641506218318,0.6428826816508958,1.010014890550501,1.010014890550501,0.004215843781738116,0.009515148551715171,0.7342460406835848,-0.047485352866235786,7.878777373144466,1.0,0.5615079365079365,KO,PEP
2020-08-18,40.460819244384766,114.4590835571289,0.4142259182193211,0.7069425792773061,-0.06495336079134928,0.7468302571224583,0.6428826816508958,0.6428826816508958,-0.006813593443154797,0.009512453389080003,0.7282502345304288,-0.05429894630939058,8.071757215564315,0.0,0.5734126984126984,KO,PEP
2020-08-19,39.58341979980469,113.08334350585938,0.4142259182193211,0.7069425792773061,-0.07832853290075459,0.04420874237797486,0.7468302571224583,0.7468302571224583,0.0033730542708338973,0.008876976149137999,0.7291019953620376,-0.050925892038556686,7.705318236240077,0.0,0.5674603174603174,KO,PEP
2020-08-20,39.56669998168945,113.30711364746094,0.4142259182193211,0.7069425792773061,-0.0801485374714459,-0.16462362912143977,0.04420874237797486,0.04420874237797486,-0.013375172109405309,0.008314059880799125,0.7672851324279587,-0.064301064147962,6.663859888987756,0.0,0.4603174603174603,KO,PEP
2020-08-21,39.508209228515625,113.09164428710938,0.4142259182193211,0.7069425792773061,-0.08028228325793618,-0.26879467250526695,-0.16462362912143977,0.16462362912143977,-0.0018200045706913137,0.008090434001867933,0.764997931740797,-0.06612106871865331,5.700330091130595,0.0,0.4623015873015873,KO,PEP
2020-08-24,40.08478546142578,114.0695571899414,0.4142259182193211,0.7069425792773061,-0.07188062794136707,0.21402497362220663,-0.26879467250526695,0.26879467250526695,-0.00013374578649028024,0.007728681190611008,0.7648133757275825,-0.06625481450514359,4.680745343987722,0.0,0.44047619047619047,KO,PEP
2020-08-25,40.03465270996094,113.78780364990234,0.4142259182193211,0.7069425792773061,-0.07138375951139864,0.18333773064858375,0.21402497362220663,0.21402497362220663,0.008401655316569112,0.007824841876999337,0.7659051957942143,-0.05785315918857448,4.476441222083586,0.0,0.44246031746031744,KO,PEP
2020-08-26,40.243560791015625,114.75743103027344,0.4142259182193211,0.7069425792773061,-0.07217773924495985,0.08379818570764432,0.18333773064858375,0.18333773064858375,0.0004968684299684334,0.007767351295426218,0.7664089862000603,-0.05735629075860604,4.3788178472678645,0.0,0.4365079365079365,KO,PEP
2020-08-27,40.30205535888672,114.69939422607422,0.4142259182193211,0.7069425792773061,-0.07036766508660985,0.18626442264054363,0.08379818570764432,0.08379818570764432,-0.000793979733561212,0.007651103042600137,0.7660486621621786,-0.058150270492167255,4.464713936521014,0.0,0.4246031746031746,KO,PEP
2020-08-28,41.63904571533203,115.9757080078125,0.4142259182193211,0.7069425792773061,-0.04555484377967556,2.108622278935711,0.18626442264054363,0.18626442264054363,0.0018100741583499946,0.00754675429018987,0.7763455494630196,-0.05634019633381726,3.81576508608535,0.0,0.40476190476190477,KO,PEP
2020-08-31,41.38835525512695,116.07518005371094,0.4142259182193211,0.7069425792773061,-0.05219968535499753,1.4584084623836857,2.108622278935711,2.108622278935711,0.024812821306934296,0.008897904683629136,0.7818897942156882,-0.031527375026882964,3.4493826177336415,1.0,0.4503968253968254,KO,PEP
2020-09-01,41.04575729370117,115.35411071777344,0.4142259182193211,0.7069425792773061,-0.05610648926391981,1.0772259545964893,1.4584084623836857,1.4584084623836857,-0.006644841575321969,0.00824283824260786,0.7740858865234639,-0.038172216602204934,3.3169087494304534,2.0,0.4523809523809524,KO,PEP
2020-09-02,42.775489807128906,118.75200653076172,0.4142259182193211,0.7069425792773061,-0.03535174608021041,2.4641135216097347,1.0772259545964893,1.0772259545964893,-0.003906803908922285,0.008345715673685273,0.7864428500260158,-0.020829076325768803,3.563509110119261,3.0,0.4285714285714286,KO,PEP
2020-09-03,42.18220520019531,116.33384704589844,0.4142259182193211,0.7069425792773061,-0.03477442714577794,2.228626014612387,2.4641135216097347,2.4641135216097347,0.0207547431837094,0.008662005475146355,0.8266457491582527,0.0,3.2790330822524205,4.0,0.39285714285714285,KO,PEP
2020-09-04,42.650150299072266,115.82467651367188,0.4142259182193211,0.7069425792773061,-0.020641142900457154,2.724157873802573,2.228626014612387,2.228626014612387,0.0005773189344324692,0.008582911152459396,0.8359150512143225,0.0,3.9006541364103846,5.0,0.3829365079365079,KO,PEP
2020-09-08,41.6223258972168,113.14524841308594,0.4142259182193211,0.7069425792773061,-0.028489061799012116,2.0388942471912377,2.724157873802573,2.724157873802573,0.014133284245320787,0.00898758803203183,0.752776782595747,0.0,4.272229654935817,6.0,0.5218253968253969,KO,PEP
2020-09-09,41.93986892700195,114.44741821289062,0.4142259182193211,0.7069425792773061,-0.028978487113360707,1.8291236968580205,2.0388942471912377,2.0388942471912377,-0.007847918898554962,0.009267142961990526,0.7674877173076855,-0.007847918898554962,4.790798027013293,7.0,0.4801587301587302,KO,PEP
2020-09-10,41.781097412109375,112.48580932617188,0.4142259182193211,0.7069425792773061,-0.020549449422482713,2.0192220928926012,1.8291236968580205,1.8291236968580205,-0.0004894253143485905,0.009143764251325346,0.7626935528716374,-0.008337344212903552,4.894315077499205,8.0,0.503968253968254,KO,PEP
2020-09-11,42.6668586730957,113.36228942871094,0.4142259182193211,0.7069425792773061,-0.005058084426595499,2.3881459835794376,2.0192220928926012,2.0192220928926012,0.008429037690877994,0.009184738760253764,0.7499344710654853,0.0,4.959755678274478,9.0,0.5357142857142858,KO,PEP
2020-09-14,42.71739959716797,114.08013153076172,0.4142259182193211,0.7069425792773061,-0.00833668449967817,2.024147978632991,2.3881459835794376,2.3881459835794376,0.015491364995887213,0.009558485425842287,0.752201317380581,0.0,5.234530737305214,10.0,0.5357142857142857,KO,PEP
2020-09-15,43.00381088256836,113.20366668701172,0.4142259182193211,0.7069425792773061,0.003798062721869666,2.285021184340376,2.024147978632991,2.024147978632991,-0.0032786000730826714,0.009651242521583324,0.7486802748566681,-0.0032786000730826714,7.2350659833770985,11.0,0.5515873015873016,KO,PEP
2020-09-16,42.78479766845703,112.66943359375,0.4142259182193211,0.7069425792773061,0.002036285730121712,2.036160057194642,2.285021184340376,2.285021184340376,0.012134747221547837,0.009604802813947566,0.7311259623757914,0.0,8.318510339479626,12.0,0.6051587301587302,KO,PEP
2020-09-17,42.58262252807617,111.18367004394533,0.4142259182193211,0.7069425792773061,0.006684101650224594,1.9974489384268883,2.036160057194642,2.036160057194642,-0.0017617769917479542,0.009675968898974662,0.7324185995079483,-0.0017617769917479542,9.399079807173539,13.0,0.6051587301587301,KO,PEP
2020-09-18,42.498382568359375,109.73963165283205,0.4142259182193211,0.7069425792773061,0.013945692094083029,2.0267779498220944,1.9974489384268883,1.9974489384268883,0.004647815920102882,0.008883179841526657,0.7321499466666758,0.0,10.854066775061215,14.0,0.5813492063492064,KO,PEP
2020-09-21,41.35273361206055,109.54764556884766,0.4142259182193211,0.7069425792773061,-0.012143940251849727,1.0594542309744739,2.0267779498220944,2.0267779498220944,0.0072615904438584344,0.008792915218695971,0.7169174900264424,0.0,12.422094651041455,15.0,0.6011904761904762,KO,PEP
2020-09-22,41.83290100097656,110.30722045898438,0.4142259182193211,0.7069425792773061,-0.005484173866951991,1.1994680557766377,1.0594542309744739,1.0594542309744739,-0.026089632345932756,0.011039707200306104,0.7015012960214421,-0.026089632345932756,10.45136852693636,16.0,0.6924603174603174,KO,PEP
2020-09-23,40.6114387512207,109.3473129272461,0.4142259182193211,0.7069425792773061,-0.028938711187916244,0.37830406911351083,1.1994680557766377,1.1994680557766377,0.006659766384897736,0.011006781117362942,0.6805697978656782,-0.01942986596103502,11.510499985176807,17.0,0.7182539682539683,KO,PEP
2020-09-24,41.02420425415039,109.83142852783205,0.4142259182193211,0.7069425792773061,-0.02194919388330252,0.5706327897583523,0.37830406911351083,0.37830406911351083,-0.023454537320964253,0.012456320490695097,0.6724143652558919,-0.04288440328199927,9.725253540107971,0.0,0.7658730158730158,KO,PEP
2020-09-25,41.04105758666992,111.47584533691406,0.4142259182193211,0.7069425792773061,-0.032044486888151535,0.19280698592002785,0.5706327897583523,0.5706327897583523,0.006989517304613724,0.01248069533234053,0.6733078262014018,-0.03589488597738555,10.775459824286305,0.0,0.7658730158730158,KO,PEP
2020-09-28,41.51279067993164,115.1652603149414,0.4142259182193211,0.7069425792773061,-0.043634066538709604,-0.22879961139198976,0.19280698592002785,0.19280698592002785,-0.010095293004849015,0.012780269424126052,0.657948249807583,-0.045990178982234564,10.347872565882753,0.0,0.7857142857142857,KO,PEP
2020-09-29,41.20954895019531,114.48915100097656,0.4142259182193211,0.7069425792773061,-0.04680312395862973,-0.37071199385809567,-0.22879961139198976,0.22879961139198976,-0.011589579650558068,0.01195532688058522,0.6386396016332755,-0.05757975863279263,9.866557383824363,0.0,0.7857142857142857,KO,PEP
2020-09-30,41.58860778808594,115.69112396240234,0.4142259182193211,0.7069425792773061,-0.04503004632803531,-0.33680446470761344,-0.37071199385809567,0.37071199385809567,-0.0031690574199201293,0.011881107160777834,0.6405383274533794,-0.06074881605271276,9.422727052063713,0.0,0.7738095238095237,KO,PEP
2020-10-01,41.42855453491211,117.52745819091795,0.4142259182193211,0.7069425792773061,-0.06001894538305974,-0.9232771822826419,-0.33680446470761344,0.33680446470761344,0.0017730776305944218,0.011845709348027061,0.6432985742858011,-0.05897573842211834,10.57775719023142,0.0,0.7678571428571428,KO,PEP
2020-10-02,41.58018493652344,115.24038696289062,0.4142259182193211,0.7069425792773061,-0.04247294028209403,-0.3365472680726484,-0.9232771822826419,0.9232771822826419,-0.01498889905502443,0.011349086246812922,0.6264876895114211,-0.07396463747714277,10.129609104364052,0.0,0.7896825396825397,KO,PEP
2020-10-05,41.59702301025391,115.13185119628906,0.4142259182193211,0.7069425792773061,-0.04140194118076135,-0.36563307248971133,-0.3365472680726484,0.3365472680726484,0.01754600510096571,0.012064460931699038,0.5934789483568444,-0.05641863237617706,10.53472791533772,0.0,0.8293650793650793,KO,PEP
2020-10-06,41.22637939453125,113.27044677734376,0.4142259182193211,0.7069425792773061,-0.038829256447725946,-0.31938279815334,-0.36563307248971133,0.36563307248971133,0.0010709991013326814,0.011605676380395927,0.5814710291126706,-0.05534763327484438,10.699049411584433,0.0,0.8115079365079365,KO,PEP
2020-10-07,41.748661041259766,114.36392974853516,0.4142259182193211,0.7069425792773061,-0.03303211033906006,-0.1317671932934701,-0.31938279815334,0.31938279815334,0.002572684733035402,0.011521865987373758,0.5875071289441224,-0.052774948541808975,10.97296965164035,0.0,0.8055555555555556,KO,PEP
2020-10-08,42.506813049316406,115.06510162353516,0.4142259182193211,0.7069425792773061,-0.019356193134063115,0.4362484350398526,-0.1317671932934701,0.1317671932934701,0.005797146108665885,0.011603791774012424,0.5914336045557371,-0.04697780243314309,11.286290335385319,0.0,0.8015873015873016,KO,PEP
2020-10-09,42.80164337158203,115.5575714111328,0.4142259182193211,0.7069425792773061,-0.01546326837847145,0.5756000744131038,0.4362484350398526,0.4362484350398526,0.013675917204996946,0.011852620186546859,0.6201428330833155,-0.033301885228146144,11.931061443494764,0.0,0.7976190476190477,KO,PEP
2020-10-12,43.03750991821289,118.63766479492188,0.4142259182193211,0.7069425792773061,-0.02856394174246235,-0.13693267506919382,0.5756000744131038,0.5756000744131038,0.0038929247555916646,0.01135676534014535,0.6230613683372743,-0.02940896047255448,12.25011160872662,0.0,0.7738095238095238,KO,PEP
2020-10-13,42.30463409423828,119.8145980834961,0.4142259182193211,0.7069425792773061,-0.052717963815642754,-1.4107298708392364,-0.13693267506919382,0.13693267506919382,-0.0131006733639909,0.011673382328718245,0.605894898006115,-0.04250963383654538,11.358354361608738,0.0,0.7976190476190477,KO,PEP
2020-10-14,42.22039031982422,118.96320343017578,0.4142259182193211,0.7069425792773061,-0.04966988888023893,-1.2820364343302237,-1.4107298708392364,1.4107298708392364,-0.024154022073180403,0.012292834957869357,0.5653747375493061,-0.06666365590972578,9.875122050065574,1.0,0.8472222222222222,KO,PEP
2020-10-15,42.11088562011719,118.05335235595705,0.4142259182193211,0.7069425792773061,-0.04683930229007949,-1.0915625928911883,-1.2820364343302237,1.2820364343302237,0.0030480749354038217,0.012358174150757604,0.5603469855417412,-0.06361558097432196,11.086538184695648,2.0,0.8472222222222222,KO,PEP
2020-10-16,42.14458465576172,118.30376434326172,0.4142259182193211,0.7069425792773061,-0.047537338848391286,-1.0870667630087685,-1.0915625928911883,1.0915625928911883,0.002830586590159445,0.012311251115545294,0.5520839311181135,-0.060784994384162516,10.975808454880614,3.0,0.8452380952380952,KO,PEP
2020-10-19,41.799198150634766,116.59260559082033,0.4142259182193211,0.7069425792773061,-0.045466414188012116,-0.9243103961942354,-1.0870667630087685,1.0870667630087685,-0.0006980365583117987,0.012110582611164695,0.5586159198880396,-0.061483030942474315,11.663018227306729,4.0,0.8313492063492063,KO,PEP
2020-10-20,42.32990646362305,116.61766815185548,0.4142259182193211,0.7069425792773061,-0.033001672621640665,-0.2781279013357825,-0.9243103961942354,0.9243103961942354,0.0020709246603791698,0.010932595364030151,0.5700273175884956,-0.059412106282095145,11.694882946133324,0.0,0.7638888888888888,KO,PEP
2020-10-21,42.11088562011719,116.5258560180664,0.4142259182193211,0.7069425792773061,-0.03763245509102031,-0.4980465639042096,-0.2781279013357825,0.2781279013357825,0.012464741566371451,0.011222987232601848,0.5711215091619211,-0.046947364715723694,12.232668983418652,0.0,0.7757936507936508,KO,PEP
2020-10-22,42.692142486572266,116.53419494628906,0.4142259182193211,0.7069425792773061,-0.02397443061319926,0.20349395130101092,-0.4980465639042096,0.4980465639042096,-0.004630782469379646,0.01006111139868297,0.5704821592995089,-0.05157814718510334,11.689339157455406,0.0,0.7321428571428572,KO,PEP
2020-10-23,42.55735397338867,116.49242401123048,0.4142259182193211,0.7069425792773061,-0.026883201323262274,0.09448629130125777,0.20349395130101092,0.20349395130101092,0.013658024477821051,0.01040620370736001,0.5679610052097531,-0.03792012270728229,12.265784273715632,0.0,0.7440476190476191,KO,PEP
2020-10-26,41.95083618164063,115.24038696289062,0.4142259182193211,0.7069425792773061,-0.03359830489912241,-0.21638397112592986,0.09448629130125777,0.09448629130125777,-0.0029087707100630134,0.010176444993041333,0.5678679771462954,-0.0408288934173453,11.675962104184377,0.0,0.7400793650793651,KO,PEP
2020-10-27,42.03507232666016,116.12516784667967,0.4142259182193211,0.7069425792773061,-0.03699930676283225,-0.3435850158347691,-0.21638397112592986,0.21638397112592986,-0.006715103575860137,0.00994552922507296,0.5787526512203864,-0.04754399699320544,10.888711023911508,0.0,0.7182539682539683,KO,PEP
2020-10-28,40.400840759277344,111.99337005615234,0.4142259182193211,0.7069425792773061,-0.051041235625836734,-1.079184443638101,-0.3435850158347691,0.3435850158347691,-0.0034010018637098405,0.009949937195997053,0.5751652274969945,-0.05094499885691528,11.753422473069932,0.0,0.7182539682539683,KO,PEP
2020-10-29,40.45138549804688,111.84308624267578,0.4142259182193211,0.7069425792773061,-0.04884165347311953,-0.9177986765913433,-1.079184443638101,1.079184443638101,-0.014041928863004483,0.010433254496409566,0.6365815767009841,-0.06498692771991976,10.70958156936891,1.0,0.6765873015873016,KO,PEP
2020-10-30,40.48508071899414,111.25880432128906,0.4142259182193211,0.7069425792773061,-0.044306184853152075,-0.6114383900060442,-0.9177986765913433,0.9177986765913433,0.0021995821527172055,0.009881263030651871,0.6521068600451984,-0.06278734556720256,10.174414512867134,0.0,0.625,KO,PEP
2020-11-02,40.956817626953125,112.81136322021484,0.4142259182193211,0.7069425792773061,-0.04251825080439753,-0.4188811747664513,-0.6114383900060442,0.6114383900060442,0.004535468619967453,0.009142138468808262,0.6533995013311932,-0.058251876947235104,9.033760007558593,0.0,0.5932539682539683,KO,PEP
2020-11-03,41.57175064086914,114.38896942138672,0.4142259182193211,0.7069425792773061,-0.03743339101452081,0.1048219912827254,-0.4188811747664513,0.4188811747664513,0.001787934048754547,0.00914803070794199,0.6569515882984888,-0.05646394289848056,8.33081779740154,0.0,0.5932539682539683,KO,PEP
2020-11-04,41.42012786865234,115.07345581054688,0.4142259182193211,0.7069425792773061,-0.045304945171415145,-0.5983610616684133,0.1048219912827254,0.1048219912827254,0.005084859789876717,0.009200356771233152,0.6636770526683337,-0.05137908310860384,6.757795277481453,0.0,0.5833333333333334,KO,PEP
2020-11-05,41.6475715637207,115.2320327758789,0.4142259182193211,0.7069425792773061,-0.040802358661164106,-0.11051043711823264,-0.5983610616684133,0.5983610616684133,-0.007871554156894334,0.00925702990832773,0.66413904463308,-0.059250637265498174,8.857330404855805,0.0,0.5813492063492064,KO,PEP
2020-11-06,41.65600204467773,115.50747680664062,0.4142259182193211,0.7069425792773061,-0.04228777333200329,-0.2281170969623894,-0.11051043711823264,0.11051043711823264,0.004502586510251039,0.00875108236536535,0.6613112508117422,-0.054748050755247135,9.236378700132423,0.0,0.5634920634920635,KO,PEP
2020-11-09,44.28424072265625,115.56590270996094,0.4142259182193211,0.7069425792773061,0.0185381408413563,3.9372504921721507,-0.2281170969623894,0.2281170969623894,-0.0014854146708391802,0.008676691888013833,0.6615924637498048,-0.056233465426086315,11.323425077306016,0.0,0.5575396825396826,KO,PEP
2020-11-10,45.47201156616211,118.2954330444336,0.4142259182193211,0.7069425792773061,0.02850325587567104,3.446739242268474,3.9372504921721507,3.9372504921721507,0.060825914173359585,0.015746287227373455,0.5754863213474039,0.0,12.640203714311241,1.0,0.8670634920634921,KO,PEP
2020-11-11,45.13506317138672,120.11510467529295,0.4142259182193211,0.7069425792773061,0.010273940940548343,2.1738924718951593,3.446739242268474,3.446739242268474,0.009965115034314742,0.014587467132874263,0.5975187970846172,0.0,14.240133151936028,2.0,0.8392857142857142,KO,PEP
2020-11-12,44.65489196777344,120.06502532958984,0.4142259182193211,0.7069425792773061,-0.00012678796037679518,1.540817776386727,2.1738924718951593,2.1738924718951593,-0.018229314935122698,0.015377064575161681,0.5779489221634614,-0.018229314935122698,13.68344186325464,3.0,0.8630952380952381,KO,PEP
2020-11-13,45.02553939819336,120.7912368774414,0.4142259182193211,0.7069425792773061,0.0038761668384181824,1.5943419795868807,1.540817776386727,1.540817776386727,-0.010400728900925138,0.015652165069294784,0.5662912131981855,-0.028630043836047836,12.890060572262989,4.0,0.8829365079365079,KO,PEP
2020-11-16,45.36249923706055,121.66766357421876,0.4142259182193211,0.7069425792773061,0.006221197370366749,1.5670306002765748,1.5943419795868807,1.5943419795868807,0.004002954798794978,0.015640136413428825,0.5677658394161819,-0.02462708903725286,13.558596974054526,5.0,0.875,KO,PEP
2020-11-17,45.21929168701172,121.2336196899414,0.4142259182193211,0.7069425792773061,0.005585739591074557,1.4244590455315667,1.5670306002765748,1.5670306002765748,0.0023450305319485665,0.015639812576850043,0.568406094535503,-0.022282058505304292,14.014445116284604,6.0,0.8650793650793651,KO,PEP
2020-11-18,44.31793975830078,119.6810531616211,0.4142259182193211,0.7069425792773061,-0.0054366460424155605,0.8912435884739712,1.4244590455315667,1.4244590455315667,-0.0006354577792921923,0.015485864220991291,0.5661160147079142,-0.022917516284596484,14.156879532535626,7.0,0.876984126984127,KO,PEP
2020-11-19,44.7559814453125,119.63096618652344,0.4142259182193211,0.7069425792773061,0.00469481764741575,1.2597187461980377,0.8912435884739712,0.8912435884739712,-0.011022385633490117,0.015682648955522804,0.5762004833199801,-0.0339399019180866,13.12990655791201,0.0,0.8551587301587302,KO,PEP
2020-11-20,44.36846923828125,119.71443939208984,0.4142259182193211,0.7069425792773061,-0.004494318156679,0.8500697407468973,1.2597187461980377,1.2597187461980377,0.01013146368983131,0.015565581751621255,0.5739083568392895,-0.02380843822825529,14.9310917222335,1.0,0.8511904761904763,KO,PEP
2020-11-23,44.376914978027344,119.38053894042967,0.4142259182193211,0.7069425792773061,-0.0023294643066473775,0.8916341199654653,0.8500697407468973,0.8500697407468973,-0.00918913580409475,0.015712668710994897,0.5719100124720465,-0.03299757403235004,14.086336808495318,0.0,0.8591269841269842,KO,PEP
2020-11-24,44.831790924072266,120.2235870361328,0.4142259182193211,0.7069425792773061,0.0028938597626400053,1.0357442309840685,0.8916341199654653,0.8916341199654653,0.002164853850031623,0.015610139687811083,0.5664672524885509,-0.03083272018231842,14.25603380353587,0.0,0.8690476190476191,KO,PEP
2020-11-25,44.587501525878906,120.33211517333984,0.4142259182193211,0.7069425792773061,-0.003207944681829833,0.7296656715735862,1.0357442309840685,1.0357442309840685,0.005223324069287383,0.015586146581088861,0.5698424583174777,-0.025609396113031035,14.237261835870902,1.0,0.8511904761904762,KO,PEP
2020-11-27,44.39375305175781,120.69938659667967,0.4142259182193211,0.7069425792773061,-0.009717174338741419,0.4130253144618627,0.7296656715735862,0.7296656715735862,-0.006101804444469838,0.01527053962188859,0.5663491091457478,-0.031711200557500874,15.373493306318597,0.0,0.8591269841269842,KO,PEP
2020-11-30,43.80794525146485,120.39056396484376,0.4142259182193211,0.7069425792773061,-0.021189629327685644,-0.11604122148033434,0.4130253144618627,0.4130253144618627,-0.006509229656911586,0.015393479883871504,0.5176058796951042,-0.03822043021441246,15.383254027022215,0.0,0.873015873015873,KO,PEP
2020-12-01,44.18150329589844,121.92642974853516,0.4142259182193211,0.7069425792773061,-0.021660282853560364,-0.17542016306086206,-0.11604122148033434,0.11604122148033434,-0.011472454988944225,0.015652553614318807,0.5055100364860282,-0.049692885203356685,14.70072824024132,0.0,0.8869047619047619,KO,PEP
2020-12-02,44.240943908691406,120.71607208251952,0.4142259182193211,0.7069425792773061,-0.013262964770917929,0.1721952661097563,-0.17542016306086206,0.17542016306086206,-0.0004706535258747202,0.015655732999731137,0.5171876682629514,-0.050163538729231405,14.852943088051253,0.0,0.8849206349206349,KO,PEP
2020-12-03,44.80975341796875,121.43317413330078,0.4142259182193211,0.7069425792773061,-0.004674931082827349,0.5152249278474467,0.1721952661097563,0.1721952661097563,0.008397318082642435,0.015715026142497843,0.4828345325722141,-0.04176622064658897,15.737115868613696,0.0,0.8908730158730158,KO,PEP
2020-12-04,45.71817779541016,122.610107421875,0.4142259182193211,0.7069425792773061,0.008576511072455162,1.0513595351989609,0.5152249278474467,0.5152249278474467,0.00858803368809058,0.015648809002554477,0.48241585453071045,-0.03317818695849839,16.7109565424907,0.0,0.878968253968254,KO,PEP
2020-12-07,44.98805618286133,122.2065658569336,0.4142259182193211,0.7069425792773061,-0.005191866764218123,0.403218717288701,1.0513595351989609,1.0513595351989609,0.013251442155282511,0.01583296902244579,0.4910542732153805,-0.01992674480321588,18.274015467187457,1.0,0.8888888888888888,KO,PEP
2020-12-08,45.14935302734375,122.3326187133789,0.4142259182193211,0.7069425792773061,-0.0023417696434662183,0.48882714749396605,0.403218717288701,0.403218717288701,-0.013768377836673285,0.016208220533772064,0.4886975416414271,-0.03369512263988916,16.506661529482486,0.0,0.8948412698412699,KO,PEP
2020-12-09,45.27670669555664,122.4755630493164,0.4142259182193211,0.7069425792773061,-0.00035059321836072854,0.5319523613886936,0.48882714749396605,0.48882714749396605,0.0028500971207519044,0.008970691882770809,0.48920099790723165,-0.03084502551913726,16.32931445537106,0.0,0.6507936507936508,KO,PEP
2020-12-10,45.03897857666016,121.61812591552734,0.4142259182193211,0.7069425792773061,-0.0006483587400318847,0.46613060840272774,0.5319523613886936,0.5319523613886936,0.0019911764251054898,0.00864378049737678,0.49780082847181123,-0.02885384909403177,16.179459856988924,0.0,0.626984126984127,KO,PEP
2020-12-11,45.29368591308594,121.87030029296876,0.4142259182193211,0.7069425792773061,0.003526651639656375,0.6192869708706263,0.46613060840272774,0.46613060840272774,-0.0002977655216711561,0.00773867548712333,0.4982293997935071,-0.029151614615702925,15.783780218324587,0.0,0.6051587301587301,KO,PEP
2020-12-14,45.22576141357422,121.24823760986328,0.4142259182193211,0.7069425792773061,0.0056435683445630325,0.6786020240322385,0.6192869708706263,0.6192869708706263,0.00417501037968826,0.007457529639130177,0.4972665253631929,-0.024976604236014666,15.041150562362363,0.0,0.5952380952380952,KO,PEP
2020-12-15,45.70968246459961,121.70217895507812,0.4142259182193211,0.7069425792773061,0.01364506614552452,1.0640284795806545,0.6786020240322385,0.6786020240322385,0.0021169167049066573,0.007420457705646521,0.5003231325584052,-0.02285968753110801,14.629654059996236,0.0,0.5873015873015873,KO,PEP
2020-12-16,45.047481536865234,121.80307006835938,0.4142259182193211,0.7069425792773061,-0.0015338133290017097,0.13524666831498924,1.0640284795806545,1.0640284795806545,0.008001497800961488,0.007606540422930307,0.5074171261078901,-0.01485818973014652,13.329047796575935,1.0,0.5892857142857143,KO,PEP
2020-12-17,45.22576141357422,122.49237823486328,0.4142259182193211,0.7069425792773061,-0.0015734776789124716,0.04983316332596833,0.13524666831498924,0.13524666831498924,-0.01517887947452623,0.008328880504956341,0.5007519817428457,-0.03003706920467275,12.355719421163755,0.0,0.6111111111111112,KO,PEP
2020-12-18,45.62479019165039,123.51800537109376,0.4142259182193211,0.7069425792773061,0.0013162904430186195,0.1752245326308758,0.04983316332596833,0.04983316332596833,-3.966434991076184e-05,0.007961475352354518,0.4895939613539564,-0.030076733554583512,12.029597931619508,0.0,0.611111111111111,KO,PEP
2020-12-21,44.83522415161133,122.2317886352539,0.4142259182193211,0.7069425792773061,-0.008740713369530084,-0.8863206032581659,0.1752245326308758,0.1752245326308758,0.002889768121931091,0.0076602267597305,0.4916164771081442,-0.02718696543265242,12.0181000614155,0.0,0.5952380952380952,KO,PEP
2020-12-22,44.79278945922852,121.07168579101562,0.4142259182193211,0.7069425792773061,-0.002945979565697865,-0.2575316891884817,-0.8863206032581659,0.8863206032581659,-0.010057003812548704,0.007713474307203285,0.5125423192040356,-0.037243969245201125,11.017060416794774,0.0,0.5793650793650793,KO,PEP
2020-12-23,45.064453125,121.39956665039062,0.4142259182193211,0.7069425792773061,0.0011886780524239526,0.3279865462187291,-0.2575316891884817,0.2575316891884817,0.005794733803832219,0.007809381071778152,0.5146775816184657,-0.031449235441368906,11.27084488406858,0.0,0.5853174603174603,KO,PEP
2020-12-24,45.37009811401367,121.9459991455078,0.4142259182193211,0.7069425792773061,0.00477329295357265,0.8277591551673706,0.3279865462187291,0.3279865462187291,0.0041346576181218175,0.007776292677398474,0.5115451821092509,-0.027314577823247088,10.93305253024453,0.0,0.5853174603174603,KO,PEP
2020-12-28,45.98136520385742,123.501220703125,0.4142259182193211,0.7069425792773061,0.009197359084017975,1.3224964326141966,0.8277591551673706,0.8277591551673706,0.003584614901148697,0.0076876276481298595,0.5088808639255102,-0.02372996292209839,10.198704868126296,0.0,0.5734126984126984,KO,PEP
2020-12-29,45.95590591430664,123.92993927001952,0.4142259182193211,0.7069425792773061,0.0061937082393437315,0.9261865943527662,1.3224964326141966,1.3224964326141966,0.0044240661304453255,0.00756469330675591,0.5371159298542824,-0.019305896791653065,8.661939140681703,1.0,0.5535714285714286,KO,PEP
2020-12-30,46.219085693359375,123.8374481201172,0.4142259182193211,0.7069425792773061,0.012431962558172138,1.6279648816026373,0.9261865943527662,0.9261865943527662,-0.003003650844674244,0.007079166657677492,0.5617133460838515,-0.02230954763632731,9.497666710159082,0.0,0.5357142857142857,KO,PEP
2020-12-31,46.55868148803711,124.66973114013672,0.4142259182193211,0.7069425792773061,0.01501732012008894,1.8124008581798543,1.6279648816026373,1.6279648816026373,0.006238254318828407,0.007142704713563419,0.5600257732911401,-0.016071293317498903,9.2692920573784,1.0,0.5376984126984127,KO,PEP
2021-01-04,44.79278945922852,121.28189086914062,0.4142259182193211,0.7069425792773061,-0.004172311435185261,-0.4099834462646507,1.8124008581798543,1.8124008581798543,0.002585357561916801,0.006980899187891101,0.5558649736032215,-0.013485935755582101,9.810823881461024,2.0,0.5337301587301587,KO,PEP
2021-01-05,44.30036926269531,121.6433563232422,0.4142259182193211,0.7069425792773061,-0.01733029591510782,-1.7586235901610736,-0.4099834462646507,0.4099834462646507,-0.0191896315552742,0.008090496895678548,0.6108610907133281,-0.0326755673108563,10.163487489272445,0.0,0.49404761904761907,KO,PEP
2021-01-06,42.89103317260742,120.15538024902344,0.4142259182193211,0.7069425792773061,-0.04095967416412405,-3.3295587294928772,-1.7586235901610736,1.7586235901610736,-0.013157984479922558,0.007978436988752047,0.6025643217568846,-0.04583355179077886,9.14502330747487,1.0,0.501984126984127,KO,PEP
2021-01-07,42.41559982299805,119.7686538696289,0.4142259182193211,0.7069425792773061,-0.04982724516941284,-3.191094292229272,-3.3295587294928772,3.3295587294928772,-0.02362937824901623,0.008976301448692901,0.6162034819460329,-0.06946293003979509,9.125889196825012,2.0,0.5257936507936508,KO,PEP
2021-01-08,43.36647033691406,121.20616149902344,0.4142259182193211,0.7069425792773061,-0.036091360297515696,-1.9962668080439556,-3.191094292229272,3.191094292229272,-0.008867571005288788,0.00903663045306662,0.6377903338132103,-0.07833050104508388,8.670142332338592,3.0,0.49206349206349204,KO,PEP
2021-01-11,42.619361877441406,119.44923400878906,0.4142259182193211,0.7069425792773061,-0.04314688994776672,-2.1694077567965415,-1.9962668080439556,1.9962668080439556,0.013735884871897142,0.009661254955464845,0.6800829635795119,-0.06459461617318674,9.108137152063685,4.0,0.47023809523809523,KO,PEP
2021-01-12,42.5429573059082,118.89439392089844,0.4142259182193211,0.7069425792773061,-0.04164982958970498,-1.8893511792026667,-2.1694077567965415,2.1694077567965415,-0.0070555296502510245,0.009721246433609054,0.6901526436145727,-0.07165014582343776,9.910951439089754,5.0,0.4623015873015873,KO,PEP
2021-01-13,42.58540344238281,119.86952209472656,0.4142259182193211,0.7069425792773061,-0.046427038680548094,-1.9806327960665653,-1.8893511792026667,1.8893511792026667,0.0014970603580617414,0.009651745068721275,0.6911883392155738,-0.07015308546537602,9.577148947561618,6.0,0.45436507936507936,KO,PEP
2021-01-14,41.79583740234375,119.17179870605467,0.4142259182193211,0.7069425792773061,-0.06101492375344142,-2.413090057383127,-1.9806327960665653,1.9806327960665653,-0.004777209090843115,0.009612341974797283,0.6881219081896462,-0.07493029455621913,9.960908812112432,7.0,0.4543650793650794,KO,PEP
2021-01-15,41.34586715698242,118.8607406616211,0.4142259182193211,0.7069425792773061,-0.06999155692888648,-2.4487576890125764,-2.413090057383127,2.413090057383127,-0.014587885072893325,0.009627010153372228,0.6914999579936257,-0.08951817962911246,9.994266121725273,8.0,0.4464285714285714,KO,PEP
2021-01-19,41.1845703125,119.42398071289062,0.4142259182193211,0.7069425792773061,-0.07724239121241183,-2.3825468595934898,-2.4487576890125764,2.4487576890125764,-0.008976633175445059,0.0093491994913288,0.6959376653145584,-0.09849481280455752,10.170837981267544,9.0,0.4206349206349207,KO,PEP
2021-01-20,41.32890319824219,118.81033325195312,0.4142259182193211,0.7069425792773061,-0.07010206563244292,-1.9072740487787794,-2.3825468595934898,2.3825468595934898,-0.007250834283525354,0.009350822306867226,0.6927204087255229,-0.10574564708808287,10.294685151119243,10.0,0.42460317460317465,KO,PEP
2021-01-21,41.55813217163086,117.36437225341795,0.4142259182193211,0.7069425792773061,-0.05591442537243463,-1.3018811739977736,-1.9072740487787794,1.9072740487787794,0.007140325579968909,0.00954633749252163,0.6933880346103269,-0.09860532150811396,9.56718409347726,11.0,0.4305555555555556,KO,PEP
2021-01-22,41.16758728027344,116.50691223144533,0.4142259182193211,0.7069425792773061,-0.060172559842697204,-1.3468457932691773,-1.3018811739977736,1.3018811739977736,0.014187640260008294,0.010165033509299646,0.674686792131792,-0.08441768124810567,8.401066679486233,12.0,0.5059523809523809,KO,PEP
2021-01-25,41.413795471191406,117.8435516357422,0.4142259182193211,0.7069425792773061,-0.06227405217586135,-1.3179007156596239,-1.3468457932691773,1.3468457932691773,-0.004258134470262576,0.009996586354626046,0.6716255796439737,-0.08867581571836824,7.530304631220779,13.0,0.498015873015873,KO,PEP
2021-01-26,41.84677505493164,119.20542907714844,0.4142259182193211,0.7069425792773061,-0.059996411885057555,-1.1595545551733255,-1.3179007156596239,1.3179007156596239,-0.0021014923331641455,0.009869964081560162,0.6726217718033172,-0.09077730805153239,7.50532734879767,14.0,0.4861111111111111,KO,PEP
2021-01-27,41.2015495300293,116.0445327758789,0.4142259182193211,0.7069425792773061,-0.05653670861199123,-0.9787136562320149,-1.1595545551733255,1.1595545551733255,0.002277640290803795,0.009829247615885337,0.6222913193046941,-0.0884996677607286,8.247034090398673,15.0,0.5515873015873016,KO,PEP
2021-01-28,41.72792816162109,117.01131439208984,0.4142259182193211,0.7069425792773061,-0.04970715895201394,-0.7027086239549536,-0.9787136562320149,0.9787136562320149,0.003459703273066328,0.00979384171290779,0.6239739900557194,-0.08503996448766227,8.391115768845392,0.0,0.5436507936507937,KO,PEP
2021-01-29,40.87892532348633,114.8087921142578,0.4142259182193211,0.7069425792773061,-0.05682942294449633,-0.8788420377431759,-0.7027086239549536,0.7027086239549536,0.006829549659977285,0.01003944862845346,0.6306372276425141,-0.07821041482768498,8.184382852076567,0.0,0.5476190476190476,KO,PEP
2021-02-01,41.15910339355469,115.15343475341795,0.4142259182193211,0.7069425792773061,-0.05211793315520685,-0.669046808671035,-0.8788420377431759,0.8788420377431759,-0.007122263992482392,0.009859030820139418,0.6416408267958464,-0.08533267882016737,8.322867929651173,0.0,0.5099206349206349,KO,PEP
2021-02-02,41.56660461425781,116.33038330078124,0.4142259182193211,0.7069425792773061,-0.0494547614097951,-0.5315949427707648,-0.669046808671035,0.669046808671035,0.00471148978928948,0.009934847006953238,0.6344233897145405,-0.0806211890308779,8.49713424278469,0.0,0.5297619047619048,KO,PEP
2021-02-03,41.405303955078125,116.02776336669922,0.4142259182193211,0.7069425792773061,-0.05150142021055748,-0.5531097345870644,-0.5315949427707648,0.5315949427707648,0.002663171745411752,0.00931586368347426,0.6427839080313992,-0.07795801728546614,8.265485981591167,0.0,0.4603174603174603,KO,PEP
2021-02-04,41.60905075073242,117.42321014404295,0.4142259182193211,0.7069425792773061,-0.0550442582979076,-0.6294979260017236,-0.5531097345870644,0.5531097345870644,-0.00204665880076238,0.008974698621844487,0.6432614497667695,-0.08000467608622852,8.143716517570699,0.0,0.4365079365079365,KO,PEP
2021-02-05,42.15242385864258,118.49929809570312,0.4142259182193211,0.7069425792773061,-0.04851882665028162,-0.35120563692472706,-0.6294979260017236,0.6294979260017236,-0.0035428380873501197,0.0074618127945108486,0.6416350725913891,-0.08354751417357864,8.326309641343787,0.0,0.3650793650793651,KO,PEP
2021-02-08,42.38164520263672,118.02849578857422,0.4142259182193211,0.7069425792773061,-0.04028133797560152,0.00031780376448057766,-0.35120563692472706,0.35120563692472706,0.006525431647625979,0.007373444323450668,0.7641413557608439,-0.07702208252595266,7.860588291993388,0.0,0.21031746031746032,KO,PEP
2021-02-09,42.19486618041992,117.3559799194336,0.4142259182193211,0.7069425792773061,-0.0406585356012501,0.04587631276067846,0.00031780376448057766,0.00031780376448057766,0.008237488674680105,0.006948896000718119,0.7347736774319217,-0.055298658095690456,7.718553006676,0.0,0.23412698412698413,KO,PEP
2021-02-10,42.10995864868164,115.7587432861328,0.4142259182193211,0.7069425792773061,-0.03298513881959009,0.4410590418112624,0.04587631276067846,0.04587631276067846,-0.0003771976256485843,0.006770055731892465,0.7694465116872573,-0.05567585572133904,7.154566913176598,0.0,0.18055555555555555,KO,PEP
2021-02-11,42.70426559448242,113.46372985839844,0.4142259182193211,0.7069425792773061,-0.004814061130001157,1.7247655980985537,0.4410590418112624,0.4410590418112624,0.0076733967816600135,0.006963722685361317,0.7620683339727248,-0.04800245893967903,6.787227004657322,0.0,0.2142857142857143,KO,PEP
2021-02-12,43.03536224365234,112.53897857666016,0.4142259182193211,0.7069425792773061,0.008694608569190354,2.3631849609336824,1.7247655980985537,1.7247655980985537,0.02817107768958893,0.009104472561723462,0.6817546197233684,-0.019831381250090097,6.4223227992141805,1.0,0.39285714285714285,KO,PEP
2021-02-16,42.67879104614258,112.96774291992188,0.4142259182193211,0.7069425792773061,-0.002313722731829948,2.0157466682446072,2.3631849609336824,2.3631849609336824,0.013508669699191511,0.00857647138654509,0.6638559404022614,-0.006322711550898585,6.782951744429111,2.0,0.38492063492063494,KO,PEP
2021-02-17,42.559940338134766,113.03501892089844,0.4142259182193211,0.7069425792773061,-0.005523261768266785,1.8714322249947566,2.0157466682446072,2.0157466682446072,-0.011008331301020302,0.008734062990678634,0.6545416747186773,-0.017331042851918887,6.376551934554456,3.0,0.40674603174603174,KO,PEP
2021-02-18,43.103294372558594,113.79998779296876,0.4142259182193211,0.7069425792773061,0.0023945796341813264,2.107007424438898,1.8714322249947566,1.8714322249947566,-0.003209539036436837,0.0085300540888995,0.6425052756002363,-0.020540581888355725,6.1382746370375525,4.0,0.4027777777777778,KO,PEP
2021-02-19,42.5429573059082,111.3957061767578,0.4142259182193211,0.7069425792773061,0.004405267072865371,1.9809943455828343,2.107007424438898,2.107007424438898,0.007917841402448111,0.00854791762929121,0.6508728027077538,-0.012622740485907613,6.135235269161873,5.0,0.3948412698412699,KO,PEP
2021-02-22,42.98441696166992,110.95857238769533,0.4142259182193211,0.7069425792773061,0.017508203435553593,2.2281612619303086,1.9809943455828343,1.9809943455828343,0.0020106874386840445,0.008200477296116919,0.6617502012152442,-0.010612053047223569,6.992617284785574,6.0,0.36309523809523814,KO,PEP
2021-02-23,42.90802001953125,111.6226806640625,0.4142259182193211,0.7069425792773061,0.01151073036107464,1.8206641152276106,2.2281612619303086,2.2281612619303086,0.013102936362688222,0.008302770638469417,0.6528795858364885,0.0,7.2346790025978605,7.0,0.37896825396825395,KO,PEP
2021-02-24,43.052345275878906,111.0426025390625,0.4142259182193211,0.7069425792773061,0.018552084210254005,1.8780451686181856,1.8206641152276106,1.8206641152276106,-0.005997473074478954,0.008484629518213462,0.6442185910701953,-0.005997473074478954,6.923773651205609,8.0,0.39087301587301587,KO,PEP
2021-02-25,42.59389114379883,109.28565216064452,0.4142259182193211,0.7069425792773061,0.019121118033551543,1.7320207550850049,1.8780451686181856,1.8780451686181856,0.007041353849179366,0.00850849039113647,0.6431313843040951,0.0,7.896933140925752,9.0,0.3948412698412698,KO,PEP
2021-02-26,41.59208297729492,108.60470581054688,0.4142259182193211,0.7069425792773061,-0.00026123001364108944,1.0360911047562364,1.7320207550850049,1.7320207550850049,0.0005690338232975378,0.008539702579074496,0.6522965152964688,0.0,8.068403790089079,10.0,0.3829365079365079,KO,PEP
2021-03-01,42.36466598510742,109.80686950683594,0.4142259182193211,0.7069425792773061,0.010361325968133883,1.2802863401170193,1.0360911047562364,1.0360911047562364,-0.019382348047192632,0.009878065124944426,0.6504947500256951,-0.019382348047192632,7.494266920165196,11.0,0.4920634920634921,KO,PEP
2021-03-02,42.534461975097656,110.18517303466795,0.4142259182193211,0.7069425792773061,0.011929925112594386,1.2439618314747576,1.2802863401170193,1.2802863401170193,0.010622555981774973,0.009772795457076558,0.6580756719745573,-0.00875979206541766,7.794545577659777,12.0,0.4603174603174603,KO,PEP
2021-03-03,42.43257522583008,108.56268310546876,0.4142259182193211,0.7069425792773061,0.020018876853769463,1.4085137199754525,1.2439618314747576,1.2439618314747576,0.001568599144460503,0.009775061170386443,0.6654483323671141,-0.007191192920957157,7.931175034953564,13.0,0.4464285714285714,KO,PEP
2021-03-04,42.39861297607422,109.16685485839844,0.4142259182193211,0.7069425792773061,0.015294813430381637,1.1834788127314066,1.4085137199754525,1.4085137199754525,0.008088951741175077,0.009831460117849284,0.6543003247805342,0.0,8.43246900931697,14.0,0.4722222222222222,KO,PEP
2021-03-05,43.12026596069336,112.72583770751952,0.4142259182193211,0.7069425792773061,0.00949271723875178,0.9326609741449694,1.1834788127314066,1.1834788127314066,-0.004724063423387825,0.009923514002627191,0.6413817817346903,-0.004724063423387825,8.344100028491875,15.0,0.5099206349206349,KO,PEP
2021-03-08,43.8419075012207,111.96319580078124,0.4142259182193211,0.7069425792773061,0.030888817420169357,1.511786392237892,0.9326609741449694,0.9326609741449694,-0.0058020961916298575,0.010013668165488317,0.6575012635226061,-0.010526159615017683,8.254383453040282,0.0,0.4801587301587301,KO,PEP
2021-03-09,43.1796989440918,112.06487274169922,0.4142259182193211,0.7069425792773061,0.015027414958070473,0.9426983147138087,1.511786392237892,1.511786392237892,0.021396100181417577,0.010755592059681556,0.6334157831285702,0.0,8.971235965425826,1.0,0.5714285714285714,KO,PEP
2021-03-10,43.6721076965332,113.19187927246094,0.4142259182193211,0.7069425792773061,0.019292571032855754,1.019255163409148,0.9426983147138087,0.9426983147138087,-0.015861402462098884,0.011531931470425857,0.6211448846509452,-0.015861402462098884,8.197322274410329,0.0,0.626984126984127,KO,PEP
2021-03-11,43.19667053222656,112.88683319091795,0.4142259182193211,0.7069425792773061,0.010254106153652298,0.6634071641962153,1.019255163409148,1.019255163409148,0.004265156074785281,0.01151304541658429,0.6263248055348599,-0.011596246387313602,8.32258132385556,1.0,0.6130952380952381,KO,PEP
2021-03-12,43.11106491088867,112.73430633544922,0.4142259182193211,0.7069425792773061,0.009226205679655042,0.5766340901292499,0.6634071641962153,0.6634071641962153,-0.009038464879203456,0.01174743007753259,0.6238123298490494,-0.02063471126651706,7.800600660320321,0.0,0.6369047619047619,KO,PEP
2021-03-15,43.68461990356445,112.72583770751952,0.4142259182193211,0.7069425792773061,0.02249571560413477,0.997154300380303,0.5766340901292499,0.5766340901292499,-0.0010279004739972564,0.010126979782764507,0.6241247794857577,-0.021662611740514315,8.75586305722025,0.0,0.5634920634920635,KO,PEP
2021-03-16,43.84728240966797,113.55626678466795,0.4142259182193211,0.7069425792773061,0.021023547110477825,0.8899668591425481,0.997154300380303,0.997154300380303,0.013269509924479728,0.010111980651285013,0.6180745858260402,-0.008393101816034587,9.287431963985993,0.0,0.5773809523809523,KO,PEP
2021-03-17,43.86440658569336,113.22577667236328,0.4142259182193211,0.7069425792773061,0.023474472492523546,0.9346683645580713,0.8899668591425481,0.8899668591425481,-0.0014721684936569446,0.009768109068455388,0.6288981191754156,-0.009865270309691532,9.853056292286574,0.0,0.5059523809523809,KO,PEP
2021-03-18,43.29083633422852,112.3021469116211,0.4142259182193211,0.7069425792773061,0.016102720401135695,0.5854731913715554,0.9346683645580713,0.9346683645580713,0.002450925382045721,0.00971908681008256,0.6275841106369812,-0.007414344927645811,10.266762054132014,0.0,0.5059523809523809,KO,PEP
2021-03-19,43.49629211425781,113.9714584350586,0.4142259182193211,0.7069425792773061,0.010406445971995915,0.26860002191603416,0.5854731913715554,0.5854731913715554,-0.007371752091387851,0.009781388598531433,0.6265632597006731,-0.014786097019033662,9.881218486962803,0.0,0.5158730158730158,KO,PEP
2021-03-22,43.6589469909668,116.76779174804688,0.4142259182193211,0.7069425792773061,-0.0029967570745021987,-0.5545253750424443,0.26860002191603416,0.26860002191603416,-0.0056962744291397804,0.009872970387530208,0.6192209301685958,-0.020482371448173442,9.438540866582992,0.0,0.5535714285714286,KO,PEP
2021-03-23,43.9928092956543,118.1744384765625,0.4142259182193211,0.7069425792773061,-0.003844112078849271,-0.771849996890693,-0.5545253750424443,0.5545253750424443,-0.013403203046498113,0.009844409157422773,0.608021255849577,-0.033885574494671555,8.823976630978922,0.0,0.5634920634920635,KO,PEP
2021-03-24,44.10409927368164,117.62364196777344,0.4142259182193211,0.7069425792773061,0.0019850996425612166,-0.5940098241391176,-0.771849996890693,0.771849996890693,-0.0008473550043470723,0.009778114008737786,0.6109644256743558,-0.03473292949901863,8.791913724738944,0.0,0.5416666666666666,KO,PEP
2021-03-25,44.53212738037109,118.31847381591795,0.4142259182193211,0.7069425792773061,0.007479461879297045,-0.33087548393144434,-0.5940098241391176,0.5940098241391176,0.005829211721410488,0.009733176837640408,0.6070130787157686,-0.02890371777760814,8.326915511376821,0.0,0.5496031746031746,KO,PEP
2021-03-26,45.40531921386719,120.91990661621094,0.4142259182193211,0.7069425792773061,0.011522905877046963,0.045540647049668856,-0.33087548393144434,0.33087548393144434,0.005494362236735828,0.009827272472396958,0.6011437338659937,-0.023409355540872312,9.19562962742543,0.0,0.5714285714285714,KO,PEP
2021-03-29,46.09870910644531,122.70785522460938,0.4142259182193211,0.7069425792773061,0.016302108733876164,0.5516951865506214,0.045540647049668856,0.045540647049668856,0.004043443997749918,0.008865700264054817,0.6212067833181304,-0.019365911543122394,9.32579576472666,0.0,0.4484126984126984,KO,PEP
2021-03-30,45.49946975708008,120.78433227539062,0.4142259182193211,0.7069425792773061,0.014387379092366093,0.2866245589106071,0.5516951865506214,0.5516951865506214,0.004779202856829201,0.008623205772052054,0.6321684300987962,-0.014586708686293193,9.585204114310068,0.0,0.3988095238095238,KO,PEP
2021-03-31,45.12281036376953,119.86070251464844,0.4142259182193211,0.7069425792773061,0.011501316913501203,-0.12505558197240332,0.2866245589106071,0.2866245589106071,-0.0019147296415100712,0.008630938341389841,0.6375896826725973,-0.016501438327803264,9.71072902571097,0.0,0.3849206349206349,KO,PEP
2021-04-01,44.95159149169922,119.71665954589844,0.4142259182193211,0.7069425792773061,0.008549672665500552,-0.5347608112554385,-0.12505558197240332,0.12505558197240332,-0.00288606217886489,0.008454095635616535,0.5975206485962709,-0.019387500506668154,9.994564967627102,0.0,0.45436507936507936,KO,PEP
2021-04-05,45.20840835571289,121.30967712402344,0.4142259182193211,0.7069425792773061,0.004901661436521376,-1.0091172045920374,-0.5347608112554385,0.5347608112554385,-0.002951644248000651,0.008417786775725184,0.6067930883977801,-0.022339144754668805,9.962699050543083,0.0,0.4444444444444444,KO,PEP
2021-04-06,45.53371047973633,121.74183654785156,0.4142259182193211,0.7069425792773061,0.00955753670018078,-0.3753046632186073,-1.0091172045920374,1.0091172045920374,-0.0036480112289791755,0.008360763440826598,0.6045310270259652,-0.02598715598364798,9.861583228281116,1.0,0.4464285714285714,KO,PEP
2021-04-07,45.61075973510742,121.52156066894533,0.4142259182193211,0.7069425792773061,0.012528521625014832,0.005530356262627091,-0.3753046632186073,0.3753046632186073,0.004655875263659404,0.0068565081877657,0.6064162727188164,-0.021331280719988577,9.483244772548632,0.0,0.37896825396825395,KO,PEP
2021-04-08,45.47378921508789,120.78433227539062,0.4142259182193211,0.7069425792773061,0.01382280565695293,0.1958156052972511,0.005530356262627091,0.005530356262627091,0.0029709849248340525,0.005999648770553677,0.5971595842159089,-0.018360295795154524,9.60589043592261,0.0,0.39087301587301587,KO,PEP
2021-04-09,45.525146484375,120.80973052978516,0.4142259182193211,0.7069425792773061,0.014802911522386886,0.3471462875110786,0.1958156052972511,0.1958156052972511,0.0012942840319380977,0.0059254351272472194,0.5839393889280526,-0.017066011763216427,9.690711698210595,0.0,0.4007936507936508,KO,PEP
2021-04-12,45.670692443847656,121.19107055664062,0.4142259182193211,0.7069425792773061,0.015766883398617093,0.42321358427819245,0.3471462875110786,0.3471462875110786,0.0009801058654339556,0.0055764851126332655,0.583199271619396,-0.01608590589778247,9.599781741995743,0.0,0.4007936507936508,KO,PEP
2021-04-13,45.44810104370117,121.21649169921876,0.4142259182193211,0.7069425792773061,0.010732859623889812,-0.27755024700404385,0.42321358427819245,0.42321358427819245,0.0009639718762302074,0.0055709601725604406,0.5861376111738054,-0.015121934021552264,9.64466098652428,0.0,0.3968253968253968,KO,PEP
2021-04-14,45.439544677734375,120.41995239257812,0.4142259182193211,0.7069425792773061,0.015205375340908933,0.3280096208389012,-0.27755024700404385,0.27755024700404385,-0.005034023774727281,0.004822832315270319,0.5870847524897275,-0.020155957796279544,9.998973437607498,0.0,0.39285714285714285,KO,PEP
2021-04-15,45.653564453125,120.58940887451172,0.4142259182193211,0.7069425792773061,0.01891018823730084,0.850942323407843,0.3280096208389012,0.3280096208389012,0.004472515717019121,0.004940931240632524,0.5894657776338785,-0.015683442079260423,9.969767755378854,0.0,0.3888888888888889,KO,PEP
2021-04-16,45.95318222045898,122.15705871582033,0.4142259182193211,0.7069425792773061,0.016320644999734846,0.4843945420429252,0.850942323407843,0.850942323407843,0.003704812896391907,0.0049830992136469235,0.5956855153382753,-0.011978629182868517,10.727712802416505,0.0,0.3849206349206349,KO,PEP
2021-04-19,46.22712326049805,122.6570053100586,0.4142259182193211,0.7069425792773061,0.01937688698540807,0.8558106994401242,0.4843945420429252,0.4843945420429252,-0.0025895432375659944,0.004743563116081119,0.6001512369157572,-0.014568172420434511,10.570230136323778,0.0,0.373015873015873,KO,PEP
2021-04-20,46.372650146484375,123.47046661376952,0.4142259182193211,0.7069425792773061,0.01784706159057503,0.7825139024722961,0.8558106994401242,0.8558106994401242,0.003056241985673225,0.004598368337712861,0.6155346125079793,-0.011511930434761286,10.53278257013225,0.0,0.3392857142857143,KO,PEP
2021-04-21,46.74931716918945,124.54666137695312,0.4142259182193211,0.7069425792773061,0.019801699883045476,1.0395276953975923,0.7825139024722961,0.7825139024722961,-0.0015298253948330398,0.0033756076711478704,0.6106819891272427,-0.013041755829594326,10.306086748349443,0.0,0.34325396825396826,KO,PEP
2021-04-22,46.60378646850586,123.7755355834961,0.4142259182193211,0.7069425792773061,0.02107445639817307,1.2102948782156668,1.0395276953975923,1.0395276953975923,0.0019546382924704453,0.0033523436652699674,0.612425396712864,-0.01108711753712388,9.72096571034194,1.0,0.33730158730158727,KO,PEP
2021-04-23,46.62945556640625,123.57218170166016,0.4142259182193211,0.7069425792773061,0.0227875075681494,1.361472835417758,1.2102948782156668,1.2102948782156668,0.0012727565151275932,0.0031791540144745813,0.6090478825485449,-0.009814361021996287,9.748986160966842,2.0,0.35119047619047616,KO,PEP
2021-04-26,45.936065673828125,121.47918701171876,0.4142259182193211,0.7069425792773061,0.019881975459296708,0.8835683395657933,1.361472835417758,1.361472835417758,0.0017130511699763318,0.0030115635208645113,0.5803141777452867,-0.008101309852019956,9.966288093877978,3.0,0.4027777777777778,KO,PEP
2021-04-27,45.86758041381836,121.08091735839844,0.4142259182193211,0.7069425792773061,0.02071150053481219,1.0210533227385892,0.8835683395657933,0.8835683395657933,-0.002905532108852693,0.003014183846443561,0.5962055787751149,-0.011006841960872649,9.824704053799895,0.0,0.37896825396825395,KO,PEP
2021-04-28,45.87614059448242,120.18272399902344,0.4142259182193211,0.7069425792773061,0.026161847303369345,1.725877837702463,1.0210533227385892,1.0210533227385892,0.0008295250755154804,0.0028467084722425223,0.5673711120046108,-0.010177316885357168,10.041156632727631,1.0,0.4365079365079365,KO,PEP
2021-04-29,46.44969177246094,121.97063446044922,0.4142259182193211,0.7069425792773061,0.02814706543779355,1.9137272923567654,1.725877837702463,1.725877837702463,0.005450346768557157,0.00301790742515657,0.5663856592772053,-0.004726970116800011,9.813427401256153,2.0,0.4464285714285714,KO,PEP
2021-04-30,46.20999526977539,122.15705871582033,0.4142259182193211,0.7069425792773061,0.0218936671328005,1.0246377553383015,1.9137272923567654,1.9137272923567654,0.001985218134424205,0.0029227119133022057,0.5716897241255914,-0.0027417519823758063,10.079998464009206,3.0,0.41468253968253965,KO,PEP
2021-05-03,46.63801956176758,123.53831481933594,0.4142259182193211,0.7069425792773061,0.02316492652500468,1.1172017378560626,1.0246377553383015,1.0246377553383015,-0.006253398304993052,0.0032108302893242417,0.5670172127265934,-0.008995150287368858,9.584082458724417,4.0,0.44642857142857145,KO,PEP
2021-05-04,46.346961975097656,121.98758697509766,0.4142259182193211,0.7069425792773061,0.02583473038674633,1.4290663006519282,1.1172017378560626,1.1172017378560626,0.0012712593922041826,0.003055507357910508,0.5724781450067549,-0.007723890895164676,14.95390725760954,5.0,0.4166666666666667,KO,PEP
2021-05-05,46.22712326049805,121.92829895019533,0.4142259182193211,0.7069425792773061,0.023589364749813768,1.1186898514824153,1.4290663006519282,1.4290663006519282,0.0026698038617416486,0.002963133251673238,0.5734508684104266,-0.005054087033423027,14.430788853346662,6.0,0.4087301587301587,KO,PEP
2021-05-06,46.689395904541016,123.3433837890625,0.4142259182193211,0.7069425792773061,0.02538228332109771,1.3652295786875794,1.1186898514824153,1.1186898514824153,-0.0022453656369325614,0.0029912232276051087,0.5778887882368254,-0.007299452670355588,16.5286473338872,7.0,0.4007936507936508,KO,PEP
2021-05-07,46.663700103759766,123.3433837890625,0.4142259182193211,0.7069425792773061,0.02483177557086913,1.2032145083981503,1.3652295786875794,1.3652295786875794,0.0017929185712839413,0.0029993645171384965,0.5816222051467056,-0.005506534099071647,17.621499068674613,8.0,0.3928571428571429,KO,PEP
2021-05-10,47.006134033203125,124.32633972167967,0.4142259182193211,0.7069425792773061,0.02653183577243423,1.390650478378962,1.2032145083981503,1.2032145083981503,-0.0005505077502285793,0.003007643362312416,0.5824217561721203,-0.0060570418493002265,17.599985194939226,9.0,0.39285714285714285,KO,PEP
2021-05-11,46.50105667114258,123.41964721679688,0.4142259182193211,0.7069425792773061,0.020903280555836457,0.40834461781720655,1.390650478378962,1.390650478378962,0.0017000602015651012,0.0030175654966598563,0.6629793944771784,-0.004356981647735125,17.894217744239857,10.0,0.20238095238095238,KO,PEP
2021-05-12,46.26136016845703,122.21638488769533,0.4142259182193211,0.7069425792773061,0.022661356904136287,0.6604649884104031,0.40834461781720655,0.40834461781720655,-0.005628555216597775,0.0030747000331600646,0.6868121607277996,-0.0099855368643329,17.21671930389311,0.0,0.17261904761904762,KO,PEP
2021-05-13,46.663700103759766,124.02978515625,0.4142259182193211,0.7069425792773061,0.02090857241698174,0.31742082745532085,0.6604649884104031,0.6604649884104031,0.0017580763482998307,0.002954279366688667,0.7006995210592698,-0.00822746051603307,18.04260689084568,0.0,0.13690476190476192,KO,PEP
2021-05-14,46.85204315185547,124.21617889404295,0.4142259182193211,0.7069425792773061,0.023875021997523227,0.7841870956006131,0.31742082745532085,0.31742082745532085,-0.0017527844871545462,0.002885150364167048,0.7049406371169699,-0.009980245003187616,18.006802273707653,0.0,0.12896825396825395,KO,PEP
2021-05-17,46.77499008178711,123.86029815673828,0.4142259182193211,0.7069425792773061,0.024257369203486867,0.8396095370747837,0.7841870956006131,0.7841870956006131,0.002966449580541486,0.0028802967536955305,0.7045194583348332,-0.00701379542264613,18.89366011582828,0.0,0.12896825396825395,KO,PEP
2021-05-18,46.5181770324707,123.3010025024414,0.4142259182193211,0.7069425792773061,0.02195130306722426,0.29736483720401113,0.8396095370747837,0.8396095370747837,0.00038234720596364014,0.002814162729437329,0.6890269682037528,-0.0066314482166824895,19.083037378917496,0.0,0.14682539682539683,KO,PEP
2021-05-19,46.372650146484375,123.23320770263672,0.4142259182193211,0.7069425792773061,0.019206818219803523,-0.4076741388246831,0.29736483720401113,0.29736483720401113,-0.002306066136262608,0.00284355875682516,0.7086759840250622,-0.008937514352945097,18.832192211850714,0.0,0.12301587301587301,KO,PEP
2021-05-20,46.78355407714844,124.75850677490234,0.4142259182193211,0.7069425792773061,0.01933234307982934,-0.4436847738596434,-0.4076741388246831,0.4076741388246831,-0.002744484847420736,0.0028831637136047315,0.7130670520191157,-0.011681999200365834,18.751201853967796,0.0,0.12301587301587302,KO,PEP
2021-05-21,46.75786972045898,124.64835357666016,0.4142259182193211,0.7069425792773061,0.01940764584802146,-0.4838784813084396,-0.4436847738596434,0.4436847738596434,0.0001255248600258163,0.0028680520706708835,0.7228933655206821,-0.011556474340340017,18.81793098501399,0.0,0.11507936507936507,KO,PEP
2021-05-24,46.91196060180664,125.28385925292967,0.4142259182193211,0.7069425792773061,0.019102623714941203,-0.6143672388127518,-0.4838784813084396,0.4838784813084396,7.530276819212034e-05,0.002838715858234751,0.7125410141456132,-0.011481171572147897,18.423146076937364,0.0,0.11706349206349206,KO,PEP
2021-05-25,46.90340805053711,125.66519927978516,0.4142259182193211,0.7069425792773061,0.016771767061005693,-1.503030959997083,-0.6143672388127518,0.6143672388127518,-0.00030502213308025716,0.0027690962419826782,0.7280664360529499,-0.011786193705228154,18.291849423208404,0.0,0.10515873015873015,KO,PEP
2021-05-26,47.108863830566406,125.66519927978516,0.4142259182193211,0.7069425792773061,0.021142602974388858,-0.19829526251311164,-1.503030959997083,1.503030959997083,-0.002330856653935509,0.0028049684071516584,0.7271900565227419,-0.014117050359163663,18.85759489084621,1.0,0.10714285714285714,KO,PEP
2021-05-27,47.50265502929688,124.14839935302734,0.4142259182193211,0.7069425792773061,0.038051862692231264,3.82076066886853,-0.19829526251311164,0.19829526251311164,0.004370835913383164,0.002704360518654163,0.7248529284560454,-0.009746214445780499,19.893891395530517,0.0,0.10515873015873015,KO,PEP
2021-05-28,47.33142852783203,125.3601303100586,0.4142259182193211,0.7069425792773061,0.02757423725569952,1.1937815243034346,3.82076066886853,3.82076066886853,0.016909259717842406,0.004607644081905816,0.6912939467774526,0.0,22.90785440715143,1.0,0.19444444444444445,KO,PEP
2021-06-01,47.32286834716797,125.0974349975586,0.4142259182193211,0.7069425792773061,0.02887633506985754,1.4041413754365188,1.1937815243034346,1.1937815243034346,-0.010477625436531746,0.0049928705707454404,0.6793355278608005,-0.010477625436531746,21.158310729094843,2.0,0.23015873015873017,KO,PEP
2021-06-02,47.51121520996094,125.59739685058594,0.4142259182193211,0.7069425792773061,0.03002875329739263,1.559349421261709,1.4041413754365188,1.4041413754365188,0.0013020978141580208,0.004993179966050861,0.6538206778717169,-0.009175527622373725,21.608915991953925,3.0,0.27182539682539686,KO,PEP
2021-06-03,47.63105392456055,126.04548645019533,0.4142259182193211,0.7069425792773061,0.03003025552023253,1.4435493188441906,1.559349421261709,1.559349421261709,0.0011524182275350903,0.0049678398552488465,0.7159367779464672,-0.008023109394838635,22.008178399279043,4.0,0.16865079365079366,KO,PEP
2021-06-04,48.144676208496094,126.19061279296876,0.4142259182193211,0.7069425792773061,0.03994238712981657,3.0045184563135705,1.4435493188441906,1.4435493188441906,1.5022228398997584e-06,0.004936356093689259,0.7439786442969131,-0.008021607171998735,22.158751520181962,5.0,0.12698412698412698,KO,PEP
2021-06-07,47.973480224609375,126.11380004882812,0.4142259182193211,0.7069425792773061,0.036810634578138046,2.1240070728173803,3.0045184563135705,3.0045184563135705,0.00991213160958404,0.0053565961592522155,0.72750562471392,0.0,24.68837161768375,6.0,0.16666666666666666,KO,PEP
2021-06-08,47.63961410522461,124.93590545654295,0.4142259182193211,0.7069425792773061,0.03646074126132648,1.8672362297910354,2.1240070728173803,2.1240070728173803,-0.003131752551678524,0.005416606140003291,0.7328980115589432,-0.003131752551678524,23.870036604658885,7.0,0.14682539682539683,KO,PEP
2021-06-09,47.49407958984375,124.7054443359375,0.4142259182193211,0.7069425792773061,0.03470641521430018,1.4516598880441254,1.8672362297910354,1.8672362297910354,-0.000349893316811567,0.0054141950330038185,0.7392937941963096,-0.003481645868490091,23.685834401714168,8.0,0.1388888888888889,KO,PEP
2021-06-10,47.862186431884766,125.9857940673828,0.4142259182193211,0.7069425792773061,0.03520595079991118,1.4310455949332057,1.4516598880441254,1.4516598880441254,-0.0017543260470263,0.005258659596567518,0.7638479502501666,-0.005235971915516391,24.999811420521404,9.0,0.10912698412698413,KO,PEP
2021-06-11,48.076210021972656,126.06255340576172,0.4142259182193211,0.7069425792773061,0.03923705847746861,1.88917608507842,1.4310455949332057,1.4310455949332057,0.0004995355856109995,0.005253031043720197,0.7670723504490499,-0.004736436329905391,25.320990447888995,10.0,0.09722222222222221,KO,PEP
2021-06-14,47.91233825683594,126.81373596191406,0.4142259182193211,0.7069425792773061,0.03162261883888462,0.7033600384742383,1.88917608507842,1.88917608507842,0.004031107677557433,0.005273215102347131,0.7653884741386923,-0.0007053286523479585,26.842133145363785,11.0,0.10714285714285714,KO,PEP
2021-06-15,47.79157257080078,126.82223510742188,0.4142259182193211,0.7069425792773061,0.029051503644707655,0.2911873104857386,0.7033600384742383,0.7033600384742383,-0.007614439638583992,0.005563772216000764,0.7513485498475059,-0.00831976829093195,24.500240726351734,0.0,0.1369047619047619,KO,PEP
2021-06-16,47.1533203125,125.55899047851562,0.4142259182193211,0.7069425792773061,0.02268359595995273,-0.6437097426235115,0.2911873104857386,0.2911873104857386,-0.002571115194176965,0.005601016630824485,0.7545718842075159,-0.010890883485108915,24.461135505936408,0.0,0.13690476190476192,KO,PEP
2021-06-17,47.39483642578125,126.77103424072266,0.4142259182193211,0.7069425792773061,0.02100093791069879,-0.8737526136811401,-0.6437097426235115,0.6437097426235115,-0.006367907684754925,0.0057610000296831314,0.794943748483516,-0.01725879116986384,23.424437688182426,0.0,0.10119047619047619,KO,PEP
2021-06-18,46.377071380615234,124.12501525878906,0.4142259182193211,0.7069425792773061,0.014204613088462104,-1.727498630663058,-0.8737526136811401,0.8737526136811401,-0.0016826580492539378,0.005739980127334727,0.7923123848797512,-0.01894144921911778,23.275444100644098,0.0,0.10317460317460317,KO,PEP
2021-06-21,46.88594818115234,125.09806823730467,0.4142259182193211,0.7069425792773061,0.019597121540646967,-0.9347693266265771,-1.727498630663058,1.727498630663058,-0.006796324822236688,0.005932823840182947,0.8232136080909673,-0.025737774041354466,22.413150050310858,1.0,0.10714285714285715,KO,PEP
2021-06-22,47.05844879150391,125.28585052490234,0.4142259182193211,0.7069425792773061,0.022209141568195978,-0.5515399019423924,-0.9347693266265771,0.9347693266265771,0.005392508452184863,0.006059514571994047,0.8248164339600399,-0.020345265589169603,22.97920266060981,0.0,0.1111111111111111,KO,PEP
2021-06-23,46.67893600463867,123.63846588134766,0.4142259182193211,0.7069425792773061,0.02346898350973259,-0.39293965398819664,-0.5515399019423924,0.5515399019423924,0.0026120200275490113,0.006085241242054778,0.8045338075441835,-0.017733245561620592,23.185786922514776,0.0,0.11706349206349206,KO,PEP
2021-06-24,46.91181564331055,124.33836364746094,0.4142259182193211,0.7069425792773061,0.024454940687617555,-0.2658085693467096,-0.39293965398819664,0.39293965398819664,0.0012598419415366102,0.006062167169037495,0.7983163606140161,-0.016473403620083982,23.23768499058813,0.0,0.11904761904761904,KO,PEP
2021-06-25,46.851444244384766,124.97000885009766,0.4142259182193211,0.7069425792773061,0.01958498648749618,-0.9299670034554796,-0.2658085693467096,0.2658085693467096,0.0009859571778849663,0.0059939943987034035,0.7862642470028391,-0.015487446442199015,25.207977279977897,0.0,0.12301587301587301,KO,PEP
2021-06-28,46.79969024658203,125.50775146484376,0.4142259182193211,0.7069425792773061,0.015444306478511027,-1.413750367403367,-0.9299670034554796,0.9299670034554796,-0.004869954200121374,0.0046896165619262535,0.7764532655070574,-0.02035740064232039,23.681207720749043,0.0,0.08333333333333333,KO,PEP
2021-06-29,46.454689025878906,125.42242431640624,0.4142259182193211,0.7069425792773061,0.008525912542288072,-2.09060015948373,-1.413750367403367,1.413750367403367,-0.004140680008985154,0.004224388600208876,0.7732120603109318,-0.024498080651305543,20.108934804839805,1.0,0.08531746031746032,KO,PEP
2021-06-30,46.67031478881836,126.47234344482422,0.4142259182193211,0.7069425792773061,0.0072635800220193225,-2.031010603905584,-2.09060015948373,2.09060015948373,-0.006918393936222955,0.004414338416065674,0.7672073523273202,-0.0314164745875285,17.464137160385377,2.0,0.09523809523809523,KO,PEP
2021-07-01,46.54093551635742,126.49788665771484,0.4142259182193211,0.7069425792773061,0.004344769596932974,-2.1352111810203,-2.031010603905584,2.031010603905584,-0.0012623325202687496,0.0043862707268890674,0.7697332230976455,-0.03267880710779725,20.351739493144112,3.0,0.08928571428571427,KO,PEP
2021-07-02,46.7307014465332,127.10395050048828,0.4142259182193211,0.7069425792773061,0.005034934213512088,-1.8933165238490561,-2.1352111810203,2.1352111810203,-0.002918810425086349,0.004394498356975946,0.7706884025119103,-0.035597617532883596,18.441885930884066,4.0,0.09126984126984126,KO,PEP
2021-07-06,46.47195053100586,127.29170989990234,0.4142259182193211,0.7069425792773061,-0.0015610498506424264,-2.25960715649037,-1.8933165238490561,1.8933165238490561,0.0006901646165791142,0.003609148003630141,0.7709685589570511,-0.03490745291630448,18.277363261698316,5.0,0.0873015873015873,KO,PEP
2021-07-07,46.851444244384766,127.85506439208984,0.4142259182193211,0.7069425792773061,0.003450058761463648,-1.6750898268998817,-2.25960715649037,2.25960715649037,-0.006595984064154514,0.0037518350385637228,0.7649732654924675,-0.041503436980458996,16.83568232580578,6.0,0.11507936507936507,KO,PEP
2021-07-08,46.68756484985352,127.91482543945312,0.4142259182193211,0.7069425792773061,-0.00038428107823573754,-1.846996814855539,-1.6750898268998817,1.6750898268998817,0.005011108612106074,0.004035146575161933,0.7636385126777494,-0.03649232836835292,13.657907666709603,7.0,0.125,KO,PEP
2021-07-09,46.9721908569336,127.59044647216795,0.4142259182193211,0.7069425792773061,0.0074886210256162045,-1.1415986202396136,-1.846996814855539,1.846996814855539,-0.0038343398396993855,0.004063188830391964,0.7648167138587271,-0.04032666820805231,11.547645135708592,8.0,0.12103174603174602,KO,PEP
2021-07-12,46.98943710327149,127.61604309082033,0.4142259182193211,0.7069425792773061,0.007713902891964608,-1.0537677425588483,-1.1415986202396136,1.1415986202396136,0.007872902103851942,0.004555647324957693,0.7575572260464604,-0.032453766104200366,9.670434555994934,9.0,0.14484126984126983,KO,PEP
2021-07-13,47.455204010009766,130.56085205078125,0.4142259182193211,0.7069425792773061,0.001449550870062044,-1.4411383088875243,-1.0537677425588483,1.0537677425588483,0.00022528186634840353,0.004402308629495341,0.7593366168642358,-0.03222848423785196,9.725329815906298,10.0,0.14285714285714285,KO,PEP
2021-07-14,48.52471160888672,131.9095001220703,0.4142259182193211,0.7069425792773061,0.01647153210945751,-0.23933630977354567,-1.4411383088875243,1.4411383088875243,-0.006264352021902564,0.00431875911577674,0.7592215712380435,-0.038492836259754526,11.062163103856623,11.0,0.14087301587301587,KO,PEP
2021-07-15,48.679962158203125,132.51548767089844,0.4142259182193211,0.7069425792773061,0.01642560499882073,-0.20964424959044498,-0.23933630977354567,0.23933630977354567,0.015021981239395465,0.0056111086710127515,0.7502027148509157,-0.02347085502035906,9.57078264257678,0.0,0.20634920634920634,KO,PEP
2021-07-16,48.64546203613281,133.00201416015625,0.4142259182193211,0.7069425792773061,0.013125876112398682,-0.4313194102693192,-0.20964424959044498,0.20964424959044498,-4.592711063677868e-05,0.005454802164259146,0.7506079405376735,-0.02351678213099584,8.575281707339242,0.0,0.1984126984126984,KO,PEP
2021-07-19,48.06758117675781,132.9849853515625,0.4142259182193211,0.7069425792773061,0.001265830112532118,-1.3097549974854457,-0.4313194102693192,0.4313194102693192,-0.0032997288864220486,0.0054863990843923415,0.7447933742194608,-0.026816511017417888,8.030391545192908,0.0,0.20833333333333331,KO,PEP
2021-07-20,48.1538314819336,133.00201416015625,0.4142259182193211,0.7069425792773061,0.0029680585585940555,-1.1048845548158797,-1.3097549974854457,1.3097549974854457,-0.011860045999866564,0.005878828042073795,0.7304982146487363,-0.03867655701728445,7.616217649026895,1.0,0.2420634920634921,KO,PEP
2021-07-21,48.77483367919922,132.5070037841797,0.4142259182193211,0.7069425792773061,0.018417852002190038,0.26058541670326824,-1.1048845548158797,1.1048845548158797,0.0017022284460619375,0.005742713364355816,0.7306292680100589,-0.036974328571222514,7.633435654654027,2.0,0.24007936507936506,KO,PEP
2021-07-22,48.70583724975586,132.46429443359375,0.4142259182193211,0.7069425792773061,0.01723015658039939,0.2179271098841003,0.26058541670326824,0.26058541670326824,0.015449793443595983,0.006725162442212348,0.6703962732149253,-0.021524535127626532,6.242966694588035,0.0,0.3373015873015873,KO,PEP
2021-07-23,49.17159652709961,134.16287231445312,0.4142259182193211,0.7069425792773061,0.01773998894364448,0.3413384660269118,0.2179271098841003,0.2179271098841003,-0.0011876954217906466,0.006719941078373067,0.6700682011684745,-0.02271223054941718,5.918430085846951,0.0,0.3392857142857143,KO,PEP
2021-07-26,49.21471405029297,134.06903076171875,0.4142259182193211,0.7069425792773061,0.019111134379021788,0.6103956594559373,0.3413384660269118,0.3413384660269118,0.0005098323632450885,0.006716143233451097,0.6841897732725989,-0.02220239818617209,5.472450768711566,0.0,0.3194444444444444,KO,PEP
2021-07-27,49.387203216552734,134.81158447265625,0.4142259182193211,0.7069425792773061,0.01870517240567615,0.6558828486411888,0.6103956594559373,0.6103956594559373,0.0013711454353773078,0.006642809972419257,0.6695610052146356,-0.020831252750794782,4.734147369051522,0.0,0.34325396825396826,KO,PEP
2021-07-28,48.93871307373047,133.57391357421875,0.4142259182193211,0.7069425792773061,0.01610282413338382,0.42219894692352217,0.6558828486411888,0.6558828486411888,-0.00040596197334563655,0.006576616247135512,0.6742689261329003,-0.02123721472414042,3.908610298433308,0.0,0.3313492063492064,KO,PEP
2021-07-29,49.206085205078125,133.84707641601562,0.4142259182193211,0.7069425792773061,0.020107117861640766,0.9541721774140162,0.42219894692352217,0.42219894692352217,-0.002602348272292332,0.006409394862161542,0.6771024234143272,-0.02383956299643275,3.534608557523919,0.0,0.32936507936507936,KO,PEP
2021-07-30,49.1888427734375,133.9665985107422,0.4142259182193211,0.7069425792773061,0.019125643498588918,0.8422974632938895,0.9541721774140162,0.9541721774140162,0.004004293728256947,0.006444650460279286,0.6702824366614861,-0.019835269268175804,3.285792207665759,0.0,0.3472222222222222,KO,PEP
2021-08-02,49.05946731567383,133.4288330078125,0.4142259182193211,0.7069425792773061,0.019335502485876788,0.8376232265566219,0.8422974632938895,0.8422974632938895,-0.0009814743630518485,0.006404835440034163,0.6698174533275981,-0.020816743631227652,2.7445497266468055,0.0,0.3492063492063492,KO,PEP
2021-08-03,49.09396362304688,133.72755432128906,0.4142259182193211,0.7069425792773061,0.018457469842628083,0.7327036798680084,0.8376232265566219,0.8376232265566219,0.00020985898728786978,0.00640587407343496,0.6618942922926216,-0.020606884643939782,2.460581343544144,0.0,0.3650793650793651,KO,PEP
2021-08-04,48.38671112060547,131.49124145507812,0.4142259182193211,0.7069425792773061,0.01586869359658527,0.43633083431966474,0.7327036798680084,0.7327036798680084,-0.0008780326432487051,0.006197405281859052,0.6615640862602166,-0.021484917287188487,3.1271823804402503,0.0,0.36904761904761907,KO,PEP
2021-08-05,48.73171615600586,131.7131805419922,0.4142259182193211,0.7069425792773061,0.021781339338283967,1.2352250139437084,0.43633083431966474,0.43633083431966474,-0.002588776246042812,0.006172815927350862,0.6841178166342531,-0.0240736935332313,3.38126423566252,0.0,0.3214285714285714,KO,PEP
2021-08-06,48.85246276855469,131.73025512695312,0.4142259182193211,0.7069425792773061,0.024164419310615415,1.5568867778252338,1.2352250139437084,1.2352250139437084,0.005912645741698697,0.0061865811853381285,0.6727760387346934,-0.018161047791532603,3.2158807057107537,1.0,0.3412698412698413,KO,PEP
2021-08-09,48.86109161376953,131.747314453125,0.4142259182193211,0.7069425792773061,0.024249489902036903,1.5089699685987927,1.5568867778252338,1.5568867778252338,0.0023830799723314477,0.005999307634526037,0.6675043099818907,-0.015777967819201155,3.0352478688511133,2.0,0.3492063492063492,KO,PEP
2021-08-10,48.99045944213867,131.8155975341797,0.4142259182193211,0.7069425792773061,0.026527351454058046,1.6739549940393175,1.5089699685987927,1.5089699685987927,8.507059142148776e-05,0.006000096488780755,0.6596263534587018,-0.015692897227779667,3.1246901386422743,3.0,0.375,KO,PEP
2021-08-11,48.93009185791016,132.33627319335938,0.4142259182193211,0.7069425792773061,0.022507415934055253,1.100434163028472,1.6739549940393175,1.6739549940393175,0.002277861552021143,0.005780121894351773,0.6595545621379072,-0.013415035675758524,3.1239031131728408,4.0,0.3650793650793651,KO,PEP
2021-08-12,49.02496337890625,132.36190795898438,0.4142259182193211,0.7069425792773061,0.024307530311677983,1.2298652665756196,1.100434163028472,1.100434163028472,-0.004019935520002793,0.004941251627517348,0.655533159250724,-0.017434971195761317,3.2997309633107683,5.0,0.3353174603174603,KO,PEP
2021-08-13,49.36133575439453,133.5995330810547,0.4142259182193211,0.7069425792773061,0.024565924425948626,1.1792564582572709,1.2298652665756196,1.2298652665756196,0.0018001143776227302,0.004951126198892624,0.6508645634586553,-0.015634856818138587,3.3146673436819785,6.0,0.3531746031746032,KO,PEP
2021-08-16,49.57696914672852,134.90548706054688,0.4142259182193211,0.7069425792773061,0.022047972917497827,0.8194141181089374,1.1792564582572709,1.1792564582572709,0.0002583941142706436,0.004878596476460598,0.6554670967602912,-0.015376462703867944,3.3907576474510113,7.0,0.32936507936507936,KO,PEP
2021-08-17,49.40446853637695,134.77743530273438,0.4142259182193211,0.7069425792773061,0.01923380083215065,0.4245543489749523,0.8194141181089374,0.8194141181089374,-0.0025179515084507997,0.004041301291509658,0.6471243614247824,-0.017894414212318743,3.3768958952679324,0.0,0.32341269841269843,KO,PEP
2021-08-18,48.73171615600586,133.39471435546875,0.4142259182193211,0.7069425792773061,0.012813188512172946,-0.47617060861544397,0.4245543489749523,0.4245543489749523,-0.0028141720853471774,0.00412329031121584,0.6474648375203214,-0.02070858629766592,3.394081650737722,0.0,0.3253968253968254,KO,PEP
2021-08-19,49.04222106933594,135.63955688476562,0.4142259182193211,0.7069425792773061,0.007366856529332555,-1.3423667809114341,-0.47617060861544397,0.47617060861544397,-0.006420612319977703,0.002776839128115528,0.6643383161939752,-0.027129198617643624,3.615687500090681,0.0,0.21031746031746032,KO,PEP
2021-08-20,48.85246276855469,135.16156005859375,0.4142259182193211,0.7069425792773061,0.005985748521121881,-1.5209643048725479,-1.3423667809114341,1.3423667809114341,-0.005446331982840391,0.0029931171107056894,0.6643401974719543,-0.032575530600484015,3.689666475677505,1.0,0.2361111111111111,KO,PEP
2021-08-23,48.679962158203125,134.73477172851562,0.4142259182193211,0.7069425792773061,0.004684232218529427,-1.6589969636223745,-1.5209643048725479,1.5209643048725479,-0.0013811080082106741,0.002989804818537998,0.669478853432765,-0.03395663860869469,3.8656479308648053,2.0,0.22817460317460317,KO,PEP
2021-08-24,48.30908584594727,133.06179809570312,0.4142259182193211,0.7069425792773061,0.005869308532705286,-1.5727890665115012,-1.6589969636223745,1.6589969636223745,-0.0013015163025924537,0.002958833343043511,0.7292678471397026,-0.03525815491128714,3.9785616880776504,3.0,0.1388888888888889,KO,PEP
2021-08-25,48.360836029052734,132.47283935546875,0.4142259182193211,0.7069425792773061,0.010075983966974622,-0.9088447810682183,-1.5727890665115012,1.5727890665115012,0.0011850763141758591,0.0029874931047107686,0.7549806721481568,-0.034073078597111284,3.971565759015907,4.0,0.10515873015873015,KO,PEP
2021-08-26,47.90370178222656,131.98631286621094,0.4142259182193211,0.7069425792773061,0.003179586388998956,-1.7458665202819093,-0.9088447810682183,0.9088447810682183,0.004206675434269336,0.003129281328368942,0.7510227231071257,-0.029866403162841948,4.335439690830836,0.0,0.1369047619047619,KO,PEP
2021-08-27,47.99857711791992,132.2509307861328,0.4142259182193211,0.7069425792773061,0.003742248022951866,-1.5598891741881933,-1.7458665202819093,1.7458665202819093,-0.006896397577975666,0.00327767477005139,0.7504786640286264,-0.036762800740817614,5.115408963944979,1.0,0.14484126984126983,KO,PEP
2021-08-30,48.45571517944336,133.1556854248047,0.4142259182193211,0.7069425792773061,0.008401307479912745,-1.0245614360764719,-1.5598891741881933,1.5598891741881933,0.00056266163395291,0.0032917393382791917,0.7501190021199359,-0.036200139106864704,5.2330532593578445,2.0,0.1488095238095238,KO,PEP
2021-08-31,48.567832946777344,133.4885711669922,0.4142259182193211,0.7069425792773061,0.008947321444583878,-1.015908455841498,-1.0245614360764719,1.0245614360764719,0.004659059456960879,0.00349448396368488,0.7647067439504376,-0.030835750997555866,5.131780861626728,3.0,0.11904761904761904,KO,PEP
2021-09-01,48.89558410644531,134.78602600097656,0.4142259182193211,0.7069425792773061,0.008834953355906894,-0.9719639261798118,-1.015908455841498,1.015908455841498,0.0005460139646711326,0.003501508519694067,0.765064210387024,-0.030289737032884734,5.100407588702539,4.0,0.11507936507936509,KO,PEP
2021-09-02,48.96458435058594,134.88482666015625,0.4142259182193211,0.7069425792773061,0.009727121755765733,-0.8019068777286654,-0.9719639261798118,0.9719639261798118,-0.000112368088676984,0.0034682169298074074,0.7641362407398482,-0.030402105121561718,5.55227263201333,0.0,0.12103174603174602,KO,PEP
2021-09-03,48.93009185791016,135.00515747070312,0.4142259182193211,0.7069425792773061,0.008392053324364213,-0.9326319726543721,-0.8019068777286654,0.8019068777286654,0.0008921683998588392,0.003175024608119326,0.7630712107069049,-0.02950993672170288,5.5719888751341555,0.0,0.11309523809523808,KO,PEP
2021-09-07,48.01583480834961,132.80506896972656,0.4142259182193211,0.7069425792773061,0.0011457920572572888,-1.758906501197638,-0.9326319726543721,0.9326319726543721,-0.0013350684314015204,0.003102787411678289,0.7585620371588502,-0.0308450051531044,5.6000691073484425,0.0,0.11904761904761904,KO,PEP
2021-09-08,48.66270446777344,134.6871795654297,0.4142259182193211,0.7069425792773061,0.004579412527080162,-1.2201374571129426,-1.758906501197638,1.758906501197638,-0.007246261267106924,0.0033970295371258054,0.7832688684919757,-0.03047682678162733,6.141200943638379,1.0,0.09126984126984126,KO,PEP
2021-09-09,48.17970657348633,133.8363800048828,0.4142259182193211,0.7069425792773061,-0.0009157763743625758,-1.7545438044173594,-1.2201374571129426,1.2201374571129426,0.0034336204698228734,0.003464106893203065,0.8021523045265639,-0.024472091117627492,5.97217652286286,2.0,0.08531746031746032,KO,PEP
2021-09-10,47.96407699584961,133.6042938232422,0.4142259182193211,0.7069425792773061,-0.0041743725213501115,-1.9368852599288682,-1.7545438044173594,1.7545438044173594,-0.005495188901442738,0.003540418443415697,0.805414062385184,-0.02744312782842062,5.931838019163104,3.0,0.09126984126984128,KO,PEP
2021-09-13,48.360836029052734,133.8621063232422,0.4142259182193211,0.7069425792773061,0.002700752911158233,-1.072995239408265,-1.9368852599288682,1.9368852599288682,-0.0032585961469875357,0.0034995760429840064,0.7984080696080899,-0.030701723975408157,6.090096199991348,4.0,0.09523809523809523,KO,PEP
2021-09-14,48.39559173583984,133.33787536621094,0.4142259182193211,0.7069425792773061,0.006193134149839352,-0.629508338506636,-1.072995239408265,1.072995239408265,0.006875125432508344,0.0039293630844446535,0.7929711693399026,-0.023826598542899813,5.979083000133552,5.0,0.1111111111111111,KO,PEP
2021-09-15,48.56071472167969,134.08555603027344,0.4142259182193211,0.7069425792773061,0.005646222543665758,-0.6451906537798248,-0.629508338506636,0.629508338506636,0.0034923812386811193,0.004037264064663395,0.7571877328776115,-0.020334217304218694,6.129509338169062,0.0,0.16865079365079366,KO,PEP
2021-09-16,48.10012435913086,133.6902618408203,0.4142259182193211,0.7069425792773061,-0.001796682472487099,-1.388193609732116,-0.6451906537798248,0.6451906537798248,-0.0005469116061735946,0.004010656129398313,0.7539538996466979,-0.020881128910392288,6.38284860418028,0.0,0.17261904761904762,KO,PEP
2021-09-17,47.309326171875,132.46127319335938,0.4142259182193211,0.7069425792773061,-0.011845156900129883,-2.2265792472840693,-1.388193609732116,1.388193609732116,-0.0074429050161528565,0.004089245174598203,0.753897347821769,-0.028324033926545145,7.12650282072572,1.0,0.18452380952380953,KO,PEP
2021-09-20,46.97909927368164,132.014404296875,0.4142259182193211,0.7069425792773061,-0.016460836786328592,-2.3949622225250495,-2.2265792472840693,2.2265792472840693,-0.010048474427642784,0.004460746415813742,0.7588548314644806,-0.03837250835418793,8.922687142578848,2.0,0.1884920634920635,KO,PEP
2021-09-21,46.970401763916016,131.95423889160156,0.4142259182193211,0.7069425792773061,-0.01632372798728632,-2.154349253183606,-2.3949622225250495,2.3949622225250495,-0.004615679886198709,0.004531141283428923,0.7589639586295971,-0.04298818824038664,11.100526189354536,3.0,0.19047619047619047,KO,PEP
2021-09-22,47.03992462158203,132.35816955566406,0.4142259182193211,0.7069425792773061,-0.01700542659843851,-2.0478069452064536,-2.154349253183606,2.154349253183606,0.0001371087990422737,0.004539137697528655,0.7628529951802066,-0.042851079441344364,11.685538975639107,4.0,0.1865079365079365,KO,PEP
2021-09-23,46.96171569824219,132.46127319335938,0.4142259182193211,0.7069425792773061,-0.019219893450943104,-2.0511020299686877,-2.0478069452064536,2.0478069452064536,-0.0006816986111521928,0.004511317834640997,0.765866175517928,-0.04353277805249656,12.408466077747773,5.0,0.16468253968253968,KO,PEP
2021-09-24,46.83136749267578,132.52142333984375,0.4142259182193211,0.7069425792773061,-0.022320326633407106,-2.1302373786104436,-2.0511020299686877,2.0511020299686877,-0.002214466852504593,0.004344523972866712,0.7685189334752603,-0.04574724490500115,15.693050581380296,6.0,0.15079365079365079,KO,PEP
2021-09-27,46.58804321289063,131.24952697753906,0.4142259182193211,0.7069425792773061,-0.020711857123109745,-1.8667491017857885,-2.1302373786104436,2.1302373786104436,-0.003100433182464002,0.0041830031129468205,0.7668363118253356,-0.04884767808746515,20.69704200455102,7.0,0.1527777777777778,KO,PEP
2021-09-28,45.745094299316406,129.81431579589844,0.4142259182193211,0.7069425792773061,-0.031198243593909325,-2.4703138468557393,-1.8667491017857885,1.8667491017857885,0.0016084695102973612,0.004212083820346358,0.7674704856408998,-0.04723920857716779,20.050964899495963,8.0,0.15079365079365079,KO,PEP
2021-09-29,46.02316665649414,130.8885498046875,0.4142259182193211,0.7069425792773061,-0.030963897802857687,-2.2143176358762435,-2.4703138468557393,2.4703138468557393,-0.01048638647079958,0.004441758711626864,0.7769799067300676,-0.05772559504796737,54.28177315062409,9.0,0.15277777777777776,KO,PEP
2021-09-30,45.59735107421875,129.26426696777344,0.4142259182193211,0.7069425792773061,-0.0314313576613805,-2.028753503404259,-2.2143176358762435,2.2143176358762435,0.00023434579105163778,0.004433408096024857,0.7843828707277422,-0.05749124925691573,54.055930607279855,10.0,0.15079365079365079,KO,PEP
2021-10-01,46.0753173828125,129.72836303710938,0.4142259182193211,0.7069425792773061,-0.02353717278969647,-1.3426741404521796,-2.028753503404259,2.028753503404259,-0.0004674598585228118,0.004426536569338233,0.788713617931346,-0.057958709115438545,61.48456804630088,11.0,0.1488095238095238,KO,PEP
2021-10-04,46.04925155639648,129.0837860107422,0.4142259182193211,0.7069425792773061,-0.020581737395315436,-1.0554792527204515,-1.3426741404521796,1.3426741404521796,0.007894184871684029,0.004894639087282509,0.7868178592961805,-0.050064524243754516,28.227201136363366,12.0,0.17857142857142858,KO,PEP
2021-10-05,46.12745666503906,129.8486785888672,0.4142259182193211,0.7069425792773061,-0.023061547238715008,-1.151581774164705,-1.0554792527204515,1.0554792527204515,0.002955435394381034,0.004997267571863067,0.7940083127898141,-0.04710908884937348,24.701630258257794,13.0,0.19047619047619047,KO,PEP
2021-10-06,46.6749382019043,133.17462158203125,0.4142259182193211,0.7069425792773061,-0.029142146460970242,-1.4636475487325287,-1.151581774164705,1.151581774164705,-0.002479809843399572,0.004825811236714532,0.7930593301280398,-0.049588898692773054,29.074968357061458,14.0,0.17261904761904762,KO,PEP
2021-10-07,46.82268142700195,134.40357971191406,0.4142259182193211,0.7069425792773061,-0.032475649826750885,-1.5694614609695905,-1.4636475487325287,1.4636475487325287,-0.006080599222255234,0.004813499797336638,0.795289235506746,-0.05566949791502829,43.349681854918245,15.0,0.16666666666666666,KO,PEP
2021-10-08,47.03123092651367,134.0941619873047,0.4142259182193211,0.7069425792773061,-0.02640214552972564,-1.0810540123693229,-1.5694614609695905,1.5694614609695905,-0.0033335033657806434,0.004750613886746736,0.7987020314704746,-0.05900300128080893,63.67529180464958,16.0,0.16269841269841268,KO,PEP
2021-10-11,47.12682723999024,134.27467346191406,0.4142259182193211,0.7069425792773061,-0.025322609074907465,-0.9431755958894216,-1.0810540123693229,1.0810540123693229,0.006073504297025245,0.00501364756233815,0.7902285338250348,-0.052929496983783686,35.59781172162966,17.0,0.21031746031746032,KO,PEP
2021-10-12,47.12682723999024,134.86761474609375,0.4142259182193211,0.7069425792773061,-0.028437512509472906,-1.082295747687431,-0.9431755958894216,0.9431755958894216,0.0010795364548181752,0.004701433508127247,0.7917178323926087,-0.05184996052896551,33.514147609676016,0.0,0.17857142857142858,KO,PEP
2021-10-13,47.13551712036133,135.7786102294922,0.4142259182193211,0.7069425792773061,-0.03301229294623109,-1.3095644753989348,-1.082295747687431,1.082295747687431,-0.0031149034345654414,0.004576444000341346,0.8051943892755345,-0.05496486396353095,39.21748867017942,1.0,0.15079365079365079,KO,PEP
2021-10-14,47.45705795288086,136.87010192871094,0.4142259182193211,0.7069425792773061,-0.031874051437776885,-1.1615298154295475,-1.3095644753989348,1.3095644753989348,-0.004574780436758186,0.0046083963637732,0.802088303617324,-0.05953964440028914,58.84299426091142,2.0,0.1626984126984127,KO,PEP
2021-10-15,47.34407424926758,136.48333740234375,0.4142259182193211,0.7069425792773061,-0.03225715592799894,-1.1278535224885538,-1.1615298154295475,1.1615298154295475,0.0011382415084542075,0.004472900258027652,0.8462146467333957,-0.05840140289183493,52.12155777435762,3.0,0.1369047619047619,KO,PEP
2021-10-18,46.874813079833984,135.8645782470703,0.4142259182193211,0.7069425792773061,-0.03900605009467384,-1.5317185262014434,-1.1278535224885538,1.1278535224885538,-0.0003831044902220526,0.004023130535234574,0.8462815793890595,-0.05878450738205698,48.38116205866106,4.0,0.09920634920634921,KO,PEP
2021-10-19,47.05730438232422,137.59197998046875,0.4142259182193211,0.7069425792773061,-0.04405195617610014,-1.759235807686407,-1.5317185262014434,1.5317185262014434,-0.006748894166674901,0.004143505827144465,0.8397187676973202,-0.06553340154873188,81.23561422951406,5.0,0.11706349206349206,KO,PEP
2021-10-20,47.47443771362305,138.6318817138672,0.4142259182193211,0.7069425792773061,-0.04054953222339508,-1.4252974199805604,-1.759235807686407,1.759235807686407,-0.005045906081426299,0.004217740985307157,0.8371108121199028,-0.07057930763015818,252.0,6.0,0.125,KO,PEP
2021-10-21,47.23110580444336,136.8013153076172,0.4142259182193211,0.7069425792773061,-0.03629123719556837,-1.0449185073862697,-1.4252974199805604,1.4252974199805604,0.0035024239527050582,0.004349227100137575,0.838232099182794,-0.06707688367745313,118.51222261922143,7.0,0.13293650793650794,KO,PEP
2021-10-22,47.31800842285156,137.48023986816406,0.4142259182193211,0.7069425792773061,-0.037952756720792014,-1.0997681606773844,-1.0449185073862697,1.0449185073862697,0.0042582950278267084,0.004498274375225414,0.828379176861049,-0.06281858864962642,61.11510784861602,8.0,0.15674603174603174,KO,PEP
2021-10-25,47.12682723999024,136.83567810058594,0.4142259182193211,0.7069425792773061,-0.038679067574153514,-1.1081247319919099,-1.0997681606773844,1.0997681606773844,-0.0016615195252236425,0.004473199658245071,0.8308777740507729,-0.06448010817485006,74.003574514904,9.0,0.15674603174603174,KO,PEP
2021-10-26,47.33538436889648,138.51153564453125,0.4142259182193211,0.7069425792773061,-0.04286888325965732,-1.4354453905981601,-1.1081247319919099,1.1081247319919099,-0.0007263108533615004,0.004439641133542636,0.8315040816850163,-0.06520641902821156,72.22556051502305,10.0,0.1507936507936508,KO,PEP
2021-10-27,48.24786376953125,138.0302734375,0.4142259182193211,0.7069425792773061,-0.021314861479067027,0.6442890225965956,-1.4354453905981601,1.4354453905981601,-0.004189815685503806,0.003944168880864627,0.8305437836122467,-0.06939623471371537,111.18151576845541,11.0,0.1111111111111111,KO,PEP
2021-10-28,48.69975280761719,138.89830017089844,0.4142259182193211,0.7069425792773061,-0.016424267340399368,1.3390393175352293,0.6442890225965956,0.6442890225965956,0.021554021780590293,0.006236205964348399,0.7609179008375093,-0.04784221293312507,26.648549349876372,0.0,0.38095238095238093,KO,PEP
2021-10-29,48.98652267456055,138.881103515625,0.4142259182193211,0.7069425792773061,-0.01046547854474511,2.001036740065549,1.3390393175352293,1.3390393175352293,0.004890594138667659,0.006304360578239155,0.7459435070156831,-0.042951618794457413,26.20792126554961,1.0,0.4186507936507936,KO,PEP
2021-11-01,48.81272506713867,138.58889770507812,0.4142259182193211,0.7069425792773061,-0.012530678947138885,1.7112633360616418,2.001036740065549,2.001036740065549,0.005958788795654257,0.006208081159285202,0.7443693403186386,-0.036992829998803156,23.649899368821316,2.0,0.42063492063492064,KO,PEP
2021-11-02,48.75189208984375,139.8607940673828,0.4142259182193211,0.7069425792773061,-0.020236066965393817,0.878822562380573,1.7112633360616418,1.7112633360616418,-0.0020652004023937742,0.006211434497569793,0.7463127630072056,-0.03905803040119693,24.41090083775364,3.0,0.4186507936507936,KO,PEP
2021-11-03,48.9170036315918,141.20152282714844,0.4142259182193211,0.7069425792773061,-0.023599609970114788,0.5338459194382523,0.878822562380573,0.878822562380573,-0.007705388018254933,0.006433131928433066,0.7365678827602846,-0.04676341841945186,25.624988737709682,0.0,0.44246031746031744,KO,PEP
2021-11-04,49.18639755249024,141.21009826660156,0.4142259182193211,0.7069425792773061,-0.018150488450396907,1.157141474661793,0.5338459194382523,0.5338459194382523,-0.0033635430047209702,0.006328138131459119,0.7375684982213698,-0.048165534396063414,26.75677620640668,0.0,0.4365079365079365,KO,PEP
2021-11-05,49.394962310791016,142.66249084472656,0.4142259182193211,0.7069425792773061,-0.0211531594500598,0.8029129871919293,1.157141474661793,1.157141474661793,0.005449121519717881,0.00636695687898942,0.7345804698882743,-0.04271641287634553,24.865047681659703,1.0,0.4444444444444445,KO,PEP
2021-11-08,48.95177459716797,139.59439086914062,0.4142259182193211,0.7069425792773061,-0.01479660427700269,1.4734058358108717,0.8029129871919293,0.8029129871919293,-0.003002670999662893,0.006291956358495143,0.7361106876640977,-0.045719083876008426,26.63417155706381,0.0,0.4384920634920635,KO,PEP
2021-11-09,49.090816497802734,140.5225372314453,0.4142259182193211,0.7069425792773061,-0.016645064477751603,1.1846032986777977,1.4734058358108717,1.4734058358108717,0.00635655517305711,0.006429822878384512,0.7315117348936974,-0.036844577194500516,24.049452752621402,1.0,0.4603174603174603,KO,PEP
2021-11-10,49.29067993164063,140.9780731201172,0.4142259182193211,0.7069425792773061,-0.014870039171785532,1.2856467609553743,1.1846032986777977,1.1846032986777977,-0.0018484602007489137,0.006399817864503083,0.730701724200225,-0.03587886530990225,24.3915293097788,2.0,0.4563492063492064,KO,PEP
2021-11-11,49.30806350708008,139.81788635253906,0.4142259182193211,0.7069425792773061,-0.008675532811320608,1.7698707596079328,1.2856467609553743,1.2856467609553743,0.0017750253059660714,0.006292342551453925,0.7310416271434949,-0.027683227683958478,23.852869464945783,3.0,0.45039682539682546,KO,PEP
2021-11-12,49.19509506225586,139.7834930419922,0.4142259182193211,0.7069425792773061,-0.010795316082196749,1.4574156286714373,1.7698707596079328,1.7698707596079328,0.006194506360464924,0.0063972506449753224,0.7137738520346797,-0.01875151677829523,22.81482989124841,4.0,0.4801587301587301,KO,PEP
2021-11-15,49.20377349853516,140.77182006835938,0.4142259182193211,0.7069425792773061,-0.015599711635196911,0.960656486450957,1.4574156286714373,1.4574156286714373,-0.002119783270876141,0.0064293120285243595,0.7130042325174655,-0.02087130004917137,22.192165899619376,5.0,0.49404761904761907,KO,PEP
2021-11-16,48.856178283691406,140.35067749023438,0.4142259182193211,0.7069425792773061,-0.020571076679979594,0.47156369126543957,0.960656486450957,0.960656486450957,-0.0048043955530001625,0.006324133940049156,0.7081073786595132,-0.025675695602171533,19.204308710204817,0.0,0.48611111111111116,KO,PEP
2021-11-17,48.58677291870117,140.40225219726562,0.4142259182193211,0.7069425792773061,-0.026360322753940846,-0.09461979869643591,0.47156369126543957,0.47156369126543957,-0.004971365044782683,0.006320490301266027,0.7074983278999047,-0.030647060646954216,23.985154865825134,0.0,0.48809523809523814,KO,PEP
2021-11-18,48.15226364135742,140.44525146484375,0.4142259182193211,0.7069425792773061,-0.0355599784755829,-0.9638405654623441,-0.09461979869643591,0.09461979869643591,-0.005789246073961252,0.006471944264884843,0.6982628706706724,-0.03643630672091547,24.974190883505525,0.0,0.5218253968253967,KO,PEP
2021-11-19,47.90894317626953,140.78038024902344,0.4142259182193211,0.7069425792773061,-0.04231082428544486,-1.497473563925516,-0.9638405654623441,0.9638405654623441,-0.009199655721642053,0.006761145563108622,0.695611208895389,-0.04528710023134863,28.384237508980718,0.0,0.5376984126984127,KO,PEP
2021-11-22,48.20441436767578,141.07261657714844,0.4142259182193211,0.7069425792773061,-0.037628387707248745,-1.0113312478694738,-1.497473563925516,1.497473563925516,-0.006750845809861961,0.006914304584871763,0.6896265277938026,-0.05203794604121059,33.5589367137259,1.0,0.5575396825396826,KO,PEP
2021-11-23,48.56071472167969,142.01795959472656,0.4142259182193211,0.7069425792773061,-0.0349856214375599,-0.7462868994914176,-1.0113312478694738,1.0113312478694738,0.004682436578196114,0.006994441664409175,0.6873006340243745,-0.04735550946301448,23.272027463925706,2.0,0.5714285714285714,KO,PEP
2021-11-24,48.16964340209961,140.7202606201172,0.4142259182193211,0.7069425792773061,-0.036582037573396065,-0.8717191923819508,-0.7462868994914176,0.7462868994914176,0.0026427662696888454,0.0069455807805233975,0.6874071084808085,-0.04471274319332563,22.905210404675334,0.0,0.5654761904761905,KO,PEP
2021-11-26,46.69231796264648,138.4857635498047,0.4142259182193211,0.7069425792773061,-0.056415780202164534,-2.3182656913199233,-0.8717191923819508,0.8717191923819508,-0.001596416135836165,0.004971154265807598,0.6941441661346146,-0.0463091593291618,23.070349695975437,0.0,0.42063492063492064,KO,PEP
2021-11-29,47.43098831176758,141.06399536132812,0.4142259182193211,0.7069425792773061,-0.05376000809306003,-1.917643396163692,-2.3182656913199233,2.3182656913199233,-0.01983374262876847,0.006306327015665793,0.7094805757164852,-0.06614290195793027,38.85793628933869,1.0,0.4861111111111111,KO,PEP
2021-11-30,45.93343734741211,137.31700134277344,0.4142259182193211,0.7069425792773061,-0.0668104791447055,-2.527870269804411,-1.917643396163692,1.917643396163692,0.002655772109104504,0.006136719036923346,0.7287430335025663,-0.06215206141742424,32.461535441996965,2.0,0.44841269841269843,KO,PEP
2021-12-01,45.80208206176758,137.6435546875,0.4142259182193211,0.7069425792773061,-0.07135344675411437,-2.498883646359661,-2.527870269804411,2.527870269804411,-0.013050471051645474,0.006578913784572059,0.7722240253746306,-0.07300361329454486,50.26209259909299,3.0,0.3849206349206349,KO,PEP
2021-12-02,46.47640609741211,138.97164916992188,0.4142259182193211,0.7069425792773061,-0.06352665511434674,-1.8680645544763002,-2.498883646359661,2.498883646359661,-0.004542967609408866,0.0064945099566329455,0.7570346071370799,-0.07754658090395372,145.17123631258966,4.0,0.4444444444444444,KO,PEP
2021-12-03,46.88801574707031,142.51040649414062,0.4142259182193211,0.7069425792773061,-0.07248545273145313,-2.1273520067745584,-1.8680645544763002,1.8680645544763002,0.007826791639767627,0.006871896814161125,0.7517930281299905,-0.0697197892641861,55.61479423677997,5.0,0.4742063492063492,KO,PEP
2021-12-06,48.08780288696289,143.98992919921875,0.4142259182193211,0.7069425792773061,-0.054520541478999984,-1.1281407835800452,-2.1273520067745584,2.1273520067745584,-0.008958797617106384,0.006808525814827572,0.7432130788882881,-0.07867858688129248,252.0,6.0,0.49603174603174605,KO,PEP
2021-12-07,48.35053253173828,143.82553100585938,0.4142259182193211,0.7069425792773061,-0.048264270784295515,-0.7817995873180306,-1.1281407835800452,1.1281407835800452,0.017964911252453142,0.008163295249461735,0.7363768423623098,-0.060713675628839336,36.24795776839927,7.0,0.5555555555555556,KO,PEP
2021-12-08,48.16661834716797,144.07647705078125,0.4142259182193211,0.7069425792773061,-0.05330768595359325,-1.008289064945447,-0.7817995873180306,0.7817995873180306,0.006256270694704469,0.008158393806491825,0.7350991662565289,-0.05445740493413487,33.38896826628422,0.0,0.5595238095238095,KO,PEP
2021-12-09,48.04401779174805,143.894775390625,0.4142259182193211,0.7069425792773061,-0.054964152258043075,-1.0229189699830854,-1.008289064945447,1.008289064945447,-0.005043415169297738,0.00819147076504079,0.7364194495811044,-0.05895390849725901,34.98811925019446,1.0,0.5595238095238095,KO,PEP
2021-12-10,49.28759002685547,146.1962432861328,0.4142259182193211,0.7069425792773061,-0.040626897875174706,-0.27142562334801223,-1.0229189699830854,1.0229189699830854,-0.0016564663044498218,0.008149931064544898,0.736034915297436,-0.053167469785555976,34.438851629955415,2.0,0.5615079365079365,KO,PEP
2021-12-13,50.58370971679688,146.92300415039062,0.4142259182193211,0.7069425792773061,-0.018175240419501026,0.8876063947602911,-0.27142562334801223,0.27142562334801223,0.01433725438286837,0.00873196681756869,0.7462678314601003,-0.0319513650638541,23.269498325571995,0.0,0.5734126984126984,KO,PEP
2021-12-14,50.61873626708984,146.5596160888672,0.4142259182193211,0.7069425792773061,-0.01573236951813728,1.0243269807693436,0.8876063947602911,0.8876063947602911,0.02245165745567368,0.01018049520839925,0.7170782046357008,-0.009499707608180419,17.33765176490449,0.0,0.7083333333333333,KO,PEP
2021-12-15,50.84643173217773,148.44581604003906,0.4142259182193211,0.7069425792773061,-0.020284406036608083,0.7899519737325513,1.0243269807693436,1.0243269807693436,0.0024428709013637473,0.010145090782322662,0.714585382282968,-0.0070568367068166715,17.89600898681248,1.0,0.7083333333333333,KO,PEP
2021-12-16,51.36312484741211,148.662109375,0.4142259182193211,0.7069425792773061,-0.011203156769572065,1.212812686381431,0.7899519737325513,0.7899519737325513,-0.004552036518470803,0.010135237235978192,0.7119536681529502,-0.011608873225287475,18.582117718665277,0.0,0.7162698412698413,KO,PEP
2021-12-17,50.55743408203125,145.61656188964844,0.4142259182193211,0.7069425792773061,-0.012380561461035722,1.1326126217911736,1.212812686381431,1.212812686381431,0.009081249267036018,0.01022724674510532,0.7072178103002617,-0.002527623958251457,19.074321720060887,1.0,0.7321428571428571,KO,PEP
2021-12-20,50.39104080200195,146.58558654785156,0.4142259182193211,0.7069425792773061,-0.020366021407280055,0.7309666430875248,1.1326126217911736,1.1326126217911736,-0.0011774046914636571,0.009983253105809893,0.7220865961057966,-0.003705028649715114,19.128705568044268,2.0,0.6884920634920635,KO,PEP
2021-12-21,50.592472076416016,146.15298461914062,0.4142259182193211,0.7069425792773061,-0.01428722022291451,1.0331639678710751,0.7309666430875248,0.7309666430875248,-0.007985459946244333,0.01003565158045664,0.7162185618137318,-0.011690488595959447,19.47478487612307,0.0,0.6964285714285714,KO,PEP
2021-12-22,50.9515266418457,147.0614776611328,0.4142259182193211,0.7069425792773061,-0.011596072530910995,1.1492186589537234,1.0331639678710751,1.0331639678710751,0.006078801184365545,0.01006516487224164,0.7109753785492563,-0.005611687411593902,18.909764681877054,1.0,0.7142857142857143,KO,PEP
2021-12-23,50.98655319213867,146.89707946777344,0.4142259182193211,0.7069425792773061,-0.010118135867605904,1.2042165550354411,1.1492186589537234,1.1492186589537234,0.002691147692003515,0.01006552506212635,0.7018895943083009,-0.002920539719590387,19.613826334102704,2.0,0.7301587301587302,KO,PEP
2021-12-27,51.36312484741211,148.3592987060547,0.4142259182193211,0.7069425792773061,-0.00976171299698203,1.226223039834644,1.2042165550354411,1.2042165550354411,0.0014779366633050905,0.010045566915450806,0.7007630895420864,-0.0014426030562852965,19.176124748474837,3.0,0.7281746031746031,KO,PEP
2021-12-28,51.56455993652344,149.12933349609375,0.4142259182193211,0.7069425792773061,-0.009507379819801098,1.2334880168194018,1.226223039834644,1.226223039834644,0.0003564228706238737,0.008806829137067082,0.6954533380763269,-0.0010861801856614228,19.5668136072068,4.0,0.6626984126984128,KO,PEP
2021-12-29,51.6258659362793,149.65711975097656,0.4142259182193211,0.7069425792773061,-0.010816704694656565,1.1519784207539816,1.2334880168194018,1.2334880168194018,0.00025433317718093207,0.008817969416889908,0.6978967755136259,-0.0008318470084804908,18.81930824287972,5.0,0.6587301587301588,KO,PEP
2021-12-30,51.47697448730469,149.39755249023438,0.4142259182193211,0.7069425792773061,-0.012477724090490305,1.0461113442444436,1.1519784207539816,1.1519784207539816,-0.0013093248748554664,0.008147640291208885,0.6983510124159027,-0.002141171883335957,18.638417807633697,6.0,0.6150793650793651,KO,PEP
2021-12-31,51.853553771972656,150.29739379882812,0.4142259182193211,0.7069425792773061,-0.009434099709120236,1.1417987636116596,1.0461113442444436,1.0461113442444436,-0.0016610193958337405,0.008041296163964347,0.7002170256590758,-0.0038021912791696977,19.443195186152643,7.0,0.6111111111111112,KO,PEP
2022-01-03,51.932373046875,149.66575622558594,0.4142259182193211,0.7069425792773061,-0.004937970931040425,1.2691252100408184,1.1417987636116596,1.1417987636116596,0.003043624381370069,0.00796326305724956,0.702254367026688,-0.0007585668977996285,17.841830235392194,8.0,0.6011904761904762,KO,PEP
2022-01-04,52.79937362670898,149.88206481933594,0.4142259182193211,0.7069425792773061,0.010598011955834874,1.797636142898565,1.2691252100408184,1.2691252100408184,0.004496128778079811,0.00750464323688488,0.7018592158556456,0.0,17.696442094862295,9.0,0.6051587301587301,KO,PEP
2022-01-05,53.23725509643555,150.392578125,0.4142259182193211,0.7069425792773061,0.016453293849270967,1.8553150349204566,1.797636142898565,1.797636142898565,0.0155359828868753,0.007284002831609094,0.6925481076005535,0.0,19.060111555215858,10.0,0.626984126984127,KO,PEP
2022-01-06,52.95700454711914,150.4271697998047,0.4142259182193211,0.7069425792773061,0.011012623589810477,1.5095315895180865,1.8553150349204566,1.8553150349204566,0.005855281893436093,0.007276264458948864,0.6920030057181432,0.0,23.318198749679148,11.0,0.628968253968254,KO,PEP
2022-01-07,52.83441162109375,150.61749267578125,0.4142259182193211,0.7069425792773061,0.007801118122160222,1.2899738936095606,1.5095315895180865,1.5095315895180865,-0.005440670259460489,0.007299343783692314,0.6926461872877376,-0.005440670259460489,21.53618725384863,12.0,0.6309523809523809,KO,PEP
2022-01-10,52.92197799682617,150.6953582763672,0.4142259182193211,0.7069425792773061,0.009091742334108588,1.2508371745316944,1.2899738936095606,1.2899738936095606,-0.0032115054676502552,0.007358870269594663,0.6954323489231546,-0.008652175727110745,18.849754019327477,13.0,0.626984126984127,KO,PEP
2022-01-11,52.939491271972656,150.6261444091797,0.4142259182193211,0.7069425792773061,0.009747384823672434,1.1924821425445868,1.2508371745316944,1.2508371745316944,0.0012906242119483657,0.006901250175127209,0.6940083123020186,-0.007361551515162379,19.181067679877327,14.0,0.6150793650793651,KO,PEP
2022-01-12,53.018310546875,150.4617919921875,0.4142259182193211,0.7069425792773061,0.01200691953544597,1.210804132205687,1.1924821425445868,1.1924821425445868,0.0006556424895638457,0.005164840430015981,0.6931691525415116,-0.006705909025598533,19.048267353354902,15.0,0.4920634920634921,KO,PEP
2022-01-13,53.33357620239258,150.70401000976562,0.4142259182193211,0.7069425792773061,0.016798521146742296,1.3416783989084944,1.210804132205687,1.210804132205687,0.0022595347117735365,0.005163136906896602,0.6900031632665979,-0.004446374313824997,18.99489758089529,16.0,0.5059523809523809,KO,PEP
2022-01-14,53.7627067565918,151.9672393798828,0.4142259182193211,0.7069425792773061,0.018911456270962468,1.3632159376818946,1.3416783989084944,1.3416783989084944,0.0047916016112963256,0.005025506429001314,0.6945121953599592,0.0,19.974939637732096,17.0,0.48611111111111116,KO,PEP
2022-01-18,53.33357620239258,150.5137176513672,0.4142259182193211,0.7069425792773061,0.01769173410338931,1.297125680305386,1.3632159376818946,1.3632159376818946,0.002112935124220172,0.0047461688889198755,0.6942983882840266,0.0,21.297038566898536,18.0,0.4523809523809524,KO,PEP
2022-01-19,53.42115783691406,151.59519958496094,0.4142259182193211,0.7069425792773061,0.014271123130828567,1.0930104916155436,1.297125680305386,1.297125680305386,-0.0012197221675731562,0.004747373856696758,0.699715223882761,-0.0012197221675731562,19.904188849214925,19.0,0.44047619047619047,KO,PEP
2022-01-20,53.20222854614258,150.4964141845703,0.4142259182193211,0.7069425792773061,0.015307215904253102,1.0933694557252513,1.0930104916155436,1.0930104916155436,-0.0034206109725607448,0.004381293978469734,0.6979734043592535,-0.004640333140133901,19.248188620265957,20.0,0.39880952380952384,KO,PEP
2022-01-21,52.939491271972656,150.73861694335938,0.4142259182193211,0.7069425792773061,0.00921970782025916,0.7478830886697008,1.0933694557252513,1.0933694557252513,0.001036092773424535,0.004267501959665881,0.6979583185387159,-0.003604240366709366,19.338379760850305,21.0,0.3948412698412698,KO,PEP
2022-01-24,52.51036834716797,149.9686279296875,0.4142259182193211,0.7069425792773061,0.004701156059156109,0.446879749930188,0.7478830886697008,0.7478830886697008,-0.006087508083993942,0.004561653401949782,0.6993273861548563,-0.009691748450703308,18.146425387037684,0.0,0.4305555555555556,KO,PEP
2022-01-25,52.38776397705078,148.24681091308594,0.4142259182193211,0.7069425792773061,0.010527055216836612,0.8179660373853698,0.446879749930188,0.446879749930188,-0.004518551761103051,0.004717472381203227,0.7367996740517648,-0.01421030021180636,17.862665464327957,0.0,0.35317460317460314,KO,PEP
2022-01-26,52.19510269165039,146.68077087402344,0.4142259182193211,0.7069425792773061,0.014350354253923392,1.0408273047554735,0.8179660373853698,0.8179660373853698,0.005825899157680503,0.004844088366039013,0.7301757795172833,-0.008384401054125856,17.247637119422325,0.0,0.39880952380952384,KO,PEP
2022-01-27,52.23888397216797,146.5423126220703,0.4142259182193211,0.7069425792773061,0.01585643168287998,1.0847526939614123,1.0408273047554735,1.0408273047554735,0.0038232990370867803,0.004878416260155232,0.7311631682466857,-0.004561102017039076,17.113626578897676,1.0,0.39285714285714285,KO,PEP
2022-01-28,53.28104019165039,149.39755249023438,0.4142259182193211,0.7069425792773061,0.021968214709644496,1.4728152322231514,1.0847526939614123,1.0847526939614123,0.001506077428956587,0.004844685775604704,0.7303920740664783,-0.003055024588082489,17.194161245871804,2.0,0.4027777777777778,KO,PEP
2022-01-31,53.42992401123047,150.1329803466797,0.4142259182193211,0.7069425792773061,0.021287154761270077,1.3229806315610126,1.4728152322231514,1.4728152322231514,0.006111783026764517,0.004900312167808514,0.7542495981942159,0.0,17.689730587276067,3.0,0.34325396825396826,KO,PEP
2022-02-01,53.03583526611328,149.11199951171875,0.4142259182193211,0.7069425792773061,0.018708004714745652,1.051562376667805,1.3229806315610126,1.3229806315610126,-0.0006810599483744184,0.004917304857832493,0.7566420326461547,-0.0006810599483744184,18.635273323459618,4.0,0.3412698412698413,KO,PEP
2022-02-02,53.57879638671875,151.82015991210938,0.4142259182193211,0.7069425792773061,0.016169348707978592,0.8057802509242891,1.051562376667805,1.051562376667805,-0.0025791500465244255,0.004946047653785488,0.7611367814136611,-0.003260209994898844,17.437760782224135,5.0,0.33134920634920634,KO,PEP
2022-02-03,53.95536804199219,151.733642578125,0.4142259182193211,0.7069425792773061,0.02357611400917392,1.3588006648664923,0.8057802509242891,0.8057802509242891,-0.0025386560067670594,0.0037466676959767653,0.763281956991187,-0.005798866001665903,16.701355209087414,0.0,0.20238095238095238,KO,PEP
2022-02-04,53.38613510131836,149.24180603027344,0.4142259182193211,0.7069425792773061,0.024676105254245684,1.3743011019998252,1.3588006648664923,1.3588006648664923,0.007406765301195328,0.0038751869888153834,0.7640122531585943,0.0,18.89285471222135,1.0,0.20238095238095238,KO,PEP
2022-02-07,53.94661712646485,148.65345764160156,0.4142259182193211,0.7069425792773061,0.037912472874422676,2.291268773978419,1.3743011019998252,1.3743011019998252,0.001099991245071763,0.003641103978359693,0.7697013507328683,0.0,20.206448729705563,2.0,0.17063492063492064,KO,PEP
2022-02-08,54.29691696166992,148.83514404296875,0.4142259182193211,0.7069425792773061,0.04352142662487335,2.456148086636823,2.291268773978419,2.291268773978419,0.013236367620176992,0.00443869505790354,0.7557530469771622,0.0,30.941444449162105,3.0,0.2936507936507936,KO,PEP
2022-02-09,53.45619201660156,148.76596069335938,0.4142259182193211,0.7069425792773061,0.028245142811729185,1.1826264943945686,2.456148086636823,2.456148086636823,0.005608953750450674,0.004527137362020932,0.7591333942237226,0.0,46.20985140589929,4.0,0.2936507936507936,KO,PEP
2022-02-10,53.753944396972656,145.67710876464844,0.4142259182193211,0.7069425792773061,0.04863260514798107,2.5488156301564535,1.1826264943945686,1.1826264943945686,-0.015276283813144165,0.005852333891049692,0.747665294875303,-0.015276283813144165,25.521095176072325,5.0,0.4484126984126984,KO,PEP
2022-02-11,52.79937362670898,145.85879516601562,0.4142259182193211,0.7069425792773061,0.029833744923406513,1.0546473631119615,2.5488156301564535,2.5488156301564535,0.020387462336251883,0.0072304068801305335,0.7037199161489112,0.0,49.908102951658115,6.0,0.6527777777777778,KO,PEP
2022-02-14,53.14091873168945,144.2322235107422,0.4142259182193211,0.7069425792773061,0.044209536274056216,2.118582430770692,1.0546473631119615,1.0546473631119615,-0.018798860224574554,0.008469325717465706,0.6835280307540937,-0.018798860224574554,23.174072648358525,7.0,0.7559523809523809,KO,PEP
2022-02-15,53.34234237670898,143.59193420410156,0.4142259182193211,0.7069425792773061,0.05113805198158605,2.441328288851577,2.118582430770692,2.118582430770692,0.014375791350649703,0.008981326891506651,0.6667604462944341,-0.004423068873924851,31.407351625121233,8.0,0.8035714285714286,KO,PEP
2022-02-16,53.33357620239258,143.88612365722656,0.4142259182193211,0.7069425792773061,0.04952680657340025,2.0629728809070804,2.441328288851577,2.441328288851577,0.0069285157075298365,0.009043970632407831,0.6683949108553328,0.0,48.85291531453397,9.0,0.8015873015873016,KO,PEP
2022-02-17,54.40200805664063,144.2754364013672,0.4142259182193211,0.7069425792773061,0.06745160042089893,2.8099196459836,2.0629728809070804,2.0629728809070804,-0.0016112454081858019,0.009001522861625224,0.6720583285285108,-0.0016112454081858019,45.76116698125524,10.0,0.7876984126984127,KO,PEP
2022-02-18,54.76982116699219,145.10606384277344,0.4142259182193211,0.7069425792773061,0.07013150553269387,2.54618216398554,2.8099196459836,2.8099196459836,0.017924793847498677,0.009661701045174617,0.6636391387077097,0.0,252.0,11.0,0.8154761904761905,KO,PEP
2022-02-22,54.54212951660156,145.6597900390625,0.4142259182193211,0.7069425792773061,0.0632730277919884,1.944326555654086,2.54618216398554,2.54618216398554,0.0026799051117949446,0.009453922374509592,0.6632787883259509,0.0,252.0,12.0,0.8154761904761905,KO,PEP
2022-02-23,53.9378547668457,144.22352600097656,0.4142259182193211,0.7069425792773061,0.05913748481767689,1.5839301831275177,1.944326555654086,1.944326555654086,-0.006858477740705471,0.009560683864872603,0.6527001798348964,-0.006858477740705471,108.15940455207236,13.0,0.8392857142857143,KO,PEP
2022-02-24,52.99203109741211,141.7144012451172,0.4142259182193211,0.7069425792773061,0.05385374110133512,1.216582297520985,1.5839301831275177,1.5839301831275177,-0.004135542974311512,0.009655774563941198,0.6386755846945715,-0.010994020715016983,72.63815564096045,14.0,0.8531746031746031,KO,PEP
2022-02-25,55.04131317138672,145.6857452392578,0.4142259182193211,0.7069425792773061,0.0722576986516823,1.969711681811002,1.216582297520985,1.216582297520985,-0.005283743716341771,0.009793116958875168,0.6472611269977429,-0.016277764431358754,55.094117788199306,15.0,0.8630952380952381,KO,PEP
2022-02-28,54.50709533691406,141.67117309570312,0.4142259182193211,0.7069425792773061,0.0822587549776781,2.1814781896987014,1.969711681811002,1.969711681811002,0.018403957550347183,0.010424756382126263,0.6475758719261262,0.0,252.0,16.0,0.8948412698412698,KO,PEP
2022-03-01,54.27064895629883,140.39926147460938,0.4142259182193211,0.7069425792773061,0.08428695028873445,2.0328958759463007,2.1814781896987014,2.1814781896987014,0.010001056325995794,0.010520184960106156,0.6544847770737335,0.0,252.0,17.0,0.8849206349206349,KO,PEP
2022-03-02,54.67349624633789,142.34600830078125,0.4142259182193211,0.7069425792773061,0.08194748566008947,1.7601077146199164,2.0328958759463007,2.0328958759463007,0.0020281953110563578,0.010489123690587406,0.6519943801955703,0.0,252.0,18.0,0.8888888888888888,KO,PEP
2022-03-03,54.7085189819336,142.19361877441406,0.4142259182193211,0.7069425792773061,0.08334508812585639,1.6688602307951292,1.7601077146199164,1.7601077146199164,-0.0023394646286449827,0.010482706019984354,0.6628943908759775,-0.0023394646286449827,252.0,19.0,0.8650793650793651,KO,PEP
2022-03-04,54.79609680175781,144.35345458984375,0.4142259182193211,0.7069425792773061,0.07428731762485485,1.2198651901758886,1.6688602307951292,1.6688602307951292,0.0013976024657669228,0.010410532233163784,0.6564823312499546,-0.0009418621628780599,252.0,20.0,0.873015873015873,KO,PEP
2022-03-07,53.49121475219727,141.4794464111328,0.4142259182193211,0.7069425792773061,0.06440267104501007,0.7719793104112496,1.2198651901758886,1.2198651901758886,-0.009057770501001539,0.01070470539409199,0.6434640371294836,-0.009999632663879598,252.0,21.0,0.9027777777777777,KO,PEP
2022-03-08,51.37188720703125,137.4906768798828,0.4142259182193211,0.7069425792773061,0.04419370728678551,-0.10680105217687626,0.7719793104112496,0.7719793104112496,-0.00988464657984478,0.01104079235355507,0.6735212127154773,-0.01988427924372438,103.17366478621993,0.0,0.8392857142857143,KO,PEP
2022-03-09,51.63460922241211,137.08135986328125,0.4142259182193211,0.7069425792773061,0.051402539408486714,0.14861232306668368,-0.10680105217687626,0.10680105217687626,-0.020208963758224563,0.011722030563175495,0.7174561779584465,-0.04009324300194894,45.92603782663539,0.0,0.7341269841269842,KO,PEP
2022-03-10,50.68880844116211,134.5644073486328,0.4142259182193211,0.7069425792773061,0.04601634078030514,-0.14353761140954394,0.14861232306668368,0.14861232306668368,0.007208832121701203,0.011763277619813994,0.7012555825279917,-0.03288441088024774,54.88011417404133,0.0,0.7797619047619048,KO,PEP
2022-03-11,50.72382354736328,133.88511657714844,0.4142259182193211,0.7069425792773061,0.050284622789515065,0.0009717238056781316,-0.14353761140954394,0.14353761140954394,-0.005386198628181571,0.01129259739566659,0.7234961430896784,-0.03827060950842931,47.28485273297563,0.0,0.7281746031746033,KO,PEP
2022-03-14,51.65923309326172,135.7662811279297,0.4142259182193211,0.7069425792773061,0.058694048906287044,0.3590848440192329,0.0009717238056781316,0.0009717238056781316,0.004268282009209923,0.010413162452775553,0.7226643199350504,-0.03400232749921939,51.8505734442003,0.0,0.7182539682539683,KO,PEP
2022-03-15,52.61228942871094,138.47482299804688,0.4142259182193211,0.7069425792773061,0.06301014959606022,0.5233381366996562,0.3590848440192329,0.3590848440192329,0.008409426116771979,0.00960336125542362,0.7357409388086287,-0.02559290138244741,64.33008414422503,0.0,0.6369047619047619,KO,PEP
2022-03-16,52.47110366821289,139.08447265625,0.4142259182193211,0.7069425792773061,0.05721747336728855,0.16693170905486504,0.5233381366996562,0.5233381366996562,0.004316100689773172,0.009166321509976927,0.7485369064463652,-0.021276800692674236,72.99908549100734,0.0,0.6011904761904762,KO,PEP
2022-03-17,53.02704620361328,140.1643829345703,0.4142259182193211,0.7069425792773061,0.06228915133168389,0.38925722151165565,0.16693170905486504,0.16693170905486504,-0.005792676228771665,0.009170073482017828,0.7347140135217222,-0.0270694769214459,57.49130182679629,0.0,0.6408730158730158,KO,PEP
2022-03-18,53.03587341308594,141.77557373046875,0.4142259182193211,0.7069425792773061,0.05437564372082493,-0.14839079299047997,0.38925722151165565,0.38925722151165565,0.005071677964395338,0.00921584194459206,0.7449439669506291,-0.021997798957050563,67.23339514892257,0.0,0.6150793650793651,KO,PEP
2022-03-21,53.45945739746094,141.5752410888672,0.4142259182193211,0.7069425792773061,0.06333029826416237,0.3610719908420128,-0.14839079299047997,0.14839079299047997,-0.00791350761085896,0.008483970365315984,0.7381716412080463,-0.029911306567909524,48.32925288758002,0.0,0.6051587301587302,KO,PEP
2022-03-22,53.653594970703125,143.12547302246094,0.4142259182193211,0.7069425792773061,0.05925634970088822,0.037175361535061235,0.3610719908420128,0.3610719908420128,0.008954654543337437,0.008714342261292933,0.7336501249353173,-0.020956652024572087,58.41642277365202,0.0,0.6349206349206349,KO,PEP
2022-03-23,53.30061721801758,142.37646484375,0.4142259182193211,0.7069425792773061,0.0563650919483627,-0.1997863943079373,0.037175361535061235,0.037175361535061235,-0.0040739485632741435,0.008630931863902853,0.7309193739920316,-0.02503060058784623,51.269218158176535,0.0,0.6428571428571428,KO,PEP
2022-03-24,53.81243896484375,143.2386932373047,0.4142259182193211,0.7069425792773061,0.0616535131453988,0.10874633442775136,-0.1997863943079373,0.1997863943079373,-0.0028912577525255223,0.008606795947154544,0.7303345832894516,-0.027921858340371752,52.538616750458225,0.0,0.6507936507936508,KO,PEP
2022-03-25,54.29778289794922,143.9093017578125,0.4142259182193211,0.7069425792773061,0.06733025204257181,0.5107322830887885,0.10874633442775136,0.10874633442775136,0.005288421197036097,0.008599217018224744,0.7319926757889663,-0.022633437143335655,60.648804767794125,0.0,0.6349206349206349,KO,PEP
2022-03-28,54.64194488525391,144.3360595703125,0.4142259182193211,0.7069425792773061,0.07155535542566449,0.8176434993481777,0.5107322830887885,0.5107322830887885,0.005676738897173017,0.007662500287813707,0.7338715276698289,-0.016956698246162638,68.20825486093564,0.0,0.6071428571428571,KO,PEP
2022-03-29,54.85373306274414,146.47850036621094,0.4142259182193211,0.7069425792773061,0.0650074614544045,0.1874166254086659,0.8176434993481777,0.8176434993481777,0.0042251033830926765,0.007374260751366076,0.7345680028713034,-0.012731594863069962,70.45570135917811,0.0,0.6051587301587301,KO,PEP
2022-03-30,54.89786148071289,146.27818298339844,0.4142259182193211,0.7069425792773061,0.06677905674528084,0.30867612815134343,0.1874166254086659,0.1874166254086659,-0.006547893971259988,0.007461564766973093,0.7270313481425309,-0.01927948883432995,53.960885825889335,0.0,0.6468253968253967,KO,PEP
2022-03-31,54.71255111694336,145.7730255126953,0.4142259182193211,0.7069425792773061,0.06584338141122004,0.1747000016500307,0.30867612815134343,0.30867612815134343,0.0017715952908763377,0.007477450445369502,0.7279963096001565,-0.017507893543453612,60.61944080745691,0.0,0.6448412698412698,KO,PEP
2022-04-01,55.48028945922852,147.84580993652344,0.4142259182193211,0.7069425792773061,0.0697966547666029,0.5485296086460623,0.1747000016500307,0.1747000016500307,-0.0009356753340608037,0.007461085959257225,0.7358849722631249,-0.018443568877514416,59.00879354463945,0.0,0.5992063492063492,KO,PEP
2022-04-04,55.189083099365234,147.462646484375,0.4142259182193211,0.7069425792773061,0.06636852627435852,0.23056040727774904,0.5485296086460623,0.5485296086460623,0.003953273355382869,0.007284395725978257,0.7417844682955483,-0.014490295522131547,61.167932322225944,0.0,0.5753968253968254,KO,PEP
2022-04-05,55.1273078918457,147.61935424804688,0.4142259182193211,0.7069425792773061,0.06449769671023065,0.04494657083255008,0.23056040727774904,0.23056040727774904,-0.0034281284922443866,0.006986090903037595,0.7436601440462599,-0.017918424014375933,51.754604798498754,0.0,0.5634920634920635,KO,PEP
2022-04-06,55.683250427246094,150.1363067626953,0.4142259182193211,0.7069425792773061,0.06257991907820148,-0.15295181740361166,0.04494657083255008,0.04494657083255008,-0.0018708295641278738,0.005247798296431768,0.744235773007064,-0.019789253578503807,49.63289587570955,0.0,0.4305555555555556,KO,PEP
2022-04-07,55.98329162597656,150.27566528320312,0.4142259182193211,0.7069425792773061,0.06729792105709587,0.26747671380740423,-0.15295181740361166,0.15295181740361166,-0.0019177776320291606,0.005083622026660737,0.7461271386712361,-0.021707031210532968,46.784355305309035,0.0,0.4186507936507936,KO,PEP
2022-04-08,56.32745742797852,150.78077697753906,0.4142259182193211,0.7069425792773061,0.07105453849888921,0.6453707799276841,0.26747671380740423,0.26747671380740423,0.004718001978894382,0.004968470957295635,0.7457131490758797,-0.016989029231638586,45.219299594774,0.0,0.4087301587301587,KO,PEP
2022-04-11,56.30979919433594,150.31922912597656,0.4142259182193211,0.7069425792773061,0.07290830393994785,0.8976339766789038,0.6453707799276841,0.6453707799276841,0.0037566174417933418,0.004953200124105597,0.7462512438474755,-0.013232411789845244,43.454006093546035,0.0,0.4027777777777778,KO,PEP
2022-04-12,56.971656799316406,150.92881774902344,0.4142259182193211,0.7069425792773061,0.08173256330727963,1.8530057308860566,0.8976339766789038,0.8976339766789038,0.0018537654410586413,0.004662987485005929,0.7464650768058195,-0.011378646348786603,46.160068973602186,0.0,0.3551587301587302,KO,PEP
2022-04-13,57.12167739868164,150.6675567626953,0.4142259182193211,0.7069425792773061,0.08558714508436438,2.1896897556764405,1.8530057308860566,1.8530057308860566,0.008824259367331777,0.004932969123527509,0.744198633966667,-0.002554386981454826,57.93190563298705,1.0,0.4107142857142857,KO,PEP
2022-04-14,57.37758255004883,149.70953369140625,0.4142259182193211,0.7069425792773061,0.09456660279324502,2.813915473632582,2.1896897556764405,2.1896897556764405,0.0038545817770847535,0.004718426196044308,0.7409216548039385,0.0,59.79700311686195,2.0,0.3948412698412699,KO,PEP
2022-04-18,56.86575698852539,148.420654296875,0.4142259182193211,0.7069425792773061,0.09171883370134504,2.287928001152728,2.813915473632582,2.813915473632582,0.008979457708880645,0.004941304882040001,0.7380856970353298,0.0,73.91923946985467,3.0,0.43253968253968256,KO,PEP
2022-04-19,57.42171096801758,150.5804901123047,0.4142259182193211,0.7069425792773061,0.09123457375033484,2.0119449679982235,2.287928001152728,2.287928001152728,-0.0028477690918999876,0.004561699609716295,0.7397154398988007,-0.0028477690918999876,57.94998180694927,4.0,0.38095238095238093,KO,PEP
2022-04-20,58.20709609985352,152.8187255859375,0.4142259182193211,0.7069425792773061,0.09438867836740972,2.0793550551333118,2.0119449679982235,2.0119449679982235,-0.0004842599510102019,0.0042838300542330406,0.7448847049909932,-0.0033320290429101895,101.24152168969763,5.0,0.31547619047619047,KO,PEP
2022-04-21,58.42770385742188,152.27001953125,0.4142259182193211,0.7069425792773061,0.10071445690866243,2.281030567669351,2.0793550551333118,2.0793550551333118,0.003154104617074882,0.004108489511694295,0.749151284674181,-0.00017792442583530743,129.88703881199552,6.0,0.27976190476190477,KO,PEP
2022-04-22,57.58053970336914,149.92727661132812,0.4142259182193211,0.7069425792773061,0.09707012624358846,1.8700486771041076,2.281030567669351,2.281030567669351,0.0063257785412527134,0.004078115627180073,0.748650991768264,0.0,252.0,7.0,0.2777777777777778,KO,PEP
2022-04-25,58.18944549560547,151.31204223632812,0.4142259182193211,0.7069425792773061,0.10108992952071949,1.974661070816575,1.8700486771041076,1.8700486771041076,-0.0036443306650739693,0.004204525972472368,0.7560266324861686,-0.0036443306650739693,151.01725966719127,8.0,0.2599206349206349,KO,PEP
2022-04-26,57.404056549072266,150.92881774902344,0.4142259182193211,0.7069425792773061,0.08929364069190449,1.0752619566433366,1.974661070816575,1.974661070816575,0.004019803277131029,0.0041426154778108825,0.7581874035777855,0.0,145.719108324698,9.0,0.24603174603174605,KO,PEP
2022-04-27,57.854103088378906,152.2787322998047,0.4142259182193211,0.7069425792773061,0.09080822636426777,1.1034888562313445,1.0752619566433366,1.0752619566433366,-0.011796288828815005,0.005028815190664061,0.7430905658457402,-0.011796288828815005,72.90445548390925,10.0,0.45634920634920634,KO,PEP
2022-04-28,58.410064697265625,154.586669921875,0.4142259182193211,0.7069425792773061,0.08973802030178035,0.9643273516553499,1.1034888562313445,1.1034888562313445,0.001514585672363289,0.004730999172742273,0.7448246847268559,-0.010281703156451716,82.31958223180628,11.0,0.38690476190476186,KO,PEP
2022-04-29,57.015769958496094,149.5440673828125,0.4142259182193211,0.7069425792773061,0.08902259883912755,0.8550313531110136,0.9643273516553499,0.9643273516553499,-0.0010702060624874221,0.004757006031678743,0.744440844525073,-0.011351909218939138,72.81125851190508,0.0,0.39682539682539686,KO,PEP
2022-05-02,55.98329162597656,146.10400390625,0.4142259182193211,0.7069425792773061,0.0872002297544241,0.67546815504215,0.8550313531110136,0.8550313531110136,-0.0007154214626527988,0.004752422338123667,0.7642529745922308,-0.012067330681591937,78.21776355914739,0.0,0.2976190476190476,KO,PEP
2022-05-03,55.66561126708984,146.3043212890625,0.4142259182193211,0.7069425792773061,0.08054091468185476,0.1553314045552119,0.67546815504215,0.67546815504215,-0.0018223690847034568,0.0047493294546025865,0.7759420048124381,-0.013889699766295394,70.16293110529838,0.0,0.2599206349206349,KO,PEP
2022-05-04,57.38639831542969,151.4165496826172,0.4142259182193211,0.7069425792773061,0.08670515316774852,0.5588778380727206,0.1553314045552119,0.1553314045552119,-0.006659315072569338,0.004943775930919172,0.7696035081147851,-0.020549014838864732,60.74484171457022,0.0,0.3055555555555555,KO,PEP
2022-05-05,56.92752456665039,148.3944854736328,0.4142259182193211,0.7069425792773061,0.09292909982796749,0.976279263463444,0.5588778380727206,0.5588778380727206,0.006164238485893758,0.005043314958926779,0.798827941037645,-0.014384776352970974,73.86798281749084,0.0,0.27976190476190477,KO,PEP
2022-05-06,57.13048553466797,148.41192626953125,0.4142259182193211,0.7069425792773061,0.09640492929267719,1.177447554501942,0.976279263463444,0.976279263463444,0.006223946660218971,0.005110602087761095,0.7982671931833596,-0.008160829692752003,81.27919009963719,0.0,0.2896825396825397,KO,PEP
2022-05-09,57.015769958496094,149.535400390625,0.4142259182193211,0.7069425792773061,0.08906357166724543,0.5403741121423823,1.177447554501942,1.177447554501942,0.003475829464709701,0.005078777726831734,0.8081294412954049,-0.004685000228042302,79.6965278890992,1.0,0.26785714285714285,KO,PEP
2022-05-10,56.48629760742188,149.35250854492188,0.4142259182193211,0.7069425792773061,0.08059893215464209,-0.1782241891584771,0.5403741121423823,0.5403741121423823,-0.007341357625431755,0.005393550100768989,0.8307254967179132,-0.012026357853474057,59.216329432844255,0.0,0.2777777777777778,KO,PEP
2022-05-11,56.75103378295898,148.629638671875,0.4142259182193211,0.7069425792773061,0.08870464319827587,0.4428797787372815,-0.1782241891584771,0.1782241891584771,-0.008464639512603345,0.005758820648466493,0.8444364018318352,-0.0204909973660774,46.15191480501678,0.0,0.2857142857142857,KO,PEP
2022-05-12,56.92752456665039,148.40318298339844,0.4142259182193211,0.7069425792773061,0.0928876666184637,0.7471147554278953,0.4428797787372815,0.4428797787372815,0.008105711043633779,0.005708073653087948,0.8537794680617595,-0.012385286322443623,43.287973963150726,0.0,0.2757936507936508,KO,PEP
2022-05-13,57.995304107666016,151.2946014404297,0.4142259182193211,0.7069425792773061,0.09782947327037794,1.1178890626433764,0.7471147554278953,0.7471147554278953,0.004183023420187837,0.005718599457061017,0.8556811370618213,-0.008202262902255786,39.61528055788087,0.0,0.2757936507936508,KO,PEP
2022-05-16,58.20709609985352,152.8187255859375,0.4142259182193211,0.7069425792773061,0.09438867836740972,0.7516949462143876,1.1178890626433764,1.1178890626433764,0.004941806651914238,0.005477092987120375,0.860465841017056,-0.003260456250341548,43.97655045014413,1.0,0.2638888888888889,KO,PEP
2022-05-17,58.04825210571289,151.9390869140625,0.4142259182193211,0.7069425792773061,0.09573698570035782,0.8271039788663426,0.7516949462143876,0.7516949462143876,-0.003440794902968225,0.005494889194584623,0.8708586475602684,-0.006701251153309773,41.971531633347254,0.0,0.26587301587301587,KO,PEP
2022-05-18,54.00658416748047,142.5245361328125,0.4142259182193211,0.7069425792773061,0.06878831185695411,-1.8752360348791737,0.8271039788663426,0.8271039788663426,0.0013483073329481066,0.005499101690448388,0.8705887661481196,-0.005352943820361666,40.03261379392296,0.0,0.26785714285714285,KO,PEP
2022-05-19,52.94763946533203,140.3908233642578,0.4142259182193211,0.7069425792773061,0.05964938407553699,-2.7155764652825707,-1.8752360348791737,1.8752360348791737,-0.026948673843403714,0.008029102320357634,0.9101134934280019,-0.03230161766376538,23.18527327648091,1.0,0.4087301587301587,KO,PEP
2022-05-20,53.81243896484375,141.2704620361328,0.4142259182193211,0.7069425792773061,0.07143491113589917,-1.6116089397683122,-2.7155764652825707,2.7155764652825707,-0.009138927781417117,0.008004018166491189,0.9105661640443603,-0.0414405454451825,22.019554154736387,2.0,0.40674603174603174,KO,PEP
2022-05-23,55.471473693847656,144.2228546142578,0.4142259182193211,0.7069425792773061,0.08717713069767496,-0.08662126269561819,-1.6116089397683122,1.6116089397683122,0.011785527060362178,0.008539210841591774,0.9065762505156973,-0.02965501838482032,18.65006479517127,3.0,0.42857142857142855,KO,PEP
2022-05-24,56.49512100219727,146.15628051757812,0.4142259182193211,0.7069425792773061,0.09604832613076875,0.7962454132353158,-0.08662126269561819,0.08662126269561819,0.015742219561775794,0.009255271493624168,0.9041966821900785,-0.013912798823044525,17.48233637771781,0.0,0.4563492063492064,KO,PEP
2022-05-25,56.53924179077149,147.1577911376953,0.4142259182193211,0.7069425792773061,0.09200130759403313,0.3188767111349521,0.7962454132353158,0.7962454132353158,0.008871195433093781,0.009110827889052637,0.9139712088395034,-0.005041603389950744,18.903019529521632,0.0,0.44246031746031744,KO,PEP
2022-05-26,56.742218017578125,148.150634765625,0.4142259182193211,0.7069425792773061,0.09083130530151484,0.1708819092955616,0.3188767111349521,0.3188767111349521,-0.004047018536735614,0.009155430635378107,0.9132640640246883,-0.009088621926686358,15.474057538011795,0.0,0.4444444444444444,KO,PEP
2022-05-27,57.07755279541016,149.59632873535156,0.4142259182193211,0.7069425792773061,0.08985860883046737,0.0811689420918066,0.1708819092955616,0.1708819092955616,-0.0011700022925182907,0.009156072234504329,0.9139402666243397,-0.010258624219204648,18.179426204968987,0.0,0.4444444444444444,KO,PEP
2022-05-31,55.93034744262695,146.0952911376953,0.4142259182193211,0.7069425792773061,0.08629622735479758,-0.2948217307538046,0.0811689420918066,0.0811689420918066,-0.0009726964710474739,0.009157325766275972,0.9138126955871583,-0.011231320690252122,18.444631436615925,0.0,0.4464285714285714,KO,PEP
2022-06-01,55.65678405761719,144.99795532226562,0.4142259182193211,0.7069425792773061,0.08672303845356977,-0.23069196228508984,-0.2948217307538046,0.2948217307538046,-0.0035623814756697847,0.009182853372208725,0.9220213332142714,-0.014793702165921907,15.964950856157765,0.0,0.4464285714285714,KO,PEP
2022-06-02,56.23920440673828,146.1730499267578,0.4142259182193211,0.7069425792773061,0.09142703943955288,0.30495507461107807,-0.23069196228508984,0.23069196228508984,0.00042681109877218404,0.009056659262356279,0.9196222913467885,-0.014366891067149723,14.608300278315827,0.0,0.43452380952380953,KO,PEP
2022-06-03,55.56852722167969,144.56825256347656,0.4142259182193211,0.7069425792773061,0.08723418741504751,-0.11715346009547571,0.30495507461107807,0.30495507461107807,0.0047040009859831144,0.009014952721095877,0.9170345385649438,-0.009662890081166609,16.901241431681488,0.0,0.4325396825396825,KO,PEP
2022-06-06,55.48028945922852,145.17330932617188,0.4142259182193211,0.7069425792773061,0.08269244715774038,-0.5930728916171141,-0.11715346009547571,0.11715346009547571,-0.004192852024505367,0.008954672401798624,0.9201281687104429,-0.013855742105671975,21.87501687793336,0.0,0.4246031746031746,KO,PEP
2022-06-07,55.81562042236328,146.06785583496094,0.4142259182193211,0.7069425792773061,0.08437564208290427,-0.345450349469627,-0.5930728916171141,0.5930728916171141,-0.004541740257307136,0.008956810714819958,0.9163224490679426,-0.018397482362979112,21.032410147696872,0.0,0.4305555555555556,KO,PEP
2022-06-08,55.49793243408203,145.3399200439453,0.4142259182193211,0.7069425792773061,0.08219953103435396,-0.578872087887921,-0.345450349469627,0.345450349469627,0.001683194925163889,0.00883665533762505,0.917542167307954,-0.016714287437815223,19.226946284136314,0.0,0.42460317460317465,KO,PEP
2022-06-09,54.53605651855469,142.75291442871094,0.4142259182193211,0.7069425792773061,0.07741253091649547,-1.0861822715375753,-0.578872087887921,0.578872087887921,-0.002176111048550311,0.008648079632749524,0.9170299863652727,-0.018890398486365534,20.60837063077407,0.0,0.41865079365079366,KO,PEP
2022-06-10,54.19189453125,142.52488708496094,0.4142259182193211,0.7069425792773061,0.0722119527944387,-1.5691012626968994,-1.0861822715375753,1.0861822715375753,-0.0047870001178584864,0.008505148297185955,0.9172260943194905,-0.02367739860422402,19.021232268319874,1.0,0.40674603174603174,KO,PEP
2022-06-13,54.13013458251953,140.08689880371094,0.4142259182193211,0.7069425792773061,0.08326902157445515,-0.28412496082913946,-1.5691012626968994,1.5691012626968994,-0.005200578122056765,0.008489112473912826,0.9184416444097767,-0.028877976726280785,16.227975949464795,2.0,0.4027777777777778,KO,PEP
2022-06-14,52.6457633972168,136.9123077392578,0.4142259182193211,0.7069425792773061,0.07166849553593568,-1.4913120041738128,-0.28412496082913946,0.28412496082913946,0.011057068780016444,0.008803158093386547,0.9092459238621291,-0.01782090794626434,17.250215143058607,0.0,0.44246031746031744,KO,PEP
2022-06-15,53.03686141967773,138.37681579589844,0.4142259182193211,0.7069425792773061,0.07154811226372182,-1.4256523458521806,-1.4913120041738128,1.4913120041738128,-0.011600526038519465,0.00910339218487785,0.9172944091256163,-0.029421433984783807,16.106780876856735,1.0,0.4424603174603175,KO,PEP
2022-06-16,52.50355529785156,137.71031188964844,0.4142259182193211,0.7069425792773061,0.06485510612525802,-1.9257052725773312,-1.4256523458521806,1.4256523458521806,-0.00012038327221386425,0.009088968039304984,0.9201713774859275,-0.02954181725699767,15.66100130025351,2.0,0.4325396825396825,KO,PEP
2022-06-17,52.82353973388672,137.7366485595703,0.4142259182193211,0.7069425792773061,0.07079595086671642,-1.2433328013031237,-1.9257052725773312,1.9257052725773312,-0.006693006138463797,0.0070683579570569284,0.9211204942693697,-0.03623482339546147,14.777086108965841,3.0,0.34523809523809523,KO,PEP
2022-06-21,53.95235443115234,140.93759155273438,0.4142259182193211,0.7069425792773061,0.07569930370485567,-0.7085315963217755,-1.2433328013031237,1.2433328013031237,0.005940844741458395,0.006875930945096953,0.9200226725031209,-0.030293978654003073,14.223690463025239,4.0,0.3392857142857143,KO,PEP
2022-06-22,54.352333068847656,142.09515380859375,0.4142259182193211,0.7069425792773061,0.07730289699808557,-0.5100477312378794,-0.7085315963217755,0.7085315963217755,0.004903352838139252,0.006465353020377152,0.922662944240401,-0.02539062581586382,13.444775976249673,0.0,0.30753968253968256,KO,PEP
2022-06-23,55.00117874145508,143.9104766845703,0.4142259182193211,0.7069425792773061,0.0801957015033179,-0.21849955022987422,-0.5100477312378794,0.5100477312378794,0.001603593293229899,0.005416659745278163,0.9232560663014627,-0.023787032522633922,12.525379280176173,0.0,0.2242063492063492,KO,PEP
2022-06-24,56.03224563598633,145.69070434570312,0.4142259182193211,0.7069425792773061,0.09007692302552917,0.7652539679465197,-0.21849955022987422,0.21849955022987422,0.002892804505232327,0.005043728802158421,0.9242754359117669,-0.020894228017401595,12.35475125669007,0.0,0.21031746031746032,KO,PEP
2022-06-27,55.91668701171875,145.88369750976562,0.4142259182193211,0.7069425792773061,0.08707658305910071,0.4920784541614656,0.7652539679465197,0.7652539679465197,0.00988122152221127,0.005488279816615341,0.9282723135175815,-0.011013006495190325,12.765657333805406,0.0,0.23412698412698413,KO,PEP
2022-06-28,55.35671615600586,143.83154296875,0.4142259182193211,0.7069425792773061,0.08702693497982184,0.5449699015830849,0.4920784541614656,0.4920784541614656,-0.003000339966428456,0.005520587411233914,0.9278912755047604,-0.01401334646161878,14.792646457721997,0.0,0.24007936507936506,KO,PEP
2022-06-29,55.7567024230957,146.2169189453125,0.4142259182193211,0.7069425792773061,0.08259843072053918,0.12249920154320745,0.5449699015830849,0.5449699015830849,-4.964807927887449e-05,0.005517689787966236,0.9280688690791595,-0.014062994540897655,15.362868941398371,0.0,0.23809523809523808,KO,PEP
2022-06-30,55.91668701171875,146.155517578125,0.4142259182193211,0.7069425792773061,0.08576058694769628,0.5229939142437333,0.12249920154320745,0.12249920154320745,-0.004428504259282651,0.005547685706505153,0.9245793846663417,-0.018491498800180306,13.725982943875897,0.0,0.24404761904761904,KO,PEP
2022-07-01,57.22328186035156,148.54966735839844,0.4142259182193211,0.7069425792773061,0.09737208989552659,1.6996482204589396,0.5229939142437333,0.5229939142437333,0.003162156227157098,0.005594599036599959,0.9245055215456348,-0.015329342573023208,12.891848701896944,0.0,0.24603174603174602,KO,PEP
2022-07-05,56.24555969238281,148.21641540527344,0.4142259182193211,0.7069425792773061,0.08172606372492419,-0.13854893532879936,1.6996482204589396,1.6996482204589396,0.01161150294783031,0.006070293557303056,0.9254236262303707,-0.003717839625192898,13.226336178350833,1.0,0.26388888888888884,KO,PEP
2022-07-06,56.361106872558594,149.69845581054688,0.4142259182193211,0.7069425792773061,0.07674456256295814,-0.8061287560691249,-0.13854893532879936,0.13854893532879936,-0.0156460261706024,0.006944197628903555,0.919239380040779,-0.0193638657957953,11.508708083069704,0.0,0.36507936507936506,KO,PEP
2022-07-07,55.91668701171875,149.4003143310547,0.4142259182193211,0.7069425792773061,0.07023744779384655,-1.515163974050046,-0.8061287560691249,0.8061287560691249,-0.004981501161966051,0.006958353498561504,0.917631030933893,-0.02434536695776135,11.112032478049048,0.0,0.371031746031746,KO,PEP
2022-07-08,56.1211166381836,150.73333740234375,0.4142259182193211,0.7069425792773061,0.06760703368169985,-1.720493792113255,-1.515163974050046,1.515163974050046,-0.006507114769111588,0.007069856806721902,0.9167013725016923,-0.030852481726872938,11.074550338298565,1.0,0.3888888888888889,KO,PEP
2022-07-11,55.94335174560547,149.49681091308594,0.4142259182193211,0.7069425792773061,0.07025773783979528,-1.30226767467384,-1.720493792113255,1.720493792113255,-0.002630414112146706,0.007075268554603403,0.9162326234771231,-0.033482895839019644,10.877340507948912,2.0,0.39285714285714285,KO,PEP
2022-07-12,55.70336151123047,148.6461181640625,0.4142259182193211,0.7069425792773061,0.0699928871922042,-1.2488922496546897,-1.30226767467384,1.30226767467384,0.0026507041580954294,0.007047648049354489,0.917012067572427,-0.030832191680924215,10.34602392783088,3.0,0.3829365079365079,KO,PEP
2022-07-13,55.44560623168945,149.17230224609375,0.4142259182193211,0.7069425792773061,0.06285681630166806,-1.9359114696777375,-1.2488922496546897,1.2488922496546897,-0.000264850647591075,0.006959613258667775,0.9177180510485243,-0.03109704232851529,9.57723376059884,4.0,0.36507936507936506,KO,PEP
2022-07-14,55.26783752441406,149.9440460205078,0.4142259182193211,0.7069425792773061,0.05599754010219682,-2.3869632434654373,-1.9359114696777375,1.9359114696777375,-0.007136070890536139,0.006621187123000147,0.9198513194990261,-0.03823311321905143,9.203373193781456,5.0,0.33134920634920634,KO,PEP
2022-07-15,55.5522689819336,150.06680297851562,0.4142259182193211,0.7069425792773061,0.06055223511881991,-1.73232027463101,-2.3869632434654373,2.3869632434654373,-0.0068592761994712426,0.0063159868902671595,0.9174310420811956,-0.04509238941852267,8.289037613860371,6.0,0.30753968253968256,KO,PEP
2022-07-18,54.79674911499024,147.55870056152344,0.4142259182193211,0.7069425792773061,0.05877389429658875,-1.7700395821048673,-1.73232027463101,1.73232027463101,0.004554695016623089,0.006421830109181406,0.9164890675570637,-0.04053769440189958,7.33597921379791,7.0,0.3392857142857143,KO,PEP
2022-07-19,55.57893371582031,149.13722229003906,0.4142259182193211,0.7069425792773061,0.0654248504828181,-1.0245666409637062,-1.7700395821048673,1.7700395821048673,-0.0017783408222311614,0.006274394842446196,0.9160059062674936,-0.042316035224130744,7.306563995612917,8.0,0.31547619047619047,KO,PEP
2022-07-20,54.663421630859375,147.55870056152344,0.4142259182193211,0.7069425792773061,0.05633780180451753,-1.7739628432455454,-1.0245666409637062,1.0245666409637062,0.006650956186229351,0.006311532363958451,0.9185653127353852,-0.03566507903790139,7.027884128353242,9.0,0.29563492063492064,KO,PEP
2022-07-21,54.53899383544922,147.77793884277344,0.4142259182193211,0.7069425792773061,0.05300937936244754,-1.8974903647624415,-1.7739628432455454,1.7739628432455454,-0.009087048678300569,0.0064727870675129985,0.9175971429322942,-0.04475212771620196,6.7472734947854445,10.0,0.3373015873015873,KO,PEP
2022-07-22,54.74342346191406,148.74261474609375,0.4142259182193211,0.7069425792773061,0.05215085692293808,-1.796227258685982,-1.8974903647624415,1.8974903647624415,-0.0033284224420699893,0.006464058209693971,0.9167290745362092,-0.0448200939079304,6.870290988453008,11.0,0.34920634920634924,KO,PEP
2022-07-25,55.27672958374024,148.9530792236328,0.4142259182193211,0.7069425792773061,0.060846044955480405,-0.9690443945368206,-1.796227258685982,1.796227258685982,-0.0008585224395094571,0.006396220752204614,0.91994447770927,-0.04567861634743986,6.515295814967958,12.0,0.2996031746031746,KO,PEP
2022-07-26,56.18334197998047,150.68946838378906,0.4142259182193211,0.7069425792773061,0.06892096480941978,-0.25762224128093564,-0.9690443945368206,0.9690443945368206,0.008695188032542323,0.006296046410679068,0.9172435270497211,-0.03698342831489754,5.803236650735291,0.0,0.3075396825396825,KO,PEP
2022-07-27,56.00556564331055,150.47897338867188,0.4142259182193211,0.7069425792773061,0.06673993397926337,-0.40482706144039565,-0.25762224128093564,0.25762224128093564,0.008074919853939377,0.006615312489889602,0.9178491478774211,-0.02890850846095816,5.168243774914145,0.0,0.34920634920634924,KO,PEP
2022-07-28,56.938846588134766,153.32911682128906,0.4142259182193211,0.7069425792773061,0.07000208365033034,-0.1127322339396944,-0.40482706144039565,0.40482706144039565,-0.0021810308301564163,0.006617797294227431,0.9169225330650815,-0.031089539291114576,5.147774368258483,0.0,0.373015873015873,KO,PEP
2022-07-29,57.036617279052734,153.43438720703125,0.4142259182193211,0.7069425792773061,0.0712325332045527,-0.0035065487714724007,-0.1127322339396944,0.1127322339396944,0.0032621496710669717,0.006631664623440374,0.917405336891257,-0.027827389620047605,4.820272402343081,0.0,0.3630952380952381,KO,PEP
2022-08-01,57.34770202636719,155.17955017089844,0.4142259182193211,0.7069425792773061,0.06867645472171668,-0.24078554894595733,-0.0035065487714724007,0.0035065487714724007,0.001230449554222357,0.0065896679292428055,0.9187789448669119,-0.026596940065825248,5.156891210742714,0.0,0.33928571428571425,KO,PEP
2022-08-02,56.56554412841797,153.89918518066406,0.4142259182193211,0.7069425792773061,0.060800801818650996,-0.8950869062881175,-0.24078554894595733,0.24078554894595733,-0.0025560784828360106,0.005956350595093996,0.9123084617572952,-0.029153018548661258,5.193619724365556,0.0,0.3194444444444444,KO,PEP
2022-08-03,56.814414978027344,155.07427978515625,0.4142259182193211,0.7069425792773061,0.05981349659055635,-0.9237449204461979,-0.8950869062881175,0.8950869062881175,-0.007875652903065689,0.005225268732615755,0.9186656481029156,-0.03702867145172695,4.541750134388436,0.0,0.2361111111111111,KO,PEP
2022-08-04,56.59220886230469,154.232421875,0.4142259182193211,0.7069425792773061,0.05974300374203745,-0.8728937399955154,-0.9237449204461979,0.9237449204461979,-0.0009873052280946482,0.0051467871720715565,0.9191711373697283,-0.038015976679821595,5.403755220467373,0.0,0.23015873015873017,KO,PEP
2022-08-05,56.33443832397461,153.07481384277344,0.4142259182193211,0.7069425792773061,0.06050376817277048,-0.7543532319388854,-0.8728937399955154,0.8728937399955154,-7.049284851889936e-05,0.004981351084121517,0.9222170594708615,-0.038086469528340494,4.658530500696116,0.0,0.19444444444444442,KO,PEP
2022-08-08,55.970008850097656,152.46095275878906,0.4142259182193211,0.7069425792773061,0.05685440087069038,-1.012231968317034,-0.7543532319388854,0.7543532319388854,0.0007607644307330297,0.00496447734075084,0.9235932492832193,-0.037325705097607464,5.172511139033675,0.0,0.1865079365079365,KO,PEP
2022-08-09,56.0411262512207,153.0309600830078,0.4142259182193211,0.7069425792773061,0.055486103455657076,-1.0735456453113936,-1.012231968317034,1.012231968317034,-0.0036493673020800976,0.004963631238606802,0.9277055895149462,-0.04097507239968756,5.451929042619251,1.0,0.17857142857142858,KO,PEP
2022-08-10,56.57442855834961,154.29379272460938,0.4142259182193211,0.7069425792773061,0.05914752687335989,-0.6861465166220128,-1.0735456453113936,1.0735456453113936,-0.0013682974150333038,0.004964951796263206,0.928687060997065,-0.042343369814720866,5.37314442216542,2.0,0.17658730158730157,KO,PEP
2022-08-11,56.192230224609375,153.5045166015625,0.4142259182193211,0.7069425792773061,0.05599451387425525,-0.9345607357664656,-0.6861465166220128,0.6861465166220128,0.0036614234177028138,0.004823545572445074,0.9270685229578217,-0.0382245630221667,6.075958080737207,0.0,0.1527777777777778,KO,PEP
2022-08-12,56.618873596191406,155.51280212402344,0.4142259182193211,0.7069425792773061,0.05436951764053344,-1.0525692356421512,-0.9345607357664656,0.9345607357664656,-0.003153012999104643,0.004630937268665087,0.9285829435706138,-0.041377576021271345,6.283569666212171,0.0,0.12103174603174603,KO,PEP
2022-08-15,57.32994079589844,157.2228546142578,0.4142259182193211,0.7069425792773061,0.05911888245211383,-0.5417297775128228,-1.0525692356421512,1.0525692356421512,-0.0016249962337218093,0.004521590795718201,0.9285310461460712,-0.043002572254993154,6.368362657692516,1.0,0.10912698412698413,KO,PEP
2022-08-16,57.80100631713867,158.13494873046875,0.4142259182193211,0.7069425792773061,0.06321273104330238,0.13299845922986678,-0.5417297775128228,0.5417297775128228,0.004749364811580392,0.004637860419640603,0.8845304290700919,-0.03825320744341276,6.108177630818751,0.0,0.24206349206349206,KO,PEP
2022-08-17,57.66768646240234,158.04722595214844,0.4142259182193211,0.7069425792773061,0.061295808833487175,-0.10053461634194312,0.13299845922986678,0.13299845922986678,0.004093848591188554,0.004485981725099037,0.8792284105415444,-0.03415935885222421,5.804040785561122,0.0,0.22023809523809523,KO,PEP
2022-08-18,57.96990966796875,158.20506286621094,0.4142259182193211,0.7069425792773061,0.06581724637561104,0.7454213001004019,-0.10053461634194312,0.10053461634194312,-0.0019169222098152083,0.004016194465977077,0.8843178402467307,-0.03607628106203942,6.662141244560395,0.0,0.17063492063492064,KO,PEP
2022-08-19,57.92544937133789,158.00335693359375,0.4142259182193211,0.7069425792773061,0.06595189956183889,0.7872820407902396,0.7454213001004019,0.7454213001004019,0.004521437542123863,0.004031056809814094,0.8783438766941506,-0.031554843519915554,6.601927819616662,0.0,0.17658730158730157,KO,PEP
2022-08-22,57.06328201293945,156.49497985839844,0.4142259182193211,0.7069425792773061,0.05773717298460923,-0.6682757974410122,0.7872820407902396,0.7872820407902396,0.00013465318622785105,0.004018383286569972,0.8761807061664723,-0.0314201903336877,6.5508528430416675,0.0,0.17460317460317462,KO,PEP
2022-08-23,57.12550354003906,156.4248046875,0.4142259182193211,0.7069425792773061,0.05914405100274189,-0.3477691710813625,-0.6682757974410122,0.6682757974410122,-0.008214726577229658,0.004024075715133527,0.8800479397179181,-0.03963491691091736,6.774887259738905,0.0,0.17261904761904762,KO,PEP
2022-08-24,57.20549011230469,157.20533752441406,0.4142259182193211,0.7069425792773061,0.05702451185624824,-0.7278401591552869,-0.3477691710813625,0.3477691710813625,0.0014068780181326623,0.003580101495770138,0.8796781266008334,-0.0382280388927847,6.722527987463727,0.0,0.15476190476190477,KO,PEP
2022-08-25,57.48103713989258,157.21409606933594,0.4142259182193211,0.7069425792773061,0.06179035609954209,0.18297198761989728,-0.7278401591552869,0.7278401591552869,-0.002119539146493654,0.0035786730497453924,0.8789785855709902,-0.04034757803927835,7.084234965544883,0.0,0.15674603174603174,KO,PEP
2022-08-26,56.09445571899414,153.5045166015625,0.4142259182193211,0.7069425792773061,0.054252997869840947,-1.2579946254483283,0.18297198761989728,0.18297198761989728,0.004765844243293849,0.0036712226485012757,0.8681339252371209,-0.035581733795984505,6.9512615325672655,0.0,0.17063492063492064,KO,PEP
2022-08-29,55.7567024230957,153.02218627929688,0.4142259182193211,0.7069425792773061,0.050438443533815214,-1.838267162910403,-1.2579946254483283,1.2579946254483283,-0.007537358229701141,0.003961134118746892,0.8808192864897793,-0.043119092025685646,6.705760657813534,1.0,0.1626984126984127,KO,PEP
2022-08-30,55.24116897583008,151.70675659179688,0.4142259182193211,0.7069425792773061,0.04725269268369159,-2.1537301730025202,-1.838267162910403,1.838267162910403,-0.003814554336025733,0.003997580118713852,0.8801516995594879,-0.04693364636171138,7.406599277213587,2.0,0.16468253968253968,KO,PEP
2022-08-31,54.85007858276367,151.0753173828125,0.4142259182193211,0.7069425792773061,0.04309642397975466,-2.490561035950741,-2.1537301730025202,2.1537301730025202,-0.0031857508501236254,0.0037093781519823774,0.8790981111374482,-0.050119397211835004,7.271877767216951,3.0,0.1607142857142857,KO,PEP
2022-09-01,55.10784530639648,152.60267639160156,0.4142259182193211,0.7069425792773061,0.04067364921769201,-2.515887673298657,-2.490561035950741,2.490561035950741,-0.004156268703936927,0.0037861197857231364,0.881359960022727,-0.05427566591577193,8.051549524222153,4.0,0.1527777777777778,KO,PEP
2022-09-02,54.352333068847656,150.669189453125,0.4142259182193211,0.7069425792773061,0.03588334000169535,-2.7182980259903906,-2.515887673298657,2.515887673298657,-0.0024227747620626516,0.003797037928951077,0.8799401290960476,-0.05669844067783458,9.409157813249267,5.0,0.1607142857142857,KO,PEP
2022-09-06,54.37900161743164,149.65390014648438,0.4142259182193211,0.7069425792773061,0.041153759011146374,-1.8795119551948727,-2.7182980259903906,2.7182980259903906,-0.004790309215996658,0.0038638839299082266,0.8827423864311311,-0.06148874989383124,11.085112528294893,6.0,0.1527777777777778,KO,PEP
2022-09-07,55.383392333984375,152.95582580566406,0.4142259182193211,0.7069425792773061,0.044027232274214345,-1.4467797900632118,-1.8795119551948727,1.8795119551948727,0.005270419009451022,0.004068379171930896,0.8719071394707889,-0.05621833088438022,9.9949937694497,7.0,0.2003968253968254,KO,PEP
2022-09-08,55.214500427246094,152.44374084472656,0.4142259182193211,0.7069425792773061,0.04334383155283916,-1.4155338570971536,-1.4467797900632118,1.4467797900632118,0.0028734732630679716,0.004142336380667561,0.879064886747189,-0.05334485762131225,10.207410900103381,8.0,0.20039682539682538,KO,PEP
2022-09-09,55.39228057861328,152.92933654785156,0.4142259182193211,0.7069425792773061,0.044310145755279695,-1.2327083658841764,-1.4155338570971536,1.4155338570971536,-0.0006834007213751825,0.004026893815726748,0.9001434870871772,-0.05402825834268743,10.115665369450433,9.0,0.16468253968253968,KO,PEP
2022-09-12,55.5522689819336,153.52969360351562,0.4142259182193211,0.7069425792773061,0.04442444028519965,-1.1594105974645845,-1.2327083658841764,1.2327083658841764,0.0009663142024405325,0.004006066428557368,0.8882124133332958,-0.0530619441402469,11.088043135253265,10.0,0.15476190476190477,KO,PEP
2022-09-13,53.747928619384766,147.79989624023438,0.4142259182193211,0.7069425792773061,0.03829354689858411,-1.7463297549352927,-1.1594105974645845,1.1594105974645845,0.00011429452991995603,0.0040014048146685645,0.8877186676356494,-0.05294764961032694,11.094223810492567,11.0,0.15476190476190477,KO,PEP
2022-09-14,54.032352447509766,148.921142578125,0.4142259182193211,0.7069425792773061,0.038228604725794035,-1.6110912322757276,-1.7463297549352927,1.7463297549352927,-0.0061308933866155435,0.003990718579127991,0.9060489436732238,-0.059078542996942485,12.212285356628135,12.0,0.14484126984126983,KO,PEP
2022-09-15,53.29819488525391,146.4491424560547,0.4142259182193211,0.7069425792773061,0.03638138405257951,-1.664536114228823,-1.6110912322757276,1.6110912322757276,-6.49421727900723e-05,0.0038225365819542626,0.9093737164792955,-0.05914348516973256,13.238215684176346,13.0,0.13293650793650794,KO,PEP
2022-09-16,53.3071517944336,147.4114532470703,0.4142259182193211,0.7069425792773061,0.03191932996738167,-1.933345539870845,-1.664536114228823,1.664536114228823,-0.0018472206732145224,0.003821957954693675,0.9053585117736256,-0.06099070584294708,14.76375102031896,14.0,0.14087301587301587,KO,PEP
2022-09-19,53.71004867553711,148.96527099609375,0.4142259182193211,0.7069425792773061,0.03203627765356165,-1.7543980292577117,-1.933345539870845,1.933345539870845,-0.004462054085197842,0.003641406133817256,0.9025072863048245,-0.06545275992814492,17.307887344725522,15.0,0.1349206349206349,KO,PEP
2022-09-20,53.62947082519531,149.1330108642578,0.4142259182193211,0.7069425792773061,0.02973932017882719,-1.7966487847462191,-1.7543980292577117,1.7543980292577117,0.00011694768617998008,0.0036409633634416376,0.9011963762840112,-0.06533581224196494,17.906319009594174,16.0,0.13492063492063494,KO,PEP
2022-09-21,53.18180465698242,148.70928955078125,0.4142259182193211,0.7069425792773061,0.023368340416880073,-2.118294585266873,-1.7966487847462191,1.7966487847462191,-0.0022969574747344623,0.003326003965460121,0.9014798057124151,-0.0676327697166994,20.066091552750347,17.0,0.13095238095238096,KO,PEP
2022-09-22,53.05646133422852,148.85049438476562,0.4142259182193211,0.7069425792773061,0.020337726021738778,-2.118880265186233,-2.118294585266873,2.118294585266873,-0.006370979761947115,0.0034282286944201106,0.9008000508674269,-0.07400374947864652,26.213651936514466,18.0,0.13690476190476192,KO,PEP
2022-09-23,52.46554565429688,148.7798614501953,0.4142259182193211,0.7069425792773061,0.009473292119038135,-2.55053664779134,-2.118880265186233,2.118880265186233,-0.0030306143951412956,0.003438359184961891,0.9002466430656773,-0.07703436387378781,32.529712686669924,19.0,0.14087301587301587,KO,PEP
2022-09-26,51.811973571777344,148.7180633544922,0.4142259182193211,0.7069425792773061,-0.0027684152855909083,-2.822896795518199,-2.55053664779134,2.55053664779134,-0.010864433902700643,0.003620850617861781,0.8965151721911409,-0.08789879777648846,88.94691374495737,20.0,0.1507936507936508,KO,PEP
2022-09-27,50.47795104980469,146.5638885498047,0.4142259182193211,0.7069425792773061,-0.018538139442076496,-3.0455299597336416,-2.822896795518199,2.822896795518199,-0.012241707404629043,0.004059190167385553,0.8901740928506775,-0.1001405051811175,88.94691374495737,21.0,0.20238095238095238,KO,PEP
2022-09-28,51.01513671875,148.91232299804688,0.4142259182193211,0.7069425792773061,-0.019190126130623764,-2.626451840882352,-3.0455299597336416,3.0455299597336416,-0.015769724156485587,0.004941444624043472,0.8878058201090437,-0.10026420316700069,88.94691374495737,22.0,0.30952380952380953,KO,PEP
2022-09-29,50.64805603027344,147.09361267089844,0.4142259182193211,0.7069425792773061,-0.01772440583337964,-2.2586384985623416,-2.626451840882352,2.626451840882352,-0.000651986688547268,0.004978903588967398,0.9020070187094755,-0.0959346886935819,88.94691374495737,23.0,0.30952380952380953,KO,PEP
2022-09-30,50.15563583374024,144.13604736328125,0.4142259182193211,0.7069425792773061,-0.013135248322688309,-1.8835368044392604,-2.2586384985623416,2.2586384985623416,0.001465720297244122,0.005081521066849773,0.9021260678373298,-0.08895693903793234,88.94691374495737,24.0,0.3253968253968254,KO,PEP
2022-10-03,50.71968460083008,145.89291381835938,0.4142259182193211,0.7069425792773061,-0.010516836499136595,-1.6452228070632369,-1.8835368044392604,1.8835368044392604,0.004589157510691333,0.0053470386682693966,0.8963045659241357,-0.084367781527241,88.94691374495737,25.0,0.3551587301587302,KO,PEP
2022-10-04,50.83607482910156,147.53504943847656,0.4142259182193211,0.7069425792773061,-0.01613741836474336,-1.7181466825502978,-1.6452228070632369,1.6452228070632369,0.002618411823551714,0.005444476661040783,0.8990972514091312,-0.08174936970368929,88.94691374495737,26.0,0.3571428571428571,KO,PEP
2022-10-05,50.35260009765625,146.55508422851562,0.4142259182193211,0.7069425792773061,-0.02098204078549948,-1.7522743263399647,-1.7181466825502978,1.7181466825502978,-0.005620581865606766,0.005197090604053365,0.8984528717487708,-0.08736995156929606,88.94691374495737,27.0,0.3472222222222222,KO,PEP
2022-10-06,49.26927185058594,143.7299041748047,0.4142259182193211,0.7069425792773061,-0.02897072017478397,-1.8748812913856527,-1.7522743263399647,1.7522743263399647,-0.004844622420756117,0.005040893788848774,0.8993240315021274,-0.09221457399005217,88.94691374495737,28.0,0.32539682539682535,KO,PEP
2022-10-07,48.803707122802734,142.67933654785156,0.4142259182193211,0.7069425792773061,-0.03327879675197476,-1.8675412233233506,-1.8748812913856527,1.8748812913856527,-0.007988679389284492,0.00510590210079058,0.9077833674928686,-0.10020325337933667,88.94691374495737,29.0,0.3115079365079365,KO,PEP
2022-10-10,48.69626235961914,142.86471557617188,0.4142259182193211,0.7069425792773061,-0.036400706812978356,-1.812624800761527,-1.8675412233233506,1.8675412233233506,-0.004308076577190789,0.004997489397301945,0.9116606173204206,-0.10451132995652745,88.94691374495737,30.0,0.2837301587301587,KO,PEP
2022-10-11,48.7768440246582,143.5445098876953,0.4142259182193211,0.7069425792773061,-0.03810316581282347,-1.7197457723361445,-1.812624800761527,1.812624800761527,-0.0031219100610035966,0.0049173074162082294,0.9133224391014958,-0.10763324001753105,88.94691374495737,31.0,0.25396825396825395,KO,PEP
2022-10-12,49.36774826049805,149.54798889160156,0.4142259182193211,0.7069425792773061,-0.05502649288944772,-2.057953016356236,-1.7197457723361445,1.7197457723361445,-0.0017024589998451134,0.004917931943178327,0.9122858976834344,-0.10933569901737616,88.94691374495737,32.0,0.25992063492063494,KO,PEP
2022-10-13,50.02133560180664,154.15652465820312,0.4142259182193211,0.7069425792773061,-0.06333072342420376,-2.0796400564235187,-2.057953016356236,2.057953016356236,-0.01692332707662425,0.005599612030780906,0.8803671700698501,-0.12625902609400041,88.94691374495737,33.0,0.4087301587301587,KO,PEP
2022-10-14,49.22450256347656,150.2542724609375,0.4142259182193211,0.7069425792773061,-0.061263196699377964,-1.8355537801417439,-2.0796400564235187,2.0796400564235187,-0.00830423053475604,0.00561409637053232,0.8785061553762817,-0.13456325662875646,88.94691374495737,34.0,0.42658730158730157,KO,PEP
2022-10-17,49.86018371582031,152.49673461914062,0.4142259182193211,0.7069425792773061,-0.05890472402633007,-1.6246569110624882,-1.8355537801417439,1.8355537801417439,0.0020675267248257967,0.005821092493356088,0.8806588731148184,-0.13249572990393066,88.94691374495737,35.0,0.41468253968253965,KO,PEP
2022-10-18,50.53166580200195,154.55381774902344,0.4142259182193211,0.7069425792773061,-0.054999757313339614,-1.4100788982072856,-1.6246569110624882,1.6246569110624882,0.0023584726730478955,0.005932482395192201,0.8827908139736363,-0.13013725723088276,88.94691374495737,36.0,0.4107142857142857,KO,PEP
2022-10-19,50.10190963745117,153.0529327392578,0.4142259182193211,0.7069425792773061,-0.056642088909423016,-1.3599750254815504,-1.4100788982072856,1.4100788982072856,0.003904966712990454,0.006198134499145948,0.8909790358986176,-0.1262322905178923,88.94691374495737,37.0,0.40476190476190477,KO,PEP
2022-10-20,49.31402969360352,151.37551879882812,0.4142259182193211,0.7069425792773061,-0.06470194701707088,-1.4754740382254887,-1.3599750254815504,1.3599750254815504,-0.0016423315960834017,0.00620240847573192,0.8940335717499243,-0.1278746221139757,88.94691374495737,38.0,0.40476190476190477,KO,PEP
2022-10-21,50.10190963745117,152.7880859375,0.4142259182193211,0.7069425792773061,-0.05541771731427758,-1.1504818598270568,-1.4754740382254887,1.4754740382254887,-0.008059858107647866,0.006259673504351433,0.8945699982864859,-0.13593448022162358,88.94691374495737,39.0,0.4107142857142857,KO,PEP
2022-10-24,51.54336929321289,156.8668975830078,0.4142259182193211,0.7069425792773061,-0.04567820354316554,-0.8251525873726078,-1.1504818598270568,1.1504818598270568,0.0092842297027933,0.0067189150501897055,0.8861404483141521,-0.12665025051883028,88.94691374495737,40.0,0.48412698412698413,KO,PEP
2022-10-25,52.77891159057617,157.3878173828125,0.4142259182193211,0.7069425792773061,-0.02433377829415173,-0.156396607546312,-0.8251525873726078,0.8251525873726078,0.00973951377111204,0.00695109623080664,0.8927212525347282,-0.11435465826488223,88.94691374495737,0.0,0.4900793650793651,KO,PEP
2022-10-26,53.172847747802734,158.09410095214844,0.4142259182193211,0.7069425792773061,-0.02006293577876983,0.0328989516674912,-0.156396607546312,0.156396607546312,0.02134442524901381,0.007948704581150596,0.8658646757622108,-0.09028567785599062,145.58644601533948,0.0,0.5892857142857143,KO,PEP
2022-10-27,53.29819488525391,157.9263458251953,0.4142259182193211,0.7069425792773061,-0.01695781598071866,0.20036799096661237,0.0328989516674912,0.0328989516674912,0.004270842515381901,0.008009664416092379,0.864777379463886,-0.08601483534060872,96.28734028647996,0.0,0.5952380952380952,KO,PEP
2022-10-28,54.39943313598633,160.88392639160156,0.4142259182193211,0.7069425792773061,-0.009623435881818132,0.5255472653350514,0.20036799096661237,0.20036799096661237,0.0031051197980511702,0.008033046187383744,0.8630709741874325,-0.08290971554255755,100.0962424493896,0.0,0.5992063492063492,KO,PEP
2022-10-31,53.58469772338867,160.31007385253906,0.4142259182193211,0.7069425792773061,-0.02218755009900919,0.15018611340561466,0.5255472653350514,0.5255472653350514,0.007334380098900528,0.008132472340620474,0.8671666211037266,-0.07557533544365702,90.90910782331231,0.0,0.5972222222222222,KO,PEP
2022-11-01,53.39667892456055,159.58609008789062,0.4142259182193211,0.7069425792773061,-0.022502648349617793,0.2240903990183005,0.15018611340561466,0.15018611340561466,-0.012564114217191058,0.008566064955796588,0.8630056748014764,-0.08813944966084808,111.2221159010623,0.0,0.625,KO,PEP
2022-11-02,52.65357208251953,157.36129760742188,0.4142259182193211,0.7069425792773061,-0.02659227589139146,0.13280342656967406,0.2240903990183005,0.2240903990183005,-0.0003150982506086031,0.008487762346745378,0.8626912376223783,-0.08845454791145668,94.91420985336408,0.0,0.6190476190476191,KO,PEP
2022-11-03,52.62670516967773,156.9552001953125,0.4142259182193211,0.7069425792773061,-0.025275921363312914,0.2910478691738071,0.13280342656967406,0.13280342656967406,-0.004089627541773666,0.008469205839003327,0.8652310549783736,-0.09254417545323035,90.72696224123338,0.0,0.6071428571428571,KO,PEP
2022-11-04,53.05646133422852,157.83807373046875,0.4142259182193211,0.7069425792773061,-0.021108372520020957,0.5971365468835103,0.2910478691738071,0.2910478691738071,0.001316354528078545,0.008286597316484259,0.8641267896191486,-0.0912278209251518,90.06186348444488,0.0,0.6091269841269842,KO,PEP
2022-11-07,53.26238632202149,159.10052490234375,0.4142259182193211,0.7069425792773061,-0.022866555074873673,0.5599603721644207,0.5971365468835103,0.5971365468835103,0.004167548843291957,0.008262685570960396,0.8634452432472478,-0.08706027208185985,72.53648307293119,0.0,0.6091269841269842,KO,PEP
2022-11-08,53.36086654663086,159.54197692871094,0.4142259182193211,0.7069425792773061,-0.022978117122916863,0.5653156985440985,0.5599603721644207,0.5599603721644207,-0.0017581825548527164,0.008237207167766632,0.8626874884491136,-0.08881845463671256,204.3955984089789,0.0,0.6150793650793651,KO,PEP
2022-11-09,52.61775588989258,157.63497924804688,0.4142259182193211,0.7069425792773061,-0.028501172290165133,0.2687193202545836,0.5653156985440985,0.5653156985440985,-0.00011156204804319003,0.008221514538722259,0.8614718733658094,-0.08893001668475575,252.0,0.0,0.6150793650793651,KO,PEP
2022-11-10,54.506866455078125,160.41598510742188,0.4142259182193211,0.7069425792773061,-0.005591301450096786,1.5288446704431895,0.2687193202545836,0.2687193202545836,-0.00552305516724827,0.007321987054397733,0.8636523351870934,-0.09445307185200402,252.0,0.0,0.5634920634920635,KO,PEP
2022-11-11,54.90081405639648,157.1935577392578,0.4142259182193211,0.7069425792773061,0.015955788425483952,2.446411923183999,1.5288446704431895,1.5288446704431895,0.022909870840068347,0.008356492729546099,0.8540812716319919,-0.07154320101193568,64.8625679497214,1.0,0.628968253968254,KO,PEP
2022-11-14,54.3725700378418,156.0281982421875,0.4142259182193211,0.7069425792773061,0.011547876535055845,2.059399538416891,2.446411923183999,2.446411923183999,0.02154708987558074,0.00928755966181951,0.8219412378867994,-0.04999611113635494,42.434945114804776,2.0,0.7083333333333334,KO,PEP
2022-11-15,54.28304672241211,156.43429565429688,0.4142259182193211,0.7069425792773061,0.008062458305027942,1.7653406877252533,2.059399538416891,2.059399538416891,-0.004407911890428107,0.00945780820331533,0.8229031610495182,-0.05024247956448624,44.901899281710826,3.0,0.7103174603174603,KO,PEP
2022-11-16,54.18456268310547,157.4407501220703,0.4142259182193211,0.7069425792773061,0.0017128397374128745,1.3931138598736121,1.7653406877252533,1.7653406877252533,-0.0034854182300279035,0.009579244202391068,0.8213204079710349,-0.053727897794514146,45.53829022518819,4.0,0.7162698412698413,KO,PEP
2022-11-17,54.35467147827149,158.94163513183594,0.4142259182193211,0.7069425792773061,-0.0018600190764583857,1.1648669719702207,1.3931138598736121,1.3931138598736121,-0.006349618567615067,0.009750477064558366,0.8195393704481604,-0.06007751636212921,47.14226085232787,5.0,0.7242063492063492,KO,PEP
2022-11-18,54.739654541015625,160.08934020996094,0.4142259182193211,0.7069425792773061,0.0001113774207639473,1.174237850706411,1.1648669719702207,1.1648669719702207,-0.0035728588138712603,0.009544761800648102,0.8192747364486465,-0.06365037517600047,50.20171821499587,6.0,0.7142857142857143,KO,PEP
2022-11-21,55.58125686645508,163.1705322265625,0.4142259182193211,0.7069425792773061,0.0018919905761980438,1.1700883580923753,1.174237850706411,1.174237850706411,0.001971396497222333,0.009441981828136641,0.8214672657413247,-0.054141620449077,47.66018290899997,7.0,0.7043650793650793,KO,PEP
2022-11-22,55.82298278808594,163.18817138671875,0.4142259182193211,0.7069425792773061,0.006155197176445526,1.2561989310298391,1.1700883580923753,1.1700883580923753,0.0017806131554340965,0.009306881113578917,0.8164445552884545,-0.04854645295761717,42.72217779430371,8.0,0.7103174603174602,KO,PEP
2022-11-23,56.07366943359375,163.40005493164062,0.4142259182193211,0.7069425792773061,0.009718587490653796,1.3088959671331348,1.2561989310298391,1.2561989310298391,0.004263206600247482,0.00825111643875196,0.8149720991552976,-0.04109749550724606,42.89080344378265,9.0,0.6309523809523809,KO,PEP
2022-11-25,56.127384185791016,162.54371643066406,0.4142259182193211,0.7069425792773061,0.014390710948178675,1.4129141343844505,1.3088959671331348,1.3088959671331348,0.00356339031420827,0.008240776751335487,0.8126391080120318,-0.034705852794545855,43.728489951982034,10.0,0.6309523809523809,KO,PEP
2022-11-28,56.13634490966797,162.34945678710938,0.4142259182193211,0.7069425792773061,0.015395736188397624,1.3747076632084279,1.4129141343844505,1.4129141343844505,0.004672123457524879,0.008263187784780477,0.8102471145613082,-0.030033729337020976,40.79939617004397,11.0,0.6369047619047619,KO,PEP
2022-11-29,55.93937683105469,161.2017364501953,0.4142259182193211,0.7069425792773061,0.01689626171428804,1.3614744467565538,1.3747076632084279,1.3747076632084279,0.0010050252402189486,0.008156779236027758,0.8100460566086806,-0.029028704096802027,40.97183519846141,12.0,0.621031746031746,KO,PEP
2022-11-30,57.3549919128418,163.77967834472656,0.4142259182193211,0.7069425792773061,0.0306716007114618,1.8173811833774773,1.3614744467565538,1.3614744467565538,0.001500525525890417,0.007516569337663922,0.8065305316951947,-0.02752817857091161,42.6643314525536,13.0,0.6011904761904762,KO,PEP
2022-12-01,57.51729202270508,165.14779663085938,0.4142259182193211,0.7069425792773061,0.027616500935390587,1.5998478531780613,1.8173811833774773,1.8173811833774773,0.013775338997173758,0.007920350840935281,0.8105265926010292,-0.013752839573737852,42.99455408229668,14.0,0.5972222222222222,KO,PEP
2022-12-02,58.02222442626953,164.9612274169922,0.4142259182193211,0.7069425792773061,0.03715607639878815,1.9466538010903296,1.5998478531780613,1.5998478531780613,-0.003055099776071213,0.007879381936386553,0.8035628252746371,-0.016807939349809065,37.38154433044909,15.0,0.6051587301587301,KO,PEP
2022-12-05,57.228763580322266,162.67811584472656,0.4142259182193211,0.7069425792773061,0.03323922309209548,1.7067659500988062,1.9466538010903296,1.9466538010903296,0.009539575463397565,0.00800938749777972,0.7985655784144855,-0.0072683638864115,43.342799186082786,16.0,0.6170634920634921,KO,PEP
2022-12-06,57.20171356201172,161.35446166992188,0.4142259182193211,0.7069425792773061,0.03854211712825073,1.8495405832298966,1.7067659500988062,1.7067659500988062,-0.003916853306692669,0.00814918308189284,0.8026231463826794,-0.011185217193104169,42.458905877972576,17.0,0.626984126984127,KO,PEP
2022-12-07,57.2918815612793,161.84304809570312,0.4142259182193211,0.7069425792773061,0.03797978234484045,1.6770053986304656,1.8495405832298966,1.8495405832298966,0.005302894036155248,0.008100447468072489,0.800337684625316,0.0,46.209163252861934,18.0,0.625,KO,PEP
2022-12-08,57.53532409667969,163.26441955566406,0.4142259182193211,0.7069425792773061,0.03603839069920323,1.4694724018381364,1.6770053986304656,1.6770053986304656,-0.0005623347834102788,0.008109891286847155,0.7726013110188634,-0.0005623347834102788,42.79094496224396,19.0,0.6369047619047619,KO,PEP
2022-12-09,56.93120956420898,162.66036987304688,0.4142259182193211,0.7069425792773061,0.028103402591103777,1.0349761962601933,1.4694724018381364,1.4694724018381364,-0.0019413916456372249,0.007956749061846801,0.7720382816937464,-0.0025037264290475036,39.609513060508334,20.0,0.623015873015873,KO,PEP
2022-12-12,57.67959213256836,163.4332275390625,0.4142259182193211,0.7069425792773061,0.03781215229768575,1.370403280952314,1.0349761962601933,1.0349761962601933,-0.00793498810809945,0.006913031435458656,0.7654187060156982,-0.010438714537146954,37.46445043751166,21.0,0.5773809523809523,KO,PEP
2022-12-13,57.697635650634766,163.3444061279297,0.4142259182193211,0.7069425792773061,0.03850923469784284,1.3105882992327866,1.370403280952314,1.370403280952314,0.009708749706581976,0.0055617642580704256,0.7644821040369535,-0.0007299648305649775,35.656760907467905,22.0,0.5178571428571428,KO,PEP
2022-12-14,57.697635650634766,162.89134216308594,0.4142259182193211,0.7069425792773061,0.04047278661067111,1.3103967926346216,1.3105882992327866,1.3105882992327866,0.0006970824001570897,0.00541876351335074,0.7632951175145083,-3.288243040788785e-05,30.986361621225043,23.0,0.5079365079365079,KO,PEP
2022-12-15,56.90416717529297,160.12847900390625,0.4142259182193211,0.7069425792773061,0.03871874713933021,1.166409900999326,1.3103967926346216,1.3103967926346216,0.0019635519128282652,0.005304675432124529,0.7632508628287995,0.0,31.755697719280167,24.0,0.5059523809523809,KO,PEP
2022-12-16,56.57955551147461,160.20846557617188,0.4142259182193211,0.7069425792773061,0.03264484154341085,0.835993987887688,1.166409900999326,1.166409900999326,-0.0017540394713408958,0.005047772960566599,0.7700860610945915,-0.0017540394713408958,30.882162284287933,25.0,0.46825396825396826,KO,PEP
2022-12-19,56.66070938110352,161.09683227539062,0.4142259182193211,0.7069425792773061,0.030168930289038443,0.6662090569533716,0.835993987887688,0.835993987887688,-0.00607390559591936,0.005208981834893277,0.7690421342805963,-0.007827945067260256,31.511188642293128,0.0,0.49404761904761907,KO,PEP
2022-12-20,56.615631103515625,160.99911499023438,0.4142259182193211,0.7069425792773061,0.029801974678310916,0.5988721356332705,0.6662090569533716,0.6662090569533716,-0.0024759112543724093,0.005288052635959688,0.7727356985321492,-0.010303856321632665,29.392189618412512,0.0,0.49007936507936506,KO,PEP
2022-12-21,57.52631759643555,162.12734985351562,0.4142259182193211,0.7069425792773061,0.04082263019360255,1.1577547023628236,0.5988721356332705,0.5988721356332705,-0.00036695561072752625,0.005303105460091237,0.7787645367645636,-0.010670811932360191,24.673738789337147,0.0,0.49007936507936506,KO,PEP
2022-12-22,57.11154556274414,160.874755859375,0.4142259182193211,0.7069425792773061,0.03906942335243091,1.06997528312246,1.1577547023628236,1.1577547023628236,0.011020655515291633,0.005677126398612154,0.7732211111899623,0.0,31.089739806173025,1.0,0.5297619047619048,KO,PEP
2022-12-23,57.544342041015625,161.9141082763672,0.4142259182193211,0.7069425792773061,0.042066340170651806,1.213435119940517,1.06997528312246,1.06997528312246,-0.0017532068411716395,0.005709593829352585,0.7733922527550254,-0.0017532068411716395,32.55082188849629,2.0,0.5337301587301587,KO,PEP
2022-12-27,57.89599609375,162.63369750976562,0.4142259182193211,0.7069425792773061,0.045023874406445064,1.3191364250029196,1.213435119940517,1.213435119940517,0.002996916818220896,0.005674145584944317,0.7714343627903122,0.0,35.77571164153503,3.0,0.5396825396825397,KO,PEP
2022-12-28,57.31893157958984,161.46109008789062,0.4142259182193211,0.7069425792773061,0.040122208048082086,0.9222791134255504,1.3191364250029196,1.3191364250029196,0.0029575342357932577,0.005683578051434141,0.768370162850629,0.0,37.362749834407964,4.0,0.5535714285714286,KO,PEP
2022-12-29,57.66155624389648,161.66537475585938,0.4142259182193211,0.7069425792773061,0.04518805036059037,1.1866099297181365,0.9222791134255504,0.9222791134255504,-0.004901666358362977,0.005851303466442793,0.7683859241770864,-0.004901666358362977,34.457052697564144,0.0,0.5654761904761905,KO,PEP
2022-12-30,57.3549919128418,160.49273681640625,0.4142259182193211,0.7069425792773061,0.04500373875929187,1.1149752322827242,1.1866099297181365,1.1866099297181365,0.005065842312508284,0.005182150627926989,0.771371459146389,0.0,35.06403678364839,1.0,0.49603174603174605,KO,PEP
2023-01-03,56.75989532470703,159.3822784423828,0.4142259182193211,0.7069425792773061,0.03948224037454473,0.6811795291758425,1.1149752322827242,1.1149752322827242,-0.00018431160129850355,0.0051147561149024676,0.7711453288381889,-0.00018431160129850355,38.574023420896324,2.0,0.49206349206349204,KO,PEP
2023-01-04,56.73284912109375,158.9913787841797,0.4142259182193211,0.7069425792773061,0.04074159602181604,0.7416199360613941,0.6811795291758425,0.6811795291758425,-0.005521498384747137,0.004886426591614221,0.7593252564375704,-0.00570580998604564,40.328679313099585,0.0,0.4662698412698413,KO,PEP
2023-01-05,56.08364868164063,157.33016967773438,0.4142259182193211,0.7069425792773061,0.0366578001553064,0.33732455620266455,0.7416199360613941,0.7416199360613941,0.0012593556472713097,0.004802310930625648,0.7567909531277228,-0.0044464543387743305,38.26937164048788,0.0,0.4642857142857143,KO,PEP
2023-01-06,57.16564178466797,160.88363647460938,0.4142259182193211,0.7069425792773061,0.039977154347072386,0.6201964178133464,0.33732455620266455,0.33732455620266455,-0.004083795866509643,0.004756244613478504,0.7625746313117872,-0.008530250205283973,37.81999559759459,0.0,0.45436507936507936,KO,PEP
2023-01-09,56.45332336425781,159.31124877929688,0.4142259182193211,0.7069425792773061,0.034381517227625835,-0.08855143064772196,0.6201964178133464,0.6201964178133464,0.0033193541917659886,0.0048120536472673935,0.7725752694410923,-0.005210896013517985,35.16701833485141,0.0,0.42658730158730157,KO,PEP
2023-01-10,56.02053451538086,157.9964141845703,0.4142259182193211,0.7069425792773061,0.032544446860586884,-0.4475636735477517,-0.08855143064772196,0.08855143064772196,-0.00559563711944655,0.004953390619540774,0.8111518730218519,-0.010806533132964535,38.30261022411621,0.0,0.42460317460317465,KO,PEP
2023-01-11,55.91232299804688,158.174072265625,0.4142259182193211,0.7069425792773061,0.02981646804021132,-1.049184634961499,-0.4475636735477517,0.4475636735477517,-0.001837070367038951,0.004638337426426246,0.8278982261185751,-0.012643603500003486,39.24782241650393,0.0,0.3531746031746032,KO,PEP
2023-01-12,55.19099426269531,156.15748596191406,0.4142259182193211,0.7069425792773061,0.025902327101902767,-2.006297667035932,-1.049184634961499,1.049184634961499,-0.002727978820375565,0.004130708925717262,0.8222023011000933,-0.015371582320379051,38.89318084734279,1.0,0.32936507936507936,KO,PEP
2023-01-13,55.38935470581055,155.67779541015625,0.4142259182193211,0.7069425792773061,0.031664912093404496,-0.9250353705965905,-2.006297667035932,2.006297667035932,-0.003914140938308552,0.004191297784535071,0.8250267812359958,-0.019285723258687604,34.72032552004006,2.0,0.33333333333333337,KO,PEP
2023-01-17,55.61477279663086,156.40625,0.4142259182193211,0.7069425792773061,0.032426111459779694,-0.8433181401502986,-0.9250353705965905,0.9250353705965905,0.005762584991501729,0.0043861096960969535,0.8195977267213279,-0.013523138267185875,31.334203321085365,0.0,0.3551587301587302,KO,PEP
2023-01-18,53.92866516113281,152.46188354492188,0.4142259182193211,0.7069425792773061,0.01969625163776545,-2.7876733422817597,-0.8433181401502986,0.8433181401502986,0.0007611993663751981,0.004382698967634444,0.8167863914238181,-0.012761938900810677,31.846185640940927,0.0,0.3611111111111111,KO,PEP
2023-01-19,53.84750747680664,150.69403076171875,0.4142259182193211,0.7069425792773061,0.026435370462297936,-1.5420826255917601,-2.7876733422817597,2.7876733422817597,-0.012729859822014244,0.005014551679266158,0.8338878668031336,-0.02549179872282492,28.563396406103273,1.0,0.4285714285714286,KO,PEP
2023-01-20,54.17211532592773,150.91612243652344,0.4142259182193211,0.7069425792773061,0.031404433623792194,-0.6867942052285648,-1.5420826255917601,1.5420826255917601,0.006739118824532486,0.00524350303924055,0.8263216331851366,-0.018752679898292435,27.507682801429738,2.0,0.4662698412698413,KO,PEP
2023-01-23,54.30735778808594,150.24093627929688,0.4142259182193211,0.7069425792773061,0.037067753677902715,0.240625379751098,-0.6867942052285648,0.6867942052285648,0.004969063161494258,0.00536195857149497,0.8069384727384104,-0.013783616736798177,28.19850357427592,0.0,0.5138888888888888,KO,PEP
2023-01-24,54.595890045166016,151.63568115234375,0.4142259182193211,0.7069425792773061,0.03583409267070037,0.040563666725451177,0.240625379751098,0.240625379751098,0.005663320054110521,0.004924701916605308,0.8208747780960997,-0.008120296682687655,31.820212225847246,0.0,0.4146825396825397,KO,PEP
2023-01-25,54.93852615356445,152.73727416992188,0.4142259182193211,0.7069425792773061,0.036973155164763405,0.1827578268698871,0.040563666725451177,0.040563666725451177,-0.0012336610072023468,0.004917741103659692,0.818834424799008,-0.009353957689890002,31.6348259397838,0.0,0.4186507936507936,KO,PEP
2023-01-26,54.830326080322266,151.21817016601562,0.4142259182193211,0.7069425792773061,0.042068090918200074,0.9959474474794415,0.1827578268698871,0.1827578268698871,0.0011390624940630367,0.004874555599017841,0.819970985906075,-0.008214895195826966,31.506713021067657,0.0,0.4007936507936508,KO,PEP
2023-01-27,54.54179382324219,150.6851348876953,0.4142259182193211,0.7069425792773061,0.03928825522051982,0.5326179816839116,0.9959474474794415,0.9959474474794415,0.005094935753436669,0.00496637393481312,0.8047303493373396,-0.0031199594423902965,31.843701911460805,0.0,0.46825396825396826,KO,PEP
2023-01-30,54.67703628540039,150.56076049804688,0.4142259182193211,0.7069425792773061,0.04234854370083285,1.0163888196284592,0.5326179816839116,0.5326179816839116,-0.002779835697680255,0.0048856965397001085,0.8132261601130183,-0.005899795140070552,32.46995846803009,0.0,0.4166666666666667,KO,PEP
2023-01-31,55.290184020996094,151.92886352539062,0.4142259182193211,0.7069425792773061,0.04710534580241488,1.66557037640352,1.0163888196284592,1.0163888196284592,0.0030602884803130337,0.004799660689937775,0.812553777964264,-0.002839506659757518,33.571291370573796,1.0,0.4107142857142857,KO,PEP
2023-02-01,55.29920196533203,152.4085693359375,0.4142259182193211,0.7069425792773061,0.04503982445224697,1.2524910462381122,1.66557037640352,1.66557037640352,0.004756802101582025,0.004916860545781609,0.809552165912262,0.0,33.1185707619667,2.0,0.43452380952380953,KO,PEP
2023-02-02,54.35244369506836,150.99606323242188,0.4142259182193211,0.7069425792773061,0.03435333889224834,-0.3999195302961676,1.2524910462381122,1.2524910462381122,-0.0020655213501679093,0.004774758041710906,0.8079844330283642,-0.0020655213501679093,33.72342330645733,3.0,0.4246031746031746,KO,PEP
2023-02-03,53.94669342041016,150.24093627929688,0.4142259182193211,0.7069425792773061,0.03040443349539279,-1.0160486882517532,-0.3999195302961676,0.3999195302961676,-0.010686485559998626,0.00532956438040093,0.8073622696505984,-0.012752006910166536,30.900239889489036,0.0,0.5238095238095238,KO,PEP
2023-02-06,54.25325393676758,152.63958740234375,0.4142259182193211,0.7069425792773061,0.02487355899671906,-1.7085096869534586,-1.0160486882517532,1.0160486882517532,-0.003948905396855551,0.005324879606992389,0.8093017417862828,-0.016700912307022087,28.29601357891792,1.0,0.5178571428571428,KO,PEP
2023-02-07,54.1630973815918,152.4085693359375,0.4142259182193211,0.7069425792773061,0.024281163471594702,-1.6451460224530887,-1.7085096869534586,1.7085096869534586,-0.005530874498673732,0.005372190508315757,0.8017186960047772,-0.02223178680569582,25.911527779746468,2.0,0.5416666666666666,KO,PEP
2023-02-08,53.84750747680664,152.05320739746094,0.4142259182193211,0.7069425792773061,0.020087723507760558,-2.0060076491651913,-1.6451460224530887,1.6451460224530887,-0.0005923955251243562,0.0052562033216187985,0.796296360062787,-0.022824182330820175,26.026992837985816,3.0,0.5357142857142857,KO,PEP
2023-02-09,53.75734329223633,153.49240112304688,0.4142259182193211,0.7069425792773061,0.01175209409479594,-2.6575869318605667,-2.0060076491651913,2.0060076491651913,-0.004193439963834145,0.0053108659266929556,0.7879329791414986,-0.02701762229465432,23.89157057893764,4.0,0.5436507936507937,KO,PEP
2023-02-10,53.75734329223633,156.53060913085938,0.4142259182193211,0.7069425792773061,-0.0021043442793016176,-3.2996830702102393,-2.6575869318605667,2.6575869318605667,-0.008335629412964618,0.005556929028809348,0.8433922321496233,-0.03535325170761894,23.025592443282278,5.0,0.4920634920634921,KO,PEP
2023-02-13,54.6409797668457,157.92535400390625,0.4142259182193211,0.7069425792773061,0.007928306711966204,-2.1046691069586307,-3.2996830702102393,3.2996830702102393,-0.013856438374097557,0.006210342132137133,0.8087202631220631,-0.049209690081716495,25.469096076982538,6.0,0.5873015873015872,KO,PEP
2023-02-14,53.73029327392578,156.14862060546875,0.4142259182193211,0.7069425792773061,-0.0008803668309091961,-2.5042804338232263,-2.1046691069586307,2.1046691069586307,0.010032650991267822,0.006518669528490037,0.8112055319855669,-0.03917703909044867,23.380563285869457,7.0,0.5972222222222222,KO,PEP
2023-02-15,53.73029327392578,156.36183166503906,0.4142259182193211,0.7069425792773061,-0.0018449937653004511,-2.265230002944465,-2.5042804338232263,2.5042804338232263,-0.0088086735428754,0.006706637013019912,0.8216276491223943,-0.047985712633324074,23.821963199313867,8.0,0.5813492063492064,KO,PEP
2023-02-16,53.39667892456055,155.9176483154297,0.4142259182193211,0.7069425792773061,-0.006062307071861728,-2.2669860085774145,-2.265230002944465,2.265230002944465,-0.000964626934391255,0.006207759606545847,0.8238645366057473,-0.04895033956771533,22.08929410546668,9.0,0.5416666666666666,KO,PEP
2023-02-17,54.20817565917969,156.60166931152344,0.4142259182193211,0.7069425792773061,0.005926260336202915,-1.341137761077838,-2.2669860085774145,2.2669860085774145,-0.004217313306561277,0.005972821385525519,0.8217018880616916,-0.053167652874276605,24.267750480322587,10.0,0.5436507936507937,KO,PEP
2023-02-21,53.91964721679688,156.51283264160156,0.4142259182193211,0.7069425792773061,0.0009905914239709546,-1.541868741110375,-1.341137761077838,1.341137761077838,0.011988567408064643,0.006530214975078156,0.8078562673073181,-0.04117908546621196,23.348827545380367,11.0,0.628968253968254,KO,PEP
2023-02-22,54.08194732666016,156.45953369140625,0.4142259182193211,0.7069425792773061,0.004236890445667552,-1.2395490586513263,-1.541868741110375,1.541868741110375,-0.004935668912231961,0.00637393351816356,0.8070270131108813,-0.04611475437844392,24.00778349374953,12.0,0.621031746031746,KO,PEP
2023-02-23,54.18112182617188,156.6283416748047,0.4142259182193211,0.7069425792773061,0.005306666770405144,-1.0960871112494837,-1.2395490586513263,1.2395490586513263,0.003246299021696597,0.0064680601038074,0.8065487398174286,-0.042868455356747326,24.483142965239924,13.0,0.6349206349206349,KO,PEP
2023-02-24,53.95570755004883,156.31739807128906,0.4142259182193211,0.7069425792773061,0.002542444217029871,-1.1869244681134015,-1.0960871112494837,1.0960871112494837,0.0010697763247375924,0.006466621309501073,0.8101209989677748,-0.04179867903200973,24.717831456113164,14.0,0.6150793650793651,KO,PEP
2023-02-27,53.93767929077149,156.2729949951172,0.4142259182193211,0.7069425792773061,0.0024090982933064886,-1.12294868425341,-1.1869244681134015,1.1869244681134015,-0.002764222553375273,0.006285104876638987,0.8101564648294445,-0.044562901585385006,25.740783275611285,15.0,0.5992063492063492,KO,PEP
2023-02-28,53.65815734863281,154.15867614746094,0.4142259182193211,0.7069425792773061,0.0068432887583460555,-0.8026872284078649,-1.12294868425341,1.12294868425341,-0.0001333459237233825,0.006294646087789546,0.81079380593928,-0.04469624750910839,24.45331037601633,16.0,0.5972222222222222,KO,PEP
2023-03-01,53.07207107543945,152.20425415039062,0.4142259182193211,0.7069425792773061,0.004880514134101954,-0.862186824794192,-0.8026872284078649,0.8026872284078649,0.004434190465039567,0.006355000083652825,0.7935271855400977,-0.04026205704406882,23.24874782268678,0.0,0.6567460317460317,KO,PEP
2023-03-02,53.84750747680664,155.01260375976562,0.4142259182193211,0.7069425792773061,0.00646075495345233,-0.7344508031429479,-0.862186824794192,0.862186824794192,-0.0019627746242441013,0.006175881213285237,0.7991362323738911,-0.04222483166831292,23.132876053766445,0.0,0.626984126984127,KO,PEP
2023-03-03,53.59503936767578,154.86053466796875,0.4142259182193211,0.7069425792773061,0.002455012461887396,-0.9140602092067873,-0.7344508031429479,0.7344508031429479,0.0015802408193503759,0.006228123907375956,0.8177144067133101,-0.04064459084896255,22.534436703995862,0.0,0.5773809523809523,KO,PEP
2023-03-06,54.42457580566406,155.173583984375,0.4142259182193211,0.7069425792773061,0.016386674554998315,-0.0697304105757302,-0.9140602092067873,0.9140602092067873,-0.004005742491564934,0.005921054028270545,0.8105725467285346,-0.04465033334052748,22.250705087816915,0.0,0.5793650793650793,KO,PEP
2023-03-07,54.10899353027344,154.4044189453125,0.4142259182193211,0.7069425792773061,0.014084161970856712,-0.1643899665925564,-0.0697304105757302,0.0697304105757302,0.01393166209311092,0.006785002778645815,0.8035155310882457,-0.030718671247416562,22.7699565929258,0.0,0.6884920634920635,KO,PEP
2023-03-08,54.13603973388672,154.82476806640625,0.4142259182193211,0.7069425792773061,0.012661925045488687,-0.20841716259393273,-0.1643899665925564,0.1643899665925564,-0.0023025125841416028,0.0067061187339665625,0.8041395264329017,-0.033021183831558165,22.45662688022894,0.0,0.6825396825396826,KO,PEP
2023-03-09,53.61307907104492,153.6531219482422,0.4142259182193211,0.7069425792773061,0.008325020479396983,-0.42922500451439327,-0.20841716259393273,0.20841716259393273,-0.0014222369253680256,0.006708884461010594,0.803840438586404,-0.03444342075692619,22.56963656871946,0.0,0.6884920634920635,KO,PEP
2023-03-10,53.387657165527344,153.85882568359375,0.4142259182193211,0.7069425792773061,0.0031657604018775487,-0.7060084172815458,-0.42922500451439327,0.42922500451439327,-0.004336904566091704,0.006712818680190741,0.8082469739175704,-0.038780325323017895,23.14412507276608,0.0,0.6706349206349206,KO,PEP
2023-03-13,53.92866516113281,155.36138916015625,0.4142259182193211,0.7069425792773061,0.006377930474469995,-0.44029581900360554,-0.7060084172815458,0.7060084172815458,-0.005159260077519434,0.006563557504554701,0.8076590611534364,-0.04393958540053733,22.95653351410226,0.0,0.6626984126984127,KO,PEP
2023-03-14,54.12702560424805,155.20040893554688,0.4142259182193211,0.7069425792773061,0.010782272725543773,-0.06386231602987781,-0.44029581900360554,0.44029581900360554,0.0032121700725924462,0.005831002064552909,0.8124385793466089,-0.04072741532794488,23.080079239979348,0.0,0.5714285714285714,KO,PEP
2023-03-15,54.48769760131836,157.97296142578125,0.4142259182193211,0.7069425792773061,0.0049060249875712,-0.46249903952117194,-0.06386231602987781,0.06386231602987781,0.004404342251073778,0.005486100798554484,0.8112908798463515,-0.036323073076871104,23.991276732874187,0.0,0.5357142857142857,KO,PEP
2023-03-16,54.78752517700195,157.86561584472656,0.4142259182193211,0.7069425792773061,0.010874150158367346,0.1888290296011346,-0.46249903952117194,0.46249903952117194,-0.005876247737972573,0.005280230756877779,0.7994187898958711,-0.04219932081484368,24.165506197922532,0.0,0.5694444444444444,KO,PEP
2023-03-17,54.53312683105469,156.63140869140625,0.4142259182193211,0.7069425792773061,0.01176863070945977,0.41534981328953724,0.1888290296011346,0.1888290296011346,0.005968125170796146,0.005412439538949139,0.7987455513560063,-0.03623119564404753,25.19080906976136,0.0,0.5972222222222222,KO,PEP
2023-03-20,55.06010055541992,158.83155822753906,0.4142259182193211,0.7069425792773061,0.011524516329040502,0.5288929401021488,0.41534981328953724,0.41534981328953724,0.0008944805510924247,0.005296678738538256,0.7997446949973666,-0.03533671509295511,25.440848537170137,0.0,0.5734126984126984,KO,PEP
2023-03-21,54.80569839477539,159.20718383789062,0.4142259182193211,0.7069425792773061,0.0052234678697353765,-0.2798027088285986,0.5288929401021488,0.5288929401021488,-0.00024411438041926914,0.004646289111316053,0.8039462151126082,-0.035580829473374376,23.961339586156484,0.0,0.45039682539682535,KO,PEP
2023-03-22,54.56037902832031,157.86561584472656,0.4142259182193211,0.7069425792773061,0.006719585385463578,0.046283656309592185,-0.2798027088285986,0.2798027088285986,-0.006301048459305125,0.004731667758580649,0.8021618167608091,-0.0418818779326795,23.415751679917726,0.0,0.46825396825396826,KO,PEP
2023-03-23,54.4422607421875,157.0964813232422,0.4142259182193211,0.7069425792773061,0.008005030334707897,0.38418717346096426,0.046283656309592185,0.046283656309592185,0.0014961175157282014,0.004690741835128447,0.7999218986193876,-0.0403857604169513,23.488140669780062,0.0,0.47023809523809523,KO,PEP
2023-03-24,55.33267593383789,160.17311096191406,0.4142259182193211,0.7069425792773061,0.010516775001639278,0.8944310295440049,0.38418717346096426,0.38418717346096426,0.0012854449492443187,0.00469315063161731,0.7972142134540505,-0.03910031546770698,24.260880676784094,0.0,0.4880952380952381,KO,PEP
2023-03-27,55.74153518676758,160.53085327148438,0.4142259182193211,0.7069425792773061,0.016301543207072555,1.8863651776749821,0.8944310295440049,0.8944310295440049,0.0025117446669313814,0.004671004991923089,0.8090816098349399,-0.0365885708007756,24.598227370849017,0.0,0.4285714285714286,KO,PEP
2023-03-28,55.805137634277344,160.47718811035156,0.4142259182193211,0.7069425792773061,0.01767828613812572,1.951456080147858,1.8863651776749821,1.8863651776749821,0.005784768205433277,0.004813216237795907,0.8052858338434913,-0.030803802595342322,23.64655518352497,1.0,0.4801587301587301,KO,PEP
2023-03-29,56.20491409301758,161.58621215820312,0.4142259182193211,0.7069425792773061,0.01994781393718137,2.1312869811929533,1.951456080147858,1.951456080147858,0.0013767429310531654,0.004740013343476526,0.8067677173294787,-0.029427059664289157,22.563691804687068,2.0,0.46031746031746035,KO,PEP
2023-03-30,56.1958236694336,161.7293243408203,0.4142259182193211,0.7069425792773061,0.019160222424594586,1.8480216480684528,2.1312869811929533,2.1312869811929533,0.0022695277990556484,0.004717899343855367,0.8077348869038591,-0.02715753186523351,20.73814279938879,3.0,0.4464285714285714,KO,PEP
2023-03-31,56.35936737060547,163.0440673828125,0.4142259182193211,0.7069425792773061,0.016342541262350352,1.3486298780718509,1.8480216480684528,1.8480216480684528,-0.0007875915125867827,0.004725367584558048,0.8058004449365629,-0.02794512337782029,19.278239946322348,4.0,0.4662698412698413,KO,PEP
2023-04-03,56.69555282592773,163.22291564941406,0.4142259182193211,0.7069425792773061,0.021514810360511394,2.0584331744303097,1.3486298780718509,1.3486298780718509,-0.0028176811622442344,0.004673842002574125,0.8054735785720195,-0.030762804540064526,17.949620153216276,5.0,0.4603174603174603,KO,PEP
2023-04-04,56.52292251586914,162.64161682128906,0.4142259182193211,0.7069425792773061,0.020987485295274944,1.8146067160809278,2.0584331744303097,2.0584331744303097,0.005172269098161042,0.0037275020068062003,0.7983015778427912,-0.025590535441903484,17.18587038439329,6.0,0.42658730158730157,KO,PEP
2023-04-05,57.05898284912109,164.2425079345703,0.4142259182193211,0.7069425792773061,0.02350228621072814,2.013990717497028,1.8146067160809278,1.8146067160809278,-0.0005273250652364503,0.003686421211250131,0.7807059479472799,-0.026117860507139934,13.554328819159956,7.0,0.4365079365079365,KO,PEP
2023-04-06,57.0953254699707,164.88645935058594,0.4142259182193211,0.7069425792773061,0.021372698866312323,1.5424692297713547,2.013990717497028,2.013990717497028,0.002514800915453197,0.0036919006950621855,0.7794471777153279,-0.023603059591686737,11.435828050685942,8.0,0.44047619047619047,KO,PEP
2023-04-10,56.95903778076172,163.8489990234375,0.4142259182193211,0.7069425792773061,0.023444937891713202,1.7222859028738065,1.5424692297713547,1.5424692297713547,-0.0021295873444158175,0.003575560038870447,0.7753403368161156,-0.025732646936102554,10.831319881925966,9.0,0.43253968253968256,KO,PEP
2023-04-11,56.85909652709961,163.59854125976562,0.4142259182193211,0.7069425792773061,0.022770231841163113,1.5135409930486359,1.7222859028738065,1.7222859028738065,0.0020722390254008793,0.003326549604646377,0.7755196656681791,-0.023660407910701675,10.36661763306999,10.0,0.42857142857142855,KO,PEP
2023-04-12,56.95903778076172,163.27658081054688,0.4142259182193211,0.7069425792773061,0.025919016629763814,1.8119058877653216,1.5135409930486359,1.5135409930486359,-0.000674706050550089,0.0033059243178061265,0.7663389082521891,-0.024335113961251764,10.094889442174015,11.0,0.4583333333333333,KO,PEP
2023-04-13,57.376991271972656,164.9043731689453,0.4142259182193211,0.7069425792773061,0.026217024831372893,1.7079670282813615,1.8119058877653216,1.8119058877653216,0.0031487847886007003,0.003248681680969181,0.769685802157615,-0.021186329172651064,9.13012854160333,12.0,0.4503968253968254,KO,PEP
2023-04-14,57.28612518310547,164.12625122070312,0.4142259182193211,0.7069425792773061,0.027975793963741946,1.7878715502878622,1.7079670282813615,1.7079670282813615,0.00029800820160907904,0.002875632884944328,0.7718919070032569,-0.020888320971041985,7.440958823089858,13.0,0.44246031746031744,KO,PEP
2023-04-17,57.65864944458008,164.9669189453125,0.4142259182193211,0.7069425792773061,0.030845838009034843,2.0059291645092667,1.7878715502878622,1.7878715502878622,0.0017587691323690535,0.0026546625516341883,0.7219792791239009,-0.01912955183867293,7.609755222741101,14.0,0.501984126984127,KO,PEP
2023-04-18,57.749507904052734,165.3068389892578,0.4142259182193211,0.7069425792773061,0.03096521610864178,1.8393897700183974,2.0059291645092667,2.0059291645092667,0.0028700440452928966,0.002690799525711315,0.7306655267617383,-0.016259507793380035,8.019453463502886,15.0,0.501984126984127,KO,PEP
2023-04-19,57.85853576660156,165.2084197998047,0.4142259182193211,0.7069425792773061,0.033272400325612406,1.917332575791796,1.8393897700183974,1.8393897700183974,0.00011937809960693713,0.0026838652404025582,0.7334851192553473,-0.016140129693773098,10.813033837212231,16.0,0.5,KO,PEP
2023-04-20,58.112937927246094,165.75399780273438,0.4142259182193211,0.7069425792773061,0.035328996485997965,1.939936825716721,1.917332575791796,1.917332575791796,0.002307184216970626,0.002112373661283208,0.738853245568116,-0.013832945476802472,11.161004385101112,17.0,0.49603174603174605,KO,PEP
2023-04-21,58.19472122192383,165.8255615234375,0.4142259182193211,0.7069425792773061,0.036430169447664085,1.8710016578876723,1.939936825716721,1.939936825716721,0.00205659616038556,0.002117142889172257,0.7374970501247121,-0.011776349316416912,11.389038501645784,18.0,0.498015873015873,KO,PEP
2023-04-24,58.10384750366211,165.9060516357422,0.4142259182193211,0.7069425792773061,0.034524343447694505,1.5664240571838368,1.8710016578876723,1.8710016578876723,0.0011011729616661192,0.0021181547032009165,0.7348699941162193,-0.010675176354750793,12.39966793743084,19.0,0.5,KO,PEP
2023-04-25,58.01299285888672,169.67137145996094,0.4142259182193211,0.7069425792773061,0.01709440801085771,-0.3246517418399469,1.5664240571838368,1.5664240571838368,-0.0019058259999695792,0.0022207674118318787,0.7395220325984528,-0.012581002354720372,10.339726996251438,20.0,0.49603174603174605,KO,PEP
2023-04-26,57.74041366577149,168.62490844726562,0.4142259182193211,0.7069425792773061,0.016758377665252233,-0.3891381419051274,-0.3246517418399469,0.3246517418399469,-0.017429935436836796,0.004459607603228917,0.6785202455498811,-0.03001093779155717,8.926974928570878,0.0,0.5972222222222222,KO,PEP
2023-04-27,57.85853576660156,169.6534423828125,0.4142259182193211,0.7069425792773061,0.014503106650050501,-0.7055508720245275,-0.3891381419051274,0.3891381419051274,-0.00033603034560547584,0.004449542757073119,0.6845536904007462,-0.030346968137162644,8.005764272622546,0.0,0.5932539682539683,KO,PEP
2023-04-28,58.28557586669922,170.72671508789062,0.4142259182193211,0.7069425792773061,0.01739854514792638,-0.4025874216875444,-0.7055508720245275,0.7055508720245275,-0.002255271015201732,0.004441081937825265,0.6791398541225759,-0.030536717802196467,7.658039407794195,0.0,0.5932539682539683,KO,PEP
2023-05-01,58.4218635559082,171.43324279785156,0.4142259182193211,0.7069425792773061,0.01681454808990379,-0.49942007428533797,-0.4025874216875444,0.4025874216875444,0.0028954384978758796,0.00449196229839816,0.6815424252702336,-0.019031624299737704,7.592066234987675,0.0,0.5992063492063492,KO,PEP
2023-05-02,58.15837097167969,171.94305419921875,0.4142259182193211,0.7069425792773061,0.010194976402453815,-1.2816615076746343,-0.49942007428533797,0.49942007428533797,-0.0005839970580225895,0.004450282390227704,0.6697292770855866,-0.019615621357760293,6.977780577457177,0.0,0.5992063492063492,KO,PEP
2023-05-03,57.83128356933594,171.8804473876953,0.4142259182193211,0.7069425792773061,0.004812474793545629,-1.9170347512195625,-1.2816615076746343,1.2816615076746343,-0.006619571687449977,0.0045098272485610625,0.6584347818268801,-0.02623519304521027,6.560200637140515,1.0,0.6071428571428571,KO,PEP
2023-05-04,57.89487457275391,172.9536895751953,0.4142259182193211,0.7069425792773061,0.0015109558160846248,-2.200770349478097,-1.9170347512195625,1.9170347512195625,-0.005382501608908186,0.004630277917620585,0.6576363325081783,-0.031617694654118456,5.7596446398880135,2.0,0.6111111111111112,KO,PEP
2023-05-05,58.16744995117188,173.7496795654297,0.4142259182193211,0.7069425792773061,0.002961897258750845,-1.9512964871604588,-2.200770349478097,2.200770349478097,-0.0033015189774610043,0.004594920529304622,0.6549518906199709,-0.03491921363157946,8.456918518129076,3.0,0.6111111111111112,KO,PEP
2023-05-08,58.07659149169922,172.92684936523438,0.4142259182193211,0.7069425792773061,0.004754496570258837,-1.6811799662996407,-1.9512964871604588,1.9512964871604588,0.0014509414426662204,0.004620979506877956,0.6532685683544772,-0.03346827218891324,11.617710755031506,4.0,0.6130952380952381,KO,PEP
2023-05-09,57.59504318237305,173.63340759277344,0.4142259182193211,0.7069425792773061,-0.006454274703152407,-2.4948034476109,-1.6811799662996407,1.6811799662996407,0.001792599311507992,0.004612317859412219,0.6673755001154356,-0.03167567287740525,11.29586788258663,5.0,0.6051587301587301,KO,PEP
2023-05-10,57.69499206542969,173.7496795654297,0.4142259182193211,0.7069425792773061,-0.00519364471372441,-2.1171770193676065,-2.4948034476109,2.4948034476109,-0.011208771273411244,0.005125494545073957,0.6879655388330687,-0.04288444415081649,12.694276479885763,6.0,0.6845238095238095,KO,PEP
2023-05-11,58.02207565307617,174.7066650390625,0.4142259182193211,0.7069425792773061,-0.0034235119669818737,-1.7859294056003623,-2.1171770193676065,2.1171770193676065,0.001260629989427997,0.005056638870342569,0.6852430556836984,-0.041623814161388495,11.913485276849707,7.0,0.6785714285714286,KO,PEP
2023-05-12,58.24922561645508,175.40426635742188,0.4142259182193211,0.7069425792773061,-0.0023334578466984723,-1.5654459078026588,-1.7859294056003623,1.7859294056003623,0.0017701327467425365,0.005093664241305319,0.6646795943371306,-0.03985368141464596,11.16009868749574,8.0,0.6944444444444444,KO,PEP
2023-05-15,58.09476852416992,173.7496795654297,0.4142259182193211,0.7069425792773061,0.0017115953563200392,-1.176179122980301,-1.5654459078026588,1.5654459078026588,0.0010900541202834013,0.005074439826259246,0.6653098086029898,-0.03876362729436256,11.328828507550938,9.0,0.6904761904761905,KO,PEP
2023-05-16,57.44058990478516,172.99839782714844,0.4142259182193211,0.7069425792773061,-0.006549428077640584,-1.662948308033699,-1.176179122980301,1.176179122980301,0.004045053203018512,0.005131356673034527,0.6636041053015593,-0.034718574091344045,10.967157591845053,10.0,0.7043650793650793,KO,PEP
2023-05-17,57.376991271972656,171.7731170654297,0.4142259182193211,0.7069425792773061,-0.002632432206695068,-1.2804210302863557,-1.662948308033699,1.662948308033699,-0.008261023433960624,0.0053240936387797255,0.6809199381180705,-0.04297959752530467,12.946179679943464,11.0,0.7182539682539683,KO,PEP
2023-05-18,57.05898284912109,171.32594299316406,0.4142259182193211,0.7069425792773061,-0.0063475151921781325,-1.4320823911113592,-1.2804210302863557,1.2804210302863557,0.003916995870945517,0.005398373808816767,0.6805904998221526,-0.03906260165435915,12.698609143424152,12.0,0.7301587301587302,KO,PEP
2023-05-19,57.08624267578125,171.57635498046875,0.4142259182193211,0.7069425792773061,-0.006902402164547183,-1.3651110416255035,-1.4320823911113592,1.4320823911113592,-0.0037150829854830647,0.005338690467203005,0.6848052208747866,-0.04277768463984222,14.331758215177427,13.0,0.7162698412698413,KO,PEP
2023-05-22,55.886905670166016,166.92562866210938,0.4142259182193211,0.7069425792773061,-0.008708659527591589,-1.3792750061170482,-1.3651110416255035,1.3651110416255035,-0.0005548869723690508,0.005301361282299913,0.6851067393428155,-0.04333257161221127,14.927732333688532,14.0,0.7023809523809523,KO,PEP
2023-05-23,55.78696441650391,166.41583251953125,0.4142259182193211,0.7069425792773061,-0.008336208586240623,-1.261079428322006,-1.3792750061170482,1.3792750061170482,-0.0018062573630444057,0.005301650604491397,0.7448805042520819,-0.045138828975255674,16.022328915476297,15.0,0.6845238095238095,KO,PEP
2023-05-24,55.31450653076172,165.36045837402344,0.4142259182193211,0.7069425792773061,-0.012343682417059298,-1.410727015860655,-1.261079428322006,1.261079428322006,0.0003724509413509658,0.003997529657808171,0.7454144110594756,-0.04476637803390471,16.99909816062766,16.0,0.511904761904762,KO,PEP
2023-05-25,54.88747024536133,164.38560485839844,0.4142259182193211,0.7069425792773061,-0.015913797955556586,-1.5146781401711717,-1.410727015860655,1.410727015860655,-0.004007473830818675,0.004034483333627456,0.748642197246518,-0.04877385186472338,19.667210678485958,17.0,0.5277777777777778,KO,PEP
2023-05-26,54.75118637084961,164.18885803222656,0.4142259182193211,0.7069425792773061,-0.017553235199528228,-1.5007648704421612,-1.5146781401711717,1.5146781401711717,-0.003570115538497287,0.0040576328305735,0.7397226320403277,-0.05234396740322067,20.908472529609483,18.0,0.5337301587301587,KO,PEP
2023-05-30,54.315059661865234,162.42691040039062,0.4142259182193211,0.7069425792773061,-0.01792338304945762,-1.4269464682725062,-1.5007648704421612,1.5007648704421612,-0.001639437243971642,0.003929185226948408,0.71851432618055,-0.05398340464719231,24.03292152212371,19.0,0.5238095238095238,KO,PEP
2023-05-31,54.20603942871094,163.08876037597656,0.4142259182193211,0.7069425792773061,-0.022807347840603676,-1.6137238286799098,-1.4269464682725062,1.4269464682725062,-0.000370147849929392,0.003932626617803332,0.7280345729291129,-0.054353552497121704,22.826156102848643,20.0,0.5218253968253967,KO,PEP
2023-06-01,54.51494598388672,164.0839385986328,0.4142259182193211,0.7069425792773061,-0.021425477664272385,-1.450761938374784,-1.6137238286799098,1.6137238286799098,-0.004883964791146056,0.0038420303732331833,0.7541843227171442,-0.05923751728826776,28.121548158132885,21.0,0.49603174603174605,KO,PEP
2023-06-02,55.56891250610352,165.7681121826172,0.4142259182193211,0.7069425792773061,-0.009495604475560526,-0.655497917464255,-1.450761938374784,1.450761938374784,0.0013818701763312902,0.003796039727166459,0.753555193528831,-0.05785564711193647,27.585522072761986,22.0,0.49007936507936506,KO,PEP
2023-06-05,55.196388244628906,165.8851776123047,0.4142259182193211,0.7069425792773061,-0.016721067584774207,-1.1269495764151363,-0.655497917464255,0.655497917464255,0.01192987318871186,0.00473278188770086,0.7482720719989977,-0.04592577392322461,20.447796022818565,0.0,0.5932539682539683,KO,PEP
2023-06-06,54.79661178588867,163.5165557861328,0.4142259182193211,0.7069425792773061,-0.013823256798233263,-0.900335794054491,-1.1269495764151363,1.1269495764151363,-0.007225463109213681,0.004923275521564157,0.7355275052578055,-0.05315123703243829,22.183497504355017,1.0,0.6369047619047619,KO,PEP
2023-06-07,54.71484375,162.21067810058594,0.4142259182193211,0.7069425792773061,-0.00964812349071309,-0.49444091381390237,-0.900335794054491,0.900335794054491,0.002897810786540944,0.004960196777992667,0.7450846209207099,-0.05025342624589735,20.20265517429713,0.0,0.6329365079365079,KO,PEP
2023-06-08,54.85112380981445,164.00289916992188,0.4142259182193211,0.7069425792773061,-0.014928466504819493,-0.9148188062383777,-0.49444091381390237,0.49444091381390237,0.0041751333075201735,0.004475560516355622,0.7358853811153402,-0.046078292938377174,17.777115578619135,0.0,0.5654761904761905,KO,PEP
2023-06-09,54.94198226928711,164.22805786132812,0.4142259182193211,0.7069425792773061,-0.01424327317179852,-0.8007239266786876,-0.9148188062383777,0.9148188062383777,-0.005280343014106403,0.004597158735709896,0.736777432195047,-0.05135863595248358,19.934623901616355,0.0,0.5753968253968255,KO,PEP
2023-06-12,54.70575714111328,163.82275390625,0.4142259182193211,0.7069425792773061,-0.016805236702571058,-1.023321010363123,-0.8007239266786876,0.8007239266786876,0.0006851933330209725,0.004576562383096938,0.7351041287242494,-0.050673442619462605,21.730676484132605,0.0,0.5773809523809523,KO,PEP
2023-06-13,54.92381286621094,163.49855041503906,0.4142259182193211,0.7069425792773061,-0.011426767634751922,-0.3930338138643422,-1.023321010363123,1.023321010363123,-0.0025619635307725375,0.004580696707593829,0.7427852993985921,-0.05323540615023514,24.021952346406156,1.0,0.5634920634920635,KO,PEP
2023-06-14,55.29634475708008,164.96656799316406,0.4142259182193211,0.7069425792773061,-0.01098611930673421,-0.27825766156999,-0.3930338138643422,0.3930338138643422,0.005378469067819136,0.004658658125983604,0.7335204780706984,-0.04785693708241601,21.076212036729622,0.0,0.6011904761904762,KO,PEP
2023-06-15,56.05619812011719,167.25413513183594,0.4142259182193211,0.7069425792773061,-0.007073923646299551,0.3164543889207194,-0.27825766156999,0.27825766156999,0.00044064832801771203,0.004322373139373453,0.7272666483072002,-0.047416288754398295,18.53478476068009,0.0,0.5634920634920635,KO,PEP
2023-06-16,56.459022521972656,167.5513458251953,0.4142259182193211,0.7069425792773061,-0.0011686616297561514,1.188407238057852,0.3164543889207194,0.3164543889207194,0.003912195660434659,0.004322143441018436,0.7482697065634483,-0.043504093093963636,17.64125838972014,0.0,0.5277777777777778,KO,PEP
2023-06-20,56.08366012573242,166.8938751220703,0.4142259182193211,0.7069425792773061,-0.0050597684672180065,0.6985739380369486,1.188407238057852,1.188407238057852,0.0059052620165434,0.004440349493503477,0.7409840259883737,-0.037598831077420236,15.43112780855139,1.0,0.5436507936507937,KO,PEP
2023-06-21,56.239295959472656,167.00196838378906,0.4142259182193211,0.7069425792773061,-0.002746268263705165,1.162730716865104,0.6985739380369486,0.6985739380369486,-0.003891106837461855,0.0045295592866276355,0.7421763198591018,-0.04148993791488209,14.820245011830439,0.0,0.5615079365079365,KO,PEP
2023-06-22,56.62380599975586,168.7311553955078,0.4142259182193211,0.7069425792773061,-0.003214752474423044,1.054195080131546,1.162730716865104,1.162730716865104,0.0023135002035128416,0.0045322186819456226,0.7136034763914761,-0.03917643771136925,15.356464022044305,1.0,0.5972222222222222,KO,PEP
2023-06-23,56.02873229980469,167.57835388183594,0.4142259182193211,0.7069425792773061,-0.008933080425569173,0.16028224019054646,1.054195080131546,1.054195080131546,-0.0004684842107178788,0.004535233848521137,0.7236525899568519,-0.03964492192208713,13.95567172496484,2.0,0.5932539682539683,KO,PEP
2023-06-26,56.04704284667969,166.515625,0.4142259182193211,0.7069425792773061,-0.004108845425184526,0.9466491785005501,0.16028224019054646,0.16028224019054646,-0.005718327951146129,0.004629990305635883,0.7295814385872259,-0.04536324987323326,14.196108819681701,0.0,0.6011904761904762,KO,PEP
2023-06-27,55.92802810668945,167.7134552001953,0.4142259182193211,0.7069425792773061,-0.011301770614772,-0.1755378227608473,0.9466491785005501,0.9466491785005501,0.004824235000384647,0.004652297755256872,0.7196724525389624,-0.04053901487284861,14.42653042942222,0.0,0.621031746031746,KO,PEP
2023-06-28,55.40620040893555,165.4438934326172,0.4142259182193211,0.7069425792773061,-0.011043980908536977,-0.06655994636902436,-0.1755378227608473,0.1755378227608473,-0.0071929251895874735,0.004934276599041328,0.7096649178686172,-0.047731940062436085,14.698549499598858,0.0,0.6785714285714286,KO,PEP
2023-06-29,54.94844436645508,165.60601806640625,0.4142259182193211,0.7069425792773061,-0.0200325388292959,-1.5438061855859242,-0.06655994636902436,0.06655994636902436,0.0002577897062350232,0.004931829726382838,0.7205604832958595,-0.04747415035620106,15.39263770300075,0.0,0.6706349206349207,KO,PEP
2023-06-30,55.13154602050781,166.8128204345703,0.4142259182193211,0.7069425792773061,-0.02183877842215587,-1.7197920850514268,-1.5438061855859242,1.5438061855859242,-0.008988557920758922,0.005221978939313694,0.7136882963769136,-0.05646270827695998,16.166042747011293,1.0,0.7281746031746031,KO,PEP
2023-07-03,55.461124420166016,167.15504455566406,0.4142259182193211,0.7069425792773061,-0.01732737871529899,-0.8883870387374339,-1.7197920850514268,1.7197920850514268,-0.0018062395928599706,0.005230251688551588,0.7147063338583615,-0.058268947869819954,18.523344333716715,2.0,0.7301587301587302,KO,PEP
2023-07-05,55.87309646606445,168.03765869140625,0.4142259182193211,0.7069425792773061,-0.013649695007376561,-0.22448062720697484,-0.8883870387374339,0.8883870387374339,0.004511399706856878,0.004593926501463257,0.7036632610325831,-0.053757548162963076,17.146520115356637,0.0,0.6051587301587302,KO,PEP
2023-07-06,55.442813873291016,168.05569458007812,0.4142259182193211,0.7069425792773061,-0.021456444541993136,-1.4564170812366992,-0.22448062720697484,0.22448062720697484,0.00367768370792243,0.004393156167503559,0.7059075829010321,-0.050079864455040646,16.609302927817556,0.0,0.5734126984126984,KO,PEP
2023-07-07,54.710411071777344,164.885498046875,0.4142259182193211,0.7069425792773061,-0.021291405518094386,-1.3271914416095665,-1.4564170812366992,1.4564170812366992,-0.007806749534616575,0.004669597637388148,0.6998258641236368,-0.05788661398965722,19.82416198362193,1.0,0.6329365079365079,KO,PEP
2023-07-10,54.29843521118164,165.9842529296875,0.4142259182193211,0.7069425792773061,-0.03354527642755878,-2.766554881452571,-1.3271914416095665,1.3271914416095665,0.0001650390238987498,0.004554301914585712,0.7206013001619315,-0.05772157496575847,18.313404568790332,2.0,0.5833333333333333,KO,PEP
2023-07-11,54.490684509277344,165.69607543945312,0.4142259182193211,0.7069425792773061,-0.028782483056084995,-1.9057406692679653,-2.766554881452571,2.766554881452571,-0.012253870909464393,0.005131070398740714,0.7001354937702629,-0.06997544587522286,23.885169875801097,3.0,0.7281746031746031,KO,PEP
2023-07-12,54.78364944458008,164.96656799316406,0.4142259182193211,0.7069425792773061,-0.02030114559130336,-0.7685410755346156,-1.9057406692679653,1.9057406692679653,0.0047627933714737836,0.00527035211781151,0.687370133724937,-0.06521265250374908,26.849176909277954,4.0,0.753968253968254,KO,PEP
2023-07-13,55.25056076049805,168.8932647705078,0.4142259182193211,0.7069425792773061,-0.028444632964392813,-1.7040218702117524,-0.7685410755346156,0.7685410755346156,0.008481337464781635,0.00561631560379203,0.6732794698767461,-0.056731315038967445,19.499720384553214,0.0,0.8214285714285714,KO,PEP
2023-07-14,55.75408554077149,169.50570678710938,0.4142259182193211,0.7069425792773061,-0.02193131565615758,-0.8980823243641282,-1.7040218702117524,1.7040218702117524,-0.008143487373089453,0.005720048768319911,0.6791130017073093,-0.0648748024120569,21.18282730927195,1.0,0.8273809523809523,KO,PEP
2023-07-17,55.671688079833984,167.18209838867188,0.4142259182193211,0.7069425792773061,-0.013652376931141852,0.10733103038242194,-0.8980823243641282,0.8980823243641282,0.006513317308235234,0.005937587096247317,0.6757983895346478,-0.058361485103821664,16.4071702683042,0.0,0.8412698412698413,KO,PEP
2023-07-18,55.45196533203125,166.1193389892578,0.4142259182193211,0.7069425792773061,-0.013098639258039224,0.19393938303663577,0.10733103038242194,0.10733103038242194,0.008278938725015728,0.0061731694688094505,0.6653029344973354,-0.05008254637880594,14.45747212388046,0.0,0.8551587301587301,KO,PEP
2023-07-19,56.43155670166016,167.7494659423828,0.4142259182193211,0.7069425792773061,-0.0024906798600237146,1.4342569240573306,0.19393938303663577,0.19393938303663577,0.0005537376731026278,0.006011000398477286,0.6660516902558627,-0.04952880870570331,13.766341960836494,0.0,0.8511904761904762,KO,PEP
2023-07-20,57.11818313598633,170.4873809814453,0.4142259182193211,0.7069425792773061,-0.0018418693696391486,1.4136174772713954,1.4342569240573306,1.4342569240573306,0.01060795939801551,0.0064296843370272505,0.670397358748044,-0.03701502330771822,11.35763090973729,1.0,0.876984126984127,KO,PEP
2023-07-21,57.16394805908203,171.2618865966797,0.4142259182193211,0.7069425792773061,-0.004245248380749356,1.0884333484805297,1.4136174772713954,1.4136174772713954,0.000648810490384566,0.006411608999629701,0.6866825389312953,-0.01924041451756553,11.35983504352331,2.0,0.8492063492063492,KO,PEP
2023-07-24,57.18226623535156,171.94635009765625,0.4142259182193211,0.7069425792773061,-0.00674457846885268,0.7574358113475795,1.0884333484805297,1.0884333484805297,-0.002403379011110207,0.0064331918721398955,0.7314464816412731,-0.021643793528675737,10.481597272913671,3.0,0.8115079365079365,KO,PEP
2023-07-25,56.99001693725586,172.34263610839844,0.4142259182193211,0.7069425792773061,-0.011739707978924763,0.16995342967283605,0.7574358113475795,0.7574358113475795,-0.0024993300881033242,0.006328823542561824,0.728853690362809,-0.02414312361677906,9.334614186893315,0.0,0.8055555555555556,KO,PEP
2023-07-26,57.722412109375,172.5587921142578,0.4142259182193211,0.7069425792773061,0.00014359615415182603,1.4299367970358,0.16995342967283605,0.16995342967283605,-0.004995129510072083,0.006324896038735247,0.7257065424425077,-0.029138253126851144,9.256885719549445,0.0,0.8095238095238095,KO,PEP
2023-07-27,57.16394805908203,169.79388427734375,0.4142259182193211,0.7069425792773061,0.001840558362576683,1.507904439656526,1.4299367970358,1.4299367970358,0.011883304133076589,0.006655533879766199,0.7084881008189786,-0.016670951935751965,9.851388273289185,1.0,0.8591269841269842,KO,PEP
2023-07-28,57.20057678222656,171.39700317382812,0.4142259182193211,0.7069425792773061,-0.004162207863938061,0.8291477883157243,1.507904439656526,1.507904439656526,0.001696962208424857,0.006659523643290155,0.7165143040253018,-0.008354418039877132,10.05130672988743,2.0,0.8492063492063492,KO,PEP
2023-07-31,56.697052001953125,168.83023071289062,0.4142259182193211,0.7069425792773061,-0.002337013193382642,0.9934737814326083,0.8291477883157243,0.8291477883157243,-0.006002766226514744,0.006472755708931489,0.7173527766448187,-0.00897468265748369,10.555825935114802,0.0,0.8333333333333333,KO,PEP
2023-08-01,56.550567626953125,168.25384521484375,0.4142259182193211,0.7069425792773061,-0.0025063621483614185,0.9852368184094523,0.9934737814326083,0.9934737814326083,0.001825194670555419,0.006448168698802409,0.7266846551732864,-0.007091509763641479,10.354560063574572,0.0,0.8134920634920635,KO,PEP
2023-08-02,56.72451019287109,169.59571838378906,0.4142259182193211,0.7069425792773061,-0.005050914521719019,0.7172092269775157,0.9852368184094523,0.9852368184094523,-0.00016934895497877633,0.006400337330429798,0.7282986235958582,-0.0072608587186202556,10.676970344821033,0.0,0.8015873015873016,KO,PEP
2023-08-03,56.43155670166016,168.52401733398438,0.4142259182193211,0.7069425792773061,-0.005747340608714069,0.6600382384059262,0.7172092269775157,0.7172092269775157,-0.0025445523733576003,0.006401257390165435,0.7271737049887576,-0.009805411091977856,11.576530039701103,0.0,0.8055555555555556,KO,PEP
2023-08-04,55.58013916015625,166.25448608398438,0.4142259182193211,0.7069425792773061,-0.011364769969335331,0.09360003845226555,0.6600382384059262,0.6600382384059262,-0.00069642608699505,0.006125437733232056,0.7293622809791386,-0.007587898971290752,12.67726846958704,0.0,0.7638888888888888,KO,PEP
2023-08-07,56.01957702636719,168.3168487548828,0.4142259182193211,0.7069425792773061,-0.012205051700947323,0.01479201679977152,0.09360003845226555,0.09360003845226555,-0.005617429360621262,0.006282355911080076,0.7559628158739264,-0.013205328331912014,13.321663482135481,0.0,0.7281746031746031,KO,PEP
2023-08-08,55.77239227294922,166.11038208007812,0.4142259182193211,0.7069425792773061,-0.0072986926001812336,0.561126303369547,0.01479201679977152,0.01479201679977152,-0.0008402817316119915,0.005577030043352371,0.7611932726249186,-0.014045610063524006,14.037380203589679,0.0,0.6706349206349207,KO,PEP
2023-08-09,55.90056228637695,165.69607543945312,0.4142259182193211,0.7069425792773061,-0.00323780477966773,0.9590165780735396,0.561126303369547,0.561126303369547,0.004906359100766089,0.005581872615739586,0.7571816624998468,-0.009139250962757917,13.466329567720608,0.0,0.6726190476190477,KO,PEP
2023-08-10,55.77239227294922,165.48892211914062,0.4142259182193211,0.7069425792773061,-0.004648885941906489,0.7768022384442945,0.9590165780735396,0.9590165780735396,0.0040608878205135035,0.005367604425165446,0.7538490095177054,-0.005078363142244413,13.08913086440302,0.0,0.6587301587301587,KO,PEP
2023-08-11,56.00126647949219,165.7501220703125,0.4142259182193211,0.7069425792773061,-0.001668489936851092,1.022516320728939,0.7768022384442945,0.7768022384442945,-0.0014110811622387587,0.004990712924606386,0.7556111360287274,-0.006489444304483172,13.905776667356276,0.0,0.5833333333333333,KO,PEP
2023-08-14,55.73577499389648,165.37184143066406,0.4142259182193211,0.7069425792773061,-0.004805322792308164,0.6406145544307235,1.022516320728939,1.022516320728939,0.002980396005055397,0.004859971920789342,0.7594851459787676,-0.003509048299427775,13.989894422822621,1.0,0.5396825396825397,KO,PEP
2023-08-15,55.36041641235352,163.32745361328125,0.4142259182193211,0.7069425792773061,-0.0027687551595119153,0.8045506167332994,0.6406145544307235,0.6406145544307235,-0.0031368328554570724,0.004638431967419072,0.7610948274367987,-0.006645881154884847,14.062133406067668,0.0,0.498015873015873,KO,PEP
2023-08-16,55.36957550048828,163.20135498046875,0.4142259182193211,0.7069425792773061,-0.002057311071167245,0.8310492588785667,0.8045506167332994,0.8045506167332994,0.002036567632796249,0.004651452449032269,0.7644481133757444,-0.004609313522088598,13.913743446950118,0.0,0.4900793650793651,KO,PEP
2023-08-17,55.488582611083984,160.7156219482422,0.4142259182193211,0.7069425792773061,0.010940047764024463,1.9946800987997684,0.8310492588785667,0.8310492588785667,0.0007114440883446704,0.004037471254771688,0.7643762988689605,-0.003897869433743928,14.00878912684496,0.0,0.4166666666666667,KO,PEP
2023-08-18,55.79986190795898,160.4724578857422,0.4142259182193211,0.7069425792773061,0.017604581449050638,2.347325038561001,1.9946800987997684,1.9946800987997684,0.012997358835191708,0.004931401344674869,0.7042775140638973,0.0,13.673475043969782,1.0,0.6626984126984127,KO,PEP
2023-08-21,55.32379913330078,159.4547882080078,0.4142259182193211,0.7069425792773061,0.013533867221920737,1.9076062970320498,2.347325038561001,2.347325038561001,0.006664533685026175,0.005046346599838625,0.6992224756241456,0.0,14.329047546789925,2.0,0.6904761904761905,KO,PEP
2023-08-22,54.98506164550781,158.23895263671875,0.4142259182193211,0.7069425792773061,0.012803290256150124,1.7652785895878298,1.9076062970320498,1.9076062970320498,-0.004070714227129901,0.0051134446742953765,0.6991996702075253,-0.004070714227129901,13.869037569700819,3.0,0.7023809523809523,KO,PEP
2023-08-23,55.17732620239258,160.41842651367188,0.4142259182193211,0.7069425792773061,0.006623367478387099,1.0739010060044807,1.7652785895878298,1.7652785895878298,-0.0007305769657706129,0.00494455044713599,0.7005695103818909,-0.004801291192900514,13.781746011252828,4.0,0.6626984126984127,KO,PEP
2023-08-24,55.03084182739258,159.5718536376953,0.4142259182193211,0.7069425792773061,0.007705656769694258,1.1794404371523097,1.0739010060044807,1.0739010060044807,-0.006179922777763025,0.0045495531495027,0.6973307837776543,-0.01098121397066354,13.355399077731043,5.0,0.5773809523809524,KO,PEP
2023-08-25,55.28717803955078,161.58920288085938,0.4142259182193211,0.7069425792773061,0.003471556929934838,0.6460716196720231,1.1794404371523097,1.1794404371523097,0.0010822892913071591,0.004542244761297628,0.6917656136983028,-0.00989892467935638,13.231681900175655,6.0,0.5753968253968255,KO,PEP
2023-08-28,55.442813873291016,162.33673095703125,0.4142259182193211,0.7069425792773061,0.003019799123250344,0.537876238316195,0.6460716196720231,0.6460716196720231,-0.00423409983975942,0.004434751397955863,0.6965410468680068,-0.0141330245191158,13.195652395612218,0.0,0.5496031746031745,KO,PEP
2023-08-29,55.38788604736328,162.9491729736328,0.4142259182193211,0.7069425792773061,-0.0006334421337430562,0.003957988362953138,0.537876238316195,0.537876238316195,-0.00045175780668449406,0.004425449666986019,0.6947399869463479,-0.014584782325800294,13.265869878511477,0.0,0.5476190476190476,KO,PEP
2023-08-30,55.36041641235352,163.0842742919922,0.4142259182193211,0.7069425792773061,-0.0017153993286513902,-0.14824021595288644,0.003957988362953138,0.003957988362953138,-0.0036532412569934003,0.004507044309492105,0.6902094072112109,-0.018238023582793694,13.59261283146985,0.0,0.5654761904761905,KO,PEP
2023-08-31,54.77450180053711,161.36558532714844,0.4142259182193211,0.7069425792773061,-0.004865682545496686,-0.5643542539596961,-0.14824021595288644,0.14824021595288644,-0.001081957194908334,0.004475399206407491,0.6973287564619274,-0.019319980777702028,13.95813297480692,0.0,0.5515873015873016,KO,PEP
2023-09-01,54.29843521118164,159.0075225830078,0.4142259182193211,0.7069425792773061,-0.003188165960445133,-0.3405296848342572,-0.5643542539596961,0.5643542539596961,-0.0031502832168452954,0.004530676843580235,0.6984343069935124,-0.022470263994547324,13.94263359605277,0.0,0.5575396825396826,KO,PEP
2023-09-05,53.8498420715332,157.95542907714844,0.4142259182193211,0.7069425792773061,-0.006790985143000139,-0.8336457617844429,-0.3405296848342572,0.3405296848342572,0.0016775165850515528,0.004350259911095822,0.7091142853558584,-0.02079274740949577,13.589684801389323,0.0,0.503968253968254,KO,PEP
2023-09-06,53.81321716308594,158.4723663330078,0.4142259182193211,0.7069425792773061,-0.009781164653119845,-1.2678357518541898,-0.8336457617844429,0.8336457617844429,-0.003602819182555006,0.004430839059233983,0.7137732940199846,-0.024395566592050777,14.263086223625812,0.0,0.503968253968254,KO,PEP
2023-09-07,53.4012451171875,159.9870147705078,0.4142259182193211,0.7069425792773061,-0.024190946794812707,-2.7216858707450333,-1.2678357518541898,1.2678357518541898,-0.002990179510119706,0.004351281315392927,0.7120401554838923,-0.027385746102170483,14.194520083468463,1.0,0.498015873015873,KO,PEP
2023-09-08,53.4012451171875,159.8690948486328,0.4142259182193211,0.7069425792773061,-0.023669696051192624,-2.315288575861614,-2.7216858707450333,2.7216858707450333,-0.014409782141692862,0.005235362540232275,0.6800289903734436,-0.041795528243863345,15.653605316358847,2.0,0.7400793650793651,KO,PEP
2023-09-11,53.90476989746094,162.28160095214844,0.4142259182193211,0.7069425792773061,-0.0248732200072439,-2.1711744158152038,-2.315288575861614,2.315288575861614,0.0005212507436200831,0.005245584419296442,0.6841353247485037,-0.04127427750024326,15.6422412939317,3.0,0.7341269841269842,KO,PEP
2023-09-12,53.37377548217773,161.6830291748047,0.4142259182193211,0.7069425792773061,-0.03216029835791323,-2.481288219006485,-2.1711744158152038,2.1711744158152038,-0.0012035239560512778,0.005167472368304631,0.6903407274614848,-0.04247780145629454,17.127721159494975,4.0,0.7003968253968254,KO,PEP
2023-09-13,53.501953125,162.9618377685547,0.4142259182193211,0.7069425792773061,-0.03533113144000488,-2.3884830697283235,-2.481288219006485,2.481288219006485,-0.007287078350669329,0.0053236521512106845,0.6723813634311578,-0.04976487980696387,20.196577973370573,5.0,0.7718253968253967,KO,PEP
2023-09-14,53.94487380981445,164.3675994873047,0.4142259182193211,0.7069425792773061,-0.0331587853885722,-1.9911357825370977,-2.3884830697283235,2.3884830697283235,-0.003170833082091651,0.005277932058161882,0.6765424231676268,-0.05293571288905552,22.507534867779643,6.0,0.748015873015873,KO,PEP
2023-09-15,53.46503829956055,163.10694885253906,0.4142259182193211,0.7069425792773061,-0.036650565482034825,-2.0141133858866342,-1.9911357825370977,1.9911357825370977,0.002172346051432683,0.00531974906881708,0.6821169021331247,-0.050763366837622836,20.788258860495077,7.0,0.748015873015873,KO,PEP
2023-09-18,53.79723358154297,162.68972778320312,0.4142259182193211,0.7069425792773061,-0.028645822919545427,-1.38433614646721,-2.0141133858866342,2.0141133858866342,-0.0034917800934626264,0.004149563569900934,0.6868452990212867,-0.05425514693108546,21.79893411031606,8.0,0.5059523809523809,KO,PEP
2023-09-19,53.68650436401367,161.72836303710938,0.4142259182193211,0.7069425792773061,-0.026516363221780637,-1.1848571035124211,-1.38433614646721,1.38433614646721,0.008004742562489398,0.004303055768344908,0.6704442954236747,-0.046250404368596065,17.009664789276393,9.0,0.5436507936507936,KO,PEP
2023-09-20,53.92641830444336,161.78277587890625,0.4142259182193211,0.7069425792773061,-0.02229533233122405,-0.8696259634583015,-1.1848571035124211,1.1848571035124211,0.0021294596977647906,0.004387730680422556,0.6677422843772489,-0.044120944670831275,15.75840089651461,10.0,0.5595238095238095,KO,PEP
2023-09-21,53.0959358215332,159.06190490722656,0.4142259182193211,0.7069425792773061,-0.025824928706208006,-1.0287150703315637,-0.8696259634583015,0.8696259634583015,0.004221030890556587,0.004587659273026272,0.6697342232381835,-0.03989991378027469,14.78165137963702,0.0,0.6011904761904762,KO,PEP
2023-09-22,53.15129852294922,158.96214294433594,0.4142259182193211,0.7069425792773061,-0.024339253953898687,-0.8841257471183168,-1.0287150703315637,1.0287150703315637,-0.0035295963749839565,0.004495275443458668,0.6956520825561834,-0.043429510155258644,15.892629182734568,1.0,0.5218253968253969,KO,PEP
2023-09-25,52.59763717651367,158.10960388183594,0.4142259182193211,0.7069425792773061,-0.0310089434052343,-1.2092338468627892,-0.8841257471183168,0.8841257471183168,0.0014856747523093183,0.004508251804806549,0.6870040534589499,-0.041943835402949325,14.432608432378466,0.0,0.5357142857142857,KO,PEP
2023-09-26,52.1639404296875,156.468017578125,0.4142259182193211,0.7069425792773061,-0.031910421415259016,-1.1824473972279048,-1.2092338468627892,1.2092338468627892,-0.006669689451335614,0.004609459906708209,0.6962736802852719,-0.04861352485428494,15.598985219383326,1.0,0.5476190476190477,KO,PEP
2023-09-27,51.62873077392578,153.79251098632812,0.4142259182193211,0.7069425792773061,-0.030030739121498673,-1.004926531035415,-1.1824473972279048,1.1824473972279048,-0.0009014780100247144,0.004604292670662898,0.6996538203459594,-0.049515002864309654,14.98758203092764,2.0,0.5317460317460317,KO,PEP
2023-09-28,51.499549865722656,153.72898864746094,0.4142259182193211,0.7069425792773061,-0.03224393210752874,-1.0614199882682456,-1.004926531035415,1.004926531035415,0.001879682293760343,0.004647435936192176,0.709856686722805,-0.04763532057054931,14.807805814618977,3.0,0.5277777777777778,KO,PEP
2023-09-29,51.65642166137695,153.67459106445312,0.4142259182193211,0.7069425792773061,-0.028952282533516005,-0.8152710347093519,-1.0614199882682456,1.0614199882682456,-0.002213192986030066,0.004649254215838137,0.7065536214721738,-0.04984851355657938,14.543852644288734,4.0,0.5357142857142857,KO,PEP
2023-10-02,51.19503784179688,153.42971801757812,0.4142259182193211,0.7069425792773061,-0.03679681315798389,-1.2218585543597984,-0.8152710347093519,0.8152710347093519,0.003291649574012734,0.004747701120405231,0.7130628401643475,-0.04655686398256664,13.675075579958245,0.0,0.5515873015873016,KO,PEP
2023-10-03,50.64137268066406,152.09646606445312,0.4142259182193211,0.7069425792773061,-0.04150060286862445,-1.4378080466708796,-1.2218585543597984,1.2218585543597984,-0.007844530624467883,0.004909516646400865,0.6904354100414279,-0.054401394607034526,14.070246463751696,1.0,0.6190476190476191,KO,PEP
2023-10-04,50.78902053833008,153.19393920898438,0.4142259182193211,0.7069425792773061,-0.04367201353381622,-1.5055893891891186,-1.4378080466708796,1.4378080466708796,-0.00470378971064056,0.00493685925358911,0.7166493150200404,-0.059105184317675086,14.91028130049662,2.0,0.5793650793650793,KO,PEP
2023-10-05,48.3344612121582,145.20362854003906,0.4142259182193211,0.7069425792773061,-0.05533820514636911,-2.0853443149774096,-1.5055893891891186,1.5055893891891186,-0.0021714106651917753,0.004929674597827813,0.7214192926781313,-0.06127659498286686,14.70396966769091,3.0,0.5615079365079365,KO,PEP
2023-10-06,49.035762786865234,145.37596130371094,0.4142259182193211,0.7069425792773061,-0.041771636131675116,-1.164689948115771,-2.0853443149774096,2.0853443149774096,-0.01166619161255289,0.004601162542939039,0.8338036155275961,-0.07294278659541975,17.82695103008058,4.0,0.1865079365079365,KO,PEP
2023-10-09,48.795841217041016,146.3463897705078,0.4142259182193211,0.7069425792773061,-0.051379807059336535,-1.7044701307971113,-1.164689948115771,1.164689948115771,0.013566569014693997,0.005653837638412943,0.8241693179383714,-0.059376217580725754,11.718984685897842,5.0,0.40079365079365076,KO,PEP
2023-10-10,49.85702896118164,149.10353088378906,0.4142259182193211,0.7069425792773061,-0.043060177705595226,-1.0919954711897706,-1.7044701307971113,1.7044701307971113,-0.009608170927661419,0.005964227248225147,0.8152504100277044,-0.06898438850838717,12.642387383610895,6.0,0.45634920634920634,KO,PEP
2023-10-11,49.561744689941406,147.4891357421875,0.4142259182193211,0.7069425792773061,-0.04130435707121327,-0.9186139031145643,-1.0919954711897706,1.0919954711897706,0.008319629353741309,0.006151196812133691,0.8353789065626679,-0.060664759154645864,9.877467811200598,7.0,0.41468253968253965,KO,PEP
2023-10-12,48.73125457763672,143.37158203125,0.4142259182193211,0.7069425792773061,-0.03818609028094366,-0.636749436542304,-0.9186139031145643,0.9186139031145643,0.001755820634381955,0.006139745782055408,0.8352357346810028,-0.05890893852026391,8.940351368154836,0.0,0.4126984126984127,KO,PEP
2023-10-13,48.80507278442383,145.11293029785156,0.4142259182193211,0.7069425792773061,-0.045207022044378764,-1.1582419436272797,-0.636749436542304,0.636749436542304,0.003118266790269608,0.0061622006916015395,0.8405056588270577,-0.0557906717299943,8.376598074146932,0.0,0.4107142857142857,KO,PEP
2023-10-16,49.303367614746094,146.0924530029297,0.4142259182193211,0.7069425792773061,-0.039804772601867544,-0.6587189739927236,-1.1582419436272797,1.1582419436272797,-0.007020931763435101,0.006301421840172577,0.8301132708070276,-0.0628116034934294,12.887716073196849,1.0,0.44047619047619047,KO,PEP
2023-10-17,49.8939323425293,145.44850158691406,0.4142259182193211,0.7069425792773061,-0.0247747868786945,0.919283523219319,-0.6587189739927236,0.6587189739927236,0.00540224944251122,0.00615102137554405,0.8313941987918034,-0.05740935405091818,11.503057126373282,0.0,0.4107142857142857,KO,PEP
2023-10-18,49.8754768371582,146.9540557861328,0.4142259182193211,0.7069425792773061,-0.032424780637225314,0.2156331625171337,0.919283523219319,0.919283523219319,0.015029985723173045,0.007014775851640121,0.8133201091694875,-0.04237936832774514,9.478226557630848,0.0,0.5376984126984127,KO,PEP
2023-10-19,50.15230178833008,145.62081909179688,0.4142259182193211,0.7069425792773061,-0.020446816284140024,1.5950946296718043,0.2156331625171337,0.2156331625171337,-0.007649993758530815,0.007140967287280965,0.8101845427465065,-0.05002936208627595,9.239710764354255,0.0,0.5595238095238095,KO,PEP
2023-10-20,50.35532379150391,145.11293029785156,0.4142259182193211,0.7069425792773061,-0.013936930746225595,2.1760965529751313,1.5950946296718043,1.5950946296718043,0.01197796435308529,0.007597913979908556,0.8043348301038438,-0.03805139773319066,8.167745899782867,1.0,0.6071428571428571,KO,PEP
2023-10-23,49.90316009521485,145.1854705810547,0.4142259182193211,0.7069425792773061,-0.023310254845288814,1.1358535443471036,2.1760965529751313,2.1760965529751313,0.006509885537914428,0.007716129552516179,0.7989181258148451,-0.03154151219527623,8.448567062124484,2.0,0.6329365079365079,KO,PEP
2023-10-24,51.34268569946289,147.09918212890625,0.4142259182193211,0.7069425792773061,-0.0041295359538300325,2.7034771287240225,1.1358535443471036,1.1358535443471036,-0.009373324099063218,0.007863187899452059,0.7947816415891815,-0.04091483629433945,8.75401434139397,3.0,0.6428571428571428,KO,PEP
2023-10-25,51.785606384277344,147.24429321289062,0.4142259182193211,0.7069425792773061,0.003763175325919743,2.8311075470965963,2.7034771287240225,2.7034771287240225,0.01918071889145878,0.008854536701201513,0.7901977369979565,-0.02173411740288067,8.215482877298047,4.0,0.6904761904761905,KO,PEP
2023-10-26,51.47186279296875,146.39173889160156,0.4142259182193211,0.7069425792773061,0.0017913794453314758,2.3267727398227174,2.8311075470965963,2.8311075470965963,0.007892711279749776,0.008967456542536419,0.7880958124734438,-0.013841406123130895,8.395996207491697,5.0,0.6904761904761905,KO,PEP
2023-10-27,50.973575592041016,144.7682647705078,0.4142259182193211,0.7069425792773061,-5.2812625369380584e-05,1.9665712891950222,2.3267727398227174,2.3267727398227174,-0.0019717958805882674,0.008962356285335446,0.7885018206156064,-0.015813202003719162,8.144446639290626,6.0,0.6865079365079365,KO,PEP
2023-10-30,51.81329345703125,147.18075561523438,0.4142259182193211,0.7069425792773061,0.004602800138321594,2.0419047216197903,1.9665712891950222,1.9665712891950222,-0.0018441920707008563,0.008986667471198077,0.7901460256600487,-0.01765739407442002,8.871124153919212,7.0,0.6865079365079365,KO,PEP
2023-10-31,52.12702560424805,148.0877685546875,0.4142259182193211,0.7069425792773061,0.006296373202723693,1.9401172877922555,2.0419047216197903,2.0419047216197903,0.004655612763690975,0.008750441369552261,0.7958177345532946,-0.013001781310729044,9.184345468060394,8.0,0.6706349206349207,KO,PEP
2023-11-01,52.08089065551758,149.52980041503906,0.4142259182193211,0.7069425792773061,-0.0014397495027145268,1.3995035505018467,1.9401172877922555,1.9401172877922555,0.0016935730644020985,0.008612827318302346,0.7949322360142037,-0.011308208246326945,9.357016842018211,9.0,0.6686507936507936,KO,PEP
2023-11-02,52.68069076538086,151.3074188232422,0.4142259182193211,0.7069425792773061,0.0016565306742108987,1.4652353914452543,1.3995035505018467,1.3995035505018467,-0.00773612270543822,0.00884250473099452,0.7905668093271261,-0.019044330951765165,8.686538242422442,10.0,0.6746031746031746,KO,PEP
2023-11-03,52.357723236083984,151.27114868164062,0.4142259182193211,0.7069425792773061,-0.00432351874106196,1.0814448767556302,1.4652353914452543,1.4652353914452543,0.0030962801769254256,0.008258459097323121,0.7963290951436094,-0.01594805077483974,8.658019942721769,11.0,0.6468253968253969,KO,PEP
2023-11-06,52.56995391845703,151.1895294189453,0.4142259182193211,0.7069425792773061,0.00010330038672501374,1.2310083505116127,1.0814448767556302,1.0814448767556302,-0.005980049415272859,0.008087193735096428,0.7940308450972322,-0.021928100190112598,8.812839021562091,12.0,0.638888888888889,KO,PEP
2023-11-07,52.76374053955078,151.6248779296875,0.4142259182193211,0.7069425792773061,0.0017500768811067324,1.2290247941350223,1.2310083505116127,1.2310083505116127,0.004426819127786974,0.007658088489905826,0.7930272820626741,-0.017501281062325624,8.885595046725358,13.0,0.628968253968254,KO,PEP
2023-11-08,52.68069076538086,151.81533813476562,0.4142259182193211,0.7069425792773061,-0.0007126093257809885,1.0373591936812372,1.2290247941350223,1.2290247941350223,0.0016467764943817187,0.007545030147163958,0.7940019810901441,-0.015854504567943906,9.212050426278497,14.0,0.623015873015873,KO,PEP
2023-11-09,52.28389358520508,150.69976806640625,0.4142259182193211,0.7069425792773061,-0.0030592986478041873,0.8646481969148293,1.0373591936812372,1.0373591936812372,-0.002462686206887721,0.007614279224721619,0.7927435320647719,-0.018317190774831626,9.116336608011162,15.0,0.6309523809523809,KO,PEP
2023-11-10,52.33926773071289,151.38906860351562,0.4142259182193211,0.7069425792773061,-0.0052269356133320954,0.7139605592552685,0.8646481969148293,0.8646481969148293,-0.002346689322023199,0.007668175304363108,0.7938241363913837,-0.020663880096854825,9.076247552836573,0.0,0.628968253968254,KO,PEP
2023-11-13,52.53304672241211,152.1599884033203,0.4142259182193211,0.7069425792773061,-0.005122243479680932,0.67015843254192,0.7139605592552685,0.7139605592552685,-0.002167636965527908,0.007460555026694051,0.8101796257108351,-0.022831517062382733,8.991646925078932,0.0,0.5198412698412698,KO,PEP
2023-11-14,52.68991470336914,152.46835327148438,0.4142259182193211,0.7069425792773061,-0.003571839203072802,0.694018795180957,0.67015843254192,0.67015843254192,0.00010469213365116303,0.007428999804033062,0.8138694467052935,-0.01865611070160167,9.11395678082396,0.0,0.49206349206349204,KO,PEP
2023-11-15,52.79142379760742,151.6883544921875,0.4142259182193211,0.7069425792773061,0.001978709709028248,0.9108340232643258,0.694018795180957,0.694018795180957,0.0015504042766081305,0.00677484201349896,0.8133348964476118,-0.016375129459222926,9.22991230921909,0.0,0.48412698412698413,KO,PEP
2023-11-16,52.73605728149414,152.10556030273438,0.4142259182193211,0.7069425792773061,-0.0010123351540953784,0.711687508554984,0.9108340232643258,0.9108340232643258,0.00555054891210105,0.006532817604158248,0.8094345686998581,-0.00572694706066601,9.5182125599497,0.0,0.5059523809523809,KO,PEP
2023-11-17,52.83755874633789,151.24395751953125,0.4142259182193211,0.7069425792773061,0.004926386931350724,0.9737203323907965,0.711687508554984,0.711687508554984,-0.0029910448631236264,0.006161671408286754,0.8123410031064212,-0.008717991923789636,9.355936805224916,0.0,0.4285714285714286,KO,PEP
2023-11-20,52.96674346923828,151.0262908935547,0.4142259182193211,0.7069425792773061,0.008386491491521486,1.1277323337020861,0.9737203323907965,0.9737203323907965,0.005938722085446102,0.006137211974157452,0.8090423749918852,-0.0013699862713729694,9.655743437418836,0.0,0.4543650793650793,KO,PEP
2023-11-21,53.54808044433594,152.18719482421875,0.4142259182193211,0.7069425792773061,0.013888882745472841,1.3904066758360674,1.1277323337020861,1.1277323337020861,0.0034601045601707625,0.005678809674964115,0.8098044836067538,0.0,10.106288732244936,1.0,0.4226190476190476,KO,PEP
2023-11-22,53.90796661376953,153.47506713867188,0.4142259182193211,0.7069425792773061,0.014629927553040378,1.3774073966455178,1.3904066758360674,1.3904066758360674,0.005502391253951355,0.00413131295476119,0.8116431984921563,0.0,11.526227537768174,2.0,0.11706349206349206,KO,PEP
2023-11-24,54.046382904052734,153.61109924316406,0.4142259182193211,0.7069425792773061,0.016567958889390333,1.4397002627464721,1.3774073966455178,1.3774073966455178,0.0007410448075675369,0.003807479783845042,0.8147523111444782,0.0,12.112788363776321,3.0,0.08333333333333333,KO,PEP
2023-11-27,53.94487380981445,152.65882873535156,0.4142259182193211,0.7069425792773061,0.019084148085727115,1.6140547419526177,1.4397002627464721,1.4397002627464721,0.0019380313363499546,0.0037735459633393615,0.8150157482116773,0.0,12.864704163024445,4.0,0.07936507936507936,KO,PEP
2023-11-28,54.05560302734375,153.14857482910156,0.4142259182193211,0.7069425792773061,0.01887036243363882,1.609675117612936,1.6140547419526177,1.6140547419526177,0.002516189196336782,0.0037438572900636083,0.8120048644657495,0.0,13.852497526048916,5.0,0.09722222222222222,KO,PEP
2023-11-29,53.732643127441406,151.6067352294922,0.4142259182193211,0.7069425792773061,0.020031144976110138,1.619658649565709,1.609675117612936,1.609675117612936,-0.00021378565208829414,0.0036526245279059934,0.8103734890226947,-0.00021378565208829414,14.301612900538082,6.0,0.10714285714285715,KO,PEP
2023-11-30,54.35581588745117,153.7954559326172,0.4142259182193211,0.7069425792773061,0.021429024300179123,1.7484741420116514,1.619658649565709,1.619658649565709,0.001160782542471317,0.0036473176043006917,0.8102800845275427,0.0,15.01446622784115,7.0,0.10912698412698413,KO,PEP
2023-12-01,54.54183578491211,154.16102600097656,0.4142259182193211,0.7069425792773061,0.023167044106150225,1.8157447246823406,1.7484741420116514,1.7484741420116514,0.0013978793240689846,0.0030939306977116714,0.8154667100703192,0.0,15.77838229290287,8.0,0.06349206349206349,KO,PEP
2023-12-04,54.47673034667969,154.57223510742188,0.4142259182193211,0.7069425792773061,0.020089464132170054,1.439124065401501,1.8157447246823406,1.8157447246823406,0.0017380198059711027,0.0030650924660921134,0.8360469752850784,0.0,17.145470910389996,9.0,0.023809523809523808,KO,PEP
2023-12-05,54.56044006347656,153.4755859375,0.4142259182193211,0.7069425792773061,0.02665834644074172,2.0426968992541137,1.439124065401501,1.439124065401501,-0.0030775799739801712,0.0027833591824257737,0.834620022531453,-0.0030775799739801712,16.37700230846667,10.0,0.027777777777777776,KO,PEP
2023-12-06,54.504642486572266,153.08261108398438,0.4142259182193211,0.7069425792773061,0.027447599235209452,1.9239150291694536,2.0426968992541137,2.0426968992541137,0.006568882308571666,0.0029413977719231653,0.8299856537443081,0.0,19.33125887880326,11.0,0.041666666666666664,KO,PEP
2023-12-07,54.634857177734375,153.0369415283203,0.4142259182193211,0.7069425792773061,0.03004474244333455,1.9545175876150815,1.9239150291694536,1.9239150291694536,0.0007892527944677319,0.0029426846160792116,0.8327613534654862,0.0,20.052358399264428,12.0,0.03968253968253968,KO,PEP
2023-12-08,54.51393508911133,151.4102325439453,0.4142259182193211,0.7069425792773061,0.0353836942103225,2.1580540392297296,1.9545175876150815,1.9545175876150815,0.0025971432081250967,0.002824761785076976,0.8348748449542832,0.0,22.98553405986358,13.0,0.02976190476190476,KO,PEP
2023-12-11,54.91387939453125,153.36595153808594,0.4142259182193211,0.7069425792773061,0.03362057692003928,1.8235273658140874,2.1580540392297296,2.1580540392297296,0.005338951766987954,0.0027927637515793224,0.8309194723744725,0.0,28.54438810719883,14.0,0.041666666666666664,KO,PEP
2023-12-12,55.26732635498047,153.95997619628906,0.4142259182193211,0.7069425792773061,0.03730346235436155,1.9079253650585684,1.8235273658140874,1.8235273658140874,-0.0017631172902832226,0.0027643918273343375,0.8297856021403505,-0.0017631172902832226,27.488008102350832,15.0,0.04563492063492063,KO,PEP
2023-12-13,55.74168395996094,157.19505310058594,0.4142259182193211,0.7069425792773061,0.03114911959248845,1.3427719328221577,1.9079253650585684,1.9079253650585684,0.0036828854343222694,0.002755443375446493,0.8338660834700432,0.0,34.463699771662434,16.0,0.03373015873015873,KO,PEP
2023-12-14,54.91387939453125,153.7589111328125,0.4142259182193211,0.7069425792773061,0.03181154056509117,1.2960785950578957,1.3427719328221577,1.3427719328221577,-0.0061543427618730995,0.0032942474262509214,0.8286703117161875,-0.0061543427618730995,27.01813446976374,17.0,0.07142857142857142,KO,PEP
2023-12-15,54.504642486572266,152.61654663085938,0.4142259182193211,0.7069425792773061,0.029603189485063464,1.062358797775276,1.2960785950578957,1.2960785950578957,0.0006624209726027175,0.003181578928506758,0.8354640940571756,-0.005491921789270382,29.109799713342003,18.0,0.04365079365079365,KO,PEP
2023-12-18,54.895286560058594,154.36207580566406,0.4142259182193211,0.7069425792773061,0.028705135935903403,0.9357580463258621,1.062358797775276,1.062358797775276,-0.002208351080027704,0.0031306047904804384,0.8307778089713979,-0.007700272869298086,27.604142943216285,19.0,0.06547619047619047,KO,PEP
2023-12-19,54.718563079833984,153.48472595214844,0.4142259182193211,0.7069425792773061,0.02951018104153258,0.9308627071622425,0.9357580463258621,0.9357580463258621,-0.0008980535491600605,0.0030012154161942984,0.8314755444064704,-0.008598326418458146,26.78181297847407,0.0,0.057539682539682536,KO,PEP
2023-12-20,53.58382797241211,151.4193878173828,0.4142259182193211,0.7069425792773061,0.01813189595873288,0.05096670117360693,0.9308627071622425,0.9308627071622425,0.0008050451056291763,0.002956201834649003,0.8333495431403981,-0.00779328131282897,27.125551564674964,0.0,0.05555555555555555,KO,PEP
2023-12-21,53.93726348876953,152.58912658691406,0.4142259182193211,0.7069425792773061,0.01926591726492033,0.08925622648649387,0.05096670117360693,0.05096670117360693,-0.0113782850827997,0.0038430586946559347,0.832128621701996,-0.01917156639562867,21.70127913081886,0.0,0.10119047619047619,KO,PEP
2023-12-22,54.24420166015625,153.23797607421875,0.4142259182193211,0.7069425792773061,0.02194070395396519,0.24466481084538313,0.08925622648649387,0.08925622648649387,0.0011340213061874493,0.003846715466170054,0.8303485341749138,-0.01803754508944122,22.655944849084744,0.0,0.11309523809523808,KO,PEP
2023-12-26,54.467430114746094,154.31634521484375,0.4142259182193211,0.7069425792773061,0.02109002311907071,0.11076157849296209,0.24466481084538313,0.24466481084538313,0.0026747866890448613,0.0038663562722454996,0.8312943585024224,-0.015362758400396359,22.98083503466379,0.0,0.1111111111111111,KO,PEP
2023-12-27,54.60694885253906,154.80982971191406,0.4142259182193211,0.7069425792773061,0.021391148207755784,0.06506895431615646,0.11076157849296209,0.11076157849296209,-0.0008506808348944794,0.0038380255928909153,0.8315422558326077,-0.01621343923529084,22.710593211127456,0.0,0.10119047619047619,KO,PEP
2023-12-28,54.64414596557617,154.8007354736328,0.4142259182193211,0.7069425792773061,0.02211362568864894,0.0579389029654171,0.06506895431615646,0.06506895431615646,0.0003011250886850725,0.0038375593789166966,0.8353517015967427,-0.015912314146605766,20.534896870854972,0.0,0.08333333333333333,KO,PEP
2023-12-29,54.81157684326172,155.21194458007812,0.4142259182193211,0.7069425792773061,0.023297547191990287,0.11806075285435316,0.0579389029654171,0.0579389029654171,0.0007224774808931578,0.003832836280639745,0.833822034827857,-0.015189836665712608,22.008175287611387,0.0,0.09523809523809523,KO,PEP
2024-01-02,55.63937759399414,158.01754760742188,0.4142259182193211,0.7069425792773061,0.02562276273045816,0.3299714481104085,0.11806075285435316,0.11806075285435316,0.0011839215033413453,0.0038295074749321516,0.8350383630043131,-0.014005915162371263,25.108768909022064,0.0,0.0873015873015873,KO,PEP
2024-01-03,55.76958847045898,158.05409240722656,0.4142259182193211,0.7069425792773061,0.027796817295964615,0.5809921706237604,0.3299714481104085,0.3299714481104085,0.002325215538467873,0.0038442262268067783,0.7463658143997415,-0.01168069962390339,24.12071653481529,0.0,0.373015873015873,KO,PEP
2024-01-04,55.58356857299805,156.70156860351562,0.4142259182193211,0.7069425792773061,0.030531320335931422,0.9626131116539741,0.5809921706237604,0.5809921706237604,0.002174054565506456,0.003795707335092191,0.7598786446637139,-0.009506645058396934,27.62320733677515,0.0,0.33134920634920634,KO,PEP
2024-01-05,55.49985885620117,154.38946533203125,0.4142259182193211,0.7069425792773061,0.03953269716786467,2.220083619643872,0.9626131116539741,0.9626131116539741,0.002734503039966807,0.00356858055720413,0.7763246881517503,-0.006772142018430127,32.93334523596728,0.0,0.29365079365079366,KO,PEP
2024-01-08,55.90910339355469,154.54481506347656,0.4142259182193211,0.7069425792773061,0.04616845590415908,2.800403661314593,2.220083619643872,2.220083619643872,0.00900137683193325,0.004053052710609277,0.7532550967616517,0.0,44.26558308094112,1.0,0.3849206349206349,KO,PEP
2024-01-09,55.80679321289063,152.7718963623047,0.4142259182193211,0.7069425792773061,0.05249367524601123,3.0299912476532684,2.800403661314593,2.800403661314593,0.006635758736294406,0.0042434457665681095,0.7459904732063015,0.0,75.75208803674337,2.0,0.40476190476190477,KO,PEP
2024-01-10,55.9928092956543,152.54345703125,0.4142259182193211,0.7069425792773061,0.056879228269406834,2.924004020075121,3.0299912476532684,3.0299912476532684,0.006325219341852151,0.004301172906688769,0.7121961830989644,0.0,164.20584048652074,3.0,0.4920634920634921,KO,PEP
2024-01-11,55.630069732666016,151.82147216796875,0.4142259182193211,0.7069425792773061,0.0537337158683413,2.283702806119415,2.924004020075121,2.924004020075121,0.004385553023395605,0.004322705111552826,0.7232479511727573,0.0,252.0,4.0,0.47023809523809523,KO,PEP
2024-01-12,56.169532775878906,152.86334228515625,0.4142259182193211,0.7069425792773061,0.05854952577341299,2.3932828602356446,2.283702806119415,2.283702806119415,-0.003145512401065531,0.004379479274837946,0.722458022413546,-0.003145512401065531,176.26921735445507,5.0,0.47619047619047616,KO,PEP
2024-01-16,55.7974967956543,151.8580322265625,0.4142259182193211,0.7069425792773061,0.05656862833994225,1.9919149079466052,2.3932828602356446,2.3932828602356446,0.0048158099050716885,0.004152537857555117,0.7512406457332595,0.0,252.0,6.0,0.38492063492063494,KO,PEP
2024-01-17,55.7974967956543,152.10479736328125,0.4142259182193211,0.7069425792773061,0.05542079838463332,1.7297423270088341,1.9919149079466052,1.9919149079466052,-0.0019808974334707408,0.004214558158662389,0.7690339070950191,-0.0019808974334707408,252.0,7.0,0.35714285714285715,KO,PEP
2024-01-18,55.95560836791992,152.7718963623047,0.4142259182193211,0.7069425792773061,0.05515673976275437,1.5771418588420145,1.7297423270088341,1.7297423270088341,-0.0011478299553089322,0.004177373168982069,0.7877447025474125,-0.003128727388779673,252.0,8.0,0.3412698412698413,KO,PEP
2024-01-19,55.64867401123047,151.50164794921875,0.4142259182193211,0.7069425792773061,0.05555889097932276,1.484597915876933,1.5771418588420145,1.5771418588420145,-0.0002640586218789487,0.004163023167430005,0.7922766606224301,-0.0033927860106586216,252.0,9.0,0.3273809523809524,KO,PEP
2024-01-22,55.40684509277344,150.88934326171875,0.4142259182193211,0.7069425792773061,0.054066732617640945,1.2769211570416719,1.484597915876933,1.484597915876933,0.0004021512165683916,0.004166452139467981,0.8085827206175444,-0.00299063479409023,252.0,10.0,0.24801587301587302,KO,PEP
2024-01-23,55.66727828979492,153.20147705078125,0.4142259182193211,0.7069425792773061,0.048005513357423535,0.7808691314004427,1.2769211570416719,1.2769211570416719,-0.0014921583616818168,0.0030765953093188714,0.8283080983213622,-0.004482793155772047,188.86611833757178,11.0,0.09325396825396826,KO,PEP
2024-01-24,54.792964935302734,151.33714294433594,0.4142259182193211,0.7069425792773061,0.040830485830063434,0.24176097094919158,0.7808691314004427,0.7808691314004427,-0.00606121926021741,0.0035215660837978734,0.8280537359915067,-0.010544012415989457,92.76667029469303,0.0,0.1111111111111111,KO,PEP
2024-01-25,55.02549743652344,152.21444702148438,0.4142259182193211,0.7069425792773061,0.04097901905812984,0.23478615712078588,0.24176097094919158,0.24176097094919158,-0.0071750275273601005,0.003973739523731243,0.8301425666655445,-0.017719039943349557,62.14813399511054,0.0,0.1488095238095238,KO,PEP
2024-01-26,55.22081756591797,153.40248107910156,0.4142259182193211,0.7069425792773061,0.03902609667511037,0.08752472618074705,0.23478615712078588,0.23478615712078588,0.00014853322806640534,0.003957101876875247,0.8247926133224479,-0.017570506715283152,59.583024613505316,0.0,0.1626984126984127,KO,PEP
2024-01-29,55.5556640625,153.6675262451172,0.4142259182193211,0.7069425792773061,0.043851174241638535,0.4104043761553846,0.08752472618074705,0.08752472618074705,-0.001952922383019473,0.004007027404419252,0.8124972284157869,-0.019523429098302625,54.890876684936586,0.0,0.1984126984126984,KO,PEP
2024-01-30,55.71378707885742,155.01089477539062,0.4142259182193211,0.7069425792773061,0.04054007294423867,0.146780194584263,0.4104043761553846,0.4104043761553846,0.004825077566528169,0.004097610838803431,0.8085641271703978,-0.014698351531774456,68.35793370109155,0.0,0.25396825396825395,KO,PEP
2024-01-31,55.33243560791016,154.01480102539062,0.4142259182193211,0.7069425792773061,0.03822915155784834,-0.04476284222850498,0.146780194584263,0.146780194584263,-0.0033111012973998655,0.004207914148007226,0.8202370608367591,-0.01800945282917432,62.526451327492026,0.0,0.20238095238095238,KO,PEP
2024-02-01,56.71830368041992,156.91177368164062,0.4142259182193211,0.7069425792773061,0.049792984365298665,0.7602611884536862,-0.04476284222850498,0.04476284222850498,-0.00231092138639033,0.004248433491571989,0.8159945913544426,-0.02032037421556465,57.47439228799705,0.0,0.21230158730158732,KO,PEP
2024-02-02,56.30905151367188,156.24462890625,0.4142259182193211,0.7069425792773061,0.04556343373826932,0.4098435899635409,0.7602611884536862,0.7602611884536862,0.011563832807450325,0.004866898099751736,0.8324280399678166,-0.008756541408114327,87.26472689375605,0.0,0.30158730158730157,KO,PEP
2024-02-05,55.84400939941406,156.1989288330078,0.4142259182193211,0.7069425792773061,0.03747720031820867,-0.253386000376284,0.4098435899635409,0.4098435899635409,-0.004229550627029344,0.004985172416869968,0.8336306084422013,-0.01298609203514367,68.83197225591975,0.0,0.31547619047619047,KO,PEP
2024-02-06,55.7509880065918,156.6558837890625,0.4142259182193211,0.7069425792773061,0.03374495655946008,-0.6097707595707139,-0.253386000376284,0.253386000376284,-0.008086233420060651,0.004962299038116072,0.823778832358946,-0.02107232545520432,53.150592962837734,0.0,0.3591269841269841,KO,PEP
2024-02-07,55.7974967956543,156.70156860351562,0.4142259182193211,0.7069425792773061,0.03437270010747584,-0.6153608716322887,-0.6097707595707139,0.6097707595707139,-0.003732243758748588,0.0047690600274515535,0.8220417762585838,-0.02480456921395291,49.08649548557457,0.0,0.3373015873015873,KO,PEP
2024-02-08,55.64867401123047,158.8765869140625,0.4142259182193211,0.7069425792773061,0.021957050925131227,-1.6801269336724827,-0.6153608716322887,0.6153608716322887,0.0006277435480157578,0.004508675043447216,0.8191867159295287,-0.02417682566593715,53.611581039248314,0.0,0.26785714285714285,KO,PEP
2024-02-09,55.39754486083984,153.22886657714844,0.4142259182193211,0.7069425792773061,0.043021901942036145,0.059397952588708156,-1.6801269336724827,1.6801269336724827,-0.012415649182344612,0.004984570421417647,0.790077480275886,-0.036592474848281764,42.198409449333006,1.0,0.5138888888888888,KO,PEP
2024-02-12,55.52776718139648,155.91561889648438,0.4142259182193211,0.7069425792773061,0.033081548135048156,-0.9106713179984097,0.059397952588708156,0.059397952588708156,0.021064851016904917,0.007021372093345573,0.7363537331308153,-0.015527623831376847,53.63664793583069,0.0,0.7678571428571429,KO,PEP
2024-02-13,55.20221328735352,154.3346710205078,0.4142259182193211,0.7069425792773061,0.034406213094228644,-0.8615262797842854,-0.9106713179984097,0.9106713179984097,-0.00994035380698799,0.007193462948610809,0.7238349075103203,-0.025467977638364836,42.918965618061065,0.0,0.8035714285714286,KO,PEP
2024-02-14,55.14641189575195,153.09178161621094,0.4142259182193211,0.7069425792773061,0.03911105204296872,-0.46274353195994206,-0.8615262797842854,0.8615262797842854,0.0013246649591804882,0.0072132559508384314,0.7314098009549069,-0.024143312679184348,44.92116867544746,0.0,0.7817460317460317,KO,PEP
2024-02-15,55.24872589111328,153.40248107910156,0.4142259182193211,0.7069425792773061,0.03953136400790935,-0.4807804344253855,-0.46274353195994206,0.46274353195994206,0.0047048389487400755,0.007323583362545611,0.7320888103121109,-0.019438473730444272,48.81339198124056,0.0,0.7777777777777778,KO,PEP
2024-02-16,55.23942184448242,151.99514770507812,0.4142259182193211,0.7069425792773061,0.04587845871447982,0.16169946171861155,-0.4807804344253855,0.4807804344253855,0.00042031196494063394,0.007327677577062356,0.7359334108807185,-0.01901816176550364,49.45874486200712,0.0,0.7638888888888888,KO,PEP
2024-02-20,56.45787048339844,154.1244354248047,0.4142259182193211,0.7069425792773061,0.05786152751646778,1.4070740603774916,0.16169946171861155,0.16169946171861155,0.006347094706570466,0.007488468264649088,0.7336796824986781,-0.012671067058933172,56.899324752478456,0.0,0.7757936507936508,KO,PEP
2024-02-21,56.96013641357422,154.28895568847656,0.4142259182193211,0.7069425792773061,0.06596426066745664,2.057056260628346,1.4070740603774916,1.4070740603774916,0.011983068801987962,0.007958882004953564,0.7348086019531691,-0.0006879982569452103,83.55602129545184,1.0,0.7876984126984128,KO,PEP
2024-02-22,56.87643051147461,153.7589111328125,0.4142259182193211,0.7069425792773061,0.06692644051961816,1.9753448891061465,2.057056260628346,2.057056260628346,0.008102733150988861,0.008001206640688966,0.7269929121131224,0.0,139.31735558545168,2.0,0.8154761904761905,KO,PEP
2024-02-23,56.92293548583984,154.99264526367188,0.4142259182193211,0.7069425792773061,0.062094010418104695,1.467872979031673,1.9753448891061465,1.9753448891061465,0.0009621798521615155,0.007784300905922609,0.7274953666648002,0.0,138.69331166230748,3.0,0.8035714285714286,KO,PEP
2024-02-26,56.467166900634766,153.76803588867188,0.4142259182193211,0.7069425792773061,0.05966281219456304,1.201372889207698,1.467872979031673,1.467872979031673,-0.004832430101513463,0.007896185566450735,0.7232909298959913,-0.004832430101513463,94.77660944114459,4.0,0.8194444444444444,KO,PEP
2024-02-27,56.1230354309082,153.67666625976562,0.4142259182193211,0.7069425792773061,0.05396999492718502,0.7017137255874031,1.201372889207698,1.201372889207698,-0.002431198223541653,0.0079059793529948,0.7264749261782245,-0.007263628325055116,78.12897701465786,5.0,0.8115079365079365,KO,PEP
2024-02-28,56.17884063720703,152.64395141601562,0.4142259182193211,0.7069425792773061,0.05973056144053235,1.2145882436886513,0.7017137255874031,0.7017137255874031,-0.005692817267378025,0.007985584387772051,0.7189112251775205,-0.012956445592433141,59.456302230312396,0.0,0.8353174603174603,KO,PEP
2024-02-29,55.82539749145508,152.2526092529297,0.4142259182193211,0.7069425792773061,0.05523405160676731,0.8018981095185862,1.2145882436886513,1.2145882436886513,0.005760566513347332,0.008013481388275083,0.7062945982260509,-0.00719587907908581,56.441882506694235,1.0,0.8690476190476191,KO,PEP
2024-03-01,55.36963653564453,151.56198120117188,0.4142259182193211,0.7069425792773061,0.05025053415959713,0.36145207021547504,0.8018981095185862,0.8018981095185862,-0.004496509833765039,0.008072023703472151,0.7044596561982271,-0.011692388912850848,48.89645343163474,0.0,0.871031746031746,KO,PEP
2024-03-04,55.630069732666016,152.28025817871094,0.4142259182193211,0.7069425792773061,0.0516006427584359,0.5032373988098956,0.36145207021547504,0.36145207021547504,-0.004983517447170183,0.007774035033458762,0.705638131271079,-0.01667590636002103,41.96134511629699,0.0,0.8511904761904763,KO,PEP
2024-03-05,55.36033630371094,149.2138214111328,0.4142259182193211,0.7069425792773061,0.06112099403719595,1.3417701757719664,0.5032373988098956,0.5032373988098956,0.0013501085988387729,0.007716327435069068,0.7116109622946082,-0.015325797761182258,37.08729804872695,0.0,0.8333333333333334,KO,PEP
2024-03-06,55.38824081420898,150.09783935546875,0.4142259182193211,0.7069425792773061,0.05744899298160666,0.9615211331183326,1.3417701757719664,1.3417701757719664,0.009520351278760053,0.0077134786083116625,0.7079934645945438,-0.005805446482422205,39.36872303649984,1.0,0.8373015873015872,KO,PEP
2024-03-07,55.285926818847656,150.1991424560547,0.4142259182193211,0.7069425792773061,0.05512310531183573,0.7064534566483693,0.9615211331183326,0.9615211331183326,-0.0036720010555892912,0.007711570446515229,0.7066245685443511,-0.009477447538011496,36.987182573989486,0.0,0.8353174603174602,KO,PEP
2024-03-08,55.36033630371094,150.14389038085938,0.4142259182193211,0.7069425792773061,0.056728206104585954,0.7988827809561,0.7064534566483693,0.7064534566483693,-0.002325887669770932,0.007749023060520356,0.7069912691067203,-0.011803335207782428,32.257780022752414,0.0,0.8392857142857143,KO,PEP
2024-03-11,56.03002548217773,151.69088745117188,0.4142259182193211,0.7069425792773061,0.06150587189749457,1.1440467429384127,0.7988827809561,0.7988827809561,0.0016051007927502248,0.007107926828432214,0.7017935255108777,-0.010198234415032204,37.71706036690405,0.0,0.8194444444444444,KO,PEP
2024-03-12,56.27184677124024,151.51593017578125,0.4142259182193211,0.7069425792773061,0.06662835244776621,1.4745275464085807,1.1440467429384127,1.1440467429384127,0.004777665792908614,0.005625475190556033,0.7073179177111487,-0.005420568622123589,41.647543323322836,1.0,0.7321428571428572,KO,PEP
2024-03-13,56.8485221862793,152.21580505371094,0.4142259182193211,0.7069425792773061,0.07356626919246123,1.8665104833907855,1.4745275464085807,1.4745275464085807,0.005122480550271646,0.005104713747395461,0.7000227960784647,-0.00029808807185194297,49.96026202419011,2.0,0.7043650793650793,KO,PEP
2024-03-14,56.721946716308594,151.7369384765625,0.4142259182193211,0.7069425792773061,0.0735647743278407,1.7084912537130208,1.8665104833907855,1.8665104833907855,0.006937916744695016,0.005230372379946561,0.6774238168696711,0.0,54.023684551239874,3.0,0.7857142857142858,KO,PEP
2024-03-15,56.14067459106445,151.62644958496094,0.4142259182193211,0.7069425792773061,0.06377911365539868,0.8998386549954659,1.7084912537130208,1.7084912537130208,-1.49486462053261e-06,0.0052073167182142745,0.6741613685343582,-1.49486462053261e-06,53.90473198155793,4.0,0.7857142857142857,KO,PEP
2024-03-18,56.37505340576172,157.70401000976562,0.4142259182193211,0.7069425792773061,0.040162432461895214,-0.8866953761810356,0.8998386549954659,0.8998386549954659,-0.00978566067244202,0.005778670788079089,0.6589662675275819,-0.009787155537062553,34.951614011991225,0.0,0.8611111111111112,KO,PEP
2024-03-19,56.46880722045898,158.2012939453125,0.4142259182193211,0.7069425792773061,0.03959841208513604,-0.9399690401225563,-0.8866953761810356,0.8866953761810356,-0.023616681193503464,0.00778808950020392,0.6078995111833272,-0.03340383673056602,23.9918091090147,0.0,0.9662698412698413,KO,PEP
2024-03-20,56.95634460449219,158.25653076171875,0.4142259182193211,0.7069425792773061,0.047948311595211734,-0.35023525245834836,-0.9399690401225563,0.9399690401225563,-0.0005640203767591778,0.007262119252942138,0.5950441387367095,-0.033967857107325194,23.82339681485387,0.0,0.9305555555555556,KO,PEP
2024-03-21,56.69383239746094,158.79981994628906,0.4142259182193211,0.7069425792773061,0.04090589695777247,-0.9412573615829981,-0.35023525245834836,0.35023525245834836,0.008349899510075698,0.0072776452455636615,0.5851891567459412,-0.025617957597249497,23.280218668844803,0.0,0.9305555555555556,KO,PEP
2024-03-22,56.71257781982422,158.4038543701172,0.4142259182193211,0.7069425792773061,0.043001440153039194,-0.9189130901732322,-0.9412573615829981,0.9412573615829981,-0.007042414637439265,0.0073835205252955425,0.5775109890423425,-0.03266037223468876,22.52773743378003,0.0,0.9345238095238095,KO,PEP
2024-03-25,56.62820053100586,158.93795776367188,0.4142259182193211,0.7069425792773061,0.03913287944564514,-1.23668968538326,-0.9189130901732322,0.9189130901732322,0.0020955431952667247,0.007372223375423452,0.5753690221293233,-0.030564829039422037,19.816446270705512,0.0,0.9325396825396826,KO,PEP
2024-03-26,56.75945281982422,159.05764770507812,0.4142259182193211,0.7069425792773061,0.040915817351163675,-1.1410547683278394,-1.23668968538326,1.23668968538326,-0.003868560707394053,0.007393243510530438,0.5726798306451132,-0.03443338974681609,17.483150086663432,1.0,0.9345238095238095,KO,PEP
2024-03-27,57.218849182128906,159.8311767578125,0.4142259182193211,0.7069425792773061,0.04554731073900076,-0.786901437676083,-1.1410547683278394,1.1410547683278394,0.0017829379055185335,0.007336637583319847,0.5725407149828377,-0.032650451841297556,16.21586562127513,2.0,0.9285714285714286,KO,PEP
2024-03-28,57.3594856262207,161.1571807861328,0.4142259182193211,0.7069425792773061,0.04216136650416136,-1.1326711442002173,-0.786901437676083,0.786901437676083,0.004631493387837082,0.007291275514656869,0.5733903785019426,-0.028018958453460474,13.27673696292567,0.0,0.9186507936507937,KO,PEP
2024-04-01,56.89070892333984,159.28787231445312,0.4142259182193211,0.7069425792773061,0.04220313615798732,-1.1497411827163344,-1.1326711442002173,1.1326711442002173,-0.0033859442348393998,0.007266407177974966,0.5492480405844796,-0.031404902688299874,15.143740762542683,1.0,0.9186507936507937,KO,PEP
2024-04-02,56.3938102722168,157.86978149414062,0.4142259182193211,0.7069425792773061,0.03975237634026296,-1.3400731745645598,-1.1497411827163344,1.1497411827163344,4.176965382596265e-05,0.007198911334847904,0.5600673991314961,-0.03136313303447391,12.461716324419475,2.0,0.9107142857142857,KO,PEP
2024-04-03,56.09379196166992,156.24908447265625,0.4142259182193211,0.7069425792773061,0.04171312549635564,-1.0820581932109916,-1.3400731745645598,1.3400731745645598,-0.0024507598177243572,0.007200308599183656,0.5647729904202271,-0.03381389285219827,13.039316490446136,3.0,0.9087301587301587,KO,PEP
2024-04-04,55.59688568115234,156.22146606445312,0.4142259182193211,0.7069425792773061,0.032940135470728826,-1.7465356051742442,-1.0820581932109916,1.0820581932109916,0.001960749156092678,0.006849387308520979,0.57457056229037,-0.03185314369610559,12.544483318393334,4.0,0.8869047619047619,KO,PEP
2024-04-05,55.79376983642578,155.75181579589844,0.4142259182193211,0.7069425792773061,0.03860365030197155,-1.1559231700907355,-1.7465356051742442,1.7465356051742442,-0.008772990025626815,0.007037623730779321,0.5715217238130774,-0.040626133721732405,11.963088539688382,5.0,0.8968253968253969,KO,PEP
2024-04-08,55.56876373291016,156.15699768066406,0.4142259182193211,0.7069425792773061,0.03272598507258406,-1.5626833703165202,-1.1559231700907355,1.1559231700907355,0.005663514831242722,0.007188943550498773,0.5690314055101938,-0.03496261889048968,10.132719685865474,6.0,0.9007936507936508,KO,PEP
2024-04-09,55.99065780639648,157.10546875,0.4142259182193211,0.7069425792773061,0.036008735375264944,-1.1845905882331733,-1.5626833703165202,1.5626833703165202,-0.005877665229387485,0.007247165226509996,0.5679713536699934,-0.04084028411987717,9.958793049804594,7.0,0.9087301587301588,KO,PEP
2024-04-10,55.24061584472656,155.5768585205078,0.4142259182193211,0.7069425792773061,0.029434476506189355,-1.6180679659717332,-1.1845905882331733,1.1845905882331733,0.0032827503026808813,0.0071926301437983346,0.5682922441962623,-0.03755753381719629,11.788223087880805,8.0,0.8968253968253967,KO,PEP
2024-04-11,55.36249542236328,155.03359985351562,0.4142259182193211,0.7069425792773061,0.034111278166398584,-1.1430816602152023,-1.6180679659717332,1.6180679659717332,-0.006574258869075589,0.0071238880485414244,0.5744346576667514,-0.044131792686271876,9.886283557564804,9.0,0.878968253968254,KO,PEP
2024-04-12,54.64058303833008,154.79415893554688,0.4142259182193211,0.7069425792773061,0.022078455515268658,-1.9328310781963334,-1.1430816602152023,1.1430816602152023,0.004676801660209229,0.007000242167633129,0.5671647579803486,-0.03945499102606265,11.137819472817878,10.0,0.8829365079365079,KO,PEP
2024-04-15,54.50932312011719,153.7351837158203,0.4142259182193211,0.7069425792773061,0.024526265948802806,-1.5997506392931264,-1.9328310781963334,1.9328310781963334,-0.012032822651129926,0.007314880010734789,0.5579843044242883,-0.05148781367719257,11.599531071419728,11.0,0.9206349206349207,KO,PEP
2024-04-16,54.43432235717773,154.2416534423828,0.4142259182193211,0.7069425792773061,0.0208242484961616,-1.7128823327619063,-1.5997506392931264,1.5997506392931264,0.0024478104335341477,0.007196821385656721,0.5572468211324946,-0.049040003243658425,9.677290202885656,12.0,0.9027777777777778,KO,PEP
2024-04-17,54.85622024536133,156.06491088867188,0.4142259182193211,0.7069425792773061,0.02023734158144519,-1.619210891680945,-1.7128823327619063,1.7128823327619063,-0.003702017452641204,0.00524491705589436,0.551952044083487,-0.05274202069629963,13.034833719652879,13.0,0.7896825396825398,KO,PEP
2024-04-18,55.23123550415039,158.6340789794922,0.4142259182193211,0.7069425792773061,0.015507350410830512,-1.7776477121242136,-1.619210891680945,1.619210891680945,-0.0005869069147164119,0.005244831525452257,0.5589845911515614,-0.05332892761101604,14.399688872072568,14.0,0.7817460317460317,KO,PEP
2024-04-19,56.412559509277344,160.34686279296875,0.4142259182193211,0.7069425792773061,0.029078517954349792,-0.8115095761761566,-1.7776477121242136,1.7776477121242136,-0.004729991170614678,0.004842204578894851,0.5637758694145683,-0.05805891878163072,14.194725884587866,15.0,0.7162698412698413,KO,PEP
2024-04-22,56.76882553100586,162.49241638183594,0.4142259182193211,0.7069425792773061,0.02597736637273762,-0.9540288371683086,-0.8115095761761566,0.8115095761761566,0.01357116754351928,0.005697132356150128,0.5522171719551462,-0.04448775123811144,12.26771647237062,0.0,0.8214285714285714,KO,PEP
2024-04-23,56.85321044921875,157.66717529296875,0.4142259182193211,0.7069425792773061,0.04877351712128153,0.6290979966454512,-0.9540288371683086,0.9540288371683086,-0.0031011515816121715,0.0056871590966819,0.5563035846231281,-0.04758890281972361,12.804217992681176,0.0,0.8174603174603174,KO,PEP
2024-04-24,57.70638275146485,163.3672332763672,0.4142259182193211,0.7069425792773061,0.03856203830360716,-0.015994566902540756,0.6290979966454512,0.6290979966454512,0.02279615074854391,0.007620427017192647,0.511568308890535,-0.024792752071179702,11.843224984405278,0.0,0.9464285714285714,KO,PEP
2024-04-25,57.88451385498047,162.6949920654297,0.4142259182193211,0.7069425792773061,0.044559142072917446,0.5657568364820789,-0.015994566902540756,0.015994566902540756,-0.010211478817674369,0.007958905928283983,0.5498566919353841,-0.03500423088885407,10.153724348748137,0.0,0.9702380952380952,KO,PEP
2024-04-26,57.88451385498047,161.6820831298828,0.4142259182193211,0.7069425792773061,0.04897419379915835,1.1799315304349924,0.5657568364820789,0.5657568364820789,0.005997103769310286,0.008005080836719827,0.5457000953617128,-0.029007127119543785,10.26777395005155,0.0,0.9761904761904763,KO,PEP
2024-04-29,58.1657829284668,162.19773864746094,0.4142259182193211,0.7069425792773061,0.05157049165688621,1.6147313844670355,1.1799315304349924,1.1799315304349924,0.004415051726240904,0.008023037269358716,0.5410765834251035,-0.02459207539330288,9.407269652293657,1.0,0.9781746031746033,KO,PEP
2024-04-30,57.91263961791992,161.9859619140625,0.4142259182193211,0.7069425792773061,0.04813253047074495,1.1887291719901716,1.6147313844670355,1.6147313844670355,0.0025962978577278584,0.008037583348581453,0.5157730958783143,-0.021995777535575023,9.690613823000511,2.0,0.9781746031746033,KO,PEP
2024-05-01,58.06265258789063,161.28611755371094,0.4142259182193211,0.7069425792773061,0.05378040600448264,1.6527040692734087,1.1887291719901716,1.1887291719901716,-0.0034379611861412585,0.008058363026790005,0.5138105715762458,-0.02543373872171628,9.374861992163442,3.0,0.9781746031746033,KO,PEP
2024-05-02,58.11890411376953,161.56236267089844,0.4142259182193211,0.7069425792773061,0.053538954064408006,1.570877765407314,1.6527040692734087,1.6527040692734087,0.00564787553373769,0.00813335306144286,0.515832836709625,-0.019785863187978592,8.979248371576146,4.0,0.9781746031746033,KO,PEP
2024-05-03,58.28766250610352,162.2069549560547,0.4142259182193211,0.7069425792773061,0.05362351379280117,1.4811502363714937,1.570877765407314,1.570877765407314,-0.0002414519400746329,0.007849162318558534,0.517623822070649,-0.020027315128053225,8.351761933573837,5.0,0.9464285714285714,KO,PEP
2024-05-06,58.456424713134766,161.903076171875,0.4142259182193211,0.7069425792773061,0.05784029316541783,1.7409932364090475,1.4811502363714937,1.4811502363714937,8.455972839316317e-05,0.007778349707920538,0.5183593744438989,-0.01994275539966006,7.727780235063164,6.0,0.9384920634920635,KO,PEP
2024-05-07,58.70956039428711,163.92893981933594,0.4142259182193211,0.7069425792773061,0.053370317831226366,1.2615257732939285,1.7409932364090475,1.7409932364090475,0.004216779372616664,0.007658433765195708,0.532828030816823,-0.015725976027043398,7.461389926426285,7.0,0.9206349206349207,KO,PEP
2024-05-08,58.92519760131836,163.3672332763672,0.4142259182193211,0.7069425792773061,0.05946305355231196,1.6555425740070835,1.2615257732939285,1.2615257732939285,-0.004469975334191467,0.007741774928711936,0.544947361921504,-0.020195951361234865,6.993729976722503,8.0,0.9265873015873016,KO,PEP
2024-05-09,58.95332717895508,163.96578979492188,0.4142259182193211,0.7069425792773061,0.05735490417500655,1.4038659829602298,1.6555425740070835,1.6555425740070835,0.006092735721085596,0.007624262538514919,0.5470072692381719,-0.01410321564014927,7.343527077629496,9.0,0.9067460317460317,KO,PEP
2024-05-10,59.30959701538086,165.55882263183594,0.4142259182193211,0.7069425792773061,0.05654471959745999,1.2644278918472613,1.4038659829602298,1.4038659829602298,-0.0021081493773054127,0.007626374858415631,0.5383844947569537,-0.016211365017454682,6.655670744182154,10.0,0.9126984126984127,KO,PEP
2024-05-13,59.60961532592773,166.58099365234375,0.4142259182193211,0.7069425792773061,0.057239189333921914,1.2453067918460063,1.2644278918472613,1.2644278918472613,-0.0008101845775465577,0.007023946850702473,0.542084421832746,-0.01702154959500124,6.799541022407555,11.0,0.8452380952380952,KO,PEP
2024-05-14,59.15958786010742,165.63250732421875,0.4142259182193211,0.7069425792773061,0.053697693114696854,0.9261690664849508,1.2453067918460063,1.2453067918460063,0.0006944697364619223,0.007025298924940278,0.5439215954646872,-0.016327079858539317,6.8277538055739,12.0,0.8432539682539683,KO,PEP
2024-05-15,59.18771743774414,165.2549591064453,0.4142259182193211,0.7069425792773061,0.05578633415035572,1.0284692642324131,0.9261690664849508,0.9261690664849508,-0.00354149621922506,0.007019285439815453,0.5505785481106619,-0.019868576077764377,6.889033759034849,0.0,0.8253968253968254,KO,PEP
2024-05-16,59.3658561706543,168.61602783203125,0.4142259182193211,0.7069425792773061,0.04455752037701499,0.1737306330400015,1.0284692642324131,1.0284692642324131,0.002088641035658867,0.007000971174710596,0.5369505722758977,-0.01777993504210551,6.817685020711217,1.0,0.8392857142857143,KO,PEP
2024-05-17,59.09395980834961,167.76885986328125,0.4142259182193211,0.7069425792773061,0.043527791789610415,0.0852427715730532,0.1737306330400015,0.1737306330400015,-0.011228813773340729,0.0074329547117712854,0.5394233250592916,-0.02900874881544624,6.367611715875104,0.0,0.8928571428571428,KO,PEP
2024-05-20,58.66267776489258,166.0376739501953,0.4142259182193211,0.7069425792773061,0.043535537379989275,0.059580324742900745,0.0852427715730532,0.0852427715730532,-0.001029728587404577,0.006905130738983872,0.5419890602809269,-0.030038477402850816,6.3331398657244256,0.0,0.8253968253968254,KO,PEP
2024-05-21,58.98144912719727,166.74671936035156,0.4142259182193211,0.7069425792773061,0.045942306927694965,0.21591445966014433,0.059580324742900745,0.059580324742900745,7.745590378860356e-06,0.006852095068566827,0.5533361016144732,-0.030030731812471956,6.168365201590606,0.0,0.8015873015873016,KO,PEP
2024-05-22,59.06583786010742,167.67677307128906,0.4142259182193211,0.7069425792773061,0.04343993404174462,-0.0075523649371409774,0.21591445966014433,0.21591445966014433,0.0024067695477056894,0.004691299756874217,0.5463633322623743,-0.027623962264766266,6.081752079274597,0.0,0.6626984126984127,KO,PEP
2024-05-23,58.21266174316406,165.07998657226562,0.4142259182193211,0.7069425792773061,0.0399240861434742,-0.2939929919901975,-0.0075523649371409774,0.0075523649371409774,-0.0025023728859503436,0.004131371036410888,0.5481541301675165,-0.03012633515071661,5.989596928540073,0.0,0.5555555555555556,KO,PEP
2024-05-24,58.12828063964844,163.90130615234375,0.4142259182193211,0.7069425792773061,0.04353921902885238,-0.07376698522229118,-0.2939929919901975,0.2939929919901975,-0.003515847898270419,0.003986702721560424,0.5758241130232629,-0.03364218304898703,5.938116220803735,0.0,0.4900793650793651,KO,PEP
2024-05-28,57.95952224731445,159.65623474121094,0.4142259182193211,0.7069425792773061,0.05918301257694614,1.1304149016853196,-0.07376698522229118,0.07376698522229118,0.0036151328853781806,0.0039436640036346025,0.575986402521186,-0.03002705016360885,5.66790582165707,0.0,0.4841269841269841,KO,PEP
2024-05-29,57.84701156616211,157.6027374267578,0.4142259182193211,0.7069425792773061,0.06639160353563822,1.6526473961648902,1.1304149016853196,1.1304149016853196,0.015643793548093754,0.00523266974536125,0.5661585818890847,-0.014383256615515094,5.878815235097974,1.0,0.6884920634920635,KO,PEP
2024-05-30,58.10015106201172,156.98574829101562,0.4142259182193211,0.7069425792773061,0.07353107035528517,2.144376800661367,1.6526473961648902,1.6526473961648902,0.007208590958692085,0.005357185343308392,0.5653215457127222,-0.007174665656823009,6.17654927603157,2.0,0.7043650793650793,KO,PEP
2024-05-31,59.00020599365234,159.21420288085938,0.4142259182193211,0.7069425792773061,0.078939062705909,2.5450707506194177,2.144376800661367,2.144376800661367,0.007139466819646945,0.005432436998345974,0.5527992119477921,-3.519883717606476e-05,6.824939824836046,3.0,0.7222222222222222,KO,PEP
2024-06-03,59.00020599365234,157.67640686035156,0.4142259182193211,0.7069425792773061,0.08580037058692858,2.769159302603889,2.5450707506194177,2.5450707506194177,0.005407992350623836,0.005507547903604221,0.5683731912820901,0.0,7.864470616407163,4.0,0.6944444444444444,KO,PEP
2024-06-04,59.94712829589844,160.1258544921875,0.4142259182193211,0.7069425792773061,0.09082473744782105,2.825080913228892,2.769159302603889,2.769159302603889,0.006861307881019574,0.005631264706941479,0.5672157149770273,0.0,9.284038016962647,5.0,0.7063492063492063,KO,PEP
2024-06-05,59.92837905883789,159.7575225830078,0.4142259182193211,0.7069425792773061,0.09213995412351839,2.5029566947652766,2.825080913228892,2.825080913228892,0.005024366860892471,0.005652675054763648,0.5829000855612261,0.0,11.450956484736446,6.0,0.6765873015873016,KO,PEP
2024-06-06,60.144020080566406,159.4904327392578,0.4142259182193211,0.7069425792773061,0.09691469557732102,2.4695483304893484,2.5029566947652766,2.5029566947652766,0.0013152166756973394,0.0054774458656832664,0.577117566297167,0.0,12.304693276238984,7.0,0.6646825396825398,KO,PEP
2024-06-07,59.91901016235352,158.7433319091797,0.4142259182193211,0.7069425792773061,0.0964858052583204,2.1642593379525836,2.4695483304893484,2.4695483304893484,0.004774741453802633,0.005434831883355925,0.5774586735751852,0.0,15.293663914721542,8.0,0.6607142857142858,KO,PEP
2024-06-10,59.618988037109375,153.97286987304688,0.4142259182193211,0.7069425792773061,0.11303648469362315,2.652128340173828,2.1642593379525836,2.1642593379525836,-0.0004288903190006188,0.005385431777742654,0.5811224615111249,-0.0004288903190006188,15.503551284071547,9.0,0.6527777777777778,KO,PEP
2024-06-11,59.58148956298828,153.20254516601562,0.4142259182193211,0.7069425792773061,0.11595302169586219,2.418771982315715,2.652128340173828,2.652128340173828,0.01655067943530275,0.006206132024741611,0.5803269768802166,0.0,37.8723791598355,10.0,0.7063492063492063,KO,PEP
2024-06-12,58.95332717895508,152.05169677734375,0.4142259182193211,0.7069425792773061,0.11068469684920945,1.9522035217279659,2.418771982315715,2.418771982315715,0.002916537002239039,0.006186863764031575,0.5916375039166456,0.0,56.16150493736213,11.0,0.6964285714285714,KO,PEP
2024-06-13,59.05646133422852,151.58763122558594,0.4142259182193211,0.7069425792773061,0.1145934943740361,1.9132130995739722,1.9522035217279659,1.9522035217279659,-0.005268324846652739,0.0062878791802651775,0.6261714453229169,-0.005268324846652739,26.190420330432065,12.0,0.6944444444444444,KO,PEP
2024-06-14,59.09897613525391,152.03311157226562,0.4142259182193211,0.7069425792773061,0.11323864527876992,1.6953921461070836,1.9132130995739722,1.9132130995739722,0.003908797524826646,0.006289382296695302,0.6252513504948346,-0.0013595273218260928,34.517412714960315,13.0,0.6944444444444444,KO,PEP
2024-06-17,59.16511154174805,154.1956329345703,0.4142259182193211,0.7069425792773061,0.10437236329946176,1.2508072078431702,1.6953921461070836,1.6953921461070836,-0.0013548490952661751,0.0054951579121278234,0.6298006486626769,-0.002714376417092268,33.96881947537729,14.0,0.6329365079365079,KO,PEP
2024-06-18,59.174560546875,154.51116943359375,0.4142259182193211,0.7069425792773061,0.10308689039106156,1.123004192636268,1.2508072078431702,1.2508072078431702,-0.008866281979308166,0.006050775060002476,0.6304519627879153,-0.011580658396400434,21.666338905464933,15.0,0.6626984126984127,KO,PEP
2024-06-20,58.74938583374024,154.69679260253906,0.4142259182193211,0.7069425792773061,0.09502707932187704,0.7614904109349152,1.123004192636268,1.123004192636268,-0.0012854729084001981,0.006089642308778993,0.6298810637484441,-0.012866131304800632,20.98026571413014,16.0,0.6626984126984127,KO,PEP
2024-06-21,59.30683517456055,155.25367736816406,0.4142259182193211,0.7069425792773061,0.10193062853288559,0.9622073784885364,0.7614904109349152,0.7614904109349152,-0.00805981106918452,0.00654864612731381,0.6230492502924313,-0.02092594237398515,17.23741110587901,0.0,0.7162698412698412,KO,PEP
2024-06-24,60.44063568115234,155.99612426757812,0.4142259182193211,0.7069425792773061,0.11749506975273061,1.436487108080687,0.9622073784885364,0.9622073784885364,0.006903549211008553,0.006513448090722586,0.6216339207751664,-0.014022393162976599,20.15489038953003,0.0,0.7123015873015872,KO,PEP
2024-06-25,60.31779861450195,155.31863403320312,0.4142259182193211,0.7069425792773061,0.11853757655401376,1.368474530124541,1.436487108080687,1.436487108080687,0.015564441219845015,0.006886893192327058,0.6058216923806755,0.0,35.04307856362049,1.0,0.7281746031746033,KO,PEP
2024-06-26,60.516212463378906,154.75250244140625,0.4142259182193211,0.7069425792773061,0.12440314368918104,1.461307624781747,1.368474530124541,1.368474530124541,0.0010425068012831495,0.006914581638949584,0.6072376585383704,0.0,39.06770194625313,2.0,0.7281746031746031,KO,PEP
2024-06-27,60.38393783569336,154.30697631835938,0.4142259182193211,0.7069425792773061,0.12425317376309941,1.3540002430156781,1.461307624781747,1.461307624781747,0.005865567135167282,0.006381456700998957,0.5968165546862448,0.0,64.13253706865527,3.0,0.6944444444444444,KO,PEP
2024-06-28,60.13828659057617,153.07260131835938,0.4142259182193211,0.7069425792773061,0.1258546318343603,1.312320115515562,1.3540002430156781,1.3540002430156781,-0.00014996992608162785,0.006355327330511647,0.5918599119239057,-0.00014996992608162785,86.23396081058556,4.0,0.6944444444444444,KO,PEP
2024-07-01,59.7886962890625,151.1792755126953,0.4142259182193211,0.7069425792773061,0.12882312751139802,1.327847491985808,1.312320115515562,1.312320115515562,0.0016014580712608861,0.006284531415351411,0.589727556790603,0.0,130.34042917686472,5.0,0.6845238095238095,KO,PEP
2024-07-02,59.66586685180664,151.81967163085938,0.4142259182193211,0.7069425792773061,0.12377833472159105,1.0896142888578553,1.327847491985808,1.327847491985808,0.002968495677037719,0.006252755575535391,0.6075003074442682,0.0,252.0,6.0,0.6666666666666667,KO,PEP
2024-07-03,59.8359375,150.91014099121094,0.4142259182193211,0.7069425792773061,0.13087259662323758,1.272483558398126,1.0896142888578553,1.0896142888578553,-0.005044792789806962,0.006374229923241517,0.6044153465767317,-0.005044792789806962,103.2604451040927,7.0,0.6865079365079365,KO,PEP
2024-07-05,60.2422103881836,152.57144165039062,0.4142259182193211,0.7069425792773061,0.12989954792269565,1.177091078215986,1.272483558398126,1.272483558398126,0.007094261901646526,0.006440594571261475,0.6075120351602109,0.0,252.0,8.0,0.6904761904761905,KO,PEP
2024-07-08,59.48635482788086,150.4646453857422,0.4142259182193211,0.7069425792773061,0.12710313275771457,1.0289233440378855,1.177091078215986,1.177091078215986,-0.0009730487005419342,0.006472033693243593,0.6095141355078224,-0.0009730487005419342,252.0,9.0,0.6884920634920635,KO,PEP
2024-07-09,59.23124694824219,150.26043701171875,0.4142259182193211,0.7069425792773061,0.12376550344201886,0.8695615911074287,1.0289233440378855,1.0289233440378855,-0.002796415164981081,0.006513403271631873,0.6186774928391593,-0.003769463865523015,144.45198706668074,10.0,0.6884920634920635,KO,PEP
2024-07-10,59.36352157592773,151.8289337158203,0.4142259182193211,0.7069425792773061,0.11865501796252298,0.6087498349754129,0.8695615911074287,0.8695615911074287,-0.0033376293156957004,0.00658711718599798,0.6175702887024791,-0.0071070931812187155,95.45401771230738,0.0,0.6944444444444444,KO,PEP
2024-07-11,59.61862564086914,152.16307067871094,0.4142259182193211,0.7069425792773061,0.12138903932025347,0.7161016107338636,0.6087498349754129,0.6087498349754129,-0.005110485479495885,0.005725491373464731,0.6340691796268233,-0.0122175786607146,66.29247519928495,0.0,0.5952380952380952,KO,PEP
2024-07-12,60.18552780151367,154.4183807373047,0.4142259182193211,0.7069425792773061,0.12045175102232086,0.6227868261004668,0.7161016107338636,0.7161016107338636,0.0027340213577304873,0.0057214272497145766,0.6323834199914045,-0.009483557302984114,77.26155765646774,0.0,0.5932539682539683,KO,PEP
2024-07-15,59.91152191162109,152.0795440673828,0.4142259182193211,0.7069425792773061,0.12667800970486987,0.995142699759568,0.6227868261004668,0.6227868261004668,-0.0009372882979326036,0.005588047982787562,0.64492895695421,-0.010420845600916717,72.23341532585947,0.0,0.5714285714285714,KO,PEP
2024-07-16,60.72406768798828,152.91482543945312,0.4142259182193211,0.7069425792773061,0.13627710651624136,1.6269063193245588,0.995142699759568,0.995142699759568,0.006226258682549002,0.005681026298445624,0.6455261621466174,-0.004194586918367715,100.18928034735085,0.0,0.5813492063492064,KO,PEP
2024-07-17,61.61222076416016,157.67599487304688,0.4142259182193211,0.7069425792773061,0.1291215223095774,1.0538138377286106,1.6269063193245588,1.6269063193245588,0.0095990968113715,0.005985613921417287,0.6391941399863378,0.0,240.6755837353723,1.0,0.5972222222222222,KO,PEP
2024-07-18,61.59331893920898,158.1215057373047,0.4142259182193211,0.7069425792773061,0.12682005054395917,0.8248146545757,1.0538138377286106,1.0538138377286106,-0.007155584206663956,0.0058525866108562075,0.6689635098909507,-0.007155584206663956,91.6752133893202,2.0,0.5833333333333333,KO,PEP
2024-07-19,61.68779754638672,157.1841278076172,0.4142259182193211,0.7069425792773061,0.1325561629268619,1.262588558334252,0.8248146545757,0.8248146545757,-0.002301471765618235,0.005878616467692117,0.6633916395986682,-0.009457055972282191,73.85873905534659,0.0,0.5892857142857142,KO,PEP
2024-07-22,61.19647979736328,155.60635375976562,0.4142259182193211,0.7069425792773061,0.13169165379463,1.1320192262928872,1.262588558334252,1.262588558334252,0.005736112382902725,0.0055535871336165115,0.7010076854739284,-0.0037209435893794662,116.02023549757078,1.0,0.498015873015873,KO,PEP
2024-07-23,61.37601089477539,154.3255615234375,0.4142259182193211,0.7069425792773061,0.14046394962691933,1.8575046484360767,1.1320192262928872,1.1320192262928872,-0.0008645091322319054,0.005459261213407453,0.6798021551495772,-0.004585452721611372,95.45848111285895,2.0,0.5357142857142857,KO,PEP
2024-07-24,62.17911148071289,156.07968139648438,0.4142259182193211,0.7069425792773061,0.14547396743595442,2.0805958663679394,1.8575046484360767,1.8575046484360767,0.008772295832289334,0.004736451534140587,0.6756398706020025,0.0,178.28815307214242,3.0,0.4742063492063492,KO,PEP
2024-07-25,62.424766540527344,158.72479248046875,0.4142259182193211,0.7069425792773061,0.13753664955751876,1.2789211619797463,2.0805958663679394,2.0805958663679394,0.005010017809035094,0.004810368671775025,0.6848402037335117,0.0,178.28815307214242,4.0,0.4662698412698413,KO,PEP
2024-07-26,63.3506965637207,160.33041381835938,0.4142259182193211,0.7069425792773061,0.14514512460031082,1.772443732945536,1.2789211619797463,1.2789211619797463,-0.007937317878435657,0.005094325673342958,0.6789274568418705,-0.007937317878435657,149.52109766872417,5.0,0.501984126984127,KO,PEP
2024-07-29,63.14284133911133,160.75733947753906,0.4142259182193211,0.7069425792773061,0.13997876982693214,1.2478284523221235,1.772443732945536,1.772443732945536,0.007608475042792051,0.0053090029720755695,0.686062835643584,-0.0003288428356436057,246.25303932172204,6.0,0.5138888888888888,KO,PEP
2024-07-30,63.94594192504883,160.72947692871094,0.4142259182193211,0.7069425792773061,0.15273989439346414,2.0565809383824023,1.2478284523221235,1.2478284523221235,-0.0051663547733786785,0.00547579182232174,0.6821898785400407,-0.005495197609022284,105.10369036590875,7.0,0.5357142857142857,KO,PEP
2024-07-31,63.05780029296875,160.2561492919922,0.4142259182193211,0.7069425792773061,0.14083852252340323,1.0753270907782115,2.0565809383824023,2.0565809383824023,0.012761124566532,0.0060625664204327434,0.6681361198712115,0.0,252.0,8.0,0.6071428571428572,KO,PEP
2024-08-01,64.21047973632812,162.3815460205078,0.4142259182193211,0.7069425792773061,0.14963899006803727,1.6830442953549014,1.0753270907782115,1.0753270907782115,-0.011901371870060906,0.006577746713934271,0.6517555163128339,-0.011901371870060906,64.82535347370145,9.0,0.6686507936507936,KO,PEP
2024-08-02,65.5049057006836,165.24008178710938,0.4142259182193211,0.7069425792773061,0.15726097193490185,2.253673798584703,1.6830442953549014,1.6830442953549014,0.008800467544634039,0.006668576827081884,0.6629632129311653,-0.0031009043254268676,252.0,10.0,0.6666666666666666,KO,PEP
2024-08-05,64.34275817871094,161.52764892578125,0.4142259182193211,0.7069425792773061,0.15542427281065851,2.0301762881727394,2.253673798584703,2.253673798584703,0.00762198186686458,0.00680706479228206,0.6817976319800322,0.0,252.0,11.0,0.6388888888888888,KO,PEP
2024-08-06,64.29552459716797,160.08909606933594,0.4142259182193211,0.7069425792773061,0.16101408975251497,2.254445160285933,2.0301762881727394,2.0301762881727394,-0.001836699124243335,0.0067808707963227105,0.7080062861927098,-0.001836699124243335,252.0,12.0,0.5674603174603174,KO,PEP
2024-08-07,64.68290710449219,159.4394073486328,0.4142259182193211,0.7069425792773061,0.16989586116274014,2.5854463078262273,2.254445160285933,2.254445160285933,0.005589816941856451,0.006747006553692227,0.70895452609122,0.0,252.0,13.0,0.5615079365079365,KO,PEP
2024-08-08,64.9380111694336,159.9777069091797,0.4142259182193211,0.7069425792773061,0.171449261558414,2.355449921720306,2.5854463078262273,2.5854463078262273,0.00888177141022517,0.006713055968676764,0.702133158067678,0.0,252.0,14.0,0.5793650793650793,KO,PEP
2024-08-09,64.8907699584961,159.99627685546875,0.4142259182193211,0.7069425792773061,0.17063945921701196,2.0560842425167842,2.355449921720306,2.355449921720306,0.0015534003956738651,0.006716474137682838,0.7015281375575858,0.0,252.0,15.0,0.5813492063492063,KO,PEP
2024-08-12,64.40890502929688,159.0960235595703,0.4142259182193211,0.7069425792773061,0.16717496221811112,1.675975352186462,2.0560842425167842,2.0560842425167842,-0.0008098023414020439,0.006713265811648141,0.700696023656877,-0.0008098023414020439,252.0,16.0,0.5813492063492063,KO,PEP
2024-08-13,64.68290710449219,159.9777069091797,0.4142259182193211,0.7069425792773061,0.16751310067162617,1.5612209398098333,1.675975352186462,1.675975352186462,-0.0034644969989008345,0.006776929038949126,0.700752313798378,-0.004274299340302878,252.0,17.0,0.5853174603174602,KO,PEP
2024-08-14,64.7962875366211,161.22140502929688,0.4142259182193211,0.7069425792773061,0.16378977421029095,1.2467185530809637,1.5612209398098333,1.5612209398098333,0.0003381384535150467,0.006556381675886196,0.7165549231452656,-0.003936160886787832,252.0,18.0,0.5218253968253967,KO,PEP
2024-08-15,64.8624267578125,160.11695861816406,0.4142259182193211,0.7069425792773061,0.16966954992514705,1.477581179540435,1.2467185530809637,1.2467185530809637,-0.003723326461335219,0.00636817701641585,0.7127116104954897,-0.007659487348123051,252.0,19.0,0.5079365079365079,KO,PEP
2024-08-16,65.3631820678711,160.20973205566406,0.4142259182193211,0.7069425792773061,0.17695067774824347,1.7354983388437644,1.477581179540435,1.477581179540435,0.005879775714856095,0.006358612132568162,0.7070375749335711,-0.001779711633266956,252.0,20.0,0.5238095238095238,KO,PEP
2024-08-19,65.1742172241211,161.32350158691406,0.4142259182193211,0.7069425792773061,0.16915786967055135,1.2134446834332073,1.7354983388437644,1.7354983388437644,0.007281127823096423,0.006410971590583861,0.7042447891595963,0.0,252.0,21.0,0.5436507936507936,KO,PEP
2024-08-20,65.55215454101562,163.20753479003906,0.4142259182193211,0.7069425792773061,0.1667317343577941,1.0116600978490908,1.2134446834332073,1.2134446834332073,-0.007792808077692115,0.006746663609183929,0.6955058714613517,-0.007792808077692115,252.0,22.0,0.6031746031746033,KO,PEP
2024-08-21,65.73165893554688,162.61355590820312,0.4142259182193211,0.7069425792773061,0.17204388263687287,1.240483540064119,1.0116600978490908,1.0116600978490908,-0.0024261353127572605,0.006614258826074239,0.6838151994662585,-0.010218943390449375,252.0,23.0,0.6130952380952381,KO,PEP
2024-08-22,65.5049057006836,163.1054229736328,0.4142259182193211,0.7069425792773061,0.16645313352843694,0.8640207093381194,1.240483540064119,1.240483540064119,0.005312148279078777,0.006623023642197985,0.6815071335294519,-0.004906795111370599,252.0,24.0,0.6190476190476191,KO,PEP
2024-08-23,65.93952941894531,163.22608947753906,0.4142259182193211,0.7069425792773061,0.17254339103723204,1.1722192935454858,0.8640207093381194,0.8640207093381194,-0.005590749108435933,0.006477013861416361,0.6873179567847457,-0.010497544219806532,252.0,0.0,0.5813492063492063,KO,PEP
2024-08-26,66.93158721923828,163.31890869140625,0.4142259182193211,0.7069425792773061,0.1870744097067485,1.921667430086704,1.1722192935454858,1.1722192935454858,0.006090257508795105,0.006412922178464476,0.6860701150474103,-0.004407286711011427,252.0,1.0,0.5793650793650793,KO,PEP
2024-08-27,67.55517578125,162.6970672607422,0.4142259182193211,0.7069425792773061,0.19904492278332953,2.3361612798641476,1.921667430086704,1.921667430086704,0.014531018669516449,0.006832290921327975,0.6756680102829223,0.0,252.0,2.0,0.6488095238095238,KO,PEP
2024-08-28,67.79138946533203,161.41627502441406,0.4142259182193211,0.7069425792773061,0.20812267856396494,2.5084287848001665,2.3361612798641476,2.3361612798641476,0.011970513076581035,0.006774005646079799,0.6528283209984982,0.0,252.0,3.0,0.6607142857142857,KO,PEP
2024-08-29,68.07483673095703,159.7178497314453,0.4142259182193211,0.7069425792773061,0.2197730054766196,2.7084644646753646,2.5084287848001665,2.5084287848001665,0.00907775578063541,0.0060801149145825436,0.6481444956350453,0.0,252.0,4.0,0.5833333333333333,KO,PEP
2024-08-30,68.47166442871094,160.45108032226562,0.4142259182193211,0.7069425792773061,0.22234737116608372,2.4831968204909836,2.7084644646753646,2.7084644646753646,0.011650326912654663,0.00623721377097226,0.6214342150043206,0.0,252.0,5.0,0.625,KO,PEP
2024-09-03,68.98186492919922,164.77603149414062,0.4142259182193211,0.7069425792773061,0.21096770678076693,1.8262857467771785,2.4831968204909836,2.4831968204909836,0.00257436568946412,0.006167319114667738,0.6223416789154471,0.0,252.0,6.0,0.6150793650793651,KO,PEP
2024-09-04,68.55670166015625,165.68557739257812,0.4142259182193211,0.7069425792773061,0.2008937119975771,1.2951528111758572,1.8262857467771785,1.8262857467771785,-0.01137966438531679,0.006871674157280822,0.6147455270720352,-0.01137966438531679,252.0,7.0,0.7043650793650793,KO,PEP
2024-09-05,67.24339294433594,166.40951538085938,0.4142259182193211,0.7069425792773061,0.17846916542299196,0.273294261924831,1.2951528111758572,1.2951528111758572,-0.010073994783189821,0.007380284111279996,0.5975120636922339,-0.02145365916850661,252.0,8.0,0.7797619047619048,KO,PEP
2024-09-06,67.21504974365234,165.84371948242188,0.4142259182193211,0.7069425792773061,0.18045529022144224,0.3107758907738837,0.273294261924831,0.273294261924831,-0.022424546574585147,0.00891400704840417,0.5546068058823598,-0.04387820574309176,252.0,0.0,0.9424603174603174,KO,PEP
2024-09-09,67.88587188720703,166.6386260986328,0.4142259182193211,0.7069425792773061,0.18700569745784268,0.5650430871142339,0.3107758907738837,0.3107758907738837,0.001986124798450284,0.00891723533890606,0.5544838585649476,-0.041892080944641474,197.25884085818552,0.0,0.9424603174603174,KO,PEP
2024-09-10,67.6024169921875,166.2832489013672,0.4142259182193211,0.7069425792773061,0.18433074481782796,0.38505462763121445,0.5650430871142339,0.5650430871142339,0.006550407236400435,0.009009041338637069,0.5463087906207869,-0.03534167370824104,252.0,0.0,0.9682539682539683,KO,PEP
2024-09-11,67.15835571289062,164.3848419189453,0.4142259182193211,0.7069425792773061,0.1858577380765256,0.41545756374298776,0.38505462763121445,0.38505462763121445,-0.002674952640014716,0.008991901336407402,0.5483843062645134,-0.038016626348255755,252.0,0.0,0.9583333333333333,KO,PEP
2024-09-12,67.30008697509766,165.7595672607422,0.4142259182193211,0.7069425792773061,0.18207844924477623,0.1615512184269196,0.41545756374298776,0.41545756374298776,0.001526993258697651,0.008992199178806714,0.559154280740432,-0.036489633089558104,205.7233509132047,0.0,0.9305555555555556,KO,PEP
2024-09-13,67.93270111083984,165.8624267578125,0.4142259182193211,0.7069425792773061,0.190995899743009,0.5979373960836059,0.1615512184269196,0.1615512184269196,-0.0037792888317493833,0.008993651343900209,0.5676891883058248,-0.04026892192130749,161.79547187353404,0.0,0.9146825396825398,KO,PEP
2024-09-16,68.5890884399414,165.72216796875,0.4142259182193211,0.7069425792773061,0.2012099027026677,1.1071565453594419,0.5979373960836059,0.5979373960836059,0.008917450498232782,0.009101229512385513,0.5641390839610213,-0.031351471423074706,198.0975650316538,0.0,0.9265873015873016,KO,PEP
2024-09-17,68.30370330810547,165.40420532226562,0.4142259182193211,0.7069425792773061,0.19839810500811694,0.8875823788222678,1.1071565453594419,1.1071565453594419,0.010214002959658686,0.009222997795956072,0.5637921304445943,-0.02113746846341602,252.0,1.0,0.9265873015873016,KO,PEP
2024-09-18,68.25614166259766,163.851806640625,0.4142259182193211,0.7069425792773061,0.20436786793540707,1.1638550284660065,0.8875823788222678,0.8875823788222678,-0.002811797694550755,0.00904192470401962,0.564501129311476,-0.023949266157966775,252.0,0.0,0.9186507936507937,KO,PEP
2024-09-19,67.1811752319336,163.3374481201172,0.4142259182193211,0.7069425792773061,0.19071623081112454,0.31234815432101953,1.1638550284660065,1.1638550284660065,0.005969762927290123,0.00904656184556227,0.5714598843026172,-0.017979503230676652,252.0,1.0,0.8968253968253969,KO,PEP
2024-09-20,68.1514892578125,160.08303833007812,0.4142259182193211,0.7069425792773061,0.21928382446257144,1.845872734051981,0.31234815432101953,0.31234815432101953,-0.013651637124282523,0.009613389099486199,0.5617591161337924,-0.031631140354959175,131.63631486561917,0.0,0.9285714285714286,KO,PEP
2024-09-23,68.23712158203125,160.95274353027344,0.4142259182193211,0.7069425792773061,0.21670922628433065,1.5648032973068602,1.845872734051981,1.845872734051981,0.0285675936514469,0.011205076227075022,0.4837124252628033,-0.0030635467035122765,252.0,1.0,1.0,KO,PEP
2024-09-24,67.8565902709961,158.90472412109375,0.4142259182193211,0.7069425792773061,0.22017012317726792,1.6229978499503614,1.5648032973068602,1.5648032973068602,-0.0025745981782407945,0.011230839303948772,0.4806708985553631,-0.005638144881753071,252.0,2.0,1.0,KO,PEP
2024-09-25,67.97074127197266,158.41844177246094,0.4142259182193211,0.7069425792773061,0.2240176608453761,1.6891287958231582,1.6229978499503614,1.6229978499503614,0.0034608968929372708,0.010877102258413483,0.4848900375392366,-0.0021772479888158003,252.0,3.0,0.9920634920634921,KO,PEP
2024-09-26,67.92318725585938,158.68963623046875,0.4142259182193211,0.7069425792773061,0.22210862012994248,1.486624754289414,1.6891287958231582,1.6891287958231582,0.003847537668108192,0.010633254120402053,0.4747405832715504,0.0,252.0,4.0,0.9940476190476191,KO,PEP
2024-09-27,68.294189453125,158.97955322265625,0.4142259182193211,0.7069425792773061,0.2262654759116285,1.5845007096442512,1.486624754289414,1.486624754289414,-0.0019090407154336297,0.01049752876743546,0.47802688487904965,-0.0019090407154336297,195.11324777726924,5.0,0.9900793650793651,KO,PEP
2024-09-30,68.36077880859375,159.02630615234375,0.4142259182193211,0.7069425792773061,0.22703216968177475,1.502636808402985,1.5845007096442512,1.5845007096442512,0.0041568557816860086,0.010230308540649167,0.4808281031440768,0.0,252.0,6.0,0.9841269841269842,KO,PEP
2024-10-01,68.21807861328125,160.2700958251953,0.4142259182193211,0.7069425792773061,0.21943484373756705,1.0460561280264018,1.502636808402985,1.502636808402985,0.000766693770146265,0.010218010958920817,0.47697152668072,0.0,159.49215111013768,7.0,0.9861111111111112,KO,PEP
2024-10-02,67.55216979980469,158.55873107910156,0.4142259182193211,0.7069425792773061,0.21721474470963242,0.8759138743375238,1.0460561280264018,1.0460561280264018,-0.0075973259442077,0.010034665678429384,0.44442532317576877,-0.0075973259442077,117.06974094261226,8.0,0.9861111111111112,KO,PEP
2024-10-03,67.0860366821289,157.60484313964844,0.4142259182193211,0.7069425792773061,0.2145562894173083,0.6783886242208467,0.8759138743375238,0.8759138743375238,-0.00222009902793463,0.00976626742755884,0.45936424510139867,-0.00981742497214233,72.57483919715213,0.0,0.9821428571428572,KO,PEP
2024-10-04,66.7530746459961,157.08114624023438,0.4142259182193211,0.7069425792773061,0.21193369658262506,0.47786953366208396,0.6783886242208467,0.6783886242208467,-0.0026584552923241134,0.008246246007511006,0.46891850356453296,-0.012475880264466443,67.19290874510813,0.0,0.9404761904761905,KO,PEP
2024-10-07,65.64956665039062,156.37042236328125,0.4142259182193211,0.7069425792773061,0.19847020386919478,-0.424486257221613,0.47786953366208396,0.47786953366208396,-0.002622592834683246,0.008302151192150161,0.47075364882924164,-0.01509847309914969,55.42343348615907,0.0,0.9404761904761905,KO,PEP
2024-10-08,65.81128692626953,159.37229919433594,0.4142259182193211,0.7069425792773061,0.18748785420885383,-1.1430479421165025,-0.424486257221613,0.424486257221613,-0.01346349271343028,0.008831321666142335,0.45965942291353273,-0.02856196581257997,42.90593219769396,0.0,0.9464285714285714,KO,PEP
2024-10-09,66.18229675292969,161.3548583984375,0.4142259182193211,0.7069425792773061,0.18436953015727164,-1.2803792476093674,-1.1430479421165025,1.1430479421165025,-0.010982349660340951,0.009163446017275983,0.44235288574974896,-0.03954431547292092,34.45177388729035,1.0,0.9781746031746033,KO,PEP
2024-10-10,65.87788391113281,161.7757110595703,0.4142259182193211,0.7069425792773061,0.17791783058483812,-1.5584860257863091,-1.2803792476093674,1.2803792476093674,-0.0031183240515821886,0.00918464676390439,0.44263223907261817,-0.04266263952450311,38.96735678749472,2.0,0.9761904761904763,KO,PEP
2024-10-11,66.18229675292969,163.4777374267578,0.4142259182193211,0.7069425792773061,0.17512923246902767,-1.5917827813555994,-1.5584860257863091,1.5584860257863091,-0.0064516995724335224,0.009256730868973172,0.4005580520759768,-0.04911433909693663,34.16460955467837,3.0,0.9801587301587302,KO,PEP
2024-10-14,66.914794921875,164.68411254882812,0.4142259182193211,0.7069425792773061,0.18093862843283715,-1.1678281509705797,-1.5917827813555994,1.5917827813555994,-0.002788598115810448,0.009028495623683925,0.40443941621660556,-0.05190293721274708,45.39425208276645,4.0,0.9642857142857143,KO,PEP
2024-10-15,66.914794921875,164.4970703125,0.4142259182193211,0.7069425792773061,0.18174200445855337,-1.0488679762075575,-1.1678281509705797,1.1678281509705797,0.005809395963809472,0.008808346093436132,0.41423897137823606,-0.04609354124893761,39.515610338440105,5.0,0.9365079365079365,KO,PEP
2024-10-16,67.13359832763672,163.1691131591797,0.4142259182193211,0.7069425792773061,0.19073673995397744,-0.500154643462844,-1.0488679762075575,1.0488679762075575,0.0008033760257162292,0.008806683168335631,0.4015443841365658,-0.04529016522322138,41.542988109056665,6.0,0.9365079365079365,KO,PEP
2024-10-17,66.49623107910156,163.34678649902344,0.4142259182193211,0.7069425792773061,0.1804280071729254,-1.1100351828485642,-0.500154643462844,0.500154643462844,0.008994735495424067,0.008947070659012003,0.4010078467669787,-0.03629542972779731,45.539567796662524,0.0,0.9484126984126984,KO,PEP
2024-10-18,67.00993347167969,163.71153259277344,0.4142259182193211,0.7069425792773061,0.18654679434211952,-0.7721666785640471,-1.1100351828485642,1.1100351828485642,-0.010308732781052043,0.008731844731057531,0.3790120582898877,-0.046604162508849356,41.42417190214931,1.0,0.9325396825396826,KO,PEP
2024-10-21,66.0681381225586,163.6647491455078,0.4142259182193211,0.7069425792773061,0.17259458057395838,-1.5209096088273366,-0.7721666785640471,0.7721666785640471,0.006118787169194118,0.005907373010737343,0.3803681307936824,-0.04048537533965524,39.48772246450734,0.0,0.6825396825396826,KO,PEP
2024-10-22,66.0681381225586,163.06625366210938,0.4142259182193211,0.7069425792773061,0.17518449343993492,-1.3294457523134837,-1.5209096088273366,1.5209096088273366,-0.013952213768161137,0.006489442925862779,0.3550445271737152,-0.054437589107816375,37.17218592785753,1.0,0.7361111111111112,KO,PEP
2024-10-23,64.6982650756836,161.73831176757812,0.4142259182193211,0.7069425792773061,0.16001288219289567,-2.000721414885717,-1.3294457523134837,1.3294457523134837,0.0025899128659765402,0.006454095541881835,0.358075388063543,-0.051847676241839835,36.130713599545295,2.0,0.7301587301587302,KO,PEP
2024-10-24,64.02283477783203,160.99951171875,0.4142259182193211,0.7069425792773061,0.15275493079594993,-2.162104724799653,-2.000721414885717,2.000721414885717,-0.015171611247039252,0.006873267005668141,0.3831417291766283,-0.06701928748887909,32.45003558688085,3.0,0.7797619047619047,KO,PEP
2024-10-25,63.66133499145508,160.6534881591797,0.4142259182193211,0.7069425792773061,0.14861352099118097,-2.114339539362754,-2.162104724799653,2.162104724799653,-0.007257951396945739,0.00692171684611998,0.3876894682561242,-0.07427723888582483,32.45814980432432,4.0,0.7857142857142857,KO,PEP
2024-10-28,63.42350387573242,158.8299102783203,0.4142259182193211,0.7069425792773061,0.1529410415492567,-1.748762217264557,-2.114339539362754,2.114339539362754,-0.0041414098047689585,0.0066973148096903705,0.3560675516437264,-0.07841864869059378,29.645828917095653,5.0,0.7579365079365079,KO,PEP
2024-10-29,62.3675537109375,156.6416015625,0.4142259182193211,0.7069425792773061,0.14595944633191937,-1.8527853020297294,-1.748762217264557,1.748762217264557,0.004327520558075726,0.006863806049839428,0.30196077397539933,-0.07409112813251806,30.914407015500164,6.0,0.7876984126984127,KO,PEP
2024-10-30,62.71003341674805,155.4352569580078,0.4142259182193211,0.7069425792773061,0.15690118864258729,-1.3153398384907757,-1.8527853020297294,1.8527853020297294,-0.006981595217337322,0.006847638433336087,0.2719382190081166,-0.08107272334985538,28.94482630784771,7.0,0.7837301587301587,KO,PEP
2024-10-31,62.12973403930664,155.31365966796875,0.4142259182193211,0.7069425792773061,0.14815767349180042,-1.5347914233318003,-1.3153398384907757,1.3153398384907757,0.010941742310667912,0.007551957945779748,0.25969785717667104,-0.07013098103918747,27.63365908709842,8.0,0.871031746031746,KO,PEP
2024-11-01,61.84434509277344,154.85543823242188,0.4142259182193211,0.7069425792773061,0.14564242880657652,-1.5088327575041942,-1.5347914233318003,1.5347914233318003,-0.008743515150786862,0.007653334212546663,0.26583508633108466,-0.07887449618997433,26.525644335053272,9.0,0.878968253968254,KO,PEP
2024-11-04,61.93947219848633,155.5568084716797,0.4142259182193211,0.7069425792773061,0.14398476629842527,-1.4562667263060125,-1.5088327575041942,1.5088327575041942,-0.002515244685223905,0.007653859009356414,0.26417196353240874,-0.08138974087519824,24.511578553099667,10.0,0.8809523809523809,KO,PEP
2024-11-05,62.18682098388672,156.9689178466797,0.4142259182193211,0.7069425792773061,0.1415816978604969,-1.4380550523888687,-1.4562667263060125,1.4562667263060125,-0.0016576625081512475,0.007295227300956239,0.26613298254463835,-0.08304740338334948,24.133494803890397,11.0,0.8392857142857143,KO,PEP
2024-11-06,60.59813690185547,154.032470703125,0.4142259182193211,0.7069425792773061,0.12905292351475106,-1.748554275958077,-1.4380550523888687,1.4380550523888687,-0.0024030684379283684,0.007044976746369156,0.2668946920880422,-0.08545047182127785,20.474085217319615,12.0,0.8095238095238095,KO,PEP
2024-11-07,60.5600814819336,153.3684844970703,0.4142259182193211,0.7069425792773061,0.13147872705762298,-1.5547495342616833,-1.748554275958077,1.748554275958077,-0.012528774345745841,0.007390035858726966,0.3385691654357675,-0.09797924616702369,19.458857922160583,13.0,0.8492063492063492,KO,PEP
2024-11-08,60.80742263793945,154.40652465820312,0.4142259182193211,0.7069425792773061,0.1307859743418689,-1.4944477304037158,-1.5547495342616833,1.5547495342616833,0.0024258035428719182,0.007421858012056941,0.3352766931781195,-0.09555344262415177,18.373857921169545,14.0,0.8531746031746031,KO,PEP
2024-11-11,60.274688720703125,153.6116485595703,0.4142259182193211,0.7069425792773061,0.12563507003655427,-1.5985836917813205,-1.4944477304037158,1.4944477304037158,-0.0006927527157540858,0.007429321784827798,0.34565155338617404,-0.09624619533990586,17.929823770806163,15.0,0.8531746031746033,KO,PEP
2024-11-12,60.12248229980469,153.68646240234375,0.4142259182193211,0.7069425792773061,0.12276244332673825,-1.6125942721418958,-1.5985836917813205,1.5985836917813205,-0.005150904305314619,0.0072182796629479485,0.3510484471516499,-0.10139709964522048,16.686762741878304,16.0,0.8174603174603174,KO,PEP
2024-11-13,59.93221664428711,154.060546875,0.4142259182193211,0.7069425792773061,0.11787413034275573,-1.6996516276491749,-1.6125942721418958,1.6125942721418958,-0.0028726267098160285,0.007171724144253211,0.35596383412137345,-0.10426972635503651,15.226997464605503,17.0,0.7996031746031746,KO,PEP
2024-11-14,59.504127502441406,154.44395446777344,0.4142259182193211,0.7069425792773061,0.10894844014458549,-1.9168714069292534,-1.6996516276491749,1.6996516276491749,-0.004888312983982512,0.006633793480427433,0.3416456397780696,-0.10915803933901902,15.163821459202273,18.0,0.7400793650793651,KO,PEP
2024-11-15,58.73357391357422,148.3372802734375,0.4142259182193211,0.7069425792773061,0.12443423557724653,-1.2706441208717447,-1.9168714069292534,1.9168714069292534,-0.008925690198170244,0.006570859386799125,0.3392814119841353,-0.11808372953718926,18.47551665237168,19.0,0.7321428571428572,KO,PEP
2024-11-18,58.84773254394531,148.06607055664062,0.4142259182193211,0.7069425792773061,0.12766972654159847,-1.0800118520617297,-1.2706441208717447,1.2706441208717447,0.015485795432661043,0.007511531444033272,0.37400727223694086,-0.10259793410452822,17.65291905062325,20.0,0.8452380952380952,KO,PEP
2024-11-19,59.54219055175781,146.5604248046875,0.4142259182193211,0.7069425792773061,0.14662708604303987,-0.24220742416845153,-1.0800118520617297,1.0800118520617297,0.003235490964351939,0.007198099046854306,0.37238758085853,-0.09936244314017628,18.285938444711512,21.0,0.7976190476190477,KO,PEP
2024-11-20,59.92270660400391,148.44949340820312,0.4142259182193211,0.7069425792773061,0.14394364234840218,-0.3096973581040884,-0.24220742416845153,0.24220742416845153,0.018957359501441395,0.008511939491120304,0.343014609678958,-0.08040508363873489,17.32352789998195,0.0,0.9206349206349207,KO,PEP
2024-11-21,60.655216217041016,149.9457550048828,0.4142259182193211,0.7069425792773061,0.1490039802896277,-0.04255133905351352,-0.3096973581040884,0.3096973581040884,-0.0026834436946376883,0.007918177229146521,0.36783006443858596,-0.08308852733337257,18.13488349256424,0.0,0.878968253968254,KO,PEP
2024-11-22,60.80742263793945,151.49815368652344,0.4142259182193211,0.7069425792773061,0.14422881046010483,-0.21849039230733602,-0.04255133905351352,0.04255133905351352,0.005060337941225512,0.007871109566688862,0.39622015039715125,-0.07802818939214706,18.366068527041183,0.0,0.8591269841269842,KO,PEP
2024-11-25,61.24502182006836,152.4801025390625,0.4142259182193211,0.7069425792773061,0.14683218997362557,-0.045542684160398604,-0.21849039230733602,0.21849039230733602,-0.004775169829522863,0.007888220601343325,0.4164167862911567,-0.08280335922166993,18.16433367924502,0.0,0.8472222222222222,KO,PEP
2024-11-26,61.40675354003906,151.64781188964844,0.4142259182193211,0.7069425792773061,0.15333875566631638,0.33235829006828155,-0.045542684160398604,0.045542684160398604,0.0026033795135207427,0.007847375410809045,0.4192340796749476,-0.08019997970814918,18.486285297358272,0.0,0.8392857142857143,KO,PEP
2024-11-27,61.29258728027344,152.1714630126953,0.4142259182193211,0.7069425792773061,0.1490409243466897,0.20224336453761604,0.33235829006828155,0.33235829006828155,0.006506565692690813,0.007824199432414735,0.3943008096263768,-0.07369341401545837,17.621590238114447,0.0,0.8511904761904763,KO,PEP
2024-11-29,61.4219856262207,152.85414123535156,0.4142259182193211,0.7069425792773061,0.14798543355288807,0.21853588919014671,0.20224336453761604,0.20224336453761604,-0.004297831319626688,0.007492479853144259,0.40224554936110796,-0.07799124533508506,21.020431862345035,0.0,0.8055555555555556,KO,PEP
2024-12-02,61.00983047485352,152.4801025390625,0.4142259182193211,0.7069425792773061,0.14298462677359636,0.005868649119333244,0.21853588919014671,0.21853588919014671,-0.0010554907938016278,0.007247405725600897,0.4430261261662953,-0.07904673612888669,21.344250463960734,0.0,0.753968253968254,KO,PEP
2024-12-03,60.88521957397461,151.21759033203125,0.4142259182193211,0.7069425792773061,0.1468178104495239,0.3507288829119889,0.005868649119333244,0.005868649119333244,-0.005000806779291711,0.007310361466419489,0.4434664102492301,-0.0840475429081784,20.246980417647745,0.0,0.7619047619047619,KO,PEP
2024-12-04,59.62955474853516,149.79612731933594,0.4142259182193211,0.7069425792773061,0.13265547477287765,-0.6505826292715036,0.3507288829119889,0.3507288829119889,0.003833183675927554,0.007350935437483135,0.4349269808532636,-0.08021435923225084,20.45010232538514,0.0,0.7757936507936508,KO,PEP
2024-12-05,60.31010055541992,150.08602905273438,0.4142259182193211,0.7069425792773061,0.14263690347957736,0.22149712864446125,-0.6505826292715036,0.6505826292715036,-0.014162335676646265,0.007974771106587179,0.4453049269328607,-0.09437669490889711,20.71785994725427,0.0,0.8373015873015873,KO,PEP
2024-12-06,59.936279296875,148.8175048828125,0.4142259182193211,0.7069425792773061,0.1424197534255076,0.2370080471454681,0.22149712864446125,0.22149712864446125,0.009981428706699713,0.007776103985337776,0.44166553091791694,-0.0843952662021974,17.665856643009075,0.0,0.8194444444444444,KO,PEP
2024-12-09,60.00337600708008,150.40200805664062,0.4142259182193211,0.7069425792773061,0.13605136084204794,-0.28364835432650654,0.2370080471454681,0.2370080471454681,-0.00021715005406974797,0.00776775198438453,0.44177609107642324,-0.08461241625626714,17.007792347628484,0.0,0.8134920634920635,KO,PEP
2024-12-10,60.30052185058594,150.75094604492188,0.4142259182193211,0.7069425792773061,0.1393530591619756,0.047483066790226215,-0.28364835432650654,0.28364835432650654,-0.00636839258345967,0.00791023079226959,0.4437281207789028,-0.09098080883972681,15.519863951279584,0.0,0.8273809523809523,KO,PEP
2024-12-11,60.04171371459961,147.85552978515625,0.4142259182193211,0.7069425792773061,0.14876191610984302,0.8815168900231063,0.047483066790226215,0.047483066790226215,0.0033016983199276595,0.007835117975628251,0.4514235089478904,-0.08767911051979915,16.097818636238006,0.0,0.8075396825396826,KO,PEP
2024-12-12,61.19194030761719,149.86441040039062,0.4142259182193211,0.7069425792773061,0.15819744574760009,1.711734467945419,0.8815168900231063,0.8815168900231063,0.009408856947867417,0.008011449964656935,0.44607132022983237,-0.07827025357193174,18.175560180189695,0.0,0.8353174603174602,KO,PEP
2024-12-13,60.50180816650391,148.98727416992188,0.4142259182193211,0.7069425792773061,0.15100500664132976,1.0548641434538877,1.711734467945419,1.711734467945419,0.009435529637757067,0.008066289008669646,0.48159174794000664,-0.06883472393417467,17.548435451124423,1.0,0.8214285714285714,KO,PEP
2024-12-16,59.955448150634766,147.1481475830078,0.4142259182193211,0.7069425792773061,0.15071445007246753,1.0024138952337522,1.0548641434538877,1.0548641434538877,-0.007192439106270321,0.0079568346445008,0.48992072271013004,-0.07602716304044499,18.370803581560732,2.0,0.7916666666666667,KO,PEP
2024-12-17,60.77019119262695,147.26133728027344,0.4142259182193211,0.7069425792773061,0.163668499550365,1.9417064587325608,1.0024138952337522,1.0024138952337522,-0.00029055656886223247,0.007349844113023959,0.5886751419498351,-0.07631771960930722,18.12111839173898,3.0,0.5734126984126984,KO,PEP
2024-12-18,60.24300765991211,145.64859008789062,0.4142259182193211,0.7069425792773061,0.16274047602275754,1.7148074137462244,1.9417064587325608,1.9417064587325608,0.012954049477897467,0.007770070999030118,0.5787443627919918,-0.06336367013140976,17.4860715296191,4.0,0.6309523809523809,KO,PEP
2024-12-19,59.85960388183594,142.8568878173828,0.4142259182193211,0.7069425792773061,0.1700376347386907,2.040129220386686,1.7148074137462244,1.7148074137462244,-0.0009280235276074578,0.006711085348418659,0.5833659580942002,-0.06429169365901721,17.663900329288527,5.0,0.4662698412698413,KO,PEP
2024-12-20,59.955448150634766,144.10183715820312,0.4142259182193211,0.7069425792773061,0.16550342998814305,1.573107752851315,2.040129220386686,2.040129220386686,0.007297158715933172,0.006803521996830473,0.582622122149562,-0.05699453494308404,16.726856091674826,6.0,0.48412698412698413,KO,PEP
2024-12-23,59.79249954223633,142.68711853027344,0.4142259182193211,0.7069425792773061,0.1697565981755096,1.7103743221260275,1.573107752851315,1.573107752851315,-0.004534204750547666,0.006859823080055106,0.5834552130965043,-0.06152873969363171,17.415644680544073,7.0,0.4880952380952381,KO,PEP
2024-12-24,60.23342514038086,144.12069702148438,0.4142259182193211,0.7069425792773061,0.17003658983810022,1.6005663180713918,1.7103743221260275,1.7103743221260275,0.0042531681873665406,0.006772956670679096,0.5800522885255636,-0.057275571506265166,17.08591142337723,8.0,0.47817460317460314,KO,PEP
2024-12-26,59.97462463378906,143.771728515625,0.4142259182193211,0.7069425792773061,0.16744454698599887,1.3435841724159026,1.6005663180713918,1.6005663180713918,0.00027999166259062847,0.006769124169071827,0.5883221734130392,-0.04939825389946684,16.478884976068144,9.0,0.46031746031746035,KO,PEP
2024-12-27,59.85960388183594,144.19615173339844,0.4142259182193211,0.7069425792773061,0.16344101720499982,1.0276879206319223,1.3435841724159026,1.3435841724159026,-0.0025920428521013505,0.006699916680735199,0.5927262620405582,-0.04977019772363356,15.70540706308119,10.0,0.4365079365079365,KO,PEP
2024-12-30,59.45701217651367,143.09268188476562,0.4142259182193211,0.7069425792773061,0.16212342652751355,0.9355821288103947,1.0276879206319223,1.0276879206319223,-0.004003529780999049,0.0066892267899682605,0.5863815821488173,-0.051115272212308493,14.680846576137652,11.0,0.44246031746031744,KO,PEP
2024-12-31,59.6774787902832,143.41334533691406,0.4142259182193211,0.7069425792773061,0.16424211897569485,1.0679892931848711,0.9355821288103947,0.9355821288103947,-0.001317590677486269,0.006692948067851155,0.5869473963397579,-0.049810270055111516,14.716317212809006,0.0,0.44047619047619047,KO,PEP
2025-01-02,59.274898529052734,141.66854858398438,0.4142259182193211,0.7069425792773061,0.16612688869499959,1.18845514239859,1.0679892931848711,1.0679892931848711,0.002118692448181303,0.006568074145275138,0.5880307986548642,-0.03422808489349993,14.229655859821692,1.0,0.42063492063492064,KO,PEP
2025-01-03,59.18863296508789,141.14039611816406,0.4142259182193211,0.7069425792773061,0.1673109487485953,1.2104004134989803,1.18845514239859,1.18845514239859,0.0018847697193047352,0.006540653801263541,0.5969706239364169,-0.024609851258977855,14.752098403704247,2.0,0.3968253968253968,KO,PEP
2025-01-06,58.287628173828125,137.9525909423828,0.4142259182193211,0.7069425792773061,0.16812142150232523,1.1975627211456132,1.2104004134989803,1.2104004134989803,0.0011840600535957257,0.005545381955567132,0.6034626453993347,-0.02342579120538213,15.817409715874966,3.0,0.30952380952380953,KO,PEP
2025-01-07,58.31637954711914,137.13206481933594,0.4142259182193211,0.7069425792773061,0.1728319347770011,1.4944130518546406,1.1975627211456132,1.1975627211456132,0.0008104727537299183,0.00521358911212657,0.6163734908965188,-0.02261531845165221,14.835175435201311,4.0,0.2619047619047619,KO,PEP
2025-01-08,59.15029144287109,138.2072296142578,0.4142259182193211,0.7069425792773061,0.18150937658546518,2.015434860946589,1.4944130518546406,1.4944130518546406,0.004710513274675865,0.0052535702335716,0.6182486864247515,-0.017904805176976346,14.283432050451923,5.0,0.26587301587301587,KO,PEP
2025-01-10,58.53683853149414,134.5290069580078,0.4142259182193211,0.7069425792773061,0.1901534725373275,2.3650785158047425,2.015434860946589,2.015434860946589,0.008677441808464081,0.0051461881775979375,0.6236919742846501,-0.009227363368512265,14.9088302778275,6.0,0.2400793650793651,KO,PEP
2025-01-13,59.0927848815918,136.28323364257812,0.4142259182193211,0.7069425792773061,0.19044725161870657,2.115484454702239,2.3650785158047425,2.3650785158047425,0.00864409595186233,0.005328093927593957,0.6177026528357565,-0.0005832674166499352,14.964596076026782,7.0,0.26785714285714285,KO,PEP
2025-01-14,59.46660232543945,136.70765686035156,0.4142259182193211,0.7069425792773061,0.194555076191258,2.125047131559968,2.115484454702239,2.115484454702239,0.00029377908137906417,0.0051062812067075814,0.6297554660078295,-0.00028948833527087103,15.994390300840395,8.0,0.2281746031746032,KO,PEP
2025-01-15,59.20780563354492,136.54730224609375,0.4142259182193211,0.7069425792773061,0.19102332422831036,1.7345312477331585,2.125047131559968,2.125047131559968,0.004107824572551433,0.004848281415428625,0.6403987516769166,0.0,16.866677756111397,9.0,0.2003968253968254,KO,PEP
2025-01-16,59.66789627075195,138.2072296142578,0.4142259182193211,0.7069425792773061,0.19022198384026812,1.5600764516247414,1.7345312477331585,1.7345312477331585,-0.003531751962947638,0.004565519262600081,0.6491142481575799,-0.003531751962947638,15.58113220742603,10.0,0.18055555555555555,KO,PEP
2025-01-17,60.10881042480469,139.8199920654297,0.4142259182193211,0.7069425792773061,0.18938261966097514,1.4020495971300853,1.5600764516247414,1.5600764516247414,-0.0008013403880422487,0.00457967287011405,0.6559887348246486,-0.004333092350989887,16.341618259348248,11.0,0.1746031746031746,KO,PEP
2025-01-21,59.830841064453125,140.10293579101562,0.4142259182193211,0.7069425792773061,0.1833183140164607,0.9973849485751155,1.4020495971300853,1.4020495971300853,-0.0008393641792929785,0.0038558181288955305,0.6789950636672647,-0.005172456530282865,15.606723738078708,12.0,0.125,KO,PEP
2025-01-22,59.21738815307617,139.66908264160156,0.4142259182193211,0.7069425792773061,0.17520483415632526,0.4478595046273629,0.9973849485751155,0.9973849485751155,-0.006064305644514434,0.004154212753176435,0.6754305468153942,-0.011236762174797299,16.61913696926443,0.0,0.1488095238095238,KO,PEP
2025-01-23,58.977760314941406,140.16897583007812,0.4142259182193211,0.7069425792773061,0.1686243265832177,-0.029456914053513097,0.4478595046273629,0.4478595046273629,-0.008113479860135442,0.004344922757783232,0.6800057161252392,-0.01935024203493274,15.207782412117307,0.0,0.14087301587301587,KO,PEP
2025-01-24,59.3515739440918,140.64051818847656,0.4142259182193211,0.7069425792773061,0.1725683042382511,0.16816317437181794,-0.029456914053513097,0.029456914053513097,-0.006580507573107575,0.004478611058883729,0.677697618257864,-0.025930749608040315,15.99537252904979,0.0,0.1468253968253968,KO,PEP
2025-01-27,61.220699310302734,145.81834411621094,0.4142259182193211,0.7069425792773061,0.17801585749287874,0.5203386594758233,0.16816317437181794,0.16816317437181794,0.003943977655033404,0.004464954510838735,0.6810260381690457,-0.02198677195300691,16.593282653715114,0.0,0.1349206349206349,KO,PEP
2025-01-28,59.77333450317383,141.7062530517578,0.4142259182193211,0.7069425792773061,0.1743124941446852,0.16236921487300082,0.5203386594758233,0.5203386594758233,0.005447553254627646,0.004612622170424869,0.7386405214259076,-0.016539218698379266,16.44916294064958,0.0,0.057539682539682536,KO,PEP
2025-01-29,60.22383499145508,141.81942749023438,0.4142259182193211,0.7069425792773061,0.18125666996174727,0.704984624344283,0.16236921487300082,0.16236921487300082,-0.0037033633481935446,0.004654819440054139,0.7566556448313632,-0.02024258204657281,16.704390549764813,0.0,0.05555555555555555,KO,PEP
2025-01-30,61.39323425292969,143.262451171875,0.4142259182193211,0.7069425792773061,0.19333125736412216,1.6682789454587452,0.704984624344283,0.704984624344283,0.0069441758170620815,0.004754097013168313,0.7641883620172114,-0.013298406229510729,17.2355610748115,0.0,0.057539682539682536,KO,PEP
2025-01-31,60.84687423706055,142.1212615966797,0.4142259182193211,0.7069425792773061,0.19004592954536914,1.3280420366149714,1.6682789454587452,1.6682789454587452,0.012074587402374881,0.005306890911059132,0.7707557342837587,-0.0012238188271358474,17.8607232649929,1.0,0.09325396825396826,KO,PEP
2025-02-03,60.722267150878906,141.7251434326172,0.4142259182193211,0.7069425792773061,0.189969080297975,1.2339802927883516,1.3280420366149714,1.3280420366149714,-0.0032853278187530144,0.005408192615397816,0.7722690716068381,-0.004509146645888862,17.55706317536352,2.0,0.0992063492063492,KO,PEP
2025-02-04,60.07047653198242,135.33067321777344,0.4142259182193211,0.7069425792773061,0.21181546965192322,2.7660046821210953,1.2339802927883516,1.2339802927883516,-7.684924739415067e-05,0.005414304309839901,0.7726046449554307,-0.0045859958932830125,17.56934529380242,3.0,0.09722222222222221,KO,PEP
2025-02-05,60.50180816650391,137.3772735595703,0.4142259182193211,0.7069425792773061,0.20835920962403742,2.1874912730499636,2.7660046821210953,2.7660046821210953,0.021846389353948226,0.007041116526392359,0.7482596055898463,0.0,19.888650021274685,4.0,0.29563492063492064,KO,PEP
2025-02-06,60.73184967041016,137.0849151611328,0.4142259182193211,0.7069425792773061,0.2136603023152226,2.2833417428265435,2.1874912730499636,2.1874912730499636,-0.0034562600278857936,0.007144627161216609,0.7477147889012987,-0.0034562600278857936,19.13688424103481,5.0,0.30158730158730157,KO,PEP
2025-02-07,61.19194030761719,136.35867309570312,0.4142259182193211,0.7069425792773061,0.22496268529059193,2.611111440019837,2.2833417428265435,2.2833417428265435,0.005301092691185172,0.0071569294872875005,0.7466919053195076,0.0,20.894394525459973,6.0,0.30158730158730157,KO,PEP
2025-02-10,61.87249755859375,136.1417694091797,0.4142259182193211,0.7069425792773061,0.2371483935767147,2.7952758250176797,2.611111440019837,2.611111440019837,0.01130238297536934,0.007300058000534644,0.7387176213956715,0.0,25.327894152115903,7.0,0.3353174603174603,KO,PEP
2025-02-11,64.79598236083984,137.35838317871094,0.4142259182193211,0.7069425792773061,0.27702677528033615,3.5957440721843175,2.7952758250176797,2.7952758250176797,0.012185708286122754,0.0074952364856924825,0.7338751406516192,0.0,35.02704107578669,8.0,0.376984126984127,KO,PEP
2025-02-12,65.85993957519531,135.80224609375,0.4142259182193211,0.7069425792773061,0.30136821931693714,3.4476914691101235,3.5957440721843175,3.5957440721843175,0.03987838170362146,0.011066607101956248,0.6820582513381217,0.0,35.02704107578669,9.0,0.5992063492063492,KO,PEP
2025-02-13,66.61717224121094,136.35867309570312,0.4142259182193211,0.7069425792773061,0.3099095845353217,3.0086169796670976,3.4476914691101235,3.4476914691101235,0.02434144403660099,0.011894065429246392,0.6584934392598591,0.0,35.02704107578669,10.0,0.6388888888888888,KO,PEP
2025-02-14,66.0133056640625,135.23635864257812,0.4142259182193211,0.7069425792773061,0.3066461643317471,2.508276224615229,3.0086169796670976,3.0086169796670976,0.008541365218384556,0.011733739236279172,0.6681377998088255,0.0,35.02704107578669,11.0,0.626984126984127,KO,PEP
2025-02-18,66.18584442138672,135.90599060058594,0.4142259182193211,0.7069425792773061,0.3057646152541915,2.1982070091008667,2.508276224615229,2.508276224615229,-0.0032634202035746185,0.011816488794564222,0.6637845202498084,-0.0032634202035746185,35.02704107578669,12.0,0.628968253968254,KO,PEP
2025-02-19,67.16352081298828,137.51873779296875,0.4142259182193211,0.7069425792773061,0.31208861358454687,2.0876166388381985,2.1982070091008667,2.1982070091008667,-0.0008815490775555546,0.011817681224408084,0.6628037134678197,-0.004144969281130173,35.02704107578669,13.0,0.6329365079365079,KO,PEP
2025-02-20,67.134765625,140.6216583251953,0.4142259182193211,0.7069425792773061,0.2958864974595028,1.6065956131891823,2.0876166388381985,2.0876166388381985,0.0063239983303553515,0.011498951875577692,0.6859342952119175,0.0,35.02704107578669,14.0,0.5793650793650793,KO,PEP
2025-02-21,68.39042663574219,144.77146911621094,0.4142259182193211,0.7069425792773061,0.29385702042397677,1.4487758506933985,1.6065956131891823,1.6065956131891823,-0.016202116125044075,0.012128652451709715,0.661054799036768,-0.016202116125044075,35.02704107578669,15.0,0.6349206349206349,KO,PEP
2025-02-24,67.66194915771484,145.10157775878906,0.4142259182193211,0.7069425792773061,0.2815379990693687,1.12419863199282,1.4487758506933985,1.4487758506933985,-0.0020294770355260283,0.011930929795191348,0.6711498699876365,-0.018231593160570103,35.02704107578669,16.0,0.6170634920634921,KO,PEP
2025-02-25,68.52462005615234,147.5254364013672,0.4142259182193211,0.7069425792773061,0.2824955064352399,1.0693255282589016,1.12419863199282,1.12419863199282,-0.01231902135460805,0.012596798608572933,0.6635763739553995,-0.030550614515178154,211.22270876782284,17.0,0.626984126984127,KO,PEP
2025-02-26,67.86324310302734,142.8946075439453,0.4142259182193211,0.7069425792773061,0.295343663584827,1.2291522335158664,1.0693255282589016,1.0693255282589016,0.0009575073658711908,0.01263476860693536,0.6681001456147624,-0.029593107149306963,252.0,18.0,0.623015873015873,KO,PEP
2025-02-27,67.93034362792969,143.37562561035156,0.4142259182193211,0.7069425792773061,0.2939561914891766,1.1237072764661349,1.2291522335158664,1.2291522335158664,0.012848157149587092,0.012564792975654762,0.6717127746866227,-0.01674494999971987,252.0,19.0,0.6091269841269842,KO,PEP
2025-02-28,68.25623321533203,144.74317932128906,0.4142259182193211,0.7069425792773061,0.2920310832729003,1.0173070283254135,1.1237072764661349,1.1237072764661349,-0.0013874720956503772,0.012666001821087907,0.6734822386069488,-0.01813242209537025,252.0,20.0,0.6111111111111112,KO,PEP
2025-03-03,69.3201904296875,147.119873046875,0.4142259182193211,0.7069425792773061,0.2959847586027009,1.020706299794412,1.0173070283254135,1.0173070283254135,-0.0019251082162763389,0.012677615606349736,0.6738176320822916,-0.020057530311646588,252.0,21.0,0.6091269841269842,KO,PEP
2025-03-04,67.27854919433594,145.4222412109375,0.4142259182193211,0.7069425792773061,0.2742949141330202,0.5699633735905998,1.020706299794412,1.020706299794412,0.003953675329800621,0.012540350723969558,0.6827003177885802,-0.016103854981845966,252.0,22.0,0.5674603174603174,KO,PEP
2025-03-05,67.17311096191406,145.12985229492188,0.4142259182193211,0.7069425792773061,0.27414931934645637,0.5196720610610737,0.5699633735905998,0.5699633735905998,-0.021689844469680697,0.013822555544143302,0.6743309204474564,-0.03779369945152666,203.08845799215965,0.0,0.6051587301587301,KO,PEP
2025-03-06,67.537353515625,145.81834411621094,0.4142259182193211,0.7069425792773061,0.2762113313688017,0.5093873656301794,0.5196720610610737,0.5196720610610737,-0.00014559478656384073,0.013238738945171207,0.6761492375909121,-0.037939294238090504,193.19870228958305,0.0,0.5952380952380952,KO,PEP
2025-03-07,68.46710968017578,146.94583129882812,0.4142259182193211,0.7069425792773061,0.2844388289862083,0.6202449620229408,0.5093873656301794,0.5093873656301794,0.0020620120223453497,0.013156120737116068,0.6779401359820373,-0.035877282215745154,220.13808032880488,0.0,0.5873015873015873,KO,PEP
2025-03-10,68.48627471923828,148.6680145263672,0.4142259182193211,0.7069425792773061,0.2764816191923658,0.4044633916703982,0.6202449620229408,0.6202449620229408,0.008227497617406598,0.013192755435641464,0.6779962214175413,-0.027649784598338556,252.0,0.0,0.5853174603174603,KO,PEP
2025-03-11,68.09329986572266,144.938232421875,0.4142259182193211,0.7069425792773061,0.2886891250432977,0.6168268594120747,0.4044633916703982,0.4044633916703982,-0.007957209793842512,0.01329345555309314,0.6761744278401707,-0.03560699439218107,203.77677364013135,0.0,0.5932539682539683,KO,PEP
2025-03-12,67.03892517089844,140.9801025390625,0.4142259182193211,0.7069425792773061,0.2926581925191152,0.6584655000615166,0.6168268594120747,0.6168268594120747,0.012207505850931888,0.013294244245199798,0.675120846387878,-0.02339948854124918,252.0,0.0,0.6011904761904762,KO,PEP
2025-03-13,66.73219299316406,141.141845703125,0.4142259182193211,0.7069425792773061,0.2872616654432947,0.47633593516553774,0.6584655000615166,0.6584655000615166,0.003969067475817489,0.010200029559048591,0.6878005776236239,-0.01943042106543169,252.0,0.0,0.498015873015873,KO,PEP
2025-03-14,66.78046417236328,141.37969970703125,0.4142259182193211,0.7069425792773061,0.28679441488495705,0.4104270591664433,0.47633593516553774,0.47633593516553774,-0.005396527075820501,0.008716926017632382,0.6789161180913724,-0.024826948141252192,252.0,0.0,0.48412698412698413,KO,PEP
2025-03-17,67.70744323730469,143.99627685546875,0.4142259182193211,0.7069425792773061,0.287615845904706,0.37747548810588916,0.4104270591664433,0.4104270591664433,-0.0004672505583376285,0.008456339565495245,0.6794784025334396,-0.02529419869958982,252.0,0.0,0.4742063492063492,KO,PEP
2025-03-18,66.99288940429688,141.76028442382812,0.4142259182193211,0.7069425792773061,0.28806982968677053,0.33241911872849517,0.37747548810588916,0.37747548810588916,0.0008214310197489638,0.008452296483384976,0.6818406369073122,-0.024472767679840857,252.0,0.0,0.46230158730158727,KO,PEP
2025-03-19,66.8963394165039,140.92300415039062,0.4142259182193211,0.7069425792773061,0.2908153945205352,0.3721865326684277,0.33241911872849517,0.33241911872849517,0.0004539837820645154,0.008457859269688039,0.691088026991274,-0.02401878389777634,252.0,0.0,0.4444444444444444,KO,PEP
2025-03-20,67.3115463256836,140.00958251953125,0.4142259182193211,0.7069425792773061,0.30160004249030825,0.7762516607132455,0.3721865326684277,0.3721865326684277,0.0027455648337646466,0.008340505438034329,0.688557382253739,-0.021273219064011695,252.0,0.0,0.44047619047619047,KO,PEP
2025-03-21,66.30732727050781,138.39207458496094,0.4142259182193211,0.7069425792773061,0.29478339981394086,0.4305015447454163,0.7762516607132455,0.7762516607132455,0.010784647969773076,0.007956368351096001,0.6820154620725439,-0.010488571094238619,252.0,0.0,0.4365079365079365,KO,PEP
2025-03-24,66.57769012451172,139.3435516357422,0.4142259182193211,0.7069425792773061,0.29400877076297416,0.33712836538098034,0.4305015447454163,0.4305015447454163,-0.00681664267636739,0.008093247518790685,0.6877191377401681,-0.01730521377060601,252.0,0.0,0.4365079365079365,KO,PEP
2025-03-25,66.44251251220703,138.4777069091797,0.4142259182193211,0.7069425792773061,0.2963827952923528,0.5049887838266329,0.33712836538098034,0.33712836538098034,-0.000774629050966702,0.007586572917485703,0.6868903860725684,-0.01807984282157271,252.0,0.0,0.380952380952381,KO,PEP
2025-03-26,67.61087799072266,141.42726135253906,0.4142259182193211,0.7069425792773061,0.298914933687521,0.7016496371152646,0.5049887838266329,0.5049887838266329,0.0023740245293786266,0.0075959664049369035,0.6861492297956527,-0.015705818292194085,252.0,0.0,0.38293650793650796,KO,PEP
2025-03-27,68.30610656738281,142.4073028564453,0.4142259182193211,0.7069425792773061,0.3042632478028007,1.2216445398501758,0.7016496371152646,0.7016496371152646,0.002532138395168193,0.00708631016923873,0.695756043267652,-0.013173679897025892,252.0,0.0,0.30158730158730157,KO,PEP
2025-03-28,67.94884490966797,142.02671813964844,0.4142259182193211,0.7069425792773061,0.3009110576443579,0.9548472532351547,1.2216445398501758,1.2216445398501758,0.005348314115279695,0.007163522699647588,0.699164258147045,-0.007825365781746196,252.0,1.0,0.30952380952380953,KO,PEP
2025-03-31,69.15583038330078,142.66421508789062,0.4142259182193211,0.7069425792773061,0.3153522244653342,2.3017972672289395,0.9548472532351547,0.9548472532351547,-0.0033521901584427916,0.007194516522435803,0.6970543834462617,-0.011177555940188988,252.0,0.0,0.3194444444444444,KO,PEP
2025-04-01,69.39723205566406,142.4073028564453,0.4142259182193211,0.7069425792773061,0.32011106000154976,2.4951871142464768,2.3017972672289395,2.3017972672289395,0.014441166820976292,0.0077888538017949135,0.6941339511515312,0.0,252.0,1.0,0.3988095238095238,KO,PEP
2025-04-02,68.87580108642578,141.8839874267578,0.4142259182193211,0.7069425792773061,0.3151716186972826,2.0032423387295974,2.4951871142464768,2.4951871142464768,0.004758835536215589,0.005828040018055841,0.6908030999005667,0.0,252.0,2.0,0.15873015873015872,KO,PEP
2025-04-03,70.66215515136719,144.02481079101562,0.4142259182193211,0.7069425792773061,0.33018979731351195,2.7781387687881876,2.0032423387295974,2.0032423387295974,-0.004939441304267156,0.006018772302174719,0.6897353852293627,-0.004939441304267156,252.0,3.0,0.17063492063492064,KO,PEP
2025-04-04,67.52397155761719,139.49578857421875,0.4142259182193211,0.7069425792773061,0.3073499674643272,0.9827250581253734,2.7781387687881876,2.7781387687881876,0.015018178616229338,0.006649300372187328,0.6836742530093544,0.0,252.0,4.0,0.26785714285714285,KO,PEP
2025-04-07,66.01766204833984,136.2417449951172,0.4142259182193211,0.7069425792773061,0.30147597789767744,0.497546979374881,0.9827250581253734,0.9827250581253734,-0.022839829849184756,0.008537176773546758,0.7114746942710082,-0.022839829849184756,252.0,0.0,0.4265873015873016,KO,PEP
2025-04-08,66.06593322753906,133.4919891357422,0.4142259182193211,0.7069425792773061,0.3166210138613299,1.5216650094653927,0.497546979374881,0.497546979374881,-0.005873989566649751,0.008437607557670894,0.7224236737312876,-0.028713819415834507,252.0,0.0,0.4126984126984127,KO,PEP
2025-04-09,67.54328155517578,138.52528381347656,0.4142259182193211,0.7069425792773061,0.31257145246847884,1.1521430448145649,1.5216650094653927,1.5216650094653927,0.015145035963652465,0.008649970285765246,0.7115704407520846,-0.013568783452182043,252.0,1.0,0.4285714285714286,KO,PEP
2025-04-10,68.3254165649414,137.14564514160156,0.4142259182193211,0.7069425792773061,0.33116075096346975,2.1984467353755126,1.1521430448145649,1.1521430448145649,-0.004049561392851064,0.008707088475190517,0.7198389743952571,-0.017618344845033107,252.0,2.0,0.42460317460317465,KO,PEP
2025-04-11,68.97236633300781,137.42156982421875,0.4142259182193211,0.7069425792773061,0.3391639828823263,2.3632973320873343,2.1984467353755126,2.1984467353755126,0.018589298494990913,0.009370639569866304,0.7081516879756875,0.0,252.0,3.0,0.47619047619047616,KO,PEP
2025-04-14,69.95726776123047,139.62899780273438,0.4142259182193211,0.7069425792773061,0.3420771323697336,2.2278057332709786,2.3632973320873343,2.3632973320873343,0.008003231918856546,0.00943196432322941,0.7083794176303183,0.0,252.0,4.0,0.47619047619047616,KO,PEP
2025-04-15,69.3875732421875,135.90872192382812,0.4142259182193211,0.7069425792773061,0.35299158984850987,2.4699577928111087,2.2278057332709786,2.2278057332709786,0.002913149487407285,0.009423050746306868,0.7115699585753225,0.0,252.0,5.0,0.47023809523809523,KO,PEP
2025-04-16,69.2137680053711,133.2921600341797,0.4142259182193211,0.7069425792773061,0.3642266260256366,2.618142508765717,2.4699577928111087,2.4699577928111087,0.010914457478776285,0.00957172091939975,0.7119940884364472,0.0,252.0,6.0,0.47023809523809523,KO,PEP
2025-04-17,70.48834991455078,135.90872192382812,0.4142259182193211,0.7069425792773061,0.36873124500376786,2.4671611476404696,2.618142508765717,2.618142508765717,0.011235036177126734,0.009727091138651313,0.7127343335186975,0.0,252.0,7.0,0.47023809523809523,KO,PEP
2025-04-21,70.26625061035156,134.8525848388672,0.4142259182193211,0.7069425792773061,0.371090462462508,2.2626448106578922,2.4671611476404696,2.4671611476404696,0.0045046189781312584,0.009592808579108651,0.7211805195230401,0.0,252.0,8.0,0.4623015873015873,KO,PEP
2025-04-22,71.35738372802734,136.4986572265625,0.4142259182193211,0.7069425792773061,0.3779226570958647,2.2533119812431464,2.2626448106578922,2.2626448106578922,0.002359217458740126,0.00931055944987008,0.7256344494089662,0.0,252.0,9.0,0.45039682539682535,KO,PEP
2025-04-23,70.77803039550781,135.35687255859375,0.4142259182193211,0.7069425792773061,0.3757087879755008,1.9591666948191406,2.2533119812431464,2.2533119812431464,0.006832194633356714,0.009270573211136734,0.7282421804963655,0.0,252.0,10.0,0.4484126984126984,KO,PEP
2025-04-24,70.02485656738281,128.74411010742188,0.4142259182193211,0.7069425792773061,0.4004197527704223,2.431919109979355,1.9591666948191406,1.9591666948191406,-0.0022138691203639205,0.009369050478818683,0.7096935339854056,-0.0022138691203639205,252.0,11.0,0.4742063492063492,KO,PEP
2025-04-25,69.43584442138672,126.90778350830078,0.4142259182193211,0.7069425792773061,0.4021287002124607,2.2047384253031375,2.431919109979355,2.431919109979355,0.02471096479492152,0.010390552041740452,0.6847343672949685,0.0,252.0,12.0,0.5575396825396826,KO,PEP
2025-04-28,69.31997680664062,127.26932525634766,0.4142259182193211,0.7069425792773061,0.39844749319943995,1.9047167811008208,2.2047384253031375,2.2047384253031375,0.001708947442038422,0.01041601302853337,0.6876917498381894,0.0,252.0,13.0,0.5436507936507937,KO,PEP
2025-04-29,69.86070251464844,127.79263305664062,0.4142259182193211,0.7069425792773061,0.40331680167942663,1.8592196772611957,1.9047167811008208,1.9047167811008208,-0.003681207013020771,0.010429274136184474,0.6824847844388794,-0.003681207013020771,252.0,14.0,0.5674603174603174,KO,PEP
2025-04-30,70.0538330078125,129.0010223388672,0.4142259182193211,0.7069425792773061,0.39942415271974596,1.6213952875101043,1.8592196772611957,1.8592196772611957,0.004869308479986678,0.010196414852516947,0.6827594949827123,0.0,252.0,15.0,0.5535714285714286,KO,PEP
2025-05-01,68.8371810913086,127.06952667236328,0.4142259182193211,0.7069425792773061,0.392569077456149,1.3451952791031825,1.6213952875101043,1.6213952875101043,-0.003892648959680667,0.010354235185544996,0.6809082664077691,-0.003892648959680667,252.0,16.0,0.5793650793650793,KO,PEP
2025-05-02,69.18479919433594,127.25983428955078,0.4142259182193211,0.7069425792773061,0.3965482580217059,1.3476467833623227,1.3451952791031825,1.3451952791031825,-0.006855075263596966,0.010444634279697345,0.6898294727519865,-0.010747724223277633,252.0,17.0,0.5357142857142857,KO,PEP
2025-05-05,69.23307800292969,125.58521270751952,0.4142259182193211,0.7069425792773061,0.40661029816714533,1.4933254028376677,1.3476467833623227,1.3476467833623227,0.003979180565556906,0.010127788404916915,0.6906919992577201,-0.006768543657720727,252.0,18.0,0.5178571428571429,KO,PEP
2025-05-06,69.25239562988281,124.39588165283205,0.4142259182193211,0.7069425792773061,0.4136161518940038,1.5543004922878292,1.4933254028376677,1.4933254028376677,0.010062040145439433,0.008241875959575342,0.6889677957994195,0.0,252.0,19.0,0.4365079365079365,KO,PEP
2025-05-07,69.90899658203125,125.51861572265624,0.4142259182193211,0.7069425792773061,0.41670087763462416,1.5206580549805728,1.5543004922878292,1.5543004922878292,0.007005853726858469,0.007864503643075223,0.6912184176728365,0.0,252.0,20.0,0.40476190476190477,KO,PEP
2025-05-08,68.7213134765625,125.05238342285156,0.4142259182193211,0.7069425792773061,0.4021967112014342,1.0886706076434614,1.5206580549805728,1.5206580549805728,0.003084725740620353,0.007566781826330297,0.6953231715474772,0.0,252.0,21.0,0.37103174603174605,KO,PEP
2025-05-09,68.09366607666016,124.11043548583984,0.4142259182193211,0.7069425792773061,0.39836666957531053,0.92998397202267,1.0886706076434614,1.0886706076434614,-0.014504166433189969,0.008480154028935592,0.7182158120763852,-0.014504166433189969,252.0,22.0,0.39285714285714285,KO,PEP
2025-05-12,67.13773345947266,125.29025268554688,0.4142259182193211,0.7069425792773061,0.37754011436941726,0.33930473425295143,0.92998397202267,0.92998397202267,-0.003830041626123659,0.008009900195182867,0.7416573057676188,-0.018334208059313628,180.87605919100602,0.0,0.35317460317460314,KO,PEP
2025-05-13,66.58735656738281,123.98673248291016,0.4142259182193211,0.7069425792773061,0.37670216129233847,0.2695217840826773,0.33930473425295143,0.33930473425295143,-0.02082655520589327,0.009500155537569555,0.7189964218211111,-0.0391607632652069,123.85622240033223,0.0,0.45436507936507936,KO,PEP
2025-05-14,66.78046417236328,122.21700286865234,0.4142259182193211,0.7069425792773061,0.3897613084929148,0.5831269488618751,0.2695217840826773,0.2695217840826773,-0.0008379530770787902,0.009515688551504923,0.719718235801022,-0.03999871634228569,118.43363530138323,0.0,0.45436507936507936,KO,PEP
2025-05-15,69.14617156982422,125.1189956665039,0.4142259182193211,0.7069425792773061,0.40798354251053315,1.0403717117970293,0.5831269488618751,0.5831269488618751,0.013059147200576326,0.00962997024053104,0.7128693349463644,-0.026939569141709363,252.0,0.0,0.46825396825396826,KO,PEP
2025-05-16,69.52275085449219,125.57571411132812,0.4142259182193211,0.7069425792773061,0.41083906474812704,1.0532700718933927,1.0403717117970293,1.0403717117970293,0.018222234017618355,0.010080718066705106,0.7213286437115929,-0.008717335124091008,252.0,1.0,0.4623015873015873,KO,PEP
2025-05-19,69.45516204833984,125.39492797851562,0.4142259182193211,0.7069425792773061,0.4108848984519309,1.0080707072223851,1.0532700718933927,1.0532700718933927,0.0028555222375938882,0.010068167441871648,0.7368643741023222,-0.00586181288649712,252.0,2.0,0.45238095238095233,KO,PEP
2025-05-20,69.22342681884766,125.40444946289062,0.4142259182193211,0.7069425792773061,0.40748917013362895,0.873399717009956,1.0080707072223851,1.0080707072223851,4.583370380384366e-05,0.01007787099008869,0.7274233186566766,-0.005815979182693276,252.0,3.0,0.4583333333333333,KO,PEP
2025-05-21,69.37792205810547,123.8344955444336,0.4142259182193211,0.7069425792773061,0.4186246858399958,1.2224548446024246,0.873399717009956,0.873399717009956,-0.003395728318301927,0.01007867224213158,0.734855430096525,-0.009211707500995203,252.0,0.0,0.45436507936507936,KO,PEP
2025-05-22,68.69235229492188,123.80596923828124,0.4142259182193211,0.7069425792773061,0.40885673649243914,0.8476137892208198,1.2224548446024246,1.2224548446024246,0.011135515706366839,0.010252588446425957,0.7261420019481835,0.0,252.0,1.0,0.4742063492063492,KO,PEP
2025-05-23,69.30066680908203,123.06380462646484,0.4142259182193211,0.7069425792773061,0.42192396780026753,1.3759486792270368,0.8476137892208198,0.8476137892208198,-0.009767949347556648,0.009153201708024986,0.7222193040841809,-0.009767949347556648,252.0,0.0,0.42261904761904767,KO,PEP
2025-05-27,69.31031799316406,124.99530029296876,0.4142259182193211,0.7069425792773061,0.41105387855916664,0.8501396934690791,1.3759486792270368,1.3759486792270368,0.013067231307828386,0.00955881940048327,0.7174655598539056,0.0,252.0,1.0,0.4603174603174603,KO,PEP
2025-05-28,68.7020034790039,124.32927703857422,0.4142259182193211,0.7069425792773061,0.406015390828375,0.5571708959706233,0.8501396934690791,0.8501396934690791,-0.010870089241100889,0.009858181132971836,0.7086473890052385,-0.010870089241100889,160.65910978021853,0.0,0.49404761904761907,KO,PEP
2025-05-29,69.0302963256836,125.51861572265624,0.4142259182193211,0.7069425792773061,0.4040520156248988,0.3901235028909279,0.5571708959706233,0.5571708959706233,-0.00503848773079163,0.009881631512487856,0.7007199470827044,-0.01590857697189252,135.2778289385843,0.0,0.5138888888888888,KO,PEP
2025-05-30,69.61930847167969,125.07142639160156,0.4142259182193211,0.7069425792773061,0.4150716247168016,1.061258240445312,0.3901235028909279,0.3901235028909279,-0.0019633752034762253,0.009851213673082317,0.7114271782547363,-0.017871952175368744,87.94471420218603,0.0,0.48611111111111116,KO,PEP
2025-06-02,69.52275085449219,124.55764770507812,0.4142259182193211,0.7069425792773061,0.41659374265360105,1.125119705599842,1.061258240445312,1.061258240445312,0.011019609091902804,0.009977776727347124,0.708528095309142,-0.006852343083465939,123.63204477123092,1.0,0.498015873015873,KO,PEP
2025-06-03,68.71166229248047,125.45201873779295,0.4142259182193211,0.7069425792773061,0.39980065712766955,-0.19649934768347516,1.125119705599842,1.125119705599842,0.0015221179367994608,0.00995698421313034,0.7077478669130023,-0.0053302251466664785,113.98808555239337,2.0,0.503968253968254,KO,PEP
2025-06-04,68.9144287109375,125.34734344482422,0.4142259182193211,0.7069425792773061,0.4033373954154156,0.021738652919106392,-0.19649934768347516,0.19649934768347516,-0.016793085525931506,0.01044357762970957,0.6867754941622811,-0.022123310672597984,69.10402272142818,0.0,0.5912698412698413,KO,PEP
2025-06-05,68.47026824951172,124.74791717529295,0.4142259182193211,0.7069425792773061,0.40026022980075027,-0.3503412202347509,0.021738652919106392,0.021738652919106392,0.003536738287746033,0.010348499225120265,0.6920101113486736,-0.01858657238485195,70.77645036860054,0.0,0.5555555555555556,KO,PEP
2025-06-06,68.8951187133789,125.0778579711914,0.4142259182193211,0.7069425792773061,0.40457865247817093,0.051577944127995407,-0.3503412202347509,0.3503412202347509,-0.0030771656146653115,0.010328480130805694,0.6947997854616867,-0.021663737999517263,73.80993427041179,0.0,0.5515873015873016,KO,PEP
2025-06-09,69.30066680908203,125.01053619384766,0.4142259182193211,0.7069425792773061,0.4108284576251231,0.6217866351025148,0.051577944127995407,0.051577944127995407,0.0043184226774206635,0.009887009228264451,0.6855300096077709,-0.0173453153220966,85.65318696466692,0.0,0.5654761904761905,KO,PEP
2025-06-10,69.86070251464844,126.8093032836914,0.4142259182193211,0.7069425792773061,0.4087775703797436,0.39360607601432024,0.6217866351025148,0.6217866351025148,0.00624980514695217,0.009929674589973044,0.6879330848915212,-0.01109551017514443,77.29714946807839,0.0,0.5456349206349207,KO,PEP
2025-06-11,69.59034729003906,124.95279693603516,0.4142259182193211,0.7069425792773061,0.4153263933969953,0.9681135776201668,0.39360607601432024,0.39360607601432024,-0.0020508872453794957,0.00866431001630925,0.6899876533570671,-0.013146397420523925,69.65260219376229,0.0,0.4543650793650794,KO,PEP
2025-06-12,69.7544937133789,127.26142120361328,0.4142259182193211,0.7069425792773061,0.40474011354441775,-0.048876096139625694,0.9681135776201668,0.9681135776201668,0.0065488230172516815,0.008711451217628351,0.6829764783406503,-0.006597574403272244,89.13941362694644,0.0,0.498015873015873,KO,PEP
2025-06-13,69.06404876708984,125.86662292480467,0.4142259182193211,0.7069425792773061,0.4025835225745773,-0.2922638967813632,-0.048876096139625694,0.048876096139625694,-0.01058627985257754,0.008725505650385861,0.6700808095809367,-0.017183854255849784,70.0449226146132,0.0,0.5634920634920635,KO,PEP
2025-06-16,68.57781219482422,126.40531158447266,0.4142259182193211,0.7069425792773061,0.3924991074952864,-1.2425242371846255,-0.2922638967813632,0.2922638967813632,-0.002156590969840444,0.0077622492500233845,0.6726527264982541,-0.019340445225690228,71.76775655127041,0.0,0.48809523809523814,KO,PEP
2025-06-17,67.7026138305664,124.36603546142578,0.4142259182193211,0.7069425792773061,0.3911528381282139,-1.2843468700135585,-1.2425242371846255,1.2425242371846255,-0.01008441507929092,0.00801009362553099,0.669733745502054,-0.02942486030498115,57.53957992009482,1.0,0.5277777777777778,KO,PEP
2025-06-18,67.30389404296875,124.15442657470705,0.4142259182193211,0.7069425792773061,0.3864500336158154,-1.5836327868008735,-1.2843468700135585,1.2843468700135585,-0.0013462693670724946,0.008007472540217098,0.6725907890264823,-0.030771129672053643,57.0320563862305,2.0,0.5178571428571428,KO,PEP
2025-06-20,66.94408416748047,124.15442657470705,0.4142259182193211,0.7069425792773061,0.3810896439571807,-1.8790131730416801,-1.5836327868008735,1.5836327868008735,-0.004702804512398462,0.008032164017489048,0.6706211216289859,-0.035473934184452105,52.53028391147461,3.0,0.5297619047619048,KO,PEP
2025-06-23,67.81930541992188,124.17365264892578,0.4142259182193211,0.7069425792773061,0.39396936687830975,-0.7360237088396129,-1.8790131730416801,1.8790131730416801,-0.005360389658634723,0.007572105183289839,0.6682720003900068,-0.04083432384308683,46.98193271574327,4.0,0.4880952380952381,KO,PEP
2025-06-24,68.27635955810547,126.05901336669922,0.4142259182193211,0.7069425792773061,0.39003303035053927,-1.0319157215858505,-0.7360237088396129,0.7360237088396129,0.012879722921129044,0.007989281087684206,0.652285228788133,-0.027954600921957784,46.02393070684243,0.0,0.5535714285714286,KO,PEP
2025-06-25,67.71232604980469,123.14441680908205,0.4142259182193211,0.7069425792773061,0.3982747448605948,-0.42855138963525347,-1.0319157215858505,1.0319157215858505,-0.003936336527770479,0.007353722021189002,0.6507484468865709,-0.03189093744972826,42.01803082285597,1.0,0.49603174603174605,KO,PEP
2025-06-26,67.55674743652344,123.3367919921875,0.4142259182193211,0.7069425792773061,0.39487094219664476,-0.8736753520121504,-0.42855138963525347,0.42855138963525347,0.008241714510055509,0.007328021052511343,0.6536266204385965,-0.023649222939672754,42.77078032078553,0.0,0.4841269841269841,KO,PEP
2025-06-27,68.39305877685547,126.04938507080078,0.4142259182193211,0.7069425792773061,0.39179478764943454,-1.199209040407668,-0.8736753520121504,0.8736753520121504,-0.0034038026639500174,0.007287498682750479,0.6534583246350927,-0.02705302560362277,40.538919508759065,0.0,0.47817460317460314,KO,PEP
2025-06-30,68.8014907836914,127.01132202148438,0.4142259182193211,0.7069425792773061,0.3923743604868739,-1.0698742072557408,-1.199209040407668,1.199209040407668,-0.003076154547210219,0.007302255064408647,0.661496112593861,-0.03012918015083299,38.29306384278022,1.0,0.4742063492063492,KO,PEP
2025-07-01,69.6961441040039,130.10867309570312,0.4142259182193211,0.7069425792773061,0.3882609979909155,-1.3715445730263625,-1.0698742072557408,1.0698742072557408,0.0005795728374393683,0.006808510822328011,0.664083568627367,-0.029549607313393622,36.756105720765824,2.0,0.4206349206349206,KO,PEP
2025-07-02,68.95709228515625,131.28221130371094,0.4142259182193211,0.7069425792773061,0.3712526543213621,-2.573326931662605,-1.3715445730263625,1.3715445730263625,-0.004113362495958395,0.006809333188847841,0.6643653427458582,-0.03366296980935202,35.90446364224126,3.0,0.4206349206349206,KO,PEP
2025-07-03,69.38496398925781,130.22410583496094,0.4142259182193211,0.7069425792773061,0.3831592667418535,-1.4301744168747192,-2.573326931662605,2.573326931662605,-0.017008343669553394,0.006833755191071307,0.6163688545231186,-0.05067131347890541,34.5799942071301,4.0,0.4900793650793651,KO,PEP
2025-07-07,69.05432891845703,129.32952880859375,0.4142259182193211,0.7069425792773061,0.38325576331952327,-1.3376262064711322,-1.4301744168747192,1.4301744168747192,0.011906612420491403,0.0073608922054964835,0.5877097980448606,-0.03876470105841401,37.56140577039164,5.0,0.5654761904761905,KO,PEP
2025-07-08,68.30553436279297,129.89706420898438,0.4142259182193211,0.7069425792773061,0.36925750475685337,-2.221470105055367,-1.3376262064711322,1.3376262064711322,9.649657766974684e-05,0.007348793419368188,0.5988159403435397,-0.03866820448074426,36.02163948419254,6.0,0.5436507936507936,KO,PEP
2025-07-09,67.56646728515625,129.35838317871094,0.4142259182193211,0.7069425792773061,0.36131630030732165,-2.5286646065267497,-2.221470105055367,2.221470105055367,-0.013998258562669896,0.007776490799118473,0.5430130080488944,-0.05266646304341416,33.89179570416964,7.0,0.6369047619047619,KO,PEP
2025-07-10,67.8484878540039,130.89744567871094,0.4142259182193211,0.7069425792773061,0.3571202630441479,-2.4603855230002405,-2.5286646065267497,2.5286646065267497,-0.007941204449531725,0.007659260194086302,0.5633957159869082,-0.06060766749294588,30.740455643022088,8.0,0.613095238095238,KO,PEP
2025-07-11,67.94571685791016,130.10867309570312,0.4142259182193211,0.7069425792773061,0.362825107953042,-1.8794732148611677,-2.4603855230002405,2.4603855230002405,-0.004196037263173746,0.007667576998928369,0.5665322646936481,-0.06480370475611963,28.94215754819821,9.0,0.6051587301587301,KO,PEP
2025-07-14,67.55674743652344,130.40687561035156,0.4142259182193211,0.7069425792773061,0.3554655277618881,-2.087112056332701,-1.8794732148611677,1.8794732148611677,0.005704844908894113,0.0076193750879189346,0.5503805735586782,-0.059098859847225516,27.683551166444452,10.0,0.6130952380952381,KO,PEP
2025-07-15,67.44976806640625,128.71389770507812,0.4142259182193211,0.7069425792773061,0.36311854178445957,-1.525601963394365,-2.087112056332701,2.087112056332701,-0.007359580191153903,0.007482017249854176,0.5406640022491401,-0.06645844003837942,24.676765855451773,11.0,0.6011904761904762,KO,PEP
2025-07-16,67.36224365234375,130.1952667236328,0.4142259182193211,0.7069425792773061,0.3537303327844086,-1.9130573623397074,-1.525601963394365,1.525601963394365,0.007653014022571458,0.007800815298174167,0.5430547307173272,-0.05880542601580796,22.026114894782307,12.0,0.6349206349206349,KO,PEP
2025-07-17,68.64588928222656,139.9009552001953,0.4142259182193211,0.7069425792773061,0.32177820535362844,-3.011143394508489,-1.9130573623397074,1.9130573623397074,-0.009388209000050995,0.007766018181381141,0.5126656974630467,-0.06819363501585896,19.36491945170362,13.0,0.626984126984127,KO,PEP
2025-07-18,67.92626953125,137.78475952148438,0.4142259182193211,0.7069425792773061,0.32201498692237296,-2.5609139520516533,-3.011143394508489,3.011143394508489,-0.03195212743078013,0.010148536064412576,0.552973257644347,-0.10014576244663909,18.280127801526195,14.0,0.7916666666666666,KO,PEP
2025-07-21,68.14021301269531,136.3034210205078,0.4142259182193211,0.7069425792773061,0.3328012458990748,-1.8946994031760531,-2.5609139520516533,2.5609139520516533,0.00023678156874451517,0.01017556780173529,0.5553274315745045,-0.09990898087789457,17.974938532739657,15.0,0.7857142857142857,KO,PEP
2025-07-22,67.74151611328125,140.47811889648438,0.4142259182193211,0.7069425792773061,0.30560567907129554,-2.5649302534569407,-1.8946994031760531,1.8946994031760531,0.010786258976701824,0.010605325313121524,0.5443573305457892,-0.08912272190119275,16.209809944500677,16.0,0.8253968253968254,KO,PEP
2025-07-23,67.2552719116211,140.11260986328125,0.4142259182193211,0.7069425792773061,0.3002436447689236,-2.4140720993102134,-2.5649302534569407,2.5649302534569407,-0.02719556682777924,0.01129015388670589,0.5015973758403137,-0.11631828872897199,16.227244337318517,17.0,0.8432539682539683,KO,PEP
2025-07-24,67.19693756103516,139.00637817382812,0.4142259182193211,0.7069425792773061,0.30497958847508455,-2.0339076552195996,-2.4140720993102134,2.4140720993102134,-0.005362034302371921,0.011291387293633425,0.49494979174249004,-0.1216803230313439,17.157896929612644,18.0,0.8432539682539683,KO,PEP
2025-07-25,67.26499938964844,137.98675537109375,0.4142259182193211,0.7069425792773061,0.31119653818011095,-1.7024005901216273,-2.0339076552195996,2.0339076552195996,0.004735943706160928,0.011118271499935488,0.4938474379424928,-0.11694437932518298,15.576778043336628,19.0,0.8353174603174602,KO,PEP
2025-07-28,66.2147445678711,136.17837524414062,0.4142259182193211,0.7069425792773061,0.3047857253999182,-1.7473682790232488,-1.7024005901216273,1.7024005901216273,0.006216949705026398,0.011367745664508428,0.4911602692285879,-0.11072742962015658,14.403191993691365,20.0,0.8432539682539683,KO,PEP
2025-07-29,67.46920776367188,138.41000366210938,0.4142259182193211,0.7069425792773061,0.3120627239052989,-1.420836447932085,-1.7473682790232488,1.7473682790232488,-0.006410812780192732,0.011374730924866882,0.5011418199119011,-0.11713824240034931,16.769538613418113,21.0,0.8373015873015873,KO,PEP
2025-07-30,66.85657501220703,137.41921997070312,0.4142259182193211,0.7069425792773061,0.30801978838513433,-1.430433629567592,-1.420836447932085,1.420836447932085,0.007276998505380661,0.011611071810974935,0.49980438874410704,-0.10986124389496865,15.116717735622549,22.0,0.8392857142857143,KO,PEP
2025-07-31,66.02024841308594,132.66737365722656,0.4142259182193211,0.7069425792773061,0.32030978719458325,-0.9983571583947621,-1.430433629567592,1.430433629567592,-0.004042935520164548,0.011611052301923351,0.5051052551591508,-0.1139041794151332,15.08012310640459,23.0,0.8313492063492064,KO,PEP
2025-08-01,66.96353912353516,133.97557067871094,0.4142259182193211,0.7069425792773061,0.3275597530922485,-0.7306918022784494,-0.9983571583947621,0.9983571583947621,0.012289998809448921,0.011726604000966612,0.5297863646523912,-0.10161418060568428,15.291743573735102,0.0,0.8293650793650793,KO,PEP
2025-08-04,67.060791015625,134.24488830566406,0.4142259182193211,0.7069425792773061,0.327591341425137,-0.680016149139859,-0.7306918022784494,0.7306918022784494,0.007249965897665245,0.011480968826162785,0.5359247387284567,-0.09436421470801903,15.986732836150518,0.0,0.8194444444444444,KO,PEP
2025-08-05,67.1483154296875,134.1390838623047,0.4142259182193211,0.7069425792773061,0.32945303376696256,-0.5738601760650991,-0.680016149139859,0.680016149139859,3.1588332888521364e-05,0.011480164399174616,0.5329753125094249,-0.09433262637513051,23.7360493770963,0.0,0.8174603174603174,KO,PEP
2025-08-06,67.59564208984375,135.43768310546875,0.4142259182193211,0.7069425792773061,0.3292817236156633,-0.5297722076704321,-0.5738601760650991,0.5738601760650991,0.0018616923418255382,0.01122297809392038,0.5368386692855349,-0.09247093403330497,29.673014525617578,0.0,0.8015873015873016,KO,PEP
2025-08-07,68.49030303955078,138.43885803222656,0.4142259182193211,0.7069425792773061,0.32693622402204214,-0.5522015021571768,-0.5297722076704321,0.5297722076704321,-0.000171310151299231,0.011144461528803391,0.5360887173427108,-0.0926422441846042,31.54643286232468,0.0,0.7976190476190477,KO,PEP
2025-08-08,68.40277862548828,139.67974853515625,0.4142259182193211,0.7069425792773061,0.31934907964130854,-0.749093237637666,-0.5522015021571768,0.5522015021571768,-0.002345499593621181,0.01113021111564286,0.5745329476167049,-0.09498774377822539,30.952447958076664,0.0,0.751984126984127,KO,PEP
2025-08-11,68.8014907836914,139.35267639160156,0.4142259182193211,0.7069425792773061,0.3268183536990503,-0.4412432273627388,-0.749093237637666,0.749093237637666,-0.007587144380733601,0.011076319453436298,0.566784982220634,-0.10257488815895899,31.53535236559559,0.0,0.751984126984127,KO,PEP
2025-08-12,68.76258850097656,141.27650451660156,0.4142259182193211,0.7069425792773061,0.3165598514182597,-0.7627382866288067,-0.4412432273627388,0.4412432273627388,0.0074692740577417815,0.011199997566628895,0.5726201967456671,-0.0951056141012172,31.668391529451444,0.0,0.751984126984127,KO,PEP
2025-08-13,68.51947784423828,143.6620635986328,0.4142259182193211,0.7069425792773061,0.30118049104879674,-1.2929387479324022,-0.7627382866288067,0.7627382866288067,-0.010258502280790616,0.011153731666854187,0.5578241939631017,-0.10536411638200782,29.587589357282145,0.0,0.7698412698412698,KO,PEP
2025-08-14,67.63453674316406,142.95985412597656,0.4142259182193211,0.7069425792773061,0.29164514465529745,-1.5614673011260414,-1.2929387479324022,1.2929387479324022,-0.015379360369462969,0.011416681103056566,0.5470974839481103,-0.12074347675147079,31.5277065455506,1.0,0.7976190476190477,KO,PEP
2025-08-15,67.99433898925781,144.6720733642578,0.4142259182193211,0.7069425792773061,0.28853415089258183,-1.6122376626011807,-1.5614673011260414,1.5614673011260414,-0.009535346393499289,0.009406037310255615,0.5474722714403973,-0.13027882314497008,30.22325971215188,2.0,0.6805555555555556,KO,PEP
2025-08-18,67.22610473632812,143.8544464111328,0.4142259182193211,0.7069425792773061,0.2811780157193411,-1.8398236833922244,-1.6122376626011807,1.6122376626011807,-0.0031109937627156192,0.009403309849751174,0.5505010122059918,-0.1333898169076857,31.395365715935608,3.0,0.6726190476190477,KO,PEP
2025-08-19,68.19856262207031,146.3650360107422,0.4142259182193211,0.7069425792773061,0.2833085263718109,-1.6558063416933944,-1.8398236833922244,1.8398236833922244,-0.007356135173240741,0.009025005509517037,0.5631971125695929,-0.14074595208092644,40.942793157962264,4.0,0.628968253968254,KO,PEP
2025-08-20,68.75286865234375,144.989501953125,0.4142259182193211,0.7069425792773061,0.2980787397901272,-0.9607184341503052,-1.6558063416933944,1.6558063416933944,0.0021305106524698303,0.007079351853371255,0.5750598771014628,-0.1386154414284566,39.17737017727345,5.0,0.42063492063492064,KO,PEP
2025-08-21,68.7139663696289,143.30613708496094,0.4142259182193211,0.7069425792773061,0.3057685536648598,-0.5637422113861081,-0.9607184341503052,0.9607184341503052,0.014770213418316303,0.007798641087030048,0.5715887252688651,-0.11851500286347383,31.704734937533036,0.0,0.5138888888888888,KO,PEP
2025-08-22,68.19856262207031,143.94100952148438,0.4142259182193211,0.7069425792773061,0.29511460063196626,-1.0246616640092707,-0.5637422113861081,0.5637422113861081,0.007689813874732554,0.007916070199604079,0.5712663706499108,-0.11082518898874127,30.68002544660213,0.0,0.5317460317460317,KO,PEP
2025-08-25,67.0316162109375,142.5558624267578,0.4142259182193211,0.7069425792773061,0.28469136959862995,-1.4823843564498647,-1.0246616640092707,1.0246616640092707,-0.010653953032893515,0.008109375090695585,0.5632845143472434,-0.12147914202163479,27.251986825327382,1.0,0.5694444444444444,KO,PEP
2025-08-26,66.83712005615234,141.40155029296875,0.4142259182193211,0.7069425792773061,0.28753319399204225,-1.3319154832129827,-1.4823843564498647,1.4823843564498647,-0.010423231033336311,0.008293150158158196,0.5661170429409913,-0.1319023730549711,29.52375348825178,2.0,0.5634920634920635,KO,PEP
2025-08-27,66.93437194824219,142.0172119140625,0.4142259182193211,0.7069425792773061,0.2859158516263358,-1.4093367422810126,-1.3319154832129827,1.3319154832129827,0.0028418243934122955,0.008126353162446356,0.5786137370858568,-0.1290605486615588,29.196686695802207,3.0,0.5376984126984128,KO,PEP
2025-08-28,66.47731018066406,141.38233947753906,0.4142259182193211,0.7069425792773061,0.2822313192210779,-1.5139208488510159,-1.4093367422810126,1.4093367422810126,-0.0016173423657064312,0.008101476637009324,0.5790873361757103,-0.12941054177065947,32.944365989647224,4.0,0.5297619047619048,KO,PEP
2025-08-29,67.08995819091797,142.9887237548828,0.4142259182193211,0.7069425792773061,0.28341802476459765,-1.3395531610629379,-1.5139208488510159,1.5139208488510159,-0.003684532405257901,0.007507132931954388,0.5962877442394221,-0.13309507417591737,31.20839182924633,5.0,0.42460317460317465,KO,PEP
2025-09-02,67.15802764892578,144.556640625,0.4142259182193211,0.7069425792773061,0.276722452395024,-1.6287419043072533,-1.3395531610629379,1.3395531610629379,0.0011867055435197393,0.007249348380589976,0.6016758928137014,-0.13190836863239763,36.520063282332735,6.0,0.37896825396825395,KO,PEP
2025-09-03,67.08995819091797,142.97909545898438,0.4142259182193211,0.7069425792773061,0.28346562908845296,-1.1527534071955743,-1.6287419043072533,1.6287419043072533,-0.0066955723695736324,0.007293603861694103,0.5995857849191835,-0.13860394100197126,42.947535546734066,7.0,0.38095238095238093,KO,PEP
2025-09-04,66.37034606933594,141.29576110839844,0.4142259182193211,0.7069425792773061,0.2810540348216395,-1.2243190219724052,-1.1527534071955743,1.1527534071955743,0.006743176693428943,0.007515243853243291,0.5994331296071169,-0.13186076430854232,36.045433100920754,8.0,0.4186507936507936,KO,PEP
2025-09-05,66.08832550048828,142.19229125976562,0.4142259182193211,0.7069425792773061,0.27232436328086607,-1.5874718601787141,-1.2243190219724052,1.2243190219724052,-0.002411594266813477,0.0074993693546410965,0.6110163185259506,-0.1342723585753558,37.12792786351998,9.0,0.40476190476190477,KO,PEP
2025-09-08,65.57292938232422,137.64649963378906,0.4142259182193211,0.7069425792773061,0.2874648270266338,-0.7149101349264733,-1.5874718601787141,1.5874718601787141,-0.00872967154077342,0.007624596195382064,0.6029705864326371,-0.14300203011612922,43.28069833029565,10.0,0.42460317460317465,KO,PEP
2025-09-09,65.99108123779297,138.9966278076172,0.4142259182193211,0.7069425792773061,0.28692110315252606,-0.7065671639348127,-0.7149101349264733,0.7149101349264733,0.015140463745767718,0.008463600634116556,0.6047624426881061,-0.11727528651778396,33.997013515766064,0.0,0.5119047619047619,KO,PEP
2025-09-10,65.95217895507812,138.56924438476562,0.4142259182193211,0.7069425792773061,0.28850845951419224,-0.5794342547097462,-0.7065671639348127,0.7065671639348127,-0.0005437238741077266,0.008210959270265553,0.6067973208385549,-0.11566241942205124,35.40459542129162,0.0,0.49404761904761907,KO,PEP
2025-09-11,65.75769805908203,140.09422302246094,0.4142259182193211,0.7069425792773061,0.27781775904388084,-1.084369887160123,-0.5794342547097462,0.5794342547097462,0.0015873563616661812,0.008018495415612458,0.601065146225993,-0.10976628534640254,39.787671676411286,0.0,0.49206349206349204,KO,PEP
2025-09-12,65.16448974609375,139.414306640625,0.4142259182193211,0.7069425792773061,0.2721950414054666,-1.2911008868988276,-1.084369887160123,1.084369887160123,-0.010690700470311398,0.007667284045955162,0.6012972061980861,-0.12045698581671394,43.16365388100548,1.0,0.4384920634920635,KO,PEP
2025-09-15,64.88031768798828,136.607177734375,0.4142259182193211,0.7069425792773061,0.28220432168682974,-0.709679751212911,-1.2911008868988276,1.2911008868988276,-0.005622717638414265,0.007499375147769674,0.5920380116398688,-0.1260797034551282,47.68310308996786,2.0,0.42857142857142855,KO,PEP
2025-09-16,64.90971374511719,136.01466369628906,0.4142259182193211,0.7069425792773061,0.2857302314110566,-0.4636586918641542,-0.709679751212911,0.709679751212911,0.010009280281363164,0.007849305544542438,0.5914477141404204,-0.11607042317376504,41.16975012863729,0.0,0.48611111111111116,KO,PEP
2025-09-17,65.69364929199219,137.1802520751953,0.4142259182193211,0.7069425792773061,0.29170281561506917,-0.04735153549377948,-0.4636586918641542,0.4636586918641542,0.003525909724226839,0.0077185441270734645,0.5906415440778708,-0.1125445134495382,40.48749676508623,0.0,0.4642857142857143,KO,PEP
2025-09-18,65.12529754638672,136.69459533691406,0.4142259182193211,0.7069425792773061,0.2855208425704632,-0.38085651892170447,-0.04735153549377948,0.04735153549377948,0.005972584204012588,0.007810774878510966,0.6044709856467864,-0.10657192924552561,39.7500790031165,0.0,0.45833333333333337,KO,PEP
2025-09-19,65.09589385986328,137.69505310058594,0.4142259182193211,0.7069425792773061,0.2799140278128087,-0.7401105218676388,-0.38085651892170447,0.38085651892170447,-0.006181973044605993,0.0071967348006688955,0.5996395978777983,-0.1127539022901316,41.78651248257546,0.0,0.373015873015873,KO,PEP
2025-09-22,64.88031768798828,136.98597717285156,0.4142259182193211,0.7069425792773061,0.28024674622578916,-0.6742384721518081,-0.7401105218676388,0.7401105218676388,-0.005606814757654455,0.007009369386396544,0.5921263848136701,-0.11495691438383604,55.33894047283589,0.0,0.36904761904761907,KO,PEP
2025-09-23,65.37026977539062,137.83103942871094,0.4142259182193211,0.7069425792773061,0.2834222941935871,-0.35264016399138953,-0.6742384721518081,0.6742384721518081,0.00033271841298043725,0.006676823124936932,0.5931158262375504,-0.11212761426108475,58.36408919467713,0.0,0.33531746031746035,KO,PEP
2025-09-24,65.11549377441406,138.09329223632812,0.4142259182193211,0.7069425792773061,0.27817341993058076,-0.9630018051297548,-0.35264016399138953,0.35264016399138953,0.0031755479677979537,0.0063403936300056,0.5792779026486518,-0.1089520662932868,53.03562813059223,0.0,0.3531746031746032,KO,PEP
2025-09-25,64.65493774414062,135.90782165527344,0.4142259182193211,0.7069425792773061,0.28235295998480137,-0.3494420996175194,-0.9630018051297548,0.9630018051297548,-0.005248874263006353,0.006399948444750446,0.5769642354283311,-0.11008757806033476,70.03000204792795,0.0,0.3630952380952381,KO,PEP
2025-09-26,64.35115814208984,136.4129180908203,0.4142259182193211,0.7069425792773061,0.2750209565020625,-1.311055898131747,-0.3494420996175194,0.3494420996175194,0.00417954005422061,0.006472190971100178,0.5639534448609259,-0.1009028033347219,56.06023942997657,0.0,0.3849206349206349,KO,PEP
2025-09-29,64.71372985839844,136.15065002441406,0.4142259182193211,0.7069425792773061,0.28199989119401536,-0.28659951686619595,-1.311055898131747,1.311055898131747,-0.00733200348273888,0.006618167641684479,0.5797957163393127,-0.10823480681746078,60.62747985081263,1.0,0.36904761904761907,KO,PEP
2025-09-30,64.98810577392578,136.4129180908203,0.4142259182193211,0.7069425792773061,0.2848702901336302,0.1073491541801499,-0.28659951686619595,0.28659951686619595,0.006978934691952876,0.006803671910968741,0.5882005442669772,-0.1012558721255079,65.15437439459241,0.0,0.376984126984127,KO,PEP
2025-10-01,65.4388656616211,139.0354766845703,0.4142259182193211,0.7069425792773061,0.278320301758034,-0.8009693822146476,0.1073491541801499,0.1073491541801499,0.0028703989396148266,0.00665578215654972,0.5853067528933963,-0.08438721462322318,59.62547453160114,0.0,0.36904761904761907,KO,PEP
2025-10-02,64.77252197265625,138.22927856445312,0.4142259182193211,0.7069425792773061,0.2721965553897947,-1.5939961905131907,-0.8009693822146476,0.8009693822146476,-0.006549988375596172,0.006653631645328848,0.6051042723471184,-0.08479824002642555,87.21999966937003,0.0,0.31746031746031744,KO,PEP
2025-10-03,65.31147766113281,137.9087371826172,0.4142259182193211,0.7069425792773061,0.2821241151365319,-0.03375480286952744,-1.5939961905131907,1.5939961905131907,-0.006123746368239313,0.006762032744233815,0.6073166124782357,-0.09092198639466487,114.20279358508468,1.0,0.33134920634920634,KO,PEP
2025-10-06,64.77252197265625,135.69410705566406,0.4142259182193211,0.7069425792773061,0.28528249075260215,0.678302897682773,-0.03375480286952744,0.03375480286952744,0.009927559746737202,0.006840950241997452,0.5942481286869734,-0.08099442664792766,82.5699937262917,0.0,0.37896825396825395,KO,PEP
2025-10-07,65.44866180419922,136.75286865234375,0.4142259182193211,0.7069425792773061,0.2901725122064085,1.580651409288313,0.678302897682773,0.678302897682773,0.0031583756160702414,0.006005319831640791,0.6042422794397759,-0.07783605103185742,78.29427732409553,0.0,0.30158730158730157,KO,PEP
2025-10-08,64.79212188720703,134.85877990722656,0.4142259182193211,0.7069425792773061,0.2899503998537778,1.490661497658587,1.580651409288313,1.580651409288313,0.004890021453806348,0.006101653654183593,0.6073285858560895,-0.07294602957805107,69.1045303905918,1.0,0.29563492063492064,KO,PEP
2025-10-09,65.03710174560547,140.5604705810547,0.4142259182193211,0.7069425792773061,0.26445004823177776,-2.8328951155440563,1.490661497658587,1.490661497658587,-0.00022211235263069895,0.006093265969228432,0.6166288177726917,-0.06377993293063078,67.2780060114726,2.0,0.2896825396825397,KO,PEP
2025-10-10,65.69364929199219,145.77647399902344,0.4142259182193211,0.7069425792773061,0.24873577958600102,-3.7613543743223197,-2.8328951155440563,2.8328951155440563,-0.02550035162200004,0.007967759517939202,0.6073752536932252,-0.06835119766729703,111.26198059062133,3.0,0.5119047619047619,KO,PEP
2025-10-13,65.4584732055664,144.62059020996094,0.4142259182193211,0.7069425792773061,0.2507772621523139,-2.8732473595135675,-3.7613543743223197,3.7613543743223197,-0.01571426864577674,0.008562841399052685,0.5736653285014164,-0.08406546631307377,218.08082436885582,4.0,0.6547619047619048,KO,PEP
2025-10-14,66.15421295166016,147.19459533691406,0.4142259182193211,0.7069425792773061,0.248878157541355,-2.603712787151745,-2.8732473595135675,2.8732473595135675,0.002041482566312869,0.00821145803292782,0.5650391754384467,-0.0820239837467609,179.59592168368115,5.0,0.6468253968253969,KO,PEP
2025-10-15,65.73284149169922,146.8255157470703,0.4142259182193211,0.7069425792773061,0.24426308467815838,-2.5571331869826524,-2.603712787151745,2.603712787151745,-0.0018991046109588794,0.008127775389351834,0.5871406156070144,-0.08057487622560755,114.73153291720962,6.0,0.6011904761904763,KO,PEP
2025-10-16,66.23258972167969,148.29220581054688,0.4142259182193211,0.7069425792773061,0.24481019581955143,-2.2106871506364305,-2.5571331869826524,2.5571331869826524,-0.004615072863196623,0.007944240539253054,0.6350834878887383,-0.08518994908880417,124.12654063797552,7.0,0.4920634920634921,KO,PEP
2025-10-17,67.0655288696289,149.30238342285156,0.4142259182193211,0.7069425792773061,0.25250832909528187,-1.5493074475838797,-2.2106871506364305,2.2106871506364305,0.000547111141393053,0.007918207689911534,0.6390424771495681,-0.08464283794741112,124.04630395544491,8.0,0.4920634920634921,KO,PEP
2025-10-20,67.0655288696289,149.23440551757812,0.4142259182193211,0.7069425792773061,0.25283027585895557,-1.4148257900944499,-1.5493074475838797,1.5493074475838797,0.007698133275730434,0.00814585589870648,0.6377474858166218,-0.07694470467168069,78.38881813882396,9.0,0.5317460317460317,KO,PEP
2025-10-21,69.7896957397461,148.78758239746094,0.4142259182193211,0.7069425792773061,0.2947662986690762,1.33648487888131,-1.4148257900944499,1.4148257900944499,0.00032194676367369723,0.008145743638143623,0.6412108385193668,-0.07662275790800699,80.01376629215187,10.0,0.5277777777777778,KO,PEP
2025-10-22,69.38793182373047,148.6418914794922,0.4142259182193211,0.7069425792773061,0.2896854530259638,0.9992589300386748,1.33648487888131,1.33648487888131,0.041936022810120654,0.012463461624071576,0.5122616103464905,-0.034686735097886334,39.99334622426422,11.0,0.8829365079365079,KO,PEP
2025-10-23,68.53541564941406,147.16546630859375,0.4142259182193211,0.7069425792773061,0.28438012361819265,0.6350756665167366,0.9992589300386748,0.9992589300386748,-0.005080845643112397,0.012459594297351575,0.497186147877878,-0.03976758074099873,39.173110633388994,0.0,0.8908730158730158,KO,PEP
2025-10-24,68.31002807617188,147.20431518554688,0.4142259182193211,0.7069425792773061,0.28089948019889865,0.38978328365380105,0.6350756665167366,0.6350756665167366,-0.0053053294077711755,0.012493855773602635,0.5008741914250885,-0.04507291014876991,36.2498827099155,0.0,0.8908730158730158,KO,PEP
2025-10-27,68.65299987792969,148.2533721923828,0.4142259182193211,0.7069425792773061,0.2808875444623715,0.39233278269821714,0.38978328365380105,0.38978328365380105,-0.003480643419293994,0.012407181112062021,0.47498000032424986,-0.0485535535680639,33.68775977577737,0.0,0.9007936507936508,KO,PEP
2025-10-28,68.75099182128906,145.81532287597656,0.4142259182193211,0.7069425792773061,0.2940363115092972,1.2051963571951239,0.39233278269821714,0.39233278269821714,-1.1935736527135532e-05,0.01231203367087984,0.47113247768463057,-0.048565489304591036,31.630198893715427,0.0,0.9007936507936508,KO,PEP
2025-10-29,66.97733306884766,141.9688720703125,0.4142259182193211,0.7069425792773061,0.28679815538978204,0.7620068759182278,1.2051963571951239,1.2051963571951239,0.013148767046925691,0.012633755212542638,0.4603257065728494,-0.035416722257665345,33.04032585448101,1.0,0.9166666666666667,KO,PEP
2025-10-30,67.59468841552734,143.31903076171875,0.4142259182193211,0.7069425792773061,0.2892818834273756,0.907777694540021,0.7620068759182278,0.7620068759182278,-0.007238156119515171,0.012653716981547138,0.510993789643142,-0.042483568225881285,34.73114587961125,0.0,0.8928571428571428,KO,PEP
2025-10-31,67.51628875732422,141.90089416503906,0.4142259182193211,0.7069425792773061,0.29515137048928786,1.219720105359615,0.907777694540021,0.907777694540021,0.0024837280375935578,0.012569801077914024,0.5119140923321388,-0.03765434059466655,41.846053910484585,0.0,0.8849206349206349,KO,PEP
2025-11-03,66.60496520996094,139.4822998046875,0.4142259182193211,0.7069425792773061,0.29371478816813124,1.0813663170985106,1.219720105359615,1.219720105359615,0.00586948706191226,0.012453919807068338,0.4922507591226761,-0.03166698320976247,39.98634087466401,1.0,0.8928571428571428,KO,PEP
2025-11-04,67.28111267089844,138.80235290527344,0.4142259182193211,0.7069425792773061,0.3072698377916123,1.764812323089869,1.0813663170985106,1.0813663170985106,-0.0014365823211566209,0.01244793374533933,0.5104872461598194,-0.03310356553091909,35.93336271603674,2.0,0.875,KO,PEP
2025-11-05,67.13412475585938,138.7635040283203,0.4142259182193211,0.7069425792773061,0.3052806559495238,1.531379384283217,1.764812323089869,1.764812323089869,0.013555049623481086,0.012743208791196147,0.5020791350098508,-0.009290013626647387,28.477350367539,3.0,0.9047619047619048,KO,PEP
2025-11-06,67.6730728149414,137.5202178955078,0.4142259182193211,0.7069425792773061,0.3196391078063021,2.086119407239134,1.531379384283217,1.531379384283217,-0.0019891818420885166,0.01275648855668037,0.5070500163482441,-0.0019891818420885166,27.034178397094543,4.0,0.9027777777777778,KO,PEP
2025-11-07,69.13316345214844,138.85092163085938,0.4142259182193211,0.7069425792773061,0.3341775091580752,2.436815036179791,2.086119407239134,2.086119407239134,0.01435845185677831,0.011554039197558062,0.5082890129657234,0.0,25.358902432674594,5.0,0.8492063492063493,KO,PEP
2025-11-10,69.10375213623047,138.5303955078125,0.4142259182193211,0.7069425792773061,0.3353857949727197,2.2003461414325085,2.436815036179791,2.436815036179791,0.01453840135177309,0.011003682264565818,0.5149748662609278,0.0,25.229565623328053,6.0,0.8055555555555556,KO,PEP
2025-11-11,70.17186737060547,140.91986083984375,0.4142259182193211,0.7069425792773061,0.3386343957743243,2.0851066889395007,2.2003461414325085,2.2003461414325085,0.0012082858146444941,0.011013621197054142,0.512097130166976,0.0,22.254386446324535,7.0,0.8115079365079365,KO,PEP
2025-11-12,70.0738754272461,140.2496337890625,0.4142259182193211,0.7069425792773061,0.3406072647252687,1.9428671895988303,2.0851066889395007,2.0851066889395007,0.0032486008016046064,0.010927179239179786,0.5270591994943026,0.0,23.85455391250448,8.0,0.8015873015873016,KO,PEP
2025-11-13,69.64270782470703,140.861572265625,0.4142259182193211,0.7069425792773061,0.3313573847054112,1.4863597107865223,1.9428671895988303,1.9428671895988303,0.0019728689509443953,0.010745597471772794,0.5122935894772429,0.0,20.6439748932427,9.0,0.8055555555555556,KO,PEP
2025-11-14,69.73091125488281,141.6677703857422,0.4142259182193211,0.7069425792773061,0.3285885614040214,1.2981236738387212,1.4863597107865223,1.4863597107865223,-0.009249880019857493,0.011144970853558535,0.5192711596678444,-0.009249880019857493,21.850054138279496,10.0,0.8174603174603174,KO,PEP
2025-11-17,69.26054382324219,143.5909881591797,0.4142259182193211,0.7069425792773061,0.3122876686253391,0.7118984442833022,1.2981236738387212,1.2981236738387212,-0.0027688233013898333,0.011219900491696534,0.5213535644521036,-0.012018703321247326,22.14682713302992,11.0,0.8214285714285714,KO,PEP
2025-11-18,69.7896957397461,144.50404357910156,0.4142259182193211,0.7069425792773061,0.31541763033850634,0.7801461967957095,0.7118984442833022,0.7118984442833022,-0.016300892778682297,0.012033265986866758,0.5095820826827543,-0.028319596099929623,21.53515786902597,0.0,0.876984126984127,KO,PEP
2025-11-19,69.6819076538086,142.8916473388672,0.4142259182193211,0.7069425792773061,0.32180446898216486,0.9417320882305499,0.7801461967957095,0.7801461967957095,0.003129961713167262,0.008070290143952013,0.5055359491577149,-0.02518963438676236,18.79593187678047,0.0,0.6805555555555556,KO,PEP
2025-11-20,69.77989959716797,141.9105987548828,0.4142259182193211,0.7069425792773061,0.3280801376200664,1.0716167659078806,0.9417320882305499,0.9417320882305499,0.006386838643658521,0.008022813382002229,0.503722905474573,-0.01880279574310384,17.695953063646453,0.0,0.6785714285714286,KO,PEP
2025-11-21,71.48495483398438,142.13400268554688,0.4142259182193211,0.7069425792773061,0.35110911126555866,1.688498882571534,1.0716167659078806,1.0716167659078806,0.006275668637901521,0.007920369896942935,0.5018517786808413,-0.012527127105202318,20.259983459565426,1.0,0.6587301587301587,KO,PEP
2025-11-24,71.1321792602539,141.3278045654297,0.4142259182193211,0.7069425792773061,0.3501831951346097,1.550573960807448,1.688498882571534,1.688498882571534,0.02302897364549228,0.009005217601765304,0.48239101532654644,0.0,19.51679352341021,2.0,0.7638888888888888,KO,PEP
2025-11-25,71.15179443359375,141.92030334472656,0.4142259182193211,0.7069425792773061,0.3475013425761029,1.3839655023855086,1.550573960807448,1.550573960807448,-0.000925916130948945,0.009025273718685767,0.4784474146985375,-0.000925916130948945,19.489573079957058,3.0,0.7698412698412698,KO,PEP
2025-11-26,71.4163589477539,143.7366943359375,0.4142259182193211,0.7069425792773061,0.34222224520277766,1.1608783960268834,1.3839655023855086,1.3839655023855086,-0.0026818525585068365,0.008833409463482857,0.48055235299726,-0.0036077686894557814,17.98329032002408,4.0,0.7638888888888888,KO,PEP
2025-11-28,71.65154266357422,144.47491455078125,0.4142259182193211,0.7069425792773061,0.34188846093732295,1.110858784407965,1.1608783960268834,1.1608783960268834,-0.0052790973733252144,0.008733253720195922,0.4809408979707533,-0.008886866062780996,16.084276960444093,5.0,0.7619047619047619,KO,PEP
2025-12-01,71.00025177001953,145.22280883789062,0.4142259182193211,0.7069425792773061,0.32910705345604674,0.5961985069176324,1.110858784407965,1.110858784407965,-0.0003337842654547174,0.008759440063474093,0.4718580333263252,-0.009220650328235713,15.721543082965752,6.0,0.7698412698412698,KO,PEP
2025-12-02,69.73715209960938,144.34864807128906,0.4142259182193211,0.7069425792773061,0.31542509626757465,-0.03386789741536479,0.5961985069176324,0.5961985069176324,-0.012781407481276208,0.009338609326133418,0.46689286427323407,-0.02200205780951192,13.679647285766396,0.0,0.7876984126984128,KO,PEP
2025-12-03,69.87529754638672,143.8144073486328,0.4142259182193211,0.7069425792773061,0.3200253610005821,0.1356015908852419,-0.03386789741536479,0.03386789741536479,-0.013681957188472094,0.00990809571275671,0.46048235511772556,-0.035684014997984015,14.1049678343046,0.0,0.8234126984126984,KO,PEP
2025-12-04,69.52005004882812,142.69737243652344,0.4142259182193211,0.7069425792773061,0.3204407705779069,0.11096253881024667,0.1356015908852419,0.1356015908852419,0.004600264733007453,0.00952959071433182,0.4559425885615164,-0.031083750264976562,13.707299375622238,0.0,0.8075396825396826,KO,PEP
2025-12-05,69.07598876953125,142.2393341064453,0.4142259182193211,0.7069425792773061,0.3163055899663485,-0.13647914221067511,0.11096253881024667,0.11096253881024667,0.0004154095773247768,0.009510839655911213,0.45929671700650304,-0.030668340687651785,14.421062251798846,0.0,0.8035714285714286,KO,PEP
2025-12-08,69.32269287109375,142.837646484375,0.4142259182193211,0.7069425792773061,0.3169032850025215,-0.17643735772865096,-0.13647914221067511,0.13647914221067511,-0.004135180611558376,0.009030481257645339,0.46965670142044935,-0.03480352129921016,13.958826023430923,0.0,0.7738095238095238,KO,PEP
2025-12-09,69.164794921875,141.86660766601562,0.4142259182193211,0.7069425792773061,0.31944531018835587,-0.12040947373796358,-0.17643735772865096,0.17643735772865096,0.0005976950361730182,0.00838337532392339,0.4677154157073463,-0.03420582626303714,13.990307686604025,0.0,0.7341269841269842,KO,PEP
2025-12-10,69.2832260131836,146.82958984375,0.4142259182193211,0.7069425792773061,0.2968476257238515,-1.3978334700953023,-0.12040947373796358,0.12040947373796358,0.0025420251858343512,0.008404869309280444,0.46689085332444935,-0.03166380107720279,14.168834869513583,0.0,0.7380952380952381,KO,PEP
2025-12-11,68.19773864746094,146.1822509765625,0.4142259182193211,0.7069425792773061,0.2841798470647263,-2.084822175840922,-1.3978334700953023,1.3978334700953023,-0.022597684464504386,0.009587326904060054,0.44043799261540667,-0.05426148554170718,11.991173005082814,1.0,0.8273809523809523,KO,PEP
2025-12-12,69.58912658691406,147.76138305664062,0.4142259182193211,0.7069425792773061,0.2967809825300156,-1.4290242319911426,-2.084822175840922,2.084822175840922,-0.012667778659125162,0.009805664643296626,0.4371274484985754,-0.06692926420083234,12.011901445841938,2.0,0.8333333333333333,KO,PEP
2025-12-15,70.03319549560547,148.32044982910156,0.4142259182193211,0.7069425792773061,0.30047228033026396,-1.2462321771727434,-1.4290242319911426,1.4290242319911426,0.012601135465289293,0.010236395387026857,0.44404525586188603,-0.054328128735543046,10.258360726002055,3.0,0.8630952380952381,KO,PEP
2025-12-16,69.44110870361328,147.4867401123047,0.4142259182193211,0.7069425792773061,0.2959669025638667,-1.5213729119632766,-1.2462321771727434,1.2462321771727434,0.00369129780024835,0.010300206851479978,0.4468734609657817,-0.0506368309352947,9.871824640499733,4.0,0.8630952380952381,KO,PEP
2025-12-17,69.73715209960938,147.2023162841797,0.4142259182193211,0.7069425792773061,0.301585704595579,-1.1702486124109541,-1.5213729119632766,1.5213729119632766,-0.004505377766397256,0.009753646599940487,0.44908949426388184,-0.05514220870169195,9.542927064509742,5.0,0.8194444444444444,KO,PEP
2025-12-18,69.43123626708984,146.5059356689453,0.4142259182193211,0.7069425792773061,0.3005416767551221,-1.2093202507115042,-1.1702486124109541,1.1702486124109541,0.005618802031712278,0.009818856801150699,0.44518397226330214,-0.049523406669979675,8.83440332204286,6.0,0.8234126984126984,KO,PEP
2025-12-19,69.13520050048828,145.3191375732422,0.4142259182193211,0.7069425792773061,0.3020188738644718,-1.070171483281946,-1.2093202507115042,1.2093202507115042,-0.0010440278404568737,0.009683640988091616,0.44878682382780355,-0.05056743451043655,8.551104741673925,7.0,0.8115079365079365,KO,PEP
2025-12-22,69.2832260131836,144.2304229736328,0.4142259182193211,0.7069425792773061,0.3094739604680381,-0.6093818817330485,-1.070171483281946,1.070171483281946,0.0014771971093496816,0.009557463035266407,0.4435779101265195,-0.04909023740108687,9.414935481585552,8.0,0.8055555555555556,KO,PEP
2025-12-23,68.94770812988281,140.92503356933594,0.4142259182193211,0.7069425792773061,0.32100932967637075,0.06439855260807312,-0.6093818817330485,0.6093818817330485,0.007455086603566308,0.008060495849641915,0.44404255084470623,-0.04163515079752056,8.13145515431597,0.0,0.7023809523809524,KO,PEP
2025-12-24,69.1845474243164,140.98388671875,0.4142259182193211,0.7069425792773061,0.3241433282416297,0.2745751100885766,0.06439855260807312,0.06439855260807312,0.011535369208332646,0.008589987941611824,0.4496271903603392,-0.030099781589187913,7.645340560007603,0.0,0.7361111111111112,KO,PEP
2025-12-26,68.94770812988281,141.0231170654297,0.4142259182193211,0.7069425792773061,0.32051747042952616,0.10656324767606676,0.2745751100885766,0.2745751100885766,0.0031339985652589775,0.008641942345932728,0.4492356104616749,-0.026965783023928935,8.251086022899406,0.0,0.7361111111111112,KO,PEP
2025-12-29,69.23388671875,141.47430419921875,0.4142259182193211,0.7069425792773061,0.3224013710989295,0.23810981650522153,0.10656324767606676,0.10656324767606676,-0.003625857812103561,0.00861007057256107,0.4440984001959843,-0.030591640836032497,8.368807159113329,0.0,0.7420634920634921,KO,PEP
2025-12-30,69.14506530761719,141.3958282470703,0.4142259182193211,0.7069425792773061,0.3215098799138927,0.2000236528427064,0.23810981650522153,0.23810981650522153,0.00188390066940336,0.008633282990743885,0.4410352473156266,-0.028707740166629137,8.378721619917693,0.0,0.748015873015873,KO,PEP
2025-12-31,68.9871826171875,140.76809692382812,0.4142259182193211,0.7069425792773061,0.32236939637562445,0.23181901611332417,0.2000236528427064,0.2000236528427064,-0.0008914911850368412,0.008198180787598337,0.44562839331275095,-0.029599231351665978,7.7239945978158815,0.0,0.7003968253968254,KO,PEP
2026-01-02,68.20761108398438,139.50282287597656,0.4142259182193211,0.7069425792773061,0.31738780870947503,-0.07237975659344771,0.23181901611332417,0.23181901611332417,0.0008595164617317685,0.007609930576738797,0.43626905455999226,-0.02873971488993421,7.901081399747006,0.0,0.6408730158730158,KO,PEP
2026-01-05,67.04318237304688,137.2371368408203,0.4142259182193211,0.7069425792773061,0.31174439352745376,-0.3916382411476048,-0.07237975659344771,0.07237975659344771,-0.004981587666149423,0.007628689201994594,0.43950899284799594,-0.03372130255608363,7.0864460910350076,0.0,0.6408730158730159,KO,PEP
2026-01-06,66.94449615478516,136.29554748535156,0.4142259182193211,0.7069425792773061,0.3151384055843489,-0.1623605098555773,-0.3916382411476048,0.3916382411476048,-0.005643415182021272,0.007720686608153925,0.4496073676240044,-0.039364717738104904,7.215506381409641,0.0,0.623015873015873,KO,PEP
2026-01-07,66.64846801757812,134.38291931152344,0.4142259182193211,0.7069425792773061,0.3206973586007398,0.2535034259606076,-0.1623605098555773,0.1623605098555773,0.003394012056895157,0.007714638247837003,0.48116311046544047,-0.03597070568120975,9.309804122595589,0.0,0.5873015873015873,KO,PEP
2026-01-08,68.45431518554688,136.69766235351562,0.4142259182193211,0.7069425792773061,0.3353585033368809,1.3157574859901056,0.2535034259606076,0.2535034259606076,0.005558953016390866,0.0078109088825424515,0.48287128303988813,-0.03041175266481888,9.41891753273314,0.0,0.6011904761904762,KO,PEP
2026-01-09,69.57926177978516,137.22731018066406,0.4142259182193211,0.7069425792773061,0.3489246501013379,2.2336629742026703,1.3157574859901056,1.3157574859901056,0.014661144736141107,0.008416506069238574,0.5155229474158572,-0.015750607928677773,9.534204424332213,1.0,0.6130952380952381,KO,PEP
2026-01-12,69.56939697265625,138.64952087402344,0.4142259182193211,0.7069425792773061,0.3414938831521712,1.7306732225596675,2.2336629742026703,2.2336629742026703,0.013566146764456999,0.006954125198601645,0.5081087409836387,-0.0021844611642207745,13.192333831055722,2.0,0.4761904761904762,KO,PEP
2026-01-13,70.29962921142578,140.72886657714844,0.4142259182193211,0.7069425792773061,0.3414122363398189,1.7294415434814492,1.7306732225596675,1.7306732225596675,-0.007430766949166667,0.006454830414587927,0.5013707403938182,-0.009615228113387442,12.426259072778452,3.0,0.4642857142857143,KO,PEP
2026-01-14,70.49698638916016,143.12208557128906,0.4142259182193211,0.7069425792773061,0.3322945695839423,1.0858497085485292,1.7294415434814492,1.7294415434814492,-8.164681235234283e-05,0.006079318467596,0.5059438490675444,-0.009696874925739785,12.674754309566515,4.0,0.44047619047619047,KO,PEP
2026-01-15,69.5496597290039,143.75961303710938,0.4142259182193211,0.7069425792773061,0.3156235986326559,-0.055446755314517,1.0858497085485292,1.0858497085485292,-0.009117666755876552,0.006548408067594325,0.49272453660394944,-0.018814541681616337,11.765131697199664,5.0,0.47817460317460314,KO,PEP
2026-01-16,69.51018524169922,143.51441955566406,0.4142259182193211,0.7069425792773061,0.3162626411648013,-0.003133926278427266,-0.055446755314517,0.055446755314517,-0.016670970951286446,0.0075715567345347795,0.4748013650893395,-0.03548551263290278,10.770078557678882,0.0,0.5694444444444444,KO,PEP
2026-01-20,70.80289459228516,144.82872009277344,0.4142259182193211,0.7069425792773061,0.3282445404460965,0.7922712915000405,-0.003133926278427266,0.003133926278427266,0.0006390425321454174,0.007496517619655426,0.5489084764080627,-0.034846470100757365,10.765346597931202,0.0,0.45436507936507936,KO,PEP
2026-01-21,71.05946350097656,143.92636108398438,0.4142259182193211,0.7069425792773061,0.33628009959871763,1.256668326704497,0.7922712915000405,0.7922712915000405,0.011981899281295227,0.00787029108486577,0.5586362968817624,-0.022864570819462138,11.286279806906533,0.0,0.5,KO,PEP
2026-01-22,70.92131042480469,141.6312255859375,0.4142259182193211,0.7069425792773061,0.34569819780576827,1.719745923099437,1.256668326704497,1.256668326704497,0.008035559152621108,0.008002807595460303,0.5459564879636674,-0.01482901166684103,11.729101793312527,1.0,0.5297619047619048,KO,PEP
2026-01-23,71.91797637939453,141.80776977539062,0.4142259182193211,0.7069425792773061,0.35877283243398983,2.234241966755759,1.719745923099437,1.719745923099437,0.00941809820705064,0.008084252150557145,0.5433220055843958,-0.00541091345979039,12.385005186202985,2.0,0.5476190476190476,KO,PEP
2026-01-26,71.60220336914062,143.0730438232422,0.4142259182193211,0.7069425792773061,0.3480927338928308,1.511831941769224,2.234241966755759,2.234241966755759,0.01307463462822156,0.008183182895650913,0.537455412996952,0.0,14.519900533784337,3.0,0.5674603174603174,KO,PEP
2026-01-27,72.57913208007812,145.92724609375,0.4142259182193211,0.7069425792773061,0.34768017361410797,1.4317201538850068,1.511831941769224,1.511831941769224,-0.010680098541159033,0.008620201881015435,0.5373715202480039,-0.010680098541159033,12.730597154127151,4.0,0.6051587301587302,KO,PEP
2026-01-28,72.09559631347656,145.65260314941406,0.4142259182193211,0.7069425792773061,0.3423274526174147,1.0531009726284608,1.4317201538850068,1.4317201538850068,-0.00041256027872282885,0.008558530977442427,0.4986473822397709,-0.011092658819881862,12.895381132697729,5.0,0.6607142857142857,KO,PEP
2026-01-29,72.4607162475586,145.83895874023438,0.4142259182193211,0.7069425792773061,0.346475136494345,1.2252968418248191,1.0531009726284608,1.0531009726284608,-0.005352720996693261,0.008680753930833755,0.49261149223897654,-0.016445379816575123,12.58177114556054,6.0,0.6845238095238095,KO,PEP
2026-01-30,73.82250213623047,150.6842498779297,0.4142259182193211,0.7069425792773061,0.3419887324769344,0.9012036043498943,1.2252968418248191,1.2252968418248191,0.004147683876930319,0.008695422748755054,0.49298542346967644,-0.012297695939644804,13.773378976050923,7.0,0.6805555555555556,KO,PEP
2026-02-02,74.33563995361328,152.22413635253906,0.4142259182193211,0.7069425792773061,0.34172786501490204,0.8310270938475006,0.9012036043498943,0.9012036043498943,-0.004486404017410628,0.00878496975636334,0.5085799869635457,-0.01678409995705543,13.042163530839382,0.0,0.6547619047619048,KO,PEP
2026-02-03,75.87504577636719,159.7274627685547,0.4142259182193211,0.7069425792773061,0.32821067007184235,-0.14001620197814926,0.8310270938475006,0.8310270938475006,-0.0002608674620323548,0.008684439270807375,0.5248675066874194,-0.017044967419087786,13.892268144463795,0.0,0.6130952380952381,KO,PEP
2026-02-04,76.32897186279297,162.99359130859375,0.4142259182193211,0.7069425792773061,0.3198655482094557,-0.8272441632574162,-0.14001620197814926,0.14001620197814926,-0.013517194943059696,0.009152379846424074,0.5614033650279594,-0.030562162362147482,13.116824153361112,0.0,0.5912698412698413,KO,PEP
2026-02-05,77.47366333007812,164.31771850585938,0.4142259182193211,0.7069425792773061,0.3290311653668323,-0.19006264821448282,-0.8272441632574162,0.8272441632574162,-0.008345121862386673,0.009343132497755327,0.5755236595800485,-0.038907284224534155,12.56526987360581,0.0,0.5694444444444444,KO,PEP
2026-02-06,77.98680114746094,167.22096252441406,0.4142259182193211,0.7069425792773061,0.32325117373523105,-0.6582408033012985,-0.19006264821448282,0.19006264821448282,0.009165617157376627,0.009477957991462524,0.5776073505861846,-0.02974166706715753,12.845865722987973,0.0,0.5773809523809523,KO,PEP
2026-02-09,76.94078826904297,163.27804565429688,0.4142259182193211,0.7069425792773061,0.32661644273680546,-0.39748638924163837,-0.6582408033012985,0.6582408033012985,-0.005779991631601256,0.00897562292351469,0.5785712934551357,-0.035521658698758785,12.19756266315686,0.0,0.5416666666666667,KO,PEP
2026-02-10,75.79609680175781,163.76846313476562,0.4142259182193211,0.7069425792773061,0.3095069271841102,-1.6748618053764137,-0.39748638924163837,0.39748638924163837,0.0033652690015744113,0.008429019517220904,0.5891459269957944,-0.03215638969718437,12.412469414430337,0.0,0.46825396825396826,KO,PEP
2026-02-11,77.56246948242188,165.9066619873047,0.4142259182193211,0.7069425792773061,0.32337352842988176,-0.6083789923625611,-1.6748618053764137,1.6748618053764137,-0.017109515552695242,0.009033856218732747,0.57438545099436,-0.049265905249879616,12.25698467288633,1.0,0.5595238095238095,KO,PEP
2026-02-12,77.95719146728516,163.99403381347656,0.4142259182193211,0.7069425792773061,0.336646922474618,0.38125808412851137,-0.6083789923625611,0.6083789923625611,0.013866601245771548,0.00964203206272963,0.5826903558802368,-0.03539930400410807,12.538943816546293,0.0,0.5833333333333333,KO,PEP
2026-02-13,77.64141845703125,162.75820922851562,0.4142259182193211,0.7069425792773061,0.3379356467353527,0.44379437607987243,0.38125808412851137,0.38125808412851137,0.013273394044736264,0.009919045792661967,0.5712652602434537,-0.022125909959371803,13.244345603904536,0.0,0.6349206349206349,KO,PEP
2026-02-17,78.50979614257812,158.81529235839844,0.4142259182193211,0.7069425792773061,0.36639500033799255,2.3460557371972084,0.44379437607987243,0.44379437607987243,0.001288724260734675,0.009131113570527604,0.5929871980913406,-0.02083718569863713,13.133005120781066,0.0,0.5158730158730159,KO,PEP
2026-02-18,78.44071960449219,161.23793029785156,0.4142259182193211,0.7069425792773061,0.35481218060120545,1.4204285321533203,2.3460557371972084,2.3460557371972084,0.028459353602639847,0.010900228978312857,0.5399905334536919,0.0,16.53095008345312,1.0,0.7361111111111112,KO,PEP
2026-02-19,77.86837768554688,161.43408203125,0.4142259182193211,0.7069425792773061,0.34662944277329455,0.7687036150199215,1.4204285321533203,1.4204285321533203,-0.011582819736787098,0.011084372636517938,0.5299916022236251,-0.011582819736787098,14.204077410561137,2.0,0.7579365079365079,KO,PEP
2026-02-20,78.78610229492188,161.7773895263672,0.4142259182193211,0.7069425792773061,0.35684432595552007,1.4277992694504562,0.7687036150199215,0.7687036150199215,-0.008182737827910902,0.011157037806541916,0.5289823033204253,-0.019765557564698,13.026857946952768,0.0,0.7718253968253969,KO,PEP
2026-02-23,79.49659729003906,165.0925750732422,0.4142259182193211,0.7069425792773061,0.3514815114549035,0.9743289239990598,1.4277992694504562,1.4277992694504562,0.01021488318222552,0.011190122326167173,0.5473106921179964,-0.00955067438247248,14.25318916421564,1.0,0.7400793650793651,KO,PEP
2026-02-24,79.65449523925781,166.28916931152344,0.4142259182193211,0.7069425792773061,0.34836031045727767,0.7487211911313719,0.9743289239990598,0.9743289239990598,-0.005362814500616597,0.010875992144980992,0.549698737918374,-0.014913488883089077,13.175196764521147,0.0,0.7103174603174602,KO,PEP
2026-02-25,79.40779113769531,165.92626953125,0.4142259182193211,0.7069425792773061,0.34680280302487,0.6185490345205381,0.7487211911313719,0.7487211911313719,-0.003121200997625806,0.01063972763230476,0.5497051309063737,-0.018034689880714883,13.385148300316603,0.0,0.7063492063492063,KO,PEP
2026-02-26,79.43739318847656,164.36676025390625,0.4142259182193211,0.7069425792773061,0.3538513587386949,1.0791094448319059,0.6185490345205381,0.6185490345205381,-0.0015575074324076787,0.010644944330794697,0.5513341185663341,-0.01959219731312256,13.090857271924143,0.0,0.7023809523809523,KO,PEP
2026-02-27,80.48339080810547,166.4853515625,0.4142259182193211,0.7069425792773061,0.3578791410760558,1.272873113688057,1.0791094448319059,1.0791094448319059,0.0070485557138249,0.010678777505032482,0.5495162861721395,-0.012543641599297661,13.075999715658776,1.0,0.7123015873015872,KO,PEP
2026-03-02,79.16108703613281,164.072509765625,0.4142259182193211,0.7069425792773061,0.35163371473728233,0.7859398401907859,1.272873113688057,1.272873113688057,0.004027782337360897,0.010676804258867875,0.5648800077574135,-0.008515859261936765,15.143405848663342,2.0,0.6825396825396826,KO,PEP
2026-03-03,78.2927017211914,161.74795532226562,0.4142259182193211,0.7069425792773061,0.3506907356303812,0.6670488627642222,0.7859398401907859,0.7859398401907859,-0.006245426338773452,0.010725231453619203,0.5795767641440467,-0.014761285600710217,14.310534863124046,0.0,0.6468253968253969,KO,PEP
2026-03-04,77.06907653808594,160.77694702148438,0.4142259182193211,0.7069425792773061,0.3391951842873029,-0.23752228127675395,0.6670488627642222,0.6670488627642222,-0.0009429791069011095,0.010728624292270629,0.5907458098971153,-0.015704264707611326,14.351903186826338,0.0,0.6309523809523809,KO,PEP
2026-03-05,76.01319122314453,157.61868286132812,0.4142259182193211,0.7069425792773061,0.33942518230432706,-0.22848949238793106,-0.23752228127675395,0.23752228127675395,-0.011495551343078336,0.010605386368498483,0.5881823378067631,-0.027199816050689662,12.622498698101621,0.0,0.626984126984127,KO,PEP
2026-03-06,76.02306365966797,157.77008056640625,0.4142259182193211,0.7069425792773061,0.3388763371254253,-0.25341166841162865,-0.22848949238793106,0.22848949238793106,0.0002299980170241689,0.010408650858837663,0.602305870858437,-0.026969818033665494,12.080705039149514,0.0,0.5793650793650794,KO,PEP
2026-03-09,76.77303314208984,159.8482208251953,0.4142259182193211,0.7069425792773061,0.33944200013011283,-0.16433018895877127,-0.25341166841162865,0.25341166841162865,-0.0005488451789017468,0.01024054574016175,0.6020962217929311,-0.02751866321256724,12.744896691916443,0.0,0.5674603174603174,KO,PEP
2026-03-10,76.85197448730469,159.1060333251953,0.4142259182193211,0.7069425792773061,0.34375974725578606,0.1924854187753792,-0.16433018895877127,0.16433018895877127,0.0005656630046875222,0.010139098677596398,0.604938389886614,-0.026953000207879718,12.929641372780901,0.0,0.5456349206349207,KO,PEP
2026-03-11,76.60527801513672,158.4825897216797,0.4142259182193211,0.7069425792773061,0.3433200992448686,0.1695740190285282,0.1924854187753792,0.1924854187753792,0.0043177471256732325,0.01015321831525595,0.6332465644712675,-0.022635253082206486,13.541009701101359,0.0,0.5317460317460317,KO,PEP
2026-03-12,76.58554077148438,157.20602416992188,0.4142259182193211,0.7069425792773061,0.34877984545108687,0.5879723624613581,0.1695740190285282,0.1695740190285282,-0.0004396480109174483,0.009291777885102407,0.6381428509589128,-0.023074901093123934,13.126682343026381,0.0,0.44246031746031744,KO,PEP
2026-03-13,76.8438720703125,158.2154083251953,0.4142259182193211,0.7069425792773061,0.34762266986252266,0.49170692500692753,0.5879723624613581,0.5879723624613581,0.005459746206218252,0.008913925641545561,0.6362019260700247,-0.017615154886905682,13.005875206919807,0.0,0.42460317460317465,KO,PEP
2026-03-16,77.32079315185547,156.07789611816406,0.4142259182193211,0.7069425792773061,0.3634258509400343,1.6182483097292455,0.49170692500692753,0.49170692500692753,-0.0011571755885642077,0.00848695519143627,0.6361776061139867,-0.01877233047546989,12.824399827056482,0.0,0.3829365079365079,KO,PEP
2026-03-17,77.08233642578125,154.87059020996094,0.4142259182193211,0.7069425792773061,0.36582675023051214,1.655689539540497,1.6182483097292455,1.6182483097292455,0.015803181077511663,0.009116423960067057,0.6194666527301322,-0.002969149397958226,14.258607477241773,1.0,0.44246031746031744,KO,PEP
2026-03-18,75.48265838623047,151.94140625,0.4142259182193211,0.7069425792773061,0.35835453645475246,1.042400195847803,1.655689539540497,1.655689539540497,0.0024008992904778204,0.0066726479242771655,0.6226388361389299,-0.0005682501074804058,14.05662370948603,2.0,0.19642857142857142,KO,PEP
2026-03-19,75.06536102294922,151.14974975585938,0.4142259182193211,0.7069425792773061,0.35650380546046057,0.8555442945190296,1.042400195847803,1.042400195847803,-0.007472213775759684,0.0063700298399714346,0.6378012858310883,-0.00804046388324009,13.478001287754605,3.0,0.16865079365079366,KO,PEP
2026-03-20,74.2704849243164,148.47784423828125,0.4142259182193211,0.7069425792773061,0.35846676598898597,0.9402954082856457,0.8555442945190296,0.8555442945190296,-0.0018507309942918937,0.006098220529060965,0.6371799106411715,-0.009891194877531984,12.591150887560337,0.0,0.16666666666666669,KO,PEP
2026-03-23,74.62818145751953,149.30911254882812,0.4142259182193211,0.7069425792773061,0.35932448674297435,0.9515830097275828,0.9402954082856457,0.9402954082856457,0.0019629605285254037,0.005692182289649647,0.648433102042636,-0.00792823434900658,13.291225223479378,0.0,0.14484126984126983,KO,PEP
2026-03-24,74.19100189208984,149.02212524414062,0.4142259182193211,0.7069425792773061,0.35480928098819753,0.5401351430622388,0.9515830097275828,0.9515830097275828,0.000857720753988378,0.005554505794445019,0.6505115479659612,-0.007070513595018202,13.536949713227019,0.0,0.14285714285714285,KO,PEP
2026-03-25,74.76728057861328,150.15025329589844,0.4142259182193211,0.7069425792773061,0.3572152250958718,0.7536119234316705,0.5401351430622388,0.5401351430622388,-0.004515205754776819,0.005606656899498515,0.6505498003231454,-0.01158571934979502,12.48790030013625,0.0,0.14285714285714285,KO,PEP
2026-03-26,74.21087646484375,149.25962829589844,0.4142259182193211,0.7069425792773061,0.35395134067525147,0.36059573636714787,0.7536119234316705,0.7536119234316705,0.0024059441076742516,0.0056067517503334,0.6528263681711365,-0.009179775242120769,11.921462093202699,0.0,0.1388888888888889,KO,PEP
2026-03-27,75.22432708740234,151.4466094970703,0.4142259182193211,0.7069425792773061,0.35723218709459514,0.7022514004551993,0.36059573636714787,0.36059573636714787,-0.003263884420620311,0.005454835169404568,0.6544734573263371,-0.01244365966274108,12.452264092063436,0.0,0.12896825396825395,KO,PEP
2026-03-30,75.78073120117188,155.18727111816406,0.4142259182193211,0.7069425792773061,0.3473525627780485,-0.6029483697812164,0.7022514004551993,0.7022514004551993,0.003280846419343675,0.005429664029773383,0.6606204648410308,-0.009162813243397405,12.803005268167727,0.0,0.12698412698412698,KO,PEP
2026-03-31,75.56214904785156,153.67318725585938,0.4142259182193211,0.7069425792773061,0.3513951410481577,-0.006599642101300403,-0.6029483697812164,0.6029483697812164,-0.009879624316546654,0.005689161495225624,0.658241856294906,-0.01904243755994406,12.332356735808816,0.0,0.13690476190476192,KO,PEP
2026-04-01,75.59195709228516,153.0398406982422,0.4142259182193211,0.7069425792773061,0.35470915102909517,0.4592356915237366,-0.006599642101300403,0.006599642101300403,0.004042578270109232,0.005760538184945646,0.6553027717986374,-0.014999859289834827,12.399590981851988,0.0,0.14087301587301587,KO,PEP
2026-04-02,76.22785186767578,155.37527465820312,0.4142259182193211,0.7069425792773061,0.35237949823363746,0.1060072347433654,0.4592356915237366,0.4592356915237366,0.003314009980937449,0.005150250558094715,0.6431670034421361,-0.011685849308897378,10.770439882361856,0.0,0.14484126984126983,KO,PEP
2026-04-06,76.72463989257812,155.0981903076172,0.4142259182193211,0.7069425792773061,0.36013733191141384,1.1709006388018612,0.1060072347433654,0.1060072347433654,-0.002329652795457715,0.005193839824378973,0.6450890351300991,-0.014015502104355093,8.948779141157408,0.0,0.14484126984126983,KO,PEP
2026-04-07,75.42304992675781,151.61485290527344,0.4142259182193211,0.7069425792773061,0.3590855271912017,0.9726518485845219,1.1709006388018612,1.1709006388018612,0.007757833677776382,0.005409211656346355,0.6388561362804701,-0.006257668426578711,8.79169595148943,1.0,0.1527777777777778,KO,PEP
2026-04-08,76.79419708251953,153.18829345703125,0.4142259182193211,0.7069425792773061,0.36980291873088245,2.157399943069881,0.9726518485845219,0.9726518485845219,-0.0010518047202121572,0.00542810197302961,0.6522788535446411,-0.007309473146790868,8.039663191033476,0.0,0.13690476190476192,KO,PEP
2026-04-09,77.67848205566406,155.8502960205078,0.4142259182193211,0.7069425792773061,0.36907287056862526,1.8672365840972804,2.157399943069881,2.157399943069881,0.010717391539680765,0.005791745982480772,0.6601662683393246,0.0,7.435642199228603,1.0,0.1388888888888889,KO,PEP
2026-04-10,76.97303771972656,155.4247589111328,0.4142259182193211,0.7069425792773061,0.36188268054490536,0.9602316654797077,1.8672365840972804,1.8672365840972804,-0.0007300481622571908,0.0057964566242607795,0.669623838703184,-0.0007300481622571908,6.846130736203112,2.0,0.12896825396825395,KO,PEP
2026-04-13,75.91984558105469,154.25704956054688,0.4142259182193211,0.7069425792773061,0.3534369260447252,-0.015757081254534754,0.9602316654797077,0.9602316654797077,-0.0071901900237199,0.005993514157184893,0.6643093937843202,-0.007920238185977091,6.553355765596785,0.0,0.1349206349206349,KO,PEP
2026-04-14,75.4131088256836,154.0987091064453,0.4142259182193211,0.7069425792773061,0.3474659517688572,-0.6992017783989803,-0.015757081254534754,0.015757081254534754,-0.008445754500180147,0.006306068063418104,0.6700038752489077,-0.016365992686157238,5.82241496717322,0.0,0.1369047619047619,KO,PEP
2026-04-15,74.82688903808594,153.23777770996094,0.4142259182193211,0.7069425792773061,0.3436228137153341,-1.1003230696475437,-0.6992017783989803,0.6992017783989803,-0.005970974275868013,0.00533945807041125,0.6854901776705751,-0.02233696696202525,8.793153040221021,0.0,0.08134920634920634,KO,PEP
2026-04-16,74.6977310180664,156.73101806640625,0.4142259182193211,0.7069425792773061,0.32596056344671265,-2.7681707646829325,-1.1003230696475437,1.1003230696475437,-0.0038431380535230986,0.005325818348611888,0.6866025946991592,-0.02618010501554835,8.159631471586003,1.0,0.07738095238095238,KO,PEP
2026-04-17,75.25413513183594,156.02841186523438,0.4142259182193211,0.7069425792773061,0.3365579632249345,-1.6390290995960783,-2.7681707646829325,2.7681707646829325,-0.01766225026862145,0.006307099939612535,0.6688245512563149,-0.0438423552841698,7.275070170228713,2.0,0.1468253968253968,KO,PEP
2026-04-20,74.99580383300781,155.35549926757812,0.4142259182193211,0.7069425792773061,0.33617473718166035,-1.645859814716676,-1.6390290995960783,1.6390290995960783,0.010597399778221828,0.006844875868302829,0.6656693589216118,-0.03324495550594797,6.671923437231784,3.0,0.18452380952380953,KO,PEP
2026-04-21,74.2208023071289,153.30703735351562,0.4142259182193211,0.7069425792773061,0.3351705314564257,-1.6958057941560274,-1.645859814716676,1.645859814716676,-0.0003832260432741208,0.006813168370589692,0.669725329464839,-0.03362818154922209,6.312437169388831,4.0,0.17261904761904762,KO,PEP
2026-04-22,74.15125274658203,152.1887969970703,0.4142259182193211,0.7069425792773061,0.33940845333954295,-1.2464161470426074,-1.6958057941560274,1.6958057941560274,-0.0010042057252346304,0.006798286765005393,0.6852422846097592,-0.03463238727445672,6.765001939048691,5.0,0.14285714285714285,KO,PEP
2026-04-23,75.7906723022461,154.07891845703125,0.4142259182193211,0.7069425792773061,0.35255086046868334,-0.003771840775606034,-1.2464161470426074,1.2464161470426074,0.004237921883117224,0.006852803662919417,0.6918714048834134,-0.030394465391339498,6.182541752863884,6.0,0.1349206349206349,KO,PEP
2026-04-24,76.138427734375,153.82162475585938,0.4142259182193211,0.7069425792773061,0.3583102310165458,0.528796433344727,-0.003771840775606034,0.003771840775606034,0.013142407129140388,0.0074730319104553316,0.683008002949295,-0.01725205826219911,6.074753023452689,0.0,0.1865079365079365,KO,PEP
2026-04-27,74.95606231689453,152.49559020996094,0.4142259182193211,0.7069425792773061,0.34877992460301055,-0.4083898318948901,0.528796433344727,0.528796433344727,0.0057593705478624635,0.00754844137855123,0.6817827984803436,-0.011492687714336647,6.243365583416324,0.0,0.20634920634920637,KO,PEP
2026-04-28,77.8473892211914,154.6627655029297,0.4142259182193211,0.7069425792773061,0.37665225811070746,2.133481603308792,-0.4083898318948901,0.4083898318948901,-0.00953030641353525,0.007800705388636587,0.6835596731851472,-0.021022994127871897,5.727010856529655,0.0,0.23214285714285715,KO,PEP
2026-04-29,78.36405944824219,153.67318725585938,0.4142259182193211,0.7069425792773061,0.3878050540541884,2.7259037871723715,2.133481603308792,2.133481603308792,0.02787233350769691,0.00963568502875188,0.6517797722082428,0.0,6.675172583014622,1.0,0.46031746031746035,KO,PEP
2026-04-30,78.25476837158203,156.83987426757812,0.4142259182193211,0.7069425792773061,0.37198978103006564,1.366011529136444,2.7259037871723715,2.7259037871723715,0.011152795943480953,0.009852944881676809,0.6430211821714448,0.0,7.401816421904281,2.0,0.4861111111111111,KO,PEP
2026-05-01,78.07592010498047,155.7711181640625,0.4142259182193211,0.7069425792773061,0.37453552063840023,1.4620781060305552,1.366011529136444,1.366011529136444,-0.015815273024122778,0.01056433560403784,0.6043319657113505,-0.015815273024122778,6.9786122273195925,3.0,0.5892857142857143,KO,PEP
2026-05-04,77.68842315673828,152.98046875,0.4142259182193211,0.7069425792773061,0.3823398255655275,1.8694890428432587,1.4620781060305552,1.4620781060305552,0.0025457396083345962,0.010544059430130301,0.6064450638416662,-0.013269533415788182,7.700150386528635,4.0,0.5773809523809524,KO,PEP
2026-05-05,77.9765625,153.42578125,0.4142259182193211,0.7069425792773061,0.38398701669084456,1.8167320077424287,1.8694890428432587,1.8694890428432587,0.007804304927127248,0.010545529639527134,0.6017329649234314,-0.005465228488660934,8.515658619471308,5.0,0.5952380952380952,KO,PEP
2026-05-06,78.72174835205078,154.33621215820312,0.4142259182193211,0.7069425792773061,0.38931556781173837,1.9536701690723197,1.8167320077424287,1.8167320077424287,0.0016471911253170823,0.010534263572397397,0.6008114898989112,-0.0038180373633438514,9.029411908340355,6.0,0.5972222222222222,KO,PEP
2026-05-07,77.9268798828125,154.6627655029297,0.4142259182193211,0.7069425792773061,0.3776728460290859,1.1584528742403535,1.9536701690723197,1.9536701690723197,0.00532855112089381,0.010355945613861977,0.5899804766962755,0.0,10.029935636157667,7.0,0.6170634920634921,KO,PEP
2026-05-08,77.91693878173828,153.01016235351562,0.4142259182193211,0.7069425792773061,0.38513974061880507,1.4908602596575047,1.1584528742403535,1.1584528742403535,-0.011642721782652465,0.010712775985116982,0.5991729240730723,-0.011642721782652465,8.994036764369131,8.0,0.6190476190476191,KO,PEP
2026-05-11,78.15541076660156,147.8544158935547,0.4142259182193211,0.7069425792773061,0.41242698287543256,2.6081499307620013,1.4908602596575047,1.4908602596575047,0.007466894589719164,0.010667662595701873,0.5832590059439906,-0.004175827192933301,9.82497359144525,9.0,0.6468253968253969,KO,PEP
2026-05-12,79.51661682128906,150.26901245117188,0.4142259182193211,0.7069425792773061,0.41824195274695475,2.491603415591727,2.6081499307620013,2.6081499307620013,0.027287242256627486,0.011837010872532062,0.5462502044598258,0.0,13.88678614444898,10.0,0.7976190476190477,KO,PEP
2026-05-13,79.7451400756836,147.7158660888672,0.4142259182193211,0.7069425792773061,0.4332262576901216,2.667424788936786,2.491603415591727,2.491603415591727,0.005814969871522191,0.011670447920397913,0.5617354070649007,0.0,17.655440136908442,11.0,0.7619047619047619,KO,PEP
2026-05-14,79.93392181396484,147.1221160888672,0.4142259182193211,0.7069425792773061,0.4384380844737348,2.46688528637094,2.667424788936786,2.667424788936786,0.014984304943166826,0.011795698442443363,0.602087978369007,0.0,40.018704471180406,12.0,0.6547619047619048,KO,PEP
2026-05-15,80.30155181884766,147.5674285888672,0.4142259182193211,0.7069425792773061,0.44089015677071686,2.2412140708757446,2.46688528637094,2.46688528637094,0.005211826783613205,0.01064626063592311,0.6125965382732237,0.0,80.33486047669035,13.0,0.5496031746031746,KO,PEP
2026-05-18,80.67910766601562,147.508056640625,0.4142259182193211,0.7069425792773061,0.4458653505258261,2.128208002583685,2.2412140708757446,2.2412140708757446,0.0024520722969820774,0.01060392472947109,0.6193093363232852,0.0,252.0,14.0,0.5337301587301587,KO,PEP
2026-05-19,81.39449310302734,148.80441284179688,0.4142259182193211,0.7069425792773061,0.4485075808382186,1.9780059884524324,2.128208002583685,2.128208002583685,0.004975193755109242,0.010526463987919142,0.6201344622237404,0.0,252.0,15.0,0.5198412698412698,KO,PEP
2026-05-20,81.02687072753906,147.73565673828125,0.4142259182193211,0.7069425792773061,0.4490765861287822,1.8097715053211614,1.9780059884524324,1.9780059884524324,0.002642230312392524,0.010443751788334303,0.6201198599941677,0.0,252.0,16.0,0.5178571428571428,KO,PEP
2026-05-21,80.64929962158203,147.3002471923828,0.4142259182193211,0.7069425792773061,0.446492461403035,1.599975519895902,1.8097715053211614,1.8097715053211614,0.0005690052905635845,0.01049931470171897,0.6225606568724849,0.0,252.0,17.0,0.5138888888888888,KO,PEP
2026-05-22,80.95732116699219,149.00233459472656,0.4142259182193211,0.7069425792773061,0.442182413742636,1.3822491559867638,1.599975519895902,1.599975519895902,-0.0025841247257472055,0.01048515800484962,0.6224571679861703,-0.0025841247257472055,252.0,18.0,0.5119047619047619,KO,PEP
2026-05-26,79.94385528564453,144.16323852539062,0.4142259182193211,0.7069425792773061,0.45292509177520524,1.518693079122893,1.3822491559867638,1.3822491559867638,-0.004310047660398997,0.010662319159085611,0.6239033801685715,-0.006894172386146202,185.03810293810142,19.0,0.5297619047619048,KO,PEP
2026-05-27,81.09642028808594,146.20179748535156,0.4142259182193211,0.7069425792773061,0.45731273979864095,1.5013700522209865,1.518693079122893,1.518693079122893,0.01074267803256923,0.010265709297158603,0.624776458494295,0.0,185.03810293810142,20.0,0.48611111111111116,KO,PEP
2026-05-28,79.89418029785156,144.7668914794922,0.4142259182193211,0.7069425792773061,0.449349533549134,1.2290339709674007,1.5013700522209865,1.5013700522209865,0.00438764802343572,0.008851794604622251,0.6277529436000432,0.0,185.03810293810142,21.0,0.3988095238095238,KO,PEP
2026-05-29,78.50315856933594,142.6887664794922,0.4142259182193211,0.7069425792773061,0.44200706662284306,0.9988702774280799,1.2290339709674007,1.2290339709674007,-0.007963206249506971,0.00906099516707447,0.6232835472838697,-0.007963206249506971,252.0,22.0,0.4186507936507936,KO,PEP
2026-06-01,78.13553619384766,140.0465545654297,0.4142259182193211,0.7069425792773061,0.45052656153598836,1.1344432110297407,0.9988702774280799,0.9988702774280799,-0.007342466926290925,0.008336926177606556,0.6357140944494135,-0.015305673175797896,84.13077005408462,0.0,0.34523809523809523,KO,PEP
2026-06-02,77.90701293945312,140.5215606689453,0.4142259182193211,0.7069425792773061,0.4452038415615531,0.9472419921002425,1.1344432110297407,1.1344432110297407,0.008519494913145298,0.008404096811951228,0.6241308171421154,-0.006786178262652598,162.77770141044238,1.0,0.3571428571428571,KO,PEP
2026-06-03,78.25476837158203,141.05592346191406,0.4142259182193211,0.7069425792773061,0.4469744336853996,0.9407390852871654,0.9472419921002425,0.9472419921002425,-0.0053227199744352305,0.00857653405083068,0.6207595416882904,-0.012108898237087828,96.87956121688165,0.0,0.3829365079365079,KO,PEP
2026-06-04,76.32720947265625,140.6699981689453,0.4142259182193211,0.7069425792773061,0.4239709819333819,0.27146407304899944,0.9407390852871654,0.9407390852871654,0.0017705921238464484,0.008575499911789389,0.615334536701557,-0.01033830611324138,62.81381804581139,0.0,0.3948412698412698,KO,PEP
2026-06-05,78.97014617919922,141.9199981689453,0.4142259182193211,0.7069425792773061,0.4517572026715495,1.0056179048187621,0.27146407304899944,0.27146407304899944,-0.02300345175201768,0.010271003258656358,0.5898046570069597,-0.03334175786525906,26.408762187500326,0.0,0.5813492063492063,KO,PEP
2026-06-08,79.0297622680664,140.67999267578125,0.4142259182193211,0.7069425792773061,0.45871578860333484,1.1495546522428879,1.0056179048187621,1.0056179048187621,0.02778622073816761,0.011251703299121561,0.5848577432022686,-0.005555537127091448,53.33432661405212,1.0,0.6805555555555556,KO,PEP
2026-06-09,80.81820678710938,142.77999877929688,0.4142259182193211,0.7069425792773061,0.47061861746920775,1.4654818542604577,1.1495546522428879,1.1495546522428879,0.006958585931785333,0.01124374670448116,0.5838573008163879,0.0,74.49719217827456,2.0,0.6785714285714286,KO,PEP
2026-06-10,83.05377197265625,144.32000732421875,0.4142259182193211,0.7069425792773061,0.49032042594190584,1.929842114129094,1.4654818542604577,1.4654818542604577,0.011902828865872905,0.01006697315270414,0.5988460109952743,0.0,122.05963399914575,3.0,0.5376984126984127,KO,PEP
2026-06-11,82.00057983398438,143.72999572753906,0.4142259182193211,0.7069425792773061,0.4804545502156361,1.5059191999608204,1.929842114129094,1.929842114129094,0.01970180847269809,0.010702276284890271,0.6175054293796749,0.0,122.05963399914575,4.0,0.5357142857142857,KO,PEP
2026-06-12,82.09000396728516,144.27000427246094,0.4142259182193211,0.7069425792773061,0.4788934067899784,1.3871108399539174,1.5059191999608204,1.5059191999608204,-0.009865875726269735,0.010751325957622305,0.614099522503976,-0.009865875726269735,252.0,5.0,0.5496031746031746,KO,PEP
2026-06-15,80.91000366210938,146.25,0.4142259182193211,0.7069425792773061,0.45477835071369466,0.5647972137331845,1.3871108399539174,1.3871108399539174,-0.0015611434256577184,0.010762871719183897,0.5970254528374684,-0.011427019151927453,184.4290146001596,6.0,0.6051587301587301,KO,PEP
2026-06-16,80.27999877929688,146.1199951171875,0.4142259182193211,0.7069425792773061,0.4475900848338865,0.26150074255409583,0.5647972137331845,0.5647972137331845,-0.024115056076283725,0.012174766902328195,0.5570067447236534,-0.03554207522821118,50.10725705057477,0.0,0.7738095238095237,KO,PEP
2026-06-17,79.93000030517578,141.58999633789062,0.4142259182193211,0.7069425792773061,0.4654843176513985,0.871309249827957,0.26150074255409583,0.26150074255409583,-0.007188265879808142,0.012249312138048153,0.5457450185302791,-0.04273034110801932,49.11667804676645,0.0,0.8015873015873016,KO,PEP
2026-06-18,79.38999938964844,142.02000427246094,0.4142259182193211,0.7069425792773061,0.4565617436433764,0.4715033867888864,0.871309249827957,0.871309249827957,0.017894232817512012,0.012844986181368093,0.5355684955036953,-0.02483610829050731,84.10841193338082,0.0,0.8472222222222222,KO,PEP
2026-06-22,79.52999877929688,140.7100067138672,0.4142259182193211,0.7069425792773061,0.4648747532142017,0.8158194838124944,0.4715033867888864,0.4715033867888864,-0.0089225740080221,0.013020697101900828,0.5308308820313044,-0.03375868229852941,55.07310371679447,0.0,0.8492063492063492,KO,PEP
2026-06-23,80.30999755859375,142.0500030517578,0.4142259182193211,0.7069425792773061,0.4679341402114967,0.999258039360354,0.8158194838124944,0.8158194838124944,0.008313009570825258,0.013113171688143865,0.5257015952397531,-0.02544567272770415,70.04212441430037,0.0,0.8571428571428572,KO,PEP
2026-06-24,80.5999984741211,142.27000427246094,0.4142259182193211,0.7069425792773061,0.47044461829079376,1.1165746703174664,0.999258039360354,0.999258039360354,0.0030593869972950216,0.013064506562102254,0.5283822505618272,-0.022386285730409128,73.59384352534377,0.0,0.8511904761904763,KO,PEP
2026-06-25,80.41999816894531,139.52000427246094,0.4142259182193211,0.7069425792773061,0.4820074664690521,1.782090665633178,1.1165746703174664,1.1165746703174664,0.0025104780792970516,0.012888628482967597,0.5193043397618409,-0.019875807651112076,78.4427103885066,1.0,0.8551587301587302,KO,PEP
2026-06-26,82.62999725341797,141.38999938964844,0.4142259182193211,0.7069425792773061,0.4997051073494956,2.5639726217813577,1.782090665633178,1.782090665633178,0.011562848178258367,0.013079828172524613,0.5181037872864851,-0.00831295947285371,109.90775346009848,2.0,0.8611111111111112,KO,PEP
2026-06-29,82.6500015258789,138.67999267578125,0.4142259182193211,0.7069425792773061,0.5136286021438492,2.8326468428283262,2.5639726217813577,2.5639726217813577,0.017697640880443455,0.013370002290658855,0.5324744677864054,0.0,252.0,3.0,0.8392857142857143,KO,PEP
