Date,AGG,BND,GLD,IAU,ITOT,IVV,IWM,QQQ,QQQM,SPY,VOO,VTI,VTWO
2020-10-13,98.92169952392578,73.4598159790039,177.72000122070312,36.099998474121094,73.3608169555664,324.0262145996094,151.8928680419922,284.6213073730469,116.80087280273438,323.73040771484375,296.3729248046875,165.14581298828125,60.80595016479492
2020-10-14,98.9803695678711,73.50150299072266,178.27000427246094,36.220001220703125,72.9078140258789,321.9974670410156,150.38975524902344,282.24395751953125,115.75877380371094,321.69622802734375,294.5208740234375,164.04788208007812,60.162628173828125
2020-10-15,98.89656829833984,73.4598159790039,178.9199981689453,36.36000061035156,72.88007354736328,321.60113525390625,151.93948364257812,280.3498840332031,114.92607879638672,321.29864501953125,294.17071533203125,164.10328674316406,60.80595016479492
2020-10-16,98.8462142944336,73.40150451660156,178.3000030517578,36.220001220703125,72.78762817382812,321.315185546875,151.5661163330078,278.8133239746094,114.34037780761719,321.1045227050781,293.92193603515625,163.80804443359375,60.69024658203125
2020-10-19,98.72885131835938,73.33480072021484,178.38999938964844,36.2599983215332,71.69669342041016,316.4924621582031,149.75497436523438,274.2616271972656,112.3623275756836,316.2226867675781,289.48077392578125,161.4646453857422,59.977500915527344
2020-10-20,98.64498901367188,73.20977783203125,179.25,36.439998626708984,71.90010070800781,317.7373352050781,150.0817108154297,274.8511657714844,112.78688049316406,317.48931884765625,290.6232604980469,162.02740478515625,60.07930374145508
2020-10-21,98.52761840820312,73.12644958496094,180.60000610351562,36.7400016784668,71.742919921875,317.11956787109375,148.7933349609375,274.6385192871094,112.93163299560547,316.8883361816406,290.0981140136719,161.473876953125,59.579463958740234
2020-10-22,98.3515396118164,73.00147247314453,178.8300018310547,36.34000015258789,72.2236557006836,318.9267578125,151.36070251464844,274.6287536621094,112.62286376953125,318.6266174316406,291.6921081542969,162.61785888671875,60.54214096069336
2020-10-23,98.49406433105469,73.09307861328125,178.63999938964844,36.31999969482422,72.49176788330078,319.9411315917969,152.23826599121094,275.1699523925781,112.89302062988281,319.7083435058594,292.6872253417969,163.1529998779297,60.930912017822266
2020-10-26,98.62822723388672,73.20144653320312,178.5500030517578,36.29999923706055,71.1512222290039,314.06719970703125,148.95208740234375,271.04351806640625,111.13692474365234,313.80023193359375,287.2969970703125,160.1914520263672,59.57484436035156
2020-10-27,98.85460662841797,73.3764877319336,179.02000427246094,36.400001525878906,70.8923568725586,312.99755859375,147.6730499267578,273.15985107421875,112.01498413085938,312.7183837890625,286.3478698730469,159.545654296875,59.10738754272461
2020-10-28,98.7120590209961,73.27647399902344,176.1300048828125,35.779998779296875,68.56255340576172,302.3470153808594,143.1265411376953,262.5102844238281,107.7694091796875,302.030029296875,276.4888610839844,154.2591094970703,57.288482666015625
2020-10-29,98.5359878540039,73.11812591552734,175.39999389648438,35.63999938964844,69.21897888183594,305.3623962402344,144.83499145507812,267.1006774902344,109.52555084228516,305.09979248046875,279.40045166015625,155.71682739257812,58.038265228271484
2020-10-30,98.26768493652344,72.99311065673828,176.1999969482422,35.779998779296875,68.46087646484375,302.1072998046875,142.92117309570312,260.3262634277344,106.96855926513672,301.9190673828125,276.2584533691406,154.06536865234375,57.23757553100586
2020-11-02,98.44572448730469,73.0941162109375,177.91000366210938,36.13999938964844,69.19123840332031,305.55596923828125,145.46983337402344,260.90606689453125,107.0071792602539,305.3031311035156,279.4741516113281,155.67068481445312,58.237274169921875
2020-11-03,98.40374755859375,73.07740783691406,178.9199981689453,36.34000015258789,70.50406646728516,311.01495361328125,149.59620666503906,265.4190979003906,109.4493179321289,310.6935119628906,284.4036560058594,158.659912109375,59.958980560302734
2020-11-04,99.05885314941406,73.57836151123047,178.82000732421875,36.36000061035156,72.00177001953125,317.8848876953125,149.7642822265625,277.26708984375,113.6552963256836,317.6372375488281,290.8075866699219,162.11965942382812,59.91733169555664
2020-11-05,99.15119934082031,73.6534652709961,182.92999267578125,37.15999984741211,73.51799011230469,324.1000061035156,153.95603942871094,284.4956970214844,116.67545318603516,323.83209228515625,296.50189208984375,165.46868896484375,61.68994903564453
2020-11-06,98.93284606933594,73.48649597167969,183.19000244140625,37.220001220703125,73.47176361083984,324.072265625,152.75169372558594,284.7082824707031,116.75263977050781,323.7581787109375,296.4650573730469,165.38565063476562,61.12531280517578
2020-11-09,98.47091674804688,73.14421081542969,175.0800018310547,35.599998474121094,74.33157348632812,328.1204528808594,158.28781127929688,278.89056396484375,114.34037780761719,327.8264465332031,300.159912109375,167.35084533691406,63.434818267822266
2020-11-10,98.31136322021484,73.00223541259766,175.66000366210938,35.70000076293945,74.28533935546875,327.6963195800781,161.22857666015625,273.8943176269531,112.23402404785156,327.34552001953125,299.7729797363281,167.0740509033203,64.4668960571289
2020-11-11,98.3701400756836,73.05239868164062,174.89999389648438,35.540000915527344,74.7660903930664,330.056884765625,161.16323852539062,280.02130126953125,114.92897033691406,329.77728271484375,301.88299560546875,168.4302978515625,64.55482482910156
2020-11-12,98.78168487548828,73.29449462890625,175.9600067138672,35.779998779296875,74.10043334960938,326.9124450683594,158.68923950195312,278.7070007324219,114.26319885253906,326.578125,299.0910949707031,166.76959228515625,63.45332336425781
2020-11-13,98.79849243164062,73.31953430175781,177.16000366210938,36.0,75.12667083740234,331.35711669921875,161.97547912597656,281.1518859863281,115.35354614257812,331.0994567871094,303.1545715332031,169.13143920898438,64.86031341552734
2020-11-16,98.79004669189453,73.36132049560547,177.14999389648438,36.0,76.1066665649414,335.4698181152344,165.8311309814453,283.34564208984375,115.85526275634766,335.2324523925781,306.83099365234375,171.19810485839844,66.38763427734375
2020-11-17,98.9916000366211,73.48649597167969,176.5,35.880001068115234,75.90325164794922,333.7638854980469,166.60597229003906,282.4469299316406,115.84562683105469,333.429443359375,305.3013916015625,170.81063842773438,66.77176666259766
2020-11-18,99.05885314941406,73.57003021240234,175.49000549316406,35.68000030517578,75.08968353271484,329.7434387207031,164.27200317382812,280.3594665527344,115.35157012939453,329.4166259765625,301.5973815917969,169.0022735595703,65.80448150634766
2020-11-19,99.24359893798828,73.72029876708984,175.16000366210938,35.619998931884766,75.5057144165039,331.08056640625,165.53237915039062,282.55322265625,115.91316986083984,330.8036193847656,302.8596496582031,169.9433135986328,66.3413314819336
2020-11-20,99.3443603515625,73.78704833984375,175.69000244140625,35.7400016784668,75.10816955566406,328.858154296875,165.70977783203125,280.6203918457031,115.19915008544922,328.5382995605469,300.8325500488281,169.04843139648438,66.2950668334961
2020-11-23,99.31917572021484,73.7286376953125,172.22999572753906,35.0,75.71837615966797,330.83154296875,168.8092041015625,280.6301574707031,115.1123046875,330.50775146484375,302.6109619140625,170.4323272705078,67.63726043701172
2020-11-24,99.1847915649414,73.6534652709961,169.58999633789062,34.47999954223633,76.89250946044922,336.1246032714844,171.9833984375,284.5729675292969,116.79122924804688,335.83331298828125,307.51275634765625,173.07093811035156,68.93778228759766
2020-11-25,99.15119934082031,73.62010192871094,169.50999450683594,34.459999084472656,76.84628295898438,335.6451110839844,171.3952178955078,286.32220458984375,117.4463882446289,335.3157043457031,307.0060729980469,173.00640869140625,68.6277084350586
2020-11-27,99.31917572021484,73.77875518798828,167.7899932861328,34.08000183105469,77.13287353515625,336.55792236328125,172.1234588623047,288.9602966308594,118.44120025634766,336.2494812011719,307.88140869140625,173.61529541015625,68.91001892089844
2020-11-30,99.45352935791016,73.8789291381836,166.6699981689453,33.900001525878906,76.67060852050781,335.0270690917969,168.99594116210938,289.5498962402344,118.69208526611328,334.76092529296875,306.4993591308594,172.24984741210938,67.74834442138672
2020-12-01,99.13892364501953,73.65562438964844,170.17999267578125,34.58000183105469,77.48419189453125,338.7156677246094,170.56436157226562,293.2608642578125,120.34204864501953,338.4223327636719,309.87158203125,174.43641662597656,68.22966003417969
2020-12-02,99.02951049804688,73.53020477294922,171.4600067138672,34.84000015258789,77.58589935302734,339.4349670410156,170.74172973632812,293.6377868652344,120.45784759521484,339.1341857910156,310.52587890625,174.58401489257812,68.40555572509766
2020-12-03,99.19781494140625,73.67237854003906,172.80999755859375,35.119998931884766,77.7245864868164,339.3704528808594,171.70330810546875,294.05322265625,120.63150787353516,339.0417785644531,310.4336242675781,174.93460083007812,68.8035659790039
2020-12-04,98.92857360839844,73.48006439208984,172.32000732421875,35.040000915527344,78.50116729736328,342.2842712402344,175.6990203857422,295.25164794921875,121.04641723632812,341.9635925292969,313.1058044433594,176.6875457763672,70.39105987548828
2020-12-07,99.08000946044922,73.58038330078125,174.88999938964844,35.540000915527344,78.43647766113281,341.6479797363281,175.86703491210938,296.9234619140625,121.41307067871094,341.2608337402344,312.5252685546875,176.4938507080078,70.36328887939453
2020-12-08,99.08842468261719,73.60543060302734,175.5,35.65999984741211,78.76004791259766,342.5977783203125,178.12632751464844,297.928466796875,122.16087341308594,342.25946044921875,313.4282531738281,177.2595672607422,71.34910583496094
2020-12-09,98.94539642333984,73.48006439208984,172.5,35.099998474121094,77.91873168945312,339.6009521484375,176.82862854003906,291.1830749511719,119.50257110595703,339.1897277832031,310.6456298828125,175.5158233642578,70.81221771240234
2020-12-10,99.18936157226562,73.63054656982422,172.1699981689453,35.0,78.06663513183594,339.41650390625,178.53709411621094,292.35235595703125,119.89820861816406,339.0787658691406,310.4981994628906,175.774169921875,71.50183868408203
2020-12-11,99.29875946044922,73.74761962890625,172.49000549316406,35.08000183105469,77.9834213256836,338.9923400878906,177.65953063964844,291.7049560546875,119.61837768554688,338.68115234375,310.1019287109375,175.4604949951172,71.1408462524414
2020-12-14,99.23986053466797,73.7225341796875,171.5399932861328,34.880001068115234,77.74393463134766,337.45489501953125,177.86740112304688,293.8213806152344,120.5060806274414,337.164794921875,308.6830139160156,174.96231079101562,71.23340606689453
2020-12-15,99.29875946044922,73.75598907470703,173.94000244140625,35.380001068115234,78.8393325805664,342.0487060546875,182.3157196044922,296.9621276855469,121.7990493774414,341.72308349609375,312.94921875,177.3610382080078,73.10784149169922
2020-12-16,99.25667572021484,73.68070220947266,174.89999389648438,35.560001373291016,78.93213653564453,342.59521484375,181.6602020263672,298.5953369140625,122.45518493652344,342.25946044921875,313.4282531738281,177.6101837158203,72.77460479736328
2020-12-17,99.25247955322266,73.69745635986328,176.74000549316406,35.939998626708984,79.51696014404297,344.5030517578125,183.82351684570312,300.54742431640625,123.27535247802734,344.17333984375,315.1329040527344,179.0032958984375,73.61597442626953
2020-12-18,99.20191955566406,73.67237854003906,176.44000244140625,35.86000061035156,79.33131408691406,343.1415710449219,182.93380737304688,299.6390686035156,122.95692443847656,342.799072265625,313.87060546875,178.49586486816406,73.11394500732422
2020-12-21,99.20191955566406,73.68070220947266,175.8800048828125,35.779998779296875,79.12708282470703,342.01171875,182.84019470214844,299.0784912109375,122.63410186767578,341.57342529296875,312.9030456542969,177.97918701171875,73.20226287841797
2020-12-22,99.34512329101562,73.79776763916016,174.49000549316406,35.52000045776367,79.14566040039062,341.3541259765625,184.91920471191406,299.8916931152344,122.97238159179688,340.9977111816406,312.2860107421875,178.01611328125,74.07616424560547
2020-12-23,99.2777328491211,73.71475219726562,175.64999389648438,35.720001220703125,79.22920989990234,341.65045166015625,186.49249267578125,298.38140869140625,122.41184997558594,341.30413818359375,312.53570556640625,178.32057189941406,74.72692108154297
2020-12-24,99.37036895751953,73.8405990600586,176.35000610351562,35.84000015258789,79.39629364013672,342.9748840332031,186.3707275390625,299.6980285644531,122.924072265625,342.6319580078125,313.7846984863281,178.61886596679688,74.67113494873047
2020-12-28,99.38721466064453,73.81539916992188,175.7100067138672,35.7400016784668,79.81402587890625,345.9572448730469,185.67774963378906,302.71868896484375,124.17076873779297,345.57537841796875,316.5140380859375,179.74896240234375,74.3829345703125
2020-12-29,99.40406799316406,73.8405990600586,176.35000610351562,35.81999969482422,79.51696014404297,345.2903137207031,182.0815887451172,302.98968505859375,124.31576538085938,344.9161071777344,315.84796142578125,178.9986572265625,72.88616180419922
2020-12-30,99.46300506591797,73.89095306396484,177.6999969482422,36.099998474121094,79.7118911743164,345.7442321777344,183.93588256835938,302.9993896484375,124.2191162109375,345.4082946777344,316.2735595703125,179.4803466796875,73.66710662841797
2020-12-31,99.53880310058594,73.99163055419922,178.36000061035156,36.2599983215332,80.03682708740234,347.6800231933594,183.6080780029297,303.7449035644531,124.58635711669922,347.16314697265625,317.9758605957031,180.3048095703125,73.5694808959961
2021-01-04,99.41249084472656,73.89095306396484,182.3300018310547,37.099998474121094,79.01570892333984,342.89154052734375,181.2106475830078,299.45599365234375,122.8177261352539,342.43695068359375,313.6644287109375,177.73883056640625,72.5003662109375
2021-01-05,99.31143951416016,73.76508331298828,182.8699951171875,37.18000030517578,79.60980987548828,345.16070556640625,184.0107879638672,301.9248046875,123.79869079589844,344.79541015625,315.7276611328125,179.17469787597656,73.67173767089844
2021-01-06,98.8229751586914,73.43787384033203,179.89999389648438,36.599998474121094,80.33387756347656,347.2445983886719,191.54019165039062,297.74237060546875,122.0929183959961,346.8567810058594,317.642822265625,180.7864990234375,76.72569274902344
2021-01-07,98.72190856933594,73.28683471679688,179.47999572753906,36.47999954223633,81.55918884277344,352.385009765625,194.9490203857422,304.94537353515625,125.11792755126953,352.0102233886719,322.38897705078125,183.68601989746094,78.11556243896484
2021-01-08,98.60398864746094,73.21973419189453,173.33999633789062,35.2599983215332,81.9490737915039,354.394775390625,194.5275421142578,308.8663330078125,126.7415542602539,354.0158996582031,324.2023620605469,184.5752716064453,77.93429565429688
2021-01-11,98.4439697265625,73.14421081542969,173.0,35.15999984741211,81.51277160644531,352.0793151855469,194.3590087890625,304.40325927734375,124.84729766845703,351.62945556640625,322.0836486816406,183.47293090820312,77.80411529541016
2021-01-12,98.52814483642578,73.12743377685547,174.1199951171875,35.36000061035156,81.75411987304688,352.1348571777344,197.84274291992188,303.9191589355469,124.80866241455078,351.70379638671875,322.1114196777344,184.121337890625,79.26836395263672
2021-01-13,98.83979034423828,73.3204116821289,173.3699951171875,35.2400016784668,81.82840728759766,353.0240478515625,196.42864990234375,305.9716491699219,125.48518371582031,352.6509094238281,322.9163513183594,184.32516479492188,78.7012710571289
2021-01-14,98.64608001708984,73.22811889648438,173.27999877929688,35.220001220703125,81.81909942626953,351.8013916015625,200.35255432128906,304.3355712890625,124.80866241455078,351.41583251953125,321.82464599609375,184.14918518066406,80.22591400146484
2021-01-15,98.74712371826172,73.28683471679688,171.1300048828125,34.79999923706055,81.13217163085938,349.2637023925781,197.3651123046875,301.9248046875,123.80354309082031,348.8531799316406,319.5301513671875,182.546630859375,79.0126953125
2021-01-19,98.88188171386719,73.38753509521484,172.5800018310547,35.099998474121094,81.81909942626953,351.9959411621094,199.89370727539062,306.329833984375,125.66881561279297,351.5923156738281,322.05596923828125,184.21397399902344,80.0539321899414
2021-01-20,98.89031982421875,73.3791732788086,175.38999938964844,35.65999984741211,82.8309555053711,356.8398742675781,200.77398681640625,313.455322265625,128.6068572998047,356.4580078125,326.4320068359375,186.5391845703125,80.48159790039062
2021-01-21,98.74712371826172,73.27845001220703,175.27999877929688,35.63999938964844,82.7567138671875,357.1546936035156,199.03207397460938,315.96282958984375,129.650634765625,356.7828369140625,326.7372741699219,186.40020751953125,79.76107788085938
2021-01-22,98.74712371826172,73.31202697753906,173.89999389648438,35.380001068115234,82.66385650634766,355.94146728515625,201.34524536132812,315.05279541015625,129.2930145263672,355.52008056640625,325.5716247558594,186.0945281982422,80.7000503540039
2021-01-25,98.99980163574219,73.47985076904297,174.0500030517578,35.380001068115234,82.93305969238281,357.3585510253906,201.1485595703125,317.65704345703125,130.11456298828125,356.92218017578125,326.89453125,186.62254333496094,80.5280532836914
2021-01-26,98.96614074707031,73.47142791748047,173.6199951171875,35.29999923706055,82.65460205078125,356.83050537109375,199.75318908691406,318.1217956542969,130.5107879638672,356.3650207519531,326.4042053222656,185.94630432128906,80.04463195800781
2021-01-27,98.9745101928711,73.47142791748047,172.52000427246094,35.099998474121094,80.59378051757812,348.1245422363281,196.09153747558594,309.25360107421875,127.0411376953125,347.6553649902344,318.48468017578125,181.48129272460938,78.51067352294922
2021-01-28,98.90717315673828,73.41270446777344,172.67999267578125,35.099998474121094,81.32711791992188,351.0697937011719,195.46409606933594,311.0834045410156,127.65001678466797,350.645263671875,321.158447265625,182.9078826904297,78.42699432373047
2021-01-29,98.79768371582031,73.35397338867188,172.61000061035156,35.099998474121094,79.82331848144531,344.09552001953125,192.5047607421875,304.5386657714844,125.03095245361328,343.62542724609375,314.7284240722656,179.7026824951172,77.16264343261719
2021-02-01,98.89216613769531,73.37833404541016,174.22999572753906,35.41999816894531,81.19717407226562,349.7267761230469,197.23403930664062,312.14837646484375,128.09458923339844,349.34527587890625,319.9002380371094,182.7689208984375,79.09172058105469
2021-02-02,98.74028778076172,73.2859115600586,172.11000061035156,34.97999954223633,82.32039642333984,354.6911315917969,200.04351806640625,317.2408142089844,130.19671630859375,354.28509521484375,324.4984436035156,185.39047241210938,80.06787872314453
2021-02-03,98.6221923828125,73.15985870361328,171.85000610351562,34.91999816894531,82.47819519042969,354.96905517578125,200.64285278320312,315.9823303222656,129.71826171875,354.5635986328125,324.8221435546875,185.66836547851562,80.3467788696289
2021-02-04,98.58003234863281,73.17668151855469,168.14999389648438,34.18000030517578,83.44361877441406,358.9886169433594,204.7353057861328,319.71923828125,131.10028076171875,358.593505859375,328.4581298828125,188.0212860107422,81.98297882080078
2021-02-05,98.45347595214844,73.0758285522461,169.80999755859375,34.540000915527344,83.94487762451172,360.3963928222656,207.5728759765625,320.80352783203125,131.6222381591797,360.0049133300781,329.7719421386719,189.07733154296875,83.23806762695312
2021-02-08,98.55474090576172,73.15985870361328,171.52000427246094,34.900001525878906,84.68750762939453,363.1101989746094,212.87339782714844,322.952880859375,132.44371032714844,362.6048583984375,332.2052307128906,190.7725830078125,85.32981872558594
2021-02-09,98.596923828125,73.12623596191406,172.0800018310547,34.97999954223633,84.78034210205078,362.80450439453125,213.87539672851562,322.8851013183594,132.41470336914062,362.3634033203125,331.9368591308594,190.8466796875,85.73423767089844
2021-02-10,98.6896743774414,73.24388122558594,172.7100067138672,35.13999938964844,84.75249481201172,362.6562805175781,212.47071838378906,322.1492614746094,132.08609008789062,362.2055969238281,331.8072814941406,190.76333618164062,85.17176055908203
2021-02-11,98.57159423828125,73.16825866699219,171.2100067138672,34.81999969482422,84.94742584228516,363.2676086425781,212.2272186279297,323.92095947265625,132.829345703125,362.7905578613281,332.3439025878906,191.21722412109375,85.0927505493164
2021-02-12,98.34384155273438,72.97498321533203,170.69000244140625,34.720001220703125,85.30017852783203,365.08294677734375,212.82656860351562,325.7313537597656,133.6517333984375,364.5826721191406,334.03704833984375,192.20838928222656,85.32049560546875
2021-02-16,97.87987518310547,72.63043212890625,168.24000549316406,34.20000076293945,85.23522186279297,364.7957458496094,211.4873809814453,324.8503723144531,133.2845001220703,364.2669677734375,333.72247314453125,191.86566162109375,84.7719955444336
2021-02-17,98.07389068603516,72.78169250488281,166.3300018310547,33.84000015258789,85.1052474975586,364.8421325683594,209.82980346679688,323.29168701171875,132.62730407714844,364.3504943847656,333.7965087890625,191.4673309326172,84.14448547363281
2021-02-18,98.02328491210938,72.73969268798828,166.32000732421875,33.81999969482422,84.61326599121094,363.29541015625,206.5802001953125,321.8782958984375,132.0667724609375,362.79986572265625,332.3717041015625,190.36500549316406,82.81040954589844
2021-02-19,97.71961212158203,72.48756408691406,167.00999450683594,33.959999084472656,84.75249481201172,362.6099548339844,210.8880157470703,320.47442626953125,131.3999481201172,362.15911865234375,331.76104736328125,190.8003692626953,84.43268585205078
2021-02-22,97.4158935546875,72.28589630126953,169.50999450683594,34.459999084472656,83.96345520019531,359.8499755859375,209.52076721191406,312.16778564453125,128.10427856445312,359.3735656738281,329.1520690917969,188.9847412109375,83.9910888671875
2021-02-23,97.44120788574219,72.26909637451172,169.1199951171875,34.400001525878906,83.88920593261719,360.2296447753906,207.67587280273438,311.2383728027344,127.72735595703125,359.8099670410156,329.5683898925781,188.9569091796875,83.26128387451172
2021-02-24,97.407470703125,72.22705841064453,169.0,34.36000061035156,84.8917465209961,364.1845397949219,212.5831298828125,313.8039245605469,128.77114868164062,363.7748107910156,333.21356201171875,191.0782470703125,85.1624755859375
2021-02-25,96.5132827758789,71.59680938720703,165.82000732421875,33.720001220703125,82.64527893066406,355.4505615234375,204.72593688964844,302.86383056640625,124.2191162109375,355.0093994140625,325.2200622558594,186.0852508544922,82.08061218261719
2021-02-26,97.29779815673828,72.21864318847656,161.80999755859375,32.880001068115234,82.3482437133789,353.5889587402344,204.4449920654297,304.1322326660156,125.36920928955078,353.18017578125,323.4344482421875,185.34414672851562,81.83891296386719
2021-03-01,97.24711608886719,72.1252670288086,161.52999877929688,32.84000015258789,84.44617462158203,362.1654357910156,211.71214294433594,313.2810363769531,128.50054931640625,361.74127197265625,331.3262634277344,190.1055908203125,84.86033630371094
2021-03-02,97.26400756835938,72.11685180664062,162.41000366210938,33.02000045776367,83.6107177734375,359.3775634765625,207.63839721679688,308.2564392089844,126.41297149658203,358.91851806640625,328.7635192871094,188.31776428222656,83.18228912353516
2021-03-03,96.90912628173828,71.88959503173828,160.6199951171875,32.68000030517578,82.4410629272461,354.5799255371094,205.39088439941406,299.310791015625,122.78875732421875,354.1644287109375,324.4244079589844,185.60354614257812,82.31303405761719
2021-03-04,96.63030242919922,71.66236877441406,159.0399932861328,32.34000015258789,81.13217163085938,350.18994140625,199.6501922607422,294.4119567871094,120.72053527832031,349.78173828125,320.4276123046875,182.66702270507812,80.14688110351562
2021-03-05,96.56267547607422,71.6202621459961,159.13999938964844,32.36000061035156,82.6174545288086,356.6454162597656,203.8831024169922,298.84613037109375,122.7210922241211,356.2164306640625,326.302490234375,185.9647979736328,81.73664093017578
2021-03-08,96.18245697021484,71.29205322265625,157.49000549316406,32.040000915527344,82.19043731689453,354.9041442871094,204.8477020263672,290.3844909667969,119.11620330810547,354.4429931640625,324.701904296875,185.05697631835938,82.1038589477539
2021-03-09,96.54579162597656,71.52774810791016,160.83999633789062,32.720001220703125,83.50859832763672,359.9055480957031,209.155517578125,301.837646484375,123.93883514404297,359.5035705566406,329.2445983886719,187.92868041992188,83.70752716064453
2021-03-10,96.70631408691406,71.66236877441406,161.66000366210938,32.86000061035156,84.01913452148438,362.10980224609375,212.78909301757812,300.97601318359375,123.41695404052734,361.74127197265625,331.2799072265625,189.27191162109375,85.28799438476562
2021-03-11,96.69788360595703,71.67079162597656,161.52000427246094,32.86000061035156,85.17024230957031,365.8330993652344,217.4715576171875,307.90789794921875,126.3936538696289,365.4090881347656,334.77716064453125,191.7452392578125,87.18451690673828
2021-03-12,96.1486587524414,71.2415771484375,161.49000549316406,32.880001068115234,85.35589599609375,366.4073181152344,218.75454711914062,305.4100646972656,125.27257537841797,365.9012145996094,335.2489929199219,192.1250457763672,87.7887954711914
2021-03-15,96.25005340576172,71.3257064819336,162.1999969482422,32.97999954223633,85.94070434570312,368.63018798828125,219.53182983398438,308.6727294921875,126.64490509033203,368.08331298828125,337.19189453125,193.46826171875,88.02120971679688
2021-03-16,96.21625518798828,71.31729125976562,162.35000610351562,33.02000045776367,85.58794403076172,368.11151123046875,215.86082458496094,310.3669738769531,127.311767578125,367.6189880371094,336.8125305175781,192.69009399414062,86.54769134521484
2021-03-17,96.20780944824219,71.29205322265625,163.50999450683594,33.2400016784668,85.94070434570312,369.3155517578125,217.55584716796875,311.6449279785156,127.8239974975586,368.87255859375,337.9134826660156,193.42193603515625,87.21240234375
2021-03-18,95.83601379394531,70.99752044677734,162.55999755859375,33.060001373291016,84.4183120727539,363.9252014160156,210.93482971191406,302.09906005859375,123.96782684326172,363.5055847167969,332.9452819824219,189.90184020996094,84.59537506103516
2021-03-19,95.91206359863281,71.05640411376953,163.24000549316406,33.220001220703125,84.47401428222656,363.2491149902344,212.5269012451172,303.16400146484375,124.46076965332031,362.83294677734375,332.3531494140625,190.14263916015625,85.12992858886719
2021-03-22,96.09796142578125,71.25837707519531,163.0,33.13999938964844,84.91030883789062,366.1202087402344,210.92552185058594,308.849365234375,126.741455078125,365.7301330566406,334.980712890625,191.17092895507812,84.54888153076172
2021-03-23,96.34298706054688,71.41831970214844,161.80999755859375,32.880001068115234,83.97274017333984,363.2676086425781,203.27438354492188,307.501953125,126.08344268798828,362.8515625,332.519775390625,188.99400329589844,81.56464385986328
2021-03-24,96.46131134033203,71.52774810791016,162.3699951171875,33.0,83.23941040039062,361.406005859375,198.57315063476562,302.3157958984375,124.05140686035156,361.00689697265625,330.67864990234375,187.428466796875,79.55656433105469
2021-03-25,96.4106216430664,71.47722625732422,161.77999877929688,32.880001068115234,83.84104919433594,363.469970703125,203.28134155273438,301.7923889160156,123.83854675292969,363.03790283203125,332.5382080078125,188.81515502929688,81.38336944580078
2021-03-26,96.25005340576172,71.3509521484375,162.24000549316406,33.0,85.25672149658203,369.35247802734375,206.9874267578125,306.31927490234375,125.73511505126953,368.88824462890625,337.963134765625,191.90090942382812,82.82918548583984
2021-03-29,96.08950805664062,71.25837707519531,160.30999755859375,32.599998474121094,84.81896209716797,369.16650390625,201.16087341308594,306.2320861816406,125.46418762207031,368.7018737792969,337.75897216796875,190.99935913085938,80.64996337890625
2021-03-30,96.16554260253906,71.33416748046875,157.57000732421875,32.040000915527344,84.84693145751953,368.2558288574219,204.54800415039062,304.6907653808594,125.02874755859375,367.72381591796875,336.8953857421875,190.943603515625,82.03292083740234
2021-03-31,96.18245697021484,71.30046844482422,159.9600067138672,32.52000045776367,85.3125991821289,369.6963195800781,207.29708862304688,309.3533935546875,126.9737319946289,369.2142639160156,338.23236083984375,192.10536193847656,83.01080322265625
2021-04-01,96.50572204589844,71.52992248535156,161.97999572753906,32.91999816894531,86.39298248291016,373.6551208496094,209.92416381835938,314.6268005371094,129.07347106933594,373.2014465332031,341.81610107421875,194.5126495361328,84.10505676269531
2021-04-05,96.31108856201172,71.42024230957031,161.9199981689453,32.900001525878906,87.4267807006836,379.01727294921875,211.0781707763672,320.9082336425781,131.69577026367188,378.55810546875,346.7461853027344,196.78041076660156,84.53345489501953
2021-04-06,96.64957427978516,71.67333221435547,163.22000122070312,33.220001220703125,87.39883422851562,378.7849426269531,210.458984375,320.685302734375,131.49745178222656,378.3344421386719,346.5513000488281,196.8547821044922,84.27734375
2021-04-07,96.49725341796875,71.5889663696289,162.75999450683594,33.099998474121094,87.3336410522461,379.25885009765625,207.06251525878906,321.4608154296875,131.86029052734375,378.7723083496094,346.9875793457031,196.68746948242188,83.00146484375
2021-04-08,96.73419189453125,71.74925994873047,164.50999450683594,33.459999084472656,87.87384033203125,381.02459716796875,208.81698608398438,324.8147888183594,133.2246551513672,380.5703125,348.67742919921875,197.83071899414062,83.70928955078125
2021-04-09,96.62416076660156,71.65641784667969,163.27000427246094,33.220001220703125,88.4512939453125,383.78460693359375,208.84515380859375,326.7825012207031,134.01809692382812,383.33709716796875,351.1841735839844,199.0297088623047,83.72325134277344
2021-04-12,96.59882354736328,71.63957977294922,162.27999877929688,33.0,88.46990966796875,383.9425354003906,208.02890014648438,326.3560791015625,133.91168212890625,383.4768371582031,351.3420104980469,199.08544921875,83.31812286376953
2021-04-13,96.8780746459961,71.82514953613281,163.42999267578125,33.220001220703125,88.68411254882812,385.06695556640625,207.4846954345703,330.1656188964844,135.4405517578125,384.6133117675781,352.2983093261719,199.64309692382812,83.17843627929688
2021-04-14,96.80187225341797,71.77450561523438,162.72000122070312,33.099998474121094,88.54443359375,383.78460693359375,209.5301055908203,326.2009582519531,133.78585815429688,383.29986572265625,351.1656188964844,199.1969757080078,83.9886245727539
2021-04-15,97.18269348144531,72.07820129394531,165.35000610351562,33.63999938964844,89.41058349609375,387.9107666015625,210.44020080566406,331.1446533203125,135.7985382080078,387.41748046875,354.93511962890625,201.31614685058594,84.3285903930664
2021-04-16,96.9288558959961,71.88419342041016,166.35000610351562,33.81999969482422,89.63410949707031,389.2767639160156,210.77796936035156,331.5324401855469,136.0404510498047,388.7122497558594,356.17926025390625,201.82728576660156,84.54276275634766
2021-04-19,96.85271453857422,71.84201049804688,165.88999938964844,33.7400016784668,89.13116455078125,387.3717346191406,208.0382537841797,328.4984130859375,134.81161499023438,386.80255126953125,354.4244384765625,200.5074462890625,83.40194702148438
2021-04-20,97.00501251220703,71.96009826660156,166.47999572753906,33.86000061035156,88.2929458618164,384.5559387207031,203.7786407470703,326.10400390625,133.77618408203125,383.9705810546875,351.8248596191406,198.66722106933594,81.60919189453125
2021-04-21,97.09809112548828,72.0360107421875,168.1300048828125,34.20000076293945,89.31744384765625,388.15228271484375,208.7607421875,328.8957214355469,134.88894653320312,387.60369873046875,355.130126953125,201.03724670410156,83.66735076904297
2021-04-22,97.12348175048828,72.06977844238281,167.0399932861328,34.0,88.55374145507812,384.70452880859375,207.89756774902344,324.93109130859375,133.37945556640625,384.0636901855469,351.8711853027344,199.46652221679688,83.37865447998047
2021-04-23,97.10657501220703,72.07820129394531,166.39999389648438,33.81999969482422,89.68067169189453,388.7377624511719,211.8194122314453,329.0218811035156,134.98574829101562,388.2279052734375,355.6221923828125,201.8831024169922,84.89667510986328
2021-04-26,97.02192687988281,72.02758026123047,166.83999633789062,33.939998626708984,89.97870635986328,389.611328125,214.02430725097656,331.1640930175781,135.8566436767578,389.038330078125,356.3926696777344,202.6173095703125,85.8000259399414
2021-04-27,96.78498840332031,71.84201049804688,166.4199981689453,33.84000015258789,89.99736022949219,389.49053955078125,214.3433380126953,329.7294616699219,135.16958618164062,388.95452880859375,356.2813415527344,202.5243682861328,85.91177368164062
2021-04-28,96.83574676513672,71.87576293945312,166.91000366210938,33.939998626708984,89.9507827758789,389.341796875,214.70925903320312,328.6146240234375,134.74386596679688,388.84271240234375,356.1141662597656,202.4964599609375,86.1352767944336
2021-04-29,96.78498840332031,71.81671905517578,166.22000122070312,33.79999923706055,90.3605728149414,391.8044738769531,213.91172790527344,329.7972717285156,135.26637268066406,391.32080078125,358.4910583496094,203.26792907714844,85.73480224609375
2021-04-30,96.88652801513672,71.91795349121094,165.66000366210938,33.70000076293945,89.68067169189453,389.2674560546875,211.0031280517578,327.6356201171875,134.33741760253906,388.7495422363281,356.12347412109375,201.78079223632812,84.5986557006836
2021-05-03,96.94841003417969,71.9356918334961,167.80999755859375,34.13999938964844,89.7831039428711,390.10382080078125,212.0352325439453,325.8907775878906,133.6697540283203,389.5880126953125,356.9312744140625,202.13401794433594,84.99909973144531
2021-05-04,97.06707000732422,72.02863311767578,166.5800018310547,33.880001068115234,89.09391784667969,387.734130859375,209.501953125,320.0261535644531,131.41514587402344,387.1845397949219,354.7586669921875,200.61903381347656,83.91879272460938
2021-05-05,97.14332580566406,72.07083129882812,167.27000427246094,34.040000915527344,89.0101089477539,387.7899475097656,208.66690063476562,318.9501037597656,130.85391235351562,387.3056335449219,354.82366943359375,200.58187866210938,83.64873504638672
2021-05-06,97.16027069091797,72.10462188720703,170.05999755859375,34.599998474121094,89.56888580322266,390.9401550292969,208.84515380859375,321.35418701171875,131.84092712402344,390.39849853515625,357.711181640625,201.604248046875,83.68597412109375
2021-05-07,97.1348876953125,72.11309814453125,171.58999633789062,34.900001525878906,90.31401824951172,393.7746276855469,211.47227478027344,323.9617614746094,132.9827423095703,393.2398376464844,360.2643127441406,203.3144073486328,84.70106506347656
2021-05-10,96.9822769165039,71.94412231445312,172.11000061035156,35.040000915527344,89.22432708740234,389.9458312988281,206.09608459472656,315.78033447265625,129.60569763183594,389.3458251953125,356.7362976074219,200.92572021484375,82.6429214477539
2021-05-11,96.77042388916016,71.8005142211914,172.13999938964844,35.040000915527344,88.51648712158203,386.4702453613281,205.4393310546875,315.34405517578125,129.4218292236328,385.8710021972656,353.6073913574219,199.30853271484375,82.32628631591797
2021-05-12,96.43140411376953,71.54707336425781,170.42999267578125,34.68000030517578,86.55132293701172,378.208740234375,198.76837158203125,307.1820373535156,126.04473876953125,377.6731262207031,346.0591735839844,194.8193359375,79.71867370605469
2021-05-13,96.65178680419922,71.69068908691406,171.1300048828125,34.84000015258789,87.51991271972656,382.69732666015625,202.4275360107422,309.5569763183594,126.9737319946289,382.2099304199219,350.172119140625,196.96633911132812,81.0783462524414
2021-05-14,96.87213134765625,71.85964965820312,172.69000244140625,35.119998931884766,89.01942443847656,388.6077575683594,207.3721160888672,316.3910217285156,129.84756469726562,388.0787658691406,355.5478515625,200.33090209960938,82.9968490600586
2021-05-17,96.787353515625,71.79206085205078,174.6999969482422,35.560001373291016,88.7586441040039,387.67840576171875,207.65359497070312,314.4715881347656,128.9863739013672,387.0912780761719,354.6936950683594,199.90333557128906,83.18309020996094
2021-05-18,96.66870880126953,71.71600341796875,175.0399932861328,35.599998474121094,88.13461303710938,384.3421325683594,206.07733154296875,312.3487548828125,128.07681274414062,383.7563171386719,351.6297912597656,198.34188842773438,82.59637451171875
2021-05-19,96.53311157226562,71.63999938964844,175.16000366210938,35.63999938964844,87.87384033203125,383.30126953125,204.49169921875,312.7073974609375,128.35745239257812,382.75018310546875,350.701416015625,197.7656707763672,81.93516540527344
2021-05-20,96.86365509033203,71.87654113769531,175.9600067138672,35.79999923706055,88.81450653076172,387.3531188964844,205.85214233398438,318.7562561035156,130.74749755859375,386.86767578125,354.4429626464844,199.91265869140625,82.47529602050781
2021-05-21,96.906005859375,71.89344024658203,176.0399932861328,35.84000015258789,88.7772445678711,387.1300354003906,206.386962890625,316.991943359375,129.98306274414062,386.5510559082031,354.1737365722656,199.80111694335938,82.7360610961914
2021-05-24,96.99927520751953,71.9779281616211,176.35000610351562,35.880001068115234,89.61547088623047,391.0238037109375,207.72865295410156,322.32354736328125,132.20860290527344,390.4915771484375,357.74822998046875,201.81800842285156,83.2482681274414
2021-05-25,97.2365493774414,72.16376495361328,177.9499969482422,36.20000076293945,89.34539031982422,390.1781921386719,205.72076416015625,322.7693786621094,132.460205078125,389.625244140625,356.9961853027344,201.2603302001953,82.47529602050781
2021-05-26,97.20267486572266,72.13843536376953,177.63999938964844,36.13999938964844,89.7179183959961,390.89373779296875,209.55825805664062,323.8938293457031,132.89566040039062,390.39849853515625,357.6461486816406,201.9852752685547,84.0119400024414
2021-05-27,97.08399963378906,72.03704833984375,177.7100067138672,36.15999984741211,89.91352081298828,391.0981750488281,211.71621704101562,322.68218994140625,132.460205078125,390.6034240722656,357.803955078125,202.35708618164062,84.82217407226562
2021-05-28,97.08399963378906,72.02863311767578,178.3800048828125,36.2599983215332,90.08116149902344,391.8415832519531,211.5754852294922,323.6999816894531,132.78921508789062,391.30218505859375,358.5002746582031,202.7009735107422,84.84078216552734
2021-06-01,97.03900146484375,72.02352142333984,177.89999389648438,36.20000076293945,90.11841583251953,391.53497314453125,213.9774169921875,322.6240539550781,132.3828125,390.9574279785156,358.22174072265625,202.7845916748047,85.7720718383789
2021-06-02,97.16633605957031,72.09970092773438,178.77000427246094,36.369998931884766,90.22086334228516,392.18548583984375,214.23072814941406,323.2541198730469,132.595703125,391.572265625,358.8252868652344,203.0541534423828,85.8652114868164
2021-06-03,96.93717193603516,71.96429443359375,175.27000427246094,35.63999938964844,89.79244995117188,390.6893310546875,212.43865966796875,319.8903503417969,131.2022705078125,390.1189270019531,357.46044921875,202.15261840820312,85.12017822265625
2021-06-04,97.33610534667969,72.25199127197266,177.16000366210938,36.040000915527344,90.58411407470703,394.2485656738281,213.35818481445312,325.31884765625,133.48593139648438,393.6869812011719,360.7008361816406,203.9092559814453,85.49269104003906
2021-06-07,97.26818084716797,72.20120239257812,177.8699951171875,36.189998626708984,90.68655395507812,393.91400146484375,216.2198028564453,326.2881774902344,133.85362243652344,393.30499267578125,360.39434814453125,204.0765380859375,86.6102523803711
2021-06-08,97.44642639160156,72.33659362792969,177.32000732421875,36.06999969482422,90.7796859741211,393.9325866699219,218.5091552734375,326.443359375,133.87298583984375,393.3889465332031,360.4500427246094,204.49473571777344,87.56016540527344
2021-06-09,97.64163208007812,72.48046112060547,176.97999572753906,36.0099983215332,90.56546020507812,393.30072021484375,217.05487060546875,326.5208740234375,133.9890594482422,392.80194091796875,359.88372802734375,203.9185333251953,87.0293197631836
2021-06-10,97.84532928466797,72.63274383544922,177.74000549316406,36.15999984741211,90.98184967041016,395.2066650390625,215.44520568847656,329.92333984375,135.34864807128906,394.6278381347656,361.5455627441406,204.820068359375,86.39603424072266
2021-06-11,97.80290985107422,72.6158218383789,175.74000549316406,35.7599983215332,91.26195526123047,395.8590393066406,217.71917724609375,330.7860412597656,135.6824188232422,395.27996826171875,362.1769714355469,205.42422485351562,87.28076171875
2021-06-14,97.55680084228516,72.42964172363281,174.7100067138672,35.54999923706055,91.37398529052734,396.8096618652344,217.0802459716797,333.9559020996094,136.9239044189453,396.16497802734375,363.0867919921875,205.74020385742188,87.00139617919922
2021-06-15,97.59919738769531,72.42964172363281,174.0500030517578,35.40999984741211,91.11257934570312,396.03607177734375,216.46009826660156,331.77484130859375,136.17596435546875,395.4383239746094,362.3255615234375,205.20114135742188,86.7592544555664
2021-06-16,97.28517150878906,72.22660064697266,171.11000061035156,34.81999969482422,90.71112060546875,393.8458251953125,215.9996337890625,330.5632019042969,135.63406372070312,393.2305603027344,360.338623046875,204.17872619628906,86.59160614013672
2021-06-17,97.59071350097656,72.47197723388672,165.85000610351562,33.75,90.63643646240234,393.72467041015625,213.5753173828125,334.7604064941406,137.34677124023438,393.1000671386719,360.2086181640625,203.98358154296875,85.54855346679688
2021-06-18,97.85381317138672,72.7004623413086,164.92999267578125,33.560001373291016,89.44139862060547,388.430908203125,208.72666931152344,332.1334533691406,136.23402404785156,387.7969665527344,355.4272155761719,201.4554901123047,83.56490325927734
2021-06-21,97.59919738769531,72.44660186767578,166.9499969482422,33.970001220703125,90.72044372558594,393.9111022949219,213.19004821777344,334.1976623535156,137.1079559326172,393.34869384765625,360.40362548828125,204.2345428466797,85.3995590209961
2021-06-22,97.70104217529297,72.54816436767578,166.25,33.83000183105469,91.1686019897461,395.784423828125,214.1579132080078,337.3129577636719,138.3966064453125,395.45159912109375,362.3162536621094,205.39633178710938,85.87451934814453
2021-06-23,97.65011596679688,72.49737548828125,166.13999938964844,33.79999923706055,91.17792510986328,395.55145263671875,214.8626708984375,337.4779968261719,138.3966064453125,394.9748840332031,361.92633056640625,205.31268310546875,86.11664581298828
2021-06-24,97.6841049194336,72.53119659423828,166.0399932861328,33.77000045776367,91.74742889404297,397.8441162109375,217.89772033691406,339.5646057128906,139.2491912841797,397.3114929199219,363.9967041015625,206.70645141601562,87.28076171875
2021-06-25,97.48887634277344,72.39583587646484,166.58999633789062,33.880001068115234,92.111572265625,399.30743408203125,218.26422119140625,339.1471862792969,139.15231323242188,398.7228088378906,365.3428955078125,207.48023986816406,87.33665466308594
2021-06-28,97.76895141601562,72.5904312133789,166.5800018310547,33.880001068115234,92.24224853515625,400.1556091308594,216.53521728515625,343.2717590332031,140.85757446289062,399.526611328125,366.104248046875,207.71331787109375,86.78717803955078
2021-06-29,97.81990051269531,72.62429809570312,164.8300018310547,33.529998779296875,92.29828643798828,400.3326416015625,215.5016326904297,344.5139465332031,141.31295776367188,399.7415771484375,366.2655029296875,207.72264099121094,86.3944091796875
2021-06-30,97.8877944946289,72.67508697509766,165.6300048828125,33.709999084472656,92.2049331665039,400.68682861328125,215.52980041503906,343.970458984375,141.19668579101562,400.0780334472656,366.6007385253906,207.73194885253906,86.36640930175781
2021-07-01,97.83338928222656,72.66827392578125,166.1999969482422,33.810001373291016,92.78376770019531,402.9515380859375,217.42787170410156,344.1064147949219,141.19668579101562,402.2930908203125,368.6689758300781,208.86001586914062,87.14079284667969
2021-07-02,98.0458755493164,72.79537963867188,167.2899932861328,34.040000915527344,93.26925659179688,406.017822265625,215.3606719970703,348.05633544921875,142.78562927246094,405.3680419921875,371.4730529785156,210.0160675048828,86.30110931396484
2021-07-06,98.36032104492188,73.05809020996094,168.1199951171875,34.220001220703125,93.0171890258789,404.9832763671875,212.23155212402344,349.560546875,143.35733032226562,404.62969970703125,370.77435302734375,209.5592498779297,85.06022644042969
2021-07-07,98.5302963256836,73.21063995361328,168.75999450683594,34.34000015258789,93.2225570678711,406.6422119140625,210.25828552246094,350.29815673828125,143.63827514648438,406.05963134765625,372.0506896972656,209.8389129638672,84.2951889038086
2021-07-08,98.64077758789062,73.27843475341797,168.64999389648438,34.33000183105469,92.39163208007812,403.3802490234375,208.3225860595703,348.1824645996094,142.85348510742188,402.7510986328125,369.08819580078125,208.06759643554688,83.51148223876953
2021-07-09,98.31779479980469,73.04961395263672,169.2100067138672,34.43000030517578,93.50264739990234,407.6675109863281,212.72019958496094,350.3563232421875,143.72544860839844,407.05035400390625,372.98223876953125,210.5847625732422,85.24684143066406
2021-07-12,98.25835418701172,73.02423095703125,169.0,34.400001525878906,93.78274536132812,409.17730712890625,212.8987274169922,351.7247619628906,144.31651306152344,408.5083923339844,374.3330383300781,211.17208862304688,85.35877227783203
2021-07-13,98.0458755493164,72.79537963867188,169.22000122070312,34.45000076293945,93.25057220458984,407.7420349121094,208.88638305664062,351.7247619628906,144.30682373046875,407.1158142089844,373.0660400390625,209.99745178222656,83.772705078125
2021-07-14,98.3773422241211,73.0411605834961,171.0399932861328,34.79999923706055,93.17589569091797,408.2825927734375,205.66334533691406,352.35552978515625,144.5393524169922,407.7232971191406,373.5784606933594,209.7084197998047,82.49451446533203
2021-07-15,98.5898208618164,73.21913146972656,171.07000732421875,34.810001373291016,92.85845947265625,406.8846435546875,204.4982147216797,349.8808288574219,143.5316925048828,406.3306884765625,372.3766784667969,208.97190856933594,81.98139190673828
2021-07-16,98.50481414794922,73.15132141113281,169.41000366210938,34.47999954223633,92.09288787841797,403.80902099609375,201.97987365722656,347.04693603515625,142.38841247558594,403.1435546875,369.4794006347656,207.3311004638672,80.99240112304688
2021-07-19,99.02323150634766,73.5665512084961,169.61000061035156,34.5,90.86981964111328,397.7788391113281,198.95419311523438,344.2035217285156,141.24513244628906,397.1900634765625,363.9551086425781,204.38502502441406,79.73290252685547
2021-07-20,98.92977905273438,73.49029541015625,169.38999938964844,34.470001220703125,92.29828643798828,403.548095703125,205.12774658203125,348.20184326171875,142.8728485107422,402.8819274902344,369.09747314453125,207.91842651367188,82.15862274169922
2021-07-21,98.60678100585938,73.25298309326172,168.75999450683594,34.34000015258789,93.19456481933594,406.8193664550781,208.66087341308594,350.8901062011719,143.89988708496094,406.14385986328125,372.19970703125,209.7830352783203,83.63277435302734
2021-07-22,98.8362808227539,73.4140396118164,169.08999633789062,34.40999984741211,93.21324157714844,407.70477294921875,205.3438720703125,353.20965576171875,144.91722106933594,406.99432373046875,372.9914855957031,209.96017456054688,82.28926086425781
2021-07-23,98.76831817626953,73.32930755615234,168.55999755859375,34.290000915527344,94.14686584472656,411.7217102050781,206.3023681640625,357.33416748046875,146.515869140625,411.181396484375,376.71795654296875,212.0577850341797,82.69046020507812
2021-07-26,98.68328094482422,73.28691864013672,168.16000366210938,34.22999954223633,94.33358001708984,412.8214416503906,206.9037322998047,357.61566162109375,146.7193603515625,412.1907958984375,377.6775207519531,212.4866180419922,82.9423599243164
2021-07-27,98.9127426147461,73.47335052490234,168.44000244140625,34.290000915527344,93.82940673828125,410.9388122558594,204.48878479003906,353.67547607421875,145.14007568359375,410.3122863769531,376.0005798339844,211.3398895263672,81.96270751953125
2021-07-28,99.00624084472656,73.54115295410156,169.2899932861328,34.439998626708984,93.99748992919922,410.7151184082031,207.4957275390625,355.03411865234375,145.6632537841797,410.1440734863281,375.795654296875,211.6661834716797,83.22225189208984
2021-07-29,98.84477233886719,73.4140396118164,171.1699981689453,34.83000183105469,94.38961029052734,412.5419006347656,209.09312438964844,355.6649169921875,145.9151611328125,411.84503173828125,377.4165954589844,212.59849548339844,83.84735107421875
2021-07-30,98.98078155517578,73.52418518066406,169.82000732421875,34.560001373291016,93.88545227050781,410.45416259765625,207.71180725097656,353.8113708496094,145.17881774902344,409.84490966796875,375.5720520019531,211.3398895263672,83.26890563964844
2021-08-02,99.1910171508789,73.69906616210938,169.61000061035156,34.529998779296875,93.76408386230469,409.624755859375,206.67819213867188,353.8404235839844,145.16915893554688,408.9850769042969,374.8081359863281,211.0415496826172,82.8583755493164
2021-08-03,99.22502899169922,73.71601867675781,169.49000549316406,34.4900016784668,94.43626403808594,412.8960266113281,207.53323364257812,355.9851379394531,146.0508270263672,412.31231689453125,377.8357849121094,212.55186462402344,83.20359802246094
2021-08-04,99.21653747558594,73.71601867675781,169.52999877929688,34.5099983215332,93.93212127685547,410.9295349121094,204.94921875,356.4996032714844,146.273681640625,410.28424072265625,376.0285339355469,211.60098266601562,82.13998413085938
2021-08-05,98.99525451660156,73.54627990722656,168.86000061035156,34.349998474121094,94.63233947753906,413.4831237792969,208.63270568847656,358.76080322265625,147.19412231445312,412.88250732421875,378.376220703125,213.11122131347656,83.6234130859375
2021-08-06,98.55265045166016,73.19824981689453,164.63999938964844,33.52000045776367,94.74439239501953,414.2008056640625,209.91065979003906,357.1885986328125,146.55470275878906,413.564697265625,379.02825927734375,213.37229919433594,84.10858154296875
2021-08-09,98.3739013671875,73.06246948242188,161.72000122070312,32.90999984741211,94.66036224365234,413.9118347167969,208.75485229492188,357.8485107421875,146.825927734375,413.2283020019531,378.6649475097656,213.28836059570312,83.67940521240234
2021-08-10,98.2462387084961,72.95211029052734,161.77000427246094,32.93000030517578,94.6883544921875,414.39654541015625,209.16830444335938,356.0143127441406,146.0799102783203,413.7423095703125,379.1401062011719,213.42825317382812,83.82868957519531
2021-08-11,98.33982849121094,73.0030288696289,164.0,33.380001068115234,94.93110656738281,415.3751220703125,210.19252014160156,355.4028625488281,145.81829833984375,414.7703857421875,380.0530090332031,213.8477783203125,84.23921203613281
2021-08-12,98.3483657836914,73.01152801513672,164.0399932861328,33.38999938964844,95.2112045288086,416.34442138671875,209.6945037841797,356.6839904785156,146.35118103027344,416.0134582519531,381.16162109375,214.44442749023438,84.03394317626953
2021-08-13,98.70584869384766,73.30012512207031,166.38999938964844,33.869998931884766,95.25788879394531,417.3976135253906,207.78700256347656,357.9359130859375,146.85501098632812,416.77056884765625,381.9161682128906,214.5655975341797,83.30620574951172
2021-08-16,98.75692749023438,73.36803436279297,167.22000122070312,34.029998779296875,95.36990356445312,418.4693908691406,205.85133361816406,358.09112548828125,146.9324951171875,417.7519226074219,382.8291931152344,214.6495361328125,82.51316833496094
2021-08-17,98.6803207397461,73.29164123535156,166.97000122070312,33.97999954223633,94.62300109863281,415.6268005371094,203.34237670898438,354.9371032714844,145.6342010498047,415.013427734375,380.3045959472656,213.05532836914062,81.51487731933594
2021-08-18,98.68882751464844,73.274658203125,167.10000610351562,34.02000045776367,93.68938446044922,411.14385986328125,201.5664520263672,351.5209655761719,144.23899841308594,410.47119140625,376.2148742675781,210.92970275878906,80.83380126953125
2021-08-19,98.85905456542969,73.4359359741211,166.61000061035156,33.90999984741211,93.64270782470703,411.7496643066406,199.15155029296875,353.2192687988281,144.91722106933594,411.1066589355469,376.7458190917969,210.77122497558594,79.84484100341797
2021-08-20,98.8675765991211,73.41893768310547,166.6999969482422,33.91999816894531,94.46430206298828,415.0302734375,202.5155029296875,356.8780517578125,146.4189910888672,414.3779296875,379.72698974609375,212.6637420654297,81.21632385253906
2021-08-23,98.8675765991211,73.4359359741211,168.72999572753906,34.33000183105469,95.4166030883789,418.646484375,206.36810302734375,362.2157287597656,148.58934020996094,418.02301025390625,383.0899963378906,214.72409057617188,82.70909881591797
2021-08-24,98.72286987304688,73.29164123535156,168.64999389648438,34.31999969482422,95.6780014038086,419.37335205078125,208.39773559570312,363.3220520019531,149.08348083496094,418.6865539550781,383.6955261230469,215.4886016845703,83.53014373779297
2021-08-25,98.53560638427734,73.17276763916016,167.47999572753906,34.09000015258789,95.99545288085938,420.24957275390625,209.13067626953125,363.7394104003906,149.17063903808594,419.565185546875,384.403564453125,216.10389709472656,83.86601257324219
2021-08-26,98.54410552978516,73.18132019042969,167.6699981689453,34.130001068115234,95.39791870117188,417.7703857421875,206.91311645507812,361.42962646484375,148.30836486816406,417.0882568359375,382.1584167480469,214.6588897705078,82.95167541503906
2021-08-27,98.81651306152344,73.39351654052734,170.19000244140625,34.619998931884766,96.40624237060547,421.4425048828125,212.74838256835938,364.9428405761719,149.72293090820312,420.8175354003906,385.54937744140625,216.9708709716797,85.27483367919922
2021-08-30,98.92713928222656,73.47830963134766,169.35000610351562,34.459999084472656,96.73302459716797,423.3158874511719,211.87451171875,369.0383605957031,151.41847229003906,422.6679992675781,387.3194274902344,217.79132080078125,84.90162658691406
2021-08-31,98.78246307373047,73.38500213623047,169.69000244140625,34.529998779296875,96.54627227783203,422.8591003417969,212.28797912597656,368.73736572265625,151.27316284179688,422.0418395996094,386.6580505371094,217.3811492919922,85.08819580078125
2021-09-01,98.81396484375,73.39775085449219,169.6999969482422,34.54999923706055,96.72367095947266,423.0455322265625,213.7162628173828,369.34881591796875,151.54441833496094,422.2661437988281,387.0679016113281,217.76336669921875,85.66667938232422
2021-09-02,98.91629791259766,73.49976348876953,169.25,34.45000076293945,97.05977630615234,424.31304931640625,215.200927734375,369.1741638183594,151.48629760742188,423.5653381347656,388.22308349609375,218.4998779296875,86.31043243408203
2021-09-03,98.74578857421875,73.34672546386719,171.05999755859375,34.81999969482422,97.00376892089844,424.1267395019531,214.2048797607422,370.3096618652344,151.9416961669922,423.46246337890625,388.073974609375,218.42527770996094,85.89057922363281
2021-09-07,98.48155975341797,73.13418579101562,167.7100067138672,34.130001068115234,96.54627227783203,422.756591796875,212.72962951660156,370.83367919921875,152.15484619140625,421.9483642578125,386.639404296875,217.4836883544922,85.28414916992188
2021-09-08,98.6435317993164,73.25322723388672,167.2899932861328,34.040000915527344,96.34088134765625,422.1974182128906,210.40863037109375,369.5428771972656,151.6413116455078,421.43426513671875,386.2667541503906,216.9708709716797,84.30450439453125
2021-09-09,98.95890808105469,73.51676177978516,168.02999877929688,34.18000030517578,95.99545288085938,420.3148193359375,210.30528259277344,368.2716064453125,151.1084747314453,419.6304626464844,384.5339660644531,216.2157745361328,84.35116577148438
2021-09-10,98.76284790039062,73.33821868896484,167.17999267578125,34.040000915527344,95.22986602783203,417.1086730957031,208.24740600585938,365.47650146484375,149.9844970703125,416.3219909667969,381.5621337890625,214.50033569335938,83.52078247070312
2021-09-13,98.89070129394531,73.44876861572266,167.74000549316406,34.13999938964844,95.44459533691406,418.0779113769531,209.431396484375,365.2242126464844,149.86825561523438,417.3873596191406,382.4565734863281,214.98513793945312,83.9406509399414
2021-09-14,99.11231231689453,73.62728118896484,168.82000732421875,34.369998931884766,94.80973815917969,415.8504638671875,206.76278686523438,364.1858825683594,149.4419403076172,415.13494873046875,380.4722595214844,213.68927001953125,82.89572143554688
2021-09-15,99.01856231689453,73.55928039550781,167.8300018310547,34.15999984741211,95.68732452392578,419.3081970214844,208.63270568847656,366.8934631347656,150.527099609375,418.6023864746094,383.6490173339844,215.45130920410156,83.71673583984375
2021-09-16,98.84808349609375,73.42324829101562,164.02999877929688,33.38999938964844,95.57530975341797,418.52532958984375,208.7830352783203,367.14581298828125,150.63368225097656,417.9388732910156,382.987548828125,215.2555389404297,83.69807434082031
2021-09-17,98.76284790039062,73.32972717285156,163.77000427246094,33.34000015258789,94.82841491699219,414.48974609375,209.0555419921875,362.7980041503906,148.88966369628906,413.86767578125,379.233154296875,213.5307159423828,83.72607421875
2021-09-20,98.95039367675781,73.53377532958984,164.94000244140625,33.58000183105469,93.16656494140625,407.499755859375,204.0847625732422,355.3014221191406,145.87893676757812,406.9667663574219,373.0381164550781,209.82962036132812,81.8414535522461
2021-09-21,98.99298095703125,73.51676177978516,166.0399932861328,33.790000915527344,93.14787292480469,407.2667236328125,204.39483642578125,355.7385559082031,145.92752075195312,406.582275390625,372.6748352050781,209.8109588623047,81.94407653808594
2021-09-22,99.027099609375,73.5932846069336,165.4199981689453,33.650001525878906,94.0908432006836,411.28369140625,207.57086181640625,359.06134033203125,147.3047637939453,410.5484924316406,376.2706604003906,211.92724609375,83.24092102050781
2021-09-23,98.54125213623047,73.20220947265625,163.50999450683594,33.27000045776367,95.25788879394531,416.2140197753906,211.24493408203125,362.37445068359375,148.643310546875,415.5366516113281,380.8169250488281,214.5096435546875,84.70568084716797
2021-09-24,98.37077331542969,73.04918670654297,163.3000030517578,33.25,95.2831802368164,417.0119323730469,210.22610473632812,362.7144775390625,148.82757568359375,416.22113037109375,381.450439453125,214.76596069335938,84.31385040283203
2021-09-27,98.23439025878906,72.96419525146484,163.63999938964844,33.31999969482422,95.12388610839844,415.7022705078125,213.4211883544922,359.8192138671875,147.64425659179688,415.0303649902344,380.3697509765625,214.29833984375,85.58270263671875
2021-09-28,97.82524871826172,72.649658203125,162.0500030517578,32.97999954223633,93.09996032714844,407.4038391113281,208.56729125976562,349.63720703125,143.5996551513672,406.666748046875,372.7679748535156,209.80921936035156,83.63277435302734
2021-09-29,97.89344787597656,72.65812683105469,161.32000732421875,32.849998474121094,93.21241760253906,408.10546875,208.12432861328125,349.0640563964844,143.23104858398438,407.3511657714844,373.35491943359375,209.94947814941406,83.4372787475586
2021-09-30,97.87638854980469,72.6411361694336,164.22000122070312,33.40999984741211,92.18170166015625,403.0535583496094,206.17332458496094,347.78155517578125,142.68788146972656,402.3724365234375,368.62554931640625,207.67689514160156,82.68903350830078
2021-10-01,98.17520141601562,72.8880386352539,164.58999633789062,33.4900016784668,93.36233520507812,407.8529052734375,209.50035095214844,349.93841552734375,143.58023071289062,407.15423583984375,373.0370788574219,210.53871154785156,84.05457305908203
2021-10-04,98.10691833496094,72.83698272705078,165.36000061035156,33.650001525878906,92.05052947998047,402.55767822265625,207.59649658203125,342.5933532714844,140.65098571777344,401.9035339355469,368.447998046875,207.36825561523438,83.2969970703125
2021-10-05,97.87638854980469,72.6581802368164,164.58999633789062,33.5,92.91259002685547,406.77703857421875,208.3128204345703,347.218017578125,142.46481323242188,406.08538818359375,372.0277099609375,209.30419921875,83.54951477050781
2021-10-06,97.91905975341797,72.6922378540039,165.02999877929688,33.59000015258789,93.24988555908203,408.50775146484375,207.22889709472656,349.4428405761719,143.43475341796875,407.7731018066406,373.6820068359375,210.1739501953125,83.11929321289062
2021-10-07,97.64588165283203,72.48789978027344,164.16000366210938,33.400001525878906,94.15876007080078,411.8945007324219,210.42401123046875,352.64898681640625,144.69566345214844,411.298583984375,376.897216796875,212.1940460205078,84.37256622314453
2021-10-08,97.43248748779297,72.30912780761719,164.22999572753906,33.41999816894531,93.90579223632812,411.286376953125,208.8406219482422,350.89056396484375,143.98760986328125,410.5484924316406,376.1868591308594,211.72645568847656,83.74592590332031
2021-10-11,97.27880096435547,72.19845581054688,163.9199981689453,33.36000061035156,93.29673767089844,408.21771240234375,207.64358520507812,348.1993103027344,142.89157104492188,407.576171875,373.44842529296875,210.2019500732422,83.26893615722656
2021-10-12,97.6373519897461,72.46234130859375,164.66000366210938,33.52000045776367,93.20304107666016,407.1886901855469,208.78407287597656,346.9848327636719,142.40660095214844,406.572998046875,372.7007141113281,210.0523681640625,83.75529479980469
2021-10-13,97.85930633544922,72.6581802368164,167.58999633789062,34.11000061035156,93.64342498779297,408.6387939453125,209.7737274169922,349.7634582519531,143.50259399414062,408.0356140136719,373.8970031738281,211.00631713867188,84.13874816894531
2021-10-14,98.04716491699219,72.7859115600586,168.0,34.20000076293945,95.21758270263672,415.6366882324219,212.88397216796875,356.2049560546875,146.1602783203125,414.89910888671875,380.1778564453125,214.513427734375,85.2891616821289
2021-10-15,97.80811309814453,72.60710144042969,165.3300018310547,33.65999984741211,95.75166320800781,418.8269348144531,212.21481323242188,358.4493103027344,147.10110473632812,418.058837890625,383.1407165527344,215.78529357910156,85.064697265625
2021-10-18,97.73979949951172,72.56453704833984,164.9199981689453,33.56999969482422,96.12647247314453,420.0431823730469,212.09226989746094,362.05377197265625,148.56568908691406,419.2966003417969,384.3089599609375,216.57093811035156,85.07404327392578
2021-10-19,97.45807647705078,72.36019897460938,165.4499969482422,33.68000030517578,96.77299499511719,423.34564208984375,212.88397216796875,364.79364013671875,149.62294006347656,422.5313720703125,387.2998352050781,218.15145874023438,85.3639907836914
2021-10-20,97.38978576660156,72.2750473022461,166.89999389648438,33.97999954223633,97.1759033203125,424.9735107421875,214.29771423339844,364.31756591796875,149.47744750976562,424.19091796875,388.8046875,219.0024871826172,85.93451690673828
2021-10-21,97.18490600585938,72.1728515625,166.75,33.95000076293945,97.47573852539062,426.0775146484375,214.84439086914062,366.5424499511719,150.4182891845703,425.2973327636719,389.75799560546875,219.60108947753906,86.14962005615234
2021-10-22,97.37272644042969,72.32612609863281,167.77000427246094,34.150001525878906,97.27898406982422,425.5628967285156,214.33543395996094,363.4625549316406,149.13796997070312,424.856689453125,389.36541748046875,219.18017578125,85.92515563964844
2021-10-25,97.46663665771484,72.36019897460938,168.92999267578125,34.38999938964844,97.82244873046875,427.78955078125,216.37124633789062,367.1836853027344,150.68020629882812,427.1351013183594,391.3843078613281,220.5269317626953,86.77629089355469
2021-10-26,97.64588165283203,72.50495910644531,167.67999267578125,34.130001068115234,97.85053253173828,428.27593994140625,214.74070739746094,368.3398132324219,151.08755493164062,427.5195617675781,391.7580871582031,220.44277954101562,86.13092041015625
2021-10-27,97.9703140258789,72.76883697509766,168.1199951171875,34.220001220703125,97.11968231201172,426.367431640625,210.79159545898438,369.19476318359375,151.5143280029297,425.6254577636719,390.05706787109375,218.93707275390625,84.55963134765625
2021-10-28,97.89346313476562,72.67526245117188,168.0800018310547,34.220001220703125,98.225341796875,430.4651184082031,214.9951629638672,373.2948303222656,153.1632537841797,429.7322998046875,393.8704833984375,221.27513122558594,86.1870346069336
2021-10-29,97.86785125732422,72.6922378540039,166.64999389648438,33.93000030517578,98.32841491699219,431.2791748046875,214.9386444091797,375.1310119628906,153.97801208496094,430.60430908203125,394.57147216796875,221.5650177001953,86.22444915771484
2021-11-01,97.8080062866211,72.63594818115234,167.52000427246094,34.099998474121094,98.82501220703125,432.1678771972656,220.50889587402344,376.4135437011719,154.43385314941406,431.34503173828125,395.4032287597656,222.6686248779297,88.4223861694336
2021-11-02,98.00466918945312,72.77239990234375,167.16000366210938,34.029998779296875,99.11549377441406,433.8705749511719,220.9706573486328,377.9874267578125,155.08372497558594,433.0889587402344,396.9360656738281,223.36070251464844,88.60008239746094
2021-11-03,97.8080062866211,72.64447021484375,165.77000427246094,33.75,99.87445068359375,436.536865234375,224.91976928710938,382.0000305175781,156.77142333984375,435.7330627441406,399.32879638671875,224.9412384033203,90.20880126953125
2021-11-04,98.13288879394531,72.9770736694336,167.64999389648438,34.099998474121094,100.2117691040039,438.5390319824219,224.83497619628906,386.8967590332031,158.759765625,437.7864990234375,401.1981201171875,225.792236328125,90.15267944335938
2021-11-05,98.5176773071289,73.19876098632812,169.83999633789062,34.560001373291016,100.5865707397461,440.0826416015625,227.90753173828125,387.2659606933594,158.90530395507812,439.3055114746094,402.5627136230469,226.66204833984375,91.41531372070312
2021-11-08,98.338134765625,73.03672790527344,170.4499969482422,34.70000076293945,100.80208587646484,440.54107666015625,228.61439514160156,386.7412109375,158.70159912109375,439.68048095703125,403.04876708984375,227.0361328125,91.66785430908203
2021-11-09,98.61174774169922,73.24140930175781,171.2899932861328,34.869998931884766,100.44602966308594,439.0068359375,227.2854766845703,384.0792236328125,157.62493896484375,438.2272644042969,401.63739013671875,226.3814697265625,91.14408111572266
2021-11-10,97.94478607177734,72.74681091308594,173.14999389648438,35.2599983215332,99.50901794433594,435.5358581542969,223.70396423339844,378.4343566894531,155.3067626953125,434.7016906738281,398.4034729003906,224.1556396484375,89.70372772216797
2021-11-11,97.76525115966797,72.62743377685547,174.1199951171875,35.45000076293945,99.64958190917969,435.713623046875,225.50411987304688,379.483642578125,155.72386169433594,434.84234619140625,398.5343322753906,224.42681884765625,90.42391204833984
2021-11-12,97.74813842773438,72.63594818115234,174.4499969482422,35.5,100.37104797363281,438.92266845703125,225.73031616210938,383.4768371582031,157.35337829589844,438.1240539550781,401.4972229003906,226.09153747558594,90.54550170898438
2021-11-15,97.38902282714844,72.3375244140625,174.17999267578125,35.45000076293945,100.31483459472656,439.0348815917969,224.83497619628906,383.3893127441406,157.3242950439453,438.2740173339844,401.68408203125,226.09153747558594,90.14332580566406
2021-11-16,97.35480499267578,72.28633880615234,172.9199981689453,35.209999084472656,100.7927017211914,440.7843017578125,225.2496795654297,386.1194763183594,158.46881103515625,440.00860595703125,403.2169189453125,227.06414794921875,90.32103729248047
2021-11-17,97.585693359375,72.4398422241211,174.5,35.529998779296875,100.37104797363281,439.7458190917969,222.29959106445312,386.3235168457031,158.5172882080078,438.93975830078125,402.2449035644531,226.12896728515625,89.17996215820312
2021-11-18,97.67118072509766,72.52510070800781,173.94000244140625,35.40999984741211,100.54907989501953,441.1959533691406,221.35708618164062,390.3263244628906,160.14682006835938,440.4305725097656,403.63751220703125,226.48431396484375,88.78714752197266
2021-11-19,97.85929107666016,72.67860412597656,172.61000061035156,35.150001525878906,100.23050689697266,440.4755859375,219.34014892578125,392.502685546875,161.07791137695312,439.6430358886719,402.8805236816406,225.8390350341797,87.97344970703125
2021-11-22,97.38902282714844,72.32046508789062,168.74000549316406,34.34000015258789,99.7339096069336,439.156494140625,218.4070587158203,387.9460754394531,159.2447509765625,438.4052734375,401.8149108886719,224.75418090820312,87.56192779541016
2021-11-23,97.00425720214844,72.030517578125,167.27999877929688,34.06999969482422,99.8276138305664,439.7644958496094,218.03005981445312,386.1777648925781,158.478515625,438.9866943359375,402.3384094238281,224.82899475097656,87.42162322998047
2021-11-24,97.22660064697266,72.20108032226562,167.1199951171875,34.029998779296875,100.05248260498047,440.9059143066406,218.2656707763672,387.4213562011719,158.97315979003906,440.1587219238281,403.3291015625,225.58651733398438,87.57128143310547
2021-11-26,97.91914367675781,72.71272277832031,166.85000610351562,33.959999084472656,97.7943344116211,430.9328918457031,210.03762817382812,380.0763854980469,155.9663848876953,430.3416442871094,394.55279541015625,220.70465087890625,84.40064239501953
2021-11-29,97.97046661376953,72.70418548583984,166.6199951171875,33.939998626708984,98.89059448242188,436.4339599609375,209.90565490722656,388.3249816894531,159.32232666015625,435.6205749511719,399.3194274902344,222.78085327148438,84.19486999511719
2021-11-30,98.13288879394531,72.84060668945312,165.5,33.68000030517578,96.91353607177734,428.1356201171875,205.62664794921875,382.621826171875,157.0236053466797,427.1444396972656,391.67401123046875,218.3291473388672,82.64229583740234
2021-12-01,98.1517562866211,72.8875961303711,166.16000366210938,33.84000015258789,95.50804901123047,423.1398620605469,200.9989471435547,376.1123046875,154.43385314941406,422.4000244140625,387.16900634765625,215.2522735595703,80.66883087158203
2021-12-02,98.13463592529297,72.89612579345703,165.24000549316406,33.63999938964844,97.11030578613281,429.6606140136719,206.60687255859375,378.8230285644531,155.49110412597656,428.8696594238281,393.0760192871094,218.75,82.87611389160156
2021-12-03,98.52848052978516,73.17796325683594,166.6300048828125,33.93000030517578,96.05149841308594,425.80615234375,202.3656005859375,372.23583984375,152.80435180664062,425.1379699707031,389.59912109375,216.21554565429688,81.19258117675781
2021-12-06,98.18598175048828,72.9815444946289,166.22000122070312,33.83000183105469,97.22277069091797,430.9328918457031,206.4277801513672,375.2184753417969,153.98768615722656,430.1729736328125,394.2536315917969,218.99317932128906,82.7638931274414
2021-12-07,98.0318832397461,72.81927490234375,166.80999755859375,33.959999084472656,99.29352569580078,439.8861389160156,211.2157745361328,386.5177917480469,158.70159912109375,439.071044921875,402.3570556640625,223.6786346435547,84.67188262939453
2021-12-08,97.7750015258789,72.59718322753906,166.89999389648438,33.970001220703125,99.67768096923828,441.0462951660156,212.65780639648438,388.2472229003906,159.3611602783203,440.2336730957031,403.4880065917969,224.64193725585938,85.29851531982422
2021-12-09,97.78353881835938,72.63131713867188,165.8800048828125,33.7599983215332,98.72195434570312,438.0711975097656,207.841552734375,382.53448486328125,157.09152221679688,437.2613525390625,400.74017333984375,222.5003204345703,83.36245727539062
2021-12-10,97.80924987792969,72.65697479248047,166.5800018310547,33.90999984741211,99.40595245361328,442.2717590332031,207.26663208007812,386.6927490234375,158.73068237304688,441.3775634765625,404.5628356933594,224.01536560058594,83.10993957519531
2021-12-13,98.1517562866211,72.90465545654297,167.0,34.0,98.48169708251953,438.35626220703125,204.23764038085938,381.10626220703125,156.42222595214844,437.4677734375,400.97381591796875,221.97654724121094,81.96887969970703
2021-12-14,97.96337890625,72.78508758544922,165.44000244140625,33.70000076293945,97.85173034667969,435.2591552734375,202.47930908203125,377.16168212890625,154.87033081054688,434.45794677734375,398.24462890625,220.3118438720703,81.22999572753906
2021-12-15,97.88629913330078,72.6911392211914,166.14999389648438,33.81999969482422,99.31851196289062,442.1010437011719,205.6935272216797,385.760009765625,158.2165985107422,441.2463073730469,404.46942138671875,223.7067108154297,82.53004455566406
2021-12-16,98.0208969116211,72.78508758544922,168.16000366210938,34.220001220703125,98.18082427978516,438.0465393066406,201.53390502929688,375.8403015136719,154.3368377685547,437.35516357421875,400.81488037109375,221.2003173828125,80.86092376708984
2021-12-17,98.14088439941406,72.91319274902344,167.8000030517578,34.15999984741211,97.56964111328125,433.70123291015625,203.38682556152344,373.9651794433594,153.4930419921875,432.7004089355469,396.65576171875,220.19027709960938,81.69783782958984
2021-12-20,97.99517059326172,72.79364776611328,167.08999633789062,34.0099983215332,96.40374755859375,428.83026123046875,200.5318145751953,370.33758544921875,152.02603149414062,428.09942626953125,392.3656311035156,217.09469604492188,80.39076232910156
2021-12-21,97.91803741455078,72.71674346923828,167.02000427246094,34.0099983215332,98.34064483642578,436.4698791503906,206.2607421875,378.6258850097656,155.3367156982422,435.70196533203125,399.3290100097656,221.3499298095703,82.71343231201172
2021-12-22,98.00375366210938,72.79364776611328,168.58999633789062,34.33000183105469,99.27151489257812,440.87158203125,208.2460479736328,383.237060546875,157.23956298828125,440.0584716796875,403.3627014160156,223.53842163085938,83.55036163330078
2021-12-23,97.88372802734375,72.68311309814453,168.97000122070312,34.40999984741211,99.92025756835938,443.57452392578125,209.9098663330078,386.126220703125,158.49191284179688,442.7965393066406,405.84869384765625,225.0814666748047,84.18976593017578
2021-12-27,97.93517303466797,72.71736907958984,169.3699951171875,34.47999954223633,101.18020629882812,449.9283447265625,211.87623596191406,392.5079040527344,161.064697265625,449.06304931640625,411.63653564453125,228.0370635986328,84.96086120605469
2021-12-28,97.89230346679688,72.70880889892578,168.63999938964844,34.34000015258789,100.99214935302734,449.5810852050781,210.58108520507812,390.68865966796875,160.37539672851562,448.696044921875,411.3269958496094,227.5677947998047,84.49068450927734
2021-12-29,97.60090637207031,72.46890258789062,168.58999633789062,34.33000183105469,101.08618927001953,450.0503234863281,210.8079833984375,390.63031005859375,160.33657836914062,449.27008056640625,411.8241271972656,227.69921875,84.5377197265625
2021-12-30,97.8152084350586,72.6316909790039,169.8000030517578,34.56999969482422,100.87933349609375,448.7833251953125,210.75125122070312,389.4629211425781,159.71522521972656,448.028076171875,410.66094970703125,227.33314514160156,84.54712677001953
2021-12-31,97.78089904785156,72.61456298828125,170.9600067138672,34.810001373291016,100.5878677368164,447.6664123535156,210.2974853515625,387.0309753417969,158.783203125,446.8988952636719,409.5352478027344,226.61044311523438,84.45307159423828
2022-01-03,97.11234283447266,72.12616729736328,168.3300018310547,34.2599983215332,101.19901275634766,450.3412170410156,213.0106658935547,390.7567443847656,160.42391967773438,449.4864196777344,412.04925537109375,228.0464630126953,85.42162322998047
2022-01-04,97.10375213623047,72.11760711669922,169.57000732421875,34.52000045776367,101.0297622680664,450.1910095214844,212.68927001953125,385.6884460449219,158.3172149658203,449.33587646484375,411.8804626464844,227.61473083496094,85.32759857177734
2022-01-05,96.80375671386719,71.86914825439453,169.05999755859375,34.40999984741211,98.87659454345703,441.4158630371094,205.48558044433594,373.8397216796875,153.54055786132812,440.7077331542969,403.99114990234375,222.6777801513672,82.45013427734375
2022-01-06,96.70091247558594,71.79202270507812,166.99000549316406,34.0,98.87659454345703,441.08746337890625,206.65780639648438,373.57696533203125,153.3561553955078,440.2936706542969,403.4471130371094,222.62149047851562,82.8544692993164
2022-01-07,96.41802978515625,71.594970703125,167.75,34.150001525878906,98.39706420898438,439.32293701171875,204.2659912109375,369.5301513671875,151.71539306640625,438.5529479980469,402.0494384765625,221.60784912109375,81.89531707763672
2022-01-10,96.3323745727539,71.53500366210938,168.25999450683594,34.25,98.24662017822266,438.4970397949219,203.55697631835938,369.7733154296875,151.8610076904297,438.00726318359375,401.5240783691406,221.22300720214844,81.64143371582031
2022-01-11,96.5123519897461,71.68064880371094,170.2899932861328,34.68000030517578,99.24329376220703,442.8236999511719,205.72189331054688,375.3280334472656,153.98716735839844,441.9967041015625,405.0418701171875,223.4286651611328,82.47834777832031
2022-01-12,96.5123519897461,71.6549301147461,170.74000549316406,34.75,99.35612487792969,443.9967956542969,204.19039916992188,376.8165283203125,154.71530151367188,443.191650390625,406.2519836425781,223.7759246826172,81.89531707763672
2022-01-13,96.68378448486328,71.77489471435547,170.16000366210938,34.650001525878906,97.93635559082031,437.9057922363281,202.31851196289062,367.3899841308594,150.93869018554688,437.0851135253906,400.6517028808594,220.50027465820312,81.23706817626953
2022-01-14,96.14378356933594,71.3807601928711,169.6699981689453,34.540000915527344,97.97395324707031,438.05596923828125,202.60220336914062,369.6760559082031,151.72509765625,437.2640075683594,400.7735900878906,220.58477783203125,81.27468872070312
2022-01-18,95.56092071533203,70.93521881103516,169.38999938964844,34.5,96.06525421142578,430.3131408691406,196.4761505126953,360.4732971191406,148.17178344726562,429.5201721191406,393.7474365234375,216.2954559326172,78.7921371459961
2022-01-19,95.76666259765625,71.10658264160156,172.0800018310547,35.04999923706055,95.04976654052734,425.86456298828125,193.28082275390625,356.5140075683594,146.38540649414062,425.0601806640625,389.61053466796875,214.02410888671875,77.53207397460938
2022-01-20,95.81807708740234,71.1836929321289,171.64999389648438,34.959999084472656,93.95909881591797,421.1343688964844,189.78297424316406,351.8834228515625,144.47279357910156,420.3556213378906,385.3235168457031,211.5274658203125,76.13097381591797
2022-01-21,96.19522094726562,71.4493179321289,171.08999633789062,34.84000015258789,92.0597915649414,412.93170166015625,186.22837829589844,342.1261901855469,140.42434692382812,412.103759765625,377.7532958984375,207.34141540527344,74.7580337524414
2022-01-24,96.08377838134766,71.33789825439453,172.02999877929688,35.0099983215332,92.64273834228516,414.3769836425781,190.5203399658203,343.6923522949219,141.01658630371094,413.8538513183594,379.32928466796875,208.67422485351562,76.48827362060547
2022-01-25,95.98950958251953,71.2436752319336,172.5800018310547,35.130001068115234,91.36400604248047,409.6092834472656,187.97731018066406,335.72515869140625,137.68653869628906,408.8011169433594,374.7232971191406,205.75526428222656,75.45390319824219
2022-01-26,95.44950866699219,70.84954071044922,169.7899932861328,34.560001373291016,90.97850036621094,408.66131591796875,185.26409912109375,335.19989013671875,137.67681884765625,407.7754821777344,373.8789978027344,204.95741271972656,74.25025177001953
2022-01-27,95.76666259765625,71.08088684082031,167.60000610351562,34.13999938964844,90.37671661376953,406.5309753417969,181.05718994140625,331.82427978515625,136.26910400390625,405.761962890625,371.9841613769531,203.43695068359375,72.6046371459961
2022-01-28,95.83522033691406,71.16653442382812,167.10000610351562,34.029998779296875,92.58633422851562,416.46990966796875,184.5834197998047,342.23321533203125,140.463134765625,415.83917236328125,381.1021423339844,208.448974609375,74.01516723632812
2022-01-31,95.82662963867188,71.1151351928711,168.08999633789062,34.220001220703125,94.62667083740234,423.9968566894531,190.24623107910156,353.17724609375,144.95819091796875,423.32891845703125,388.0721130371094,212.8790283203125,76.19678497314453
2022-02-01,95.7931900024414,71.08683013916016,168.22999572753906,34.27000045776367,95.33186340332031,426.9250793457031,192.25038146972656,355.5801086425781,145.95822143554688,426.18927001953125,390.6048278808594,214.50277709960938,77.09954071044922
2022-02-02,95.89617156982422,71.1898193359375,168.83999633789062,34.380001068115234,95.89600372314453,431.0263977050781,190.34075927734375,358.4693908691406,147.1426544189453,430.32928466796875,394.3290100097656,215.92005920410156,76.27201080322266
2022-02-03,95.50990295410156,70.88944244384766,168.60000610351562,34.36000061035156,93.5735855102539,421.02178955078125,186.73886108398438,343.9356384277344,141.2398681640625,420.2144470214844,385.16412353515625,210.78602600097656,74.91790008544922
2022-02-04,94.90904235839844,70.45172119140625,168.86000061035156,34.38999938964844,94.22235870361328,423.1334228515625,187.54241943359375,348.2743225097656,142.86119079589844,422.1904602050781,386.9746398925781,212.1844940185547,75.20940399169922
2022-02-07,94.99486541748047,70.51185607910156,170.11000061035156,34.65999984741211,93.98731994628906,421.6317443847656,188.4688720703125,345.4726257324219,141.84176635742188,420.8354797363281,385.6988220214844,211.64950561523438,75.65137481689453
2022-02-08,94.70304107666016,70.28008270263672,170.6300048828125,34.72999954223633,94.86173248291016,424.9822998046875,191.68313598632812,349.3542175292969,143.43402099609375,424.29803466796875,388.82257080078125,213.59239196777344,76.85503387451172
2022-02-09,94.76313018798828,70.33159637451172,171.2100067138672,34.869998931884766,96.33792114257812,431.251708984375,195.32284545898438,356.7572021484375,146.40478515625,430.50811767578125,394.52606201171875,217.06509399414062,78.33137512207031
2022-02-10,93.88760375976562,69.68790435791016,170.55999755859375,34.72999954223633,94.73950958251953,423.6308898925781,192.3260040283203,348.6828918457031,143.2204132080078,422.77374267578125,387.59368896484375,213.38589477539062,77.19355773925781
2022-02-11,94.50563049316406,70.14280700683594,173.80999755859375,35.40999984741211,92.9060287475586,415.15594482421875,190.37857055664062,337.62213134765625,138.64772033691406,414.4372863769531,379.864013671875,209.2467498779297,76.31903076171875
2022-02-14,93.95626068115234,69.74797821044922,174.74000549316406,35.58000183105469,92.58633422851562,413.8045349121094,189.71676635742188,338.0403747558594,138.8224334716797,413.0822448730469,378.62579345703125,208.4770965576172,76.1121597290039
2022-02-15,93.80176544189453,69.60212707519531,173.0800018310547,35.22999954223633,94.24117279052734,420.4586486816406,194.80287170410156,346.44537353515625,142.171875,419.74395751953125,384.704345703125,212.1844940185547,78.13390350341797
2022-02-16,93.91338348388672,69.69649505615234,174.86000061035156,35.61000061035156,94.2975845336914,420.9372863769531,195.20938110351562,346.35791015625,142.171875,420.2144470214844,385.16412353515625,212.38156127929688,78.26557159423828
2022-02-17,94.11077117919922,69.85095977783203,177.25,36.099998474121094,92.18202209472656,412.10577392578125,190.20835876464844,336.0559387207031,137.96804809570312,411.238037109375,376.9747009277344,207.55731201171875,76.32843780517578
2022-02-18,94.30817413330078,69.97113800048828,177.1199951171875,36.060001373291016,91.46743774414062,409.2620849609375,188.5729217529297,332.2231140136719,136.4147186279297,408.57525634765625,374.5638122558594,205.89599609375,75.64198303222656
2022-02-22,94.2052001953125,69.92821502685547,177.49000549316406,36.150001525878906,90.45198059082031,404.82281494140625,185.91641235351562,328.8863525390625,135.0458221435547,404.1906433105469,370.4644775390625,203.5308074951172,74.57937622070312
2022-02-23,93.78459930419922,69.57634735107422,178.2899932861328,36.310001373291016,88.75010681152344,397.446044921875,182.43739318847656,320.4618835449219,131.52163696289062,397.0208435058594,363.79473876953125,199.785888671875,73.15943908691406
2022-02-24,93.95626068115234,69.7308349609375,177.13999938964844,36.08000183105469,90.33915710449219,403.6966247558594,187.22100830078125,331.2308349609375,135.89047241210938,402.9955749511719,369.3857116699219,203.28675842285156,75.13419342041016
2022-02-25,94.05071258544922,69.79090881347656,176.5500030517578,35.959999084472656,92.34186553955078,412.5843811035156,191.43736267089844,336.3671875,138.0943145751953,411.8873291015625,377.4530334472656,207.81069946289062,76.77978515625
2022-02-28,94.72879791259766,70.30585479736328,178.3800048828125,36.310001373291016,92.2196273803711,411.74908447265625,192.2125701904297,337.369140625,138.62823486328125,410.8334655761719,376.50567626953125,207.58547973632812,77.014892578125
2022-03-01,95.26262664794922,70.67459869384766,181.6199951171875,36.9900016784668,90.77165222167969,405.36724853515625,188.59178161621094,332.2035827636719,136.3273162841797,404.5763854980469,370.8583984375,204.34738159179688,75.65137481689453
2022-03-02,94.11930847167969,69.8064193725586,179.72999572753906,36.61000061035156,92.44530487060547,412.7628173828125,193.08233642578125,337.77777099609375,138.67681884765625,412.01910400390625,377.66888427734375,208.22369384765625,77.4944839477539
2022-03-03,94.43739318847656,70.11587524414062,180.8000030517578,36.81999969482422,91.74951171875,410.7824401855469,190.79452514648438,332.9526672363281,136.71568298339844,409.9679260253906,375.7739562988281,206.63751220703125,76.54471588134766
2022-03-04,94.81563568115234,70.36518096923828,183.67999267578125,37.400001525878906,90.83745574951172,407.2723388671875,187.80714416503906,328.1274719238281,134.7351531982422,406.63702392578125,372.73455810546875,204.57261657714844,75.33167266845703
2022-03-07,94.26544952392578,70.02130889892578,186.41000366210938,37.95000076293945,88.10133361816406,395.30621337890625,183.1370086669922,316.02581787109375,129.75462341308594,394.6496887207031,361.7309875488281,198.26536560058594,73.46036529541016
2022-03-08,93.93022155761719,69.69469451904297,191.50999450683594,38.97999954223633,87.6124267578125,392.3592224121094,184.14854431152344,314.55694580078125,129.16244506835938,391.65753173828125,359.0011901855469,197.14845275878906,73.88350677490234
2022-03-09,93.73251342773438,69.50557708740234,185.82000732421875,37.84000015258789,90.01004791259766,402.9176330566406,189.33863830566406,325.88031005859375,133.69635009765625,402.1582946777344,368.56951904296875,202.62034606933594,75.9334945678711
2022-03-10,93.20811462402344,69.13594818115234,186.39999389648438,37.970001220703125,89.62454223632812,401.0687561035156,188.99827575683594,322.261474609375,132.3079833984375,400.34228515625,366.9278869628906,201.7099609375,75.77365112304688
2022-03-11,93.19097137451172,69.08438873291016,185.08999633789062,37.68000030517578,88.37401580810547,396.06640625,185.9825897216797,315.57830810546875,129.5896453857422,395.2518310546875,362.2469482421875,198.9693145751953,74.57937622070312
2022-03-14,92.28834533691406,68.44828796386719,182.3000030517578,37.11000061035156,87.52777862548828,393.0725402832031,182.18222045898438,309.51776123046875,127.10420227050781,392.3632507324219,359.60150146484375,197.00765991210938,73.15943908691406
2022-03-15,92.4946517944336,68.56004333496094,178.88999938964844,36.45000076293945,89.34246063232422,401.7257385253906,185.08450317382812,319.226318359375,131.08470153808594,400.9914855957031,367.49072265625,201.11863708496094,74.21263122558594
2022-03-16,92.5634536743164,68.66317749023438,180.00999450683594,36.650001525878906,91.58967590332031,410.6229248046875,190.90794372558594,331.0653991699219,135.84194946289062,409.8831481933594,375.70831298828125,206.14944458007812,76.57292938232422
2022-03-17,92.7181625366211,68.72335052490234,180.88999938964844,36.849998474121094,92.79319763183594,415.728515625,193.90480041503906,335.0733337402344,137.521484375,415.0112609863281,380.30487060546875,208.9088592529297,77.81420135498047
2022-03-18,92.92448425292969,68.92107391357422,179.3000030517578,36.5,93.94969940185547,420.1770935058594,195.94677734375,341.93170166015625,140.36607360839844,419.55670166015625,384.5074157714844,211.34915161132812,78.53825378417969
2022-03-21,92.0132827758789,68.21623229980469,180.6699981689453,36.779998779296875,93.76165008544922,420.0926208496094,194.21673583984375,340.98101806640625,140.01998901367188,419.43408203125,384.5262145996094,211.15206909179688,77.88941955566406
2022-03-22,91.76397705078125,68.04429626464844,179.36000061035156,36.540000915527344,94.91813659667969,425.2169189453125,196.16421508789062,347.6820983886719,142.73233032226562,424.3420104980469,388.9914245605469,213.74249267578125,78.65111541748047
2022-03-23,92.14220428466797,68.35375213623047,181.80999755859375,36.9900016784668,93.64881134033203,419.88616943359375,192.7608642578125,342.6855163574219,140.70054626464844,418.877197265625,383.9821472167969,210.83140563964844,77.26878356933594
2022-03-24,91.9358901977539,68.26778411865234,183.1300048828125,37.290000915527344,95.01192474365234,425.96063232421875,194.97740173339844,350.3022766113281,143.76278686523438,425.19146728515625,389.689697265625,213.8347930908203,78.23124694824219
2022-03-25,91.20521545410156,67.66609191894531,182.3800048828125,37.15999984741211,95.40812683105469,428.107666015625,195.24261474609375,350.0101013183594,143.7045135498047,427.26788330078125,391.6663513183594,214.74807739257812,78.35367584228516
2022-03-28,91.42871856689453,67.86377716064453,179.05999755859375,36.47999954223633,96.0118408203125,431.11138916015625,195.30892944335938,355.42559814453125,145.8529510498047,430.3070983886719,394.3676452636719,216.14146423339844,78.34427642822266
2022-03-29,91.85853576660156,68.16463470458984,179.13999938964844,36.5,97.45513916015625,436.6106262207031,200.53761291503906,361.5423889160156,148.41944885253906,435.6303405761719,399.356201171875,219.41790771484375,80.45376586914062
2022-03-30,92.10785675048828,68.31934356689453,180.5800018310547,36.7599983215332,96.66275024414062,433.898681640625,196.51190185546875,357.5489196777344,146.84457397460938,432.9403991699219,396.8713684082031,217.63848876953125,78.90929412841797
2022-03-31,92.06487274169922,68.3709487915039,180.64999389648438,36.83000183105469,95.21945190429688,427.2131042480469,194.43746948242188,353.1171875,144.8224639892578,426.27685546875,390.77215576171875,214.35263061523438,78.02406311035156
2022-04-01,91.9012680053711,68.22269439697266,179.5,36.540000915527344,95.6250991821289,428.2489013671875,196.61611938476562,352.445068359375,144.69607543945312,427.4849853515625,391.8546142578125,215.20938110351562,78.8245620727539
2022-04-04,91.97875213623047,68.27442932128906,180.3699951171875,36.72999954223633,96.39860534667969,432.0248718261719,196.93812561035156,359.7014465332031,147.64169311523438,431.1470642089844,395.1771240234375,217.03590393066406,79.05998992919922
2022-04-05,91.04898834228516,67.58502960205078,179.24000549316406,36.4900016784668,95.0213623046875,426.4597473144531,192.27777099609375,351.714599609375,144.385009765625,425.7011413574219,390.2921447753906,213.863037109375,77.1859130859375
2022-04-06,90.81653594970703,67.37823486328125,179.66000366210938,36.58000183105469,93.91766357421875,422.3165588378906,189.54977416992188,344.0783386230469,141.1963348388672,421.44439697265625,386.33892822265625,211.4056854248047,76.06521606445312
2022-04-07,90.61852264404297,67.24034118652344,180.33999633789062,36.70000076293945,94.2478256225586,424.406982421875,188.9341278076172,344.8965148925781,141.5657196044922,423.56805419921875,388.287353515625,212.20596313476562,75.8015365600586
2022-04-08,90.1622543334961,66.87842559814453,181.47000122070312,36.970001220703125,93.95539093017578,423.2770690917969,187.427978515625,340.0752258300781,139.66033935546875,422.4355163574219,387.3460388183594,211.54693603515625,75.24590301513672
2022-04-11,89.77483367919922,66.56822204589844,182.3699951171875,37.13999938964844,92.52153015136719,415.96044921875,186.16818237304688,332.0299072265625,136.43275451660156,415.2150573730469,380.63507080078125,208.24224853515625,74.69969940185547
2022-04-12,90.05897521972656,66.78361511230469,183.77000427246094,37.41999816894531,92.24797058105469,414.3691101074219,186.7554931640625,330.62725830078125,135.7425079345703,413.6766052246094,379.2420349121094,207.6020050048828,74.88804626464844
2022-04-13,90.23976135253906,66.8611831665039,184.64999389648438,37.619998931884766,93.4271469116211,419.2185363769531,190.3075714111328,337.34796142578125,138.50341796875,418.41473388671875,383.5246276855469,210.3229522705078,76.33832550048828
2022-04-14,89.50798034667969,66.40449523925781,184.0399932861328,37.470001220703125,92.28569793701172,414.0395202636719,188.46046447753906,329.6338195800781,135.33421325683594,413.2046813964844,378.8655090332031,207.7620849609375,75.59434509277344
2022-04-18,89.23246002197266,66.18905639648438,184.61000061035156,37.59000015258789,92.14419555664062,414.190185546875,187.19119262695312,329.8870849609375,135.50921630859375,413.3746337890625,378.931396484375,207.40426635742188,75.10464477539062
2022-04-19,88.69013977050781,65.77540588378906,181.82000732421875,37.0099983215332,93.7667236328125,420.8758850097656,190.9232635498047,337.2603759765625,138.4451141357422,420.0474853515625,384.9835510253906,211.05734252929688,76.6114501953125
2022-04-20,89.19805908203125,66.18905639648438,182.7100067138672,37.220001220703125,93.67239379882812,420.4991760253906,191.6526336669922,332.34161376953125,136.45216369628906,419.73602294921875,384.6917724609375,210.7843017578125,76.8563003540039
2022-04-21,88.70733642578125,65.83570861816406,182.05999755859375,37.09000015258789,92.09703826904297,414.40679931640625,187.36166381835938,325.4649963378906,133.6815185546875,413.4595031738281,378.9879150390625,207.33840942382812,75.13288879394531
2022-04-22,88.62125396728516,65.74956512451172,180.2899932861328,36.720001220703125,89.61607360839844,402.8151550292969,182.5118865966797,316.94244384765625,130.12342834472656,402.11456298828125,368.6437683105469,201.68939208984375,73.20230865478516
2022-04-25,89.21526336669922,66.1632080078125,177.0500030517578,36.060001373291016,90.17265319824219,405.3010559082031,183.62014770507812,321.0138244628906,131.8247528076172,404.44586181640625,370.657958984375,202.79095458984375,73.68260192871094
2022-04-26,89.4907455444336,66.33551788330078,177.32000732421875,36.11000061035156,87.55020141601562,393.5024108886719,177.8325958251953,308.897216796875,126.85698699951172,392.73272705078125,360.0596923828125,197.0101318359375,71.31881713867188
2022-04-27,89.12918090820312,66.12871551513672,175.97999572753906,35.84000015258789,87.70113372802734,394.68878173828125,177.09371948242188,308.5270690917969,126.7305908203125,393.8370666503906,360.99151611328125,197.39610290527344,71.04569244384766
2022-04-28,89.09475708007812,66.10287475585938,176.92999267578125,36.040000915527344,89.80474853515625,404.6042175292969,180.3995361328125,319.4846496582031,131.1927947998047,403.78509521484375,370.0367431640625,202.20718383789062,72.34529876708984
2022-04-29,88.56097412109375,65.65478515625,176.91000366210938,36.040000915527344,86.62574005126953,389.4250183105469,175.18980407714844,305.10833740234375,125.35011291503906,388.8630676269531,356.44537353515625,194.77874755859375,70.33938598632812
2022-05-02,88.0788803100586,65.31893920898438,173.6300048828125,35.369998931884766,87.2105941772461,391.9298095703125,177.0274200439453,310.202392578125,127.41110229492188,391.2037048339844,358.6854553222656,196.2474365234375,71.05512237548828
2022-05-03,88.27722930908203,65.47434997558594,174.08999633789062,35.470001220703125,87.57850646972656,393.7471008300781,178.54302978515625,310.5335693359375,127.58609008789062,392.99700927734375,360.23858642578125,197.1795654296875,71.63899993896484
2022-05-04,88.8464584350586,65.89735412597656,175.8000030517578,35.81999969482422,90.2009506225586,405.60235595703125,183.30752563476562,321.0332946777344,131.8636016845703,404.9649658203125,371.166259765625,202.96043395996094,73.54133605957031
2022-05-05,87.96674346923828,65.24121856689453,175.1300048828125,35.66999816894531,86.86157989501953,391.2047119140625,175.87181091308594,304.8648376464844,125.39875793457031,390.57135009765625,358.1301574707031,195.47540283203125,70.518310546875
2022-05-06,87.59593963623047,64.96498107910156,175.4199981689453,35.7400016784668,86.16350555419922,389.0953674316406,172.94483947753906,301.2122802734375,123.72661590576172,388.2401123046875,355.880615234375,193.90310668945312,69.37879943847656
2022-05-09,88.02716064453125,65.25848388671875,172.8800048828125,35.209999084472656,83.14485168457031,376.5810546875,165.67013549804688,289.4267272949219,118.97276306152344,375.80963134765625,344.3975524902344,187.03012084960938,66.449951171875
2022-05-10,88.29446411132812,65.44844055175781,171.4199981689453,34.90999984741211,83.30522155761719,377.3249816894531,165.71751403808594,292.94287109375,120.36295318603516,376.6780090332031,345.2823181152344,187.40672302246094,66.46878814697266
2022-05-11,88.62220764160156,65.67291259765625,172.82000732421875,35.20000076293945,81.79591369628906,371.3737487792969,161.5971221923828,284.2547302246094,116.76597595214844,370.69403076171875,339.7196350097656,184.01731872558594,64.81130981445312
2022-05-12,88.78608703613281,65.80241394042969,170.1699981689453,34.65999984741211,81.89025115966797,370.82757568359375,163.4915313720703,283.58270263671875,116.49378204345703,370.3069763183594,339.45611572265625,184.21505737304688,65.64002990722656
2022-05-13,88.40660095214844,65.56067657470703,168.7899932861328,34.38999938964844,84.05989837646484,379.86737060546875,168.67288208007812,294.0922546386719,120.63516235351562,379.1602783203125,347.46600341796875,189.1485137939453,67.67423248291016
2022-05-16,88.60496520996094,65.66426849365234,170.39999389648438,34.709999084472656,83.64482879638672,378.2664794921875,167.86773681640625,290.6832580566406,119.43941497802734,377.6217956542969,346.2235412597656,188.21641540527344,67.36343383789062
2022-05-17,88.12202453613281,65.27580261230469,169.3300018310547,34.5099983215332,85.47486877441406,386.1009826660156,173.001708984375,298.2122802734375,122.48226928710938,385.3896484375,353.1510314941406,192.2366180419922,69.45413970947266
2022-05-18,88.47559356689453,65.55204772949219,169.4199981689453,34.5099983215332,82.06004333496094,370.5921630859375,166.939453125,283.5729675292969,116.5423812866211,369.85400390625,339.1642761230469,184.71405029296875,67.11858367919922
2022-05-19,88.69981384277344,65.6901626586914,171.91000366210938,35.029998779296875,81.74874114990234,368.2757568359375,167.21414184570312,282.0534973144531,115.78410339355469,367.58868408203125,336.8959655761719,183.89492797851562,67.10916900634766
2022-05-20,88.9671630859375,65.88873291015625,172.02999877929688,35.040000915527344,81.7581787109375,368.4641418457031,166.7878875732422,281.1768493652344,115.4729995727539,367.7492370605469,336.98065185546875,183.89492797851562,66.98675537109375
2022-05-23,88.67394256591797,65.6556396484375,172.8300018310547,35.22999954223633,83.13542175292969,375.34747314453125,168.80548095703125,285.85211181640625,117.329833984375,374.62982177734375,343.3716125488281,187.0395050048828,67.7213134765625
2022-05-24,89.35525512695312,66.1908950805664,174.1300048828125,35.47999954223633,82.39020538330078,372.6544494628906,166.30482482910156,279.7743835449219,114.87998962402344,371.7700500488281,340.89617919921875,185.1659393310547,66.6948013305664
2022-05-25,89.72610473632812,66.45852661132812,173.0800018310547,35.2599983215332,83.21090698242188,375.9501037597656,169.29803466796875,283.6898193359375,116.47431182861328,375.0545654296875,343.73870849609375,187.22784423828125,67.93790435791016
2022-05-26,89.65713500976562,66.38949584960938,172.75999450683594,35.20000076293945,84.9466323852539,383.3043518066406,173.07745361328125,291.5500793457031,119.71160125732422,382.5485534667969,350.572021484375,191.05978393554688,69.41647338867188
2022-05-27,89.80371856689453,66.57940673828125,172.85000610351562,35.22999954223633,87.097412109375,392.899658203125,177.73780822753906,301.06610107421875,123.64885711669922,391.93988037109375,359.3631591796875,195.89910888671875,71.28114318847656
2022-05-31,89.23454284667969,66.19950103759766,171.13999938964844,34.869998931884766,86.44650268554688,390.6585693359375,175.5308074951172,300.2674255371094,123.40580749511719,389.74072265625,357.36773681640625,194.28909301757812,70.40530395507812
2022-06-01,88.86820983886719,65.9037094116211,172.22999572753906,35.09000015258789,85.81448364257812,387.49462890625,174.5362091064453,298.0467224121094,122.36561584472656,386.58831787109375,354.3746643066406,193.00868225097656,70.009765625
2022-06-02,88.98051452636719,65.9642562866211,174.35000610351562,35.52000045776367,87.5690689086914,394.7923278808594,178.79872131347656,306.2089538574219,125.7584228515625,393.95025634765625,361.1044616699219,196.9442138671875,71.69549560546875
2022-06-03,88.83364868164062,65.86911010742188,172.5800018310547,35.150001525878906,86.14466094970703,388.3138732910156,177.18844604492188,298.2415771484375,122.40449523925781,387.48492431640625,355.2593688964844,193.799560546875,71.13988494873047
2022-06-06,88.28934478759766,65.47985076904297,171.82000732421875,34.97999954223633,86.418212890625,389.4815368652344,177.95567321777344,299.2350158691406,122.97806549072266,388.66473388671875,356.2289123535156,194.3738555908203,71.40357208251953
2022-06-07,88.62632751464844,65.70476531982422,172.94000244140625,35.209999084472656,87.3143539428711,393.0974426269531,180.82579040527344,301.816162109375,123.92105865478516,392.3929443359375,359.7115173339844,196.48287963867188,72.51481628417969
2022-06-08,88.26343536376953,65.43663024902344,172.77999877929688,35.20000076293945,86.36161041259766,388.8412170410156,178.03147888183594,299.6440734863281,123.01696014404297,388.1268005371094,355.7770690917969,194.2797088623047,71.44123840332031
2022-06-09,88.16841125488281,65.35013580322266,172.22999572753906,35.09000015258789,84.30182647705078,379.7099609375,174.3408660888672,291.6181945800781,119.77964782714844,378.89599609375,347.4095153808594,189.62869262695312,69.96269226074219
2022-06-10,87.48585510253906,64.79651641845703,174.5399932861328,35.560001373291016,81.81348419189453,368.50726318359375,169.61123657226562,281.33270263671875,115.50216674804688,367.9096984863281,337.21588134765625,183.99847412109375,68.04150390625
2022-06-13,86.05165100097656,63.74985885620117,169.92999267578125,34.619998931884766,78.49250030517578,354.3386535644531,161.64308166503906,268.2518310546875,110.2622299194336,353.9407958984375,324.2174377441406,176.48526000976562,64.80188751220703
2022-06-14,85.54188537597656,63.40388870239258,168.57000732421875,34.34000015258789,78.23704528808594,353.3941345214844,160.86428833007812,268.73883056640625,110.427490234375,352.87420654296875,323.40802001953125,175.98626708984375,64.5947036743164
2022-06-15,86.49229431152344,64.13046264648438,170.77000427246094,34.79999923706055,79.39132690429688,358.4286804199219,163.21958923339844,275.4496765136719,113.15925598144531,357.9049377441406,328.03887939453125,178.54713439941406,65.48936462402344
2022-06-16,86.69965362548828,64.26888275146484,172.69000244140625,35.189998626708984,76.60018157958984,346.6497802734375,155.65977478027344,264.33636474609375,108.60957336425781,346.0596923828125,317.26177978515625,172.3144073486328,62.447513580322266
2022-06-17,86.69100189208984,64.303466796875,171.27000427246094,34.88999938964844,76.92188262939453,347.28271484375,156.8754119873047,267.55047607421875,109.85394287109375,346.80572509765625,318.09002685546875,172.96405029296875,62.99371337890625
2022-06-21,86.34540557861328,64.00939178466797,170.6300048828125,34.7599983215332,78.75741577148438,356.11456298828125,159.68663024902344,274.3006591796875,112.60528564453125,355.53607177734375,325.8834533691406,177.1537322998047,64.08616638183594
2022-06-22,87.07978057861328,64.53702545166016,171.30999755859375,34.91999816894531,78.70063781738281,355.5005187988281,159.38272094726562,273.9005432128906,112.46892547607422,354.89154052734375,325.19647216796875,177.12547302246094,63.97313690185547
2022-06-23,87.44264221191406,64.8484115600586,170.25999450683594,34.68000030517578,79.48595428466797,359.06158447265625,161.2916717529297,277.9797668457031,114.1148452758789,358.3703918457031,328.61297607421875,178.7314910888672,64.72654724121094
2022-06-24,87.30441284179688,64.7273178100586,170.08999633789062,34.65999984741211,81.95538330078125,370.273681640625,166.2871856689453,287.5042724609375,118.24430084228516,369.7642822265625,338.8443298339844,184.50714111328125,66.72306823730469
2022-06-27,86.9156265258789,64.41594696044922,169.89999389648438,34.630001068115234,81.73778533935547,368.9323425292969,166.90451049804688,285.3964538574219,117.1632308959961,368.3520202636719,337.5736083984375,183.93992614746094,67.03384399414062
2022-06-28,86.9501953125,64.45053100585938,169.6199951171875,34.560001373291016,80.07256317138672,361.40411376953125,163.77044677734375,276.70135498046875,113.62787628173828,360.8254699707031,330.279052734375,180.14939880371094,65.7436294555664
2022-06-29,87.45128631591797,64.82246398925781,169.49000549316406,34.54999923706055,79.92118835449219,361.1490173339844,162.10841369628906,276.95501708984375,113.73501586914062,360.5316162109375,330.4416198730469,179.84689331054688,65.04267883300781
2022-06-30,87.84869384765625,65.09927368164062,168.4600067138672,34.310001373291016,79.2683334350586,358.1358337402344,160.84530639648438,273.5198974609375,112.19622039794922,357.6025695800781,327.83319091796875,178.29666137695312,64.58921813964844
2022-07-01,88.58097076416016,65.61845397949219,168.32000732421875,34.29999923706055,80.07256317138672,361.8575439453125,162.79220581054688,275.32537841796875,113.0337905883789,361.3847961425781,331.19769287109375,180.17771911621094,65.36387634277344
2022-07-05,88.74543762207031,65.7311019897461,164.75,33.58000183105469,80.31855010986328,362.632080078125,164.14080810546875,280.0388488769531,114.93294525146484,362.0672302246094,331.7836608886719,180.82052612304688,65.90234375
2022-07-06,88.14817810058594,65.3324203491211,162.13999938964844,33.04999923706055,80.45101928710938,363.9261474609375,162.9251708984375,281.8344421386719,115.66340637207031,363.2901306152344,332.98388671875,181.1797637939453,65.3922119140625
2022-07-07,87.9491195678711,65.15042877197266,162.22999572753906,33.06999969482422,81.7945327758789,369.3196716308594,166.7810516357422,287.8654479980469,118.16636657714844,368.7311096191406,337.8699951171875,184.1668243408203,66.93207550048828
2022-07-08,87.62022399902344,64.93370056152344,162.3000030517578,33.09000015258789,81.71886444091797,369.02685546875,166.7620391845703,288.2264404296875,118.29298400878906,368.42779541015625,337.67156982421875,183.97775268554688,66.93207550048828
2022-07-11,88.02700805664062,65.17639923095703,161.42999267578125,32.880001068115234,80.68757629394531,364.8235168457031,163.4095001220703,282.0687255859375,115.7705307006836,364.2190246582031,333.8533630371094,181.65237426757812,65.60946655273438
2022-07-12,88.14817810058594,65.2890853881836,160.8300018310547,32.77000045776367,79.99687194824219,361.5458679199219,162.84921264648438,279.336181640625,114.67971801757812,360.9960632324219,330.7723693847656,180.0832061767578,65.38275909423828
2022-07-13,88.46846771240234,65.4970932006836,161.60000610351562,32.939998626708984,79.65625762939453,359.69439697265625,162.70675659179688,278.760498046875,114.49466705322266,359.1001892089844,329.2319030761719,179.29864501953125,65.2977294921875
2022-07-14,88.15685272216797,65.2890853881836,159.3300018310547,32.45000076293945,79.30618286132812,358.82537841796875,161.03521728515625,279.7558288574219,114.88426208496094,358.2281799316406,328.3624267578125,178.50465393066406,64.65531921386719
2022-07-15,88.5030746459961,65.5230941772461,159.00999450683594,32.400001525878906,80.8294677734375,365.673583984375,164.3877716064453,284.83038330078125,116.88079833984375,365.0721740722656,334.5716552734375,181.97377014160156,65.95902252197266
2022-07-18,88.21745300292969,65.32373809814453,159.16000366210938,32.41999816894531,80.25232696533203,362.71710205078125,163.92237854003906,282.4200134277344,115.93609619140625,362.0577697753906,331.80255126953125,180.71656799316406,65.7984390258789
2022-07-19,88.0962905883789,65.27173614501953,159.5399932861328,32.5099983215332,82.51361083984375,372.46514892578125,169.7061767578125,291.1053161621094,119.44222259521484,371.84027099609375,340.8092346191406,185.76429748535156,68.10348510742188
2022-07-20,88.03567504882812,65.21106719970703,158.0399932861328,32.209999084472656,83.21376037597656,374.7698669433594,172.3654327392578,295.7212219238281,121.40955352783203,374.2100830078125,342.9924011230469,187.2672576904297,69.20881652832031
2022-07-21,88.77143859863281,65.74842834472656,160.27000427246094,32.65999984741211,84.01799774169922,378.59539794921875,173.2487030029297,299.96630859375,123.15288543701172,378.02069091796875,346.46087646484375,189.12001037597656,69.52999877929688
2022-07-22,89.4638671875,66.28580474853516,160.6699981689453,32.75,83.1002426147461,375.2232971191406,170.48500061035156,294.70635986328125,121.02971649169922,374.513427734375,343.3043212890625,187.0687713623047,68.4246826171875
2022-07-25,89.13494873046875,66.04310607910156,160.22999572753906,32.650001525878906,83.23269653320312,375.6104736328125,171.36822509765625,293.0278015136719,120.35771942138672,374.968505859375,343.64447021484375,187.32395935058594,68.82147979736328
2022-07-26,89.11762237548828,66.06043243408203,160.0399932861328,32.61000061035156,82.1824722290039,371.152099609375,170.31402587890625,287.2701416015625,117.9813232421875,370.53216552734375,339.52392578125,185.00808715820312,68.38689422607422
2022-07-27,89.42922973632812,66.24247741699219,161.6699981689453,32.95000076293945,84.3586196899414,380.7489318847656,174.1888885498047,299.4101257324219,122.9581069946289,380.1535339355469,348.4172668457031,189.86676025390625,69.85121154785156
2022-07-28,90.0697250366211,66.7018051147461,163.63999938964844,33.349998474121094,85.44666290283203,385.5852966308594,176.58221435546875,302.33770751953125,124.14629364013672,384.9216003417969,352.8213806152344,192.3433837890625,70.8620376586914
2022-07-29,90.07842254638672,66.64981842041016,164.10000610351562,33.45000076293945,86.60098266601562,391.31878662109375,177.8358612060547,307.8514404296875,126.40580749511719,390.5332336425781,357.9909973144531,194.9617462158203,71.35328674316406
2022-08-01,90.39058685302734,66.93899536132812,165.02999877929688,33.630001068115234,86.38337707519531,390.06256103515625,177.7693328857422,307.666015625,126.34732818603516,389.37677001953125,356.91363525390625,194.50802612304688,71.31549072265625
2022-08-02,89.4626693725586,66.2615966796875,164.0500030517578,33.41999816894531,85.9103012084961,387.57830810546875,177.59841918945312,306.74871826171875,125.91883087158203,386.8080139160156,354.6075439453125,193.4587860107422,71.3060302734375
2022-08-03,89.86161041259766,66.59162139892578,164.4499969482422,33.52000045776367,87.26329040527344,393.6236267089844,180.21018981933594,315.10223388671875,129.2691192626953,392.8651428222656,360.1457824707031,196.56874084472656,72.30741882324219
2022-08-04,90.07842254638672,66.75659942626953,167.1699981689453,34.04999923706055,87.20652770996094,393.2457275390625,179.8302764892578,316.5758361816406,130.01904296875,392.5997619628906,359.86224365234375,196.37966918945312,72.250732421875
2022-08-05,89.07239532470703,66.00108337402344,165.2899932861328,33.68000030517578,87.17813110351562,392.5561828613281,181.2073516845703,313.98968505859375,128.94773864746094,391.9361572265625,359.1156921386719,196.31349182128906,72.75142669677734
2022-08-08,89.47998046875,66.29635620117188,166.69000244140625,33.970001220703125,87.20652770996094,392.2161865234375,183.12583923339844,312.9748229980469,128.50950622558594,391.4812316894531,358.7943420410156,196.49310302734375,73.5261001586914
2022-08-09,89.28053283691406,66.14871978759766,167.1999969482422,34.06999969482422,86.69561004638672,390.5726013183594,180.6280517578125,309.43231201171875,127.048583984375,389.9266052246094,357.376708984375,195.25479125976562,72.4963607788086
2022-08-10,89.50604248046875,66.3310775756836,166.77999877929688,34.0099983215332,88.67304229736328,398.75262451171875,185.7849884033203,318.0689392089844,130.53524780273438,398.1166687011719,364.8617858886719,199.70701599121094,74.5274658203125
2022-08-11,89.02903747558594,65.9576644897461,166.33999633789062,33.900001525878906,88.69198608398438,398.8943176269531,186.4783477783203,316.2635498046875,129.90220642089844,398.1166687011719,364.8617858886719,199.71644592285156,74.86754608154297
2022-08-12,89.427978515625,66.2615966796875,167.8699951171875,34.209999084472656,90.205810546875,405.4591064453125,190.2866973876953,322.4213562011719,132.41494750976562,404.85638427734375,371.10882568359375,203.1761474609375,76.33186340332031
2022-08-15,89.54071044921875,66.3310775756836,165.7100067138672,33.779998779296875,90.55587768554688,407.2443542480469,190.96107482910156,325.0269775390625,133.447265625,406.524658203125,372.6966247558594,203.97019958496094,76.62472534179688
2022-08-16,89.41061401367188,66.24425506591797,165.4199981689453,33.709999084472656,90.73566436767578,408.0945739746094,190.88507080078125,324.2657775878906,133.2135467529297,407.3208923339844,373.3487854003906,204.40499877929688,76.61526489257812
2022-08-17,88.88160705566406,65.85346221923828,164.35000610351562,33.5,89.94088745117188,405.0246887207031,187.67501831054688,320.567138671875,131.63575744628906,404.4297790527344,370.7970275878906,202.57118225097656,75.3304672241211
2022-08-18,89.07239532470703,65.97502899169922,163.9199981689453,33.40999984741211,90.19634246826172,406.2147521972656,188.91912841796875,321.3381042480469,131.9376983642578,405.60516357421875,371.9405517578125,203.10052490234375,75.84059143066406
2022-08-19,88.44800567626953,65.55818176269531,162.72000122070312,33.150001525878906,88.91903686523438,400.8401184082031,184.86376953125,315.07293701171875,129.35679626464844,400.1546325683594,366.8086853027344,200.19854736328125,74.17792510986328
2022-08-22,88.0664291381836,65.26290893554688,161.63999938964844,32.93000030517578,87.03620910644531,392.43341064453125,181.05543518066406,306.77801513671875,126.00650787353516,391.82244873046875,359.0778503417969,195.9164581298828,72.6664047241211
2022-08-23,88.03173828125,65.23686218261719,162.77000427246094,33.18000030517578,86.8564453125,391.564453125,181.34983825683594,306.5242919921875,125.87986755371094,390.8744812011719,358.2272644042969,195.5478515625,72.78923797607422
2022-08-24,87.7976303100586,65.07183837890625,163.25,33.27000045776367,87.18759155273438,392.7829284667969,182.73643493652344,307.412353515625,126.17205047607422,392.1257629394531,359.3141174316406,196.3702392578125,73.34658813476562
2022-08-25,88.2832260131836,65.42792510986328,163.75,33.380001068115234,88.474365234375,398.318115234375,185.57608032226562,312.8480529785156,128.46075439453125,397.6615905761719,364.5499572753906,199.2154998779297,74.51801300048828
2022-08-26,88.11845397949219,65.29766845703125,161.75999450683594,32.97999954223633,85.49398040771484,384.70672607421875,179.47885131835938,300.0248718261719,123.23079681396484,384.2010498046875,352.0558166503906,192.6175079345703,72.01457214355469
2022-08-29,87.69353485107422,65.00238037109375,161.86000061035156,32.9900016784668,84.92633056640625,382.392578125,177.82638549804688,297.0680236816406,121.96468353271484,381.6607666015625,349.7309875488281,191.20904541015625,71.37215423583984
2022-08-30,87.8062744140625,65.05448913574219,160.50999450683594,32.709999084472656,83.98015594482422,378.0097961425781,175.3380584716797,293.759765625,120.62067413330078,377.4709777832031,345.9316101074219,189.0821990966797,70.40857696533203
2022-08-31,87.33797454833984,64.7852783203125,159.27000427246094,32.459999084472656,83.30840301513672,375.16656494140625,174.27438354492188,292.052001953125,120.0071029663086,374.5987854003906,343.2098083496094,187.69265747070312,69.90788269042969
2022-09-01,86.9590835571289,64.43368530273438,157.8699951171875,32.15999984741211,83.42192077636719,376.451171875,172.37493896484375,292.17877197265625,119.9583969116211,375.7742004394531,344.2682800292969,187.8060760498047,69.16156768798828
2022-09-02,87.21112060546875,64.59905242919922,159.25999450683594,32.470001220703125,82.57040405273438,372.4272766113281,171.0358123779297,288.0508728027344,118.3416748046875,371.8118591308594,340.6579895019531,185.94390869140625,68.67031860351562
2022-09-06,86.39425659179688,64.0159683227539,158.3300018310547,32.27000045776367,82.22979736328125,370.94427490234375,169.3452911376953,285.98193359375,117.46515655517578,370.408935546875,339.5144348144531,185.1876678466797,68.00902557373047
2022-09-07,86.99385070800781,64.47721099853516,159.94000244140625,32.61000061035156,83.7530746459961,377.6602783203125,173.03024291992188,291.75921630859375,119.80257415771484,377.0633850097656,345.600830078125,188.60952758789062,69.42607879638672
2022-09-08,86.71576690673828,64.27705383300781,158.97999572753906,32.400001525878906,84.36807250976562,380.04058837890625,174.4738311767578,293.27178955078125,120.39667510986328,379.52789306640625,347.8596496582031,190.10308837890625,70.04959106445312
2022-09-09,86.70708465576172,64.25093841552734,159.82000732421875,32.58000183105469,85.74944305419922,386.1047668457031,177.97830200195312,299.683349609375,122.9581069946289,385.4240417480469,353.22772216796875,193.2602996826172,71.41940307617188
2022-09-12,86.57672882080078,64.17262268066406,160.6300048828125,32.75,86.72399139404297,390.2703857421875,180.1342010498047,303.2453308105469,124.47740936279297,389.56640625,357.1120300292969,195.33987426757812,72.31686401367188
2022-09-13,86.09012603759766,63.85064697265625,158.5399932861328,32.310001373291016,82.99616241455078,373.23968505859375,173.08721923828125,286.6163024902344,117.68915557861328,372.6270446777344,341.5369873046875,186.94589233398438,69.5111083984375
2022-09-14,86.20305633544922,63.9289436340332,157.92999267578125,32.189998626708984,83.31783294677734,374.6659851074219,173.76150512695312,288.8901062011719,118.64362335205078,374.04901123046875,342.8128662109375,187.67376708984375,69.77562713623047
2022-09-15,85.94236755371094,63.737483978271484,154.97999572753906,31.579999923706055,82.38115692138672,370.33984375,172.49838256835938,284.07904052734375,116.6275863647461,369.8022766113281,338.98516845703125,185.66976928710938,69.21824645996094
2022-09-16,85.88154602050781,63.66787338256836,155.83999633789062,31.75,81.65261840820312,367.534423828125,169.99114990234375,282.3420104980469,115.8289566040039,366.98101806640625,336.320068359375,183.97775268554688,68.21685028076172
2022-09-19,85.75122833251953,63.6243896484375,155.9600067138672,31.780000686645508,82.26761627197266,370.396484375,171.44419860839844,284.54058837890625,116.84882354736328,369.8270263671875,338.90008544921875,185.28219604492188,68.81202697753906
2022-09-20,85.36885070800781,63.311058044433594,155.07000732421875,31.610000610351562,81.27416229248047,366.0419921875,169.10787963867188,282.2724914550781,115.90216827392578,365.5819396972656,335.08203125,183.12701416015625,67.90510559082031
2022-09-21,85.63824462890625,63.48512649536133,155.7899932861328,31.739999771118164,79.91171264648438,359.7983093261719,166.5246124267578,277.2181396484375,113.82341003417969,359.20477294921875,329.1846008300781,179.99818420410156,66.83760070800781
2022-09-22,84.72577667236328,62.83243179321289,155.6999969482422,31.729999542236328,79.00341033935547,356.75677490234375,162.77320861816406,273.80621337890625,112.42782592773438,356.1875,326.40606689453125,177.98472595214844,65.33553314208984
2022-09-23,84.46512603759766,62.65835952758789,153.00999450683594,31.18000030517578,77.5936508178711,350.83428955078125,158.8983154296875,269.34820556640625,110.67115020751953,350.21966552734375,320.98126220703125,174.91476440429688,63.7956657409668
2022-09-26,83.37889099121094,61.85773468017578,151.22999572753906,30.81999969482422,76.72362518310547,347.37451171875,156.72271728515625,268.233642578125,110.00752258300781,346.7550964355469,317.87188720703125,172.99720764160156,62.945430755615234
2022-09-27,83.0226058959961,61.587947845458984,151.5399932861328,30.8799991607666,76.66656494140625,346.4819641113281,157.25730895996094,268.3412170410156,110.20270538330078,345.8698425292969,316.97406005859375,172.7408905029297,63.12492370605469
2022-09-28,84.3608169555664,62.545249938964844,154.69000244140625,31.520000457763672,78.24498748779297,353.21356201171875,162.2310028076172,273.6790771484375,112.43758392333984,352.67535400390625,323.2001647949219,176.37667846679688,65.11353302001953
2022-09-29,83.91765594482422,62.223243713378906,154.66000366210938,31.520000457763672,76.6475601196289,345.95037841796875,158.5938262939453,265.78955078125,109.24626159667969,345.3083190917969,316.46051025390625,172.71243286132812,63.65243148803711
2022-09-30,83.7177734375,62.075294494628906,154.6699981689453,31.530000686645508,75.63015747070312,340.51947021484375,157.438720703125,261.2827453613281,107.30416107177734,339.9686584472656,311.6382751464844,170.36769104003906,63.216007232666016
2022-10-03,84.39796447753906,62.59513854980469,158.42999267578125,32.279998779296875,77.53184509277344,349.52972412109375,161.6104736328125,267.41241455078125,109.82207489013672,348.9442443847656,319.8778076171875,174.6964111328125,64.93324279785156
2022-10-04,84.62439727783203,62.752105712890625,160.6999969482422,32.75,80.07059478759766,360.2300720214844,168.01611328125,275.820068359375,113.2964096069336,359.7568359375,329.5886535644531,180.306640625,67.43799591064453
2022-10-05,84.18022918701172,62.420684814453125,159.80999755859375,32.58000183105469,79.8328857421875,359.3850402832031,166.7750244140625,275.6734924316406,113.1695327758789,358.91925048828125,329.0191345214844,179.96493530273438,67.030029296875
2022-10-06,83.84929656982422,62.18520736694336,159.6300048828125,32.54999923706055,79.11973571777344,355.83416748046875,165.83953857421875,273.5031433105469,112.34976196289062,355.2167053222656,325.55426025390625,178.2467498779297,66.60308837890625
2022-10-07,83.40513610839844,61.862491607666016,157.8800048828125,32.189998626708984,76.83771514892578,345.912353515625,160.9613037109375,263.0815734863281,108.00684356689453,345.3083190917969,316.4130859375,173.14907836914062,64.60118865966797
2022-10-10,83.0306396484375,61.58340835571289,155.47999572753906,31.690000534057617,76.22917938232422,343.3393859863281,160.06394958496094,260.4516906738281,106.9040298461914,342.6717529296875,314.0494384765625,171.77264404296875,64.25965118408203
2022-10-11,83.08291625976562,61.60083770751953,155.16000366210938,31.6200008392334,75.7157211303711,340.9847412109375,160.11167907714844,256.8735656738281,105.55724334716797,340.50164794921875,311.98004150390625,170.6714630126953,64.26913452148438
2022-10-12,83.15257263183594,61.670616149902344,155.99000549316406,31.809999465942383,75.53507232666016,339.88336181640625,159.67251586914062,256.7855529785156,105.5084457397461,339.3785095214844,311.0118408203125,170.20631408691406,64.0983657836914
2022-10-13,82.89131927490234,61.452571868896484,154.91000366210938,31.56999969482422,77.39871978759766,348.931640625,163.624755859375,262.8078308105469,107.89947509765625,348.33502197265625,319.1564025878906,174.43063354492188,65.67330169677734
2022-10-14,82.43844604492188,61.15605926513672,152.97999572753906,31.170000076293945,75.5540771484375,340.937255859375,159.24295043945312,254.90853881835938,104.69840240478516,340.39691162109375,311.9705505371094,170.32022094726562,63.9844970703125
2022-10-17,82.61262512207031,61.28688049316406,153.4199981689453,31.280000686645508,77.62692260742188,349.7101135253906,164.32164001464844,263.3259582519531,108.07514953613281,349.14410400390625,319.8968505859375,174.86729431152344,65.96739959716797
2022-10-18,82.7519760131836,61.426414489746094,153.75,31.34000015258789,78.53023529052734,353.71685791015625,166.26910400390625,265.4083557128906,109.03157806396484,353.2464294433594,323.665283203125,177.00320434570312,66.66949462890625
2022-10-19,82.037841796875,60.920555114746094,151.69000244140625,30.920000076293945,77.83612823486328,351.39068603515625,163.44334411621094,264.4404602050781,108.62168884277344,350.74322509765625,321.4250793457031,175.49380493164062,65.59739685058594
2022-10-20,81.54141998291016,60.51063919067383,151.4499969482422,30.8799991607666,77.19904327392578,348.3998718261719,161.3622589111328,263.0912780761719,108.00684356689453,347.8020935058594,318.7861633300781,173.97499084472656,64.77198028564453
2022-10-21,81.6633529663086,60.61530685424805,154.14999389648438,31.43000030517578,78.99613189697266,356.8120422363281,164.8657684326172,269.2602233886719,110.60282135009766,356.2541809082031,326.4466247558594,177.98092651367188,66.25203704833984
2022-10-24,81.55010986328125,60.52810287475586,153.64999389648438,31.31999969482422,79.81387329101562,361.1984558105469,165.57220458984375,272.2225036621094,111.81298065185547,360.6134338378906,330.42388916015625,179.89849853515625,66.4892349243164
2022-10-25,82.35135650634766,61.103675842285156,154.0,31.389999389648438,81.28767395019531,366.9996337890625,170.08766174316406,277.8536071777344,114.0674057006836,366.3719177246094,335.7967224121094,183.15451049804688,68.25393676757812
2022-10-26,82.7171630859375,61.347923278808594,154.97999572753906,31.600000381469727,80.72667694091797,364.2271728515625,170.927734375,271.71405029296875,111.54949188232422,363.611572265625,333.2906494140625,182.02488708496094,68.62394714355469
2022-10-27,83.13514709472656,61.670616149902344,154.74000549316406,31.559999465942383,80.4319076538086,362.2903747558594,170.96591186523438,266.7672119140625,109.5097885131836,361.6699523925781,331.506103515625,181.17051696777344,68.62394714355469
2022-10-28,82.9261474609375,61.54853439331055,153.16000366210938,31.219999313354492,82.27656555175781,370.7878723144531,174.8512725830078,274.93048095703125,112.89627838134766,370.27435302734375,339.24249267578125,185.38534545898438,70.18940734863281
2022-10-31,82.64745330810547,61.35662078857422,151.91000366210938,30.979999542236328,81.71556091308594,368.1864318847656,175.01356506347656,271.73370361328125,111.59828186035156,367.5997619628906,336.9357604980469,184.18923950195312,70.26531219482422
2022-11-01,82.80107116699219,61.42045593261719,153.4600067138672,31.290000915527344,81.4493179321289,366.7242431640625,175.25222778320312,268.95709228515625,110.44667053222656,365.9912109375,335.578369140625,183.61964416503906,70.38864135742188
2022-11-02,82.66143035888672,61.32429122924805,152.38999938964844,31.059999465942383,79.30992889404297,357.3246765136719,169.43850708007812,259.7380676269531,106.7088394165039,356.8061828613281,327.0161437988281,178.7877960205078,68.02621459960938
2022-11-03,82.35591125488281,61.08826446533203,151.80999755859375,30.959999084472656,78.58728790283203,353.73583984375,168.30247497558594,254.6641845703125,104.6301040649414,353.1322326660156,323.5323486328125,177.0791473388672,67.64672088623047
2022-11-04,82.34716033935547,61.10573196411133,156.47000122070312,31.90999984741211,79.58565521240234,358.7394104003906,170.5745086669922,258.76043701171875,106.22086334228516,358.2149353027344,328.26922607421875,179.35740661621094,68.48162841796875
2022-11-07,82.0853271484375,60.869712829589844,155.85000610351562,31.770000457763672,80.30831146240234,362.2428894042969,171.34776306152344,261.60528564453125,107.41150665283203,361.64141845703125,331.4206848144531,180.9901580810547,68.8421630859375
2022-11-08,82.43445587158203,61.14071273803711,159.4499969482422,32.4900016784668,80.70765686035156,364.208251953125,171.41458129882812,263.5118103027344,108.21178436279297,363.59259033203125,333.2242736816406,181.93942260742188,68.83267211914062
2022-11-09,82.53048706054688,61.22813034057617,158.64999389648438,32.34000015258789,78.98662567138672,356.7740783691406,166.7082061767578,257.4308166503906,105.73291015625,356.1019592285156,326.4181823730469,178.01889038085938,66.95413970947266
2022-11-10,84.30243682861328,62.49570083618164,163.47999572753906,33.33000183105469,83.49364471435547,376.31378173828125,176.9705810546875,276.4262390136719,113.44280242919922,375.671142578125,344.282958984375,188.09078979492188,71.0243148803711
2022-11-11,84.24131774902344,62.49570083618164,164.55999755859375,33.560001373291016,84.38744354248047,379.94061279296875,178.421630859375,281.5197448730469,115.609375,379.30706787109375,347.57684326171875,190.0083465576172,71.6410140991211
2022-11-14,84.00566864013672,62.29466247558594,164.9199981689453,33.63999938964844,83.55068969726562,376.75042724609375,176.42645263671875,279.0561218261719,114.59439849853516,376.0804138183594,344.7861022949219,188.29017639160156,70.90099334716797
2022-11-15,84.62537384033203,62.73174285888672,165.5,33.7400016784668,84.41595458984375,379.9501037597656,179.04212951660156,282.9178161621094,116.18518829345703,379.2880554199219,347.6338195800781,190.1981964111328,71.93513488769531
2022-11-16,85.14915466308594,63.090171813964844,165.1199951171875,33.65999984741211,83.5887451171875,377.1587219238281,175.891845703125,279.0561218261719,114.57489013671875,376.39453125,344.9949645996094,188.26165771484375,70.587890625
2022-11-17,84.79124450683594,62.827903747558594,163.9199981689453,33.40999984741211,83.2178955078125,375.8864440917969,174.2593994140625,278.440185546875,114.35041809082031,375.2427673339844,343.9981994628906,187.47373962402344,69.99964904785156
2022-11-18,84.6690444946289,62.72299575805664,162.7899932861328,33.189998626708984,83.60774230957031,377.6714172363281,175.38587951660156,278.4499816894531,114.46753692626953,376.94659423828125,345.5169982910156,188.35659790039062,70.33171081542969
2022-11-21,84.61670684814453,62.72299575805664,161.8800048828125,33.0099983215332,83.24641418457031,376.228271484375,174.4694366455078,275.5855407714844,113.18905639648438,375.5759582519531,344.30194091796875,187.55923461914062,70.02810668945312
2022-11-22,85.0530776977539,63.046451568603516,162.07000732421875,33.029998779296875,84.34939575195312,381.4122619628906,176.33096313476562,279.5547180175781,114.76030731201172,380.6300964355469,348.8867492675781,190.01780700683594,70.80609130859375
2022-11-23,85.55935668945312,63.43107986450195,163.0800018310547,33.2400016784668,84.89139556884766,383.69085693359375,176.7892303466797,282.36053466796875,116.03880310058594,383.0286560058594,351.07012939453125,191.17599487304688,70.98636627197266
2022-11-25,85.57685852050781,63.43107986450195,163.22000122070312,33.279998779296875,84.86286163330078,383.66241455078125,177.16151428222656,280.5030212402344,115.19947814941406,382.94305419921875,351.03216552734375,191.31834411621094,71.15714263916016
2022-11-28,85.4371566772461,63.3524169921875,161.92999267578125,33.0099983215332,83.51265716552734,377.5859680175781,173.59115600585938,276.38714599609375,113.48184204101562,376.8323669433594,345.47906494140625,188.21420288085938,69.6960678100586
2022-11-29,85.13166046142578,63.11637878417969,162.72999572753906,33.189998626708984,83.44608306884766,376.9403381347656,174.0971221923828,274.2950134277344,112.68156433105469,376.1850891113281,344.87152099609375,187.919921875,69.91427612304688
2022-11-30,85.7950439453125,63.60594177246094,164.80999755859375,33.599998474121094,85.99436950683594,388.6280822753906,178.8702850341797,286.79888916015625,117.83451080322266,388.03521728515625,355.484130859375,193.71054077148438,71.77384185791016
2022-12-01,86.50896453857422,64.1360092163086,167.83999633789062,34.22999954223633,86.03239440917969,388.4666442871094,178.47891235351562,287.1509094238281,117.95164489746094,387.7496337890625,355.5316467285156,193.824462890625,71.68843841552734
2022-12-02,86.86766052246094,64.39888000488281,167.25999450683594,34.119998931884766,85.92781066894531,388.04888916015625,179.51943969726562,286.007080078125,117.45389556884766,387.30230712890625,355.01904296875,193.6440887451172,72.0869369506836
2022-12-05,86.18521881103516,63.89067840576172,164.38999938964844,33.5099983215332,84.2542953491211,381.0609436035156,174.57444763183594,281.2069091796875,115.54106903076172,380.3350524902344,348.697021484375,189.8374786376953,70.1324691772461
2022-12-06,86.43898010253906,64.10098266601562,164.83999633789062,33.619998931884766,83.00872039794922,375.61102294921875,171.9014434814453,275.38018798828125,113.23785400390625,374.8525695800781,343.65643310546875,186.98963928222656,69.01293182373047
2022-12-07,87.20887756347656,64.66173553466797,166.3300018310547,33.90999984741211,82.85657501220703,374.8895263671875,171.3955078125,274.25592041015625,112.61325073242188,374.21484375,342.9919738769531,186.68585205078125,68.8421630859375
2022-12-08,86.94639587402344,64.47772216796875,166.47000122070312,33.939998626708984,83.49364471435547,377.83282470703125,172.6365203857422,277.5016784667969,113.93077087402344,377.14642333984375,345.6973571777344,188.2996063232422,69.31656646728516
2022-12-09,86.43021392822266,64.10098266601562,167.05999755859375,34.04999923706055,82.88509368896484,375.04144287109375,170.51724243164062,275.732177734375,113.27688598632812,374.3291320800781,343.17242431640625,186.7238311767578,68.4626693725586
2022-12-12,86.44771575927734,64.10098266601562,165.67999267578125,33.7599983215332,84.02610778808594,380.3014221191406,172.52197265625,279.1929626464844,114.64319610595703,379.725830078125,348.0704345703125,189.4102783203125,69.30706787109375
2022-12-13,87.02513122558594,64.5390625,168.50999450683594,34.36000061035156,84.70049285888672,383.3374938964844,173.95095825195312,282.1942443847656,115.92168426513672,382.600341796875,350.6429748535156,190.82473754882812,69.84786224365234
2022-12-14,87.21761322021484,64.69676208496094,168.10000610351562,34.279998779296875,84.25155639648438,381.0394287109375,172.80966186523438,280.1022033691406,114.93598937988281,380.1541442871094,348.5261535644531,189.7615203857422,69.37348175048828
2022-12-15,87.34564971923828,64.73182678222656,165.35000610351562,33.720001220703125,82.13093566894531,371.5992736816406,168.48439025878906,270.69732666015625,111.25670623779297,370.85498046875,339.9544372558594,185.0341033935547,67.64258575439453
2022-12-16,87.11766052246094,64.56534576416016,166.7899932861328,34.0,81.1948013305664,367.060302734375,167.22804260253906,268.1163330078125,110.1441421508789,366.4765930175781,335.90106201171875,182.91720581054688,67.1750259399414
2022-12-19,86.58274841308594,64.17981719970703,166.32000732421875,33.90999984741211,80.41150665283203,364.00897216796875,164.96470642089844,264.3483581542969,108.59846496582031,363.3689880371094,333.0059509277344,181.07557678222656,66.24943542480469
2022-12-20,85.99524688720703,63.759254455566406,169.0800018310547,34.4900016784668,80.51657104492188,364.4285583496094,165.83740234375,264.1426086425781,108.4810562133789,363.8661804199219,333.5133056640625,181.45526123046875,66.58341217041016
2022-12-21,86.23200225830078,63.90821075439453,168.8000030517578,34.43000030517578,81.73929595947266,369.86376953125,168.69537353515625,267.9743347167969,110.05608367919922,369.306884765625,338.5016784667969,184.19873046875,67.72844696044922
2022-12-22,86.20569610595703,63.899417877197266,166.75999450683594,33.9900016784668,80.58345031738281,364.8290710449219,166.48960876464844,261.4182434082031,107.40496826171875,364.0383605957031,333.74224853515625,181.5861053466797,66.90784454345703
2022-12-23,85.9075698852539,63.69921112060547,167.25999450683594,34.11000061035156,81.051513671875,366.72662353515625,167.2472381591797,262.0062255859375,107.63973236083984,366.1323547363281,335.6116638183594,182.58767700195312,67.14639282226562
2022-12-27,85.28499603271484,63.20740509033203,168.6699981689453,34.380001068115234,80.69808959960938,365.3153991699219,166.12518310546875,258.30194091796875,106.03536987304688,364.6885986328125,334.2763366699219,181.8245849609375,66.736083984375
2022-12-28,85.13592529296875,63.119571685791016,167.91000366210938,34.220001220703125,79.70464324951172,360.8813171386719,163.54534912109375,254.8916015625,104.67556762695312,360.1562194824219,330.175048828125,179.5353546142578,65.65785217285156
2022-12-29,85.45160675048828,63.35669708251953,168.85000610351562,34.439998626708984,81.18524932861328,367.1270751953125,167.6884002685547,261.1047058105469,107.26800537109375,366.6391296386719,336.0313720703125,182.83566284179688,67.3181381225586
2022-12-30,85.04824829101562,63.09321212768555,169.63999938964844,34.59000015258789,81.0037612915039,366.3642883300781,167.21844482421875,260.9478454589844,107.1506118774414,365.6734619140625,335.10614013671875,182.3682861328125,67.14639282226562
2023-01-03,85.54801177978516,63.42695236206055,171.05999755859375,34.880001068115234,80.64075469970703,364.7622985839844,166.29779052734375,259.1838684082031,106.38755798339844,364.1339416503906,333.81854248046875,181.62429809570312,66.75518035888672
2023-01-04,86.02157592773438,63.787044525146484,172.6699981689453,35.209999084472656,81.31898498535156,367.6039123535156,168.3693084716797,260.4186706542969,106.93537902832031,366.94512939453125,336.2221374511719,183.23629760742188,67.61393737792969
2023-01-05,85.95140075683594,63.716773986816406,170.52000427246094,34.790000915527344,80.35420227050781,363.42730712890625,166.56631469726562,256.3419494628906,105.36036682128906,362.7570495605469,332.54998779296875,181.09010314941406,66.89828491210938
2023-01-06,86.88967895507812,64.41935729980469,173.7100067138672,35.43000030517578,82.1882553100586,371.7232360839844,170.30654907226562,263.41729736328125,108.138671875,371.0758361816406,340.1136169433594,185.08677673339844,68.36775970458984
2023-01-09,87.10888671875,64.59505462646484,174.10000610351562,35.5,82.19779968261719,371.46575927734375,170.5942840576172,265.12255859375,108.92127990722656,370.865478515625,339.86566162109375,185.16310119628906,68.5108871459961
2023-01-10,86.77568054199219,64.34031677246094,174.74000549316406,35.619998931884766,82.866455078125,374.1357421875,173.11656188964844,267.36669921875,109.8310775756836,373.4662780761719,342.2882385253906,186.6224822998047,69.51277923583984
2023-01-11,87.31055450439453,64.68284606933594,174.6199951171875,35.61000061035156,83.9267578125,378.798583984375,175.2744140625,271.9921875,111.75829315185547,378.1898193359375,346.65667724609375,189.0834503173828,70.36202239990234
2023-01-12,87.94192504882812,65.1834487915039,176.63999938964844,36.02000045776367,84.375732421875,380.2765808105469,178.21865844726562,273.4620666503906,112.3158950805664,379.5667724609375,347.95379638671875,189.99917602539062,71.57384490966797
2023-01-13,87.61746215820312,64.96387481689453,178.75999450683594,36.45000076293945,84.71005249023438,381.773681640625,179.388671875,275.34368896484375,113.0887451171875,381.03924560546875,349.30816650390625,190.8099365234375,72.01276397705078
2023-01-17,87.45964813232422,64.87606048583984,177.58999633789062,36.209999084472656,84.58587646484375,381.0680236816406,179.16812133789062,275.9023132324219,113.32352447509766,380.34124755859375,348.7740783691406,190.55239868164062,71.92688751220703
2023-01-18,88.32776641845703,65.47328186035156,177.0800018310547,36.11000061035156,83.2867660522461,375.0606384277344,176.27182006835938,272.3155517578125,111.83654022216797,374.33642578125,343.1085510253906,187.54771423339844,70.75323486328125
2023-01-19,88.12604522705078,65.34151458740234,179.88999938964844,36.689998626708984,82.62763977050781,372.39068603515625,174.5839080810547,269.64019775390625,110.74089050292969,371.611328125,340.6381530761719,186.02157592773438,70.07575225830078
2023-01-20,87.76655578613281,65.05168914794922,179.2899932861328,36.54999923706055,84.1846694946289,379.22772216796875,177.46102905273438,277.0194396972656,113.7833251953125,378.5340881347656,346.9045715332031,189.5889892578125,71.2303237915039
2023-01-23,87.54732513427734,64.89359283447266,179.6300048828125,36.619998931884766,85.28321075439453,383.7284240722656,179.6572723388672,283.17364501953125,116.27793884277344,383.0759582519531,351.1299133300781,191.99270629882812,72.14635467529297
2023-01-24,87.93314361572266,65.1834487915039,180.27999877929688,36.75,85.13036346435547,383.47100830078125,179.2736358642578,282.59552001953125,116.06271362304688,382.6648254394531,350.7579040527344,191.67794799804688,71.95552062988281
2023-01-25,88.03836822509766,65.26245880126953,181.11000061035156,36.939998626708984,85.15902709960938,383.53778076171875,179.7723388671875,281.9683532714844,115.81814575195312,382.8082580566406,350.88189697265625,191.77334594726562,72.18451690673828
2023-01-26,87.88933563232422,65.13951873779297,179.47000122070312,36.59000015258789,86.0760269165039,387.7524108886719,180.8368377685547,287.4659423828125,118.06817626953125,387.0154113769531,354.63037109375,193.747802734375,72.62345123291016
2023-01-27,87.75777435302734,65.06928253173828,179.22000122070312,36.54999923706055,86.42948150634766,388.71551513671875,181.8150634765625,290.3275146484375,119.22254180908203,387.90472412109375,355.641357421875,194.53001403808594,72.98603057861328
2023-01-30,87.5210189819336,64.88485717773438,178.75999450683594,36.439998626708984,85.25454711914062,383.7760925292969,179.28321838378906,284.45745849609375,116.79642486572266,383.0376892089844,351.1966857910156,191.92593383789062,72.01276397705078
2023-01-31,87.88052368164062,65.1834487915039,179.41000366210938,36.59000015258789,86.6109848022461,389.3449401855469,183.6372833251953,288.7203674316406,118.586669921875,388.66961669921875,356.1850280761719,194.9973602294922,73.71121215820312
2023-02-01,88.5002670288086,65.60247802734375,181.6699981689453,37.06999969482422,87.62352752685547,393.5024108886719,186.52398681640625,294.8941955566406,121.13018798828125,392.80029296875,360.0860900878906,197.3724822998047,74.88489532470703
2023-02-02,88.596923828125,65.64652252197266,177.89999389648438,36.2599983215332,88.97994995117188,399.2141418457031,190.19711303710938,305.4779052734375,125.41503143310547,398.5182800292969,365.2461242675781,200.31988525390625,76.38296508789062
2023-02-03,87.74427032470703,65.06546020507812,173.4600067138672,35.369998931884766,88.07246398925781,395.1043395996094,188.9215850830078,300.04888916015625,123.25304412841797,394.282470703125,361.3450622558594,198.25003051757812,75.84861755371094
2023-02-06,87.26082611083984,64.6605224609375,173.82000732421875,35.45000076293945,87.41336822509766,392.6727294921875,186.1883087158203,297.5107116699219,122.15737915039062,391.8728942871094,359.2562255859375,196.7620086669922,74.76083374023438
2023-02-07,87.11136627197266,64.57247924804688,173.97999572753906,35.47999954223633,88.54054260253906,397.7457275390625,187.5693359375,303.67474365234375,124.72045135498047,396.998046875,363.89166259765625,199.24203491210938,75.32380676269531
2023-02-08,87.2344741821289,64.68695831298828,174.41000366210938,35.58000183105469,87.5089111328125,393.406982421875,184.8264617919922,298.27508544921875,122.49976348876953,392.65692138671875,359.90478515625,197.11489868164062,74.2073974609375
2023-02-09,86.89160919189453,64.42283630371094,173.02999877929688,35.290000915527344,86.68739318847656,390.069580078125,182.1507110595703,295.6389465332031,121.43344116210938,389.2528991699219,356.8240661621094,195.19769287109375,73.19596099853516
2023-02-10,86.51365661621094,64.14994049072266,173.36000061035156,35.349998474121094,86.84977722167969,390.9182434082031,182.51516723632812,293.6986389160156,120.64104461669922,390.1612854003906,357.6920166015625,195.5505828857422,73.29137420654297
2023-02-13,86.77735900878906,64.3260269165039,172.47999572753906,35.18000030517578,87.84320831298828,395.5143737792969,184.7113800048828,298.4024658203125,122.58782196044922,394.7413330078125,361.8219909667969,197.8780059814453,74.15968322753906
2023-02-14,86.4697036743164,64.10591888427734,172.61000061035156,35.20000076293945,87.89098358154297,395.3045654296875,184.62506103515625,300.60748291015625,123.46826171875,394.5597229003906,361.68841552734375,197.954345703125,74.14060974121094
2023-02-15,86.30266571044922,63.965057373046875,170.88999938964844,34.84000015258789,88.33039093017578,396.5632629394531,186.49520874023438,302.910400390625,124.41719055175781,395.8410339355469,362.89984130859375,198.84140014648438,74.91352081298828
2023-02-16,85.9422836303711,63.71857452392578,170.75,34.84000015258789,87.1458969116211,391.2234191894531,184.7113800048828,297.22650146484375,122.07910919189453,390.39080810546875,357.8541259765625,196.189697265625,74.19786834716797
2023-02-17,86.14447021484375,63.85940933227539,171.25999450683594,34.93000030517578,86.92620086669922,390.1363525390625,185.21969604492188,295.12939453125,121.20845794677734,389.4154968261719,356.9289245605469,195.61737060546875,74.33145141601562
2023-02-21,85.33575439453125,63.30479431152344,170.6199951171875,34.790000915527344,85.08260345458984,382.40301513671875,179.75314331054688,288.1422119140625,118.3812255859375,381.60345458984375,349.84234619140625,191.56349182128906,72.19407653808594
2023-02-22,85.5643081665039,63.4456672668457,169.66000366210938,34.61000061035156,84.9870834350586,381.7546081542969,180.24227905273438,288.35784912109375,118.39100646972656,381.07757568359375,349.4035339355469,191.40135192871094,72.42308044433594
2023-02-23,85.87196350097656,63.67454147338867,169.57000732421875,34.58000183105469,85.48379516601562,383.76654052734375,181.52735900878906,290.87628173828125,119.427978515625,383.10467529296875,351.1585693359375,192.42193603515625,72.90016174316406
2023-02-24,85.37972259521484,63.322410583496094,168.35000610351562,34.33000183105469,84.56676483154297,379.61859130859375,179.82986450195312,286.005859375,117.44208526611328,379.0121765136719,347.4006042480469,190.2757568359375,72.22268676757812
2023-02-27,85.5467529296875,63.42804718017578,169.00999450683594,34.45000076293945,84.83423614501953,380.9440612792969,180.46282958984375,288.0540466308594,118.30294799804688,380.3030090332031,348.60235595703125,190.95303344726562,72.48986053466797
2023-02-28,85.53794860839844,63.4456672668457,169.77999877929688,34.619998931884766,84.61453247070312,379.4851379394531,180.47238159179688,287.6815490722656,118.1659927368164,378.8974304199219,347.2861022949219,190.31390380859375,72.46123504638672
2023-03-01,85.0479965209961,63.069801330566406,170.75999450683594,34.84000015258789,84.31841278076172,378.1310729980469,180.70260620117188,285.36883544921875,117.17794036865234,377.44403076171875,346.0175476074219,190.771728515625,72.58528137207031
2023-03-02,84.87179565429688,62.93743896484375,170.66000366210938,34.83000183105469,84.91065216064453,381.1061706542969,181.1341552734375,287.7305603027344,118.24427032470703,380.37957763671875,348.60235595703125,191.06748962402344,72.76656341552734
2023-03-03,85.54144287109375,63.42271041870117,172.49000549316406,35.189998626708984,86.26708984375,387.2184753417969,183.6564483642578,293.6790771484375,120.6214828491211,386.47998046875,354.1248474121094,194.17706298828125,73.73985290527344
2023-03-06,85.32998657226562,63.27272415161133,171.6199951171875,35.02000045776367,86.17156219482422,387.6571350097656,180.97113037109375,294.0122375488281,120.7682113647461,386.7476806640625,354.5540771484375,193.9194793701172,72.66162109375
2023-03-07,85.21542358398438,63.20212936401367,168.6199951171875,34.380001068115234,84.86289978027344,381.5447998046875,178.87081909179688,290.4058837890625,119.28123474121094,380.81939697265625,349.06976318359375,191.02931213378906,71.83145904541016
2023-03-08,85.12732696533203,63.14922332763672,168.5399932861328,34.38999938964844,84.9870834350586,382.2122802734375,178.95713806152344,291.8562927246094,119.86820983886719,381.4408874511719,349.6134033203125,191.2772979736328,71.8505630493164
2023-03-09,85.43573760986328,63.36097717285156,170.1999969482422,34.70000076293945,83.31541442871094,375.1369934082031,173.97972106933594,286.799560546875,117.75513458251953,374.40338134765625,343.2134094238281,187.5000762939453,69.8753662109375
2023-03-10,86.43141174316406,64.11980438232422,173.8699951171875,35.459999084472656,81.89212036132812,369.86376953125,168.9639434814453,282.7718505859375,116.16053009033203,369.0009460449219,338.2918395996094,184.3427276611328,67.8143310546875
2023-03-13,87.11869812011719,64.63155364990234,177.86000061035156,36.290000915527344,81.67241668701172,369.09149169921875,166.21145629882812,284.8690490722656,116.95293426513672,368.47503662109375,337.7195739746094,183.5796661376953,66.69792175292969
2023-03-14,86.6076431274414,64.22566223144531,176.8300018310547,36.06999969482422,83.00019836425781,375.299072265625,169.29000854492188,291.4153137207031,119.61385345458984,374.56591796875,343.327880859375,186.85140991210938,68.0051498413086
2023-03-15,87.4711685180664,64.88740539550781,178.2100067138672,36.34000015258789,82.34107971191406,372.99151611328125,166.49917602539062,292.9440612792969,120.26929473876953,372.2232360839844,341.2104797363281,185.41110229492188,66.88874816894531
2023-03-16,87.12753295898438,64.5785903930664,178.57000732421875,36.43000030517578,83.77392578125,379.408935546875,168.77212524414062,300.666259765625,123.45848083496094,378.7540588378906,347.0476379394531,188.61607360839844,67.8047866821289
2023-03-17,87.67383575439453,65.04623413085938,183.77000427246094,37.4900016784668,82.70407104492188,374.9080810546875,164.21665954589844,299.24530029296875,122.90084075927734,374.3253173828125,343.2515869140625,186.1837158203125,66.02045440673828
2023-03-20,87.32136535644531,64.76388549804688,183.83999633789062,37.5,83.42048645019531,378.626953125,166.3457489013672,300.30731201171875,123.296875,377.9247741699219,346.3514404296875,187.80526733398438,66.84105682373047
2023-03-21,87.05704498291016,64.58740234375,180.3699951171875,36.79999923706055,84.66228485107422,383.54730224609375,169.41465759277344,304.5963439941406,125.09075164794922,382.8870849609375,350.88189697265625,190.485595703125,68.10057830810547
2023-03-22,87.89412689208984,65.16093444824219,183.44000244140625,37.41999816894531,83.11480712890625,377.1203308105469,164.60987854003906,300.4544982910156,123.36551666259766,376.3601989746094,345.06378173828125,187.08038330078125,66.10631561279297
2023-03-23,88.10557556152344,65.3109359741211,185.74000549316406,37.900001525878906,83.25101470947266,378.07598876953125,163.8792724609375,304.01727294921875,124.89471435546875,377.3776550292969,345.88409423828125,187.4212646484375,65.79810333251953
2023-03-24,88.25538635253906,65.44327545166016,183.64999389648438,37.459999084472656,83.78811645507812,380.5751953125,165.36166381835938,305.1362609863281,125.3358154296875,379.85400390625,348.1893310546875,188.59922790527344,66.40115356445312
2023-03-27,87.30374908447266,64.76388549804688,181.9499969482422,37.119998931884766,84.01829528808594,381.23590087890625,167.20016479492188,303.045654296875,124.49279022216797,380.56427001953125,348.76397705078125,189.07810974121094,67.19561767578125
2023-03-28,87.17156982421875,64.64918518066406,183.44000244140625,37.43000030517578,83.8648452758789,380.52734375,166.95953369140625,301.43603515625,123.82621765136719,379.7099914550781,348.1510314941406,188.8099365234375,67.08075714111328
2023-03-29,87.27732849121094,64.71975708007812,182.52999877929688,37.2400016784668,85.10208892822266,386.0331115722656,168.8557891845703,306.932373046875,126.10041809082031,385.22900390625,353.1024475097656,191.52980041503906,67.84651184082031
2023-03-30,87.37422943115234,64.80799865722656,184.17999267578125,37.56999969482422,85.55287170410156,388.17803955078125,168.62478637695312,309.8375549316406,127.27672576904297,387.4846496582031,355.20941162109375,192.56410217285156,67.73164367675781
2023-03-31,87.79719543457031,65.14327239990234,183.22000122070312,37.369998931884766,86.8476791381836,393.62646484375,171.7243194580078,314.9903869628906,129.4038848876953,392.9461364746094,360.1704406738281,195.4659423828125,68.99515533447266
2023-04-03,88.1788101196289,65.42017364501953,184.5399932861328,37.650001525878906,87.09705352783203,395.0244445800781,171.8013153076172,314.224853515625,129.06080627441406,394.4434814453125,361.59735107421875,195.98309326171875,68.99515533447266
2023-04-04,88.50566864013672,65.68550109863281,187.97999572753906,38.349998474121094,86.46403503417969,393.0040588378906,168.7884521484375,313.1648254394531,128.63929748535156,392.2550048828125,359.5574645996094,194.6710662841797,67.7795181274414
2023-04-05,88.80599212646484,65.86244201660156,187.8300018310547,38.31999969482422,86.16670227050781,392.0752258300781,167.13279724121094,310.0731506347656,127.31595611572266,391.2280578613281,358.6859130859375,193.9623565673828,67.11904907226562
2023-04-06,88.72650146484375,65.8447265625,186.49000549316406,38.04999923706055,86.44485473632812,393.5594177246094,167.38307189941406,312.1636657714844,128.2275848388672,392.7541198730469,360.05548095703125,194.60403442382812,67.24347686767578
2023-04-10,88.11698150634766,65.40243530273438,185.11000061035156,37.77000045776367,86.61750030517578,394.00946044921875,169.1734619140625,311.987060546875,128.13934326171875,393.1572570800781,360.44805908203125,195.0445556640625,67.96137237548828
2023-04-11,88.16997528076172,65.42899322509766,186.27999877929688,37.9900016784668,86.7229995727539,393.9999084472656,170.51145935058594,309.9847717285156,127.30610656738281,393.2628173828125,360.4959716796875,195.2456512451172,68.47827911376953
2023-04-12,88.27598571777344,65.49974822998047,187.19000244140625,38.189998626708984,86.32976531982422,392.5252685546875,169.26010131835938,307.2464599609375,126.16905975341797,391.6599426269531,359.0594482421875,194.42202758789062,67.9900894165039
2023-04-13,88.2406234741211,65.4643783569336,189.72000122070312,38.70000076293945,87.4806900024414,397.6385498046875,171.50294494628906,313.2629699707031,128.7078857421875,396.8622131347656,363.7139587402344,196.95034790039062,68.87071990966797
2023-04-14,87.80779266357422,65.17250061035156,186.36000061035156,38.0099983215332,87.20255279541016,396.6618957519531,169.905029296875,312.674072265625,128.4530487060547,395.8928527832031,362.9669189453125,196.40447998046875,68.24854278564453
2023-04-17,87.3660888671875,64.81864166259766,185.52999877929688,37.86000061035156,87.57661437988281,398.1268615722656,172.09010314941406,312.93902587890625,128.55104064941406,397.3133850097656,364.202392578125,197.18978881835938,69.11958312988281
2023-04-18,87.48974609375,64.91596984863281,186.25,37.9900016784668,87.63416290283203,398.3567199707031,171.35853576660156,312.958740234375,128.5216522216797,397.5724792480469,364.4513854980469,197.2855682373047,68.80371856689453
2023-04-19,87.35726165771484,64.82750701904297,185.36000061035156,37.79999923706055,87.6629409790039,398.3280029296875,171.57989501953125,312.8115234375,128.5216522216797,397.50531005859375,364.43218994140625,197.38134765625,68.95687866210938
2023-04-20,87.75480651855469,65.1105728149414,186.08999633789062,37.97999954223633,87.1258316040039,396.096923828125,170.69435119628906,310.42645263671875,127.502197265625,395.33612060546875,362.3731689453125,196.15550231933594,68.56441497802734
2023-04-21,87.60462188720703,64.99560546875,184.25,37.59000015258789,87.212158203125,396.3171691894531,170.91574096679688,310.7503356933594,127.61982727050781,395.6432800292969,362.5838623046875,196.32785034179688,68.65057373046875
2023-04-24,87.94915008544922,65.25209045410156,184.80999755859375,37.709999084472656,87.25051879882812,396.8150634765625,170.80023193359375,310.1025695800781,127.38457489013672,396.05596923828125,363.062744140625,196.40447998046875,68.60269927978516
2023-04-25,88.49683380126953,65.67666625976562,185.75,37.88999938964844,85.76387786865234,390.514404296875,166.58412170410156,304.25286865234375,124.96332550048828,389.76910400390625,357.32598876953125,193.12916564941406,66.92759704589844
2023-04-26,88.16997528076172,65.44667053222656,184.74000549316406,37.68000030517578,85.38983917236328,388.9249572753906,164.97662353515625,306.09808349609375,125.69851684570312,388.1181335449219,355.7361145019531,192.2576446533203,66.29584503173828
2023-04-27,87.85195922851562,65.16364288330078,184.75,37.689998626708984,86.98197174072266,396.64276123046875,167.18092346191406,314.4211730957031,129.13925170898438,395.84478759765625,362.7945556640625,195.86817932128906,67.12861633300781
2023-04-28,88.30245208740234,65.52631378173828,184.8000030517578,37.709999084472656,87.73006439208984,399.92706298828125,168.64405822753906,316.59027099609375,130.06065368652344,399.2234191894531,365.89752197265625,197.5728759765625,67.75080108642578
2023-05-01,87.3982925415039,64.8523941040039,183.97000122070312,37.52000045776367,87.70130157470703,399.6397705078125,168.7403106689453,316.2270812988281,129.8646240234375,398.8202819824219,365.6485595703125,197.47708129882812,67.78907775878906
2023-05-02,88.24847412109375,65.4908447265625,187.52000427246094,38.25,86.60791015625,395.1680908203125,165.27500915527344,313.46905517578125,128.71768188476562,394.3378601074219,361.54949951171875,195.06369018554688,66.38200378417969
2023-05-03,88.63813018798828,65.76567840576172,189.11000061035156,38.56999969482422,86.10916900634766,392.32421875,165.8814239501953,311.41778564453125,127.9237060546875,391.63116455078125,359.03070068359375,193.9240264892578,66.6500015258789
2023-05-04,88.53185272216797,65.67701721191406,190.44000244140625,38.86000061035156,85.44738006591797,389.58563232421875,164.023681640625,310.3185119628906,127.5315933227539,388.8572692871094,356.4065246582031,192.4779052734375,65.90340423583984
2023-05-05,88.24847412109375,65.43761444091797,187.4600067138672,38.2400016784668,87.08744812011719,396.70977783203125,167.922119140625,316.9141540527344,130.20770263671875,396.05596923828125,362.94781494140625,196.03097534179688,67.46363830566406
2023-05-08,87.7613754272461,65.12726593017578,187.69000244140625,38.290000915527344,87.1162338256836,396.9203796386719,167.537109375,317.69927978515625,130.55078125,396.1615295410156,363.1488952636719,196.24168395996094,67.27220153808594
2023-05-09,87.68170166015625,65.05632781982422,189.02000427246094,38.54999923706055,86.7901382446289,395.3021240234375,167.03656005859375,315.68731689453125,129.707763671875,394.42425537109375,361.57830810546875,195.4372100830078,67.09032440185547
2023-05-10,88.24847412109375,65.45533752441406,188.75,38.5099983215332,87.18338012695312,396.9682922363281,167.88363647460938,319.12249755859375,131.0801239013672,396.26715087890625,363.15850830078125,196.2991180419922,67.43490600585938
2023-05-11,88.5141372680664,65.66815948486328,187.1300048828125,38.189998626708984,86.943603515625,396.3746032714844,166.59378051757812,320.16290283203125,131.5310516357422,395.57611083984375,362.6509094238281,196.04052734375,66.89888000488281
2023-05-12,88.01819610595703,65.3223648071289,186.80999755859375,38.11000061035156,86.79972839355469,395.8575134277344,166.25686645507812,319.0144958496094,131.0115203857422,395.0577697753906,362.16241455078125,195.5808563232422,66.77445220947266
2023-05-15,87.79680633544922,65.15391540527344,187.2100067138672,38.189998626708984,87.22174072265625,397.1693115234375,168.28787231445312,320.741943359375,131.77610778808594,396.4207458496094,363.41705322265625,196.4140625,67.59764099121094
2023-05-16,87.5931396484375,64.99427032470703,184.8699951171875,37.720001220703125,86.51199340820312,394.5169372558594,165.83331298828125,321.10516357421875,131.9035186767578,393.7715759277344,361.0132141113281,194.8913116455078,66.62129974365234
2023-05-17,87.46028900146484,64.87903594970703,184.22999572753906,37.59000015258789,87.6629409790039,399.3047180175781,169.5296173095703,324.9917907714844,133.462158203125,398.5515441894531,365.32293701171875,197.41964721679688,68.14324188232422
2023-05-18,87.05292510986328,64.61300659179688,181.83999633789062,37.09000015258789,88.51654052734375,403.1731262207031,170.55960083007812,331.0279541015625,135.9716339111328,402.3908996582031,368.895263671875,199.3829345703125,68.52611541748047
2023-05-19,86.85809326171875,64.4356918334961,183.63999938964844,37.45000076293945,88.32472229003906,402.58905029296875,169.52000427246094,330.28204345703125,135.64813232421875,401.80535888671875,368.3110656738281,198.90406799316406,68.0666732788086
2023-05-22,86.77839660644531,64.41793060302734,183.2100067138672,37.38999938964844,88.4877700805664,402.70391845703125,171.5895233154297,331.39117431640625,136.19708251953125,401.9685974121094,368.51214599609375,199.24884033203125,68.90900421142578
2023-05-23,86.8758316040039,64.4622573852539,183.42999267578125,37.41999816894531,87.53824615478516,398.2992248535156,170.78099060058594,327.1903991699219,134.39340209960938,397.4573059082031,364.3940124511719,197.14190673828125,68.63141632080078
2023-05-24,86.65441131591797,64.28492736816406,181.9499969482422,37.130001068115234,86.86686706542969,395.31170654296875,168.97134399414062,325.5119934082031,133.73663330078125,394.5777893066406,361.6644592285156,195.61917114257812,67.87522888183594
2023-05-25,86.33560180664062,64.04551696777344,180.1999969482422,36.7599983215332,87.44233703613281,398.7972106933594,167.652587890625,333.4327087402344,136.96165466308594,397.994873046875,364.81536865234375,196.95034790039062,67.35833740234375
2023-05-26,86.40644073486328,64.12531280517578,180.9199981689453,36.91999816894531,88.60285949707031,404.034912109375,169.55850219726562,341.9519348144531,140.48080444335938,403.14910888671875,369.5560302734375,199.5457305908203,68.09540557861328
2023-05-30,86.98208618164062,64.55093383789062,182.0399932861328,37.13999938964844,88.6412124633789,404.1115417480469,168.93283081054688,343.50274658203125,141.0885772705078,403.30267333984375,369.6710510253906,199.61273193359375,67.88481140136719
2023-05-31,87.29203796386719,64.76371765136719,182.32000732421875,37.20000076293945,88.1233139038086,401.6219482421875,167.26756286621094,341.5495910644531,140.26515197753906,401.0663146972656,367.65972900390625,198.41563415527344,67.15734100341797
2023-06-01,87.5566177368164,64.93887329101562,183.75999450683594,37.4900016784668,88.98649597167969,405.758544921875,169.0771942138672,345.49517822265625,141.93157958984375,404.8768615722656,371.1842041015625,200.39810180664062,67.91351318359375
2023-06-02,87.09490966796875,64.57438659667969,181.0500030517578,36.939998626708984,90.46354675292969,411.5420837402344,175.20884704589844,348.0863342285156,143.0294952392578,410.7318115234375,376.6336669921875,203.7117462158203,70.3543930053711
2023-06-05,87.08604431152344,64.58328247070312,182.13999938964844,37.15999984741211,90.23336029052734,410.8334655761719,172.8601531982422,348.3316955566406,143.07850646972656,409.9447937011719,375.9057922363281,203.1753692626953,69.41632080078125
2023-06-06,87.19259643554688,64.67218017578125,182.33999633789062,37.20000076293945,90.674560546875,411.7048034667969,177.41317749023438,348.2727966308594,143.07850646972656,410.8374328613281,376.6815490722656,204.10433959960938,71.24458312988281
2023-06-07,86.73088073730469,64.30770111083984,180.14999389648438,36.7599983215332,90.47541809082031,410.34954833984375,180.73268127441406,342.3641662597656,140.6572723388672,409.4168395996094,375.44598388671875,203.7021484375,72.59423828125
2023-06-08,87.19259643554688,64.62773132324219,182.52999877929688,37.25,90.92755889892578,412.7220153808594,180.05694580078125,346.6141052246094,142.31385803222656,411.8932800292969,377.69671630859375,204.65982055664062,72.28792572021484
2023-06-09,86.98836517333984,64.49437713623047,182.0399932861328,37.13999938964844,90.97564697265625,413.5481262207031,178.59947204589844,347.93914794921875,142.90203857421875,412.63226318359375,378.3288269042969,204.8800811767578,71.70404815673828
2023-06-12,87.13931274414062,64.62773132324219,181.8800048828125,37.11000061035156,91.80296325683594,417.30377197265625,179.34266662597656,353.8182373046875,145.34286499023438,416.3756103515625,381.805419921875,206.7188720703125,72.04862976074219
2023-06-13,86.73088073730469,64.34324645996094,180.5399932861328,36.83000183105469,92.50520324707031,420.0317077636719,181.39869689941406,356.5370178222656,146.4995574951172,419.1207580566406,384.3240966796875,208.2416229248047,72.86225891113281
2023-06-14,86.810791015625,64.3966064453125,180.63999938964844,36.86000061035156,92.54369354248047,420.5215148925781,179.4488525390625,359.12811279296875,147.5582733154297,419.619873046875,384.62103271484375,208.2416229248047,72.1060791015625
2023-06-15,87.41453552246094,64.796630859375,181.91000366210938,37.11000061035156,93.63075256347656,425.718017578125,180.92568969726562,363.407470703125,149.28353881835938,424.8221435546875,389.55328369140625,210.77951049804688,72.67082214355469
2023-06-16,87.13931274414062,64.6543960571289,181.6300048828125,37.060001373291016,93.2940673828125,424.2004089355469,179.47781372070312,361.12054443359375,148.3327178955078,423.37518310546875,388.1166687011719,209.984619140625,72.0199203491211
2023-06-20,87.29913330078125,64.7432861328125,179.75,36.68000030517578,92.82266998291016,422.19293212890625,178.6959686279297,360.6035461425781,148.18247985839844,421.1786193847656,386.32574462890625,208.95028686523438,71.78060913085938
2023-06-21,87.44120025634766,64.84996795654297,179.49000549316406,36.630001068115234,92.30319213867188,419.9644775390625,178.28089904785156,355.6893615722656,146.2289581298828,419.02056884765625,384.209228515625,207.80105590820312,71.6466064453125
2023-06-22,86.98836517333984,64.53883361816406,177.7100067138672,36.2599983215332,92.56294250488281,421.4820556640625,176.9585418701172,359.88616943359375,147.878173828125,420.5331115722656,385.6074523925781,208.35650634765625,71.08186340332031
2023-06-23,87.24586486816406,64.72552490234375,178.1999969482422,36.349998474121094,91.73562622070312,418.2738952636719,174.29446411132812,356.3183288574219,146.3860321044922,417.35394287109375,382.7151184082031,206.63284301757812,69.95357513427734
2023-06-26,87.35240936279297,64.80551147460938,178.50999450683594,36.41999816894531,91.45665740966797,416.5065612792969,174.46820068359375,351.54180908203125,144.50123596191406,415.6487121582031,381.1349182128906,205.9118194580078,70.12642669677734
2023-06-27,87.18370819091797,64.68107604980469,177.69000244140625,36.25,92.55332946777344,421.1171569824219,176.98751831054688,357.5862731933594,146.94557189941406,420.2055969238281,385.3584289550781,208.42095947265625,71.12506103515625
2023-06-28,87.44120025634766,64.8855209350586,177.27999877929688,36.16999816894531,92.65913391113281,421.2515869140625,177.856201171875,358.2840881347656,147.24009704589844,420.41754150390625,385.53082275390625,208.59396362304688,71.49955749511719
2023-06-29,86.76638793945312,64.3966064453125,177.08999633789062,36.150001525878906,93.10165405273438,422.9324951171875,179.90255737304688,357.56658935546875,146.9357452392578,422.07452392578125,387.0076599121094,209.59378051757812,72.40217590332031
2023-06-30,86.97061920166016,64.61885833740234,178.27000427246094,36.38999938964844,94.12136840820312,428.119384765625,180.76161193847656,363.080322265625,149.19361877441406,427.0553283691406,391.59405517578125,211.7664337158203,72.61344909667969
2023-07-03,86.86821746826172,64.43526458740234,178.47000122070312,36.40999984741211,94.31375885009766,428.73419189453125,181.12838745117188,363.9354248046875,149.5666046142578,427.546630859375,392.3439636230469,212.40090942382812,72.9111328125
2023-07-05,86.47652435302734,64.16790008544922,177.83999633789062,36.290000915527344,94.0444107055664,427.99456787109375,179.32337951660156,363.9255676269531,149.51754760742188,426.9107971191406,391.468994140625,211.75682067871094,72.06610870361328
2023-07-06,85.91569519042969,63.7579345703125,177.30999755859375,36.18000030517578,93.22671508789062,424.488525390625,176.42762756347656,361.15399169921875,148.36900329589844,423.5678405761719,388.2768859863281,209.87258911132812,70.89460754394531
2023-07-07,85.9334945678711,63.722251892089844,178.63999938964844,36.459999084472656,93.10165405273438,423.4031677246094,178.2905731201172,359.95489501953125,147.94686889648438,422.4985046386719,387.3730773925781,209.61300659179688,71.73002624511719
2023-07-10,86.17384338378906,63.945068359375,178.77999877929688,36.47999954223633,93.49607849121094,424.5269775390625,181.34072875976562,360.0728454589844,147.97633361816406,423.5678405761719,388.4114990234375,210.5262908935547,72.94953155517578
2023-07-11,86.36078643798828,64.07876586914062,179.4499969482422,36.619998931884766,94.25604248046875,427.3797607421875,183.20367431640625,361.8517761230469,148.6536865234375,426.2653503417969,390.9017333984375,212.17984008789062,73.62168884277344
2023-07-12,87.06409454345703,64.58676147460938,181.8800048828125,37.119998931884766,94.95829772949219,430.58795166015625,185.20172119140625,366.4219970703125,150.5482940673828,429.69500732421875,393.9785461425781,213.8045196533203,74.4378890991211
2023-07-13,87.60713195800781,64.97888946533203,182.00999450683594,37.13999938964844,95.80485534667969,434.2572021484375,186.6978759765625,372.6434020996094,153.0810089111328,433.1054382324219,397.18988037109375,215.6118621826172,75.05245971679688
2023-07-14,87.18870544433594,64.67589569091797,181.42999267578125,37.02000045776367,95.58360290527344,433.8249816894531,184.87353515625,372.564697265625,153.1104736328125,432.83575439453125,396.87261962890625,215.29461669921875,74.34188079833984
2023-07-17,87.28665161132812,64.74716186523438,181.55999755859375,37.040000915527344,96.00687408447266,435.4386291503906,186.85231018066406,376.04388427734375,154.455322265625,434.33856201171875,398.25714111328125,216.1117706298828,75.1004638671875
2023-07-18,87.35786437988281,64.82737731933594,183.63999938964844,37.459999084472656,96.74761199951172,438.59881591796875,189.1592254638672,379.1202392578125,155.7903594970703,437.5660400390625,401.27618408203125,217.8325653076172,76.07991027832031
2023-07-19,87.62492370605469,64.97888946533203,183.6699981689453,37.47999954223633,97.00733184814453,439.4056091308594,189.9603729248047,379.0318298339844,155.62351989746094,438.53912353515625,402.1415100097656,218.39976501464844,76.3871841430664
2023-07-20,87.17089080810547,64.67589569091797,182.74000549316406,37.290000915527344,96.29547882080078,436.6681213378906,188.30020141601562,370.29443359375,152.14842224121094,435.629638671875,399.5165710449219,216.8231201171875,75.7342300415039
2023-07-21,87.23322296142578,64.72045135498047,182.17999267578125,37.16999816894531,96.31471252441406,436.6585693359375,187.7017364501953,369.1838073730469,151.7066650390625,435.629638671875,399.5647277832031,216.80393981933594,75.41735076904297
2023-07-24,87.0729751586914,64.61347961425781,181.39999389648438,37.02000045776367,96.670654296875,438.5892333984375,188.16500854492188,369.77349853515625,151.9520721435547,437.57568359375,401.2569274902344,217.572998046875,75.6478042602539
2023-07-25,86.97505187988281,64.54216766357422,182.41000366210938,37.220001220703125,96.87266540527344,439.77069091796875,188.14573669433594,372.2796936035156,153.02210998535156,438.7702331542969,402.4396057128906,218.12100219726562,75.65741729736328
2023-07-26,87.25990295410156,64.7560806274414,183.3000030517578,37.41999816894531,96.9592514038086,439.8090515136719,189.6322021484375,371.0413513183594,152.44290161132812,438.8376770019531,402.53570556640625,218.28440856933594,76.25276184082031
2023-07-27,86.51212310791016,64.20352935791016,180.4199981689453,36.84000015258789,96.2281265258789,436.9659118652344,187.18048095703125,370.1567687988281,152.0895233154297,435.92822265625,399.8050842285156,216.60203552246094,75.26371765136719
2023-07-28,86.85040283203125,64.42634582519531,181.86000061035156,37.119998931884766,97.27669525146484,441.09625244140625,189.60321044921875,376.8990783691406,154.8381805419922,440.19610595703125,403.6991271972656,218.86122131347656,76.2431640625
2023-07-31,86.95726013183594,64.54216766357422,182.35000610351562,37.20000076293945,97.53644561767578,442.0182800292969,191.80401611328125,377.0956115722656,155.03451538085938,441.0342712402344,404.4779052734375,219.52455139160156,77.11697387695312
2023-08-01,86.38148498535156,64.14276123046875,180.4600067138672,36.84000015258789,97.22860717773438,440.788818359375,190.92562866210938,376.22088623046875,154.60256958007812,439.772216796875,403.2279968261719,218.9285125732422,76.7616958618164
2023-08-02,86.17619323730469,63.937252044677734,179.60000610351562,36.66999816894531,95.87220001220703,434.63177490234375,188.32911682128906,367.96502685546875,151.20602416992188,433.6545715332031,397.6417541503906,215.82333374023438,75.71502685546875
2023-08-03,85.59595489501953,63.54403305053711,179.5399932861328,36.650001525878906,95.60282897949219,433.38311767578125,187.7982177734375,367.3753356933594,150.92132568359375,432.4118347167969,396.5167541503906,215.198486328125,75.51335906982422
2023-08-04,86.30115509033203,64.07127380371094,180.19000244140625,36.77000045776367,95.16032409667969,431.3659973144531,187.4217987060547,365.6553649902344,150.25381469726562,430.4561462402344,394.5746154785156,214.28515625,75.37894439697266
2023-08-07,86.31900024414062,63.97294616699219,179.77999877929688,36.689998626708984,95.96839904785156,435.1792907714844,187.54725646972656,368.7513122558594,151.4906768798828,434.2133483886719,398.1320495605469,215.9290771484375,75.41735076904297
2023-08-08,86.52432250976562,64.2052993774414,178.63999938964844,36.459999084472656,95.48739624023438,433.3542785644531,186.3697052001953,365.61602783203125,150.20469665527344,432.3251037597656,396.4111022949219,214.92929077148438,74.96604919433594
2023-08-09,86.58677673339844,64.2231674194336,177.7899932861328,36.279998779296875,94.82362365722656,430.4246520996094,184.9121856689453,361.5962219238281,148.53585815429688,429.4349365234375,393.7765197753906,213.39112854003906,74.34188079833984
2023-08-10,86.02444458007812,63.8657341003418,177.60000610351562,36.2400016784668,94.82362365722656,430.6168212890625,184.0917205810547,362.26458740234375,148.87945556640625,429.5890808105469,394.00732421875,213.42959594726562,74.02499389648438
2023-08-11,85.75662994384766,63.660186767578125,177.60000610351562,36.2400016784668,94.737060546875,430.357421875,184.35232543945312,359.95489501953125,147.90760803222656,429.3385925292969,393.6419982910156,213.2277069091797,74.14983367919922
2023-08-14,85.69414520263672,63.57977294921875,177.05999755859375,36.13999938964844,95.17955780029297,432.6626892089844,184.0338134765625,363.994384765625,149.60586547851562,431.70855712890625,395.8630065917969,214.28515625,74.00579071044922
2023-08-15,85.46207427978516,63.43680191040039,176.58999633789062,36.029998779296875,94.10211944580078,427.763916015625,181.6013641357422,360.1318664550781,148.01559448242188,426.6796569824219,391.3248596191406,211.8529510498047,73.03595733642578
2023-08-16,85.25675964355469,63.258094787597656,175.57000732421875,35.83000183105469,93.35176086425781,424.5654296875,179.3813018798828,356.3183288574219,146.39584350585938,423.54852294921875,388.4306640625,210.10330200195312,72.13330078125
2023-08-17,85.16747283935547,63.19552993774414,175.3000030517578,35.77000045776367,92.58218383789062,421.2995910644531,177.2674102783203,352.4263610839844,144.80552673339844,420.3211364746094,385.28668212890625,208.38247680664062,71.3075180053711
2023-08-18,85.35494232177734,63.32958984375,175.3300018310547,35.779998779296875,92.6783676147461,421.3764953613281,178.23263549804688,351.984130859375,144.6092071533203,420.52349853515625,385.6423645019531,208.622802734375,71.70121002197266
2023-08-21,84.92648315429688,63.02573776245117,175.80999755859375,35.869998931884766,93.23634338378906,424.2196044921875,177.9720458984375,357.655029296875,147.00448608398438,423.2594909667969,388.1903381347656,209.8245086669922,71.56678771972656
2023-08-22,85.01573944091797,63.10616683959961,176.10000610351562,35.939998626708984,92.90925598144531,423.0093688964844,177.44117736816406,357.1440124511719,146.759033203125,422.1130676269531,387.10382080078125,209.2669219970703,71.3747329711914
2023-08-23,85.82806396484375,63.678070068359375,177.88999938964844,36.310001373291016,93.95783996582031,427.67755126953125,179.33303833007812,362.775634765625,149.11508178710938,426.814453125,391.2767333984375,211.554931640625,72.09490966796875
2023-08-24,85.63167572021484,63.526145935058594,177.85000610351562,36.29999923706055,92.7072525024414,421.9335632324219,176.8523406982422,355.02105712890625,145.85594177246094,420.8992919921875,386.0751037597656,208.71896362304688,71.14427947998047
2023-08-25,85.57811737060547,63.526145935058594,177.6199951171875,36.2599983215332,93.34215545654297,424.94964599609375,177.60525512695312,357.77301025390625,147.0634002685547,423.8664855957031,388.632568359375,210.14175415039062,71.4323501586914
2023-08-28,85.76556396484375,63.64236068725586,178.1300048828125,36.369998931884766,93.93858337402344,427.5141906738281,179.18824768066406,360.4659729003906,148.18247985839844,426.5543518066406,391.190185546875,211.48765563964844,72.0468978881836
2023-08-29,86.31900024414062,64.03555297851562,179.8699951171875,36.70000076293945,95.3142318725586,433.6904602050781,181.68821716308594,368.33856201171875,151.3238067626953,432.7200927734375,396.74755859375,214.56396484375,73.0455551147461
2023-08-30,86.28329467773438,64.00872039794922,180.32000732421875,36.810001373291016,95.70865631103516,435.59234619140625,182.37355041503906,370.3926086425781,152.2367706298828,434.5024719238281,398.4013366699219,215.5157012939453,73.36243438720703
2023-08-31,86.40826416015625,64.1159439086914,180.02000427246094,36.75,95.63170623779297,434.82391357421875,182.05502319335938,371.5032653808594,152.58035278320312,433.8665466308594,397.8917236328125,215.28497314453125,73.18959045410156
2023-09-01,85.96075439453125,63.807701110839844,180.11000061035156,36.7599983215332,95.9202880859375,435.74603271484375,184.21717834472656,371.1100769042969,152.52142333984375,434.67578125,398.7378234863281,215.9963836669922,74.07300567626953
2023-09-05,85.49531555175781,63.45824432373047,178.63999938964844,36.47999954223633,95.37195587158203,433.8729553222656,180.3368682861328,371.5818786621094,152.69815063476562,432.7972106933594,396.99755859375,214.7081756591797,72.54622650146484
2023-09-06,85.41474914550781,63.38654708862305,177.8300018310547,36.290000915527344,94.79476165771484,430.85687255859375,179.66122436523438,368.3090515136719,151.40234375,429.8877258300781,394.25732421875,213.3622589111328,72.27735137939453
2023-09-07,85.68329620361328,63.60163879394531,178.02000427246094,36.34000015258789,94.44843292236328,429.6658935546875,177.92379760742188,365.67498779296875,150.25381469726562,428.5678405761719,393.08428955078125,212.6316680908203,71.5955810546875
2023-09-08,85.72804260253906,63.61952590942383,178.0800018310547,36.349998474121094,94.56388854980469,430.1941223144531,177.52801513671875,366.18609619140625,150.4697723388672,429.2132873535156,393.6227111816406,212.86239624023438,71.42274475097656
2023-09-11,85.62960052490234,63.52096176147461,178.41000366210938,36.40999984741211,95.15069580078125,433.10455322265625,177.9527130126953,370.5008239746094,152.2662353515625,432.0361022949219,396.2090759277344,214.1986541748047,71.56678771972656
2023-09-12,85.65642547607422,63.565757751464844,177.49000549316406,36.22999954223633,94.66971588134766,430.7608337402344,177.77899169921875,366.39251708984375,150.57772827148438,429.6661376953125,394.0841979980469,213.160400390625,71.51876831054688
2023-09-13,85.78175354003906,63.664310455322266,177.0800018310547,36.150001525878906,94.68895721435547,431.164306640625,176.6110382080078,367.78814697265625,151.166748046875,430.1671142578125,394.5457458496094,213.18923950195312,71.03865051269531
2023-09-14,85.66536712646484,63.556785583496094,177.1699981689453,36.16999816894531,95.52589416503906,435.01605224609375,179.10134887695312,370.7955627441406,152.38400268554688,433.87615966796875,397.95904541015625,215.0157928466797,72.02770233154297
2023-09-15,85.46844482421875,63.431373596191406,178.33999633789062,36.41999816894531,94.381103515625,429.40655517578125,177.2288055419922,364.446533203125,149.70408630371094,428.64874267578125,392.9977722167969,212.4874725341797,71.27872467041016
2023-09-18,85.59378814697266,63.494083404541016,179.38999938964844,36.619998931884766,94.37150573730469,430.1461486816406,176.05120849609375,364.8263854980469,149.93515014648438,428.90008544921875,393.4304504394531,212.50668334960938,70.80819702148438
2023-09-19,85.3431625366211,63.35966491699219,179.22000122070312,36.58000183105469,94.16947174072266,429.1855773925781,175.36585998535156,364.048828125,149.63034057617188,428.0106506347656,392.6420593261719,211.96832275390625,70.53933715820312
2023-09-20,85.29842376708984,63.27901840209961,179.35000610351562,36.61000061035156,93.30368041992188,425.1225280761719,173.60911560058594,358.8027648925781,147.4770050048828,424.0758056640625,388.9690856933594,210.0936737060547,69.8287353515625
2023-09-21,84.7166519165039,62.884765625,178.0500030517578,36.34000015258789,91.73562622070312,418.1586608886719,170.91607666015625,352.22784423828125,144.69442749023438,417.0664978027344,382.594482421875,206.56996154785156,68.767822265625
2023-09-22,85.07465362548828,63.14463424682617,178.6199951171875,36.459999084472656,91.51435852050781,417.15966796875,170.5299835205078,352.27703857421875,144.78294372558594,416.1287536621094,381.6714782714844,206.13577270507812,68.57490539550781
2023-09-25,84.40335845947266,62.67866516113281,177.6999969482422,36.27000045776367,91.87031555175781,418.888671875,171.2925262451172,353.95025634765625,145.47120666503906,417.8786315917969,383.2579345703125,206.96556091308594,68.9124755859375
2023-09-26,84.29593658447266,62.61594772338867,176.27999877929688,35.97999954223633,90.578125,412.758544921875,169.09014892578125,348.6352844238281,143.2490692138672,411.7394714355469,377.6332092285156,203.98411560058594,68.01549530029297
2023-09-27,84.00057220458984,62.39193344116211,174.10000610351562,35.540000915527344,90.6747817993164,412.8645935058594,170.67091369628906,349.4522399902344,143.6128692626953,411.90380859375,377.7197570800781,204.19639587402344,68.66170501708984
2023-09-28,84.25120544433594,62.55323028564453,173.22999572753906,35.349998474121094,91.32229614257812,415.27691650390625,172.2128448486328,352.3755187988281,144.7632598876953,414.2917785644531,379.9232177734375,205.54721069335938,69.29827117919922
2023-09-29,84.170654296875,62.5263671875,171.4499969482422,34.9900016784668,91.03236389160156,414.3699035644531,171.39825439453125,352.6313781738281,144.94021606445312,413.286376953125,379.0159606933594,204.94895935058594,68.90283966064453
2023-10-02,83.5845947265625,62.09687423706055,169.64999389648438,34.63999938964844,90.87772369384766,414.22515869140625,168.80892944335938,355.5743713378906,146.1594696044922,413.1219787597656,378.9870300292969,204.67880249023438,67.870849609375
2023-10-03,82.92937469482422,61.59370422363281,169.16000366210938,34.529998779296875,89.57299041748047,408.7057800292969,165.96751403808594,349.3341979980469,143.54403686523438,407.59185791015625,373.8910217285156,201.70700073242188,66.75202941894531
2023-10-04,83.51278686523438,61.99801254272461,169.13999938964844,34.52000045776367,90.26884460449219,411.60052490234375,166.04507446289062,354.088134765625,145.53016662597656,410.5599670410156,376.64166259765625,203.16395568847656,66.76168823242188
2023-10-05,83.56666564941406,62.04294967651367,168.8300018310547,34.470001220703125,90.14321899414062,411.4075622558594,166.17115783691406,353.0448303222656,145.05824279785156,410.4052429199219,376.3232116699219,203.05783081054688,66.8677749633789
2023-10-06,83.24352264404297,61.80033493041992,169.6999969482422,34.63999938964844,91.28365325927734,416.2418518066406,167.77125549316406,358.960205078125,147.4770050048828,415.27789306640625,380.8111572265625,205.47967529296875,67.47539520263672
2023-10-09,84.10511779785156,62.429298400878906,172.82000732421875,35.290000915527344,91.86354064941406,418.9822692871094,168.7410430908203,360.7909240722656,148.2635955810547,417.9366149902344,383.3494873046875,206.77259826660156,67.88048553466797
2023-10-10,84.02435302734375,62.36642074584961,172.52999877929688,35.220001220703125,92.39510345458984,421.1726379394531,170.65150451660156,362.78900146484375,149.0698699951172,420.1119079589844,385.3280944824219,208.0558624267578,68.62313842773438
2023-10-11,84.41026306152344,62.65393829345703,173.7899932861328,35.47999954223633,92.72370147705078,422.957763671875,170.36058044433594,365.3775634765625,150.1514434814453,421.83282470703125,386.9591979980469,208.87600708007812,68.50739288330078
2023-10-12,83.68331909179688,62.11483383178711,173.25999450683594,35.369998931884766,91.98918151855469,420.4200134277344,166.51055908203125,364.10784912109375,149.6106719970703,419.2611083984375,384.63311767578125,207.19715881347656,67.00281524658203
2023-10-13,84.04230499267578,62.4023551940918,178.8300018310547,36.5,91.47695922851562,418.2103271484375,165.123779296875,359.5310363769531,147.7523193359375,417.1728515625,382.6063232421875,206.02963256835938,66.40481567382812
2023-10-16,83.57564544677734,62.07887268066406,177.9600067138672,36.34000015258789,92.54974365234375,422.5621643066406,167.79066467285156,363.5960998535156,149.46315002441406,421.5620422363281,386.6117858886719,208.42251586914062,67.47539520263672
2023-10-17,82.97428131103516,61.67457580566406,178.2899932861328,36.38999938964844,92.63671875,422.6875305175781,169.662353515625,362.4051208496094,148.96173095703125,421.542724609375,386.62139892578125,208.69268798828125,68.26628112792969
2023-10-18,82.58833312988281,61.40500259399414,180.8699951171875,36.91999816894531,91.30298614501953,417.14886474609375,166.17115783691406,357.651123046875,146.9853973388672,415.9256286621094,381.44818115234375,205.6051025390625,66.8388442993164
2023-10-19,82.27422332763672,61.13543701171875,183.08999633789062,37.369998931884766,90.43314361572266,413.36639404296875,163.523681640625,354.30462646484375,145.58917236328125,412.2711181640625,378.21484375,203.66567993164062,65.78754425048828
2023-10-20,82.57039642333984,61.360069274902344,183.58999633789062,37.470001220703125,89.31204223632812,408.28118896484375,161.40956115722656,349.0191345214844,143.4456787109375,407.2051696777344,373.5049133300781,201.1473846435547,64.94844055175781
2023-10-23,82.89350128173828,61.59370422363281,182.97000122070312,37.349998474121094,89.05110168457031,407.567138671875,160.04214477539062,350.0722961425781,143.86851501464844,406.4994201660156,372.8486328125,200.59735107421875,64.3890609741211
2023-10-24,83.18968200683594,61.80033493041992,182.9499969482422,37.34000015258789,89.75662231445312,410.63555908203125,161.43862915039062,353.47784423828125,145.25489807128906,409.56414794921875,375.6379089355469,202.11221313476562,64.91950988769531
2023-10-25,82.57039642333984,61.3331184387207,183.72000122070312,37.5099983215332,88.37457275390625,404.7978210449219,158.77175903320312,344.826171875,141.71522521972656,403.68597412109375,370.3392333984375,199.1114959716797,63.87786865234375
2023-10-26,83.12684631347656,61.74643325805664,184.00999450683594,37.56999969482422,87.48541259765625,399.9153137207031,159.17904663085938,338.25140380859375,138.8932647705078,398.8520202636719,365.7933654785156,197.0466766357422,64.05147552490234
2023-10-27,83.09991455078125,61.74643325805664,186.14999389648438,38.0099983215332,87.0215072631836,398.0819091796875,157.3074188232422,339.8753967285156,139.70936584472656,397.0440979003906,364.1719055175781,195.98526000976562,63.28953170776367
2023-10-30,82.9024658203125,61.59370422363281,185.10000610351562,37.790000915527344,88.0073013305664,402.81005859375,158.18017578125,343.7041931152344,141.26287841796875,401.7911071777344,368.55364990234375,198.24313354492188,63.627113342285156
2023-10-31,82.8486099243164,61.57571029663086,184.08999633789062,37.59000015258789,88.59684753417969,405.2127380371094,159.54757690429688,345.3478088378906,141.911865234375,404.314453125,370.7832946777344,199.52638244628906,64.2057876586914
2023-11-01,83.76412963867188,62.17319107055664,183.50999450683594,37.459999084472656,89.44735717773438,409.6417236328125,160.4591522216797,351.3420104980469,144.46827697753906,408.6263122558594,374.86578369140625,201.523681640625,64.52407836914062
2023-11-02,84.26824188232422,62.53368377685547,184.1199951171875,37.599998474121094,91.21601104736328,417.534912109375,164.73583984375,357.7200012207031,147.00503540039062,416.45745849609375,381.9886169433594,205.52789306640625,66.26013946533203
2023-11-03,84.7813491821289,62.90318298339844,184.7899932861328,37.72999954223633,92.25013732910156,421.2787780761719,169.21624755859375,361.92279052734375,148.76507568359375,420.2569580078125,385.5211181640625,207.84359741210938,68.02516174316406
2023-11-06,84.35824584960938,62.6328125,183.35000610351562,37.43000030517578,92.27911376953125,422.29193115234375,167.10211181640625,363.3992004394531,149.32550048828125,421.2237548828125,386.2642822265625,207.93043518066406,67.23426818847656
2023-11-07,84.80838012695312,62.9482307434082,182.58999633789062,37.27000045776367,92.5884017944336,423.41131591796875,166.51055908203125,366.8343505859375,150.76107788085938,422.4225158691406,387.35491943359375,208.5479736328125,67.04138946533203
2023-11-08,85.09645080566406,63.146488189697266,180.77000427246094,36.900001525878906,92.55940246582031,423.7586669921875,164.73583984375,367.0705261230469,150.8790283203125,422.7319030761719,387.67340087890625,208.51901245117188,66.26013946533203
2023-11-09,84.38526916503906,62.6778678894043,181.49000549316406,37.040000915527344,91.78621673583984,420.5647888183594,162.1853790283203,364.24566650390625,149.7384490966797,419.4351501464844,384.7490234375,206.74362182617188,65.23779296875
2023-11-10,84.58331298828125,62.79502487182617,179.50999450683594,36.63999938964844,93.15860748291016,427.1455993652344,163.99884033203125,372.4347229003906,153.03236389160156,425.98028564453125,390.7522888183594,209.8216094970703,65.9515151977539
2023-11-13,84.57430267333984,62.777000427246094,180.50999450683594,36.86000061035156,93.10063171386719,426.6534729003906,164.05703735351562,371.27325439453125,152.619384765625,425.5743713378906,390.3565368652344,209.6961669921875,65.9708023071289
2023-11-14,85.63658142089844,63.54302215576172,182.1199951171875,37.18000030517578,95.17855834960938,435.0194396972656,173.06626892089844,379.2655334472656,155.87393188476562,433.83074951171875,397.8558044433594,214.3468780517578,69.56832122802734
2023-11-15,85.1054458618164,63.191558837890625,181.63999938964844,37.08000183105469,95.42984008789062,435.8974304199219,173.36688232421875,379.5509338378906,156.00173950195312,434.7491760253906,398.7243957519531,214.87753295898438,69.71302032470703
2023-11-16,85.57353973388672,63.570030212402344,183.69000244140625,37.5,95.38150787353516,436.43780517578125,170.56422424316406,379.8758239746094,156.13941955566406,435.2809143066406,399.28424072265625,214.73280334472656,68.65206146240234
2023-11-17,85.74459075927734,63.660179138183594,183.6699981689453,37.5,95.60379028320312,436.9010314941406,172.90138244628906,379.9643859863281,156.17872619628906,435.8223571777344,399.8729248046875,215.27313232421875,69.51046752929688
2023-11-20,85.87960052490234,63.750267028808594,183.3699951171875,37.43000030517578,96.34798431396484,440.4134216308594,173.9099578857422,384.59033203125,158.06655883789062,439.1770935058594,402.88421630859375,216.89410400390625,69.9251937866211
2023-11-21,85.96963500976562,63.84040832519531,185.35000610351562,37.83000183105469,96.04837036132812,439.4002380371094,171.6697540283203,382.3561096191406,157.15213012695312,438.219970703125,401.83221435546875,216.3055419921875,69.04750061035156
2023-11-22,86.05064392089844,63.894500732421875,184.55999755859375,37.66999816894531,96.49295043945312,441.06951904296875,172.74623107910156,383.92108154296875,157.80108642578125,439.9118957519531,403.56951904296875,217.23182678222656,69.48152923583984
2023-11-24,85.6545639038086,63.58806610107422,185.52000427246094,37.869998931884766,96.56062316894531,441.3976135253906,173.9099578857422,383.3797302246094,157.57493591308594,440.18255615234375,403.7914733886719,217.46339416503906,69.91554260253906
2023-11-27,86.14067840576172,63.975589752197266,186.77000427246094,38.13999938964844,96.4059829711914,440.5774230957031,173.3280792236328,383.0450744628906,157.41763305664062,439.3898620605469,403.0869140625,217.18359375,69.72264099121094
2023-11-28,86.51876068115234,64.24595642089844,189.25999450683594,38.63999938964844,96.49295043945312,440.95367431640625,172.65895080566406,384.04901123046875,157.83059692382812,439.82489013671875,403.4825744628906,217.3186492919922,69.42366790771484
2023-11-29,86.94185638427734,64.57939147949219,189.5399932861328,38.709999084472656,96.51227569580078,440.75103759765625,173.5705108642578,383.67498779296875,157.71258544921875,439.5154724121094,403.22198486328125,217.4151611328125,69.7901611328125
2023-11-30,86.6537857055664,64.37211608886719,188.75,38.540000915527344,96.95686340332031,442.3432312011719,174.22998046875,382.7104187011719,157.27015686035156,441.24603271484375,404.78558349609375,218.3125,70.03128814697266
2023-12-01,87.41573333740234,64.89718627929688,192.00999450683594,39.209999084472656,97.7493896484375,444.9581604003906,179.32130432128906,383.8029479980469,157.74209594726562,443.8564453125,407.1598205566406,220.1553955078125,72.13385772705078
2023-12-04,87.08168029785156,64.63507843017578,187.86000061035156,38.369998931884766,97.40143585205078,442.7581481933594,181.241455078125,380.23992919921875,156.26724243164062,441.5264587402344,405.11370849609375,219.3642120361328,72.89581298828125
2023-12-05,87.65949249267578,65.05084991455078,187.14999389648438,38.220001220703125,97.2081527709961,442.6616516113281,178.8170166015625,381.1946716308594,156.68019104003906,441.439453125,404.9882507324219,218.9396514892578,71.92166900634766
2023-12-06,87.88516998291016,65.2406005859375,187.83999633789062,38.36000061035156,96.87954711914062,440.8282775878906,178.4969940185547,378.9898986816406,155.74610900878906,439.6605529785156,403.29925537109375,218.0133819580078,71.71913146972656
2023-12-07,87.9122543334961,65.22252655029297,188.14999389648438,38.41999816894531,97.60440826416016,444.2152099609375,179.7867889404297,384.28521728515625,157.99774169921875,443.0153503417969,406.4552917480469,219.75979614257812,72.31710815429688
2023-12-08,87.46989440917969,64.90619659423828,185.63999938964844,37.900001525878906,98.03932189941406,446.1353759765625,181.15419006347656,385.99786376953125,158.66635131835938,444.919921875,408.18292236328125,220.81150817871094,72.82830047607422
2023-12-11,87.47891235351562,64.91522979736328,183.58999633789062,37.5,98.44523620605469,447.87225341796875,181.53240966796875,389.2951354980469,160.02320861816406,446.6504821777344,409.76580810546875,221.71847534179688,72.99224853515625
2023-12-12,87.7407455444336,65.10504913330078,183.49000549316406,37.470001220703125,98.84149169921875,450.09161376953125,181.34812927246094,392.3955078125,161.33094787597656,448.6904296875,411.80224609375,222.5579376220703,72.92475128173828
2023-12-13,88.84211730957031,65.93643951416016,187.6300048828125,38.31999969482422,100.39750671386719,456.2575378417969,187.48683166503906,397.3857421875,163.33676147460938,454.8779296875,417.40985107421875,226.01222229003906,75.49993133544922
2023-12-14,89.55917358398438,66.43351745605469,188.72999572753906,38.54999923706055,100.99674224853516,457.6855773925781,192.7042236328125,397.041259765625,163.1892852783203,456.3377990722656,418.6355895996094,227.35337829589844,77.47711944580078
2023-12-15,89.35096740722656,66.33411407470703,187.0,38.18000030517578,100.81310272216797,456.91363525390625,191.08470153808594,398.9605712890625,163.8382110595703,455.5863952636719,417.99853515625,227.04461669921875,76.83092498779297
2023-12-18,89.16986846923828,66.19857025146484,187.85000610351562,38.36000061035156,101.25768280029297,459.451416015625,191.15255737304688,401.47344970703125,165.05136108398438,458.149169921875,420.3631591796875,228.02877807617188,76.85985565185547
2023-12-19,89.27850341796875,66.32508087158203,189.1300048828125,38.619998931884766,102.02120208740234,462.1050109863281,194.85711669921875,403.52484130859375,165.849609375,460.9350280761719,422.9208679199219,229.697998046875,78.41179656982422
2023-12-20,89.60445404052734,66.54198455810547,188.10000610351562,38.40999984741211,100.5096206665039,455.48309326171875,191.04554748535156,397.52862548828125,163.40557861328125,454.54779052734375,416.8162536621094,226.27268981933594,76.85111999511719
2023-12-21,89.59539794921875,66.53295135498047,189.42999267578125,38.68000030517578,101.60665130615234,460.1043701171875,194.29644775390625,402.1539611816406,165.3174591064453,458.8577880859375,420.87689208984375,228.77468872070312,78.20822143554688
2023-12-22,89.47767639160156,66.48855590820312,190.27000427246094,38.86000061035156,101.87848663330078,460.9859619140625,196.10687255859375,402.755615234375,165.58355712890625,459.7799377441406,421.8556823730469,229.2979736328125,78.88678741455078
2023-12-26,89.65876007080078,66.55196380615234,191.72000122070312,39.13999938964844,102.35418701171875,462.9720764160156,198.6570281982422,405.2211608886719,166.57888793945312,461.7213134765625,423.6098937988281,230.43174743652344,79.87553405761719
2023-12-27,90.22915649414062,66.97795867919922,192.58999633789062,39.34000015258789,102.53866577148438,463.8537292480469,199.3577880859375,406.0461120605469,166.8942413330078,462.55615234375,424.38519287109375,230.8677520751953,80.16634368896484
2023-12-28,90.02996063232422,66.81480407714844,191.47000122070312,39.099998474121094,102.60661315917969,464.06683349609375,198.59860229492188,405.8487243652344,166.8252716064453,462.7309265136719,424.4530334472656,230.7515106201172,79.84644317626953
2023-12-29,89.85794830322266,66.66073608398438,191.1699981689453,39.029998779296875,102.16002655029297,462.73956298828125,195.35739135742188,404.09234619140625,166.09600830078125,461.3913269042969,423.319091796875,229.8696746826172,78.6153564453125
2024-01-02,89.43242645263672,66.37977600097656,190.72000122070312,38.939998626708984,101.46102905273438,460.0849304199219,194.19912719726562,397.2541809082031,163.29718017578125,458.8092041015625,420.6152648925781,228.32894897460938,78.13067626953125
2024-01-03,89.47767639160156,66.43413543701172,189.1300048828125,38.63999938964844,100.41253662109375,456.325927734375,189.02102661132812,393.0506286621094,161.5430145263672,455.062255859375,417.4946594238281,226.1389923095703,76.01746368408203
2024-01-04,89.11552429199219,66.13504791259766,189.32000732421875,38.66999816894531,100.15040588378906,454.921142578125,188.6511688232422,391.0278015136719,160.74473571777344,453.596435546875,416.1766052246094,225.5575714111328,75.91083526611328
2024-01-05,88.90730285644531,65.9356918334961,189.35000610351562,38.65999984741211,100.30574798583984,455.4637145996094,188.09637451171875,391.4916076660156,160.9517059326172,454.2177734375,416.7096252441406,225.896728515625,75.69757843017578
2024-01-08,89.24230194091797,66.22569274902344,187.8699951171875,38.369998931884766,101.72315216064453,461.7320251464844,191.4835205078125,399.5829772949219,164.2826690673828,460.7021179199219,422.6697998046875,229.12353515625,77.10315704345703
2024-01-09,89.22418975830078,66.21663665771484,187.92999267578125,38.380001068115234,101.5386962890625,461.2960510253906,189.77047729492188,400.372314453125,164.5980224609375,460.0032043457031,421.6425476074219,228.69717407226562,76.33735656738281
2024-01-10,89.05213928222656,66.09882354736328,187.5,38.29999923706055,102.06294250488281,463.8827819824219,189.8775634765625,403.0859069824219,165.72154235839844,462.6047058105469,424.4239807128906,229.87937927246094,76.37613677978516
2024-01-11,89.55917358398438,66.44319915771484,187.8699951171875,38.369998931884766,101.98528289794922,463.630859375,188.3883514404297,403.92462158203125,166.09600830078125,462.4009094238281,424.27862548828125,229.72434997558594,75.81388092041016
2024-01-12,89.72213745117188,66.57916259765625,189.7100067138672,38.75,102.02409362792969,464.0280456542969,188.0768585205078,404.13177490234375,166.15513610839844,462.7212219238281,424.47235107421875,229.7631072998047,75.67818450927734
2024-01-16,89.05213928222656,66.1078872680664,187.91000366210938,38.38999938964844,101.54840087890625,462.41986083984375,185.75062561035156,404.09234619140625,166.12557983398438,461.0224914550781,423.02838134765625,228.69717407226562,74.7669906616211
2024-01-17,88.80770111083984,65.95380401611328,185.83999633789062,37.95000076293945,100.99502563476562,459.8233947753906,184.42689514160156,401.81292724609375,165.18934631347656,458.4597473144531,420.67340087890625,227.32118225097656,74.195068359375
2024-01-18,88.72624206542969,65.8631591796875,187.3699951171875,38.27000045776367,101.82023620605469,463.76654052734375,185.5170135498047,407.5163879394531,167.62350463867188,462.5367431640625,424.41424560546875,229.3270263671875,74.64097595214844
2024-01-19,88.74431610107422,65.8631591796875,187.92999267578125,38.38999938964844,103.12114715576172,469.56976318359375,187.29823303222656,415.5978088378906,170.87567138671875,468.3028259277344,429.6088562011719,232.11781311035156,75.39706420898438
2024-01-22,88.90730285644531,65.97190856933594,187.22000122070312,38.2400016784668,103.49976348876953,470.58709716796875,191.29859924316406,416.1405334472656,171.08262634277344,469.2929382324219,430.5876770019531,233.12557983398438,76.98681640625
2024-01-23,88.69001770019531,65.81787109375,187.9499969482422,38.38999938964844,103.72305297851562,472.04998779296875,190.74383544921875,417.8673095703125,171.84144592285156,470.66162109375,431.866943359375,233.55194091796875,76.70572662353516
2024-01-24,88.49083709716797,65.68190002441406,186.39999389648438,38.08000183105469,103.71334075927734,472.40838623046875,189.1767578125,420.1861572265625,172.7481231689453,471.1761474609375,432.2254943847656,233.51315307617188,76.08533477783203
2024-01-25,88.88920593261719,65.99005126953125,187.13999938964844,38.22999954223633,104.25701141357422,475.0435791015625,190.74383544921875,420.69927978515625,172.9452362060547,473.7388610839844,434.6580505371094,234.8116912841797,76.68633270263672
2024-01-26,88.78958892822266,65.89035034179688,187.00999450683594,38.18000030517578,104.17933654785156,474.5495300292969,190.75357055664062,418.1929626464844,171.94000244140625,473.1369934082031,434.3963928222656,234.61785888671875,76.73479461669922
2024-01-29,89.1427001953125,66.15319061279297,188.3300018310547,38.459999084472656,105.15986633300781,478.2795715332031,194.0920867919922,422.4753723144531,173.6942138671875,476.8839416503906,437.5557861328125,236.74969482421875,78.07251739501953
2024-01-30,89.3147201538086,66.27102661132812,188.58999633789062,38.5099983215332,104.95599365234375,477.9210205078125,192.43740844726562,419.6632385253906,172.51158142089844,476.5151062011719,437.24566650390625,236.4202423095703,77.42304229736328
2024-01-31,89.72213745117188,66.55196380615234,188.4499969482422,38.4900016784668,103.2279281616211,470.0735778808594,187.73623657226562,411.4436340332031,169.12147521972656,468.7396545410156,430.12249755859375,232.4375457763672,75.51339721679688
2024-02-01,90.2333755493164,66.9537582397461,190.41000366210938,38.88999938964844,104.55796813964844,476.3128356933594,190.22793579101562,416.28857421875,171.2008819580078,474.87457275390625,435.7822570800781,235.5675048828125,76.59906005859375
2024-02-02,89.40704345703125,66.35381317138672,188.61000061035156,38.5099983215332,105.52879333496094,481.2247314453125,189.22540283203125,423.32403564453125,174.10809326171875,479.8737487792969,440.25970458984375,237.5830535888672,76.14347839355469
2024-02-05,88.67152404785156,65.82662200927734,187.57000732421875,38.29999923706055,105.0531005859375,479.6164245605469,186.82127380371094,422.771484375,173.8223419189453,478.1264953613281,438.65087890625,236.45901489257812,75.15472412109375
2024-02-06,89.13462829589844,66.13569641113281,188.5500030517578,38.52000045776367,105.3443374633789,480.9147033691406,188.5051727294922,421.9228210449219,173.48724365234375,479.5146484375,440.017333984375,237.26327514648438,75.81388092041016
2024-02-07,88.95301055908203,66.00843811035156,188.5,38.4900016784668,106.17925262451172,484.819091796875,188.067138671875,426.2645263671875,175.24143981933594,483.51397705078125,443.63226318359375,239.13345336914062,75.67818450927734
2024-02-08,88.68061065673828,65.83573150634766,188.3300018310547,38.45000076293945,106.4510726928711,485.1387634277344,190.9189910888672,427.0539245605469,175.5863800048828,483.7275390625,443.9327392578125,239.72457885742188,76.84141540527344
2024-02-09,88.65335845947266,65.78118133544922,187.60000610351562,38.31999969482422,107.11125183105469,487.9483337402344,194.02392578125,431.2574462890625,177.291259765625,486.523193359375,446.45245361328125,241.18775939941406,78.07251739501953
2024-02-12,88.67152404785156,65.79936218261719,187.11000061035156,38.22999954223633,107.1986083984375,487.6867980957031,197.5474090576172,429.57012939453125,176.60142517089844,486.30963134765625,446.2489318847656,241.4203643798828,79.48778533935547
2024-02-13,87.8542709350586,65.22672271728516,184.52999877929688,37.689998626708984,105.48995971679688,481.13751220703125,189.42010498046875,422.8700866699219,173.84201049804688,479.6116027832031,439.959228515625,237.553955078125,76.25979614257812
2024-02-14,88.24473571777344,65.47213745117188,184.4199981689453,37.65999984741211,106.67436981201172,485.4294128417969,193.8195343017578,427.478271484375,175.76376342773438,483.9701843261719,444.14593505859375,240.17999267578125,78.01436614990234
2024-02-15,88.45359802246094,65.65393829345703,185.66000366210938,37.93000030517578,107.49957275390625,488.62652587890625,198.9879150390625,428.75115966796875,176.2860870361328,487.3094787597656,447.1502380371094,242.03085327148438,80.01123809814453
2024-02-16,88.17208099365234,65.44486236572266,186.33999633789062,38.06999969482422,106.9267807006836,486.3013610839844,196.28208923339844,424.86334228515625,174.67970275878906,484.8826599121094,444.8630676269531,240.76141357421875,78.96432495117188
2024-02-20,88.25382232666016,65.52666473388672,187.47000122070312,38.310001373291016,106.24720764160156,483.5983581542969,193.5762176513672,421.65643310546875,173.35911560058594,482.21319580078125,442.4208068847656,239.249755859375,77.88834381103516
2024-02-21,87.9904556274414,65.34485626220703,187.47999572753906,38.29999923706055,106.26663970947266,484.0343017578125,192.66127014160156,419.9690246582031,172.63970947265625,482.6499938964844,442.8666076660156,239.2981719970703,77.51028442382812
2024-02-22,88.06314849853516,65.37213897705078,187.55999755859375,38.29999923706055,108.36359405517578,494.14886474609375,194.12127685546875,432.263916015625,177.74461364746094,492.638671875,452.17034912109375,244.0269775390625,78.15006256103516
2024-02-23,88.39000701904297,65.60846710205078,188.6199951171875,38.52000045776367,108.47040557861328,494.4298400878906,194.5592803955078,430.99102783203125,177.2025604248047,492.97845458984375,452.3738708496094,244.19174194335938,78.29544830322266
2024-02-26,88.19933319091797,65.49031066894531,188.1999969482422,38.439998626708984,108.16944122314453,492.56964111328125,195.78565979003906,430.7640380859375,177.1335906982422,491.1728820800781,450.7166442871094,243.45529174804688,78.78985595703125
2024-02-27,88.08126068115234,65.39032745361328,188.0,38.400001525878906,108.45098114013672,493.4416198730469,198.55966186523438,431.8001708984375,177.54750061035156,492.0853271484375,451.55010986328125,244.1335906982422,79.8852310180664
2024-02-28,88.25382232666016,65.53575897216797,188.33999633789062,38.47999954223633,108.21798706054688,492.8215637207031,196.92445373535156,429.50103759765625,176.59156799316406,491.4349670410156,450.8523254394531,243.7266082763672,79.27454376220703
2024-02-29,88.39908599853516,65.64484405517578,189.30999755859375,38.650001525878906,108.73250579833984,494.5363464355469,198.29685974121094,433.181640625,178.06982421875,493.2016296386719,452.5192565917969,244.75375366210938,79.73014068603516
2024-03-01,88.82350158691406,65.92011260986328,192.88999938964844,39.400001525878906,109.71305847167969,499.3223876953125,200.3992919921875,439.7040100097656,180.81935119628906,497.8320617675781,456.88031005859375,247.0018768310547,80.63163757324219
2024-03-04,88.60494232177734,65.7651596069336,196.00999450683594,40.04999923706055,109.54802703857422,498.7314147949219,200.21437072753906,438.13507080078125,180.1097869873047,497.2981262207031,456.3376770019531,246.75961303710938,80.55408477783203
2024-03-05,89.08761596679688,66.1206283569336,197.19000244140625,40.290000915527344,108.4412612915039,493.6934814453125,198.29685974121094,430.27069091796875,176.90689086914062,492.3280334472656,451.76324462890625,244.1432647705078,79.78827667236328
2024-03-06,89.2242202758789,66.2391357421875,198.80999755859375,40.61000061035156,109.11114501953125,496.367431640625,199.77633666992188,432.9743957519531,178.0500946044922,494.8227844238281,454.1571044921875,245.5871124267578,80.37960052490234
2024-03-07,89.41548919677734,66.34850311279297,199.94000244140625,40.83000183105469,110.17904663085938,501.2987060546875,201.44073486328125,439.546142578125,180.73068237304688,499.7346496582031,458.65386962890625,247.9805908203125,81.01937866210938
2024-03-08,89.4974594116211,66.41231536865234,201.6300048828125,41.18000030517578,109.51888275146484,498.25665283203125,201.31422424316406,433.20135498046875,178.1190948486328,496.7351379394531,455.87249755859375,246.54641723632812,80.98060607910156
2024-03-11,89.39727020263672,66.38497924804688,202.0,41.25,109.3732681274414,498.014404296875,199.71795654296875,431.5929870605469,177.46865844726562,496.3080139160156,455.4945068359375,246.14915466308594,80.3602066040039
2024-03-12,89.1695785522461,66.18445587158203,199.7899932861328,40.810001373291016,110.40234375,503.2073059082031,199.44541931152344,437.7799072265625,179.981689453125,501.64703369140625,460.3692626953125,248.58135986328125,80.26327514648438
2024-03-13,89.00566101074219,66.07508087158203,201.19000244140625,41.099998474121094,110.28584289550781,502.4033203125,200.22409057617188,434.4150085449219,178.61184692382812,500.86065673828125,459.6715087890625,248.2712860107422,80.58316802978516
2024-03-14,88.44097900390625,65.68312072753906,200.35000610351562,40.91999816894531,109.88780212402344,501.30853271484375,196.64218139648438,433.31982421875,178.1880645751953,499.8705139160156,458.6635437011719,247.31198120117188,79.10972595214844
2024-03-15,88.43189239501953,65.64666748046875,199.7100067138672,40.79999923706055,109.1791000366211,497.2297058105469,197.01206970214844,428.1689453125,176.04953002929688,496.4381103515625,455.50421142578125,245.8487548828125,79.29391479492188
2024-03-18,88.3407974243164,65.56464385986328,200.02999877929688,40.849998474121094,109.70333862304688,500.73681640625,195.88302612304688,432.2525634765625,177.72320556640625,499.3885498046875,458.3534851074219,247.09878540039062,78.81892395019531
2024-03-19,88.55938720703125,65.73780822753906,199.8000030517578,40.81999969482422,110.3343734741211,503.6336364746094,196.71035766601562,433.3294982910156,178.15762329101562,502.1636657714844,460.92169189453125,248.52322387695312,79.1872787475586
2024-03-20,88.74153137207031,65.85631561279297,202.17999267578125,41.29999923706055,111.4993667602539,508.31298828125,200.60366821289062,438.4674072265625,180.29046630859375,506.808349609375,464.9436340332031,251.0426788330078,80.68978881835938
2024-03-21,88.80529022216797,65.91099548339844,201.97000122070312,41.2599983215332,111.92572784423828,509.8827209472656,202.90853881835938,440.54229736328125,181.1099853515625,508.483154296875,466.4942321777344,252.0795440673828,81.63593292236328
2024-03-22,89.08761596679688,66.12975311279297,200.35000610351562,40.93000030517578,111.61421966552734,509.20233154296875,200.10797119140625,441.04620361328125,181.27784729003906,507.5191955566406,465.8845520019531,251.37062072753906,80.57711029052734
2024-03-25,88.9236831665039,66.00215911865234,200.99000549316406,41.04999923706055,111.3903579711914,507.6084289550781,200.5666046142578,439.44561767578125,180.69528198242188,506.11700439453125,464.67901611328125,250.80665588378906,80.71309661865234
2024-03-26,89.0147476196289,66.05684661865234,201.63999938964844,41.20000076293945,111.11778259277344,506.539306640625,200.20553588867188,438.0228271484375,180.10284423828125,505.1822509765625,463.37615966796875,250.35926818847656,80.57711029052734
2024-03-27,89.30621337890625,66.28473663330078,203.10000610351562,41.4900016784668,112.20802307128906,510.9518127441406,204.56741333007812,439.5147705078125,180.764404296875,509.42767333984375,467.4207458496094,252.56671142578125,82.33533477783203
2024-03-28,89.19690704345703,66.20267486572266,205.72000122070312,42.0099983215332,112.23723602294922,510.96148681640625,205.21141052246094,438.70452880859375,180.38919067382812,509.33038330078125,467.3624572753906,252.73196411132812,82.6267318725586
2024-04-01,88.54837799072266,65.75105285644531,207.82000732421875,42.459999084472656,111.96468353271484,510.13543701171875,203.27931213378906,439.6333312988281,180.8038787841797,508.4441833496094,466.7499084472656,252.5375213623047,81.82049560546875
2024-04-02,88.48440551757812,65.67792510986328,210.88999938964844,43.09000015258789,111.12751770019531,506.8017578125,199.54202270507812,435.83917236328125,179.21417236328125,505.2114562988281,463.697021484375,250.20370483398438,80.34397888183594
2024-04-03,88.53923034667969,65.72359466552734,212.74000549316406,43.459999084472656,111.302734375,507.3655090332031,200.8495635986328,436.8174133300781,179.6190185546875,505.7664489746094,464.1150817871094,250.5926971435547,80.81996154785156
2024-04-04,88.74932861328125,65.86075592041016,211.52000427246094,43.220001220703125,109.95938873291016,501.1257629394531,198.83941650390625,430.1381530761719,176.86416625976562,499.593017578125,458.398193359375,247.587890625,79.98456573486328
2024-04-05,88.31085968017578,65.53163146972656,215.13999938964844,43.95000076293945,111.09832000732422,506.35467529296875,199.50294494628906,435.20684814453125,178.95745849609375,504.81219482421875,463.26922607421875,250.08702087402344,80.27599334716797
2024-04-08,88.22865295410156,65.4767837524414,216.47999572753906,44.22999954223633,111.1956558227539,506.49066162109375,200.5958709716797,435.3353271484375,179.0265655517578,505.0945739746094,463.45391845703125,250.37875366210938,80.75196075439453
2024-04-09,88.53008270263672,65.71444702148438,217.6699981689453,44.470001220703125,111.36115264892578,507.1225280761719,201.38624572753906,436.9458312988281,179.6584930419922,505.6788330078125,464.027587890625,250.7385711669922,81.03367614746094
2024-04-10,87.47051239013672,64.94654083251953,215.61000061035156,44.040000915527344,110.1346206665039,502.2045593261719,196.06814575195312,433.1319885253906,178.1082763671875,500.61541748046875,459.5357666015625,247.93792724609375,78.90632629394531
2024-04-11,87.48876953125,64.94654083251953,219.8000030517578,44.88999938964844,110.92308807373047,505.9659118652344,197.3952178955078,440.04833984375,180.98162841796875,504.39349365234375,462.8511657714844,249.6202392578125,79.47943878173828
2024-04-12,87.65320587158203,65.09281158447266,216.88999938964844,44.29999923706055,109.26826477050781,498.8904113769531,193.88233947753906,433.0331115722656,178.05892944335938,497.43133544921875,456.5412292480469,246.0222930908203,78.02234649658203
2024-04-15,87.1234130859375,64.66313934326172,220.9499969482422,45.130001068115234,107.76915740966797,492.7090759277344,191.04275512695312,425.9093017578125,175.12631225585938,491.1994934082031,450.74658203125,242.99807739257812,76.88581085205078
2024-04-16,86.87677001953125,64.49858093261719,221.22000122070312,45.18000030517578,107.59394836425781,491.76629638671875,190.34017944335938,425.9488220214844,175.1361846923828,490.3036193847656,449.93963623046875,242.26876831054688,76.61383056640625
2024-04-17,87.2786636352539,64.80939483642578,219.58999633789062,44.86000061035156,106.9417495727539,488.908935546875,188.33001708984375,420.7516784667969,173.0231170654297,487.4018249511719,447.2270202636719,240.84901428222656,75.81729125976562
2024-04-18,87.03207397460938,64.63571166992188,220.33999633789062,45.0,106.72759246826172,487.7814636230469,188.1738739013672,418.35064697265625,172.0653533935547,486.39892578125,446.2061462402344,240.35308837890625,75.72013854980469
2024-04-19,87.1234130859375,64.7179946899414,221.02999877929688,45.13999938964844,105.89042663574219,483.5537109375,188.4666290283203,409.69537353515625,168.48106384277344,482.1534423828125,442.4727478027344,238.4665985107422,75.84642028808594
2024-04-22,87.1781997680664,64.74541473388672,215.57000732421875,44.040000915527344,106.90279388427734,488.0147705078125,190.5743408203125,413.8155212402344,170.17942810058594,486.59375,446.3130798339844,240.81015014648438,76.66239166259766
2024-04-23,87.36090850830078,64.86425018310547,215.0399932861328,43.90999984741211,108.15852355957031,493.8948059082031,193.76527404785156,419.9908142089844,172.69728088378906,492.367919921875,451.94244384765625,243.6787567138672,77.99320220947266
2024-04-24,87.13253784179688,64.69969940185547,214.63999938964844,43.86000061035156,108.22666931152344,493.70037841796875,192.8968048095703,421.4136657714844,173.27987670898438,492.13427734375,451.61187744140625,243.7371063232422,77.64350891113281
2024-04-25,86.88589477539062,64.51683807373047,215.9199981689453,44.11000061035156,107.73021697998047,491.61077880859375,191.72579956054688,419.3783264160156,172.450439453125,490.2646179199219,449.7451477050781,242.5799560546875,77.17723846435547
2024-04-26,87.07772064208984,64.66313934326172,216.6199951171875,44.2599983215332,108.77178955078125,496.4217224121094,193.56033325195312,425.8499450683594,175.11642456054688,494.9093933105469,454.2467346191406,244.83595275878906,77.92520904541016
2024-04-29,87.3426284790039,64.8551254272461,216.17999267578125,44.15999984741211,109.16117858886719,498.190673828125,195.12161254882812,427.57904052734375,175.81747436523438,496.66204833984375,455.83148193359375,245.79864501953125,78.52747344970703
2024-04-30,86.98639678955078,64.60826873779297,211.8699951171875,43.29999923706055,107.32138061523438,490.26953125,191.1598358154297,419.5165710449219,172.4800567626953,488.7943420410156,448.6270751953125,241.7533721923828,76.8955307006836
2024-05-01,87.2933578491211,64.8411865234375,213.7899932861328,43.689998626708984,107.14616394042969,488.73394775390625,191.55992126464844,416.4832458496094,171.2655487060547,487.2071838378906,447.168701171875,241.1504669189453,77.08979797363281
2024-05-02,87.68733978271484,65.09793853759766,213.1300048828125,43.54999923706055,108.19747924804688,493.2047424316406,195.0825653076172,421.7989501953125,173.43783569335938,491.7642517089844,451.3396301269531,243.64959716796875,78.53718566894531
2024-05-03,88.13630676269531,65.42808532714844,212.9600067138672,43.52000045776367,109.48241424560547,499.40557861328125,197.0146484375,430.2764587402344,176.94314575195312,497.85980224609375,456.93988037109375,246.53768920898438,79.27545166015625
2024-05-06,88.20045471191406,65.49226379394531,215.1999969482422,43.95000076293945,110.66027069091797,504.6051940917969,199.5615234375,434.9894714355469,178.9080810546875,503.0011291503906,461.5483703613281,249.18267822265625,80.29541015625
2024-05-07,88.3836898803711,65.6206283569336,214.2100067138672,43.7599983215332,110.78681182861328,505.2563781738281,200.0103759765625,435.0586242675781,178.9080810546875,503.55615234375,462.20941162109375,249.40634155273438,80.47025299072266
2024-05-08,88.20045471191406,65.46475219726562,213.5800018310547,43.650001525878906,110.73815155029297,505.20782470703125,198.8491973876953,434.8017272949219,178.79945373535156,503.6047668457031,462.2289123535156,249.2312774658203,80.0428466796875
2024-05-09,88.36537170410156,65.63899230957031,216.9499969482422,44.33000183105469,111.35140228271484,507.97772216796875,200.87887573242188,435.7502746582031,179.1944122314453,506.5065002441406,464.8831481933594,250.6996307373047,80.81026458740234
2024-05-10,88.18213653564453,65.4555892944336,218.7100067138672,44.68000030517578,111.47794342041016,508.6872863769531,199.36634826660156,436.7778625488281,179.609130859375,507.1589660644531,465.456787109375,250.9330291748047,80.23712158203125
2024-05-13,88.22795104980469,65.5105972290039,216.25999450683594,44.20000076293945,111.45848083496094,508.8621826171875,199.78594970703125,437.78564453125,180.0435791015625,507.2270202636719,465.48590087890625,251.06919860839844,80.3925552368164
2024-05-14,88.4661636352539,65.70317077636719,218.08999633789062,44.56999969482422,112.04254913330078,511.18505859375,201.8546600341797,440.60162353515625,181.18898010253906,509.55426025390625,467.6930236816406,252.29441833496094,81.25708770751953
2024-05-15,89.05259704589844,66.12499237060547,220.88999938964844,45.130001068115234,113.45403289794922,517.5217895507812,204.37222290039062,447.4883117675781,184.0031280517578,515.8641967773438,473.3903503417969,255.39645385742188,82.20905303955078
2024-05-16,88.95181274414062,66.01493072509766,220.02999877929688,44.970001220703125,113.09386444091797,516.3069458007812,202.89874267578125,446.5793762207031,183.64764404296875,514.8026733398438,472.4861755371094,254.7060089111328,81.70393371582031
2024-05-17,88.6677474975586,65.84989166259766,223.66000366210938,45.689998626708984,113.25933074951172,517.1817626953125,203.04510498046875,446.3619384765625,183.5686492919922,515.542724609375,473.1862487792969,255.06581115722656,81.70393371582031
2024-05-20,88.58528137207031,65.78569793701172,224.55999755859375,45.88999938964844,113.4345703125,517.7843017578125,203.49398803710938,449.4743347167969,184.8423614501953,516.1367797851562,473.65289306640625,255.328369140625,81.93706512451172
2024-05-21,88.75021362304688,65.92323303222656,224.22999572753906,45.81999969482422,113.67790222167969,519.0477294921875,203.29884338378906,450.3536376953125,185.20774841308594,517.4027099609375,474.92657470703125,255.85345458984375,81.8302001953125
2024-05-22,88.64027404785156,65.84074401855469,220.11000061035156,44.9900016784668,113.25933074951172,517.5706176757812,201.5814208984375,450.2647705078125,185.1583709716797,515.9127807617188,473.54595947265625,254.98802185058594,81.16966247558594
2024-05-23,88.39286804199219,65.6481704711914,215.72000122070312,44.06999969482422,112.2859115600586,513.7897338867188,198.2734375,448.2392578125,184.34869384765625,512.1444091796875,470.0263671875,252.8195037841797,79.82913208007812
2024-05-24,88.49365997314453,65.72148895263672,215.9199981689453,44.119998931884766,113.08412170410156,517.2012329101562,200.46900939941406,452.4779968261719,186.10626220703125,515.5330810546875,473.22515869140625,254.64764404296875,80.69367980957031
2024-05-28,88.08133697509766,65.40972900390625,218.19000244140625,44.56999969482422,113.14253234863281,517.599609375,200.19577026367188,454.1873474121094,186.79745483398438,515.893310546875,473.6042785644531,254.64764404296875,80.60626220703125
2024-05-29,87.7423095703125,65.17130279541016,216.16000366210938,44.15999984741211,112.23723602294922,513.896728515625,197.23910522460938,450.9859924316406,185.5138397216797,512.2807006835938,470.2694396972656,252.55697631835938,79.42115783691406
2024-05-30,88.15464782714844,65.4555892944336,216.57000732421875,44.2400016784668,111.68236541748047,510.5630187988281,199.1126708984375,446.1543884277344,183.50936889648438,508.8824157714844,467.109619140625,251.322021484375,80.15940856933594
2024-05-31,88.43869018554688,65.6939926147461,215.3000030517578,43.9900016784668,112.55847930908203,515.07275390625,200.791015625,445.3244323730469,183.5291290283203,513.5173950195312,471.1737060546875,253.2571258544922,80.7811050415039
2024-06-03,88.9736328125,66.0610122680664,217.22000122070312,44.38999938964844,112.55847930908203,515.393310546875,199.65908813476562,447.715576171875,184.1413116455078,513.93603515625,471.6889953613281,253.33489990234375,80.3828353881836
2024-06-04,89.29534912109375,66.3093490600586,215.27000427246094,43.97999954223633,112.55847930908203,516.1514892578125,197.0829620361328,448.94073486328125,184.61529541015625,514.5106201171875,472.2626037597656,253.3057403564453,79.3143081665039
2024-06-05,89.57106018066406,66.49333190917969,217.82000732421875,44.4900016784668,113.89208221435547,522.3329467773438,200.0982208251953,457.9913024902344,188.3279266357422,520.6255493164062,477.911376953125,256.4077453613281,80.50910949707031
2024-06-06,89.59864807128906,66.50250244140625,219.42999267578125,44.84000015258789,113.8434066772461,522.3134155273438,198.6637725830078,457.833251953125,188.29830932617188,520.6159057617188,477.8044128417969,256.18414306640625,79.96513366699219
2024-06-07,88.80818939208984,65.96902465820312,211.60000610351562,43.2400016784668,113.55137634277344,521.6524047851562,196.3315887451172,457.42816162109375,188.13043212890625,519.9829711914062,477.18212890625,255.69786071777344,79.0520248413086
2024-06-10,88.7346420288086,65.86784362792969,213.5399932861328,43.630001068115234,113.96996307373047,523.2074584960938,197.0049285888672,459.2757568359375,188.87098693847656,521.5895385742188,478.7475280761719,256.5535888671875,79.30459594726562
2024-06-11,89.03794860839844,66.13459014892578,214.14999389648438,43.77000045776367,114.17105865478516,524.5049438476562,196.33169555664062,462.4276428222656,190.1743927001953,522.8458251953125,479.8364562988281,256.9912109375,79.00345611572266
2024-06-12,89.4607925415039,66.4381332397461,214.72000122070312,43.880001068115234,115.25467681884766,528.8722534179688,199.34555053710938,468.4844055175781,192.6330108642578,527.1399536132812,483.8323974609375,259.41253662109375,80.27599334716797
2024-06-13,89.91116333007812,66.73247528076172,212.97000122070312,43.529998779296875,115.3132553100586,529.9835815429688,197.60377502441406,471.0237121582031,193.70928955078125,528.2012939453125,484.7463073730469,259.52923583984375,79.5377197265625
2024-06-14,90.00308227539062,66.83362579345703,215.72999572753906,44.08000183105469,115.14730072021484,530.1687622070312,194.4626922607422,473.46417236328125,194.7065887451172,528.5226440429688,485.13525390625,259.334716796875,78.2943344116211
2024-06-17,89.6813735961914,66.58528900146484,214.61000061035156,43.849998474121094,116.10401153564453,534.5067749023438,196.09681701660156,479.2640380859375,197.0961151123047,532.7291870117188,488.9853515625,261.3088073730469,78.9451675415039
2024-06-18,90.00308227539062,66.81524658203125,215.47000122070312,44.029998779296875,116.39688110351562,535.8032836914062,196.43934631347656,479.4122314453125,197.1553497314453,534.0825805664062,490.28814697265625,261.969970703125,79.1006088256836
2024-06-20,89.84681701660156,66.68647003173828,218.16000366210938,44.58000183105469,116.02591705322266,534.1460571289062,195.6075439453125,475.71697998046875,195.62486267089844,532.6317749023438,488.9269714355469,261.3088073730469,78.74117279052734
2024-06-21,89.85601806640625,66.70487976074219,214.77999877929688,43.88999938964844,115.86972045898438,533.2394409179688,196.04791259765625,474.4423828125,195.05215454101562,531.9176025390625,487.85748291015625,260.9100341796875,78.90632629394531
2024-06-24,89.92953491210938,66.74166870117188,215.6300048828125,44.08000183105469,115.67445373535156,531.874755859375,196.8992156982422,469.041015625,192.90602111816406,530.1886596679688,486.54498291015625,260.4724426269531,79.24630737304688
2024-06-25,89.92033386230469,66.77848052978516,214.55999755859375,43.849998474121094,116.01615142822266,533.892578125,196.25341796875,474.40478515625,195.1016387939453,532.2302856445312,488.56732177734375,261.32818603515625,79.00345611572266
2024-06-26,89.51592254638672,66.46571350097656,212.5800018310547,43.459999084472656,116.13329315185547,534.7114868164062,195.73477172851562,475.3844299316406,195.52687072753906,532.8945922851562,489.1117248535156,261.3185119628906,78.80917358398438
2024-06-27,89.66297912597656,66.58528900146484,214.99000549316406,43.959999084472656,116.34807586669922,535.4913940429688,197.72120666503906,476.6116027832031,196.01150512695312,533.734619140625,489.8700866699219,261.9505310058594,79.61744689941406
2024-06-28,89.22179412841797,66.2725601196289,215.00999450683594,43.93000030517578,115.95758056640625,533.4539184570312,198.5333709716797,474.13751220703125,194.94337463378906,531.6343383789062,487.9811096191406,261.0546875,79.91969299316406
2024-07-01,88.74327850341797,65.92286682128906,215.57000732421875,44.060001373291016,116.12352752685547,534.604248046875,196.86990356445312,476.9184265136719,196.14996337890625,532.7285766601562,489.1031799316406,261.5816345214844,79.27619934082031
2024-07-02,89.03832244873047,66.11664581298828,215.55999755859375,44.060001373291016,116.84596252441406,538.01611328125,197.5450439453125,481.9258728027344,198.19720458984375,536.3135986328125,492.2742004394531,263.0943298339844,79.52969360351562
2024-07-03,89.51776885986328,66.49493408203125,217.99000549316406,44.54999923706055,117.18762969970703,540.375244140625,197.49610900878906,485.9437561035156,199.83895874023438,538.70703125,494.49884033203125,264.1774597167969,79.51993560791016
2024-07-05,89.96952819824219,66.79940032958984,220.92999267578125,45.150001525878906,117.9393310546875,543.7189331054688,196.5567626953125,491.0106201171875,201.94554138183594,541.8134765625,497.4552307128906,265.553466796875,79.13969421386719
2024-07-08,89.9972152709961,66.79940032958984,218.19000244140625,44.599998474121094,118.06625366210938,544.3524780273438,197.93646240234375,492.1783447265625,202.449951171875,542.4385986328125,497.933349609375,265.9145202636719,79.67594146728516
2024-07-09,89.91421508789062,66.77171325683594,218.55999755859375,44.65999984741211,118.07600402832031,544.8594360351562,197.07533264160156,492.6038513183594,202.59829711914062,542.9661254882812,498.47979736328125,265.84619140625,79.34445190429688
2024-07-10,90.00642395019531,66.82707214355469,219.36000061035156,44.83000183105469,119.20845031738281,550.0454711914062,199.00308227539062,497.7400207519531,204.72463989257812,548.3389892578125,503.28021240234375,268.4224853515625,80.1341781616211
2024-07-11,90.46744537353516,67.15921783447266,223.25,45.630001068115234,118.62271118164062,545.3761596679688,206.15606689453125,486.8244934082031,200.2147674560547,543.61083984375,498.9676513671875,267.2221374511719,83.0396499633789
2024-07-12,90.71636199951172,67.33453369140625,223.11000061035156,45.61000061035156,119.46227264404297,548.8659057617188,208.5632781982422,489.68450927734375,201.43124389648438,547.039794921875,502.05084228515625,268.988525390625,83.97562408447266
2024-07-15,90.40289306640625,67.12232971191406,223.8300018310547,45.7599983215332,119.92111206054688,550.3964233398438,212.52630615234375,491.0007019042969,201.95541381835938,548.5441284179688,503.5729064941406,270.14007568359375,85.53561401367188
2024-07-16,90.77169036865234,67.38065338134766,228.2899932861328,46.65999984741211,120.99496459960938,553.662109375,219.7772216796875,491.188720703125,202.0147705078125,551.7969970703125,506.4317626953125,272.36505126953125,88.49956512451172
2024-07-17,90.83624267578125,67.44525146484375,227.22999572753906,46.439998626708984,119.29630279541016,545.9317626953125,217.4776611328125,476.7699279785156,196.12030029296875,544.0601806640625,499.35791015625,268.52008056640625,87.60258483886719
2024-07-18,90.58731079101562,67.26995849609375,225.77999877929688,46.150001525878906,118.20291900634766,541.6132202148438,213.26998901367188,474.51361083984375,195.1312713623047,539.8792114257812,495.6014099121094,266.1780090332031,85.92560577392578
2024-07-19,90.40289306640625,67.09463500976562,221.72999572753906,45.31999969482422,117.50979614257812,538.0843505859375,212.18382263183594,470.3077392578125,193.410400390625,536.2940673828125,492.293701171875,264.5190124511719,85.4381103515625
2024-07-22,90.36602020263672,67.06694793701172,221.8000030517578,45.33000183105469,118.7789077758789,543.6701049804688,215.5597381591797,477.3142395019531,196.30821228027344,541.8232421875,497.4065246582031,267.2807312011719,86.7933349609375
2024-07-23,90.35677337646484,67.076171875,222.5800018310547,45.4900016784668,118.6520004272461,542.7634887695312,217.84951782226562,475.6318664550781,195.60598754882812,540.9732666015625,496.5771484375,267.0855407714844,87.7195816040039
2024-07-24,90.0802001953125,66.88243865966797,221.8000030517578,45.310001373291016,115.88923645019531,530.5099487304688,213.17214965820312,458.5707702636719,188.62362670898438,528.7135009765625,485.21014404296875,261.0741882324219,85.89635467529297
2024-07-25,90.32913970947266,67.03005981445312,218.3300018310547,44.619998931884766,115.53778076171875,527.7122192382812,215.83375549316406,453.5138244628906,186.4774627685547,525.9586791992188,482.76104736328125,260.0690612792969,86.92008972167969
2024-07-26,90.65184020996094,67.29763793945312,220.6300048828125,45.08000183105469,116.92405700683594,533.6099243164062,219.40536499023438,458.1650695800781,188.45547485351562,531.849365234375,488.17626953125,263.1820983886719,88.392333984375
2024-07-29,90.79936218261719,67.38065338134766,220.32000732421875,45.02000045776367,116.9338150024414,533.9803466796875,216.96881103515625,459.08544921875,188.81155395507812,532.1619262695312,488.53729248046875,263.20159912109375,87.42708587646484
2024-07-30,90.89156341552734,67.46370697021484,222.52000427246094,45.4900016784668,116.43592071533203,531.1046752929688,217.7908172607422,452.7815246582031,186.2203369140625,529.4657592773438,485.9809265136719,262.1086120605469,87.70983123779297
2024-07-31,91.3802261352539,67.83275604248047,226.5500030517578,46.29999923706055,118.14434051513672,539.390625,219.05308532714844,466.1810302734375,191.6302032470703,538.0719604492188,493.6402282714844,265.9926452636719,88.28507232666016
2024-08-01,91.76310729980469,68.08634185791016,225.77000427246094,46.13999938964844,116.37736511230469,532.3035888671875,211.92942810058594,454.889404296875,187.11044311523438,530.452392578125,486.9078674316406,261.8255920410156,85.40884399414062
2024-08-02,92.78968048095703,68.86373901367188,225.33999633789062,46.04999923706055,113.9855728149414,522.2824096679688,204.43389892578125,444.0926513671875,182.64010620117188,520.5762329101562,478.0093994140625,256.5559387207031,82.36690521240234
2024-08-05,92.71568298339844,68.7989273071289,222.47999572753906,45.47999954223633,110.71517181396484,507.08489990234375,197.8582000732422,430.85150146484375,177.3884735107422,505.4151611328125,463.65673828125,249.022216796875,79.67594146728516
2024-08-06,92.16082000732422,68.37322235107422,220.6999969482422,45.099998474121094,111.74021911621094,511.9005432128906,200.0109405517578,434.96832275390625,178.93133544921875,510.0748291015625,468.28155517578125,251.5497283935547,80.57292938232422
2024-08-07,91.88334655761719,68.20662689208984,220.5500030517578,45.060001373291016,110.80303192138672,508.36187744140625,197.6428985595703,430.2577209472656,176.97311401367188,506.6654357910156,465.0324401855469,249.6272735595703,79.60769653320312
2024-08-08,91.74461364746094,68.1048583984375,224.00999450683594,45.77000045776367,113.5169677734375,520.1378173828125,202.4474639892578,443.4197082519531,182.34341430664062,518.3781127929688,475.88232421875,255.47271728515625,81.5089111328125
2024-08-09,92.06831359863281,68.345458984375,224.55999755859375,45.88999938964844,113.94652557373047,522.3604125976562,202.02670288085938,445.7354431152344,183.302734375,520.6640625,477.92156982421875,256.5754699707031,81.35292053222656
2024-08-12,92.22554016113281,68.46577453613281,228.41000366210938,46.66999816894531,113.87818145751953,522.6138916015625,200.2066650390625,446.6953125,183.767578125,520.9376220703125,478.16552734375,256.4095153808594,80.66067504882812
2024-08-13,92.59546661376953,68.72491455078125,228.05999755859375,46.599998474121094,115.7720947265625,531.309326171875,203.50430297851562,457.7790832519531,188.287353515625,529.5048217773438,486.1077880859375,260.6741027832031,81.91840362548828
2024-08-14,92.76193237304688,68.8544692993164,226.1999969482422,46.22999954223633,116.09424591064453,533.0444946289062,202.2419891357422,457.9275817871094,188.35658264160156,531.17529296875,487.65911865234375,261.4158020019531,81.47966766357422
2024-08-15,92.3735122680664,68.56755828857422,226.91000366210938,46.369998931884766,118.12483215332031,542.1688842773438,207.4868927001953,469.4963073730469,193.12359619140625,540.2797241210938,496.0307312011719,265.94378662109375,83.55638122558594
2024-08-16,92.59546661376953,68.71563720703125,231.99000549316406,47.400001525878906,118.3884048461914,543.3971557617188,208.03488159179688,470.0998840332031,193.35105895996094,541.4910278320312,497.0747375488281,266.578125,83.80989074707031
2024-08-19,92.69721984863281,68.7989273071289,231.61000061035156,47.349998474121094,119.53060913085938,548.4467163085938,210.5790252685547,476.275146484375,195.89283752441406,546.6685180664062,501.85565185546875,269.0958557128906,84.84336853027344
2024-08-20,92.97466278076172,69.0025405883789,232.4600067138672,47.5099983215332,119.20845031738281,547.6279907226562,208.12294006347656,475.275634765625,195.46754455566406,545.7794799804688,501.0263366699219,268.4420166015625,83.88787841796875
2024-08-21,93.150390625,69.15060424804688,232.14999389648438,47.459999084472656,119.803955078125,549.7628173828125,210.83348083496094,477.49237060546875,196.4169921875,547.6552124023438,502.78265380859375,269.7887268066406,84.93112182617188
2024-08-22,92.77117156982422,68.87296295166016,229.3699951171875,46.880001068115234,118.87653350830078,545.11279296875,208.9742431640625,469.92181396484375,193.28182983398438,543.3568725585938,498.71392822265625,267.50518798828125,84.20963287353516
2024-08-23,93.19660949707031,69.17838287353516,232.02000427246094,47.43000030517578,120.30183410644531,551.0007934570312,215.6478271484375,475.018310546875,195.35874938964844,549.1302490234375,504.10955810546875,270.89141845703125,86.84208679199219
2024-08-26,93.1133804321289,69.10435485839844,232.75999450683594,47.58000183105469,120.03824615478516,549.4411010742188,215.71632385253906,470.4066467285156,193.4796600341797,547.8212280273438,502.8705139160156,270.2083740234375,86.91035461425781
2024-08-27,93.14115142822266,69.10435485839844,233.38999938964844,47.709999084472656,120.13587188720703,550.4451293945312,214.04302978515625,471.81195068359375,194.08291625976562,548.5733642578125,503.5436096191406,270.4522705078125,86.25709533691406
2024-08-28,93.05792236328125,69.0580825805664,231.75,47.380001068115234,119.44274139404297,547.228271484375,212.59481811523438,466.45806884765625,191.89723205566406,545.3888549804688,500.66534423828125,268.8031005859375,85.68184661865234
2024-08-29,92.93765258789062,68.95626831054688,232.9499969482422,47.619998931884766,119.50133514404297,547.3158569335938,214.1115264892578,465.7752380371094,191.5807647705078,545.4376220703125,500.7434387207031,269.0665283203125,86.22785186767578
2024-08-30,92.71568298339844,68.81745147705078,231.2899932861328,47.279998779296875,120.64352416992188,552.4824829101562,215.354248046875,471.3270568847656,193.92471313476562,550.6443481445312,505.4560546875,271.6623840332031,86.72509002685547
2024-09-03,93.1072006225586,69.11078643798828,230.2899932861328,47.09000015258789,117.9393310546875,541.2818603515625,208.76876831054688,457.0170593261719,187.99066162109375,539.3126220703125,495.2306823730469,265.8169250488281,84.14138793945312
2024-09-04,93.51541137695312,69.41712188720703,230.42999267578125,47.11000061035156,117.76361846923828,540.1509399414062,208.41650390625,455.8294982910156,187.46646118164062,538.2088012695312,494.001220703125,265.2216491699219,83.96587371826172
2024-09-05,93.7566146850586,69.5842056274414,232.35000610351562,47.5099983215332,117.37313079833984,538.6497802734375,207.37924194335938,456.2550964355469,187.6939239501953,536.899658203125,492.78155517578125,264.40191650390625,83.55638122558594
2024-09-06,93.87721252441406,69.66775512695312,230.6300048828125,47.150001525878906,115.4499282836914,529.6910400390625,203.435791015625,444.03326416015625,182.6697540283203,527.8636474609375,484.575927734375,260.010498046875,81.96715545654297
2024-09-09,94.01638793945312,69.76058959960938,231.60000610351562,47.349998474121094,116.69952392578125,535.6375122070312,204.0033721923828,449.743408203125,184.9840545654297,533.773681640625,490.0301513671875,262.7917175292969,82.181640625
2024-09-10,94.3039779663086,69.99266052246094,232.6199951171875,47.54999923706055,117.09977722167969,537.6163940429688,203.8369903564453,453.8998107910156,186.65548706054688,536.0987548828125,492.0498352050781,263.8163757324219,82.14265441894531
2024-09-11,94.2761459350586,69.95552825927734,232.25,47.47999954223633,118.2419662475586,543.4166259765625,204.43389892578125,463.7564392089844,190.68077087402344,541.5985107421875,497.08447265625,266.4414978027344,82.36690521240234
2024-09-12,94.19264221191406,69.88125610351562,236.3300018310547,48.31999969482422,119.25725555419922,548.017822265625,207.0661163330078,468.3087158203125,192.6291046142578,546.1604614257812,501.35809326171875,268.6567077636719,83.41014099121094
2024-09-13,94.38745880126953,70.02979278564453,238.67999267578125,48.79999923706055,120.08706665039062,550.8253784179688,212.17405700683594,470.4066467285156,193.4796600341797,549.0130004882812,504.0217590332031,270.5303649902344,85.47711944580078
2024-09-16,94.61014556884766,70.2154312133789,238.66000366210938,48.77000045776367,120.34087371826172,551.74169921875,212.93728637695312,468.3284606933594,192.6488494873047,549.82373046875,504.7828369140625,271.0671081542969,85.80860900878906
2024-09-17,94.517333984375,70.12261962890625,237.33999633789062,48.529998779296875,120.4580307006836,551.9464111328125,214.69863891601562,468.5758972167969,192.75767517089844,550.0484619140625,505.01715087890625,271.34033203125,86.49109649658203
2024-09-18,94.2204818725586,69.90911865234375,235.50999450683594,48.150001525878906,120.13587188720703,550.2989501953125,214.73779296875,466.547119140625,191.89723205566406,548.4171752929688,503.3777770996094,270.65728759765625,86.52033996582031
2024-09-19,94.22975158691406,69.90911865234375,239.1699981689453,48.88999938964844,122.27383422851562,559.7352294921875,219.1607208251953,478.34344482421875,196.75323486328125,557.7755126953125,512.1591186523438,275.2438049316406,88.31432342529297
2024-09-20,94.1462631225586,69.89984130859375,242.2100067138672,49.52000045776367,121.97120666503906,558.5654907226562,216.81227111816406,477.4329833984375,196.40708923339844,556.8113403320312,511.154296875,274.6680603027344,87.4173355102539
2024-09-23,94.10913848876953,69.85340118408203,242.67999267578125,49.599998474121094,122.25431060791016,560.115478515625,216.0196533203125,478.69854736328125,196.9122772216797,558.2027587890625,512.412841796875,275.3511657714844,87.04683685302734
2024-09-24,94.2390365600586,69.93696594238281,246.07000732421875,50.310001373291016,122.57646942138672,561.743408203125,216.3817138671875,481.0075378417969,197.8433380126953,559.7999267578125,513.88623046875,276.04400634765625,87.18334197998047
2024-09-25,93.87721252441406,69.67703247070312,245.72999572753906,50.25,122.18060302734375,560.4173583984375,213.74246215820312,481.4535217285156,198.0810546875,558.5653076171875,512.8421020507812,275.136474609375,86.14984893798828
2024-09-26,93.89576721191406,69.67703247070312,246.97999572753906,50.5,122.7097396850586,562.81494140625,214.88143920898438,485.0707092285156,199.52720642089844,560.7798461914062,514.8814086914062,276.3661193847656,86.5772476196289
2024-09-27,94.16480255126953,69.88125610351562,245.02000427246094,50.09000015258789,122.64114379882812,561.7972412109375,216.33457946777344,482.37518310546875,198.41786193847656,559.9664916992188,514.21484375,276.09295654296875,87.15432739257812
2024-09-30,93.951416015625,69.72346496582031,243.05999755859375,49.70000076293945,123.0918960571289,564.4884033203125,216.88442993164062,483.6833190917969,198.94281005859375,562.2103881835938,516.4561767578125,277.1795349121094,87.3988265991211
2024-10-01,94.19989013671875,69.92920684814453,245.61000061035156,50.209999084472656,121.9748306274414,559.1549072265625,213.93882751464844,476.94439697265625,196.17929077148438,557.173828125,511.63104248046875,274.65399169921875,86.20560455322266
2024-10-02,94.00448608398438,69.79886627197266,245.66000366210938,50.220001220703125,122.00421905517578,559.3800048828125,213.64427185058594,477.61834716796875,196.47647094726562,557.4090576171875,511.7191162109375,274.7127380371094,86.06867980957031
2024-10-03,93.62297058105469,69.49163055419922,245.49000549316406,50.20000076293945,121.75926208496094,558.3132934570312,212.21078491210938,477.2615661621094,196.31796264648438,556.3900146484375,510.75006103515625,274.12542724609375,85.50141143798828
2024-10-04,93.01810455322266,69.03543853759766,245.0,50.08000183105469,122.93511199951172,563.382568359375,215.1759796142578,482.9400329589844,198.65557861328125,561.4461059570312,515.4580078125,276.7781677246094,86.70441436767578
2024-10-07,92.70170593261719,68.8305892944336,244.1699981689453,49.91999816894531,121.78865814208984,558.3328857421875,213.4871826171875,477.7669982910156,196.52597045898438,556.3703002929688,510.818603515625,274.252685546875,86.02954864501953
2024-10-08,92.85990905761719,68.93299865722656,242.3699951171875,49.540000915527344,122.82732391357422,563.6272583007812,213.63446044921875,484.9022521972656,199.4677734375,561.6322631835938,515.6536254882812,276.56280517578125,86.05890655517578
2024-10-09,92.61796569824219,68.7468032836914,241.0500030517578,49.27000045776367,123.71900939941406,567.45361328125,214.1057586669922,488.7176513671875,201.0426788330078,565.5223999023438,519.1771240234375,278.4912109375,86.25450897216797
2024-10-10,92.56212615966797,68.71888732910156,242.82000732421875,49.650001525878906,123.4936294555664,566.4555053710938,212.91770935058594,488.1626892089844,200.84458923339844,564.53271484375,518.30615234375,277.9137268066406,85.78504180908203
2024-10-11,92.59001922607422,68.7281723022461,245.47000122070312,50.15999984741211,124.37552642822266,569.9002075195312,217.24774169921875,488.9257507324219,201.1020965576172,567.9132690429688,521.3890991210938,280.06719970703125,87.52597045898438
2024-10-14,92.50626373291016,68.68164825439453,245.07000732421875,50.099998474121094,125.375,574.5975952148438,218.84814453125,493.02850341796875,202.80577087402344,572.557861328125,525.656494140625,282.2500915527344,88.2008285522461
2024-10-15,92.8785171508789,68.95162200927734,245.9199981689453,50.279998779296875,124.5029067993164,570.0371704101562,219.02490234375,486.43829345703125,200.10169982910156,568.1093139648438,521.6533813476562,280.3118896484375,88.23017120361328
2024-10-16,92.99948120117188,69.04476165771484,247.14999389648438,50.529998779296875,125.13983154296875,572.5718994140625,222.62835693359375,486.4977722167969,200.10169982910156,570.5785522460938,523.845703125,281.7411193847656,89.68746948242188
2024-10-17,92.54351806640625,68.70957946777344,248.6300048828125,50.84000015258789,125.13001251220703,572.7380981445312,222.0196075439453,486.834716796875,200.27999877929688,570.6275024414062,523.9240112304688,281.682373046875,89.45274353027344
2024-10-18,92.60865783691406,68.7468032836914,251.27000427246094,51.369998931884766,125.58077239990234,574.9010009765625,221.55810546875,490.0257568359375,201.5874481201172,572.8225708007812,525.9402465820312,282.78851318359375,89.28646850585938
2024-10-21,91.9665756225586,68.28131103515625,251.22000122070312,51.380001068115234,125.27699279785156,574.049560546875,218.07249450683594,490.9672546386719,201.9539337158203,571.8817749023438,525.1279907226562,281.8977355957031,87.8682861328125
2024-10-22,91.98516845703125,68.3092269897461,253.92999267578125,51.91999816894531,125.08103942871094,573.599365234375,217.24774169921875,491.5024108886719,202.1718292236328,571.5779418945312,524.7658081054688,281.57464599609375,87.51618957519531
2024-10-23,91.75253295898438,68.14165496826172,250.8699951171875,51.290000915527344,123.94437408447266,568.3734741210938,215.2643585205078,483.97064208984375,199.1112060546875,566.355224609375,519.9797973632812,279.02960205078125,86.78265380859375
2024-10-24,91.9293441772461,68.25334930419922,252.8000030517578,51.68000030517578,124.2971420288086,569.5870361328125,215.7356414794922,487.8951110839844,200.6959991455078,567.580078125,521.1541748046875,279.7735290527344,86.95870208740234
2024-10-25,91.74324035644531,68.11373138427734,253.32000732421875,51.79999923706055,124.17955780029297,569.4598388671875,214.9207000732422,490.86810302734375,201.91432189941406,567.3841552734375,520.9486694335938,279.50927734375,86.62617492675781
2024-10-28,91.5943374633789,68.02991485595703,253.3300018310547,51.779998779296875,124.7184829711914,571.1724243164062,218.42593383789062,490.9474182128906,201.97373962402344,569.1381225585938,522.5734252929688,280.644775390625,88.0443344116211
2024-10-29,91.69668579101562,68.08577728271484,256.0899963378906,52.36000061035156,124.88504791259766,572.0531616210938,217.71902465820312,495.6646728515625,203.855712890625,570.0592651367188,523.4053955078125,281.0166931152344,87.76071166992188
2024-10-30,91.6036605834961,68.02059936523438,257.5,52.650001525878906,124.52251434326172,570.2133178710938,217.42445373535156,491.9186096191406,202.3699493408203,568.3346557617188,521.8294677734375,280.32171630859375,87.62377166748047
2024-10-31,91.58503723144531,68.01129913330078,253.50999450683594,51.84000015258789,122.23939514160156,559.0277709960938,213.81117248535156,479.50128173828125,197.23915100097656,557.1934204101562,511.5624084472656,275.0945129394531,86.12735748291016
2024-11-01,91.22096252441406,67.74791717529297,252.47000122070312,51.619998931884766,122.72933959960938,561.4546508789062,215.00906372070312,483.049072265625,198.6951904296875,559.5452880859375,513.7842407226562,276.2691650390625,86.63594055175781
2024-11-04,91.60370635986328,68.01876831054688,252.8300018310547,51.70000076293945,122.53337097167969,560.3292846679688,216.0989227294922,481.6418151855469,198.1206817626953,558.3399047851562,512.66845703125,275.7698974609375,87.0662841796875
2024-11-05,91.81841278076172,68.18689727783203,253.39999389648438,51.810001373291016,124.11095428466797,567.101318359375,220.1638641357422,487.7861022949219,200.65638732910156,565.0912475585938,518.8345336914062,279.2742919921875,88.73876953125
2024-11-06,91.09961700439453,67.62651824951172,245.6999969482422,50.22999954223633,127.52091217041016,581.1837158203125,232.91830444335938,501.0359191894531,206.09425354003906,579.142578125,531.7540893554688,287.08575439453125,93.89309692382812
2024-11-07,91.79042053222656,68.1308364868164,249.64999389648438,51.060001373291016,128.45181274414062,585.7147827148438,232.09353637695312,508.92431640625,209.34307861328125,583.62060546875,535.8942260742188,289.0924377441406,93.55078125
2024-11-08,91.94911193847656,68.2615966796875,247.9600067138672,50.70000076293945,129.05934143066406,588.2786865234375,233.80197143554688,509.5190124511719,209.61053466796875,586.148681640625,538.2627563476562,290.44329833984375,94.23541259765625
2024-11-11,91.74373626708984,68.1308364868164,242.13999938964844,49.5099983215332,129.48065185546875,588.7289428710938,237.31707763671875,509.22174072265625,209.49168395996094,586.7072143554688,538.7031860351562,291.25579833984375,95.63402557373047
2024-11-12,91.21162414550781,67.71990203857422,240.0500030517578,49.08000183105469,128.90257263183594,586.9282836914062,233.1539764404297,508.3000793457031,209.1251983642578,584.8846435546875,537.0882568359375,290.1104736328125,93.96155548095703
2024-11-13,91.19296264648438,67.69187927246094,237.6300048828125,48.59000015258789,128.84375,587.3685913085938,230.84657287597656,507.64599609375,208.8280487060547,585.1687622070312,537.3623046875,289.9734802246094,93.04219055175781
2024-11-14,91.15562438964844,67.6732177734375,237.00999450683594,48.459999084472656,127.92266845703125,583.4833984375,227.7340545654297,504.1180114746094,207.35215759277344,581.4060668945312,533.9464111328125,287.8297424316406,91.77072143554688
2024-11-15,91.16495513916016,67.69187927246094,236.58999633789062,48.369998931884766,126.25689697265625,576.0753173828125,224.3367919921875,492.1069030761719,202.40957641601562,573.9590454101562,527.0560913085938,284.1784973144531,90.4210205078125
2024-11-18,91.24896240234375,67.75727844238281,241.08999633789062,49.290000915527344,126.83501434326172,578.4728393554688,224.7786407470703,495.52587890625,203.84580993652344,576.310791015625,529.2387084960938,285.3335876464844,90.60684967041016
2024-11-19,91.37965393066406,67.8786849975586,243.25,49.7400016784668,127.43274688720703,580.4888305664062,226.44781494140625,498.9349670410156,205.24241638183594,578.41748046875,531.1668090820312,286.6452331542969,91.27190399169922
2024-11-20,91.28631591796875,67.80397033691406,244.6199951171875,50.029998779296875,127.5503158569336,580.7530517578125,226.74234008789062,498.6476135253906,205.1433563232422,578.613525390625,531.362548828125,286.81170654296875,91.3795166015625
2024-11-21,91.23965454101562,67.7666244506836,246.66000366210938,50.439998626708984,128.40280151367188,583.72802734375,230.18873596191406,500.44140625,205.9060516357422,581.7196044921875,534.0443725585938,288.818359375,92.7683334350586
2024-11-22,91.30498504638672,67.79462432861328,249.83999633789062,51.08000183105469,129.0005340576172,585.656005859375,234.44020080566406,501.2440490722656,206.2032012939453,583.5226440429688,535.83544921875,290.24755859375,94.46036529541016
2024-11-25,92.12647247314453,68.42036437988281,242.47999572753906,49.59000015258789,129.6178436279297,587.3880615234375,238.00436401367188,502.0368347167969,206.53005981445312,585.5020141601562,537.55810546875,291.66693115234375,95.90788269042969
2024-11-26,91.98643493652344,68.29894256591797,242.9499969482422,49.689998626708984,130.1273956298828,590.8525390625,236.2566375732422,504.732421875,207.63943481445312,588.5591430664062,540.5725708007812,292.73388671875,95.21347045898438
2024-11-27,92.23847198486328,68.4857406616211,243.49000549316406,49.779998779296875,129.68646240234375,588.9539794921875,236.58067321777344,500.7584228515625,206.02491760253906,586.7757568359375,538.8500366210938,291.90191650390625,95.36017608642578
2024-11-29,92.6025390625,68.73790740966797,245.58999633789062,50.25,130.42135620117188,592.1344604492188,237.48397827148438,505.15850830078125,207.8078155517578,590.4208984375,541.6882934570312,293.52679443359375,95.73182678222656
2024-12-02,92.61377716064453,68.7781753540039,243.44000244140625,49.790000915527344,130.70550537109375,593.7394409179688,237.36614990234375,510.6586608886719,210.0859832763672,591.4791259765625,543.2152709960938,294.0848083496094,95.66337585449219
2024-12-03,92.43586730957031,68.6189193725586,243.92999267578125,49.88999938964844,130.6859130859375,593.9840698242188,235.6773223876953,512.2244262695312,210.7297821044922,591.7535400390625,543.3424682617188,294.0848083496094,94.9787368774414
2024-12-04,92.73551940917969,68.85311889648438,244.6699981689453,50.040000915527344,131.61680603027344,597.6441040039062,236.52174377441406,518.5570068359375,213.3249053955078,595.4279174804688,546.7681274414062,296.0621337890625,95.32105255126953
2024-12-05,92.7542495727539,68.86250305175781,242.86000061035156,49.66999816894531,131.224853515625,596.69482421875,233.76271057128906,517.1199951171875,212.76036071777344,594.4481201171875,545.8577880859375,295.2398376464844,94.1865234375
2024-12-06,93.0164566040039,69.04988098144531,242.9499969482422,49.68000030517578,131.57762145996094,597.7713012695312,234.5972900390625,521.7481079101562,214.66209411621094,595.5750732421875,546.9441528320312,296.0621337890625,94.54840087890625
2024-12-09,92.74488067626953,68.84375,245.36000061035156,50.16999816894531,130.7349090576172,594.6887817382812,233.4190673828125,517.6848754882812,212.998046875,592.5079956054688,544.0960693359375,294.1728515625,94.08870697021484
2024-12-10,92.63250732421875,68.76880645751953,248.58999633789062,50.83000183105469,130.2743682861328,592.96630859375,232.40771484375,515.9209594726562,212.24526977539062,590.6658325195312,542.5496826171875,293.06671142578125,93.70726776123047
2024-12-11,92.41714477539062,68.6189193725586,250.9600067138672,51.29999923706055,131.29344177246094,597.5365600585938,233.45835876464844,525.1571655273438,216.0587158203125,595.2320556640625,546.6604614257812,295.4258117675781,94.0984878540039
2024-12-12,92.04254150390625,68.3472900390625,247.27999877929688,50.56999969482422,130.53892517089844,594.36572265625,230.4243621826172,521.7678833007812,214.67198181152344,592.1651611328125,543.8416748046875,293.7421569824219,92.8465805053711
2024-12-13,91.69608306884766,68.07560729980469,244.2899932861328,49.97999954223633,130.4115447998047,594.2581176757812,228.8435516357422,525.76171875,216.33607482910156,592.0474243164062,543.8024291992188,293.59527587890625,92.23040771484375
2024-12-16,91.7803726196289,68.15056610107422,244.8800048828125,50.060001373291016,130.99948120117188,596.792724609375,230.18873596191406,533.3330688476562,219.40663146972656,594.5755004882812,545.9360961914062,294.78955078125,92.8270263671875
2024-12-17,91.7803726196289,68.1599349975586,243.94000244140625,49.90999984741211,130.31903076171875,594.194091796875,227.55343627929688,530.9843139648438,218.4854278564453,592.1258544921875,543.6458740234375,293.3310241699219,91.70226287841797
2024-12-18,91.08136749267578,67.62594604492188,239.25999450683594,48.93000030517578,126.2087631225586,576.7233276367188,217.47914123535156,511.8280334472656,210.62083435058594,574.4784545898438,527.6824951171875,284.2568664550781,87.66288757324219
2024-12-19,90.84650421142578,67.4385986328125,239.60000610351562,49.0,126.1497573852539,576.3010864257812,216.51406860351562,509.5487365722656,209.61053466796875,574.3020629882812,527.4866943359375,283.85546875,87.26189422607422
2024-12-20,91.09076690673828,67.6446762084961,242.10000610351562,49.5,127.62471771240234,582.6844482421875,218.54269409179688,513.9983520507812,211.51231384277344,581.2000122070312,533.45703125,287.08575439453125,88.07369232177734
2024-12-23,90.8089370727539,67.42925262451172,240.9600067138672,49.27000045776367,128.29339599609375,586.9171752929688,218.04046630859375,519.0060424804688,213.54579162597656,584.680419921875,537.275634765625,288.7169189453125,87.8979721069336
2024-12-24,90.91227722167969,67.5260238647461,241.44000244140625,49.38999938964844,129.66021728515625,593.5165405273438,219.99032592773438,526.043701171875,216.4521942138672,591.1790771484375,542.8036499023438,291.7808837890625,88.71273803710938
2024-12-26,90.97801971435547,67.57301330566406,243.07000732421875,49.720001220703125,129.73886108398438,593.2318115234375,222.24546813964844,525.6863403320312,216.28355407714844,591.2184448242188,542.7938232421875,291.9477844238281,89.6158676147461
2024-12-27,90.79015350341797,67.4320297241211,241.39999389648438,49.369998931884766,128.32289123535156,586.80908203125,219.0055389404297,518.6983642578125,213.41683959960938,584.9949340820312,537.1676025390625,288.7856750488281,88.29063415527344
2024-12-30,91.14714050292969,67.69519805908203,240.6300048828125,49.220001220703125,126.88724517822266,580.3765258789062,217.32154846191406,511.7996826171875,210.55010986328125,578.3192749023438,531.1879272460938,285.5940856933594,87.5838394165039
2024-12-31,91.03441619873047,67.58242797851562,242.1300048828125,49.5099983215332,126.47425842285156,578.117919921875,217.5972900390625,507.4521179199219,208.7546844482422,576.2153930664062,529.0474853515625,284.60223388671875,87.69181060791016
2025-01-02,91.04381561279297,67.61062622070312,245.4199981689453,50.189998626708984,126.23826599121094,576.909912109375,217.77455139160156,506.4595031738281,208.35792541503906,574.7994995117188,527.7218627929688,284.0621032714844,87.76054382324219
2025-01-03,90.9498519897461,67.5260238647461,243.49000549316406,49.790000915527344,127.88040924072266,583.9414672851562,221.01451110839844,514.7477416992188,211.74046325683594,581.9864501953125,534.5361328125,287.7938232421875,89.11522674560547
2025-01-06,90.85590362548828,67.46025848388672,243.19000244140625,49.7400016784668,128.62770080566406,587.5653076171875,221.10311889648438,520.6636962890625,214.19053649902344,585.339111328125,537.6487426757812,289.4043273925781,89.12503814697266
2025-01-07,90.53649139404297,67.22528839111328,244.55999755859375,50.0099983215332,127.16256713867188,580.9560546875,219.3305206298828,511.37286376953125,210.38148498535156,578.7223510742188,531.600341796875,286.1734619140625,88.41825103759766
2025-01-08,90.63983154296875,67.30046844482422,245.86000061035156,50.290000915527344,127.32974243164062,581.56494140625,218.3358917236328,511.4622497558594,210.46083068847656,579.56787109375,532.317138671875,286.4386291503906,88.02557373046875
2025-01-10,90.13253021240234,66.95272827148438,248.2100067138672,50.779998779296875,125.35327911376953,572.8639526367188,213.53016662597656,503.4420166015625,207.16758728027344,570.7193603515625,524.2166137695312,282.1372985839844,86.08190155029297
2025-01-13,90.04796600341797,66.88695526123047,245.74000549316406,50.25,125.61876678466797,573.6986694335938,213.9437713623047,501.823974609375,206.4633026123047,571.604248046875,524.89404296875,282.598876953125,86.2291488647461
2025-01-14,90.07615661621094,66.93395233154297,247.02999877929688,50.529998779296875,125.89409637451172,574.4940185546875,216.3761749267578,501.3475341796875,206.27484130859375,572.3907470703125,525.561767578125,283.2372131347656,87.25006866455078
2025-01-15,90.85590362548828,67.46966552734375,248.8800048828125,50.90999984741211,128.21473693847656,584.9431762695312,220.63043212890625,512.8816528320312,210.94691467285156,582.802490234375,535.1743774414062,288.43212890625,88.93852996826172
2025-01-16,91.0531997680664,67.6012191772461,250.60000610351562,51.25,128.07705688476562,583.9513549804688,221.07359313964844,509.2884521484375,209.5185089111328,581.6817016601562,534.3790283203125,288.216064453125,89.11522674560547
2025-01-17,91.0531997680664,67.62002563476562,249.27000427246094,50.9900016784668,129.27670288085938,589.4901733398438,222.02882385253906,517.8843994140625,213.0498046875,587.521728515625,539.5045166015625,290.8774108886719,89.47843933105469
2025-01-21,91.35382843017578,67.81737518310547,253.1300048828125,51.75,130.5943603515625,594.83251953125,226.2929229736328,520.921875,214.35919189453125,592.8995361328125,544.4139404296875,293.7646179199219,91.22579193115234
2025-01-22,91.13775634765625,67.6764144897461,254.42999267578125,52.029998779296875,131.24334716796875,598.3678588867188,224.81576538085938,527.5822143554688,217.06719970703125,596.2325439453125,547.5068969726562,295.19830322265625,90.62698364257812
2025-01-23,90.98741912841797,67.57301330566406,254.07000732421875,51.97999954223633,131.9218292236328,601.7069702148438,225.83993530273438,528.7039184570312,217.5433349609375,599.48681640625,550.5408935546875,296.74993896484375,91.02947998046875
2025-01-24,91.13775634765625,67.70458984375,255.64999389648438,52.310001373291016,131.54815673828125,599.929443359375,225.20965576171875,525.7161865234375,216.29347229003906,597.73681640625,548.8815307617188,295.8857727050781,90.78404998779297
2025-01-27,91.64506530761719,68.06172943115234,252.99000549316406,51.7599983215332,129.64051818847656,591.5623168945312,223.05299377441406,510.41009521484375,210.0045623779297,589.2816162109375,541.2423706054688,291.7611999511719,89.93982696533203
2025-01-28,91.61688232421875,68.02413940429688,255.17999267578125,52.18000030517578,130.74185180664062,596.5903930664062,223.2991943359375,517.9539184570312,213.07958984375,594.3449096679688,545.7786865234375,294.265380859375,90.01834106445312
2025-01-29,91.56051635742188,67.98652648925781,254.1999969482422,52.0,130.2108612060547,594.0565795898438,222.787109375,516.981201171875,212.7125701904297,591.6805419921875,543.3828735351562,293.0083923339844,89.81221008300781
2025-01-30,91.6920394897461,68.08051300048828,258.04998779296875,52.7599983215332,130.98768615722656,597.0323486328125,225.05210876464844,519.1847534179688,213.60528564453125,594.8561401367188,546.220458984375,294.8447570800781,90.71533203125
2025-01-31,91.50414276123047,67.98652648925781,258.55999755859375,52.869998931884766,130.2797088623047,593.8111572265625,223.03329467773438,518.430419921875,213.25811767578125,591.6902465820312,543.3043823242188,293.2342529296875,89.9201889038086
2025-02-03,91.59086608886719,68.0478286743164,259.94000244140625,53.16999816894531,129.3258819580078,589.9026489257812,220.4236297607422,514.28125,211.59165954589844,587.70849609375,539.740234375,291.09344482421875,88.86981201171875
2025-02-04,91.7605209350586,68.14210510253906,262.5,53.689998626708984,130.20103454589844,593.8406372070312,223.47645568847656,520.5942993164062,214.21038818359375,591.6510009765625,543.323974609375,293.2048034667969,90.10671997070312
2025-02-05,92.25067138671875,68.49097442626953,264.1300048828125,54.02000045776367,130.85984802246094,596.276123046875,225.9088592529297,522.9566650390625,215.15274047851562,594.0499877929688,545.5528564453125,294.5600280761719,91.10798645019531
2025-02-06,92.15641784667969,68.41556549072266,263.42999267578125,53.88999938964844,131.2335205078125,598.4661254882812,225.17025756835938,525.6863403320312,216.28355407714844,596.1146240234375,547.5166625976562,295.2867126464844,90.8134994506836
2025-02-07,91.86419677734375,68.20812225341797,263.8999938964844,53.970001220703125,130.043701171875,592.9666748046875,222.56060791015625,519.0556640625,213.615234375,590.6580810546875,542.1948852539062,292.64508056640625,89.7238540649414
2025-02-10,91.89248657226562,68.22699737548828,268.3699951171875,54.880001068115234,130.83035278320312,596.845703125,223.56509399414062,525.3389892578125,216.10501098632812,594.6693115234375,546.0733032226562,294.5207214355469,90.1263427734375
2025-02-11,91.68511962890625,68.11383056640625,267.3900146484375,54.689998626708984,130.7713623046875,597.317138671875,222.26516723632812,524.0883178710938,215.64869689941406,595.1216430664062,546.5642700195312,294.3636169433594,89.60604858398438
2025-02-12,91.20440673828125,67.76495361328125,267.6700134277344,54.75,130.33868408203125,595.3333129882812,220.21681213378906,524.3959350585938,215.78758239746094,593.2044067382812,544.757568359375,293.391357421875,88.78145599365234
2025-02-13,91.75108337402344,68.17041778564453,270.30999755859375,55.279998779296875,131.7251739501953,601.6774291992188,222.69847106933594,531.9398803710938,218.83285522460938,599.4671630859375,550.5112915039062,296.455322265625,89.75330352783203
2025-02-14,92.09042358398438,68.38725280761719,266.2900085449219,54.459999084472656,131.76449584960938,601.6873168945312,222.5310821533203,534.1732177734375,219.7751922607422,599.437744140625,550.5309448242188,296.4160461425781,89.71405029296875
2025-02-18,91.72283935546875,68.1326904296875,270.70001220703125,55.369998931884766,132.13815307617188,603.4549560546875,223.75221252441406,535.3840942382812,220.30093383789062,601.1975708007812,552.1216430664062,297.2507629394531,90.23432159423828
2025-02-19,91.85478973388672,68.22699737548828,270.8500061035156,55.41999816894531,132.3544921875,604.8004150390625,222.9840545654297,535.5330200195312,220.3108673095703,602.6134033203125,553.45703125,297.67303466796875,89.9103775024414
2025-02-20,91.99617004394531,68.31182098388672,270.989990234375,55.439998626708984,131.6563262939453,602.4533081054688,220.84707641601562,533.2598266601562,219.39825439453125,600.1062622070312,551.1300048828125,296.0723571777344,89.06615447998047
2025-02-21,92.3920669555664,68.6135482788086,270.739990234375,55.38999938964844,129.16851806640625,592.0533447265625,214.48538208007812,522.1923828125,214.86508178710938,589.8421020507812,541.7529907226562,290.6023864746094,86.4647445678711
2025-02-24,92.55229949951172,68.70785522460938,272.2099914550781,55.68000030517578,128.49986267089844,589.2347412109375,212.9392852783203,516.0282592773438,212.31578063964844,587.157958984375,539.1902465820312,289.1195983886719,85.81684875488281
2025-02-25,93.12728881835938,69.1415786743164,268.6199951171875,54.970001220703125,127.8017349243164,586.3672485351562,212.1317596435547,509.5267028808594,209.6672821044922,584.2379760742188,536.509765625,287.685791015625,85.52235412597656
2025-02-26,93.278076171875,69.24527740478516,269.0299987792969,55.040000915527344,127.89022827148438,586.5636596679688,212.39764404296875,510.757568359375,210.17318725585938,584.5327758789062,536.8435668945312,287.78399658203125,85.62051391601562
2025-02-27,93.13671875,69.16043090820312,264.92999267578125,54.20000076293945,125.89409637451172,577.2340087890625,209.15773010253906,496.5730895996094,204.39012145996094,575.2025756835938,528.2227172851562,283.3255920410156,84.32472229003906
2025-02-28,93.55142974853516,69.45272827148438,263.2699890136719,53.869998931884766,127.89022827148438,586.3279418945312,211.38333129882812,504.4147644042969,207.5742950439453,584.178955078125,536.43115234375,287.6955871582031,85.21802520751953
2025-03-03,93.75377655029297,69.612548828125,266.739990234375,54.56999969482422,125.46142578125,576.26171875,205.60267639160156,493.3768615722656,203.10061645507812,573.9442138671875,527.1917724609375,282.5399169921875,82.87186431884766
2025-03-04,93.51740264892578,69.41395568847656,269.05999755859375,55.040000915527344,123.95695495605469,569.3088989257812,203.27859497070312,491.8879699707031,202.37652587890625,567.1504516601562,520.8389892578125,279.0144348144531,81.93928527832031
2025-03-05,93.19593048095703,69.1680679321289,269.6199951171875,55.16999816894531,125.3926010131836,575.544921875,205.29739379882812,498.30023193359375,204.97540283203125,573.24609375,526.68115234375,282.18646240234375,82.79332733154297
2025-03-06,93.10138702392578,69.11132049560547,268.25,54.869998931884766,122.98347473144531,565.2136840820312,202.1559295654297,484.59234619140625,199.44033813476562,563.0703735351562,517.12744140625,276.9423828125,81.46808624267578
2025-03-07,92.98792266845703,69.03568267822266,268.3900146484375,54.90999984741211,123.65213775634766,568.1304321289062,202.81573486328125,488.15576171875,200.86874389648438,566.2261962890625,519.916015625,278.2484436035156,81.76258087158203
2025-03-10,93.43229675292969,69.3572006225586,266.0400085449219,54.43000030517578,120.2203598022461,553.3307495117188,197.71456909179688,469.2366027832031,193.30018615722656,551.14453125,506.16961669921875,270.667236328125,79.66183471679688
2025-03-11,93.10138702392578,69.09241485595703,269.1600036621094,55.06999969482422,119.43370819091797,548.6168823242188,197.69488525390625,468.114990234375,192.56619262695312,546.5628662109375,502.0162353515625,268.7718505859375,79.6912841796875
2025-03-12,92.82720947265625,68.9505615234375,270.3299865722656,55.29999923706055,120.023681640625,551.4058837890625,198.03956604003906,473.39569091796875,194.79806518554688,549.4632568359375,504.4513244628906,270.09765625,79.82870483398438
2025-03-13,93.11084747314453,69.15862274169922,275.1300048828125,56.27000045776367,118.2832260131836,544.1190795898438,195.08522033691406,464.8790588378906,191.2667236328125,542.138671875,497.8629150390625,266.3069763183594,78.61145782470703
2025-03-14,92.92173767089844,68.98837280273438,275.239990234375,56.290000915527344,120.84969329833984,555.4127197265625,199.8022918701172,476.11541748046875,195.88917541503906,553.3369750976562,508.0843200683594,272.0125427246094,80.52568817138672
2025-03-17,93.04466247558594,69.08295440673828,276.7300109863281,56.619998931884766,121.89199829101562,559.3900756835938,202.32334899902344,479.202392578125,197.15887451171875,557.6038208007812,511.9626159667969,274.26141357421875,81.51717376708984
2025-03-18,93.13922882080078,69.15862274169922,279.9599914550781,57.27000045776367,120.52910614013672,553.5631713867188,200.5665283203125,471.03326416015625,193.90530395507812,551.5770874023438,506.56231689453125,271.3055114746094,80.86927032470703
2025-03-19,93.41339111328125,69.36666107177734,281.1099853515625,57.5099983215332,121.90975189208984,559.5525512695312,203.68539428710938,477.3363342285156,196.3950653076172,557.5841674804688,511.8841247558594,274.3891296386719,82.09634399414062
2025-03-20,93.47012329101562,69.39503479003906,280.75,57.439998626708984,121.59417724609375,558.301513671875,202.39244079589844,475.7183837890625,195.7106170654297,555.9718627929688,510.7059326171875,273.73114013671875,81.59569549560547
2025-03-21,93.35665893554688,69.33831024169922,278.489990234375,56.970001220703125,121.6533432006836,558.1439819335938,201.13894653320312,477.28668212890625,196.4149169921875,556.1552734375,510.83349609375,273.83917236328125,81.0754165649414
2025-03-24,92.99736785888672,69.03568267822266,277.25,56.70000076293945,123.89192962646484,568.1329345703125,206.1429901123047,487.7604064941406,200.57586669921875,566.1151733398438,519.798095703125,278.9064636230469,83.11727142333984
2025-03-25,93.08247375488281,69.12078857421875,278.4700012207031,56.9900016784668,124.12861633300781,569.3544921875,204.99807739257812,490.54388427734375,201.81777954101562,567.4760131835938,521.0353393554688,279.3778076171875,82.66241455078125
2025-03-26,92.85556030273438,68.96947479248047,278.239990234375,56.91999816894531,122.6395034790039,562.9117431640625,202.91554260253906,481.51751708984375,198.1317596435547,560.7013549804688,514.95751953125,276.1076354980469,81.77632904052734
2025-03-27,92.80830383300781,68.94110870361328,281.9700012207031,57.68000030517578,122.14642333984375,561.1385498046875,201.9482879638672,478.77386474609375,196.95938110351562,559.2122802734375,513.5407104492188,274.9398498535156,81.44158935546875
2025-03-28,93.34722900390625,69.33831024169922,284.05999755859375,58.130001068115234,119.7105941772461,549.809814453125,197.84239196777344,466.16876220703125,191.83270263671875,547.95068359375,503.2837829589844,269.4605712890625,79.77770233154297
2025-03-31,93.52684783935547,69.46124267578125,288.1400146484375,58.959999084472656,120.32202911376953,553.5335693359375,196.89491271972656,466.1488952636719,191.77310180664062,551.62890625,506.3480224609375,270.8500671386719,79.4035873413086
2025-04-01,93.87307739257812,69.679443359375,287.57000732421875,58.86000061035156,120.7362060546875,555.3856201171875,196.91461181640625,469.90655517578125,193.3428955078125,553.18701171875,508.210205078125,271.7666015625,79.4035873413086
2025-04-02,93.76874542236328,69.62252807617188,288.1600036621094,58.95000076293945,121.63361358642578,558.7546997070312,200.02365112304688,473.33612060546875,194.7338409423828,556.687744140625,511.2743835449219,273.9149475097656,80.68347930908203
2025-04-03,94.26201629638672,69.98306274414062,286.4200134277344,58.599998474121094,115.47994995117188,532.028564453125,187.1829071044922,447.9967956542969,184.4308319091797,529.2537231445312,486.8886413574219,260.1280517578125,75.43585968017578
2025-04-04,94.34740447998047,70.03997802734375,279.7200012207031,57.2599983215332,108.70500946044922,500.0519104003906,178.83294677734375,420.1722106933594,173.15415954589844,498.26971435546875,458.6700744628906,244.8629150390625,72.05886840820312
2025-04-07,93.15215301513672,69.1955795288086,273.7099914550781,56.099998474121094,108.4781723022461,498.8402099609375,177.21429443359375,421.1861877441406,173.38265991210938,497.3822021484375,456.7389221191406,244.06468200683594,71.45829772949219
2025-04-08,92.66838836669922,68.79708099365234,275.20001220703125,56.310001373291016,106.62419128417969,491.3730773925781,172.5458221435547,413.60125732421875,170.2927703857422,489.591796875,450.019287109375,240.21142578125,69.46951293945312
2025-04-09,92.87706756591797,68.9583740234375,285.3800048828125,58.380001068115234,116.87043762207031,538.1165771484375,187.21250915527344,463.2461853027344,190.2827911376953,541.0083618164062,491.7559509277344,264.58245849609375,75.5146255493164
2025-04-10,92.14663696289062,68.40806579589844,292.3500061035156,59.810001373291016,112.62006378173828,519.2122802734375,179.34619140625,443.5433044433594,182.56297302246094,517.3019409179688,474.9666748046875,253.69284057617188,72.27547454833984
2025-04-11,92.0517807006836,68.33216094970703,297.92999267578125,60.959999084472656,114.38529968261719,528.984619140625,181.9617156982422,451.7146911621094,185.81185913085938,526.5320434570312,483.33172607421875,257.9402770996094,73.31908416748047
2025-04-14,92.59248352050781,68.72117614746094,296.2300109863281,60.59000015258789,115.61801147460938,533.4569702148438,184.1034698486328,454.7764892578125,187.2028045654297,531.6401977539062,488.1892395019531,260.31524658203125,74.22486114501953
2025-04-15,92.7822036743164,68.8919677734375,297.7799987792969,60.939998626708984,115.39119720458984,532.1467895507812,184.3304901123047,455.283447265625,187.36178588867188,530.151123046875,486.81964111328125,259.8619689941406,74.25440216064453
2025-04-16,93.07627868652344,69.08172607421875,307.4700012207031,62.93000030517578,113.03425598144531,520.2762451171875,182.5637969970703,441.5550842285156,181.71847534179688,518.3670043945312,476.11944580078125,254.46151733398438,73.53567504882812
2025-04-17,92.83911895751953,68.92991638183594,306.1199951171875,62.630001068115234,113.22162628173828,520.7982788085938,184.0541229248047,441.4755554199219,181.67874145507812,519.1065063476562,476.77960205078125,254.99371337890625,74.21501922607422
2025-04-21,92.27944946289062,68.55038452148438,315.5899963378906,64.58999633789062,110.56885528564453,508.6913757324219,180.36277770996094,430.5505065917969,177.24752807617188,506.7503662109375,465.4192810058594,248.93295288085938,72.67913818359375
2025-04-22,92.4501953125,68.6737289428711,311.1099853515625,63.65999984741211,113.35968780517578,521.4977416992188,185.03126525878906,441.85333251953125,181.81781005859375,519.9348754882812,477.16387939453125,255.26959228515625,74.60884094238281
2025-04-23,92.6778564453125,68.81604766845703,303.6499938964844,62.119998931884766,115.19396209716797,529.8416748046875,187.7751007080078,451.8737487792969,185.86155700683594,527.991455078125,484.82940673828125,259.6156311035156,75.66230010986328
2025-04-24,93.1900863647461,69.20506286621094,308.07000732421875,63.040000915527344,117.65937042236328,541.0422973632812,191.53553771972656,464.5881652832031,191.13723754882812,539.1051635742188,495.01727294921875,265.08502197265625,77.19819641113281
2025-04-25,93.53160858154297,69.43277740478516,304.7300109863281,62.34000015258789,118.46803283691406,544.9532470703125,191.59475708007812,469.7673645019531,193.3031463623047,543.0003051757812,498.66278076171875,266.7110595703125,77.2375717163086
2025-04-28,93.7877197265625,69.60356140136719,309.07000732421875,63.22999954223633,118.63568878173828,545.1896362304688,192.4040985107422,469.6182556152344,193.25347900390625,543.2073974609375,498.96826171875,267.0953674316406,77.54278564453125
2025-04-29,94.01539611816406,69.78382873535156,306.05999755859375,62.63999938964844,119.2668228149414,548.6572265625,193.5391082763672,472.7198486328125,194.54507446289062,546.6293334960938,501.9930725097656,268.7017517089844,78.02520751953125
2025-04-30,93.92999267578125,69.73638153076172,303.7699890136719,62.16999816894531,119.31613159179688,549.6522216796875,192.3251190185547,472.6601867675781,194.58480834960938,546.8462524414062,502.2393798828125,268.8594055175781,77.53294372558594
2025-05-01,93.67400360107422,69.54219818115234,297.4599914550781,60.86000061035156,120.10507202148438,552.7553100585938,193.51939392089844,478.8334655761719,196.8699493408203,550.7216796875,505.7962341308594,270.53472900390625,78.01536560058594
2025-05-02,93.2171859741211,69.19953918457031,297.9800109863281,60.970001220703125,121.97877502441406,560.8628540039062,197.8720245361328,485.94122314453125,199.94000244140625,558.8966674804688,513.0479736328125,274.7525939941406,79.74816131591797
2025-05-05,93.055419921875,69.1043701171875,306.8800048828125,62.790000915527344,121.35749053955078,557.7399291992188,196.35205078125,483.0583190917969,198.8272247314453,555.6918334960938,510.367919921875,273.1955871582031,79.18696594238281
2025-05-06,93.28379821777344,69.25665283203125,315.4800109863281,64.56999969482422,120.3121566772461,553.1788940429688,194.21026611328125,478.5650939941406,196.92958068847656,551.047119140625,506.02288818359375,270.97821044921875,78.31073760986328
2025-05-07,93.42655944824219,69.3899154663086,310.75,63.61000061035156,120.85455322265625,555.375732421875,194.85182189941406,480.44390869140625,197.73434448242188,553.3645629882812,508.3088073730469,272.1016540527344,78.53717041015625
2025-05-08,92.94120788574219,69.01868438720703,304.6300048828125,62.34000015258789,121.7914047241211,558.8826904296875,198.5629119873047,485.4044494628906,199.73135375976562,557.2203369140625,511.69818115234375,274.2401428222656,80.0632095336914
2025-05-09,93.036376953125,69.07579803466797,306.8399963378906,62.77000045776367,121.63361358642578,558.4492797851562,198.19772338867188,485.0863037109375,199.6618194580078,556.5103149414062,511.0182189941406,273.9346618652344,79.90570068359375
2025-05-12,92.72232818603516,68.83783721923828,298.19000244140625,61.0,125.72620391845703,576.9891357421875,205.16587829589844,504.8488464355469,207.7194366455078,574.9014892578125,528.0341186523438,283.0996398925781,82.7411880493164
2025-05-13,92.62715911865234,68.80928039550781,299.4599914550781,61.279998779296875,126.62361145019531,581.1560668945312,205.91600036621094,512.5431518554688,210.8987579345703,578.6981201171875,531.5023803710938,285.0213623046875,83.01686096191406
2025-05-14,92.36067962646484,68.57131958007812,293.1600036621094,59.970001220703125,126.72223663330078,581.4910278320312,204.09007263183594,515.6148681640625,212.16053771972656,579.437744140625,532.1625366210938,285.2085876464844,82.29812622070312
2025-05-15,92.88410949707031,68.94255065917969,297.8399963378906,60.93000030517578,127.2547607421875,584.3477783203125,205.42251586914062,516.181396484375,212.43873596191406,582.2678833007812,534.7735595703125,286.3714294433594,82.79039764404297
2025-05-16,92.94120788574219,68.9901351928711,294.239990234375,60.20000076293945,128.1620635986328,588.1503295898438,207.12013244628906,518.4281616210938,213.31304931640625,585.9559936523438,538.2219848632812,288.3325500488281,83.52881622314453
2025-05-19,92.91265106201172,68.97109985351562,298.0299987792969,60.970001220703125,128.28036499023438,588.88916015625,206.2515869140625,518.9252319335938,213.55149841308594,586.596923828125,538.7738037109375,288.5592346191406,83.14483642578125
2025-05-20,92.75086975097656,68.84735870361328,303.5799865722656,62.119998931884766,127.8168716430664,586.7022705078125,206.36013793945312,517.1954345703125,212.8162841796875,584.6246948242188,536.8623046875,287.6131896972656,83.18423461914062
2025-05-21,92.14177703857422,68.41902160644531,305.82000732421875,62.59000015258789,125.50923919677734,576.94970703125,200.5665283203125,510.00811767578125,209.84561157226562,574.7733154296875,527.8862915039062,282.6069030761719,80.85086059570312
2025-05-22,92.40826416015625,68.6093978881836,303.1099853515625,62.029998779296875,125.5585708618164,577.038330078125,200.55661010742188,510.9625549316406,210.3026123046875,575.0001220703125,528.1327514648438,282.5576477050781,80.86070251464844
2025-05-23,92.54148864746094,68.7140884399414,309.75,63.380001068115234,124.76961517333984,573.334228515625,199.9249725341797,506.2305908203125,208.3056182861328,571.0753173828125,524.5659790039062,280.9020690917969,80.60472106933594
2025-05-27,92.96024322509766,69.03772735595703,304.5,62.310001373291016,127.38296508789062,585.0964965820312,204.99807739257812,518.1398315429688,213.22364807128906,582.9483642578125,535.3450317382812,286.67694091796875,82.66241455078125
2025-05-28,92.78895568847656,68.88543701171875,303.80999755859375,62.16999816894531,126.63346862792969,581.6486206054688,202.83657836914062,515.8433227539062,212.27978515625,579.5757446289062,532.2906494140625,284.99176025390625,81.7664794921875
2025-05-29,93.13153076171875,69.13289642333984,305.6099853515625,62.540000915527344,127.08712005615234,583.9537353515625,203.43862915039062,516.857421875,212.70697021484375,581.863525390625,534.3399658203125,285.90826416015625,82.0224609375
2025-05-30,93.35994720458984,69.26615905761719,303.6000061035156,62.15999984741211,126.91947174072266,583.3331298828125,202.40231323242188,516.042236328125,212.3691864013672,581.2127685546875,533.7882690429688,285.6717834472656,81.70740509033203
2025-06-02,93.11455535888672,69.11337280273438,311.6700134277344,63.77000045776367,127.58019256591797,586.7219848632812,203.0339813232422,520.1180419921875,214.038330078125,584.4866943359375,536.891845703125,287.1302795410156,81.86493682861328
2025-06-03,93.04771423339844,69.0369644165039,308.9100036621094,63.22999954223633,128.48744201660156,590.0122680664062,206.310791015625,524.1838989257812,215.7074737548828,587.8197631835938,539.9364013671875,289.1111145019531,83.18423461914062
2025-06-04,93.60151672363281,69.46672058105469,310.8999938964844,63.619998931884766,128.41842651367188,589.8546752929688,205.7284698486328,525.6452026367188,216.27377319335938,587.6619262695312,539.591552734375,289.0815124511719,82.93807983398438
2025-06-05,93.36280822753906,69.3330307006836,309.3299865722656,63.290000915527344,127.86620330810547,587.1060791015625,205.81729125976562,521.6886596679688,214.62452697753906,584.8218994140625,537.0692749023438,287.48504638671875,82.9676284790039
2025-06-06,92.88540649414062,68.96056365966797,305.17999267578125,62.470001220703125,129.24681091308594,593.0364379882812,209.14344787597656,526.7883911132812,216.7506866455078,590.8274536132812,542.5572509765625,290.835693359375,84.30660247802734
2025-06-09,92.9999771118164,69.06562042236328,306.6199951171875,62.7400016784668,129.3355712890625,593.5980224609375,210.58445739746094,527.5638427734375,217.10836791992188,591.3599243164062,543.1386108398438,291.0722351074219,84.8973388671875
2025-06-10,93.21003723144531,69.1993179321289,306.7099914550781,62.77000045776367,130.03575134277344,597.0064697265625,211.71949768066406,531.0530395507812,218.52914428710938,594.7128295898438,546.232421875,292.60955810546875,85.35023498535156
2025-06-11,93.52513885498047,69.41896057128906,308.3699951171875,63.119998931884766,129.65113830566406,595.3121337890625,210.8509521484375,529.2636108398438,217.80384826660156,593.0166625976562,544.7249145507812,291.8310241699219,85.02532958984375
2025-06-12,93.86888122558594,69.67683410644531,312.20001220703125,63.88999938964844,130.0751953125,597.4793090820312,210.01202392578125,530.5062255859375,218.3006134033203,595.37353515625,546.7841186523438,292.7672424316406,84.67088317871094
2025-06-13,93.53468322753906,69.42851257324219,316.2900085449219,64.73999786376953,128.51705932617188,590.8594360351562,206.17262268066406,523.845947265625,215.53857421875,588.7171630859375,540.695068359375,289.3081970214844,83.12515258789062
2025-06-16,93.3437271118164,69.29483032226562,311.7799987792969,63.79999923706055,129.82858276367188,596.62744140625,208.60336303710938,531.1325073242188,218.56886291503906,594.3182983398438,545.9170532226562,292.16607666015625,84.07032012939453
2025-06-17,93.63017272949219,69.51447296142578,311.94000244140625,63.81999969482422,128.72080993652344,591.6864624023438,206.40618896484375,525.9534301757812,216.4129180908203,589.2398071289062,541.2665405273438,289.73193359375,83.21376037597656
2025-06-18,93.69700622558594,69.55268096923828,310.260009765625,63.47999954223633,128.7801513671875,591.548095703125,207.494873046875,525.8639526367188,216.3930206298828,589.1510009765625,541.1581420898438,289.8403015136719,83.61742401123047
2025-06-20,93.78292846679688,69.60041809082031,310.1300048828125,63.45000076293945,128.4141845703125,589.611328125,207.0594024658203,523.7166748046875,215.43922424316406,587.7674560546875,539.6604614257812,289.17022705078125,83.47918701171875
2025-06-23,93.97390747070312,69.77230834960938,311.0799865722656,63.66999816894531,129.7296905517578,595.8072509765625,209.5930938720703,529.1017456054688,217.70382690429688,593.572998046875,545.2175903320312,291.94927978515625,84.48637390136719
2025-06-24,94.3558349609375,69.98240661621094,306.19000244140625,62.68000030517578,131.27267456054688,602.3095092773438,212.26531982421875,537.1928100585938,221.03701782226562,600.13037109375,551.2080078125,295.35906982421875,85.56270599365234
2025-06-25,94.34627532958984,70.00151824951172,307.1199951171875,62.849998474121094,131.12432861328125,602.7542724609375,209.79104614257812,538.5661010742188,221.61410522460938,600.4666137695312,551.48388671875,295.01409912109375,84.61474609375
2025-06-26,94.60408020019531,70.20207214355469,306.7799987792969,62.79999923706055,132.25189208984375,607.4974975585938,213.19566345214844,543.6018676757812,223.68370056152344,605.1646728515625,555.8487548828125,297.556640625,85.95768737792969
2025-06-27,94.33673095703125,70.03971862792969,301.2200012207031,61.650001525878906,132.875,610.1655883789062,213.2649383544922,545.4629516601562,224.4597930908203,608.1713256835938,558.6076049804688,298.90673828125,85.9873046875
2025-06-30,94.7186508178711,70.31666564941406,304.8299865722656,62.36000061035156,133.56736755371094,613.56494140625,213.57176208496094,548.9959716796875,225.9622344970703,611.0790405273438,561.3995971679688,300.42205810546875,86.12554931640625
2025-07-01,94.6314926147461,70.26397705078125,307.54998779296875,62.91999816894531,133.52780151367188,613.337646484375,215.76893615722656,544.3682250976562,223.98219299316406,610.8812866210938,561.142578125,300.42205810546875,87.02412414550781
2025-07-02,94.51654815673828,70.18734741210938,309.25,63.310001373291016,134.28939819335938,616.0551147460938,218.7578887939453,548.1598510742188,225.57418823242188,613.6505737304688,563.6332397460938,301.98388671875,88.22882080078125
2025-07-03,94.32496643066406,70.01487731933594,307.1400146484375,62.869998931884766,135.32797241210938,620.7490234375,220.78680419921875,553.553955078125,227.77310180664062,618.487060546875,568.505615234375,304.4747619628906,89.04840850830078
2025-07-07,93.98970031738281,69.78494262695312,307.3699951171875,62.91999816894531,134.32896423339844,616.4603881835938,217.47125244140625,549.3840942382812,226.0418243408203,613.8780517578125,563.949462890625,302.07281494140625,87.71534729003906
2025-07-08,93.95138549804688,69.74662017822266,304.1600036621094,62.2599983215332,134.27952575683594,615.9662475585938,218.97564697265625,549.6925659179688,226.21099853515625,613.5418090820312,563.5739135742188,302.05303955078125,88.31770324707031
2025-07-09,94.34410095214844,70.02445983886719,305.5199890136719,62.52000045776367,135.130126953125,619.62255859375,221.3509521484375,553.5838012695312,227.82286071777344,617.2210083007812,566.9144287109375,303.9508972167969,89.24590301513672
2025-07-10,94.31539154052734,70.0340347290039,306.20001220703125,62.66999816894531,135.50599670410156,621.4210205078125,222.4891357421875,552.7877807617188,227.48455810546875,618.961669921875,568.5748901367188,304.7614440917969,89.70999145507812
2025-07-11,93.92267608642578,69.74662017822266,309.1400146484375,63.29999923706055,134.90264892578125,619.0394897460938,219.42100524902344,551.5436401367188,226.98707580566406,616.7858276367188,566.5289916992188,303.4764404296875,88.46581268310547
2025-07-14,93.91307830810547,69.73704528808594,308.010009765625,63.04999923706055,135.2784881591797,620.3240966796875,220.89569091796875,553.5440673828125,227.7930145263672,617.9627685546875,567.6458129882812,304.1683349609375,89.07803344726562
2025-07-15,93.6352767944336,69.52627563476562,306.7300109863281,62.779998779296875,134.4971160888672,617.6066284179688,216.57061767578125,554.0515747070312,228.02186584472656,615.3220825195312,565.1848754882812,302.5670471191406,87.37962341308594
2025-07-16,93.7693862915039,69.660400390625,308.260009765625,63.11000061035156,135.01144409179688,619.83984375,218.7480010986328,554.618896484375,228.27059936523438,617.3792114257812,567.0429077148438,303.7136535644531,88.21894073486328
2025-07-17,93.80769348144531,69.67957305908203,307.5899963378906,62.959999084472656,135.93128967285156,623.4765014648438,221.61819458007812,559.1072387695312,230.09144592285156,621.1574096679688,570.4428100585938,305.6905822753906,89.38414001464844
2025-07-18,93.9801254272461,69.79451751708984,308.3900146484375,63.130001068115234,135.88186645507812,623.2195434570312,220.04452514648438,558.56982421875,229.8924560546875,620.7024536132812,570.185791015625,305.5225524902344,88.73242950439453
2025-07-21,94.2387466430664,69.99571228027344,313.1300048828125,64.08999633789062,135.97088623046875,624.2669677734375,219.15377807617188,561.4658813476562,231.05657958984375,621.87939453125,571.203857421875,305.8684997558594,88.40656280517578
2025-07-22,94.4207534790039,70.11070251464844,316.1000061035156,64.69999694824219,136.13900756835938,624.2769165039062,220.97486877441406,558.5598754882812,229.8924560546875,621.9683837890625,571.203857421875,306.22430419921875,89.1175308227539
2025-07-23,94.21001434326172,69.96697235107422,312.17999267578125,63.90999984741211,137.2962646484375,629.8009033203125,224.3498077392578,561.1076049804688,230.93719482421875,627.259765625,576.0565185546875,308.8042297363281,90.52958679199219
2025-07-24,94.15254974365234,69.88076782226562,310.2699890136719,63.529998779296875,137.23690795898438,630.0479125976562,221.2519989013672,562.3018798828125,231.4247283935547,627.4674682617188,576.451904296875,308.6954650878906,89.25577545166016
2025-07-25,94.30582427978516,70.05320739746094,307.3999938964844,62.90999984741211,137.80068969726562,632.4986572265625,222.07347106933594,563.6552734375,231.9719696044922,630.1180419921875,578.7447509765625,310.0694580078125,89.59150695800781
2025-07-28,94.18128204345703,69.93824005126953,305.4100036621094,62.52000045776367,137.76112365722656,632.3602294921875,221.81614685058594,565.4169311523438,232.71820068359375,629.9598999023438,578.6064453125,309.98046875,89.49276733398438
2025-07-29,94.6889877319336,70.30229187011719,306.25,62.689998626708984,137.345703125,630.8582153320312,220.4008331298828,564.541015625,232.36996459960938,628.2982788085938,577.1040649414062,309.00189208984375,88.9002914428711
2025-07-30,94.4207534790039,70.1202621459961,300.9599914550781,61.619998931884766,137.22703552246094,629.978759765625,219.28245544433594,565.2974243164062,232.628662109375,627.507080078125,576.4024658203125,308.64605712890625,88.47567749023438
2025-07-31,94.46866607666016,70.12985229492188,302.9599914550781,62.0099983215332,136.61376953125,627.3995971679688,217.134765625,562.3018798828125,231.4048309326172,625.1531372070312,574.2379760742188,307.3017883300781,87.61661529541016
2025-08-01,95.28561401367188,70.73734283447266,309.1099853515625,63.290000915527344,134.319091796875,617.2706909179688,212.710693359375,551.2252197265625,226.87762451171875,614.9066162109375,564.7796630859375,302.2111511230469,85.82931518554688
2025-08-04,95.36250305175781,70.7854232788086,310.9100036621094,63.63999938964844,136.4456329345703,626.6781616210938,217.47125244140625,561.3961791992188,231.05657958984375,624.2530517578125,573.3682250976562,306.9459228515625,87.69559478759766
2025-08-05,95.3913345336914,70.81424713134766,311.1600036621094,63.689998626708984,135.8521728515625,623.664306640625,218.5797576904297,557.5845336914062,229.4447021484375,621.088134765625,570.6107788085938,305.59173583984375,88.17945861816406
2025-08-06,95.3528823852539,70.75658416748047,310.5,63.560001373291016,136.7028045654297,628.279052734375,218.292724609375,564.6007690429688,232.35006713867188,625.8455200195312,574.8507080078125,307.6575927734375,88.06095886230469
2025-08-07,95.27599334716797,70.72774505615234,313.1199951171875,64.08000183105469,136.633544921875,627.9331665039062,217.5801239013672,566.5115966796875,233.17591857910156,625.3212890625,574.5048217773438,307.47967529296875,87.78446197509766
2025-08-08,95.09339141845703,70.57393646240234,313.04998779296875,64.05999755859375,137.5039825439453,632.6863403320312,218.05520629882812,571.7960815429688,235.3350372314453,630.197265625,578.90283203125,309.41705322265625,87.97208404541016
2025-08-11,95.16067504882812,70.62200927734375,308.54998779296875,63.16999816894531,137.21713256835938,631.4313354492188,218.00570678710938,570.104248046875,234.6484832763672,628.9510498046875,577.7168579101562,308.70538330078125,87.95233917236328
2025-08-12,95.16067504882812,70.6316146850586,308.2699890136719,63.099998474121094,138.86891174316406,638.1114501953125,224.47848510742188,577.269775390625,237.58370971679688,635.6468505859375,583.884033203125,312.48126220703125,90.53946685791016
2025-08-13,95.50667572021484,70.89115142822266,309.2099914550781,63.290000915527344,139.5316162109375,640.4534912109375,228.84315490722656,577.5584106445312,237.7130584716797,637.82275390625,585.9200439453125,313.9936218261719,92.3168716430664
2025-08-14,95.23755645751953,70.68929290771484,307.25,62.900001525878906,139.3634490966797,640.4732666015625,225.89378356933594,577.110595703125,237.4991455078125,637.8821411132812,585.9298095703125,313.5290832519531,91.10231018066406
2025-08-15,95.09339141845703,70.5931625366211,307.42999267578125,62.939998626708984,139.03707885742188,639.0304565429688,224.79519653320312,574.57275390625,236.45938110351562,636.388671875,584.6648559570312,312.8173522949219,90.69746398925781
2025-08-18,94.98765563964844,70.51627349853516,306.95001220703125,62.84000015258789,139.07662963867188,638.7340087890625,225.61666870117188,574.3438720703125,236.37977600097656,636.2501831054688,584.457275390625,312.93597412109375,91.05294036865234
2025-08-19,95.17027282714844,70.65083312988281,305.2699890136719,62.4900016784668,138.2358856201172,635.3545532226562,223.88465881347656,566.5513916015625,233.1858673095703,632.7984008789062,581.2649536132812,311.03814697265625,90.34196472167969
2025-08-20,95.22793579101562,70.69891357421875,308.3599853515625,63.130001068115234,137.86004638671875,633.6547241210938,223.09286499023438,563.1876220703125,231.80282592773438,631.1170043945312,579.7330322265625,310.21771240234375,90.03585815429688
2025-08-21,95.00689697265625,70.52587890625,307.2900085449219,62.900001525878906,137.41493225097656,631.1546630859375,223.64712524414062,560.5802001953125,230.75807189941406,628.5850830078125,577.4500122070312,309.1501770019531,90.25310516357422
2025-08-22,95.5354995727539,70.88153839111328,310.5799865722656,63.58000183105469,139.73931884765625,640.8389282226562,232.41604614257812,569.2284545898438,234.29031372070312,638.2381591796875,586.2857055664062,314.5075988769531,93.77830505371094
2025-08-25,95.3913345336914,70.7854232788086,309.8299865722656,63.439998626708984,139.1260986328125,638.0126342773438,229.97142028808594,567.58642578125,233.60374450683594,635.42919921875,583.8049926757812,312.9952697753906,92.80073547363281
2025-08-26,95.50667572021484,70.8719253540039,312.0799865722656,63.880001068115234,139.73931884765625,640.601806640625,231.87168884277344,569.8653564453125,234.578857421875,638.0897827148438,586.1373901367188,314.41864013671875,93.5610580444336
2025-08-27,95.60277557373047,70.93922424316406,312.7099914550781,64.01000213623047,140.09539794921875,642.12353515625,233.51463317871094,570.7412109375,234.91714477539062,639.5436401367188,587.4815063476562,315.2588195800781,94.23253631591797
2025-08-28,95.71810913085938,71.02571868896484,315.0299987792969,64.48999786376953,140.62950134277344,644.4358520507812,233.79176330566406,574.3140258789062,236.3897247314453,641.80859375,589.5570678710938,316.4054260253906,94.37077331542969
2025-08-29,95.59317016601562,70.93922424316406,318.07000732421875,65.0999984741211,139.76898193359375,640.6610107421875,232.7525177001953,567.666015625,233.63360595703125,637.98095703125,586.1572265625,314.5274353027344,93.93629455566406
2025-09-02,95.33956909179688,70.78780364990234,325.5899963378906,66.6500015258789,138.7799072265625,635.8189086914062,231.49559020996094,562.908935546875,231.68344116210938,633.2533569335938,581.8382568359375,312.3428955078125,93.43270874023438
2025-09-03,95.68671417236328,71.01927947998047,328.1400146484375,67.19999694824219,139.39312744140625,639.238037109375,231.2679443359375,567.3375854492188,233.45449829101562,636.685302734375,584.8130493164062,313.6674499511719,93.34382629394531
2025-09-04,96.0724105834961,71.28929901123047,326.69000244140625,66.91000366210938,140.639404296875,644.5050659179688,234.15794372558594,572.4728393554688,235.60366821289062,642.0064697265625,589.6262817382812,316.4450378417969,94.49913787841797
2025-09-05,96.52562713623047,71.6268310546875,331.04998779296875,67.76000213623047,140.35255432128906,642.78564453125,235.32582092285156,573.298828125,235.96188354492188,640.1469116210938,588.0151977539062,315.8617858886719,94.93362426757812
2025-09-08,96.85350799560547,71.85831451416016,334.82000732421875,68.54000091552734,140.74819946289062,644.4161376953125,235.80087280273438,576.0953979492188,237.08619689941406,641.7196655273438,589.5372924804688,316.8700256347656,95.16073608398438
2025-09-09,96.66064453125,71.7232894897461,334.05999755859375,68.41000366210938,140.99546813964844,645.8983764648438,234.41526794433594,577.7275390625,237.79266357421875,643.203125,590.9703369140625,317.2752990722656,94.6077651977539
2025-09-10,96.85350799560547,71.8486557006836,335.260009765625,68.63999938964844,141.33175659179688,647.746337890625,233.9995880126953,577.9166870117188,237.86231994628906,645.0625610351562,592.6801147460938,318.0858154296875,94.39051818847656
2025-09-11,97.03670501708984,72.00296783447266,334.760009765625,68.52999877929688,142.60769653320312,653.141845703125,238.32467651367188,581.2803955078125,239.25531005859375,650.423095703125,597.5130615234375,321.0314025878906,96.148193359375
2025-09-12,96.9499282836914,71.9161605834961,335.4200134277344,68.68000030517578,142.39999389648438,652.9144897460938,235.88995361328125,583.8480834960938,240.2900848388672,650.2054443359375,597.3845825195312,320.5668640136719,95.20023345947266
2025-09-15,97.11386108398438,72.05117797851562,338.9100036621094,69.37999725341797,143.1022491455078,656.32373046875,236.8895721435547,588.8440551757812,242.37957763671875,653.6671752929688,600.4978637695312,322.1286315917969,95.60509490966797
2025-09-16,97.15243530273438,72.06083679199219,339.5899963378906,69.54000091552734,142.88800048828125,655.4564819335938,236.49951171875,588.3463745117188,242.16065979003906,652.7671508789062,599.7070922851562,321.6937561035156,95.46684265136719
2025-09-17,96.9788589477539,71.93543243408203,336.9700012207031,69.0,142.759033203125,654.7329711914062,237.10494995117188,587.1720581054688,241.67312622070312,651.9561767578125,599.0153198242188,321.4070739746094,95.71371459960938
2025-09-18,96.7088623046875,71.752197265625,335.6199951171875,68.70999908447266,143.68154907226562,657.8353271484375,243.010498046875,592.466552734375,243.89195251464844,655.0023803710938,601.8320922851562,323.433349609375,98.07372283935547
2025-09-19,96.7088623046875,71.78113555908203,339.17999267578125,69.44000244140625,144.2270965576172,660.977294921875,241.16436767578125,596.4772338867188,245.55357360839844,658.2465209960938,604.6389770507812,324.6492004394531,97.31338500976562
2025-09-22,96.59314727783203,71.64612579345703,345.04998779296875,70.62999725341797,144.84210205078125,664.158935546875,242.5638427734375,600.0083618164062,246.96022033691406,661.3607177734375,607.5841674804688,326.05279541015625,97.88610076904297
2025-09-23,96.7474365234375,71.7907943725586,346.4599914550781,70.94000244140625,144.08822631835938,660.6105346679688,242.0179443359375,596.0228881835938,245.3164825439453,657.7606201171875,604.4016723632812,324.30322265625,97.6787338256836
2025-09-24,96.56421661376953,71.64612579345703,343.32000732421875,70.29000091552734,143.51290893554688,658.390380859375,239.79470825195312,593.9305419921875,244.45973205566406,655.6678466796875,602.3855590820312,323.1170959472656,96.77009582519531
2025-09-25,96.42921447753906,71.5689697265625,344.75,70.58000183105469,142.74913024902344,655.3772583007812,237.501953125,591.3699951171875,243.4037628173828,652.6429443359375,599.509521484375,321.3873291015625,95.87830352783203
2025-09-26,96.49671173095703,71.5689697265625,346.739990234375,70.98999786376953,143.67161560058594,659.0148315429688,239.53663635253906,593.8009643554688,244.4398193359375,656.3820190429688,603.037841796875,323.4037170410156,96.68091583251953
2025-09-29,96.6799087524414,71.752197265625,352.4599914550781,72.16000366210938,144.03863525390625,660.8682861328125,239.81454467773438,596.5509643554688,245.5456085205078,658.2266845703125,604.732666015625,324.2234802246094,96.7800064086914
2025-09-30,96.6702880859375,71.7232894897461,355.4700012207031,72.7699966430664,144.47506713867188,663.3858032226562,240.15200805664062,598.18505859375,246.1831817626953,660.7061157226562,606.9628295898438,325.2840576171875,96.92863464355469
2025-10-01,96.9169692993164,71.90420532226562,356.0299987792969,72.87999725341797,144.9908905029297,665.9034423828125,240.67803955078125,601.0545043945312,247.3885955810547,662.95751953125,609.1334228515625,326.4140319824219,97.13671112060547
2025-10-02,97.02340698242188,71.9815902709961,354.7900085449219,72.6500015258789,145.2289581298828,666.5575561523438,242.19662475585938,603.5254516601562,248.38479614257812,663.7210693359375,609.8074340820312,326.88983154296875,97.72134399414062
2025-10-03,96.9169692993164,71.89451599121094,357.6400146484375,73.22000122070312,145.3083038330078,666.4782104492188,243.9930877685547,600.9848022460938,247.37864685058594,663.7112426757812,609.85693359375,327.0682373046875,98.46451568603516
2025-10-06,96.70414733886719,71.73004150390625,364.3800048828125,74.62000274658203,145.81417846679688,668.9264526367188,244.96575927734375,605.498291015625,249.22161865234375,666.0914916992188,611.9384155273438,328.29730224609375,98.8608627319336
2025-10-07,96.86860656738281,71.8655014038086,366.260009765625,75.01000213623047,145.1396942138672,666.4782104492188,242.3355712890625,602.3099365234375,247.9066162109375,663.6219482421875,609.7578735351562,326.7212829589844,97.80062103271484
2025-10-08,96.87828826904297,71.8655014038086,372.29998779296875,76.22000122070312,146.08201599121094,670.4429321289062,244.87644958496094,609.2147216796875,250.7557830810547,667.5791625976562,613.2963256835938,328.8920593261719,98.77168273925781
2025-10-09,96.7621841430664,71.81712341308594,365.42999267578125,74.83000183105469,145.61581420898438,668.5597534179688,243.29832458496094,608.4774780273438,250.45692443847656,665.6452026367188,611.6410522460938,327.7521667480469,98.17716217041016
2025-10-10,97.1588363647461,72.0976791381836,369.1199951171875,75.58000183105469,141.63815307617188,650.401611328125,236.01315307617188,587.3545532226562,241.7500457763672,647.6542358398438,595.1978149414062,318.9700622558594,95.25403594970703
2025-10-13,97.34263610839844,72.21380615234375,378.0899963378906,77.43000030517578,143.94935607910156,660.3429565429688,242.58370971679688,599.8190307617188,246.8905029296875,657.5919189453125,604.21728515625,324.054931640625,97.8798828125
2025-10-14,97.49742889404297,72.3202133178711,380.7900085449219,78.02999877929688,143.8898468017578,659.5995483398438,246.04762268066406,595.8236694335938,245.27662658691406,656.78857421875,603.3649291992188,323.955810546875,99.28694915771484
2025-10-15,97.45872497558594,72.2718505859375,387.3900146484375,79.31999969482422,144.5445098876953,662.3748779296875,248.45947265625,600.0283203125,246.9403076171875,659.7044677734375,606.021240234375,325.4922180175781,100.2877426147461
2025-10-16,97.80699920654297,72.5427474975586,396.45001220703125,81.1500015258789,143.4236297607422,658.11279296875,243.22885131835938,597.8064575195312,246.06362915039062,655.211669921875,602.0169067382812,322.9051208496094,98.18705749511719
2025-10-17,97.67156982421875,72.44598388671875,388.989990234375,79.62999725341797,144.1378173828125,661.7900390625,241.59117126464844,601.7320556640625,247.66754150390625,658.9308471679688,605.3571166992188,324.42169189453125,97.50335693359375
2025-10-20,97.8360366821289,72.5427474975586,403.1499938964844,82.5,145.69517517089844,668.629150390625,246.30567932128906,609.3143310546875,250.80557250976562,665.7840576171875,611.71044921875,328.0396423339844,99.38603210449219
2025-10-21,97.93278503417969,72.62981414794922,377.239990234375,77.37999725341797,145.69517517089844,668.4705200195312,245.14443969726562,609.1549682617188,250.73587036132812,665.7740478515625,611.631103515625,327.9999694824219,98.94013977050781
2025-10-22,97.923095703125,72.62981414794922,377.2799987792969,77.27999877929688,144.7528076171875,665.2293701171875,241.52169799804688,603.286376953125,248.3150634765625,662.3128051757812,608.5386962890625,326.00762939453125,97.49343872070312
2025-10-23,97.74897003173828,72.48470306396484,378.7900085449219,77.55000305175781,145.72491455078125,669.0057373046875,244.57867431640625,608.3578491210938,250.43699645996094,666.2402954101562,611.97802734375,328.0990905761719,98.70232391357422
2025-10-24,97.845703125,72.58145141601562,377.5199890136719,77.30999755859375,146.9449920654297,674.5067138671875,247.56619262695312,614.8540649414062,253.05702209472656,671.6851806640625,617.0427856445312,330.77532958984375,99.91120910644531
2025-10-27,97.91343688964844,72.62014770507812,367.010009765625,75.1500015258789,148.61143493652344,682.5153198242188,248.4296875,625.80419921875,257.5997314453125,679.6094970703125,624.4269409179688,334.462646484375,100.27783203125
2025-10-28,97.97147369384766,72.65885162353516,364.3800048828125,74.58999633789062,148.839599609375,684.2399291992188,247.09970092773438,630.6165161132812,259.58221435546875,681.41455078125,626.1019287109375,334.9780578613281,99.73284912109375
2025-10-29,97.50711059570312,72.3008804321289,363.0,74.30999755859375,148.73048400878906,684.6066284179688,244.9955291748047,633.4561767578125,260.7975769042969,681.7418212890625,626.3596801757812,334.7401428222656,98.90049743652344
2025-10-30,97.32330322265625,72.17510223388672,370.1300048828125,75.79000091552734,147.1731414794922,677.1927490234375,243.02041625976562,623.7715454101562,256.74298095703125,674.2439575195312,619.7090454101562,331.1420593261719,98.08796691894531
2025-10-31,97.26525115966797,72.15575408935547,368.1199951171875,75.38999938964844,147.75840759277344,679.175048828125,244.39010620117188,626.7805786132812,257.9783020019531,676.4556274414062,621.4931030273438,332.4703063964844,98.63296508789062
2025-11-03,97.1458740234375,72.07228088378906,368.7799987792969,75.54000091552734,147.91708374023438,680.6221923828125,243.6060028076172,629.7796020507812,259.2434997558594,677.7251586914062,622.7122802734375,332.8469543457031,98.31587982177734
2025-11-04,97.19440460205078,72.11109161376953,362.32000732421875,74.20999908447266,146.05226135253906,672.8118286132812,239.39768981933594,616.996337890625,253.98348999023438,669.6917114257812,615.49658203125,328.8226318359375,96.6115493774414
2025-11-05,96.9323501586914,71.90725708007812,366.510009765625,75.05000305175781,146.66725158691406,674.8931884765625,242.8516845703125,621.0116577148438,255.6072998046875,672.012451171875,617.35009765625,330.23016357421875,98.02852630615234
2025-11-06,97.29145812988281,72.1887435913086,366.07000732421875,74.97000122070312,144.9908905029297,667.5685424804688,238.5540313720703,609.4439086914062,250.8753204345703,664.8021850585938,610.7886352539062,326.4734802246094,96.274658203125
2025-11-07,97.25262451171875,72.14993286132812,368.30999755859375,75.43000030517578,145.32814025878906,668.3812866210938,239.80462646484375,607.5208740234375,250.1082305908203,665.4567260742188,611.4329223632812,327.1871643066406,96.78990936279297
2025-11-10,97.21380615234375,72.13050842285156,378.3800048828125,77.47000122070312,147.4608154296875,678.7686767578125,242.20654296875,620.9617919921875,255.6072998046875,675.8407592773438,620.9281616210938,331.9747009277344,97.73125457763672
2025-11-11,97.50497436523438,72.33434295654297,379.8699951171875,77.80000305175781,147.79806518554688,680.0968627929688,242.4149932861328,619.307861328125,254.91993713378906,677.3878784179688,622.3553466796875,332.7874755859375,97.84024810791016
2025-11-12,97.46614837646484,72.30522918701172,385.989990234375,79.04000091552734,147.8377227783203,680.5726318359375,241.81944274902344,618.8196411132812,254.74061584472656,677.7647705078125,622.6626586914062,332.90643310546875,97.5826187133789
2025-11-13,97.17499542236328,72.09168243408203,382.8699951171875,78.41000366210938,145.19920349121094,669.4815063476562,235.0206298828125,606.185791015625,249.53042602539062,666.5179443359375,612.523193359375,327.0087585449219,94.84777069091797
2025-11-14,97.05851745605469,71.98493194580078,375.9599914550781,76.9800033569336,145.16944885253906,669.3427124023438,235.70547485351562,606.6441040039062,249.6997833251953,666.408935546875,612.3645629882812,326.95916748046875,95.11531066894531
2025-11-17,97.07792663574219,72.02374267578125,371.6499938964844,76.11000061035156,143.6914520263672,663.0785522460938,231.02073669433594,601.4630737304688,247.5878448486328,660.2003173828125,606.625732421875,323.559326171875,93.2425308227539
2025-11-18,97.13616180419922,72.08197021484375,374.3500061035156,76.69000244140625,142.64991760253906,657.5875244140625,231.7254638671875,594.1397705078125,244.5792694091797,654.6563110351562,601.63037109375,321.3688049316406,93.51998138427734
2025-11-19,97.13616180419922,72.0528564453125,374.9599914550781,76.77999877929688,143.13597106933594,660.0654296875,231.68572998046875,597.6868286132812,246.01382446289062,657.1853637695312,603.8109741210938,322.41943359375,93.51998138427734
2025-11-20,97.25262451171875,72.15961456298828,374.8500061035156,76.77999877929688,140.8545379638672,649.9754028320312,227.3980255126953,583.5385131835938,240.1959686279297,647.1683349609375,594.6527099609375,317.2850036621094,91.79583740234375
2025-11-21,97.48558807373047,72.33434295654297,374.2699890136719,76.61000061035156,142.3920135498047,656.4279174804688,233.83953857421875,587.9224853515625,241.9990997314453,653.6149291992188,600.56982421875,320.9524841308594,94.3820571899414
2025-11-24,97.67969512939453,72.46054077148438,380.20001220703125,77.83999633789062,144.58419799804688,666.1214599609375,238.10740661621094,602.9575805664062,248.19552612304688,663.235107421875,609.5001220703125,325.7499694824219,96.08638000488281
2025-11-25,97.83499145507812,72.62554931640625,380.0799865722656,77.83000183105469,146.1117706298828,672.3855590820312,243.29832458496094,606.674072265625,249.7197265625,669.4734497070312,615.1694946289062,329.23895263671875,98.19697570800781
2025-11-26,97.99028015136719,72.70321655273438,383.1199951171875,78.44000244140625,147.12355041503906,677.0242309570312,245.4521026611328,612.034423828125,251.96119689941406,674.09521484375,619.421630859375,331.4989318847656,99.07886505126953
2025-11-28,97.85438537597656,72.58671569824219,387.8800048828125,79.41000366210938,147.93692016601562,680.8104858398438,246.8912811279297,616.996337890625,253.93368530273438,677.7747192382812,622.8510131835938,333.35247802734375,99.66348266601562
2025-12-01,97.43179321289062,72.3033676147461,389.75,79.80999755859375,147.20289611816406,677.618896484375,243.78465270996094,614.923828125,253.16661071777344,674.6803588867188,619.9866333007812,331.71697998046875,98.40505981445312
2025-12-02,97.55838775634766,72.37151336669922,387.239990234375,79.29000091552734,147.4508819580078,678.7786254882812,243.33802795410156,619.7362670898438,255.11917114257812,675.9300537109375,621.0371704101562,332.1134338378906,98.22669219970703
2025-12-03,97.74339294433594,72.4786376953125,386.8800048828125,79.2300033569336,148.14523315429688,681.1871337890625,247.7646942138672,621.2507934570312,255.73683166503906,678.2706298828125,623.2078247070312,333.6002502441406,100.02021026611328
2025-12-04,97.50969696044922,72.3423080444336,387.1300048828125,79.27999877929688,148.32379150390625,681.7718505859375,249.93833923339844,620.6728515625,255.48777770996094,678.7664794921875,623.7330932617188,334.1255798339844,100.902099609375
2025-12-05,97.40257263183594,72.2546615600586,386.44000244140625,79.13999938964844,148.58168029785156,683.020751953125,248.89617919921875,623.2036743164062,256.5537109375,680.0557861328125,624.9026489257812,334.5914611816406,100.46610260009766
2025-12-08,97.24678802490234,72.14754486083984,385.4200134277344,78.94999694824219,148.11549377441406,680.9889526367188,248.99542236328125,622.0079956054688,256.05560302734375,678.0127563476562,623.0491943359375,333.61016845703125,100.53546905517578
2025-12-09,97.15914916992188,72.09886169433594,387.3999938964844,79.33999633789062,148.00637817382812,680.4437866210938,249.5115509033203,622.775146484375,256.3744201660156,677.427490234375,622.543701171875,333.2731628417969,100.72373962402344
2025-12-10,97.47073364257812,72.3130874633789,389.04998779296875,79.66999816894531,149.0974884033203,684.8147583007812,252.90599060058594,625.3258666992188,257.41046142578125,681.92041015625,626.5678100585938,335.7511901855469,102.10106658935547
2025-12-11,97.490234375,72.3130874633789,393.239990234375,80.54000091552734,149.5537872314453,686.4700317382812,255.8736572265625,623.3033447265625,256.5736389160156,683.5072021484375,628.1041259765625,336.88116455078125,103.2901382446289
2025-12-12,97.18836212158203,72.08911895751953,395.44000244140625,80.98999786376953,147.86749267578125,679.1156005859375,251.9531707763672,611.3867797851562,251.61253356933594,676.1580810546875,621.3246459960938,333.0352783203125,101.71463012695312
2025-12-15,97.28572845458984,72.17676544189453,395.79998779296875,81.08000183105469,147.5401611328125,678.1046752929688,250.04750061035156,608.3179931640625,250.4071044921875,675.1365356445312,620.4227294921875,332.3810729980469,100.91200256347656
2025-12-16,97.47073364257812,72.3130874633789,395.8900146484375,81.08000183105469,147.10923767089844,676.21875,248.8644256591797,609.5235595703125,250.89524841308594,673.2918701171875,618.6881713867188,331.41961669921875,100.4462890625
2025-12-17,97.4415283203125,72.29361724853516,399.2900085449219,81.76000213623047,145.52687072753906,668.8283081054688,246.2154541015625,598.224853515625,246.25291442871094,665.8832397460938,611.8887939453125,327.80169677734375,99.35630798339844
2025-12-18,97.68497467041016,72.44701385498047,398.57000732421875,81.62999725341797,146.6514434814453,673.8911743164062,247.6793670654297,606.8931884765625,249.8093719482422,670.9114990234375,616.507568359375,330.3193664550781,99.98057556152344
2025-12-19,97.54232788085938,72.33953857421875,399.0199890136719,81.70999908447266,147.96510314941406,679.8493041992188,249.750732421875,614.8043212890625,253.13671875,676.9923095703125,622.0084838867188,333.26324462890625,100.84264373779297
2025-12-22,97.50325012207031,72.31999206542969,408.2300109863281,83.58999633789062,148.99014282226562,684.1661987304688,252.52919006347656,617.7513427734375,254.2867889404297,681.2098999023438,625.9256591796875,335.580322265625,101.94988250732422
2025-12-23,97.50325012207031,72.31024169921875,413.6400146484375,84.68000030517578,149.46783447265625,687.2893676757812,251.035400390625,620.6444702148438,255.5336456298828,684.3233032226562,628.8479614257812,336.693603515625,101.36293029785156
2025-12-24,97.71819305419922,72.48609924316406,411.92999267578125,84.33999633789062,149.9853515625,689.6965942382812,251.6627960205078,622.4602661132812,256.2218933105469,686.7305297851562,630.9451904296875,337.8466796875,101.61164093017578
2025-12-26,97.73772430419922,72.48609924316406,416.739990234375,85.33999633789062,149.9057159423828,689.5772094726562,250.37814331054688,622.4202880859375,256.23187255859375,686.660888671875,631.0048828125,337.637939453125,101.0943374633789
2025-12-29,97.85496520996094,72.59357452392578,398.6000061035156,81.61000061035156,149.3384552001953,687.229736328125,248.8445281982422,619.4074096679688,255.00497436523438,684.2138671875,628.7783813476562,336.3656005859375,100.4576416015625
2025-12-30,97.8158950805664,72.56425476074219,398.8900146484375,81.70999908447266,149.0797119140625,686.2449951171875,247.00218200683594,617.9707641601562,254.39651489257812,683.3783569335938,627.9036865234375,335.8288269042969,99.7314224243164
2025-12-31,97.5813980102539,72.36885070800781,396.30999755859375,81.16999816894531,147.9750518798828,681.29150390625,245.1399383544922,612.8628540039062,252.28187561035156,678.3152465820312,623.3414306640625,333.2642517089844,99.00519561767578
2026-01-02,97.55209350585938,72.33953857421875,398.2799987792969,81.55999755859375,148.4427947998047,682.534912109375,247.7490692138672,611.6757202148438,251.80308532714844,679.55859375,624.5043334960938,334.29803466796875,100.0199203491211
2026-01-05,97.73772430419922,72.47633361816406,408.760009765625,83.70999908447266,149.5275421142578,687.1103515625,251.68270874023438,616.5341796875,253.78805541992188,684.0845336914062,628.6392822265625,336.8128967285156,101.63154602050781
2026-01-06,97.71819305419922,72.47633361816406,413.17999267578125,84.62000274658203,150.5625457763672,691.1885986328125,255.01881408691406,621.951416015625,256.0423889160156,688.1529541015625,632.3665771484375,339.168701171875,102.96460723876953
2026-01-07,97.8158950805664,72.55448913574219,409.2300109863281,83.80999755859375,150.08485412597656,688.9406127929688,254.4213104248047,622.550048828125,256.2817687988281,685.9347534179688,630.3388671875,338.015625,102.7258529663086
2026-01-08,97.64002990722656,72.42748260498047,411.489990234375,84.27999877929688,150.08485412597656,688.8609619140625,257.1997375488281,619.0083618164062,254.80548095703125,685.8651123046875,630.2295532226562,338.1051330566406,103.85995483398438
2026-01-09,97.85496520996094,72.58379364013672,414.4700012207031,84.88999938964844,151.09994506835938,693.3668823242188,259.1516418457031,625.173828125,257.3590393066406,690.4010009765625,634.453857421875,340.3515625,104.62596893310547
2026-01-12,97.80611419677734,72.51541900634766,422.2300109863281,86.48999786376953,151.328857421875,694.5107421875,260.4163513183594,625.6925659179688,257.58843994140625,691.4852294921875,635.4776611328125,340.9778137207031,105.12338256835938
2026-01-13,97.89403533935547,72.57402801513672,421.6300048828125,86.36000061035156,151.07009887695312,693.157958984375,260.2669982910156,624.7647705078125,257.189453125,690.1026000976562,634.1755981445312,340.29193115234375,105.1034927368164
2026-01-14,98.04059600830078,72.7205810546875,425.94000244140625,87.2300033569336,150.4530792236328,689.7960205078125,262.099365234375,618.0905151367188,254.4663543701172,686.7106323242188,631.104248046875,338.9599609375,105.809814453125
2026-01-15,97.91358184814453,72.61309814453125,423.3299865722656,86.70999908447266,150.9208221435547,691.6162719726562,264.4097595214844,620.3153076171875,255.35411071777344,688.5806884765625,632.7740478515625,340.003662109375,106.74494934082031
2026-01-16,97.74749755859375,72.49585723876953,421.2900085449219,86.2699966430664,150.8312530517578,690.9597778320312,264.6587219238281,619.7965087890625,255.06483459472656,688.0037231445312,632.247314453125,339.80487060546875,106.83448028564453
2026-01-20,97.37623596191406,72.23207092285156,437.2300109863281,89.55000305175781,147.8556365966797,676.974609375,261.49188232421875,606.6276245117188,249.73829650878906,673.9981689453125,619.385498046875,333.1051940917969,105.58100128173828
2026-01-21,97.69863891601562,72.43724060058594,443.6000061035156,90.87000274658203,149.5972137451172,684.6535034179688,266.6802978515625,614.8282470703125,253.05990600585938,681.77685546875,626.4822998046875,337.0514221191406,107.65023803710938
2026-01-22,97.71819305419922,72.46654510498047,451.7900085449219,92.55999755859375,150.4033203125,688.274169921875,268.6720275878906,619.2976684570312,254.9451446533203,685.3379516601562,629.7424926757812,338.8307189941406,108.43614959716797
2026-01-23,97.80611419677734,72.54472351074219,458.0,93.79000091552734,150.23414611816406,688.5526733398438,263.712646484375,621.2530517578125,255.7530975341797,685.5865478515625,630.0009765625,338.5225830078125,106.46639251708984
2026-01-26,97.9526596069336,72.63264465332031,464.70001220703125,95.18000030517578,150.88101196289062,692.1832275390625,262.8861083984375,623.9866333007812,256.8902282714844,689.0680541992188,633.2412719726562,339.9837951660156,106.09831237792969
2026-01-27,97.88427734375,72.57402801513672,476.1000061035156,97.4800033569336,151.42837524414062,694.9285278320312,263.63299560546875,629.6432495117188,259.19439697265625,691.8134765625,635.83544921875,341.2164001464844,106.40670776367188
2026-01-28,97.8451919555664,72.54472351074219,494.55999755859375,101.25,151.36866760253906,694.978271484375,262.2088928222656,631.7283325195312,260.10211181640625,691.7438354492188,635.736083984375,341.02752685546875,105.83966064453125
2026-01-29,97.8451919555664,72.55448913574219,495.8999938964844,101.56999969482422,150.990478515625,693.3768920898438,262.27862548828125,627.947265625,258.4862060546875,690.3711547851562,634.4141235351562,340.2422790527344,105.849609375
2026-01-30,97.82565307617188,72.52517700195312,444.95001220703125,91.19999694824219,150.2540283203125,691.327880859375,258.57403564453125,620.4050903320312,255.4039764404297,688.3120727539062,632.37646484375,338.53253173828125,104.37725830078125
2026-02-02,97.71293640136719,72.45166015625,427.1300048828125,87.56999969482422,151.07009887695312,694.819091796875,261.0935363769531,624.6650390625,257.1695251464844,691.7339477539062,635.8155517578125,340.4311218261719,105.38204193115234
2026-02-03,97.72274017333984,72.47126007080078,454.2900085449219,93.02999877929688,149.8858184814453,688.8809204101562,261.6910705566406,615.0676879882812,253.16961669921875,685.885009765625,630.3190307617188,337.8168640136719,105.67053985595703
2026-02-04,97.66392517089844,72.44185638427734,453.9700012207031,92.91999816894531,149.16928100585938,685.6183471679688,259.4404296875,604.3230590820312,248.7508087158203,682.5626831054688,627.0985717773438,336.2264099121094,104.77519226074219
2026-02-05,98.08540344238281,72.75553894042969,441.8800048828125,90.52999877929688,147.26844787597656,676.8951416015625,254.76986694335938,595.6236572265625,245.2097625732422,674.0379638671875,619.335693359375,331.9024353027344,102.89497375488281
2026-02-06,98.14421081542969,72.76534271240234,455.4599914550781,93.23999786376953,150.41326904296875,690.08447265625,263.9217834472656,608.2138671875,250.37669372558594,686.96923828125,631.4024047851562,338.9201965332031,106.54598236083984
2026-02-09,98.17362213134766,72.78495025634766,467.0299987792969,95.62999725341797,151.1696014404297,693.3768920898438,265.7740783691406,612.8728637695312,252.29183959960938,690.2816772460938,634.3743286132812,340.5901794433594,107.31200408935547
2026-02-10,98.45784759521484,73.0006103515625,462.3999938964844,94.70999908447266,150.78147888183594,691.4471435546875,265.0570373535156,610.029541015625,251.14476013183594,688.4613037109375,632.59521484375,339.75518798828125,107.033447265625
2026-02-11,98.23241424560547,72.85356903076172,467.6300048828125,95.76000213623047,150.65211486816406,691.3477172851562,263.8520812988281,611.6657104492188,251.79310607910156,688.3021850585938,632.5056762695312,339.4271545410156,106.5559310913086
2026-02-12,98.67349243164062,73.18685913085938,451.3900146484375,92.4800033569336,148.26365661621094,680.684814453125,258.4645080566406,599.22509765625,246.69601440429688,677.668701171875,622.705322265625,333.99981689453125,104.35736846923828
2026-02-13,98.98715209960938,73.40251159667969,462.6199951171875,94.75,148.512451171875,681.1124877929688,261.8703308105469,600.5020751953125,247.20472717285156,678.1461181640625,623.1029052734375,334.635986328125,105.71033477783203
2026-02-17,98.99696350097656,73.39271545410156,448.20001220703125,91.81999969482422,148.72145080566406,682.186767578125,261.95001220703125,599.8834838867188,246.94537353515625,679.2402954101562,624.1961669921875,335.053466796875,105.75012969970703
2026-02-18,98.85972595214844,73.31429290771484,458.2799987792969,93.8499984741211,149.47779846191406,685.6780395507812,262.89605712890625,604.3629150390625,248.7508087158203,682.662109375,627.337158203125,336.8029479980469,106.15799713134766
2026-02-19,98.87932586669922,73.34370422363281,459.55999755859375,94.12000274658203,149.18919372558594,684.0169067382812,263.5035095214844,602.0484008789062,247.88299560546875,680.8616333007812,625.7269287109375,336.1667785644531,106.38681030273438
2026-02-20,98.89894104003906,73.33389282226562,468.6199951171875,95.94999694824219,150.15452575683594,688.811279296875,263.51348876953125,607.3758544921875,250.0375518798828,685.7855834960938,630.1898193359375,338.2343444824219,106.40670776367188
2026-02-23,99.09497833251953,73.49073791503906,481.2799987792969,98.56999969482422,148.47265625,681.838623046875,259.4105224609375,599.9932250976562,247.02516174316406,678.7827758789062,623.8384399414062,334.4471435546875,104.74534606933594
2026-02-24,99.08516693115234,73.45153045654297,474.6099853515625,97.19999694824219,149.6270751953125,686.8319091796875,262.23876953125,606.4380493164062,249.67845153808594,683.7164916992188,628.3907470703125,337.1806640625,105.87944793701172
2026-02-25,99.0361557006836,73.43192291259766,473.4200134277344,96.97000122070312,150.81134033203125,692.541259765625,263.48358154296875,615.227294921875,253.18959045410156,689.4859008789062,633.6785888671875,339.7850036621094,106.39675903320312
2026-02-26,99.19298553466797,73.53974914550781,477.4800109863281,97.79000091552734,150.2440948486328,688.7216796875,264.88775634765625,607.8048095703125,250.2470245361328,685.6561889648438,630.1202392578125,338.4530029296875,106.95386505126953
2026-02-27,99.38902282714844,73.68679809570312,483.75,99.06999969482422,149.4081268310547,685.7078857421875,260.3267517089844,605.859375,249.42909240722656,682.3637084960938,627.227783203125,336.7433166503906,105.17312622070312
2026-03-02,98.99179077148438,73.38985443115234,490.0,100.37999725341797,149.56735229492188,685.7775268554688,262.716796875,606.6575317382812,249.72833251953125,682.751708984375,627.4663696289062,337.0912170410156,106.07841491699219
2026-03-03,98.88363647460938,73.31118774414062,468.1400146484375,95.91999816894531,148.1143798828125,679.7299194335938,258.16571044921875,600.1629028320312,247.09500122070312,676.7337036132812,621.9398803710938,333.72149658203125,104.24793243408203
2026-03-04,98.84430694580078,73.26202392578125,471.79998779296875,96.6500015258789,149.17922973632812,684.61376953125,260.67529296875,609.311279296875,250.73577880859375,681.5082397460938,626.3729858398438,336.1667785644531,105.26265716552734
2026-03-05,98.55916595458984,73.09487915039062,466.1300048828125,95.5199966430664,148.21389770507812,680.8140869140625,255.69601440429688,607.4755249023438,250.08743286132812,677.70849609375,623.0233154296875,333.9898681640625,103.25310516357422
2026-03-06,98.4411849975586,72.99655151367188,473.510009765625,96.9800033569336,146.1538543701172,671.8023681640625,249.850341796875,598.337158203125,246.34689331054688,668.82568359375,614.6939697265625,329.4273376464844,100.8754653930664
2026-03-09,98.75582122802734,73.20303344726562,472.5299987792969,96.77999877929688,147.44760131835938,677.720703125,252.5690155029297,606.3283081054688,249.57872009277344,674.6845703125,620.031494140625,332.2801818847656,101.97972869873047
2026-03-10,98.43135070800781,72.97688293457031,477.8599853515625,97.8499984741211,147.1191864013672,676.4971923828125,252.31008911132812,606.3383178710938,249.63856506347656,673.6002807617188,618.9580078125,331.5148010253906,101.89019775390625
2026-03-11,97.98889923095703,72.65241241455078,476.239990234375,97.55000305175781,146.9798583984375,675.7711181640625,251.80223083496094,606.2584838867188,249.57872009277344,672.7548217773438,618.272216796875,331.2463684082031,101.69123077392578
2026-03-12,97.6250991821289,72.38693237304688,466.8800048828125,95.6500015258789,144.6411590576172,665.38671875,246.384765625,595.8530883789062,245.31948852539062,662.5390625,608.7998046875,325.9582214355469,99.51255798339844
2026-03-13,97.54644775390625,72.31809997558594,460.8399963378906,94.37999725341797,143.8748779296875,661.6566772460938,245.56814575195312,592.3213500976562,243.83323669433594,658.7890014648438,605.4104614257812,324.178955078125,99.134521484375
2026-03-16,97.92990112304688,72.59342193603516,460.42999267578125,94.33000183105469,145.32785034179688,668.3309326171875,247.8885040283203,598.9656982421875,246.54638671875,665.493408203125,611.4735717773438,327.489013671875,100.08955383300781
2026-03-17,98.12655639648438,72.74090576171875,459.2699890136719,94.06999969482422,145.8135986328125,670.18994140625,249.45677185058594,601.8887939453125,247.82315063476562,667.2440185546875,613.1632690429688,328.5923767089844,100.76603698730469
2026-03-18,97.7136001586914,72.44593811035156,444.739990234375,91.12000274658203,143.84866333007812,661.0744018554688,245.43634033203125,593.4986572265625,244.3419647216797,657.9335327148438,604.7046508789062,324.069580078125,99.12458038330078
2026-03-19,97.82174682617188,72.52459716796875,426.4100036621094,87.37000274658203,143.5594024658203,659.1595458984375,247.04251098632812,591.623046875,243.5838623046875,656.3121948242188,603.0845336914062,323.4930419921875,99.75131225585938
2026-03-20,97.00566864013672,71.94447326660156,413.3800048828125,84.69999694824219,141.31520080566406,649.5553588867188,241.64535522460938,580.6888427734375,239.03536987304688,646.9034423828125,594.3277587890625,318.4235534667969,97.58258819580078
2026-03-23,97.36946105957031,72.21977996826172,404.0400085449219,82.77999877929688,143.0207977294922,656.5765380859375,246.86293029785156,587.3545532226562,241.79019165039062,653.6959228515625,600.778564453125,322.25054931640625,99.6717300415039
2026-03-24,97.10399627685547,72.03296661376953,404.1300048828125,82.76000213623047,142.6018829345703,654.47216796875,248.18978881835938,583.3389282226562,240.14208984375,651.5015869140625,598.7409057617188,321.24658203125,100.25224304199219
2026-03-25,97.44812774658203,72.30828094482422,416.2900085449219,85.2699966430664,143.46963500976562,657.9727783203125,251.2225799560547,587.1747436523438,241.70028686523438,655.1322021484375,602.0010375976562,323.2048034667969,101.48905944824219
2026-03-26,96.89751434326172,71.8854751586914,400.6400146484375,82.08999633789062,140.99603271484375,646.274169921875,246.85296630859375,573.1600952148438,235.9369659423828,643.432373046875,591.3259887695312,317.6382751464844,99.69367218017578
2026-03-27,96.8876724243164,71.8854751586914,414.70001220703125,84.94999694824219,138.58226013183594,635.28369140625,242.5232696533203,561.9624633789062,231.34228515625,632.4606323242188,581.267333984375,312.19195556640625,97.93818664550781
2026-03-30,97.3792953491211,72.24927520751953,414.5799865722656,84.93000030517578,137.95387268066406,633.2291870117188,239.04153442382812,557.6671752929688,229.60427856445312,630.3460693359375,579.2431640625,310.7860107421875,96.5218276977539
2026-03-31,97.60543823242188,72.4065933227539,430.2900085449219,88.16000366210938,142.06326293945312,651.4602661132812,247.41163635253906,576.54638671875,237.34532165527344,648.6688842773438,595.81494140625,319.88983154296875,99.9131088256836
2026-04-01,97.67153930664062,72.43619537353516,437.82000732421875,89.68000030517578,143.0806427001953,656.2972412109375,248.96792602539062,583.6685791015625,240.29193115234375,653.5562744140625,600.5511474609375,322.3128356933594,100.5315170288086
2026-04-02,97.89845275878906,72.59405517578125,429.4100036621094,87.94000244140625,143.31004333496094,657.1948852539062,250.69381713867188,584.3378295898438,240.5815887451172,654.144775390625,601.2391357421875,322.83135986328125,101.2596435546875
2026-04-06,97.72087097167969,72.48553466796875,427.6499938964844,87.61000061035156,143.9484100341797,660.0870361328125,251.76129150390625,587.85400390625,242.03990173339844,657.23681640625,603.9113159179688,324.2771911621094,101.69851684570312
2026-04-07,97.83924865722656,72.59405517578125,431.80999755859375,88.45999908447266,144.07806396484375,660.605712890625,252.3099822998047,587.9439086914062,242.09983825683594,657.5260009765625,604.2802734375,324.4965515136719,101.92793273925781
2026-04-08,98.09576416015625,72.732177734375,434.5299987792969,89.04000091552734,147.68875122070312,677.1712036132812,259.85205078125,605.4246826171875,249.2515411376953,674.27294921875,619.535888671875,332.74285888671875,104.96013641357422
2026-04-09,98.15496063232422,72.76177978515625,437.9100036621094,89.72000122070312,148.5066375732422,681.180419921875,261.3385009765625,609.5202026367188,250.93959045410156,678.162841796875,623.2052001953125,334.48785400390625,105.53864288330078
2026-04-10,97.98724365234375,72.65325164794922,437.1300048828125,89.55999755859375,148.2971649169922,680.7914428710938,260.6800537109375,610.3992309570312,251.30917358398438,677.7140502929688,622.786376953125,334.0889587402344,105.29926300048828
2026-04-13,98.18455505371094,72.81111145019531,435.3599853515625,89.20999908447266,149.94293212890625,687.6929321289062,264.4411315917969,616.7122802734375,253.87620544433594,684.3369750976562,628.8886108398438,337.6986083984375,106.82533264160156
2026-04-14,98.44107055664062,72.98870086669922,445.0899963378906,91.18000030517578,151.6884307861328,695.8211059570312,268.0824890136719,627.909912109375,258.4808654785156,692.675537109375,636.4964599609375,341.66717529296875,108.26164245605469
2026-04-15,98.2832260131836,72.89002990722656,440.4599914550781,90.23999786376953,152.81552124023438,701.306396484375,268.75091552734375,636.7003173828125,262.1766052246094,698.1414184570312,641.5816650390625,344.2497253417969,108.56086730957031
2026-04-16,98.14509582519531,72.78150939941406,440.0799865722656,90.16000366210938,153.1945343017578,702.8522338867188,269.3095703125,639.7669067382812,263.38519287109375,699.8569946289062,642.987548828125,345.0374755859375,108.790283203125
2026-04-17,98.5101318359375,73.06761932373047,445.92999267578125,91.33999633789062,155.1893768310547,711.4490966796875,275.125732421875,648.1376953125,266.82122802734375,708.3152465820312,650.8845825195312,349.5245666503906,111.14423370361328
2026-04-20,98.5002670288086,73.01829528808594,442.0899963378906,90.56999969482422,155.0896453857422,710.1825561523438,276.6920166015625,646.0799560546875,265.9921569824219,706.8988037109375,649.6481323242188,349.2054748535156,111.79256439208984
2026-04-21,98.1352310180664,72.79137420654297,429.57000732421875,88.04000091552734,154.0523223876953,705.3355102539062,273.8587646484375,643.6226806640625,265.0033264160156,702.2708129882812,645.37060546875,346.84228515625,110.6754379272461
2026-04-22,98.27334594726562,72.87030792236328,435.260009765625,89.19000244140625,155.50856018066406,712.6459350585938,275.8240661621094,654.390869140625,269.3183288574219,709.3825073242188,652.0013427734375,350.21258544921875,111.45343780517578
2026-04-23,98.1155014038086,72.74205017089844,431.0400085449219,88.33999633789062,154.8402862548828,709.8334350585938,274.8663330078125,650.7048950195312,267.90997314453125,706.6295776367188,649.3689575195312,348.7966613769531,111.04448699951172
2026-04-24,98.25361633300781,72.87030792236328,433.25,88.75,155.9374542236328,715.358642578125,275.99365234375,663.1512451171875,273.0639953613281,712.10546875,654.5139770507812,351.0401916503906,111.50331115722656
2026-04-27,98.10564422607422,72.75190734863281,429.8900146484375,88.06999969482422,156.14691162109375,716.5753784179688,276.4825134277344,663.5008544921875,273.19384765625,713.332275390625,655.5908813476562,351.5188293457031,111.7127685546875
2026-04-28,98.06616973876953,72.732177734375,421.9100036621094,86.45999908447266,155.3190460205078,713.0448608398438,273.2601623535156,656.8281860351562,270.447021484375,709.8612060546875,652.3602905273438,349.6242980957031,110.39615631103516
2026-04-29,97.63207244873047,72.40660095214844,417.4100036621094,85.55000305175781,155.21929931640625,712.9750366210938,271.4344787597656,660.84375,272.0751647949219,709.7515258789062,652.34033203125,349.2054748535156,109.6780014038086
2026-04-30,97.77019500732422,72.51512908935547,423.6600036621094,86.8499984741211,156.885009765625,720.1358032226562,277.310546875,667.0069580078125,274.5822448730469,716.8132934570312,658.6619262695312,353.1640930175781,112.05189514160156
2026-05-01,97.89888000488281,72.6160888671875,423.17999267578125,86.72000122070312,157.35379028320312,722.0706176757812,278.617431640625,673.4099731445312,277.2192077636719,718.7982177734375,660.5963134765625,354.27093505859375,112.55061340332031
2026-05-04,97.5920181274414,72.3686294555664,414.7099914550781,84.97000122070312,156.76531982421875,719.4576416015625,277.22076416015625,672.141357421875,276.729736328125,716.1649780273438,658.2032470703125,352.9646911621094,111.98207092285156
2026-05-05,97.77019500732422,72.49730682373047,418.2699890136719,85.69000244140625,158.08192443847656,725.0326538085938,281.8896484375,680.8617553710938,280.2956237792969,721.9102172851562,663.3682250976562,355.9660339355469,113.89715576171875
2026-05-06,98.18595123291016,72.80416870117188,430.9599914550781,88.30000305175781,160.3261260986328,735.4346923828125,286.11956787109375,695.0062255859375,286.0689392089844,731.9443359375,672.7009887695312,360.8220520019531,115.5927963256836
2026-05-07,97.94837188720703,72.6160888671875,431.67999267578125,88.45999908447266,159.57806396484375,732.9912719726562,281.5903625488281,694.1771240234375,285.7892761230469,729.7001342773438,670.587158203125,359.1668395996094,113.74754333496094
2026-05-08,98.1760482788086,72.80416870117188,433.7699890136719,88.87000274658203,160.76498413085938,738.9851684570312,283.495849609375,710.44921875,292.4815368652344,735.724609375,676.0711669921875,361.82916259765625,114.54548645019531
2026-05-11,97.9186782836914,72.6259994506836,434.6499938964844,89.05999755859375,161.08416748046875,740.7603759765625,284.6530456542969,712.5069580078125,293.3704833984375,737.4002685546875,677.5469360351562,362.5870056152344,115.0142822265625
2026-05-12,97.63160705566406,72.40821838378906,432.92999267578125,88.70999908447266,160.72509765625,739.6234130859375,281.8996276855469,706.463623046875,290.8034973144531,736.2831420898438,676.6993408203125,361.7494201660156,113.88717651367188
2026-05-13,97.67121124267578,72.43791961669922,430.5,88.19000244140625,161.57290649414062,743.7423706054688,281.9993896484375,713.9254760742188,293.8199768066406,740.4025268554688,680.4285278320312,363.6639099121094,113.91709899902344
2026-05-14,97.64151763916016,72.41812133789062,427.2099914550781,87.54000091552734,162.77978515625,749.5468139648438,283.7751770019531,718.9998168945312,296.02740478515625,746.2474975585938,685.7330322265625,366.34619140625,114.62528228759766
2026-05-15,97.02778625488281,72.00238037109375,417.2900085449219,85.51000213623047,160.68521118164062,740.4612426757812,276.94140625,708.1517944335938,291.5526123046875,737.2706298828125,677.4671630859375,361.6995544433594,111.92223358154297
2026-05-18,97.01789093017578,71.95288848876953,418.42999267578125,85.76000213623047,160.52561950683594,739.922607421875,275.3152770996094,705.1051025390625,290.2940673828125,736.751953125,676.9386596679688,361.32061767578125,111.22402954101562
2026-05-19,96.64173889160156,71.71531677246094,411.5,84.31999969482422,159.48828125,735.2152709960938,272.3523254394531,700.7599487304688,288.5061340332031,731.8446044921875,672.6312866210938,359.0272521972656,110.03707885742188
2026-05-20,97.22576904296875,72.11125946044922,417.3999938964844,85.52999877929688,161.30360412597656,742.794921875,279.2060241699219,712.3671875,293.29058837890625,739.3452758789062,679.5910034179688,363.1453857421875,112.79000091552734
2026-05-21,97.34455108642578,72.1904525756836,416.989990234375,85.43000030517578,161.73248291015625,744.1812133789062,281.8197937011719,713.7256469726562,293.8699035644531,740.8114624023438,680.8572998046875,364.0428161621094,113.85726165771484
2026-05-22,97.44354248046875,72.2597427368164,413.82000732421875,84.80999755859375,162.51048278808594,747.13330078125,284.4435729980469,716.7523193359375,295.0985107421875,743.7239990234375,683.5593872070312,365.7379455566406,114.9045639038086
2026-05-26,97.720703125,72.46761322021484,414.0,84.80999755859375,163.69741821289062,752.0101928710938,289.82080078125,729.4783935546875,300.3324279785156,748.6613159179688,688.0064697265625,368.4002685546875,117.07897186279297
2026-05-27,97.79989624023438,72.53689575195312,408.489990234375,83.7300033569336,163.6276092529297,752.1497802734375,289.6811218261719,728.6492919921875,300.0328063964844,748.5316162109375,687.9566040039062,368.300537109375,116.99918365478516
2026-05-28,97.99787139892578,72.67548370361328,412.7699890136719,84.58999633789062,164.61505126953125,756.1390991210938,291.3371887207031,734.79248046875,302.49993896484375,752.6609497070312,691.8950805664062,370.5939636230469,117.67743682861328
2026-05-29,98.0572509765625,72.71508026123047,417.1199951171875,85.48999786376953,165.05392456054688,758.0140380859375,289.740966796875,737.49951171875,303.608642578125,754.5361328125,693.4705200195312,371.4714660644531,117.02910614013672
2026-06-01,98.00859832763672,72.68230438232422,411.260009765625,84.2699966430664,165.41299438476562,759.9788208007812,288.29443359375,741.9246826171875,305.46649169921875,756.5908203125,695.2752685546875,372.3289794921875,116.48050689697266
2026-06-02,98.03839874267578,72.70215606689453,411.95001220703125,84.41999816894531,165.8319091796875,761.0159912109375,290.9680480957031,745.3408813476562,306.8748779296875,757.6182250976562,696.2325439453125,373.2862243652344,117.53778839111328
2026-06-03,97.82981872558594,72.5631103515625,407.8699951171875,83.58999633789062,164.62503051757812,755.2215576171875,286.9875183105469,743.39306640625,306.2555847167969,752.3018798828125,691.3467407226562,370.583984375,115.91197204589844
2026-06-04,97.98873138427734,72.66244506835938,411.2699890136719,84.27999877929688,165.41299438476562,758.7919921875,291.3172302246094,739.7969970703125,304.5875244140625,755.1445922851562,694.0388793945312,372.3090515136719,117.68740844726562
2026-06-05,97.50205993652344,72.33468627929688,396.239990234375,81.22000122070312,160.93455505371094,738.92529296875,280.9817810058594,704.2860107421875,290.0143737792969,735.65478515625,676.0313110351562,362.3377380371094,113.53807830810547
2026-06-08,97.50205993652344,72.3148193359375,397.2699890136719,81.37999725341797,161.4332733154297,740.6705932617188,283.4359436035156,715.283935546875,294.4692077636719,737.3204345703125,677.7064208984375,363.4245910644531,114.5055923461914
2026-06-09,97.7007064819336,72.4737319946289,390.7799987792969,80.06999969482422,161.09413146972656,738.7657470703125,284.3437805175781,707.052978515625,291.1830139160156,735.1560668945312,675.7322387695312,362.62689208984375,114.86466979980469
2026-06-10,97.64111328125,72.41413879394531,374.5799865722656,76.79000091552734,158.51080322265625,726.9674072265625,281.3808288574219,692.9285278320312,285.5895080566406,723.56591796875,665.1130981445312,357.0130310058594,113.65776824951172
2026-06-11,98.20722961425781,72.83128356933594,386.32000732421875,79.12999725341797,161.3634490966797,739.06494140625,289.72100830078125,716.332763671875,294.6789855957031,735.8642578125,676.2606201171875,363.25506591796875,117.06900024414062
2026-06-12,98.08805847167969,72.74188995361328,386.5400085449219,79.19000244140625,162.31100463867188,743.14404296875,292.2550048828125,720.5481567382812,296.66668701171875,739.843994140625,679.9698486328125,365.30914306640625,118.07640838623047
2026-06-15,98.17743682861328,72.8014907836914,396.54998779296875,81.26000213623047,165.0500030517578,756.3499755859375,294.6400146484375,743.1832885742188,305.8860168457031,752.890380859375,691.8153686523438,371.46148681640625,119.03394317626953
2026-06-16,98.29662322998047,72.91073608398438,397.6300048828125,81.5,164.0399932861328,752.010009765625,292.0799865722656,729.0587768554688,300.21258544921875,748.4019775390625,687.7471923828125,369.30767822265625,118.02653503417969
2026-06-17,97.93907165527344,72.64257049560547,388.6000061035156,79.63999938964844,162.10000610351562,742.6099853515625,289.8800048828125,721.7168579101562,297.2260437011719,739.0560302734375,679.431396484375,364.7109069824219,117.06900024414062
2026-06-18,98.22710418701172,72.84120178222656,387.1199951171875,79.33000183105469,163.85000610351562,750.1099853515625,295.5899963378906,739.8070068359375,304.1679992675781,746.739990234375,686.1119384765625,368.9287414550781,119.36000061035156
2026-06-22,97.95893859863281,72.64257049560547,384.5899963378906,78.80000305175781,163.32000732421875,747.780029296875,298.17999267578125,737.9500122070312,303.8999938964844,744.3900146484375,684.1077880859375,367.75213623046875,120.45999908447266
2026-06-23,98.03839874267578,72.72203063964844,377.32000732421875,77.33000183105469,161.1999969482422,737.1400146484375,295.32000732421875,713.6500244140625,293.8699951171875,733.5800170898438,674.3761596679688,362.65679931640625,119.33000183105469
2026-06-24,98.51512908935547,73.0497817993164,365.9200134277344,74.98999786376953,161.08999633789062,736.6599731445312,296.69000244140625,710.6199951171875,292.6300048828125,733.239990234375,673.72802734375,362.60693359375,119.87999725341797
2026-06-25,98.57472229003906,73.09944915771484,369.4599914550781,75.70999908447266,161.22000122070312,736.5,298.9100036621094,716.3800048828125,294.8800048828125,734.2999877929688,673.7479858398438,362.9360046386719,120.73999786376953
2026-06-26,98.66410064697266,73.1689682006836,373.6300048828125,76.55999755859375,160.8300018310547,730.1699829101562,299.8299865722656,706.52001953125,290.95001220703125,728.989990234375,670.260009765625,362.2200012207031,120.27999877929688
2026-06-29,98.69390106201172,73.20869445800781,368.5799865722656,75.52999877929688,163.07000732421875,744.1900024414062,298.9700012207031,724.0800170898438,298.04998779296875,741.0,681.010009765625,367.1199951171875,120.86000061035156
